iteracion,epoch,mh,tipo,fitness_best,fitness_instantaneo,dtw_ready,dtw_fire,D1_vs_ramp,D2_vs_const,dtw_delta,theta_c,theta_r,theta_delta,no_improve_len,trigger_streak,window_n,estado_dtw
1,1,ACO,poblacional,49815.0,49217.0,False,False,,,,,,,0,0,1,Llenando ventana
2,1,ACO,poblacional,49815.0,49375.0,False,False,,,,,,,1,0,2,Llenando ventana
3,1,ACO,poblacional,50193.0,50193.0,False,False,,,,,,,0,0,3,Llenando ventana
4,1,ACO,poblacional,50193.0,50188.0,False,False,,,,,,,1,0,4,Llenando ventana
5,1,ACO,poblacional,50386.0,50386.0,False,False,,,,,,,0,0,5,Llenando ventana
6,1,ACO,poblacional,50443.0,50443.0,False,False,,,,,,,0,0,6,Llenando ventana
7,1,ACO,poblacional,50443.0,49740.0,False,False,,,,,,,1,0,7,Llenando ventana
8,1,ACO,poblacional,50576.0,50576.0,False,False,,,,,,,0,0,8,Llenando ventana
9,1,ACO,poblacional,50576.0,50338.0,False,False,,,,,,,1,0,9,Llenando ventana
10,1,ACO,poblacional,51412.0,51412.0,False,False,,,,,,,0,0,10,Llenando ventana
11,1,ACO,poblacional,52320.0,52320.0,False,False,,,,,,,0,0,11,Llenando ventana
12,1,ACO,poblacional,52320.0,50385.0,False,False,,,,,,,1,0,12,Llenando ventana
13,1,ACO,poblacional,52320.0,51509.0,False,False,,,,,,,2,0,13,Llenando ventana
14,1,ACO,poblacional,52320.0,50274.0,False,False,,,,,,,3,0,14,Llenando ventana
15,1,ACO,poblacional,52320.0,51416.0,False,False,,,,,,,4,0,15,Llenando ventana
16,1,ACO,poblacional,52320.0,51429.0,False,False,,,,,,,5,0,16,Llenando ventana
17,1,ACO,poblacional,52930.0,52930.0,False,False,,,,,,,0,0,17,Llenando ventana
18,1,ACO,poblacional,52930.0,51885.0,False,False,,,,,,,1,0,18,Llenando ventana
19,1,ACO,poblacional,52930.0,51902.0,False,False,,,,,,,2,0,19,Llenando ventana
20,1,ACO,poblacional,52930.0,52174.0,False,False,,,,,,,3,0,20,Llenando ventana
21,1,ACO,poblacional,52930.0,52424.0,False,False,,,,,,,4,0,21,Llenando ventana
22,1,ACO,poblacional,53310.0,53310.0,False,False,,,,,,,0,0,22,Llenando ventana
23,1,ACO,poblacional,53310.0,53047.0,False,False,,,,,,,1,0,23,Llenando ventana
24,1,ACO,poblacional,53310.0,52714.0,False,False,,,,,,,2,0,24,Llenando ventana
25,1,ACO,poblacional,53310.0,52976.0,False,False,,,,,,,3,0,25,Llenando ventana
26,1,ACO,poblacional,53552.0,53552.0,False,False,,,,,,,0,0,26,Llenando ventana
27,1,ACO,poblacional,53552.0,52952.0,False,False,,,,,,,1,0,27,Llenando ventana
28,1,ACO,poblacional,53567.0,53567.0,False,False,,,,,,,0,0,28,Llenando ventana
29,1,ACO,poblacional,53567.0,53416.0,False,False,,,,,,,1,0,29,Llenando ventana
30,1,ACO,poblacional,53704.0,53704.0,False,False,,,,,,,0,0,30,Llenando ventana
31,1,ACO,poblacional,53704.0,53102.0,False,False,,,,,,,1,0,31,Llenando ventana
32,1,ACO,poblacional,53704.0,53151.0,False,False,,,,,,,2,0,32,Llenando ventana
33,1,ACO,poblacional,53704.0,53282.0,False,False,,,,,,,3,0,33,Llenando ventana
34,1,ACO,poblacional,54355.0,54355.0,False,False,,,,,,,0,0,34,Llenando ventana
35,1,ACO,poblacional,54355.0,53006.0,False,False,,,,,,,1,0,35,Llenando ventana
36,1,ACO,poblacional,54355.0,54274.0,False,False,,,,,,,2,0,36,Llenando ventana
37,1,ACO,poblacional,54355.0,53556.0,False,False,,,,,,,3,0,37,Llenando ventana
38,1,ACO,poblacional,54355.0,53294.0,False,False,,,,,,,4,0,38,Llenando ventana
39,1,ACO,poblacional,54355.0,53154.0,False,False,,,,,,,5,0,39,Llenando ventana
40,1,ACO,poblacional,54355.0,52862.0,False,False,,,,,,,6,0,40,Llenando ventana
41,1,ACO,poblacional,54355.0,53583.0,False,False,,,,,,,7,0,41,Llenando ventana
42,1,ACO,poblacional,54355.0,53744.0,False,False,,,,,,,8,0,42,Llenando ventana
43,1,ACO,poblacional,54355.0,54121.0,False,False,,,,,,,9,0,43,Llenando ventana
44,1,ACO,poblacional,54355.0,53062.0,False,False,,,,,,,10,0,44,Llenando ventana
45,1,ACO,poblacional,54355.0,53044.0,False,False,,,,,,,11,0,45,Llenando ventana
46,1,ACO,poblacional,54355.0,52950.0,False,False,,,,,,,12,0,46,Llenando ventana
47,1,ACO,poblacional,54355.0,53383.0,False,False,,,,,,,13,0,47,Llenando ventana
48,1,ACO,poblacional,54355.0,53881.0,False,False,,,,,,,14,0,48,Llenando ventana
49,1,ACO,poblacional,54355.0,53848.0,False,False,,,,,,,15,0,49,Llenando ventana
50,1,ACO,poblacional,54355.0,54202.0,False,False,,,,,,,16,0,50,Llenando ventana
51,1,ACO,poblacional,54355.0,53314.0,False,False,,,,,,,17,0,51,Llenando ventana
52,1,ACO,poblacional,54355.0,53608.0,False,False,,,,,,,18,0,52,Llenando ventana
53,1,ACO,poblacional,54355.0,53993.0,False,False,,,,,,,19,0,53,Llenando ventana
54,1,ACO,poblacional,54355.0,52843.0,False,False,,,,,,,20,0,54,Llenando ventana
55,1,ACO,poblacional,54355.0,54029.0,False,False,,,,,,,21,0,55,Llenando ventana
56,1,ACO,poblacional,54355.0,53880.0,False,False,,,,,,,22,0,56,Llenando ventana
57,1,ACO,poblacional,54355.0,53155.0,False,False,,,,,,,23,0,57,Llenando ventana
58,1,ACO,poblacional,54355.0,52937.0,False,False,,,,,,,24,0,58,Llenando ventana
59,1,ACO,poblacional,54355.0,54151.0,False,False,,,,,,,25,0,59,Llenando ventana
60,1,ACO,poblacional,54355.0,53122.0,False,False,,,,,,,26,0,60,Llenando ventana
61,1,ACO,poblacional,54355.0,53101.0,False,False,,,,,,,27,0,61,Llenando ventana
62,1,ACO,poblacional,54355.0,53665.0,False,False,,,,,,,28,0,62,Llenando ventana
63,1,ACO,poblacional,54355.0,53787.0,False,False,,,,,,,29,0,63,Llenando ventana
64,1,ACO,poblacional,54451.0,54451.0,False,False,,,,,,,0,0,64,Llenando ventana
65,1,ACO,poblacional,54451.0,53948.0,False,False,,,,,,,1,0,65,Llenando ventana
66,1,ACO,poblacional,54451.0,54163.0,False,False,,,,,,,2,0,66,Llenando ventana
67,1,ACO,poblacional,54451.0,53880.0,False,False,,,,,,,3,0,67,Llenando ventana
68,1,ACO,poblacional,54451.0,54017.0,False,False,,,,,,,4,0,68,Llenando ventana
69,1,ACO,poblacional,54451.0,53498.0,False,False,,,,,,,5,0,69,Llenando ventana
70,1,ACO,poblacional,54451.0,54091.0,False,False,,,,,,,6,0,70,Llenando ventana
71,1,ACO,poblacional,54529.0,54529.0,False,False,,,,,,,0,0,71,Llenando ventana
72,1,ACO,poblacional,54529.0,53303.0,False,False,,,,,,,1,0,72,Llenando ventana
73,1,ACO,poblacional,54529.0,53521.0,False,False,,,,,,,2,0,73,Llenando ventana
74,1,ACO,poblacional,54529.0,53776.0,False,False,,,,,,,3,0,74,Llenando ventana
75,1,ACO,poblacional,54529.0,54202.0,True,False,272720.9,273043.0,-322.0999999999767,7.5,37.5,22.5,4,0,75,Explotacion activa
76,1,ACO,poblacional,54529.0,54223.0,True,False,277433.29999999993,277757.0,-323.70000000006985,7.5,37.5,22.5,5,0,76,Explotacion activa
77,1,ACO,poblacional,54529.0,53893.0,True,False,253798.90000000002,254121.0,-322.0999999999767,7.5,37.5,22.5,6,0,77,Explotacion activa
78,1,ACO,poblacional,54529.0,54294.0,True,False,258133.30000000005,258457.0,-323.69999999995343,7.5,37.5,22.5,7,0,78,Explotacion activa
79,1,ACO,poblacional,54529.0,54468.0,True,False,247994.30000000005,248318.0,-323.69999999995343,7.5,37.5,22.5,8,0,79,Explotacion activa
80,1,ACO,poblacional,54529.0,53061.0,True,False,247863.90000000008,248186.0,-322.0999999999185,7.5,37.5,22.5,9,0,80,Explotacion activa
81,1,ACO,poblacional,55275.0,55275.0,True,False,252694.30000000005,253018.0,-323.69999999995343,7.5,37.5,22.5,0,0,81,Explotacion activa
82,1,ACO,poblacional,55275.0,54188.0,True,False,247552.90000000008,247875.0,-322.0999999999185,7.5,37.5,22.5,1,0,82,Explotacion activa
83,1,ACO,poblacional,55275.0,53755.0,True,False,252250.30000000005,252574.0,-323.69999999995343,7.5,37.5,22.5,2,0,83,Explotacion activa
84,1,ACO,poblacional,55275.0,53642.0,True,False,194249.30000000005,194573.0,-323.69999999995343,248278.4,255099.22000000003,-322.0999999999767,3,0,84,Explotacion activa
85,1,ACO,poblacional,55275.0,53788.0,True,False,130022.30000000005,130336.0,-313.69999999995343,248186.0,253798.90000000002,-322.0999999999767,4,0,85,Explotacion activa
86,1,ACO,poblacional,55275.0,53440.0,True,False,132974.90000000002,133291.0,-316.0999999999767,247968.3,253467.52000000002,-322.09999999993596,5,0,86,Explotacion activa
87,1,ACO,poblacional,55275.0,54603.0,True,False,135927.70000000004,136246.0,-318.29999999995925,226554.19999999998,253136.14000000004,-322.0999999999185,6,0,87,Explotacion activa
88,1,ACO,poblacional,55275.0,53656.0,True,False,138880.70000000004,139201.0,-320.29999999995925,189035.8,252804.76000000004,-321.9199999999226,7,0,88,Explotacion activa
89,1,ACO,poblacional,55275.0,53170.0,True,False,141833.90000000005,142156.0,-322.0999999999476,152639.40000000002,252605.50000000006,-322.0999999999185,8,0,89,Explotacion activa
90,1,ACO,poblacional,55275.0,54672.0,True,False,144787.30000000005,145111.0,-323.69999999995343,143633.5,252472.30000000005,-322.0999999999185,9,0,90,Explotacion activa
91,1,ACO,poblacional,55275.0,54092.0,True,False,101999.90000000005,102316.0,-316.0999999999476,141565.0,252339.10000000003,-321.7399999999267,10,0,91,Explotacion activa
92,1,ACO,poblacional,55275.0,53215.0,True,False,104342.70000000004,104661.0,-318.29999999995925,139496.5,251824.70000000004,-320.47999999995517,11,0,92,Explotacion activa
93,1,ACO,poblacional,55275.0,53796.0,True,False,106685.70000000004,107006.0,-320.29999999995925,137428.0,250547.90000000005,-320.29999999995925,12,0,93,Explotacion activa
94,1,ACO,poblacional,55275.0,54016.0,True,False,109028.90000000005,109351.0,-322.0999999999476,135359.5,249271.10000000003,-320.29999999995925,13,0,94,Explotacion activa
95,1,ACO,poblacional,55275.0,53270.0,True,False,111372.30000000005,111696.0,-323.69999999995343,133291.0,247994.30000000005,-320.29999999995925,14,0,95,Explotacion activa
96,1,ACO,poblacional,55275.0,54753.0,True,False,85222.70000000004,85541.0,-318.29999999995925,131222.5,247955.18000000005,-320.29999999995925,15,1,96,Explotacion activa
97,1,ACO,poblacional,55275.0,54990.0,True,False,87185.70000000004,87506.0,-320.29999999995925,122880.0,247916.06000000006,-320.29999999995925,16,2,97,Explotacion activa
98,1,ACO,poblacional,55275.0,54196.0,True,False,89148.90000000005,89471.0,-322.0999999999476,111461.5,247876.9400000001,-320.29999999995925,17,0,98,Explotacion activa
99,1,ACO,poblacional,55275.0,53833.0,True,False,91112.30000000005,91436.0,-323.69999999995343,109820.0,247801.70000000007,-320.29999999995925,18,0,99,Explotacion activa
100,1,ACO,poblacional,55275.0,54954.0,True,False,74928.90000000002,75251.0,-322.0999999999767,108178.5,247708.40000000008,-320.29999999995925,19,0,100,Explotacion activa
101,1,ACO,poblacional,55275.0,54416.0,True,False,76650.30000000002,76974.0,-323.69999999998254,106537.0,247615.1000000001,-320.29999999995925,20,0,101,Explotacion activa
102,1,ACO,poblacional,55275.0,53220.0,True,False,77249.90000000002,77572.0,-322.0999999999767,104895.5,242222.54,-320.47999999995517,21,0,102,Explotacion activa
103,1,ACO,poblacional,55275.0,53997.0,True,False,78956.30000000002,79280.0,-323.69999999998254,103254.0,226231.45999999996,-321.01999999994297,22,0,103,Explotacion activa
104,1,ACO,poblacional,55275.0,54147.0,True,False,70394.70000000001,70713.0,-318.29999999998836,99051.99999999999,210240.37999999992,-320.29999999995925,23,1,104,Explotacion activa
105,1,ACO,poblacional,55275.0,54843.0,True,False,71963.70000000001,72284.0,-320.29999999998836,91436.0,194249.30000000005,-320.29999999995925,24,0,105,Explotacion activa
106,1,ACO,poblacional,55275.0,53996.0,True,False,73532.90000000002,73855.0,-322.0999999999767,90060.5,179410.7,-320.299999999968,25,0,106,Explotacion activa
107,1,ACO,poblacional,55275.0,54163.0,True,False,75102.30000000002,75426.0,-323.69999999998254,88685.0,164572.09999999998,-320.2999999999767,26,0,107,Explotacion activa
108,1,ACO,poblacional,55275.0,53864.0,True,False,27975.899999999987,28172.0,-196.1000000000131,87309.5,149733.49999999994,-320.29999999995925,27,1,108,Explotacion activa
109,1,ACO,poblacional,55275.0,54212.0,True,False,28888.69999999999,29092.0,-203.3000000000102,85934.0,144196.62000000005,-320.29999999995925,28,2,109,Explotacion activa
110,1,ACO,poblacional,55275.0,53460.0,True,False,29801.69999999999,30012.0,-210.3000000000102,82410.5,143310.60000000003,-320.29999999995925,29,3,110,Explotacion activa
111,1,ACO,poblacional,55275.0,53724.0,True,False,30714.899999999987,30932.0,-217.1000000000131,78938.4,142424.58000000005,-319.8999999999651,30,4,111,Explotacion activa
112,1,ACO,poblacional,55275.0,54872.0,True,False,31628.29999999998,31852.0,-223.70000000001892,77742.8,141538.58000000005,-318.49999999998545,31,5,112,Explotacion activa
113,1,ACO,poblacional,55275.0,53262.0,True,False,32541.899999999987,32772.0,-230.1000000000131,77213.2,140652.62000000005,-318.2999999999709,32,6,113,Explotacion activa
114,1,ACO,poblacional,55275.0,54756.0,True,False,33455.69999999999,33692.0,-236.3000000000102,76509.6,139766.66000000003,-318.29999999995925,33,7,114,Explotacion activa
115,1,ACO,poblacional,55385.0,55385.0,True,False,34479.69999999999,34722.0,-242.3000000000102,75426.0,138880.70000000004,-318.29999999995925,0,0,115,Explotacion activa
116,1,ACO,poblacional,55385.0,54271.0,True,False,35503.89999999999,35752.0,-248.1000000000131,75303.5,137994.80000000005,-318.29999999995925,1,0,116,Explotacion activa
117,1,ACO,poblacional,55385.0,54435.0,True,False,36528.29999999998,36782.0,-253.70000000001892,74692.6,137108.90000000002,-317.41999999996625,2,0,117,Explotacion activa
118,1,ACO,poblacional,55385.0,53937.0,True,False,37552.89999999999,37812.0,-259.1000000000131,73697.9,136223.00000000003,-316.0999999999738,3,0,118,Explotacion activa
119,1,ACO,poblacional,55385.0,53370.0,True,False,38577.69999999999,38842.0,-264.3000000000102,72598.2,135337.14000000004,-316.0999999999534,4,0,119,Explotacion activa
120,1,ACO,poblacional,55385.0,53817.0,True,False,39602.69999999999,39872.0,-269.3000000000102,71498.5,134451.30000000002,-314.8999999999505,5,0,120,Explotacion activa
121,1,ACO,poblacional,55803.0,55803.0,True,False,41045.89999999999,41320.0,-274.1000000000131,64834.399999999965,133565.46000000002,-305.7799999999655,0,0,121,Explotacion activa
122,1,ACO,poblacional,55803.0,54249.0,True,False,42489.29999999998,42768.0,-278.7000000000189,45562.49999999999,132679.64,-282.20000000001244,1,0,122,Explotacion activa
123,1,ACO,poblacional,55803.0,54363.0,True,False,43932.89999999999,44216.0,-283.1000000000131,43347.2,131793.86000000002,-280.46000000001663,2,0,123,Explotacion activa
124,1,ACO,poblacional,55803.0,54863.0,True,False,45376.69999999999,45664.0,-287.3000000000102,43781.6,130908.08000000003,-281.78000000001487,3,0,124,Explotacion activa
125,1,ACO,poblacional,55803.0,54242.0,True,False,46820.69999999999,47112.0,-291.3000000000102,44216.0,130022.30000000005,-283.1000000000131,4,0,125,Explotacion activa
126,1,ACO,poblacional,55803.0,54861.0,True,False,48264.89999999999,48560.0,-295.1000000000131,44650.4,124427.29999999997,-284.36000000001223,5,0,126,Explotacion activa
127,1,ACO,poblacional,55803.0,54120.0,True,False,49709.29999999998,50008.0,-298.7000000000189,45084.8,118832.30000000002,-285.6200000000114,6,0,127,Explotacion activa
128,1,ACO,poblacional,55803.0,54059.0,True,False,51153.89999999999,51456.0,-302.1000000000131,45519.2,113237.29999999994,-286.8800000000105,7,0,128,Explotacion activa
129,1,ACO,poblacional,55803.0,55348.0,True,False,52598.69999999999,52904.0,-305.3000000000102,45953.6,110903.62000000004,-288.1000000000102,8,0,129,Explotacion activa
130,1,ACO,poblacional,55803.0,54269.0,True,False,54043.69999999999,54352.0,-308.3000000000102,46388.0,110200.60000000005,-289.3000000000102,9,0,130,Explotacion activa
131,1,ACO,poblacional,55803.0,55049.0,True,False,55488.89999999999,55800.0,-311.1000000000131,46822.4,109497.58000000005,-290.50000000001023,10,0,131,Explotacion activa
132,1,ACO,poblacional,55803.0,54224.0,True,False,56934.29999999998,57248.0,-313.7000000000189,47256.799999999996,108794.58000000005,-291.68000000001047,11,0,132,Explotacion activa
133,1,ACO,poblacional,55803.0,54204.0,True,False,58379.89999999999,58696.0,-316.1000000000131,47691.2,108091.62000000004,-292.82000000001136,12,0,133,Explotacion activa
134,1,ACO,poblacional,55803.0,54564.0,True,False,59825.69999999999,60144.0,-318.3000000000102,48125.6,107388.66000000003,-293.96000000001226,13,0,134,Explotacion activa
135,1,ACO,poblacional,55803.0,54257.0,True,False,61271.69999999999,61592.0,-320.3000000000102,48560.0,106685.70000000004,-295.1000000000131,14,0,135,Explotacion activa
136,1,ACO,poblacional,55803.0,55004.0,True,False,62717.89999999999,63040.0,-322.1000000000131,48994.4,105982.80000000003,-296.18000000001484,15,0,136,Explotacion activa
137,1,ACO,poblacional,55803.0,54984.0,True,False,64164.29999999998,64488.0,-323.7000000000189,49428.799999999996,105279.90000000004,-297.2600000000166,16,0,137,Explotacion activa
138,1,ACO,poblacional,55803.0,55380.0,True,False,58424.89999999999,58736.0,-311.1000000000131,49863.2,104577.00000000003,-298.34000000001834,17,0,138,Explotacion activa
139,1,ACO,poblacional,55803.0,54080.0,True,False,59774.29999999998,60088.0,-313.7000000000189,50297.6,103874.14000000004,-299.3800000000178,18,0,139,Explotacion activa
140,1,ACO,poblacional,55803.0,53970.0,True,False,61123.89999999999,61440.0,-316.1000000000131,50732.0,103171.30000000005,-300.400000000016,19,0,140,Explotacion activa
141,1,ACO,poblacional,55803.0,54650.0,True,False,62473.69999999999,62792.0,-318.3000000000102,51166.4,102468.46000000004,-301.4200000000143,20,0,141,Explotacion activa
142,1,ACO,poblacional,55803.0,54185.0,True,False,63823.69999999999,64144.0,-320.3000000000102,51600.799999999996,100911.14000000004,-302.4200000000128,21,0,142,Explotacion activa
143,1,ACO,poblacional,55803.0,55293.0,True,False,65173.89999999999,65496.0,-322.1000000000131,52035.2,97644.85999999999,-303.38000000001193,22,0,143,Explotacion activa
144,1,ACO,poblacional,55803.0,54526.0,True,False,66524.29999999999,66848.0,-323.70000000001164,52469.6,94378.58000000002,-304.34000000001106,23,0,144,Explotacion activa
145,1,ACO,poblacional,55803.0,54049.0,True,False,62047.89999999999,62350.0,-302.1000000000131,52904.0,91112.30000000005,-302.1000000000131,24,0,145,Explotacion activa
146,1,ACO,poblacional,55803.0,54196.0,True,False,63318.69999999999,63624.0,-305.3000000000102,53338.4,90523.28000000004,-303.0600000000122,25,0,146,Explotacion activa
147,1,ACO,poblacional,55803.0,54664.0,True,False,64589.69999999999,64898.0,-308.3000000000102,53772.799999999996,89934.26000000005,-304.02000000001135,26,0,147,Explotacion activa
148,1,ACO,poblacional,55803.0,54321.0,True,False,65860.9,66172.0,-311.1000000000058,54207.2,89345.24000000003,-304.9800000000105,27,0,148,Explotacion activa
149,1,ACO,poblacional,55803.0,54186.0,True,False,67132.29999999999,67446.0,-313.70000000001164,54641.6,88756.26000000004,-305.3000000000102,28,0,149,Explotacion activa
150,1,ACO,poblacional,55803.0,53883.0,True,False,68403.9,68720.0,-316.1000000000058,55076.0,88167.30000000005,-305.3000000000102,29,0,150,Explotacion activa
151,1,ACO,poblacional,55803.0,54952.0,True,False,69675.70000000001,69994.0,-318.29999999998836,55510.4,87578.34000000004,-305.3000000000102,30,0,151,Explotacion activa
152,1,ACO,poblacional,55803.0,54657.0,True,False,70947.70000000001,71268.0,-320.29999999998836,55944.799999999996,86989.40000000004,-305.6000000000102,31,0,152,Explotacion activa
153,1,ACO,poblacional,55803.0,55086.0,True,False,72219.90000000002,72542.0,-322.0999999999767,56379.2,86400.50000000003,-306.50000000001023,32,0,153,Explotacion activa
154,1,ACO,poblacional,55803.0,55127.0,True,False,73492.30000000002,73816.0,-323.69999999998254,56813.6,85811.60000000003,-307.4000000000102,33,0,154,Explotacion activa
155,1,ACO,poblacional,55803.0,54210.0,True,False,18973.499999999985,19140.0,-166.50000000001455,55800.0,85222.70000000004,-305.3000000000102,34,1,155,Explotacion activa
156,1,ACO,poblacional,55803.0,54435.0,True,False,19494.099999999984,19668.0,-173.900000000016,54786.4,83342.78000000001,-305.3000000000102,35,2,156,Explotacion activa
157,1,ACO,poblacional,55803.0,54204.0,True,False,20014.699999999983,20196.0,-181.30000000001746,53772.799999999996,81462.86000000002,-304.02000000001135,36,3,157,Explotacion activa
158,1,ACO,poblacional,55803.0,53953.0,True,False,20535.29999999998,20724.0,-188.70000000001892,52759.2,79582.93999999999,-302.1000000000131,37,4,158,Explotacion activa
159,1,ACO,poblacional,55803.0,54177.0,True,False,21055.899999999987,21252.0,-196.1000000000131,51745.6,78615.02000000002,-302.1000000000131,38,5,159,Explotacion activa
160,1,ACO,poblacional,55803.0,55318.0,True,False,21576.69999999999,21780.0,-203.3000000000102,50732.0,78103.1,-300.400000000016,39,6,160,Explotacion activa
161,1,ACO,poblacional,55803.0,54200.0,True,False,22097.69999999999,22308.0,-210.3000000000102,49718.4,77591.18000000002,-297.98000000001775,40,7,161,Explotacion activa
162,1,ACO,poblacional,55803.0,55798.0,True,False,22618.899999999987,22836.0,-217.1000000000131,48704.799999999996,77189.94000000002,-295.4600000000137,41,8,162,Explotacion activa
163,1,ACO,poblacional,55803.0,54622.0,True,False,23140.29999999998,23364.0,-223.70000000001892,47691.2,77010.06000000001,-292.82000000001136,42,9,163,Explotacion activa
164,1,ACO,poblacional,55803.0,54901.0,True,False,23661.899999999987,23892.0,-230.1000000000131,46677.6,76830.18000000002,-290.1000000000102,43,10,164,Explotacion activa
165,1,ACO,poblacional,55803.0,54236.0,True,False,24183.69999999999,24420.0,-236.3000000000102,45664.0,76650.3,-287.3000000000102,44,11,165,Explotacion activa
166,1,ACO,poblacional,55803.0,54286.0,True,False,24705.69999999999,24948.0,-242.3000000000102,44650.4,76185.90000000001,-284.36000000001223,45,12,166,Explotacion activa
167,1,ACO,poblacional,55803.0,54346.0,True,False,25227.899999999987,25476.0,-248.1000000000131,43636.799999999996,75721.5,-281.34000000001544,46,13,167,Explotacion activa
168,1,ACO,poblacional,55803.0,54529.0,True,False,25750.29999999998,26004.0,-253.70000000001892,42623.2,75257.1,-278.24000000001837,47,14,168,Explotacion activa
169,1,ACO,poblacional,55803.0,54436.0,True,False,26272.899999999987,26532.0,-259.1000000000131,41609.6,75067.62000000002,-275.02000000001425,48,15,169,Explotacion activa
170,1,ACO,poblacional,55803.0,54137.0,True,False,26795.69999999999,27060.0,-264.3000000000102,40596.0,75015.60000000002,-271.70000000001164,49,16,170,Explotacion activa
171,1,ACO,poblacional,55803.0,54569.0,True,False,27318.69999999999,27588.0,-269.3000000000102,39666.0,74963.58000000002,-269.3000000000102,50,17,171,Explotacion activa
172,1,ACO,poblacional,55803.0,54073.0,True,False,27841.899999999987,28116.0,-274.1000000000131,38945.0,74789.30000000002,-269.78000000001055,51,0,172,Explotacion activa
173,1,ACO,poblacional,55803.0,53810.0,True,False,28365.29999999998,28644.0,-278.7000000000189,38224.0,74370.50000000001,-271.2200000000114,52,0,173,Explotacion activa
174,1,ACO,poblacional,55803.0,54110.0,True,False,28888.899999999987,29172.0,-283.1000000000131,37503.0,73951.70000000003,-272.66000000001225,53,0,174,Explotacion activa
175,1,ACO,poblacional,55803.0,54834.0,True,False,29412.69999999999,29700.0,-287.3000000000102,36782.0,73532.90000000002,-274.1000000000131,54,0,175,Explotacion activa
176,1,ACO,poblacional,55803.0,54512.0,True,False,29936.69999999999,30228.0,-291.3000000000102,36061.0,73520.72000000002,-274.1000000000131,55,0,176,Explotacion activa
177,1,ACO,poblacional,55803.0,54678.0,True,False,30460.899999999987,30756.0,-295.1000000000131,35340.0,73508.54000000002,-274.1000000000131,56,0,177,Explotacion activa
178,1,ACO,poblacional,55803.0,54449.0,True,False,30985.29999999998,31284.0,-298.7000000000189,34619.0,73496.36000000002,-274.1000000000131,57,0,178,Explotacion activa
179,1,ACO,poblacional,55803.0,53805.0,True,False,31509.899999999987,31812.0,-302.1000000000131,33898.0,73237.82000000002,-275.02000000001425,58,0,179,Explotacion activa
180,1,ACO,poblacional,55803.0,54768.0,True,False,32034.69999999999,32340.0,-305.3000000000102,33232.0,72856.10000000002,-276.400000000016,59,0,180,Explotacion activa
181,1,ACO,poblacional,55803.0,55481.0,True,False,32559.69999999999,32868.0,-308.3000000000102,32848.8,72474.38,-277.7800000000178,60,0,181,Explotacion activa
182,1,ACO,poblacional,55803.0,54889.0,True,False,33084.89999999999,33396.0,-311.1000000000131,32920.8,72194.28000000001,-278.7000000000189,61,0,182,Explotacion activa
183,1,ACO,poblacional,55803.0,54210.0,True,False,33610.29999999998,33924.0,-313.7000000000189,33079.2,72117.42000000001,-278.7000000000189,62,0,183,Explotacion activa
184,1,ACO,poblacional,55803.0,53988.0,True,False,34135.89999999999,34452.0,-316.1000000000131,33237.6,72040.56000000001,-278.7000000000189,63,0,184,Explotacion activa
185,1,ACO,poblacional,55803.0,54176.0,True,False,34661.69999999999,34980.0,-318.3000000000102,33396.0,71963.70000000001,-278.7000000000189,64,0,185,Explotacion activa
186,1,ACO,poblacional,55803.0,54656.0,True,False,35187.69999999999,35508.0,-320.3000000000102,33484.799999999996,71658.9,-280.0200000000172,65,0,186,Explotacion activa
187,1,ACO,poblacional,55803.0,55045.0,True,False,35713.89999999999,36036.0,-322.1000000000131,33573.6,71354.1,-281.34000000001544,66,0,187,Explotacion activa
188,1,ACO,poblacional,55803.0,53811.0,True,False,36240.29999999998,36564.0,-323.7000000000189,33662.4,71049.3,-282.6600000000137,67,0,188,Explotacion activa
189,1,ACO,poblacional,55803.0,54401.0,True,False,28528.29999999998,28842.0,-313.7000000000189,33455.2,70837.1,-283.1000000000131,68,0,189,Explotacion activa
190,1,ACO,poblacional,55803.0,54176.0,True,False,28943.899999999987,29260.0,-316.1000000000131,33132.0,70671.20000000001,-283.1000000000131,69,0,190,Explotacion activa
191,1,ACO,poblacional,55803.0,55031.0,True,False,29359.69999999999,29678.0,-318.3000000000102,32848.8,70505.3,-283.1000000000131,70,0,191,Explotacion activa
192,1,ACO,poblacional,55803.0,54674.0,True,False,29775.69999999999,30096.0,-320.3000000000102,32781.6,70322.8,-283.52000000001283,71,0,192,Explotacion activa
193,1,ACO,poblacional,55803.0,53933.0,True,False,30191.899999999987,30514.0,-322.1000000000131,32512.8,70107.1,-284.78000000001197,72,0,193,Explotacion activa
194,1,ACO,poblacional,55803.0,54393.0,True,False,30608.29999999998,30932.0,-323.7000000000189,32193.6,69891.40000000001,-286.04000000001105,73,0,194,Explotacion activa
195,1,ACO,poblacional,55803.0,54571.0,True,False,277.5,0.0,277.5,31852.0,69675.70000000001,-283.1000000000131,74,1,195,Explotacion activa
196,1,ACO,poblacional,55803.0,53950.0,True,False,277.5,0.0,277.5,31824.0,69294.15999999999,-283.1000000000131,75,2,196,Explotacion activa
197,1,ACO,poblacional,55803.0,54504.0,True,False,277.5,0.0,277.5,31600.8,68912.62,-281.34000000001544,76,3,197,Explotacion activa
198,1,ACO,poblacional,55803.0,54391.0,True,False,277.5,0.0,277.5,31248.8,68531.07999999999,-278.7000000000189,77,4,198,Explotacion activa
199,1,ACO,poblacional,55803.0,53957.0,True,False,277.5,0.0,277.5,31002.399999999998,68149.57999999999,-278.7000000000189,78,5,199,Explotacion activa
200,1,ACO,poblacional,55803.0,54350.0,True,False,277.5,0.0,277.5,30932.0,67768.09999999999,-276.400000000016,79,6,200,Explotacion activa
201,1,ACO,poblacional,55803.0,54535.0,True,False,277.5,0.0,277.5,30896.8,67386.61999999998,-274.1000000000131,80,7,201,Explotacion activa
202,1,ACO,poblacional,55803.0,54378.0,True,False,277.5,0.0,277.5,30773.6,67071.49999999999,-274.1000000000131,81,8,202,Explotacion activa
203,1,ACO,poblacional,55803.0,54257.0,True,False,277.5,0.0,277.5,30610.8,66889.09999999999,-271.2200000000114,82,9,203,Explotacion activa
204,1,ACO,poblacional,55803.0,54334.0,True,False,277.5,0.0,277.5,30428.199999999997,66706.69999999998,-269.3000000000102,83,10,204,Explotacion activa
205,1,ACO,poblacional,55803.0,55238.0,True,False,277.5,0.0,277.5,30228.0,66524.29999999999,-269.3000000000102,84,11,205,Explotacion activa
206,1,ACO,poblacional,55803.0,54499.0,True,False,277.5,0.0,277.5,30135.6,66325.27999999998,-265.80000000001024,85,12,206,Explotacion activa
207,1,ACO,poblacional,55803.0,54334.0,True,False,277.5,0.0,277.5,30062.4,66126.25999999998,-264.3000000000102,86,13,207,Explotacion activa
208,1,ACO,poblacional,55803.0,54283.0,True,False,277.5,0.0,277.5,29980.8,65927.23999999999,-263.7800000000105,87,14,208,Explotacion activa
209,1,ACO,poblacional,55803.0,54130.0,True,False,277.5,0.0,277.5,29762.399999999998,65723.49999999999,-260.14000000001255,88,15,209,Explotacion activa
210,1,ACO,poblacional,55803.0,55210.0,True,False,277.5,0.0,277.5,29689.0,65517.399999999994,-259.1000000000131,89,16,210,Explotacion activa
211,1,ACO,poblacional,55803.0,54608.0,True,False,277.5,0.0,277.5,29594.399999999998,65311.29999999998,-258.0200000000143,90,17,211,Explotacion activa
212,1,ACO,poblacional,55803.0,54279.0,True,False,277.5,0.0,277.5,29301.8,65115.47999999998,-254.24000000001837,91,18,212,Explotacion activa
213,1,ACO,poblacional,55803.0,54049.0,True,False,277.5,0.0,277.5,29207.2,64940.21999999999,-253.70000000001892,92,19,213,Explotacion activa
214,1,ACO,poblacional,55803.0,54979.0,True,False,277.5,0.0,277.5,29148.0,64764.959999999985,-252.02000000001718,93,20,214,Explotacion activa
215,1,ACO,poblacional,55803.0,53607.0,True,False,277.5,0.0,277.5,29092.0,64589.69999999999,-248.1000000000131,94,21,215,Explotacion activa
216,1,ACO,poblacional,55803.0,54704.0,True,False,277.5,0.0,277.5,28917.0,64462.07999999998,-248.1000000000131,95,22,216,Explotacion activa
217,1,ACO,poblacional,55803.0,54609.0,True,False,277.5,0.0,277.5,28762.8,64334.45999999998,-245.780000000012,96,23,217,Explotacion activa
218,1,ACO,poblacional,55803.0,54562.0,True,False,277.5,0.0,277.5,28596.8,64206.83999999998,-242.3000000000102,97,24,218,Explotacion activa
219,1,ACO,poblacional,55803.0,54102.0,True,True,277.5,0.0,277.5,28266.399999999998,64096.17999999998,-242.3000000000102,98,25,219,ESTANCAMIENTO (Fire)
220,2,VNS,trayectoria,58043.0,58043.0,False,False,,,,,,,0,0,1,Llenando ventana
221,2,VNS,trayectoria,58043.0,58043.0,False,False,,,,,,,1,0,2,Llenando ventana
222,2,VNS,trayectoria,58043.0,58043.0,False,False,,,,,,,2,0,3,Llenando ventana
223,2,VNS,trayectoria,58043.0,58043.0,False,False,,,,,,,3,0,4,Llenando ventana
224,2,VNS,trayectoria,58043.0,58043.0,False,False,,,,,,,4,0,5,Llenando ventana
225,2,VNS,trayectoria,58043.0,58043.0,False,False,,,,,,,5,0,6,Llenando ventana
226,2,VNS,trayectoria,58043.0,58043.0,False,False,,,,,,,6,0,7,Llenando ventana
227,2,VNS,trayectoria,58043.0,58043.0,False,False,,,,,,,7,0,8,Llenando ventana
228,2,VNS,trayectoria,58043.0,58043.0,False,False,,,,,,,8,0,9,Llenando ventana
229,2,VNS,trayectoria,58043.0,58043.0,False,False,,,,,,,9,0,10,Llenando ventana
230,2,VNS,trayectoria,58043.0,58043.0,False,False,,,,,,,10,0,11,Llenando ventana
231,2,VNS,trayectoria,58043.0,58043.0,False,False,,,,,,,11,0,12,Llenando ventana
232,2,VNS,trayectoria,58043.0,58043.0,False,False,,,,,,,12,0,13,Llenando ventana
233,2,VNS,trayectoria,58043.0,58043.0,False,False,,,,,,,13,0,14,Llenando ventana
234,2,VNS,trayectoria,58043.0,58043.0,False,False,,,,,,,14,0,15,Llenando ventana
235,2,VNS,trayectoria,58043.0,58043.0,False,False,,,,,,,15,0,16,Llenando ventana
236,2,VNS,trayectoria,58043.0,58043.0,False,False,,,,,,,16,0,17,Llenando ventana
237,2,VNS,trayectoria,58127.0,58127.0,False,False,,,,,,,0,0,18,Llenando ventana
238,2,VNS,trayectoria,58127.0,58127.0,False,False,,,,,,,1,0,19,Llenando ventana
239,2,VNS,trayectoria,58127.0,58127.0,False,False,,,,,,,2,0,20,Llenando ventana
240,2,VNS,trayectoria,58127.0,58127.0,False,False,,,,,,,3,0,21,Llenando ventana
241,2,VNS,trayectoria,58127.0,58127.0,False,False,,,,,,,4,0,22,Llenando ventana
242,2,VNS,trayectoria,58127.0,58127.0,False,False,,,,,,,5,0,23,Llenando ventana
243,2,VNS,trayectoria,58127.0,58127.0,False,False,,,,,,,6,0,24,Llenando ventana
244,2,VNS,trayectoria,58127.0,58127.0,False,False,,,,,,,7,0,25,Llenando ventana
245,2,VNS,trayectoria,58127.0,58127.0,False,False,,,,,,,8,0,26,Llenando ventana
246,2,VNS,trayectoria,58127.0,58127.0,False,False,,,,,,,9,0,27,Llenando ventana
247,2,VNS,trayectoria,58127.0,58127.0,False,False,,,,,,,10,0,28,Llenando ventana
248,2,VNS,trayectoria,58127.0,58127.0,False,False,,,,,,,11,0,29,Llenando ventana
249,2,VNS,trayectoria,58127.0,58127.0,False,False,,,,,,,12,0,30,Llenando ventana
250,2,VNS,trayectoria,58127.0,58127.0,False,False,,,,,,,13,0,31,Llenando ventana
251,2,VNS,trayectoria,58127.0,58127.0,False,False,,,,,,,14,0,32,Llenando ventana
252,2,VNS,trayectoria,58127.0,58127.0,False,False,,,,,,,15,0,33,Llenando ventana
253,2,VNS,trayectoria,58127.0,58127.0,False,False,,,,,,,16,0,34,Llenando ventana
254,2,VNS,trayectoria,58127.0,58127.0,False,False,,,,,,,17,0,35,Llenando ventana
255,2,VNS,trayectoria,58127.0,58127.0,False,False,,,,,,,18,0,36,Llenando ventana
256,2,VNS,trayectoria,58127.0,58127.0,False,False,,,,,,,19,0,37,Llenando ventana
257,2,VNS,trayectoria,58127.0,58127.0,False,False,,,,,,,20,0,38,Llenando ventana
258,2,VNS,trayectoria,58127.0,58127.0,False,False,,,,,,,21,0,39,Llenando ventana
259,2,VNS,trayectoria,58127.0,58127.0,False,False,,,,,,,22,0,40,Llenando ventana
260,2,VNS,trayectoria,58127.0,58127.0,False,False,,,,,,,23,0,41,Llenando ventana
261,2,VNS,trayectoria,58127.0,58127.0,False,False,,,,,,,24,0,42,Llenando ventana
262,2,VNS,trayectoria,58127.0,58127.0,False,False,,,,,,,25,0,43,Llenando ventana
263,2,VNS,trayectoria,58127.0,58127.0,False,False,,,,,,,26,0,44,Llenando ventana
264,2,VNS,trayectoria,58127.0,58127.0,False,False,,,,,,,27,0,45,Llenando ventana
265,2,VNS,trayectoria,58127.0,58127.0,False,False,,,,,,,28,0,46,Llenando ventana
266,2,VNS,trayectoria,58127.0,58127.0,False,False,,,,,,,29,0,47,Llenando ventana
267,2,VNS,trayectoria,58127.0,58127.0,False,False,,,,,,,30,0,48,Llenando ventana
268,2,VNS,trayectoria,58127.0,58127.0,False,False,,,,,,,31,0,49,Llenando ventana
269,2,VNS,trayectoria,58127.0,58127.0,False,False,,,,,,,32,0,50,Llenando ventana
270,2,VNS,trayectoria,58127.0,58127.0,False,False,,,,,,,33,0,51,Llenando ventana
271,2,VNS,trayectoria,58127.0,58127.0,False,False,,,,,,,34,0,52,Llenando ventana
272,2,VNS,trayectoria,58127.0,58127.0,False,False,,,,,,,35,0,53,Llenando ventana
273,2,VNS,trayectoria,58127.0,58127.0,False,False,,,,,,,36,0,54,Llenando ventana
274,2,VNS,trayectoria,58127.0,58127.0,False,False,,,,,,,37,0,55,Llenando ventana
275,2,VNS,trayectoria,58127.0,58127.0,False,False,,,,,,,38,0,56,Llenando ventana
276,2,VNS,trayectoria,58127.0,58127.0,False,False,,,,,,,39,0,57,Llenando ventana
277,2,VNS,trayectoria,58127.0,58127.0,False,False,,,,,,,40,0,58,Llenando ventana
278,2,VNS,trayectoria,58127.0,58127.0,False,False,,,,,,,41,0,59,Llenando ventana
279,2,VNS,trayectoria,58127.0,58127.0,False,False,,,,,,,42,0,60,Llenando ventana
280,2,VNS,trayectoria,58127.0,58127.0,False,False,,,,,,,43,0,61,Llenando ventana
281,2,VNS,trayectoria,58127.0,58127.0,False,False,,,,,,,44,0,62,Llenando ventana
282,2,VNS,trayectoria,58127.0,58127.0,False,False,,,,,,,45,0,63,Llenando ventana
283,2,VNS,trayectoria,58127.0,58127.0,False,False,,,,,,,46,0,64,Llenando ventana
284,2,VNS,trayectoria,58127.0,58127.0,False,False,,,,,,,47,0,65,Llenando ventana
285,2,VNS,trayectoria,58127.0,58127.0,False,False,,,,,,,48,0,66,Llenando ventana
286,2,VNS,trayectoria,58127.0,58127.0,False,False,,,,,,,49,0,67,Llenando ventana
287,2,VNS,trayectoria,58127.0,58127.0,False,False,,,,,,,50,0,68,Llenando ventana
288,2,VNS,trayectoria,58127.0,58127.0,False,False,,,,,,,51,0,69,Llenando ventana
289,2,VNS,trayectoria,58127.0,58127.0,False,False,,,,,,,52,0,70,Llenando ventana
290,2,VNS,trayectoria,58127.0,58127.0,False,False,,,,,,,53,0,71,Llenando ventana
291,2,VNS,trayectoria,58127.0,58127.0,False,False,,,,,,,54,0,72,Llenando ventana
292,2,VNS,trayectoria,58140.0,58140.0,False,False,,,,,,,0,0,73,Llenando ventana
293,2,VNS,trayectoria,58140.0,58140.0,False,False,,,,,,,1,0,74,Llenando ventana
294,2,VNS,trayectoria,58140.0,58140.0,True,False,4636.899999999987,4911.0,-274.1000000000131,7.5,37.5,22.5,2,0,75,Explotacion activa
295,2,VNS,trayectoria,58140.0,58140.0,True,False,4729.299999999981,5008.0,-278.7000000000189,7.5,37.5,22.5,3,0,76,Explotacion activa
296,2,VNS,trayectoria,58140.0,58140.0,True,False,4821.899999999987,5105.0,-283.1000000000131,7.5,37.5,22.5,4,0,77,Explotacion activa
297,2,VNS,trayectoria,58140.0,58140.0,True,False,4914.69999999999,5202.0,-287.3000000000102,7.5,37.5,22.5,5,0,78,Explotacion activa
298,2,VNS,trayectoria,58140.0,58140.0,True,False,5007.69999999999,5299.0,-291.3000000000102,7.5,37.5,22.5,6,0,79,Explotacion activa
299,2,VNS,trayectoria,58140.0,58140.0,True,False,5100.899999999987,5396.0,-295.1000000000131,7.5,37.5,22.5,7,0,80,Explotacion activa
300,2,VNS,trayectoria,58140.0,58140.0,True,False,5194.299999999981,5493.0,-298.7000000000189,7.5,37.5,22.5,8,0,81,Explotacion activa
301,2,VNS,trayectoria,58208.0,58208.0,True,False,5355.899999999987,5658.0,-302.1000000000131,7.5,37.5,22.5,0,0,82,Explotacion activa
302,2,VNS,trayectoria,58208.0,58208.0,True,False,5517.69999999999,5823.0,-305.3000000000102,7.5,37.5,22.5,1,0,83,Explotacion activa
303,2,VNS,trayectoria,58208.0,58208.0,True,False,5679.69999999999,5988.0,-308.3000000000102,5172.9,5242.7799999999825,-286.04000000001105,2,0,84,Explotacion activa
304,2,VNS,trayectoria,58208.0,58208.0,True,False,5841.899999999987,6153.0,-311.1000000000131,5202.0,5355.899999999987,-287.3000000000102,3,0,85,Explotacion activa
305,2,VNS,trayectoria,58208.0,58208.0,True,False,6004.299999999981,6318.0,-313.7000000000189,5231.1,5469.159999999989,-288.5000000000102,4,0,86,Explotacion activa
306,2,VNS,trayectoria,58208.0,58208.0,True,False,6166.899999999987,6483.0,-316.1000000000131,5260.2,5582.49999999999,-289.70000000001016,5,0,87,Explotacion activa
307,2,VNS,trayectoria,58208.0,58208.0,True,False,6329.69999999999,6648.0,-318.3000000000102,5289.3,5695.919999999989,-290.9000000000102,6,0,88,Explotacion activa
308,2,VNS,trayectoria,58208.0,58208.0,True,False,6492.69999999999,6813.0,-320.3000000000102,5318.4,5809.459999999987,-292.06000000001075,7,0,89,Explotacion activa
309,2,VNS,trayectoria,58208.0,58208.0,True,False,6655.899999999987,6978.0,-322.1000000000131,5347.5,5923.099999999984,-293.20000000001164,8,0,90,Explotacion activa
310,2,VNS,trayectoria,58208.0,58208.0,True,False,6819.299999999981,7143.0,-323.7000000000189,5376.6,6036.819999999982,-294.34000000001254,9,0,91,Explotacion activa
311,2,VNS,trayectoria,58208.0,58208.0,True,False,1027.5,1008.0,19.5,5308.7,5988.059999999981,-291.68000000001047,10,0,92,Explotacion activa
312,2,VNS,trayectoria,58208.0,58208.0,True,False,1097.699999999997,1089.0,8.69999999999709,5240.8,5939.339999999984,-288.9000000000102,11,0,93,Explotacion activa
313,2,VNS,trayectoria,58208.0,58208.0,True,False,1168.0999999999913,1170.0,-1.9000000000087311,5172.9,5890.619999999985,-286.04000000001105,12,0,94,Explotacion activa
314,2,VNS,trayectoria,58208.0,58208.0,True,False,1238.699999999997,1251.0,-12.30000000000291,5105.0,5841.899999999987,-283.1000000000131,13,0,95,Explotacion activa
315,2,VNS,trayectoria,58208.0,58208.0,True,False,1309.5,1332.0,-22.5,5037.1,5793.239999999988,-280.02000000001715,14,0,96,Explotacion activa
316,2,VNS,trayectoria,58208.0,58208.0,True,False,1380.5,1413.0,-32.5,4969.2,5744.579999999988,-276.8600000000166,15,1,97,Explotacion activa
317,2,VNS,trayectoria,58208.0,58208.0,True,False,1451.699999999997,1494.0,-42.30000000000291,4569.299999999998,5695.919999999989,-250.92000000001258,16,2,98,Explotacion activa
318,2,VNS,trayectoria,58208.0,58208.0,True,False,1523.0999999999913,1575.0,-51.90000000000873,2242.1999999999975,5647.299999999989,-96.34000000001024,17,3,99,Explotacion activa
319,2,VNS,trayectoria,58208.0,58208.0,True,False,1594.699999999997,1656.0,-61.30000000000291,1615.5,5598.69999999999,-56.60000000000582,18,0,100,Explotacion activa
320,2,VNS,trayectoria,58208.0,58208.0,True,False,1666.5,1737.0,-70.5,1639.8,5550.099999999989,-59.42000000000408,19,0,101,Explotacion activa
321,2,VNS,trayectoria,58208.0,58208.0,True,False,1738.5,1818.0,-79.5,1664.1,5501.5199999999895,-62.220000000002635,20,0,102,Explotacion activa
322,2,VNS,trayectoria,58208.0,58208.0,True,False,1810.699999999997,1899.0,-88.30000000000291,1688.4,5452.979999999989,-64.98000000000177,21,0,103,Explotacion activa
323,2,VNS,trayectoria,58208.0,58208.0,True,False,1883.0999999999913,1980.0,-96.90000000000873,1712.7,5404.439999999987,-67.7400000000009,22,0,104,Explotacion activa
324,2,VNS,trayectoria,58208.0,58208.0,True,False,1955.699999999997,2061.0,-105.30000000000291,1737.0,5355.899999999987,-70.5,23,0,105,Explotacion activa
325,2,VNS,trayectoria,58208.0,58208.0,True,False,2028.5,2142.0,-113.5,1761.3,5307.419999999985,-73.2,24,0,106,Explotacion activa
326,2,VNS,trayectoria,58208.0,58208.0,True,False,2101.5,2223.0,-121.5,1785.6,5258.939999999983,-75.9,25,0,107,Explotacion activa
327,2,VNS,trayectoria,58208.0,58208.0,True,False,2174.699999999997,2304.0,-129.3000000000029,1809.9,5210.459999999981,-78.60000000000002,26,0,108,Explotacion activa
328,2,VNS,trayectoria,58208.0,58208.0,True,False,2248.0999999999913,2385.0,-136.90000000000873,1834.2,5175.619999999982,-81.2600000000006,27,0,109,Explotacion activa
329,2,VNS,trayectoria,58208.0,58208.0,True,False,2321.69999999999,2466.0,-144.3000000000102,1858.5,5147.599999999984,-83.90000000000146,28,0,110,Explotacion activa
330,2,VNS,trayectoria,58208.0,58208.0,True,False,2395.2999999999884,2547.0,-151.70000000001164,1882.8,5119.579999999985,-86.54000000000234,29,0,111,Explotacion activa
331,2,VNS,trayectoria,58208.0,58208.0,True,False,2468.899999999987,2628.0,-159.1000000000131,1907.1,5091.579999999987,-89.1600000000035,30,0,112,Explotacion activa
332,2,VNS,trayectoria,58208.0,58208.0,True,False,2542.4999999999854,2709.0,-166.50000000001455,1931.4,5063.619999999988,-91.74000000000525,31,0,113,Explotacion activa
333,2,VNS,trayectoria,58208.0,58208.0,True,False,2616.099999999984,2790.0,-173.900000000016,1955.7,5035.659999999989,-94.32000000000701,32,0,114,Explotacion activa
334,2,VNS,trayectoria,58208.0,58208.0,True,False,2689.6999999999825,2871.0,-181.30000000001746,1980.0,5007.69999999999,-96.90000000000873,33,0,115,Explotacion activa
335,2,VNS,trayectoria,58208.0,58208.0,True,False,2763.299999999981,2952.0,-188.70000000001892,2004.3,4979.79999999999,-99.420000000007,34,0,116,Explotacion activa
336,2,VNS,trayectoria,58208.0,58208.0,True,False,2836.899999999987,3033.0,-196.1000000000131,2028.6,4951.89999999999,-101.94000000000526,35,0,117,Explotacion activa
337,2,VNS,trayectoria,58208.0,58208.0,True,False,2910.69999999999,3114.0,-203.3000000000102,2052.9,4923.99999999999,-104.4600000000035,36,0,118,Explotacion activa
338,2,VNS,trayectoria,58208.0,58208.0,True,False,2984.69999999999,3195.0,-210.3000000000102,2077.2,4896.139999999989,-106.94000000000236,37,0,119,Explotacion activa
339,2,VNS,trayectoria,58208.0,58208.0,True,False,3058.899999999987,3276.0,-217.1000000000131,2101.5,4868.299999999988,-109.40000000000148,38,0,120,Explotacion activa
340,2,VNS,trayectoria,58208.0,58208.0,True,False,3133.299999999981,3357.0,-223.70000000001892,2125.7999999999997,4840.459999999987,-111.86000000000061,39,0,121,Explotacion activa
341,2,VNS,trayectoria,58208.0,58208.0,True,False,3207.899999999987,3438.0,-230.1000000000131,2150.1,4812.639999999986,-114.30000000000001,40,0,122,Explotacion activa
342,2,VNS,trayectoria,58208.0,58208.0,True,False,3282.69999999999,3519.0,-236.3000000000102,2174.4,4784.859999999984,-116.70000000000005,41,0,123,Explotacion activa
343,2,VNS,trayectoria,58208.0,58208.0,True,False,3357.69999999999,3600.0,-242.3000000000102,2198.7,4757.079999999983,-119.10000000000002,42,0,124,Explotacion activa
344,2,VNS,trayectoria,58208.0,58208.0,True,False,3432.899999999987,3681.0,-248.1000000000131,2223.0,4729.299999999981,-121.5,43,0,125,Explotacion activa
345,2,VNS,trayectoria,58208.0,58208.0,True,False,3508.299999999981,3762.0,-253.70000000001892,2247.2999999999997,4701.579999999983,-123.84000000000091,44,0,126,Explotacion activa
346,2,VNS,trayectoria,58208.0,58208.0,True,False,3583.899999999987,3843.0,-259.1000000000131,2271.6,4673.859999999984,-126.18000000000175,45,0,127,Explotacion activa
347,2,VNS,trayectoria,58208.0,58208.0,True,False,3659.69999999999,3924.0,-264.3000000000102,2295.9,4646.139999999986,-128.52000000000265,46,0,128,Explotacion activa
348,2,VNS,trayectoria,58208.0,58208.0,True,False,3735.69999999999,4005.0,-269.3000000000102,2320.2,4456.659999999985,-130.8200000000041,47,0,129,Explotacion activa
349,2,VNS,trayectoria,58208.0,58208.0,True,False,3811.899999999987,4086.0,-274.1000000000131,2344.5,4224.399999999987,-133.10000000000582,48,0,130,Explotacion activa
350,2,VNS,trayectoria,58208.0,58208.0,True,False,3888.299999999981,4167.0,-278.7000000000189,2368.8,4038.019999999979,-135.3800000000076,49,0,131,Explotacion activa
351,2,VNS,trayectoria,58208.0,58208.0,True,False,3964.899999999987,4248.0,-283.1000000000131,2393.1,3957.239999999986,-137.64000000000888,50,0,132,Explotacion activa
352,2,VNS,trayectoria,58208.0,58208.0,True,False,4041.69999999999,4329.0,-287.3000000000102,2417.4,4010.979999999988,-139.86000000000936,51,0,133,Explotacion activa
353,2,VNS,trayectoria,58208.0,58208.0,True,False,4118.69999999999,4410.0,-291.3000000000102,2441.7,4064.7999999999897,-142.08000000000976,52,0,134,Explotacion activa
354,2,VNS,trayectoria,58208.0,58208.0,True,False,4195.899999999987,4491.0,-295.1000000000131,2466.0,4118.69999999999,-144.3000000000102,53,0,135,Explotacion activa
355,2,VNS,trayectoria,58208.0,58208.0,True,False,4273.299999999981,4572.0,-298.7000000000189,2490.3,4172.739999999987,-146.52000000001067,54,0,136,Explotacion activa
356,2,VNS,trayectoria,58208.0,58208.0,True,False,4350.899999999987,4653.0,-302.1000000000131,2514.6,4226.859999999984,-148.74000000001107,55,0,137,Explotacion activa
357,2,VNS,trayectoria,58208.0,58208.0,True,False,4428.69999999999,4734.0,-305.3000000000102,2538.9,4281.059999999981,-150.96000000001155,56,0,138,Explotacion activa
358,2,VNS,trayectoria,58208.0,58208.0,True,False,4506.69999999999,4815.0,-308.3000000000102,2563.2,4335.379999999986,-153.18000000001194,57,0,139,Explotacion activa
359,2,VNS,trayectoria,58208.0,58208.0,True,False,4584.899999999987,4896.0,-311.1000000000131,2587.5,4389.799999999988,-155.40000000001237,58,0,140,Explotacion activa
360,2,VNS,trayectoria,58208.0,58208.0,True,False,4663.299999999981,4977.0,-313.7000000000189,2611.8,4444.299999999989,-157.62000000001285,59,0,141,Explotacion activa
361,2,VNS,trayectoria,58208.0,58208.0,True,False,4741.899999999987,5058.0,-316.1000000000131,2636.1,4498.89999999999,-159.84000000001325,60,0,142,Explotacion activa
362,2,VNS,trayectoria,58208.0,58208.0,True,False,4820.69999999999,5139.0,-318.3000000000102,2660.4,4553.619999999988,-162.06000000001373,61,0,143,Explotacion activa
363,2,VNS,trayectoria,58208.0,58208.0,True,False,4899.69999999999,5220.0,-320.3000000000102,2684.7,4600.499999999986,-164.28000000001413,62,0,144,Explotacion activa
364,2,VNS,trayectoria,58208.0,58208.0,True,False,4978.899999999987,5301.0,-322.1000000000131,2709.0,4636.899999999987,-166.50000000001455,63,0,145,Explotacion activa
365,2,VNS,trayectoria,58208.0,58208.0,True,False,5058.299999999981,5382.0,-323.7000000000189,2733.3,4655.379999999983,-168.72000000001503,64,0,146,Explotacion activa
366,2,VNS,trayectoria,58208.0,58208.0,True,False,4182.69999999999,4488.0,-305.3000000000102,2757.6,4647.459999999985,-170.94000000001543,65,0,147,Explotacion activa
367,2,VNS,trayectoria,58208.0,58208.0,True,False,4247.69999999999,4556.0,-308.3000000000102,2781.9,4639.539999999986,-173.1600000000159,66,0,148,Explotacion activa
368,2,VNS,trayectoria,58208.0,58208.0,True,False,4312.899999999987,4624.0,-311.1000000000131,2806.2,4626.499999999986,-175.3800000000163,67,0,149,Explotacion activa
369,2,VNS,trayectoria,58208.0,58208.0,True,False,4378.299999999981,4692.0,-313.7000000000189,2830.5,4610.899999999987,-177.60000000001673,68,0,150,Explotacion activa
370,2,VNS,trayectoria,58208.0,58208.0,True,False,4443.899999999987,4760.0,-316.1000000000131,2854.8,4595.2999999999865,-179.82000000001722,69,0,151,Explotacion activa
371,2,VNS,trayectoria,58208.0,58208.0,True,False,4509.69999999999,4828.0,-318.3000000000102,2879.1,4577.379999999987,-182.0400000000176,70,0,152,Explotacion activa
372,2,VNS,trayectoria,58208.0,58208.0,True,False,4575.69999999999,4896.0,-320.3000000000102,2903.4,4581.219999999988,-184.2600000000181,71,0,153,Explotacion activa
373,2,VNS,trayectoria,58208.0,58208.0,True,False,4641.899999999987,4964.0,-322.1000000000131,2927.7,4600.499999999986,-186.4800000000185,72,0,154,Explotacion activa
374,2,VNS,trayectoria,58208.0,58208.0,True,False,4708.299999999981,5032.0,-323.7000000000189,2952.0,4636.899999999987,-188.70000000001892,73,0,155,Explotacion activa
375,2,VNS,trayectoria,58208.0,58208.0,True,False,277.5,0.0,277.5,2895.3,4621.2999999999865,-183.52000000001794,74,1,156,Explotacion activa
376,2,VNS,trayectoria,58208.0,58208.0,True,False,277.5,0.0,277.5,2838.6,4605.699999999987,-178.3400000000169,75,2,157,Explotacion activa
377,2,VNS,trayectoria,58208.0,58208.0,True,False,277.5,0.0,277.5,2781.9,4590.099999999987,-173.1600000000159,76,3,158,Explotacion activa
378,2,VNS,trayectoria,58208.0,58208.0,True,False,277.5,0.0,277.5,2725.2,4583.059999999988,-167.98000000001485,77,4,159,Explotacion activa
379,2,VNS,trayectoria,58208.0,58208.0,True,False,277.5,0.0,277.5,2668.5,4580.299999999988,-162.80000000001388,78,5,160,Explotacion activa
380,2,VNS,trayectoria,58208.0,58208.0,True,False,277.5,0.0,277.5,2611.8,4577.539999999989,-157.62000000001285,79,6,161,Explotacion activa
381,2,VNS,trayectoria,58208.0,58208.0,True,False,277.5,0.0,277.5,2555.1,4569.099999999989,-152.4400000000118,80,7,162,Explotacion activa
382,2,VNS,trayectoria,58208.0,58208.0,True,False,277.5,0.0,277.5,2498.4,4549.299999999989,-147.26000000001082,81,8,163,Explotacion activa
383,2,VNS,trayectoria,58208.0,58208.0,True,False,277.5,0.0,277.5,2441.7,4529.49999999999,-142.08000000000976,82,9,164,Explotacion activa
384,2,VNS,trayectoria,58208.0,58208.0,True,False,277.5,0.0,277.5,2385.0,4509.69999999999,-136.9000000000088,83,10,165,Explotacion activa
385,2,VNS,trayectoria,58208.0,58208.0,True,False,277.5,0.0,277.5,2328.3,4508.79999999999,-131.5800000000047,84,11,166,Explotacion activa
386,2,VNS,trayectoria,58208.0,58208.0,True,False,277.5,0.0,277.5,2271.6,4507.89999999999,-126.18000000000181,85,12,167,Explotacion activa
387,2,VNS,trayectoria,58208.0,58208.0,True,False,277.5,0.0,277.5,2214.9,4506.99999999999,-120.70000000000005,86,13,168,Explotacion activa
388,2,VNS,trayectoria,58208.0,58208.0,True,False,277.5,0.0,277.5,2158.2,4494.139999999989,-115.10000000000002,87,14,169,Explotacion activa
389,2,VNS,trayectoria,58208.0,58208.0,True,False,277.5,0.0,277.5,2101.5,4475.299999999988,-109.40000000000146,88,15,170,Explotacion activa
390,2,VNS,trayectoria,58208.0,58208.0,True,False,277.5,0.0,277.5,2044.7999999999997,4456.459999999986,-103.62000000000417,89,16,171,Explotacion activa
391,2,VNS,trayectoria,58208.0,58208.0,True,False,277.5,0.0,277.5,1988.1,4442.379999999987,-97.74000000000822,90,17,172,Explotacion activa
392,2,VNS,trayectoria,58208.0,58208.0,True,False,277.5,0.0,277.5,1931.3999999999999,4437.819999999988,-91.74000000000528,91,18,173,Explotacion activa
393,2,VNS,trayectoria,58208.0,58208.0,True,False,277.5,0.0,277.5,1874.7,4433.259999999989,-85.66000000000206,92,19,174,Explotacion activa
394,2,VNS,trayectoria,58208.0,58208.0,True,False,277.5,0.0,277.5,1818.0,4428.69999999999,-79.5,93,20,175,Explotacion activa
395,2,VNS,trayectoria,58208.0,58208.0,True,False,277.5,0.0,277.5,1761.2999999999997,4413.579999999986,-73.2000000000001,94,21,176,Explotacion activa
396,2,VNS,trayectoria,58208.0,58208.0,True,False,277.5,0.0,277.5,1704.6,4398.459999999985,-66.82000000000124,95,22,177,Explotacion activa
397,2,VNS,trayectoria,58208.0,58208.0,True,False,277.5,0.0,277.5,1647.8999999999999,4383.339999999982,-60.360000000003545,96,23,178,Explotacion activa
398,2,VNS,trayectoria,58208.0,58208.0,True,False,277.5,0.0,277.5,1591.2,4372.819999999982,-53.7800000000076,97,24,179,Explotacion activa
399,2,VNS,trayectoria,58208.0,58208.0,True,True,277.5,0.0,277.5,1534.5,4364.599999999984,-47.10000000000582,98,25,180,ESTANCAMIENTO (Fire)
400,3,PSO,poblacional,58208.0,58208.0,False,False,,,,,,,0,0,1,Llenando ventana
401,3,PSO,poblacional,58208.0,58208.0,False,False,,,,,,,1,0,2,Llenando ventana
402,3,PSO,poblacional,58208.0,58208.0,False,False,,,,,,,2,0,3,Llenando ventana
403,3,PSO,poblacional,58208.0,58208.0,False,False,,,,,,,3,0,4,Llenando ventana
404,3,PSO,poblacional,58208.0,58208.0,False,False,,,,,,,4,0,5,Llenando ventana
405,3,PSO,poblacional,58208.0,58208.0,False,False,,,,,,,5,0,6,Llenando ventana
406,3,PSO,poblacional,58208.0,58208.0,False,False,,,,,,,6,0,7,Llenando ventana
407,3,PSO,poblacional,58208.0,58208.0,False,False,,,,,,,7,0,8,Llenando ventana
408,3,PSO,poblacional,58208.0,58208.0,False,False,,,,,,,8,0,9,Llenando ventana
409,3,PSO,poblacional,58208.0,58208.0,False,False,,,,,,,9,0,10,Llenando ventana
410,3,PSO,poblacional,58208.0,58208.0,False,False,,,,,,,10,0,11,Llenando ventana
411,3,PSO,poblacional,58208.0,58208.0,False,False,,,,,,,11,0,12,Llenando ventana
412,3,PSO,poblacional,58208.0,58208.0,False,False,,,,,,,12,0,13,Llenando ventana
413,3,PSO,poblacional,58208.0,58208.0,False,False,,,,,,,13,0,14,Llenando ventana
414,3,PSO,poblacional,58208.0,58208.0,False,False,,,,,,,14,0,15,Llenando ventana
415,3,PSO,poblacional,58208.0,58208.0,False,False,,,,,,,15,0,16,Llenando ventana
416,3,PSO,poblacional,58208.0,58208.0,False,False,,,,,,,16,0,17,Llenando ventana
417,3,PSO,poblacional,58208.0,58208.0,False,False,,,,,,,17,0,18,Llenando ventana
418,3,PSO,poblacional,58208.0,58208.0,False,False,,,,,,,18,0,19,Llenando ventana
419,3,PSO,poblacional,58208.0,58208.0,False,False,,,,,,,19,0,20,Llenando ventana
420,3,PSO,poblacional,58208.0,58208.0,False,False,,,,,,,20,0,21,Llenando ventana
421,3,PSO,poblacional,58208.0,58208.0,False,False,,,,,,,21,0,22,Llenando ventana
422,3,PSO,poblacional,58208.0,58208.0,False,False,,,,,,,22,0,23,Llenando ventana
423,3,PSO,poblacional,58208.0,58208.0,False,False,,,,,,,23,0,24,Llenando ventana
424,3,PSO,poblacional,58208.0,58208.0,False,False,,,,,,,24,0,25,Llenando ventana
425,3,PSO,poblacional,58208.0,58208.0,False,False,,,,,,,25,0,26,Llenando ventana
426,3,PSO,poblacional,58208.0,58208.0,False,False,,,,,,,26,0,27,Llenando ventana
427,3,PSO,poblacional,58208.0,58208.0,False,False,,,,,,,27,0,28,Llenando ventana
428,3,PSO,poblacional,58208.0,58208.0,False,False,,,,,,,28,0,29,Llenando ventana
429,3,PSO,poblacional,58208.0,58208.0,False,False,,,,,,,29,0,30,Llenando ventana
430,3,PSO,poblacional,58208.0,58208.0,False,False,,,,,,,30,0,31,Llenando ventana
431,3,PSO,poblacional,58208.0,58208.0,False,False,,,,,,,31,0,32,Llenando ventana
432,3,PSO,poblacional,58208.0,58208.0,False,False,,,,,,,32,0,33,Llenando ventana
433,3,PSO,poblacional,58208.0,58208.0,False,False,,,,,,,33,0,34,Llenando ventana
434,3,PSO,poblacional,58208.0,58208.0,False,False,,,,,,,34,0,35,Llenando ventana
435,3,PSO,poblacional,58208.0,58208.0,False,False,,,,,,,35,0,36,Llenando ventana
436,3,PSO,poblacional,58208.0,58208.0,False,False,,,,,,,36,0,37,Llenando ventana
437,3,PSO,poblacional,58208.0,58208.0,False,False,,,,,,,37,0,38,Llenando ventana
438,3,PSO,poblacional,58208.0,58208.0,False,False,,,,,,,38,0,39,Llenando ventana
439,3,PSO,poblacional,58208.0,58208.0,False,False,,,,,,,39,0,40,Llenando ventana
440,3,PSO,poblacional,58208.0,58208.0,False,False,,,,,,,40,0,41,Llenando ventana
441,3,PSO,poblacional,58208.0,58208.0,False,False,,,,,,,41,0,42,Llenando ventana
442,3,PSO,poblacional,58208.0,58208.0,False,False,,,,,,,42,0,43,Llenando ventana
443,3,PSO,poblacional,58208.0,58208.0,False,False,,,,,,,43,0,44,Llenando ventana
444,3,PSO,poblacional,58208.0,58208.0,False,False,,,,,,,44,0,45,Llenando ventana
445,3,PSO,poblacional,58208.0,58208.0,False,False,,,,,,,45,0,46,Llenando ventana
446,3,PSO,poblacional,58208.0,58208.0,False,False,,,,,,,46,0,47,Llenando ventana
447,3,PSO,poblacional,58208.0,58208.0,False,False,,,,,,,47,0,48,Llenando ventana
448,3,PSO,poblacional,58208.0,58208.0,False,False,,,,,,,48,0,49,Llenando ventana
449,3,PSO,poblacional,58208.0,58208.0,False,False,,,,,,,49,0,50,Llenando ventana
450,3,PSO,poblacional,58208.0,58208.0,False,False,,,,,,,50,0,51,Llenando ventana
451,3,PSO,poblacional,58208.0,58208.0,False,False,,,,,,,51,0,52,Llenando ventana
452,3,PSO,poblacional,58208.0,58208.0,False,False,,,,,,,52,0,53,Llenando ventana
453,3,PSO,poblacional,58208.0,58208.0,False,False,,,,,,,53,0,54,Llenando ventana
454,3,PSO,poblacional,58208.0,58208.0,False,False,,,,,,,54,0,55,Llenando ventana
455,3,PSO,poblacional,58208.0,58208.0,False,False,,,,,,,55,0,56,Llenando ventana
456,3,PSO,poblacional,58208.0,58208.0,False,False,,,,,,,56,0,57,Llenando ventana
457,3,PSO,poblacional,58208.0,58208.0,False,False,,,,,,,57,0,58,Llenando ventana
458,3,PSO,poblacional,58208.0,58208.0,False,False,,,,,,,58,0,59,Llenando ventana
459,3,PSO,poblacional,58208.0,58208.0,False,False,,,,,,,59,0,60,Llenando ventana
460,3,PSO,poblacional,58208.0,58208.0,False,False,,,,,,,60,0,61,Llenando ventana
461,3,PSO,poblacional,58208.0,58208.0,False,False,,,,,,,61,0,62,Llenando ventana
462,3,PSO,poblacional,58208.0,58208.0,False,False,,,,,,,62,0,63,Llenando ventana
463,3,PSO,poblacional,58208.0,58208.0,False,False,,,,,,,63,0,64,Llenando ventana
464,3,PSO,poblacional,58208.0,58208.0,False,False,,,,,,,64,0,65,Llenando ventana
465,3,PSO,poblacional,58208.0,58208.0,False,False,,,,,,,65,0,66,Llenando ventana
466,3,PSO,poblacional,58208.0,58208.0,False,False,,,,,,,66,0,67,Llenando ventana
467,3,PSO,poblacional,58208.0,58208.0,False,False,,,,,,,67,0,68,Llenando ventana
468,3,PSO,poblacional,58208.0,58208.0,False,False,,,,,,,68,0,69,Llenando ventana
469,3,PSO,poblacional,58208.0,58208.0,False,False,,,,,,,69,0,70,Llenando ventana
470,3,PSO,poblacional,58208.0,58208.0,False,False,,,,,,,70,0,71,Llenando ventana
471,3,PSO,poblacional,58208.0,58208.0,False,False,,,,,,,71,0,72,Llenando ventana
472,3,PSO,poblacional,58208.0,58208.0,False,False,,,,,,,72,0,73,Llenando ventana
473,3,PSO,poblacional,58208.0,58208.0,False,False,,,,,,,73,0,74,Llenando ventana
474,3,PSO,poblacional,58208.0,58208.0,True,False,277.5,0.0,277.5,7.5,37.5,22.5,74,1,75,Explotacion activa
475,3,PSO,poblacional,58208.0,58208.0,True,False,277.5,0.0,277.5,7.5,37.5,22.5,75,2,76,Explotacion activa
476,3,PSO,poblacional,58208.0,58208.0,True,False,277.5,0.0,277.5,7.5,37.5,22.5,76,3,77,Explotacion activa
477,3,PSO,poblacional,58208.0,58208.0,True,False,277.5,0.0,277.5,7.5,37.5,22.5,77,4,78,Explotacion activa
478,3,PSO,poblacional,58208.0,58208.0,True,False,277.5,0.0,277.5,7.5,37.5,22.5,78,5,79,Explotacion activa
479,3,PSO,poblacional,58208.0,58208.0,True,False,277.5,0.0,277.5,7.5,37.5,22.5,79,6,80,Explotacion activa
480,3,PSO,poblacional,58208.0,58208.0,True,False,277.5,0.0,277.5,7.5,37.5,22.5,80,7,81,Explotacion activa
481,3,PSO,poblacional,58208.0,58208.0,True,False,277.5,0.0,277.5,7.5,37.5,22.5,81,8,82,Explotacion activa
482,3,PSO,poblacional,58208.0,58208.0,True,False,277.5,0.0,277.5,7.5,37.5,22.5,82,9,83,Explotacion activa
483,3,PSO,poblacional,58208.0,58208.0,True,False,277.5,0.0,277.5,0.0,277.5,277.5,83,10,84,Explotacion activa
484,3,PSO,poblacional,58208.0,58208.0,True,False,277.5,0.0,277.5,0.0,277.5,277.5,84,11,85,Explotacion activa
485,3,PSO,poblacional,58208.0,58208.0,True,False,277.5,0.0,277.5,0.0,277.5,277.5,85,12,86,Explotacion activa
486,3,PSO,poblacional,58208.0,58208.0,True,False,277.5,0.0,277.5,0.0,277.5,277.5,86,13,87,Explotacion activa
487,3,PSO,poblacional,58208.0,58208.0,True,False,277.5,0.0,277.5,0.0,277.5,277.5,87,14,88,Explotacion activa
488,3,PSO,poblacional,58208.0,58208.0,True,False,277.5,0.0,277.5,0.0,277.5,277.5,88,15,89,Explotacion activa
489,3,PSO,poblacional,58208.0,58208.0,True,False,277.5,0.0,277.5,0.0,277.5,277.5,89,16,90,Explotacion activa
490,3,PSO,poblacional,58208.0,58208.0,True,False,277.5,0.0,277.5,0.0,277.5,277.5,90,17,91,Explotacion activa
491,3,PSO,poblacional,58208.0,58208.0,True,False,277.5,0.0,277.5,0.0,277.5,277.5,91,18,92,Explotacion activa
492,3,PSO,poblacional,58208.0,58208.0,True,False,277.5,0.0,277.5,0.0,277.5,277.5,92,19,93,Explotacion activa
493,3,PSO,poblacional,58208.0,58208.0,True,False,277.5,0.0,277.5,0.0,277.5,277.5,93,20,94,Explotacion activa
494,3,PSO,poblacional,58208.0,58208.0,True,False,277.5,0.0,277.5,0.0,277.5,277.5,94,21,95,Explotacion activa
495,3,PSO,poblacional,58208.0,58208.0,True,False,277.5,0.0,277.5,0.0,277.5,277.5,95,22,96,Explotacion activa
496,3,PSO,poblacional,58208.0,58208.0,True,False,277.5,0.0,277.5,0.0,277.5,277.5,96,23,97,Explotacion activa
497,3,PSO,poblacional,58208.0,58208.0,True,False,277.5,0.0,277.5,0.0,277.5,277.5,97,24,98,Explotacion activa
498,3,PSO,poblacional,58208.0,58208.0,True,True,277.5,0.0,277.5,0.0,277.5,277.5,98,25,99,ESTANCAMIENTO (Fire)
499,4,SA,trayectoria,58208.0,53257.0,False,False,,,,,,,0,0,1,Llenando ventana
500,4,SA,trayectoria,58208.0,53166.0,False,False,,,,,,,1,0,2,Llenando ventana
501,4,SA,trayectoria,58208.0,53943.0,False,False,,,,,,,2,0,3,Llenando ventana
502,4,SA,trayectoria,58208.0,53845.0,False,False,,,,,,,3,0,4,Llenando ventana
503,4,SA,trayectoria,58208.0,54325.0,False,False,,,,,,,4,0,5,Llenando ventana
504,4,SA,trayectoria,58208.0,52611.0,False,False,,,,,,,5,0,6,Llenando ventana
505,4,SA,trayectoria,58208.0,53774.0,False,False,,,,,,,6,0,7,Llenando ventana
506,4,SA,trayectoria,58208.0,54579.0,False,False,,,,,,,7,0,8,Llenando ventana
507,4,SA,trayectoria,58208.0,53531.0,False,False,,,,,,,8,0,9,Llenando ventana
508,4,SA,trayectoria,58208.0,52357.0,False,False,,,,,,,9,0,10,Llenando ventana
509,4,SA,trayectoria,58208.0,52632.0,False,False,,,,,,,10,0,11,Llenando ventana
510,4,SA,trayectoria,58208.0,53835.0,False,False,,,,,,,11,0,12,Llenando ventana
511,4,SA,trayectoria,58208.0,51943.0,False,False,,,,,,,12,0,13,Llenando ventana
512,4,SA,trayectoria,58208.0,52971.0,False,False,,,,,,,13,0,14,Llenando ventana
513,4,SA,trayectoria,58208.0,54075.0,False,False,,,,,,,14,0,15,Llenando ventana
514,4,SA,trayectoria,58208.0,53189.0,False,False,,,,,,,15,0,16,Llenando ventana
515,4,SA,trayectoria,58208.0,53038.0,False,False,,,,,,,16,0,17,Llenando ventana
516,4,SA,trayectoria,58208.0,53459.0,False,False,,,,,,,17,0,18,Llenando ventana
517,4,SA,trayectoria,58208.0,52752.0,False,False,,,,,,,18,0,19,Llenando ventana
518,4,SA,trayectoria,58208.0,53738.0,False,False,,,,,,,19,0,20,Llenando ventana
519,4,SA,trayectoria,58208.0,53278.0,False,False,,,,,,,20,0,21,Llenando ventana
520,4,SA,trayectoria,58208.0,52892.0,False,False,,,,,,,21,0,22,Llenando ventana
521,4,SA,trayectoria,58208.0,52184.0,False,False,,,,,,,22,0,23,Llenando ventana
522,4,SA,trayectoria,58208.0,53811.0,False,False,,,,,,,23,0,24,Llenando ventana
523,4,SA,trayectoria,58208.0,54223.0,False,False,,,,,,,24,0,25,Llenando ventana
524,4,SA,trayectoria,58208.0,54353.0,False,False,,,,,,,25,0,26,Llenando ventana
525,4,SA,trayectoria,58208.0,54244.0,False,False,,,,,,,26,0,27,Llenando ventana
526,4,SA,trayectoria,58208.0,52509.0,False,False,,,,,,,27,0,28,Llenando ventana
527,4,SA,trayectoria,58208.0,54236.0,False,False,,,,,,,28,0,29,Llenando ventana
528,4,SA,trayectoria,58208.0,54382.0,False,False,,,,,,,29,0,30,Llenando ventana
529,4,SA,trayectoria,58208.0,53767.0,False,False,,,,,,,30,0,31,Llenando ventana
530,4,SA,trayectoria,58208.0,54780.0,False,False,,,,,,,31,0,32,Llenando ventana
531,4,SA,trayectoria,58208.0,55595.0,False,False,,,,,,,32,0,33,Llenando ventana
532,4,SA,trayectoria,58208.0,53905.0,False,False,,,,,,,33,0,34,Llenando ventana
533,4,SA,trayectoria,58208.0,53834.0,False,False,,,,,,,34,0,35,Llenando ventana
534,4,SA,trayectoria,58208.0,53908.0,False,False,,,,,,,35,0,36,Llenando ventana
535,4,SA,trayectoria,58208.0,53390.0,False,False,,,,,,,36,0,37,Llenando ventana
536,4,SA,trayectoria,58208.0,53776.0,False,False,,,,,,,37,0,38,Llenando ventana
537,4,SA,trayectoria,58208.0,54573.0,False,False,,,,,,,38,0,39,Llenando ventana
538,4,SA,trayectoria,58208.0,53869.0,False,False,,,,,,,39,0,40,Llenando ventana
539,4,SA,trayectoria,58208.0,51771.0,False,False,,,,,,,40,0,41,Llenando ventana
540,4,SA,trayectoria,58208.0,53636.0,False,False,,,,,,,41,0,42,Llenando ventana
541,4,SA,trayectoria,58208.0,53904.0,False,False,,,,,,,42,0,43,Llenando ventana
542,4,SA,trayectoria,58208.0,53667.0,False,False,,,,,,,43,0,44,Llenando ventana
543,4,SA,trayectoria,58208.0,51766.0,False,False,,,,,,,44,0,45,Llenando ventana
544,4,SA,trayectoria,58208.0,53324.0,False,False,,,,,,,45,0,46,Llenando ventana
545,4,SA,trayectoria,58208.0,53042.0,False,False,,,,,,,46,0,47,Llenando ventana
546,4,SA,trayectoria,58208.0,53485.0,False,False,,,,,,,47,0,48,Llenando ventana
547,4,SA,trayectoria,58208.0,53720.0,False,False,,,,,,,48,0,49,Llenando ventana
548,4,SA,trayectoria,58208.0,54061.0,False,False,,,,,,,49,0,50,Llenando ventana
549,4,SA,trayectoria,58208.0,54209.0,False,False,,,,,,,50,0,51,Llenando ventana
550,4,SA,trayectoria,58208.0,53652.0,False,False,,,,,,,51,0,52,Llenando ventana
551,4,SA,trayectoria,58208.0,53795.0,False,False,,,,,,,52,0,53,Llenando ventana
552,4,SA,trayectoria,58208.0,54128.0,False,False,,,,,,,53,0,54,Llenando ventana
553,4,SA,trayectoria,58208.0,53784.0,False,False,,,,,,,54,0,55,Llenando ventana
554,4,SA,trayectoria,58208.0,54165.0,False,False,,,,,,,55,0,56,Llenando ventana
555,4,SA,trayectoria,58208.0,54073.0,False,False,,,,,,,56,0,57,Llenando ventana
556,4,SA,trayectoria,58208.0,54684.0,False,False,,,,,,,57,0,58,Llenando ventana
557,4,SA,trayectoria,58208.0,54140.0,False,False,,,,,,,58,0,59,Llenando ventana
558,4,SA,trayectoria,58208.0,53030.0,False,False,,,,,,,59,0,60,Llenando ventana
559,4,SA,trayectoria,58208.0,55446.0,False,False,,,,,,,60,0,61,Llenando ventana
560,4,SA,trayectoria,58208.0,52883.0,False,False,,,,,,,61,0,62,Llenando ventana
561,4,SA,trayectoria,58208.0,54478.0,False,False,,,,,,,62,0,63,Llenando ventana
562,4,SA,trayectoria,58208.0,53984.0,False,False,,,,,,,63,0,64,Llenando ventana
563,4,SA,trayectoria,58208.0,53293.0,False,False,,,,,,,64,0,65,Llenando ventana
564,4,SA,trayectoria,58208.0,53874.0,False,False,,,,,,,65,0,66,Llenando ventana
565,4,SA,trayectoria,58208.0,53212.0,False,False,,,,,,,66,0,67,Llenando ventana
566,4,SA,trayectoria,58208.0,54555.0,False,False,,,,,,,67,0,68,Llenando ventana
567,4,SA,trayectoria,58208.0,53262.0,False,False,,,,,,,68,0,69,Llenando ventana
568,4,SA,trayectoria,58208.0,54387.0,False,False,,,,,,,69,0,70,Llenando ventana
569,4,SA,trayectoria,58208.0,54074.0,False,False,,,,,,,70,0,71,Llenando ventana
570,4,SA,trayectoria,58208.0,53308.0,False,False,,,,,,,71,0,72,Llenando ventana
571,4,SA,trayectoria,58208.0,53312.0,False,False,,,,,,,72,0,73,Llenando ventana
572,4,SA,trayectoria,58208.0,55366.0,False,False,,,,,,,73,0,74,Llenando ventana
573,4,SA,trayectoria,58208.0,54738.0,True,False,277.5,0.0,277.5,7.5,37.5,22.5,74,1,75,Explotacion activa
574,4,SA,trayectoria,58208.0,54476.0,True,False,277.5,0.0,277.5,7.5,37.5,22.5,75,2,76,Explotacion activa
575,4,SA,trayectoria,58208.0,54532.0,True,False,277.5,0.0,277.5,7.5,37.5,22.5,76,3,77,Explotacion activa
576,4,SA,trayectoria,58208.0,55475.0,True,False,277.5,0.0,277.5,7.5,37.5,22.5,77,4,78,Explotacion activa
577,4,SA,trayectoria,58208.0,54338.0,True,False,277.5,0.0,277.5,7.5,37.5,22.5,78,5,79,Explotacion activa
578,4,SA,trayectoria,58208.0,54639.0,True,False,277.5,0.0,277.5,7.5,37.5,22.5,79,6,80,Explotacion activa
579,4,SA,trayectoria,58208.0,55151.0,True,False,277.5,0.0,277.5,7.5,37.5,22.5,80,7,81,Explotacion activa
580,4,SA,trayectoria,58208.0,55084.0,True,False,277.5,0.0,277.5,7.5,37.5,22.5,81,8,82,Explotacion activa
581,4,SA,trayectoria,58208.0,55663.0,True,False,277.5,0.0,277.5,7.5,37.5,22.5,82,9,83,Explotacion activa
582,4,SA,trayectoria,58208.0,55608.0,True,False,277.5,0.0,277.5,0.0,277.5,277.5,83,10,84,Explotacion activa
583,4,SA,trayectoria,58208.0,55370.0,True,False,277.5,0.0,277.5,0.0,277.5,277.5,84,11,85,Explotacion activa
584,4,SA,trayectoria,58208.0,55646.0,True,False,277.5,0.0,277.5,0.0,277.5,277.5,85,12,86,Explotacion activa
585,4,SA,trayectoria,58208.0,54603.0,True,False,277.5,0.0,277.5,0.0,277.5,277.5,86,13,87,Explotacion activa
586,4,SA,trayectoria,58208.0,55872.0,True,False,277.5,0.0,277.5,0.0,277.5,277.5,87,14,88,Explotacion activa
587,4,SA,trayectoria,58208.0,55070.0,True,False,277.5,0.0,277.5,0.0,277.5,277.5,88,15,89,Explotacion activa
588,4,SA,trayectoria,58208.0,54499.0,True,False,277.5,0.0,277.5,0.0,277.5,277.5,89,16,90,Explotacion activa
589,4,SA,trayectoria,58208.0,54711.0,True,False,277.5,0.0,277.5,0.0,277.5,277.5,90,17,91,Explotacion activa
590,4,SA,trayectoria,58208.0,54926.0,True,False,277.5,0.0,277.5,0.0,277.5,277.5,91,18,92,Explotacion activa
591,4,SA,trayectoria,58208.0,55626.0,True,False,277.5,0.0,277.5,0.0,277.5,277.5,92,19,93,Explotacion activa
592,4,SA,trayectoria,58208.0,55347.0,True,False,277.5,0.0,277.5,0.0,277.5,277.5,93,20,94,Explotacion activa
593,4,SA,trayectoria,58208.0,55349.0,True,False,277.5,0.0,277.5,0.0,277.5,277.5,94,21,95,Explotacion activa
594,4,SA,trayectoria,58208.0,54839.0,True,False,277.5,0.0,277.5,0.0,277.5,277.5,95,22,96,Explotacion activa
595,4,SA,trayectoria,58208.0,55557.0,True,False,277.5,0.0,277.5,0.0,277.5,277.5,96,23,97,Explotacion activa
596,4,SA,trayectoria,58208.0,55162.0,True,False,277.5,0.0,277.5,0.0,277.5,277.5,97,24,98,Explotacion activa
597,4,SA,trayectoria,58208.0,55023.0,True,True,277.5,0.0,277.5,0.0,277.5,277.5,98,25,99,ESTANCAMIENTO (Fire)
598,5,WOA,poblacional,58208.0,58208.0,False,False,,,,,,,0,0,1,Llenando ventana
599,5,WOA,poblacional,58208.0,58208.0,False,False,,,,,,,1,0,2,Llenando ventana
600,5,WOA,poblacional,58208.0,58208.0,False,False,,,,,,,2,0,3,Llenando ventana
601,5,WOA,poblacional,58208.0,58208.0,False,False,,,,,,,3,0,4,Llenando ventana
602,5,WOA,poblacional,58208.0,58208.0,False,False,,,,,,,4,0,5,Llenando ventana
603,5,WOA,poblacional,58208.0,58208.0,False,False,,,,,,,5,0,6,Llenando ventana
604,5,WOA,poblacional,58208.0,58208.0,False,False,,,,,,,6,0,7,Llenando ventana
605,5,WOA,poblacional,58208.0,58208.0,False,False,,,,,,,7,0,8,Llenando ventana
606,5,WOA,poblacional,58208.0,58208.0,False,False,,,,,,,8,0,9,Llenando ventana
607,5,WOA,poblacional,58208.0,58208.0,False,False,,,,,,,9,0,10,Llenando ventana
608,5,WOA,poblacional,58208.0,58208.0,False,False,,,,,,,10,0,11,Llenando ventana
609,5,WOA,poblacional,58208.0,58208.0,False,False,,,,,,,11,0,12,Llenando ventana
610,5,WOA,poblacional,58208.0,58208.0,False,False,,,,,,,12,0,13,Llenando ventana
611,5,WOA,poblacional,58208.0,58208.0,False,False,,,,,,,13,0,14,Llenando ventana
612,5,WOA,poblacional,58208.0,58208.0,False,False,,,,,,,14,0,15,Llenando ventana
613,5,WOA,poblacional,58208.0,58208.0,False,False,,,,,,,15,0,16,Llenando ventana
614,5,WOA,poblacional,58208.0,58208.0,False,False,,,,,,,16,0,17,Llenando ventana
615,5,WOA,poblacional,58208.0,58208.0,False,False,,,,,,,17,0,18,Llenando ventana
616,5,WOA,poblacional,58208.0,58208.0,False,False,,,,,,,18,0,19,Llenando ventana
617,5,WOA,poblacional,58208.0,58208.0,False,False,,,,,,,19,0,20,Llenando ventana
618,5,WOA,poblacional,58208.0,58208.0,False,False,,,,,,,20,0,21,Llenando ventana
619,5,WOA,poblacional,58208.0,58208.0,False,False,,,,,,,21,0,22,Llenando ventana
620,5,WOA,poblacional,58208.0,58208.0,False,False,,,,,,,22,0,23,Llenando ventana
621,5,WOA,poblacional,58208.0,58208.0,False,False,,,,,,,23,0,24,Llenando ventana
622,5,WOA,poblacional,58208.0,58208.0,False,False,,,,,,,24,0,25,Llenando ventana
623,5,WOA,poblacional,58208.0,58208.0,False,False,,,,,,,25,0,26,Llenando ventana
624,5,WOA,poblacional,58208.0,58208.0,False,False,,,,,,,26,0,27,Llenando ventana
625,5,WOA,poblacional,58208.0,58208.0,False,False,,,,,,,27,0,28,Llenando ventana
626,5,WOA,poblacional,58208.0,58208.0,False,False,,,,,,,28,0,29,Llenando ventana
627,5,WOA,poblacional,58208.0,58208.0,False,False,,,,,,,29,0,30,Llenando ventana
628,5,WOA,poblacional,58208.0,58208.0,False,False,,,,,,,30,0,31,Llenando ventana
629,5,WOA,poblacional,58208.0,58208.0,False,False,,,,,,,31,0,32,Llenando ventana
630,5,WOA,poblacional,58208.0,58208.0,False,False,,,,,,,32,0,33,Llenando ventana
631,5,WOA,poblacional,58208.0,58208.0,False,False,,,,,,,33,0,34,Llenando ventana
632,5,WOA,poblacional,58208.0,58208.0,False,False,,,,,,,34,0,35,Llenando ventana
633,5,WOA,poblacional,58208.0,58208.0,False,False,,,,,,,35,0,36,Llenando ventana
634,5,WOA,poblacional,58208.0,58208.0,False,False,,,,,,,36,0,37,Llenando ventana
635,5,WOA,poblacional,58208.0,58208.0,False,False,,,,,,,37,0,38,Llenando ventana
636,5,WOA,poblacional,58208.0,58208.0,False,False,,,,,,,38,0,39,Llenando ventana
637,5,WOA,poblacional,58208.0,58208.0,False,False,,,,,,,39,0,40,Llenando ventana
638,5,WOA,poblacional,58208.0,58208.0,False,False,,,,,,,40,0,41,Llenando ventana
639,5,WOA,poblacional,58208.0,58208.0,False,False,,,,,,,41,0,42,Llenando ventana
640,5,WOA,poblacional,58208.0,58208.0,False,False,,,,,,,42,0,43,Llenando ventana
641,5,WOA,poblacional,58208.0,58208.0,False,False,,,,,,,43,0,44,Llenando ventana
642,5,WOA,poblacional,58208.0,58208.0,False,False,,,,,,,44,0,45,Llenando ventana
643,5,WOA,poblacional,58208.0,58208.0,False,False,,,,,,,45,0,46,Llenando ventana
644,5,WOA,poblacional,58208.0,58208.0,False,False,,,,,,,46,0,47,Llenando ventana
645,5,WOA,poblacional,58208.0,58208.0,False,False,,,,,,,47,0,48,Llenando ventana
646,5,WOA,poblacional,58208.0,58208.0,False,False,,,,,,,48,0,49,Llenando ventana
647,5,WOA,poblacional,58208.0,58208.0,False,False,,,,,,,49,0,50,Llenando ventana
648,5,WOA,poblacional,58208.0,58208.0,False,False,,,,,,,50,0,51,Llenando ventana
649,5,WOA,poblacional,58208.0,58208.0,False,False,,,,,,,51,0,52,Llenando ventana
650,5,WOA,poblacional,58208.0,58208.0,False,False,,,,,,,52,0,53,Llenando ventana
651,5,WOA,poblacional,58208.0,58208.0,False,False,,,,,,,53,0,54,Llenando ventana
652,5,WOA,poblacional,58208.0,58208.0,False,False,,,,,,,54,0,55,Llenando ventana
653,5,WOA,poblacional,58208.0,58208.0,False,False,,,,,,,55,0,56,Llenando ventana
654,5,WOA,poblacional,58208.0,58208.0,False,False,,,,,,,0,0,57,Llenando ventana
655,5,WOA,poblacional,58208.0,58208.0,False,False,,,,,,,0,0,58,Llenando ventana
656,5,WOA,poblacional,58208.0,58208.0,False,False,,,,,,,1,0,59,Llenando ventana
657,5,WOA,poblacional,58208.0,58208.0,False,False,,,,,,,2,0,60,Llenando ventana
658,5,WOA,poblacional,58208.0,58208.0,False,False,,,,,,,3,0,61,Llenando ventana
659,5,WOA,poblacional,58208.0,58208.0,False,False,,,,,,,4,0,62,Llenando ventana
660,5,WOA,poblacional,58208.0,58208.0,False,False,,,,,,,5,0,63,Llenando ventana
661,5,WOA,poblacional,58208.0,58208.0,False,False,,,,,,,6,0,64,Llenando ventana
662,5,WOA,poblacional,58208.0,58208.0,False,False,,,,,,,7,0,65,Llenando ventana
663,5,WOA,poblacional,58208.0,58208.0,False,False,,,,,,,8,0,66,Llenando ventana
664,5,WOA,poblacional,58208.0,58208.0,False,False,,,,,,,9,0,67,Llenando ventana
665,5,WOA,poblacional,58208.0,58208.0,False,False,,,,,,,10,0,68,Llenando ventana
666,5,WOA,poblacional,58208.0,58208.0,False,False,,,,,,,11,0,69,Llenando ventana
667,5,WOA,poblacional,58208.0,58208.0,False,False,,,,,,,12,0,70,Llenando ventana
668,5,WOA,poblacional,58208.0,58208.0,False,False,,,,,,,13,0,71,Llenando ventana
669,5,WOA,poblacional,58208.0,58208.0,False,False,,,,,,,14,0,72,Llenando ventana
670,5,WOA,poblacional,58208.0,58208.0,False,False,,,,,,,15,0,73,Llenando ventana
671,5,WOA,poblacional,58208.0,58208.0,False,False,,,,,,,16,0,74,Llenando ventana
672,5,WOA,poblacional,58208.0,58208.0,True,False,2063.5,2033.0,30.5,7.5,37.5,22.5,17,0,75,Explotacion activa
673,5,WOA,poblacional,58208.0,58208.0,True,False,2164.5,2145.0,19.5,7.5,37.5,22.5,18,0,76,Explotacion activa
674,5,WOA,poblacional,58208.0,58208.0,True,False,2265.699999999997,2257.0,8.69999999999709,7.5,37.5,22.5,19,0,77,Explotacion activa
675,5,WOA,poblacional,58208.0,58208.0,True,False,2367.0999999999913,2369.0,-1.9000000000087311,7.5,37.5,22.5,20,0,78,Explotacion activa
676,5,WOA,poblacional,58208.0,58208.0,True,False,2468.699999999997,2481.0,-12.30000000000291,7.5,37.5,22.5,21,0,79,Explotacion activa
677,5,WOA,poblacional,58208.0,58208.0,True,False,2570.5,2593.0,-22.5,7.5,37.5,22.5,22,0,80,Explotacion activa
678,5,WOA,poblacional,58208.0,58208.0,True,False,2672.5,2705.0,-32.5,7.5,37.5,22.5,23,0,81,Explotacion activa
679,5,WOA,poblacional,58208.0,58208.0,True,False,2774.699999999997,2817.0,-42.30000000000291,7.5,37.5,22.5,24,0,82,Explotacion activa
680,5,WOA,poblacional,58208.0,58208.0,True,False,2877.0999999999913,2929.0,-51.90000000000873,7.5,37.5,22.5,25,0,83,Explotacion activa
681,5,WOA,poblacional,58208.0,58208.0,True,False,2979.699999999997,3041.0,-61.30000000000291,2335.4,2703.159999999999,1.2799999999930134,26,0,84,Explotacion activa
682,5,WOA,poblacional,58208.0,58208.0,True,False,3082.5,3153.0,-70.5,2369.0,2774.699999999997,-1.9000000000087311,27,0,85,Explotacion activa
683,5,WOA,poblacional,58208.0,58208.0,True,False,3185.5,3265.0,-79.5,2402.6,2846.379999999993,-5.020000000006992,28,0,86,Explotacion activa
684,5,WOA,poblacional,58208.0,58208.0,True,False,3288.699999999997,3377.0,-88.30000000000291,2436.2,2918.1399999999935,-8.140000000005253,29,0,87,Explotacion activa
685,5,WOA,poblacional,58208.0,58208.0,True,False,3392.0999999999913,3489.0,-96.90000000000873,2469.8,2989.9799999999973,-11.260000000003496,30,0,88,Explotacion activa
686,5,WOA,poblacional,58208.0,58208.0,True,False,3495.699999999997,3601.0,-105.30000000000291,2503.4,3061.939999999999,-14.34000000000234,31,0,89,Explotacion activa
687,5,WOA,poblacional,58208.0,58208.0,True,False,3599.5,3713.0,-113.5,2537.0,3134.0,-17.400000000001455,32,0,90,Explotacion activa
688,5,WOA,poblacional,58208.0,58208.0,True,False,3703.5,3825.0,-121.5,2570.6,3206.1399999999994,-20.46000000000059,33,0,91,Explotacion activa
689,5,WOA,poblacional,58208.0,58208.0,True,False,3807.699999999997,3937.0,-129.3000000000029,2604.2,3278.3799999999974,-23.500000000000014,34,0,92,Explotacion activa
690,5,WOA,poblacional,58208.0,58208.0,True,False,3912.0999999999913,4049.0,-136.90000000000873,2637.7999999999997,3350.7399999999934,-26.500000000000004,35,0,93,Explotacion activa
691,5,WOA,poblacional,58208.0,58208.0,True,False,4016.69999999999,4161.0,-144.3000000000102,2671.4,3423.179999999993,-29.50000000000001,36,0,94,Explotacion activa
692,5,WOA,poblacional,58208.0,58208.0,True,False,4121.299999999988,4273.0,-151.70000000001164,2705.0,3495.699999999997,-32.5,37,0,95,Explotacion activa
693,5,WOA,poblacional,58208.0,58208.0,True,False,4225.899999999987,4385.0,-159.1000000000131,2738.6,3568.359999999999,-35.44000000000088,38,0,96,Explotacion activa
694,5,WOA,poblacional,58208.0,58208.0,True,False,4330.499999999985,4497.0,-166.50000000001455,2772.2,3641.1,-38.38000000000176,39,0,97,Explotacion activa
695,5,WOA,poblacional,58208.0,58208.0,True,False,4435.099999999984,4609.0,-173.900000000016,2805.7999999999997,3713.9199999999996,-41.32000000000264,40,0,98,Explotacion activa
696,5,WOA,poblacional,58208.0,58208.0,True,False,4539.6999999999825,4721.0,-181.30000000001746,2839.4,3786.8599999999974,-44.2200000000041,41,0,99,Explotacion activa
697,6,TS,trayectoria,58208.0,58208.0,True,False,4644.299999999981,4833.0,-188.70000000001892,2873.0,3859.899999999994,-47.10000000000582,42,0,100,Explotacion activa
698,6,TS,trayectoria,58208.0,58208.0,True,False,4748.899999999987,4945.0,-196.1000000000131,2906.6,3933.019999999991,-49.98000000000757,43,0,101,Explotacion activa
699,6,TS,trayectoria,58208.0,58208.0,True,False,4853.69999999999,5057.0,-203.3000000000102,2940.2,4006.23999999999,-52.84000000000816,44,0,102,Explotacion activa
700,6,TS,trayectoria,58208.0,58208.0,True,False,4958.69999999999,5169.0,-210.3000000000102,2973.8,4079.4599999999887,-55.66000000000642,45,0,103,Explotacion activa
701,6,TS,trayectoria,58208.0,58208.0,True,False,5063.899999999987,5281.0,-217.1000000000131,3007.4,4152.679999999988,-58.48000000000469,46,0,104,Explotacion activa
702,6,TS,trayectoria,58208.0,58208.0,True,False,5169.299999999981,5393.0,-223.70000000001892,3041.0,4225.899999999987,-61.30000000000291,47,0,105,Explotacion activa
703,6,TS,trayectoria,58208.0,58208.0,True,False,5274.899999999987,5505.0,-230.1000000000131,3074.6,4299.119999999986,-64.06000000000205,48,0,106,Explotacion activa
704,6,TS,trayectoria,58208.0,58208.0,True,False,5380.69999999999,5617.0,-236.3000000000102,3108.2,4372.339999999985,-66.82000000000117,49,0,107,Explotacion activa
705,6,TS,trayectoria,58208.0,58208.0,True,False,5486.69999999999,5729.0,-242.3000000000102,3141.8,4445.559999999984,-69.58000000000031,50,0,108,Explotacion activa
706,6,TS,trayectoria,58208.0,58208.0,True,False,5592.899999999987,5841.0,-248.1000000000131,3175.4,4518.7799999999825,-72.30000000000003,51,0,109,Explotacion activa
707,6,TS,trayectoria,58208.0,58208.0,True,False,5699.299999999981,5953.0,-253.70000000001892,3209.0,4591.999999999982,-75.0,52,0,110,Explotacion activa
708,6,TS,trayectoria,58208.0,58208.0,True,False,5805.899999999987,6065.0,-259.1000000000131,3242.6,4665.219999999982,-77.7,53,0,111,Explotacion activa
709,6,TS,trayectoria,58208.0,58208.0,True,False,5912.69999999999,6177.0,-264.3000000000102,3276.2,4738.439999999986,-80.38000000000031,54,0,112,Explotacion activa
710,6,TS,trayectoria,58208.0,58208.0,True,False,6019.69999999999,6289.0,-269.3000000000102,3309.8,4811.779999999989,-83.02000000000119,55,0,113,Explotacion activa
711,6,TS,trayectoria,58208.0,58208.0,True,False,6126.899999999987,6401.0,-274.1000000000131,3343.4,4885.19999999999,-85.66000000000206,56,0,114,Explotacion activa
712,6,TS,trayectoria,58208.0,58208.0,True,False,6234.299999999981,6513.0,-278.7000000000189,3377.0,4958.69999999999,-88.30000000000291,57,0,115,Explotacion activa
713,6,TS,trayectoria,58208.0,58208.0,True,False,6341.899999999987,6625.0,-283.1000000000131,3410.6,5032.339999999987,-90.88000000000466,58,0,116,Explotacion activa
714,6,TS,trayectoria,58208.0,58208.0,True,False,6449.69999999999,6737.0,-287.3000000000102,3444.2,5106.059999999984,-93.46000000000642,59,0,117,Explotacion activa
715,6,TS,trayectoria,58208.0,58208.0,True,False,6557.69999999999,6849.0,-291.3000000000102,3477.8,5179.8599999999815,-96.04000000000816,60,0,118,Explotacion activa
716,6,TS,trayectoria,58208.0,58208.0,True,False,6665.899999999987,6961.0,-295.1000000000131,3511.4,5253.779999999985,-98.58000000000759,61,0,119,Explotacion activa
717,6,TS,trayectoria,58208.0,58208.0,True,False,6774.299999999981,7073.0,-298.7000000000189,3545.0,5327.799999999988,-101.10000000000585,62,0,120,Explotacion activa
718,6,TS,trayectoria,58208.0,58208.0,True,False,6882.899999999987,7185.0,-302.1000000000131,3578.6,5401.89999999999,-103.62000000000411,63,0,121,Explotacion activa
719,6,TS,trayectoria,58208.0,58208.0,True,False,6991.69999999999,7297.0,-305.3000000000102,3612.2,5476.099999999989,-106.12000000000263,64,0,122,Explotacion activa
720,6,TS,trayectoria,58208.0,58208.0,True,False,7100.69999999999,7409.0,-308.3000000000102,3645.7999999999997,5550.419999999987,-108.58000000000179,65,0,123,Explotacion activa
721,6,TS,trayectoria,58208.0,58208.0,True,False,7209.899999999987,7521.0,-311.1000000000131,3679.4,5624.819999999985,-111.0400000000009,66,0,124,Explotacion activa
722,6,TS,trayectoria,58208.0,58208.0,True,False,7319.299999999981,7633.0,-313.7000000000189,3713.0,5699.299999999981,-113.5,67,0,125,Explotacion activa
723,6,TS,trayectoria,58208.0,58208.0,True,False,7428.899999999987,7745.0,-316.1000000000131,3746.6,5773.919999999985,-115.90000000000003,68,0,126,Explotacion activa
724,6,TS,trayectoria,58208.0,58208.0,True,False,7538.69999999999,7857.0,-318.3000000000102,3780.2,5848.619999999988,-118.30000000000001,69,0,127,Explotacion activa
725,6,TS,trayectoria,58208.0,58208.0,True,False,7648.69999999999,7969.0,-320.3000000000102,3813.7999999999997,5923.39999999999,-120.70000000000005,70,0,128,Explotacion activa
726,6,TS,trayectoria,58208.0,58208.0,True,False,7758.899999999987,8081.0,-322.1000000000131,3847.4,5998.299999999989,-123.0600000000006,71,0,129,Explotacion activa
727,6,TS,trayectoria,58208.0,58208.0,True,False,7869.299999999981,8193.0,-323.7000000000189,3881.0,6073.299999999988,-125.40000000000146,72,0,130,Explotacion activa
728,6,TS,trayectoria,58208.0,58208.0,True,False,6706.299999999981,7030.0,-323.7000000000189,3914.6,6148.379999999986,-127.74000000000237,73,0,131,Explotacion activa
729,6,TS,trayectoria,58208.0,58208.0,True,False,277.5,0.0,277.5,3836.2,6116.179999999987,-122.2800000000003,74,1,132,Explotacion activa
730,6,TS,trayectoria,58208.0,58208.0,True,False,277.5,0.0,277.5,3757.7999999999997,6084.019999999988,-116.70000000000005,75,2,133,Explotacion activa
731,6,TS,trayectoria,58208.0,58208.0,True,False,277.5,0.0,277.5,3679.4,6051.859999999989,-111.0400000000009,76,3,134,Explotacion activa
732,6,TS,trayectoria,58208.0,58208.0,True,False,277.5,0.0,277.5,3601.0,6019.69999999999,-105.30000000000291,77,4,135,Explotacion activa
733,6,TS,trayectoria,58208.0,58208.0,True,False,277.5,0.0,277.5,3522.6,5987.599999999989,-99.42000000000702,78,5,136,Explotacion activa
734,6,TS,trayectoria,58208.0,58208.0,True,False,277.5,0.0,277.5,3444.2,5955.49999999999,-93.46000000000642,79,6,137,Explotacion activa
735,6,TS,trayectoria,58208.0,58208.0,True,False,277.5,0.0,277.5,3365.7999999999997,5923.39999999999,-87.42000000000267,80,7,138,Explotacion activa
736,6,TS,trayectoria,58208.0,58208.0,True,False,277.5,0.0,277.5,3287.4,5891.339999999989,-81.2600000000006,81,8,139,Explotacion activa
737,6,TS,trayectoria,58208.0,58208.0,True,False,277.5,0.0,277.5,3209.0,5859.299999999988,-75.0,82,9,140,Explotacion activa
738,6,TS,trayectoria,58208.0,58208.0,True,False,277.5,0.0,277.5,3130.6,5827.2599999999875,-68.66000000000062,83,10,141,Explotacion activa
739,6,TS,trayectoria,58208.0,58208.0,True,False,277.5,0.0,277.5,3052.2,5795.239999999986,-62.220000000002635,84,11,142,Explotacion activa
740,6,TS,trayectoria,58208.0,58208.0,True,False,277.5,0.0,277.5,2973.7999999999997,5763.259999999984,-55.660000000006455,85,12,143,Explotacion activa
741,6,TS,trayectoria,58208.0,58208.0,True,False,277.5,0.0,277.5,2895.4,5731.2799999999825,-49.02000000000701,86,13,144,Explotacion activa
742,6,TS,trayectoria,58208.0,58208.0,True,False,277.5,0.0,277.5,2817.0,5699.299999999981,-42.30000000000291,87,14,145,Explotacion activa
743,6,TS,trayectoria,58208.0,58208.0,True,False,277.5,0.0,277.5,2738.6,5667.379999999983,-35.440000000000914,88,15,146,Explotacion activa
744,6,TS,trayectoria,58208.0,58208.0,True,False,277.5,0.0,277.5,2660.2,5635.459999999985,-28.500000000000014,89,16,147,Explotacion activa
745,6,TS,trayectoria,58208.0,58208.0,True,False,277.5,0.0,277.5,2581.7999999999997,5603.539999999985,-21.48000000000035,90,17,148,Explotacion activa
746,6,TS,trayectoria,58208.0,58208.0,True,False,277.5,0.0,277.5,2503.4,5571.659999999987,-14.340000000002357,91,18,149,Explotacion activa
747,6,TS,trayectoria,58208.0,58208.0,True,False,277.5,0.0,277.5,2425.0,5539.799999999988,-7.100000000005821,92,19,150,Explotacion activa
748,6,TS,trayectoria,58208.0,58208.0,True,False,277.5,0.0,277.5,2346.6,5507.939999999989,0.21999999999238762,93,20,151,Explotacion activa
749,6,TS,trayectoria,58208.0,58208.0,True,False,277.5,0.0,277.5,2268.2,5476.099999999989,7.639999999996492,94,21,152,Explotacion activa
750,6,TS,trayectoria,58208.0,58208.0,True,False,277.5,0.0,277.5,2189.7999999999997,5444.299999999989,15.179999999998774,95,22,153,Explotacion activa
751,6,TS,trayectoria,58208.0,58208.0,True,False,277.5,0.0,277.5,2111.4,5412.499999999989,22.79999999999997,96,23,154,Explotacion activa
752,6,TS,trayectoria,58208.0,58208.0,True,False,277.5,0.0,277.5,2033.0,5380.69999999999,30.5,97,24,155,Explotacion activa
753,6,TS,trayectoria,58208.0,58208.0,True,True,277.5,0.0,277.5,609.9000000000015,5348.959999999988,203.39999999999895,98,25,156,ESTANCAMIENTO (Fire)
754,6,TS,trayectoria,58208.0,58208.0,False,False,,,,,,,0,0,1,Llenando ventana
755,6,TS,trayectoria,58208.0,58208.0,False,False,,,,,,,1,0,2,Llenando ventana
756,6,TS,trayectoria,58208.0,58208.0,False,False,,,,,,,2,0,3,Llenando ventana
757,6,TS,trayectoria,58208.0,58208.0,False,False,,,,,,,3,0,4,Llenando ventana
758,6,TS,trayectoria,58208.0,58208.0,False,False,,,,,,,4,0,5,Llenando ventana
759,6,TS,trayectoria,58208.0,58208.0,False,False,,,,,,,5,0,6,Llenando ventana
760,6,TS,trayectoria,58208.0,58208.0,False,False,,,,,,,6,0,7,Llenando ventana
761,6,TS,trayectoria,58208.0,58208.0,False,False,,,,,,,7,0,8,Llenando ventana
762,6,TS,trayectoria,58208.0,58208.0,False,False,,,,,,,8,0,9,Llenando ventana
763,6,TS,trayectoria,58208.0,58208.0,False,False,,,,,,,9,0,10,Llenando ventana
764,6,TS,trayectoria,58208.0,58208.0,False,False,,,,,,,10,0,11,Llenando ventana
765,6,TS,trayectoria,58208.0,58208.0,False,False,,,,,,,11,0,12,Llenando ventana
766,6,TS,trayectoria,58208.0,58208.0,False,False,,,,,,,12,0,13,Llenando ventana
767,6,TS,trayectoria,58208.0,58208.0,False,False,,,,,,,13,0,14,Llenando ventana
768,6,TS,trayectoria,58208.0,58208.0,False,False,,,,,,,14,0,15,Llenando ventana
769,6,TS,trayectoria,58208.0,58208.0,False,False,,,,,,,15,0,16,Llenando ventana
770,6,TS,trayectoria,58208.0,58208.0,False,False,,,,,,,16,0,17,Llenando ventana
771,6,TS,trayectoria,58208.0,58208.0,False,False,,,277.5,,,,17,0,18,Llenando ventana
772,6,TS,trayectoria,58208.0,58208.0,False,False,,,277.5,,,,18,0,19,Llenando ventana
773,6,TS,trayectoria,58208.0,58208.0,False,False,,,277.5,,,,19,0,20,Llenando ventana
774,6,TS,trayectoria,58208.0,58208.0,False,False,,,277.5,,,,20,0,21,Llenando ventana
775,6,TS,trayectoria,58208.0,58208.0,False,False,,,277.5,,,,21,0,22,Llenando ventana
776,6,TS,trayectoria,58208.0,58208.0,False,False,,,277.5,,,,22,0,23,Llenando ventana
777,6,TS,trayectoria,58208.0,58208.0,False,False,,,277.5,,,,23,0,24,Llenando ventana
778,6,TS,trayectoria,58208.0,58208.0,False,False,,,277.5,,,,24,0,25,Llenando ventana
779,6,TS,trayectoria,58208.0,58208.0,False,False,,,277.5,,,,25,0,26,Llenando ventana
780,6,TS,trayectoria,58208.0,58208.0,False,False,,,277.5,,,,26,0,27,Llenando ventana
781,6,TS,trayectoria,58208.0,58208.0,False,False,,,277.5,,,,27,0,28,Llenando ventana
782,6,TS,trayectoria,58208.0,58208.0,False,False,,,277.5,,,,28,0,29,Llenando ventana
783,6,TS,trayectoria,58208.0,58208.0,False,False,,,277.5,,,,29,0,30,Llenando ventana
784,6,TS,trayectoria,58208.0,58208.0,False,False,,,277.5,,,,30,0,31,Llenando ventana
785,6,TS,trayectoria,58208.0,58208.0,False,False,,,277.5,,,,31,0,32,Llenando ventana
786,6,TS,trayectoria,58208.0,58208.0,False,False,,,277.5,,,,32,0,33,Llenando ventana
787,6,TS,trayectoria,58208.0,58208.0,False,False,,,277.5,,,,33,0,34,Llenando ventana
788,6,TS,trayectoria,58208.0,58208.0,False,False,,,277.5,,,,34,0,35,Llenando ventana
789,6,TS,trayectoria,58208.0,58208.0,False,False,,,277.5,,,,35,0,36,Llenando ventana
790,6,TS,trayectoria,58208.0,58208.0,False,False,,,277.5,,,,36,0,37,Llenando ventana
791,6,TS,trayectoria,58208.0,58208.0,False,False,,,277.5,,,,37,0,38,Llenando ventana
792,6,TS,trayectoria,58208.0,58208.0,False,False,,,277.5,,,,38,0,39,Llenando ventana
793,6,TS,trayectoria,58208.0,58208.0,False,False,,,277.5,,,,39,0,40,Llenando ventana
794,6,TS,trayectoria,58208.0,58208.0,False,False,,,277.5,,,,40,0,41,Llenando ventana
795,6,TS,trayectoria,58208.0,58208.0,False,False,,,277.5,,,,41,0,42,Llenando ventana
796,7,WOA,poblacional,58208.0,58208.0,False,False,,,,,,,42,0,43,Llenando ventana
797,7,WOA,poblacional,58208.0,58208.0,False,False,,,,,,,43,0,44,Llenando ventana
798,7,WOA,poblacional,58208.0,58208.0,False,False,,,,,,,44,0,45,Llenando ventana
799,7,WOA,poblacional,58208.0,58208.0,False,False,,,,,,,45,0,46,Llenando ventana
800,7,WOA,poblacional,58208.0,58208.0,False,False,,,,,,,46,0,47,Llenando ventana
801,7,WOA,poblacional,58208.0,58208.0,False,False,,,,,,,47,0,48,Llenando ventana
802,7,WOA,poblacional,58208.0,58208.0,False,False,,,,,,,48,0,49,Llenando ventana
803,7,WOA,poblacional,58208.0,58208.0,False,False,,,,,,,49,0,50,Llenando ventana
804,7,WOA,poblacional,58208.0,58208.0,False,False,,,,,,,50,0,51,Llenando ventana
805,7,WOA,poblacional,58208.0,58208.0,False,False,,,,,,,51,0,52,Llenando ventana
806,7,WOA,poblacional,58208.0,58208.0,False,False,,,,,,,52,0,53,Llenando ventana
807,7,WOA,poblacional,58208.0,58208.0,False,False,,,,,,,53,0,54,Llenando ventana
808,7,WOA,poblacional,58208.0,58208.0,False,False,,,,,,,54,0,55,Llenando ventana
809,7,WOA,poblacional,58208.0,58208.0,False,False,,,,,,,55,0,56,Llenando ventana
810,7,WOA,poblacional,58208.0,58208.0,False,False,,,,,,,56,0,57,Llenando ventana
811,7,WOA,poblacional,58208.0,58208.0,False,False,,,,,,,57,0,58,Llenando ventana
812,7,WOA,poblacional,58208.0,58208.0,False,False,,,,,,,58,0,59,Llenando ventana
813,7,WOA,poblacional,58208.0,58208.0,False,False,,,,,,,59,0,60,Llenando ventana
814,7,WOA,poblacional,58208.0,58208.0,False,False,,,,,,,60,0,61,Llenando ventana
815,7,WOA,poblacional,58208.0,58208.0,False,False,,,,,,,61,0,62,Llenando ventana
816,7,WOA,poblacional,58208.0,58208.0,False,False,,,,,,,62,0,63,Llenando ventana
817,7,WOA,poblacional,58208.0,58208.0,False,False,,,,,,,63,0,64,Llenando ventana
818,7,WOA,poblacional,58208.0,58208.0,False,False,,,,,,,64,0,65,Llenando ventana
819,7,WOA,poblacional,58208.0,58208.0,False,False,,,,,,,65,0,66,Llenando ventana
820,7,WOA,poblacional,58208.0,58208.0,False,False,,,,,,,66,0,67,Llenando ventana
821,7,WOA,poblacional,58208.0,58208.0,False,False,,,,,,,67,0,68,Llenando ventana
822,7,WOA,poblacional,58208.0,58208.0,False,False,,,,,,,68,0,69,Llenando ventana
823,7,WOA,poblacional,58208.0,58208.0,False,False,,,,,,,69,0,70,Llenando ventana
824,7,WOA,poblacional,58208.0,58208.0,False,False,,,,,,,70,0,71,Llenando ventana
825,7,WOA,poblacional,58208.0,58208.0,False,False,,,,,,,71,0,72,Llenando ventana
826,7,WOA,poblacional,58208.0,58208.0,False,False,,,,,,,72,0,73,Llenando ventana
827,7,WOA,poblacional,58208.0,58208.0,False,False,,,,,,,73,0,74,Llenando ventana
828,7,WOA,poblacional,58208.0,58208.0,True,False,277.5,0.0,277.5,7.5,37.5,22.5,74,1,75,Explotacion activa
829,7,WOA,poblacional,58208.0,58208.0,True,False,277.5,0.0,277.5,7.5,37.5,22.5,75,2,76,Explotacion activa
830,7,WOA,poblacional,58208.0,58208.0,True,False,277.5,0.0,277.5,7.5,37.5,22.5,76,3,77,Explotacion activa
831,7,WOA,poblacional,58208.0,58208.0,True,False,277.5,0.0,277.5,7.5,37.5,22.5,77,4,78,Explotacion activa
832,7,WOA,poblacional,58208.0,58208.0,True,False,277.5,0.0,277.5,7.5,37.5,22.5,78,5,79,Explotacion activa
833,7,WOA,poblacional,58208.0,58208.0,True,False,277.5,0.0,277.5,7.5,37.5,22.5,79,6,80,Explotacion activa
834,7,WOA,poblacional,58208.0,58208.0,True,False,277.5,0.0,277.5,7.5,37.5,22.5,80,7,81,Explotacion activa
835,7,WOA,poblacional,58208.0,58208.0,True,False,277.5,0.0,277.5,7.5,37.5,22.5,81,8,82,Explotacion activa
836,7,WOA,poblacional,58208.0,58208.0,True,False,277.5,0.0,277.5,7.5,37.5,22.5,82,9,83,Explotacion activa
837,7,WOA,poblacional,58208.0,58208.0,True,False,277.5,0.0,277.5,0.0,277.5,277.5,83,10,84,Explotacion activa
838,7,WOA,poblacional,58208.0,58208.0,True,False,277.5,0.0,277.5,0.0,277.5,277.5,84,11,85,Explotacion activa
839,7,WOA,poblacional,58208.0,58208.0,True,False,277.5,0.0,277.5,0.0,277.5,277.5,85,12,86,Explotacion activa
840,7,WOA,poblacional,58208.0,58208.0,True,False,277.5,0.0,277.5,0.0,277.5,277.5,86,13,87,Explotacion activa
841,7,WOA,poblacional,58208.0,58208.0,True,False,277.5,0.0,277.5,0.0,277.5,277.5,87,14,88,Explotacion activa
842,7,WOA,poblacional,58208.0,58208.0,True,False,277.5,0.0,277.5,0.0,277.5,277.5,88,15,89,Explotacion activa
843,7,WOA,poblacional,58208.0,58208.0,True,False,277.5,0.0,277.5,0.0,277.5,277.5,89,16,90,Explotacion activa
844,7,WOA,poblacional,58208.0,58208.0,True,False,277.5,0.0,277.5,0.0,277.5,277.5,90,17,91,Explotacion activa
845,7,WOA,poblacional,58208.0,58208.0,True,False,277.5,0.0,277.5,0.0,277.5,277.5,91,18,92,Explotacion activa
846,7,WOA,poblacional,58208.0,58208.0,True,False,277.5,0.0,277.5,0.0,277.5,277.5,92,19,93,Explotacion activa
847,7,WOA,poblacional,58208.0,58208.0,True,False,277.5,0.0,277.5,0.0,277.5,277.5,93,20,94,Explotacion activa
848,7,WOA,poblacional,58208.0,58208.0,True,False,277.5,0.0,277.5,0.0,277.5,277.5,94,21,95,Explotacion activa
849,7,WOA,poblacional,58208.0,58208.0,True,False,277.5,0.0,277.5,0.0,277.5,277.5,95,22,96,Explotacion activa
850,7,WOA,poblacional,58208.0,58208.0,True,False,277.5,0.0,277.5,0.0,277.5,277.5,96,23,97,Explotacion activa
851,7,WOA,poblacional,58208.0,58208.0,True,False,277.5,0.0,277.5,0.0,277.5,277.5,97,24,98,Explotacion activa
852,7,WOA,poblacional,58208.0,58208.0,True,True,277.5,0.0,277.5,0.0,277.5,277.5,98,25,99,ESTANCAMIENTO (Fire)
853,7,WOA,poblacional,58208.0,58208.0,False,False,,,,,,,0,0,1,Llenando ventana
854,7,WOA,poblacional,58208.0,58208.0,False,False,,,,,,,1,0,2,Llenando ventana
855,7,WOA,poblacional,58208.0,58208.0,False,False,,,,,,,2,0,3,Llenando ventana
856,7,WOA,poblacional,58208.0,58208.0,False,False,,,,,,,3,0,4,Llenando ventana
857,7,WOA,poblacional,58208.0,58208.0,False,False,,,,,,,4,0,5,Llenando ventana
858,7,WOA,poblacional,58208.0,58208.0,False,False,,,,,,,5,0,6,Llenando ventana
859,7,WOA,poblacional,58208.0,58208.0,False,False,,,,,,,6,0,7,Llenando ventana
860,7,WOA,poblacional,58208.0,58208.0,False,False,,,,,,,7,0,8,Llenando ventana
861,7,WOA,poblacional,58208.0,58208.0,False,False,,,,,,,8,0,9,Llenando ventana
862,7,WOA,poblacional,58208.0,58208.0,False,False,,,,,,,9,0,10,Llenando ventana
863,7,WOA,poblacional,58208.0,58208.0,False,False,,,,,,,10,0,11,Llenando ventana
864,7,WOA,poblacional,58208.0,58208.0,False,False,,,,,,,11,0,12,Llenando ventana
865,7,WOA,poblacional,58208.0,58208.0,False,False,,,,,,,12,0,13,Llenando ventana
866,7,WOA,poblacional,58208.0,58208.0,False,False,,,,,,,13,0,14,Llenando ventana
867,7,WOA,poblacional,58208.0,58208.0,False,False,,,,,,,14,0,15,Llenando ventana
868,7,WOA,poblacional,58208.0,58208.0,False,False,,,,,,,15,0,16,Llenando ventana
869,7,WOA,poblacional,58208.0,58208.0,False,False,,,,,,,16,0,17,Llenando ventana
870,7,WOA,poblacional,58208.0,58208.0,False,False,,,277.5,,,,17,0,18,Llenando ventana
871,7,WOA,poblacional,58208.0,58208.0,False,False,,,277.5,,,,18,0,19,Llenando ventana
872,7,WOA,poblacional,58208.0,58208.0,False,False,,,277.5,,,,19,0,20,Llenando ventana
873,7,WOA,poblacional,58208.0,58208.0,False,False,,,277.5,,,,20,0,21,Llenando ventana
874,7,WOA,poblacional,58208.0,58208.0,False,False,,,277.5,,,,21,0,22,Llenando ventana
875,7,WOA,poblacional,58208.0,58208.0,False,False,,,277.5,,,,22,0,23,Llenando ventana
876,7,WOA,poblacional,58208.0,58208.0,False,False,,,277.5,,,,23,0,24,Llenando ventana
877,7,WOA,poblacional,58208.0,58208.0,False,False,,,277.5,,,,24,0,25,Llenando ventana
878,7,WOA,poblacional,58208.0,58208.0,False,False,,,277.5,,,,25,0,26,Llenando ventana
879,7,WOA,poblacional,58208.0,58208.0,False,False,,,277.5,,,,26,0,27,Llenando ventana
880,7,WOA,poblacional,58208.0,58208.0,False,False,,,277.5,,,,27,0,28,Llenando ventana
881,7,WOA,poblacional,58208.0,58208.0,False,False,,,277.5,,,,28,0,29,Llenando ventana
882,7,WOA,poblacional,58208.0,58208.0,False,False,,,277.5,,,,29,0,30,Llenando ventana
883,7,WOA,poblacional,58208.0,58208.0,False,False,,,277.5,,,,30,0,31,Llenando ventana
884,7,WOA,poblacional,58208.0,58208.0,False,False,,,277.5,,,,31,0,32,Llenando ventana
885,7,WOA,poblacional,58208.0,58208.0,False,False,,,277.5,,,,32,0,33,Llenando ventana
886,7,WOA,poblacional,58208.0,58208.0,False,False,,,277.5,,,,33,0,34,Llenando ventana
887,7,WOA,poblacional,58208.0,58208.0,False,False,,,277.5,,,,34,0,35,Llenando ventana
888,7,WOA,poblacional,58208.0,58208.0,False,False,,,277.5,,,,35,0,36,Llenando ventana
889,7,WOA,poblacional,58208.0,58208.0,False,False,,,277.5,,,,36,0,37,Llenando ventana
890,7,WOA,poblacional,58208.0,58208.0,False,False,,,277.5,,,,37,0,38,Llenando ventana
891,7,WOA,poblacional,58208.0,58208.0,False,False,,,277.5,,,,38,0,39,Llenando ventana
892,7,WOA,poblacional,58208.0,58208.0,False,False,,,277.5,,,,39,0,40,Llenando ventana
893,7,WOA,poblacional,58208.0,58208.0,False,False,,,277.5,,,,40,0,41,Llenando ventana
894,7,WOA,poblacional,58208.0,58208.0,False,False,,,277.5,,,,41,0,42,Llenando ventana
895,8,ILS,trayectoria,58208.0,58208.0,False,False,,,,,,,42,0,43,Llenando ventana
896,8,ILS,trayectoria,58208.0,58208.0,False,False,,,,,,,43,0,44,Llenando ventana
897,8,ILS,trayectoria,58208.0,58208.0,False,False,,,,,,,44,0,45,Llenando ventana
898,8,ILS,trayectoria,58208.0,58208.0,False,False,,,,,,,45,0,46,Llenando ventana
899,8,ILS,trayectoria,58208.0,58208.0,False,False,,,,,,,46,0,47,Llenando ventana
900,8,ILS,trayectoria,58208.0,58208.0,False,False,,,,,,,47,0,48,Llenando ventana
901,8,ILS,trayectoria,58208.0,58208.0,False,False,,,,,,,48,0,49,Llenando ventana
902,8,ILS,trayectoria,58208.0,58208.0,False,False,,,,,,,49,0,50,Llenando ventana
903,8,ILS,trayectoria,58208.0,58208.0,False,False,,,,,,,50,0,51,Llenando ventana
904,8,ILS,trayectoria,58208.0,58208.0,False,False,,,,,,,51,0,52,Llenando ventana
905,8,ILS,trayectoria,58208.0,58208.0,False,False,,,,,,,52,0,53,Llenando ventana
906,8,ILS,trayectoria,58208.0,58208.0,False,False,,,,,,,53,0,54,Llenando ventana
907,8,ILS,trayectoria,58208.0,58208.0,False,False,,,,,,,54,0,55,Llenando ventana
908,8,ILS,trayectoria,58208.0,58208.0,False,False,,,,,,,55,0,56,Llenando ventana
909,8,ILS,trayectoria,58208.0,58208.0,False,False,,,,,,,56,0,57,Llenando ventana
910,8,ILS,trayectoria,58208.0,58208.0,False,False,,,,,,,57,0,58,Llenando ventana
911,8,ILS,trayectoria,58208.0,58208.0,False,False,,,,,,,58,0,59,Llenando ventana
912,8,ILS,trayectoria,58208.0,58208.0,False,False,,,,,,,59,0,60,Llenando ventana
913,8,ILS,trayectoria,58208.0,58208.0,False,False,,,,,,,60,0,61,Llenando ventana
914,8,ILS,trayectoria,58208.0,58208.0,False,False,,,,,,,61,0,62,Llenando ventana
915,8,ILS,trayectoria,58208.0,58208.0,False,False,,,,,,,62,0,63,Llenando ventana
916,8,ILS,trayectoria,58208.0,58208.0,False,False,,,,,,,63,0,64,Llenando ventana
917,8,ILS,trayectoria,58208.0,58208.0,False,False,,,,,,,64,0,65,Llenando ventana
918,8,ILS,trayectoria,58208.0,58208.0,False,False,,,,,,,65,0,66,Llenando ventana
919,8,ILS,trayectoria,58208.0,58208.0,False,False,,,,,,,66,0,67,Llenando ventana
920,8,ILS,trayectoria,58208.0,58208.0,False,False,,,,,,,67,0,68,Llenando ventana
921,8,ILS,trayectoria,58208.0,58208.0,False,False,,,,,,,68,0,69,Llenando ventana
922,8,ILS,trayectoria,58208.0,58208.0,False,False,,,,,,,69,0,70,Llenando ventana
923,8,ILS,trayectoria,58208.0,58208.0,False,False,,,,,,,70,0,71,Llenando ventana
924,8,ILS,trayectoria,58208.0,58208.0,False,False,,,,,,,71,0,72,Llenando ventana
925,8,ILS,trayectoria,58208.0,58208.0,False,False,,,,,,,72,0,73,Llenando ventana
926,8,ILS,trayectoria,58208.0,58208.0,False,False,,,,,,,73,0,74,Llenando ventana
927,8,ILS,trayectoria,58208.0,58208.0,True,False,277.5,0.0,277.5,7.5,37.5,22.5,74,1,75,Explotacion activa
928,8,ILS,trayectoria,58208.0,58208.0,True,False,277.5,0.0,277.5,7.5,37.5,22.5,75,2,76,Explotacion activa
929,8,ILS,trayectoria,58208.0,58208.0,True,False,277.5,0.0,277.5,7.5,37.5,22.5,76,3,77,Explotacion activa
930,8,ILS,trayectoria,58208.0,58208.0,True,False,277.5,0.0,277.5,7.5,37.5,22.5,77,4,78,Explotacion activa
931,8,ILS,trayectoria,58208.0,58208.0,True,False,277.5,0.0,277.5,7.5,37.5,22.5,78,5,79,Explotacion activa
932,8,ILS,trayectoria,58208.0,58208.0,True,False,277.5,0.0,277.5,7.5,37.5,22.5,79,6,80,Explotacion activa
933,8,ILS,trayectoria,58208.0,58208.0,True,False,277.5,0.0,277.5,7.5,37.5,22.5,80,7,81,Explotacion activa
934,8,ILS,trayectoria,58208.0,58208.0,True,False,277.5,0.0,277.5,7.5,37.5,22.5,81,8,82,Explotacion activa
935,8,ILS,trayectoria,58208.0,58208.0,True,False,277.5,0.0,277.5,7.5,37.5,22.5,82,9,83,Explotacion activa
936,8,ILS,trayectoria,58208.0,58208.0,True,False,277.5,0.0,277.5,0.0,277.5,277.5,83,10,84,Explotacion activa
937,8,ILS,trayectoria,58208.0,58208.0,True,False,277.5,0.0,277.5,0.0,277.5,277.5,84,11,85,Explotacion activa
938,8,ILS,trayectoria,58208.0,58208.0,True,False,277.5,0.0,277.5,0.0,277.5,277.5,85,12,86,Explotacion activa
939,8,ILS,trayectoria,58208.0,58208.0,True,False,277.5,0.0,277.5,0.0,277.5,277.5,86,13,87,Explotacion activa
940,8,ILS,trayectoria,58208.0,58208.0,True,False,277.5,0.0,277.5,0.0,277.5,277.5,87,14,88,Explotacion activa
941,8,ILS,trayectoria,58208.0,58208.0,True,False,277.5,0.0,277.5,0.0,277.5,277.5,88,15,89,Explotacion activa
942,8,ILS,trayectoria,58208.0,58208.0,True,False,277.5,0.0,277.5,0.0,277.5,277.5,89,16,90,Explotacion activa
943,8,ILS,trayectoria,58208.0,58208.0,True,False,277.5,0.0,277.5,0.0,277.5,277.5,90,17,91,Explotacion activa
944,8,ILS,trayectoria,58208.0,58208.0,True,False,277.5,0.0,277.5,0.0,277.5,277.5,91,18,92,Explotacion activa
945,8,ILS,trayectoria,58208.0,58208.0,True,False,277.5,0.0,277.5,0.0,277.5,277.5,92,19,93,Explotacion activa
946,8,ILS,trayectoria,58208.0,58208.0,True,False,277.5,0.0,277.5,0.0,277.5,277.5,93,20,94,Explotacion activa
947,8,ILS,trayectoria,58208.0,58208.0,True,False,277.5,0.0,277.5,0.0,277.5,277.5,94,21,95,Explotacion activa
948,8,ILS,trayectoria,58208.0,58208.0,True,False,277.5,0.0,277.5,0.0,277.5,277.5,95,22,96,Explotacion activa
949,8,ILS,trayectoria,58208.0,58208.0,True,False,277.5,0.0,277.5,0.0,277.5,277.5,96,23,97,Explotacion activa
950,8,ILS,trayectoria,58208.0,58208.0,True,False,277.5,0.0,277.5,0.0,277.5,277.5,97,24,98,Explotacion activa
951,8,ILS,trayectoria,58225.0,58225.0,True,True,277.5,0.0,277.5,0.0,277.5,277.5,98,25,99,ESTANCAMIENTO (Fire)
952,8,ILS,trayectoria,58320.0,58320.0,False,False,,,,,,,0,0,1,Llenando ventana
953,8,ILS,trayectoria,58320.0,58320.0,False,False,,,,,,,1,0,2,Llenando ventana
954,8,ILS,trayectoria,58320.0,58320.0,False,False,,,,,,,2,0,3,Llenando ventana
955,8,ILS,trayectoria,58320.0,58320.0,False,False,,,,,,,3,0,4,Llenando ventana
956,8,ILS,trayectoria,58320.0,58320.0,False,False,,,,,,,4,0,5,Llenando ventana
957,8,ILS,trayectoria,58320.0,58320.0,False,False,,,,,,,5,0,6,Llenando ventana
958,8,ILS,trayectoria,58320.0,58320.0,False,False,,,,,,,6,0,7,Llenando ventana
959,8,ILS,trayectoria,58320.0,58320.0,False,False,,,,,,,7,0,8,Llenando ventana
960,8,ILS,trayectoria,58320.0,58320.0,False,False,,,,,,,8,0,9,Llenando ventana
961,8,ILS,trayectoria,58320.0,58320.0,False,False,,,,,,,9,0,10,Llenando ventana
962,8,ILS,trayectoria,58320.0,58320.0,False,False,,,,,,,10,0,11,Llenando ventana
963,8,ILS,trayectoria,58320.0,58320.0,False,False,,,,,,,11,0,12,Llenando ventana
964,8,ILS,trayectoria,58320.0,58320.0,False,False,,,,,,,12,0,13,Llenando ventana
965,8,ILS,trayectoria,58320.0,58320.0,False,False,,,,,,,13,0,14,Llenando ventana
966,8,ILS,trayectoria,58320.0,58320.0,False,False,,,,,,,14,0,15,Llenando ventana
967,8,ILS,trayectoria,58320.0,58320.0,False,False,,,,,,,15,0,16,Llenando ventana
968,8,ILS,trayectoria,58320.0,58320.0,False,False,,,,,,,16,0,17,Llenando ventana
969,8,ILS,trayectoria,58320.0,58320.0,False,False,,,30.5,,,,17,0,18,Llenando ventana
970,8,ILS,trayectoria,58320.0,58320.0,False,False,,,19.5,,,,18,0,19,Llenando ventana
971,8,ILS,trayectoria,58320.0,58320.0,False,False,,,8.69999999999709,,,,19,0,20,Llenando ventana
972,8,ILS,trayectoria,58320.0,58320.0,False,False,,,-1.9000000000087311,,,,20,0,21,Llenando ventana
973,8,ILS,trayectoria,58320.0,58320.0,False,False,,,-12.30000000000291,,,,21,0,22,Llenando ventana
974,8,ILS,trayectoria,58320.0,58320.0,False,False,,,-22.5,,,,22,0,23,Llenando ventana
975,8,ILS,trayectoria,58320.0,58320.0,False,False,,,-32.5,,,,23,0,24,Llenando ventana
976,8,ILS,trayectoria,58320.0,58320.0,False,False,,,-42.30000000000291,,,,24,0,25,Llenando ventana
977,8,ILS,trayectoria,58320.0,58320.0,False,False,,,-51.90000000000873,,,,25,0,26,Llenando ventana
978,8,ILS,trayectoria,58320.0,58320.0,False,False,,,-61.30000000000291,,,,26,0,27,Llenando ventana
979,8,ILS,trayectoria,58320.0,58320.0,False,False,,,-70.5,,,,27,0,28,Llenando ventana
980,8,ILS,trayectoria,58320.0,58320.0,False,False,,,-79.5,,,,28,0,29,Llenando ventana
981,8,ILS,trayectoria,58320.0,58320.0,False,False,,,-88.30000000000291,,,,29,0,30,Llenando ventana
982,8,ILS,trayectoria,58320.0,58320.0,False,False,,,-96.90000000000873,,,,30,0,31,Llenando ventana
983,8,ILS,trayectoria,58320.0,58320.0,False,False,,,-105.30000000000291,,,,31,0,32,Llenando ventana
984,8,ILS,trayectoria,58320.0,58320.0,False,False,,,-113.5,,,,32,0,33,Llenando ventana
985,8,ILS,trayectoria,58320.0,58320.0,False,False,,,-121.5,,,,33,0,34,Llenando ventana
986,8,ILS,trayectoria,58320.0,58320.0,False,False,,,-129.3000000000029,,,,34,0,35,Llenando ventana
987,8,ILS,trayectoria,58320.0,58320.0,False,False,,,-136.90000000000873,,,,35,0,36,Llenando ventana
988,8,ILS,trayectoria,58320.0,58320.0,False,False,,,-144.3000000000102,,,,36,0,37,Llenando ventana
989,8,ILS,trayectoria,58320.0,58320.0,False,False,,,-151.70000000001164,,,,37,0,38,Llenando ventana
990,8,ILS,trayectoria,58320.0,58320.0,False,False,,,-159.1000000000131,,,,38,0,39,Llenando ventana
991,8,ILS,trayectoria,58320.0,58320.0,False,False,,,-166.50000000001455,,,,39,0,40,Llenando ventana
992,8,ILS,trayectoria,58320.0,58320.0,False,False,,,-173.900000000016,,,,40,0,41,Llenando ventana
993,8,ILS,trayectoria,58320.0,58320.0,False,False,,,-181.30000000001746,,,,41,0,42,Llenando ventana
994,8,ILS,trayectoria,58320.0,58320.0,False,False,,,-188.70000000001892,,,,42,0,43,Llenando ventana
995,8,ILS,trayectoria,58320.0,58320.0,False,False,,,-196.1000000000131,,,,43,0,44,Llenando ventana
996,8,ILS,trayectoria,58320.0,58320.0,False,False,,,-203.3000000000102,,,,44,0,45,Llenando ventana
997,8,ILS,trayectoria,58320.0,58320.0,False,False,,,-210.3000000000102,,,,45,0,46,Llenando ventana
998,8,ILS,trayectoria,58320.0,58320.0,False,False,,,-217.1000000000131,,,,46,0,47,Llenando ventana
999,8,ILS,trayectoria,58320.0,58320.0,False,False,,,-223.70000000001892,,,,47,0,48,Llenando ventana
1000,8,ILS,trayectoria,58320.0,58320.0,False,False,,,-230.1000000000131,,,,48,0,49,Llenando ventana
1001,8,ILS,trayectoria,58320.0,58320.0,False,False,,,-236.3000000000102,,,,49,0,50,Llenando ventana
1002,8,ILS,trayectoria,58320.0,58320.0,False,False,,,-242.3000000000102,,,,50,0,51,Llenando ventana
1003,8,ILS,trayectoria,58320.0,58320.0,False,False,,,-248.1000000000131,,,,51,0,52,Llenando ventana
1004,8,ILS,trayectoria,58320.0,58320.0,False,False,,,-253.70000000001892,,,,52,0,53,Llenando ventana
1005,8,ILS,trayectoria,58320.0,58320.0,False,False,,,-259.1000000000131,,,,53,0,54,Llenando ventana
1006,8,ILS,trayectoria,58320.0,58320.0,False,False,,,-264.3000000000102,,,,54,0,55,Llenando ventana
1007,8,ILS,trayectoria,58320.0,58320.0,False,False,,,-269.3000000000102,,,,55,0,56,Llenando ventana
1008,8,ILS,trayectoria,58320.0,58320.0,False,False,,,-274.1000000000131,,,,56,0,57,Llenando ventana
1009,8,ILS,trayectoria,58320.0,58320.0,False,False,,,-278.7000000000189,,,,57,0,58,Llenando ventana
1010,8,ILS,trayectoria,58320.0,58320.0,False,False,,,-283.1000000000131,,,,58,0,59,Llenando ventana
1011,8,ILS,trayectoria,58320.0,58320.0,False,False,,,-287.3000000000102,,,,59,0,60,Llenando ventana
1012,8,ILS,trayectoria,58320.0,58320.0,False,False,,,-291.3000000000102,,,,60,0,61,Llenando ventana
1013,8,ILS,trayectoria,58320.0,58320.0,False,False,,,-295.1000000000131,,,,61,0,62,Llenando ventana
1014,8,ILS,trayectoria,58320.0,58320.0,False,False,,,-298.7000000000189,,,,62,0,63,Llenando ventana
1015,8,ILS,trayectoria,58320.0,58320.0,False,False,,,-302.1000000000131,,,,63,0,64,Llenando ventana
1016,8,ILS,trayectoria,58320.0,58320.0,False,False,,,-305.3000000000102,,,,64,0,65,Llenando ventana
1017,8,ILS,trayectoria,58320.0,58320.0,False,False,,,-308.3000000000102,,,,65,0,66,Llenando ventana
1018,8,ILS,trayectoria,58320.0,58320.0,False,False,,,-311.1000000000131,,,,66,0,67,Llenando ventana
1019,8,ILS,trayectoria,58320.0,58320.0,False,False,,,-313.7000000000189,,,,67,0,68,Llenando ventana
1020,8,ILS,trayectoria,58320.0,58320.0,False,False,,,-316.1000000000131,,,,68,0,69,Llenando ventana
1021,8,ILS,trayectoria,58320.0,58320.0,False,False,,,-318.3000000000102,,,,69,0,70,Llenando ventana
1022,8,ILS,trayectoria,58320.0,58320.0,False,False,,,-320.3000000000102,,,,70,0,71,Llenando ventana
1023,8,ILS,trayectoria,58320.0,58320.0,False,False,,,-322.1000000000131,,,,71,0,72,Llenando ventana
1024,8,ILS,trayectoria,58320.0,58320.0,False,False,,,-323.7000000000189,,,,72,0,73,Llenando ventana
1025,8,ILS,trayectoria,58320.0,58320.0,False,False,,,-323.7000000000189,,,,73,0,74,Llenando ventana
1026,8,ILS,trayectoria,58320.0,58320.0,True,False,277.5,0.0,277.5,7.5,37.5,22.5,74,1,75,Explotacion activa
1027,8,ILS,trayectoria,58320.0,58320.0,True,False,277.5,0.0,277.5,7.5,37.5,22.5,75,2,76,Explotacion activa
1028,8,ILS,trayectoria,58320.0,58320.0,True,False,277.5,0.0,277.5,7.5,37.5,22.5,76,3,77,Explotacion activa
1029,8,ILS,trayectoria,58320.0,58320.0,True,False,277.5,0.0,277.5,7.5,37.5,22.5,77,4,78,Explotacion activa
1030,8,ILS,trayectoria,58320.0,58320.0,True,False,277.5,0.0,277.5,7.5,37.5,22.5,78,5,79,Explotacion activa
1031,8,ILS,trayectoria,58320.0,58320.0,True,False,277.5,0.0,277.5,7.5,37.5,22.5,79,6,80,Explotacion activa
1032,8,ILS,trayectoria,58320.0,58320.0,True,False,277.5,0.0,277.5,7.5,37.5,22.5,80,7,81,Explotacion activa
1033,8,ILS,trayectoria,58320.0,58320.0,True,False,277.5,0.0,277.5,7.5,37.5,22.5,81,8,82,Explotacion activa
1034,8,ILS,trayectoria,58320.0,58320.0,True,False,277.5,0.0,277.5,7.5,37.5,22.5,82,9,83,Explotacion activa
1035,8,ILS,trayectoria,58320.0,58320.0,True,False,277.5,0.0,277.5,0.0,277.5,277.5,83,10,84,Explotacion activa
1036,8,ILS,trayectoria,58320.0,58320.0,True,False,277.5,0.0,277.5,0.0,277.5,277.5,84,11,85,Explotacion activa
1037,8,ILS,trayectoria,58320.0,58320.0,True,False,277.5,0.0,277.5,0.0,277.5,277.5,85,12,86,Explotacion activa
1038,8,ILS,trayectoria,58320.0,58320.0,True,False,277.5,0.0,277.5,0.0,277.5,277.5,86,13,87,Explotacion activa
1039,8,ILS,trayectoria,58320.0,58320.0,True,False,277.5,0.0,277.5,0.0,277.5,277.5,87,14,88,Explotacion activa
1040,8,ILS,trayectoria,58320.0,58320.0,True,False,277.5,0.0,277.5,0.0,277.5,277.5,88,15,89,Explotacion activa
1041,8,ILS,trayectoria,58320.0,58320.0,True,False,277.5,0.0,277.5,0.0,277.5,277.5,89,16,90,Explotacion activa
1042,8,ILS,trayectoria,58320.0,58320.0,True,False,277.5,0.0,277.5,0.0,277.5,277.5,90,17,91,Explotacion activa
1043,8,ILS,trayectoria,58320.0,58320.0,True,False,277.5,0.0,277.5,0.0,277.5,277.5,91,18,92,Explotacion activa
1044,8,ILS,trayectoria,58320.0,58320.0,True,False,277.5,0.0,277.5,0.0,277.5,277.5,92,19,93,Explotacion activa
1045,8,ILS,trayectoria,58320.0,58320.0,True,False,277.5,0.0,277.5,0.0,277.5,277.5,93,20,94,Explotacion activa
1046,8,ILS,trayectoria,58320.0,58320.0,True,False,277.5,0.0,277.5,0.0,277.5,277.5,94,21,95,Explotacion activa
1047,8,ILS,trayectoria,58320.0,58320.0,True,False,277.5,0.0,277.5,0.0,277.5,277.5,95,22,96,Explotacion activa
1048,8,ILS,trayectoria,58320.0,58320.0,True,False,277.5,0.0,277.5,0.0,277.5,277.5,96,23,97,Explotacion activa
1049,8,ILS,trayectoria,58320.0,58320.0,True,False,277.5,0.0,277.5,0.0,277.5,277.5,97,24,98,Explotacion activa
1050,8,ILS,trayectoria,58320.0,58320.0,True,True,277.5,0.0,277.5,0.0,277.5,277.5,98,25,99,ESTANCAMIENTO (Fire)
1051,9,WOA,poblacional,58320.0,58320.0,False,False,,,,,,,0,0,1,Llenando ventana
1052,9,WOA,poblacional,58320.0,58320.0,False,False,,,,,,,1,0,2,Llenando ventana
1053,9,WOA,poblacional,58320.0,58320.0,False,False,,,,,,,2,0,3,Llenando ventana
1054,9,WOA,poblacional,58320.0,58320.0,False,False,,,,,,,3,0,4,Llenando ventana
1055,9,WOA,poblacional,58320.0,58320.0,False,False,,,,,,,4,0,5,Llenando ventana
1056,9,WOA,poblacional,58320.0,58320.0,False,False,,,,,,,5,0,6,Llenando ventana
1057,9,WOA,poblacional,58320.0,58320.0,False,False,,,,,,,6,0,7,Llenando ventana
1058,9,WOA,poblacional,58320.0,58320.0,False,False,,,,,,,7,0,8,Llenando ventana
1059,9,WOA,poblacional,58320.0,58320.0,False,False,,,,,,,8,0,9,Llenando ventana
1060,9,WOA,poblacional,58320.0,58320.0,False,False,,,,,,,9,0,10,Llenando ventana
1061,9,WOA,poblacional,58320.0,58320.0,False,False,,,,,,,10,0,11,Llenando ventana
1062,9,WOA,poblacional,58320.0,58320.0,False,False,,,,,,,11,0,12,Llenando ventana
1063,9,WOA,poblacional,58320.0,58320.0,False,False,,,,,,,12,0,13,Llenando ventana
1064,9,WOA,poblacional,58320.0,58320.0,False,False,,,,,,,13,0,14,Llenando ventana
1065,9,WOA,poblacional,58320.0,58320.0,False,False,,,,,,,14,0,15,Llenando ventana
1066,9,WOA,poblacional,58320.0,58320.0,False,False,,,,,,,15,0,16,Llenando ventana
1067,9,WOA,poblacional,58320.0,58320.0,False,False,,,,,,,16,0,17,Llenando ventana
1068,9,WOA,poblacional,58320.0,58320.0,False,False,,,,,,,17,0,18,Llenando ventana
1069,9,WOA,poblacional,58320.0,58320.0,False,False,,,,,,,18,0,19,Llenando ventana
1070,9,WOA,poblacional,58320.0,58320.0,False,False,,,,,,,19,0,20,Llenando ventana
1071,9,WOA,poblacional,58320.0,58320.0,False,False,,,,,,,20,0,21,Llenando ventana
1072,9,WOA,poblacional,58320.0,58320.0,False,False,,,,,,,21,0,22,Llenando ventana
1073,9,WOA,poblacional,58320.0,58320.0,False,False,,,,,,,22,0,23,Llenando ventana
1074,9,WOA,poblacional,58320.0,58320.0,False,False,,,,,,,23,0,24,Llenando ventana
1075,9,WOA,poblacional,58320.0,58320.0,False,False,,,,,,,24,0,25,Llenando ventana
1076,9,WOA,poblacional,58320.0,58320.0,False,False,,,,,,,25,0,26,Llenando ventana
1077,9,WOA,poblacional,58320.0,58320.0,False,False,,,,,,,0,0,27,Llenando ventana
1078,9,WOA,poblacional,58320.0,58320.0,False,False,,,,,,,1,0,28,Llenando ventana
1079,9,WOA,poblacional,58320.0,58320.0,False,False,,,,,,,2,0,29,Llenando ventana
1080,9,WOA,poblacional,58320.0,58320.0,False,False,,,,,,,3,0,30,Llenando ventana
1081,9,WOA,poblacional,58320.0,58320.0,False,False,,,,,,,4,0,31,Llenando ventana
1082,9,WOA,poblacional,58320.0,58320.0,False,False,,,,,,,5,0,32,Llenando ventana
1083,9,WOA,poblacional,58320.0,58320.0,False,False,,,,,,,6,0,33,Llenando ventana
1084,9,WOA,poblacional,58320.0,58320.0,False,False,,,,,,,7,0,34,Llenando ventana
1085,9,WOA,poblacional,58320.0,58320.0,False,False,,,,,,,8,0,35,Llenando ventana
1086,9,WOA,poblacional,58320.0,58320.0,False,False,,,,,,,9,0,36,Llenando ventana
1087,9,WOA,poblacional,58320.0,58320.0,False,False,,,,,,,10,0,37,Llenando ventana
1088,9,WOA,poblacional,58320.0,58320.0,False,False,,,,,,,11,0,38,Llenando ventana
1089,9,WOA,poblacional,58320.0,58320.0,False,False,,,,,,,12,0,39,Llenando ventana
1090,9,WOA,poblacional,58320.0,58320.0,False,False,,,,,,,13,0,40,Llenando ventana
1091,9,WOA,poblacional,58320.0,58320.0,False,False,,,,,,,14,0,41,Llenando ventana
1092,9,WOA,poblacional,58320.0,58320.0,False,False,,,,,,,15,0,42,Llenando ventana
1093,9,WOA,poblacional,58320.0,58320.0,False,False,,,,,,,16,0,43,Llenando ventana
1094,9,WOA,poblacional,58320.0,58320.0,False,False,,,,,,,17,0,44,Llenando ventana
1095,9,WOA,poblacional,58320.0,58320.0,False,False,,,,,,,18,0,45,Llenando ventana
1096,9,WOA,poblacional,58320.0,58320.0,False,False,,,,,,,19,0,46,Llenando ventana
1097,9,WOA,poblacional,58320.0,58320.0,False,False,,,,,,,20,0,47,Llenando ventana
1098,9,WOA,poblacional,58320.0,58320.0,False,False,,,,,,,21,0,48,Llenando ventana
1099,9,WOA,poblacional,58320.0,58320.0,False,False,,,,,,,22,0,49,Llenando ventana
1100,9,WOA,poblacional,58320.0,58320.0,False,False,,,,,,,23,0,50,Llenando ventana
1101,9,WOA,poblacional,58320.0,58320.0,False,False,,,,,,,24,0,51,Llenando ventana
1102,9,WOA,poblacional,58320.0,58320.0,False,False,,,,,,,25,0,52,Llenando ventana
1103,9,WOA,poblacional,58320.0,58320.0,False,False,,,,,,,26,0,53,Llenando ventana
1104,9,WOA,poblacional,58320.0,58320.0,False,False,,,,,,,27,0,54,Llenando ventana
1105,9,WOA,poblacional,58320.0,58320.0,False,False,,,,,,,28,0,55,Llenando ventana
1106,9,WOA,poblacional,58320.0,58320.0,False,False,,,,,,,29,0,56,Llenando ventana
1107,9,WOA,poblacional,58320.0,58320.0,False,False,,,,,,,30,0,57,Llenando ventana
1108,9,WOA,poblacional,58320.0,58320.0,False,False,,,,,,,31,0,58,Llenando ventana
1109,9,WOA,poblacional,58320.0,58320.0,False,False,,,,,,,32,0,59,Llenando ventana
1110,9,WOA,poblacional,58320.0,58320.0,False,False,,,,,,,33,0,60,Llenando ventana
1111,9,WOA,poblacional,58320.0,58320.0,False,False,,,,,,,34,0,61,Llenando ventana
1112,9,WOA,poblacional,58320.0,58320.0,False,False,,,,,,,35,0,62,Llenando ventana
1113,9,WOA,poblacional,58320.0,58320.0,False,False,,,,,,,36,0,63,Llenando ventana
1114,9,WOA,poblacional,58320.0,58320.0,False,False,,,,,,,37,0,64,Llenando ventana
1115,9,WOA,poblacional,58320.0,58320.0,False,False,,,,,,,38,0,65,Llenando ventana
1116,9,WOA,poblacional,58320.0,58320.0,False,False,,,,,,,39,0,66,Llenando ventana
1117,9,WOA,poblacional,58320.0,58320.0,False,False,,,,,,,40,0,67,Llenando ventana
1118,9,WOA,poblacional,58320.0,58320.0,False,False,,,,,,,41,0,68,Llenando ventana
1119,9,WOA,poblacional,58320.0,58320.0,False,False,,,,,,,42,0,69,Llenando ventana
1120,9,WOA,poblacional,58320.0,58320.0,False,False,,,,,,,43,0,70,Llenando ventana
1121,9,WOA,poblacional,58320.0,58320.0,False,False,,,,,,,44,0,71,Llenando ventana
1122,9,WOA,poblacional,58320.0,58320.0,False,False,,,,,,,45,0,72,Llenando ventana
1123,9,WOA,poblacional,58320.0,58320.0,False,False,,,,,,,46,0,73,Llenando ventana
1124,9,WOA,poblacional,58320.0,58320.0,False,False,,,,,,,47,0,74,Llenando ventana
1125,9,WOA,poblacional,58320.0,58320.0,True,False,4921.299999999981,5145.0,-223.70000000001892,7.5,37.5,22.5,48,0,75,Explotacion activa
1126,9,WOA,poblacional,58320.0,58320.0,True,False,5019.899999999987,5250.0,-230.1000000000131,7.5,37.5,22.5,49,0,76,Explotacion activa
1127,9,WOA,poblacional,58320.0,58320.0,True,False,5118.69999999999,5355.0,-236.3000000000102,7.5,37.5,22.5,50,0,77,Explotacion activa
1128,9,WOA,poblacional,58320.0,58320.0,True,False,5217.69999999999,5460.0,-242.3000000000102,7.5,37.5,22.5,51,0,78,Explotacion activa
1129,9,WOA,poblacional,58320.0,58320.0,True,False,5316.899999999987,5565.0,-248.1000000000131,7.5,37.5,22.5,52,0,79,Explotacion activa
1130,9,WOA,poblacional,58320.0,58320.0,True,False,5416.299999999981,5670.0,-253.70000000001892,7.5,37.5,22.5,53,0,80,Explotacion activa
1131,9,WOA,poblacional,58320.0,58320.0,True,False,5515.899999999987,5775.0,-259.1000000000131,7.5,37.5,22.5,54,0,81,Explotacion activa
1132,9,WOA,poblacional,58320.0,58320.0,True,False,5615.69999999999,5880.0,-264.3000000000102,7.5,37.5,22.5,55,0,82,Explotacion activa
1133,9,WOA,poblacional,58320.0,58320.0,True,False,5715.69999999999,5985.0,-269.3000000000102,7.5,37.5,22.5,56,0,83,Explotacion activa
1134,9,WOA,poblacional,58320.0,58320.0,True,False,5815.899999999987,6090.0,-274.1000000000131,5428.5,5545.839999999987,-240.50000000001017,57,0,84,Explotacion activa
1135,9,WOA,poblacional,58320.0,58320.0,True,False,5916.299999999981,6195.0,-278.7000000000189,5460.0,5615.69999999999,-242.3000000000102,58,0,85,Explotacion activa
1136,9,WOA,poblacional,58320.0,58320.0,True,False,6016.899999999987,6300.0,-283.1000000000131,5491.5,5685.69999999999,-244.04000000001108,59,0,86,Explotacion activa
1137,9,WOA,poblacional,58320.0,58320.0,True,False,6117.69999999999,6405.0,-287.3000000000102,5523.0,5755.779999999989,-245.78000000001194,60,0,87,Explotacion activa
1138,9,WOA,poblacional,58320.0,58320.0,True,False,6218.69999999999,6510.0,-291.3000000000102,5554.5,5825.939999999986,-247.5200000000128,61,0,88,Explotacion activa
1139,9,WOA,poblacional,58320.0,58320.0,True,False,6319.899999999987,6615.0,-295.1000000000131,5586.0,5896.219999999982,-249.22000000001427,62,0,89,Explotacion activa
1140,9,WOA,poblacional,58320.0,58320.0,True,False,6421.299999999981,6720.0,-298.7000000000189,5617.5,5966.599999999984,-250.900000000016,63,0,90,Explotacion activa
1141,9,WOA,poblacional,58320.0,58320.0,True,False,6522.899999999987,6825.0,-302.1000000000131,5649.0,6037.059999999988,-252.58000000001775,64,0,91,Explotacion activa
1142,9,WOA,poblacional,58320.0,58320.0,True,False,6624.69999999999,6930.0,-305.3000000000102,5680.5,6107.619999999989,-254.24000000001834,65,0,92,Explotacion activa
1143,9,WOA,poblacional,58320.0,58320.0,True,False,6726.69999999999,7035.0,-308.3000000000102,5712.0,6178.29999999999,-255.86000000001658,66,0,93,Explotacion activa
1144,9,WOA,poblacional,58320.0,58320.0,True,False,6828.899999999987,7140.0,-311.1000000000131,5743.5,6249.059999999989,-257.48000000001485,67,0,94,Explotacion activa
1145,9,WOA,poblacional,58320.0,58320.0,True,False,6931.299999999981,7245.0,-313.7000000000189,5775.0,6319.899999999987,-259.1000000000131,68,0,95,Explotacion activa
1146,9,WOA,poblacional,58320.0,58320.0,True,False,7033.899999999987,7350.0,-316.1000000000131,5806.5,6390.879999999983,-260.66000000001225,69,0,96,Explotacion activa
1147,9,WOA,poblacional,58320.0,58320.0,True,False,7136.69999999999,7455.0,-318.3000000000102,5838.0,6461.939999999983,-262.22000000001134,70,0,97,Explotacion activa
1148,9,WOA,poblacional,58320.0,58320.0,True,False,7239.69999999999,7560.0,-320.3000000000102,5869.5,6533.079999999987,-263.7800000000105,71,0,98,Explotacion activa
1149,9,WOA,poblacional,58320.0,58320.0,True,False,7342.899999999987,7665.0,-322.1000000000131,5901.0,6604.339999999989,-265.3000000000102,72,0,99,Explotacion activa
1150,10,VNS,trayectoria,58320.0,58320.0,True,False,7446.299999999981,7770.0,-323.7000000000189,5932.5,6675.69999999999,-266.8000000000102,73,0,100,Explotacion activa
1151,10,VNS,trayectoria,58320.0,58320.0,True,False,277.5,0.0,277.5,5859.0,6645.099999999989,-263.2600000000108,74,1,101,Explotacion activa
1152,10,VNS,trayectoria,58320.0,58320.0,True,False,277.5,0.0,277.5,5785.5,6614.5199999999895,-259.6200000000128,75,2,102,Explotacion activa
1153,10,VNS,trayectoria,58320.0,58320.0,True,False,277.5,0.0,277.5,5712.0,6583.979999999989,-255.8600000000166,76,3,103,Explotacion activa
1154,10,VNS,trayectoria,58320.0,58320.0,True,False,277.5,0.0,277.5,5638.5,6553.439999999988,-252.02000000001718,77,4,104,Explotacion activa
1155,10,VNS,trayectoria,58320.0,58320.0,True,False,277.5,0.0,277.5,5565.0,6522.899999999987,-248.1000000000131,78,5,105,Explotacion activa
1156,10,VNS,trayectoria,58320.0,58320.0,True,False,277.5,0.0,277.5,5491.5,6492.4199999999855,-244.04000000001108,79,6,106,Explotacion activa
1157,10,VNS,trayectoria,58320.0,58320.0,True,False,277.5,0.0,277.5,5418.0,6461.939999999983,-239.9000000000102,80,7,107,Explotacion activa
1158,10,VNS,trayectoria,58320.0,58320.0,True,False,277.5,0.0,277.5,5344.5,6431.459999999982,-235.6800000000105,81,8,108,Explotacion activa
1159,10,VNS,trayectoria,58320.0,58320.0,True,False,277.5,0.0,277.5,5271.0,6401.019999999982,-231.34000000001254,82,9,109,Explotacion activa
1160,10,VNS,trayectoria,58320.0,58320.0,True,False,277.5,0.0,277.5,5197.5,6370.599999999984,-226.900000000016,83,10,110,Explotacion activa
1161,10,VNS,trayectoria,58320.0,58320.0,True,False,277.5,0.0,277.5,4115.9999999999945,6340.179999999986,-123.46000000001548,84,11,111,Explotacion activa
1162,10,VNS,trayectoria,58320.0,58320.0,True,False,277.5,0.0,277.5,514.4999999999982,6309.779999999987,227.37999999999738,85,12,112,Explotacion activa
1163,10,VNS,trayectoria,58320.0,58320.0,True,False,277.5,0.0,277.5,0.0,6279.419999999988,277.5,86,13,113,Explotacion activa
1164,10,VNS,trayectoria,58320.0,58320.0,True,False,277.5,0.0,277.5,0.0,6249.059999999989,277.5,87,14,114,Explotacion activa
1165,10,VNS,trayectoria,58320.0,58320.0,True,False,277.5,0.0,277.5,0.0,6218.69999999999,277.5,88,15,115,Explotacion activa
1166,10,VNS,trayectoria,58320.0,58320.0,True,False,277.5,0.0,277.5,0.0,6188.39999999999,277.5,89,16,116,Explotacion activa
1167,10,VNS,trayectoria,58320.0,58320.0,True,False,277.5,0.0,277.5,0.0,6158.099999999989,277.5,90,17,117,Explotacion activa
1168,10,VNS,trayectoria,58320.0,58320.0,True,False,277.5,0.0,277.5,0.0,6127.799999999989,277.5,91,18,118,Explotacion activa
1169,10,VNS,trayectoria,58320.0,58320.0,True,False,277.5,0.0,277.5,0.0,6097.539999999989,277.5,92,19,119,Explotacion activa
1170,10,VNS,trayectoria,58320.0,58320.0,True,False,277.5,0.0,277.5,0.0,6067.299999999988,277.5,93,20,120,Explotacion activa
1171,10,VNS,trayectoria,58320.0,58320.0,True,False,277.5,0.0,277.5,0.0,6037.059999999987,277.5,94,21,121,Explotacion activa
1172,10,VNS,trayectoria,58320.0,58320.0,True,False,277.5,0.0,277.5,0.0,6006.8399999999865,277.5,95,22,122,Explotacion activa
1173,10,VNS,trayectoria,58320.0,58320.0,True,False,277.5,0.0,277.5,0.0,5976.659999999984,277.5,96,23,123,Explotacion activa
1174,10,VNS,trayectoria,58320.0,58320.0,True,False,277.5,0.0,277.5,0.0,5946.479999999982,277.5,97,24,124,Explotacion activa
1175,10,VNS,trayectoria,58320.0,58320.0,True,True,277.5,0.0,277.5,0.0,5916.299999999981,277.5,98,25,125,ESTANCAMIENTO (Fire)
1176,10,VNS,trayectoria,58320.0,58320.0,False,False,,,,,,,0,0,1,Llenando ventana
1177,10,VNS,trayectoria,58320.0,58320.0,False,False,,,,,,,1,0,2,Llenando ventana
1178,10,VNS,trayectoria,58320.0,58320.0,False,False,,,,,,,2,0,3,Llenando ventana
1179,10,VNS,trayectoria,58320.0,58320.0,False,False,,,,,,,3,0,4,Llenando ventana
1180,10,VNS,trayectoria,58320.0,58320.0,False,False,,,,,,,4,0,5,Llenando ventana
1181,10,VNS,trayectoria,58320.0,58320.0,False,False,,,,,,,5,0,6,Llenando ventana
1182,10,VNS,trayectoria,58320.0,58320.0,False,False,,,,,,,6,0,7,Llenando ventana
1183,10,VNS,trayectoria,58320.0,58320.0,False,False,,,,,,,7,0,8,Llenando ventana
1184,10,VNS,trayectoria,58320.0,58320.0,False,False,,,,,,,8,0,9,Llenando ventana
1185,10,VNS,trayectoria,58320.0,58320.0,False,False,,,,,,,9,0,10,Llenando ventana
1186,10,VNS,trayectoria,58320.0,58320.0,False,False,,,,,,,10,0,11,Llenando ventana
1187,10,VNS,trayectoria,58320.0,58320.0,False,False,,,,,,,11,0,12,Llenando ventana
1188,10,VNS,trayectoria,58320.0,58320.0,False,False,,,,,,,12,0,13,Llenando ventana
1189,10,VNS,trayectoria,58320.0,58320.0,False,False,,,,,,,13,0,14,Llenando ventana
1190,10,VNS,trayectoria,58320.0,58320.0,False,False,,,,,,,14,0,15,Llenando ventana
1191,10,VNS,trayectoria,58320.0,58320.0,False,False,,,,,,,15,0,16,Llenando ventana
1192,10,VNS,trayectoria,58320.0,58320.0,False,False,,,,,,,16,0,17,Llenando ventana
1193,10,VNS,trayectoria,58320.0,58320.0,False,False,,,,,,,17,0,18,Llenando ventana
1194,10,VNS,trayectoria,58320.0,58320.0,False,False,,,,,,,18,0,19,Llenando ventana
1195,10,VNS,trayectoria,58320.0,58320.0,False,False,,,,,,,19,0,20,Llenando ventana
1196,10,VNS,trayectoria,58320.0,58320.0,False,False,,,,,,,20,0,21,Llenando ventana
1197,10,VNS,trayectoria,58320.0,58320.0,False,False,,,,,,,21,0,22,Llenando ventana
1198,10,VNS,trayectoria,58320.0,58320.0,False,False,,,,,,,22,0,23,Llenando ventana
1199,10,VNS,trayectoria,58320.0,58320.0,False,False,,,,,,,23,0,24,Llenando ventana
1200,10,VNS,trayectoria,58320.0,58320.0,False,False,,,,,,,24,0,25,Llenando ventana
1201,10,VNS,trayectoria,58320.0,58320.0,False,False,,,,,,,25,0,26,Llenando ventana
1202,10,VNS,trayectoria,58320.0,58320.0,False,False,,,,,,,26,0,27,Llenando ventana
1203,10,VNS,trayectoria,58320.0,58320.0,False,False,,,,,,,27,0,28,Llenando ventana
1204,10,VNS,trayectoria,58320.0,58320.0,False,False,,,,,,,28,0,29,Llenando ventana
1205,10,VNS,trayectoria,58320.0,58320.0,False,False,,,,,,,29,0,30,Llenando ventana
1206,10,VNS,trayectoria,58320.0,58320.0,False,False,,,,,,,30,0,31,Llenando ventana
1207,10,VNS,trayectoria,58320.0,58320.0,False,False,,,,,,,31,0,32,Llenando ventana
1208,10,VNS,trayectoria,58320.0,58320.0,False,False,,,,,,,32,0,33,Llenando ventana
1209,10,VNS,trayectoria,58320.0,58320.0,False,False,,,,,,,33,0,34,Llenando ventana
1210,10,VNS,trayectoria,58320.0,58320.0,False,False,,,,,,,34,0,35,Llenando ventana
1211,10,VNS,trayectoria,58320.0,58320.0,False,False,,,,,,,35,0,36,Llenando ventana
1212,10,VNS,trayectoria,58320.0,58320.0,False,False,,,,,,,36,0,37,Llenando ventana
1213,10,VNS,trayectoria,58320.0,58320.0,False,False,,,,,,,37,0,38,Llenando ventana
1214,10,VNS,trayectoria,58320.0,58320.0,False,False,,,,,,,38,0,39,Llenando ventana
1215,10,VNS,trayectoria,58320.0,58320.0,False,False,,,,,,,39,0,40,Llenando ventana
1216,10,VNS,trayectoria,58320.0,58320.0,False,False,,,,,,,40,0,41,Llenando ventana
1217,10,VNS,trayectoria,58320.0,58320.0,False,False,,,,,,,41,0,42,Llenando ventana
1218,10,VNS,trayectoria,58320.0,58320.0,False,False,,,,,,,42,0,43,Llenando ventana
1219,10,VNS,trayectoria,58320.0,58320.0,False,False,,,,,,,43,0,44,Llenando ventana
1220,10,VNS,trayectoria,58320.0,58320.0,False,False,,,,,,,44,0,45,Llenando ventana
1221,10,VNS,trayectoria,58320.0,58320.0,False,False,,,,,,,45,0,46,Llenando ventana
1222,10,VNS,trayectoria,58320.0,58320.0,False,False,,,,,,,46,0,47,Llenando ventana
1223,10,VNS,trayectoria,58320.0,58320.0,False,False,,,,,,,47,0,48,Llenando ventana
1224,10,VNS,trayectoria,58320.0,58320.0,False,False,,,277.5,,,,48,0,49,Llenando ventana
1225,10,VNS,trayectoria,58320.0,58320.0,False,False,,,277.5,,,,49,0,50,Llenando ventana
1226,10,VNS,trayectoria,58320.0,58320.0,False,False,,,277.5,,,,50,0,51,Llenando ventana
1227,10,VNS,trayectoria,58320.0,58320.0,False,False,,,277.5,,,,51,0,52,Llenando ventana
1228,10,VNS,trayectoria,58320.0,58320.0,False,False,,,277.5,,,,52,0,53,Llenando ventana
1229,10,VNS,trayectoria,58320.0,58320.0,False,False,,,277.5,,,,53,0,54,Llenando ventana
1230,10,VNS,trayectoria,58320.0,58320.0,False,False,,,277.5,,,,54,0,55,Llenando ventana
1231,10,VNS,trayectoria,58320.0,58320.0,False,False,,,277.5,,,,55,0,56,Llenando ventana
1232,10,VNS,trayectoria,58320.0,58320.0,False,False,,,277.5,,,,56,0,57,Llenando ventana
1233,10,VNS,trayectoria,58320.0,58320.0,False,False,,,277.5,,,,57,0,58,Llenando ventana
1234,10,VNS,trayectoria,58320.0,58320.0,False,False,,,277.5,,,,58,0,59,Llenando ventana
1235,10,VNS,trayectoria,58320.0,58320.0,False,False,,,277.5,,,,59,0,60,Llenando ventana
1236,10,VNS,trayectoria,58320.0,58320.0,False,False,,,277.5,,,,60,0,61,Llenando ventana
1237,10,VNS,trayectoria,58320.0,58320.0,False,False,,,277.5,,,,61,0,62,Llenando ventana
1238,10,VNS,trayectoria,58320.0,58320.0,False,False,,,277.5,,,,62,0,63,Llenando ventana
1239,10,VNS,trayectoria,58320.0,58320.0,False,False,,,277.5,,,,63,0,64,Llenando ventana
1240,10,VNS,trayectoria,58320.0,58320.0,False,False,,,277.5,,,,64,0,65,Llenando ventana
1241,10,VNS,trayectoria,58320.0,58320.0,False,False,,,277.5,,,,65,0,66,Llenando ventana
1242,10,VNS,trayectoria,58320.0,58320.0,False,False,,,277.5,,,,66,0,67,Llenando ventana
1243,10,VNS,trayectoria,58320.0,58320.0,False,False,,,277.5,,,,67,0,68,Llenando ventana
1244,10,VNS,trayectoria,58320.0,58320.0,False,False,,,277.5,,,,68,0,69,Llenando ventana
1245,10,VNS,trayectoria,58320.0,58320.0,False,False,,,277.5,,,,69,0,70,Llenando ventana
1246,10,VNS,trayectoria,58320.0,58320.0,False,False,,,277.5,,,,70,0,71,Llenando ventana
1247,10,VNS,trayectoria,58320.0,58320.0,False,False,,,277.5,,,,71,0,72,Llenando ventana
1248,10,VNS,trayectoria,58320.0,58320.0,False,False,,,277.5,,,,72,0,73,Llenando ventana
1249,11,WOA,poblacional,58320.0,58320.0,False,False,,,,,,,73,0,74,Llenando ventana
1250,11,WOA,poblacional,58320.0,58320.0,True,False,277.5,0.0,277.5,7.5,37.5,22.5,74,1,75,Explotacion activa
1251,11,WOA,poblacional,58320.0,58320.0,True,False,277.5,0.0,277.5,7.5,37.5,22.5,75,2,76,Explotacion activa
1252,11,WOA,poblacional,58320.0,58320.0,True,False,277.5,0.0,277.5,7.5,37.5,22.5,76,3,77,Explotacion activa
1253,11,WOA,poblacional,58320.0,58320.0,True,False,277.5,0.0,277.5,7.5,37.5,22.5,77,4,78,Explotacion activa
1254,11,WOA,poblacional,58320.0,58320.0,True,False,277.5,0.0,277.5,7.5,37.5,22.5,78,5,79,Explotacion activa
1255,11,WOA,poblacional,58320.0,58320.0,True,False,277.5,0.0,277.5,7.5,37.5,22.5,79,6,80,Explotacion activa
1256,11,WOA,poblacional,58320.0,58320.0,True,False,277.5,0.0,277.5,7.5,37.5,22.5,80,7,81,Explotacion activa
1257,11,WOA,poblacional,58320.0,58320.0,True,False,277.5,0.0,277.5,7.5,37.5,22.5,81,8,82,Explotacion activa
1258,11,WOA,poblacional,58320.0,58320.0,True,False,277.5,0.0,277.5,7.5,37.5,22.5,82,9,83,Explotacion activa
1259,11,WOA,poblacional,58320.0,58320.0,True,False,277.5,0.0,277.5,0.0,277.5,277.5,83,10,84,Explotacion activa
1260,11,WOA,poblacional,58320.0,58320.0,True,False,277.5,0.0,277.5,0.0,277.5,277.5,84,11,85,Explotacion activa
1261,11,WOA,poblacional,58320.0,58320.0,True,False,277.5,0.0,277.5,0.0,277.5,277.5,85,12,86,Explotacion activa
1262,11,WOA,poblacional,58320.0,58320.0,True,False,277.5,0.0,277.5,0.0,277.5,277.5,86,13,87,Explotacion activa
1263,11,WOA,poblacional,58320.0,58320.0,True,False,277.5,0.0,277.5,0.0,277.5,277.5,87,14,88,Explotacion activa
1264,11,WOA,poblacional,58320.0,58320.0,True,False,277.5,0.0,277.5,0.0,277.5,277.5,88,15,89,Explotacion activa
1265,11,WOA,poblacional,58320.0,58320.0,True,False,277.5,0.0,277.5,0.0,277.5,277.5,89,16,90,Explotacion activa
1266,11,WOA,poblacional,58320.0,58320.0,True,False,277.5,0.0,277.5,0.0,277.5,277.5,90,17,91,Explotacion activa
1267,11,WOA,poblacional,58320.0,58320.0,True,False,277.5,0.0,277.5,0.0,277.5,277.5,91,18,92,Explotacion activa
1268,11,WOA,poblacional,58320.0,58320.0,True,False,277.5,0.0,277.5,0.0,277.5,277.5,92,19,93,Explotacion activa
1269,11,WOA,poblacional,58320.0,58320.0,True,False,277.5,0.0,277.5,0.0,277.5,277.5,93,20,94,Explotacion activa
1270,11,WOA,poblacional,58320.0,58320.0,True,False,277.5,0.0,277.5,0.0,277.5,277.5,94,21,95,Explotacion activa
1271,11,WOA,poblacional,58320.0,58320.0,True,False,277.5,0.0,277.5,0.0,277.5,277.5,95,22,96,Explotacion activa
1272,11,WOA,poblacional,58320.0,58320.0,True,False,277.5,0.0,277.5,0.0,277.5,277.5,96,23,97,Explotacion activa
1273,11,WOA,poblacional,58320.0,58320.0,True,False,277.5,0.0,277.5,0.0,277.5,277.5,97,24,98,Explotacion activa
1274,11,WOA,poblacional,58320.0,58320.0,True,True,277.5,0.0,277.5,0.0,277.5,277.5,98,25,99,ESTANCAMIENTO (Fire)
1275,11,WOA,poblacional,58320.0,58320.0,False,False,,,,,,,0,0,1,Llenando ventana
1276,11,WOA,poblacional,58320.0,58320.0,False,False,,,,,,,1,0,2,Llenando ventana
1277,11,WOA,poblacional,58320.0,58320.0,False,False,,,,,,,2,0,3,Llenando ventana
1278,11,WOA,poblacional,58320.0,58320.0,False,False,,,,,,,3,0,4,Llenando ventana
1279,11,WOA,poblacional,58320.0,58320.0,False,False,,,,,,,4,0,5,Llenando ventana
1280,11,WOA,poblacional,58320.0,58320.0,False,False,,,,,,,5,0,6,Llenando ventana
1281,11,WOA,poblacional,58320.0,58320.0,False,False,,,,,,,6,0,7,Llenando ventana
1282,11,WOA,poblacional,58320.0,58320.0,False,False,,,,,,,7,0,8,Llenando ventana
1283,11,WOA,poblacional,58320.0,58320.0,False,False,,,,,,,8,0,9,Llenando ventana
1284,11,WOA,poblacional,58320.0,58320.0,False,False,,,,,,,9,0,10,Llenando ventana
1285,11,WOA,poblacional,58320.0,58320.0,False,False,,,,,,,10,0,11,Llenando ventana
1286,11,WOA,poblacional,58320.0,58320.0,False,False,,,,,,,11,0,12,Llenando ventana
1287,11,WOA,poblacional,58320.0,58320.0,False,False,,,,,,,12,0,13,Llenando ventana
1288,11,WOA,poblacional,58320.0,58320.0,False,False,,,,,,,13,0,14,Llenando ventana
1289,11,WOA,poblacional,58320.0,58320.0,False,False,,,,,,,14,0,15,Llenando ventana
1290,11,WOA,poblacional,58320.0,58320.0,False,False,,,,,,,15,0,16,Llenando ventana
1291,11,WOA,poblacional,58320.0,58320.0,False,False,,,,,,,16,0,17,Llenando ventana
1292,11,WOA,poblacional,58320.0,58320.0,False,False,,,,,,,17,0,18,Llenando ventana
1293,11,WOA,poblacional,58320.0,58320.0,False,False,,,,,,,18,0,19,Llenando ventana
1294,11,WOA,poblacional,58320.0,58320.0,False,False,,,,,,,19,0,20,Llenando ventana
1295,11,WOA,poblacional,58320.0,58320.0,False,False,,,,,,,20,0,21,Llenando ventana
1296,11,WOA,poblacional,58320.0,58320.0,False,False,,,,,,,21,0,22,Llenando ventana
1297,11,WOA,poblacional,58320.0,58320.0,False,False,,,,,,,22,0,23,Llenando ventana
1298,11,WOA,poblacional,58320.0,58320.0,False,False,,,,,,,23,0,24,Llenando ventana
1299,11,WOA,poblacional,58320.0,58320.0,False,False,,,,,,,24,0,25,Llenando ventana
1300,11,WOA,poblacional,58320.0,58320.0,False,False,,,,,,,25,0,26,Llenando ventana
1301,11,WOA,poblacional,58320.0,58320.0,False,False,,,,,,,26,0,27,Llenando ventana
1302,11,WOA,poblacional,58320.0,58320.0,False,False,,,,,,,27,0,28,Llenando ventana
1303,11,WOA,poblacional,58320.0,58320.0,False,False,,,,,,,28,0,29,Llenando ventana
1304,11,WOA,poblacional,58320.0,58320.0,False,False,,,,,,,29,0,30,Llenando ventana
1305,11,WOA,poblacional,58320.0,58320.0,False,False,,,,,,,30,0,31,Llenando ventana
1306,11,WOA,poblacional,58320.0,58320.0,False,False,,,,,,,31,0,32,Llenando ventana
1307,11,WOA,poblacional,58320.0,58320.0,False,False,,,,,,,32,0,33,Llenando ventana
1308,11,WOA,poblacional,58320.0,58320.0,False,False,,,,,,,33,0,34,Llenando ventana
1309,11,WOA,poblacional,58320.0,58320.0,False,False,,,,,,,34,0,35,Llenando ventana
1310,11,WOA,poblacional,58320.0,58320.0,False,False,,,,,,,35,0,36,Llenando ventana
1311,11,WOA,poblacional,58320.0,58320.0,False,False,,,,,,,36,0,37,Llenando ventana
1312,11,WOA,poblacional,58320.0,58320.0,False,False,,,,,,,37,0,38,Llenando ventana
1313,11,WOA,poblacional,58320.0,58320.0,False,False,,,,,,,38,0,39,Llenando ventana
1314,11,WOA,poblacional,58320.0,58320.0,False,False,,,,,,,39,0,40,Llenando ventana
1315,11,WOA,poblacional,58320.0,58320.0,False,False,,,,,,,40,0,41,Llenando ventana
1316,11,WOA,poblacional,58320.0,58320.0,False,False,,,,,,,41,0,42,Llenando ventana
1317,11,WOA,poblacional,58320.0,58320.0,False,False,,,,,,,42,0,43,Llenando ventana
1318,11,WOA,poblacional,58320.0,58320.0,False,False,,,,,,,43,0,44,Llenando ventana
1319,11,WOA,poblacional,58320.0,58320.0,False,False,,,,,,,44,0,45,Llenando ventana
1320,11,WOA,poblacional,58320.0,58320.0,False,False,,,,,,,45,0,46,Llenando ventana
1321,11,WOA,poblacional,58320.0,58320.0,False,False,,,,,,,46,0,47,Llenando ventana
1322,11,WOA,poblacional,58320.0,58320.0,False,False,,,,,,,47,0,48,Llenando ventana
1323,11,WOA,poblacional,58320.0,58320.0,False,False,,,277.5,,,,48,0,49,Llenando ventana
1324,11,WOA,poblacional,58320.0,58320.0,False,False,,,277.5,,,,49,0,50,Llenando ventana
1325,11,WOA,poblacional,58320.0,58320.0,False,False,,,277.5,,,,50,0,51,Llenando ventana
1326,11,WOA,poblacional,58320.0,58320.0,False,False,,,277.5,,,,51,0,52,Llenando ventana
1327,11,WOA,poblacional,58320.0,58320.0,False,False,,,277.5,,,,52,0,53,Llenando ventana
1328,11,WOA,poblacional,58320.0,58320.0,False,False,,,277.5,,,,53,0,54,Llenando ventana
1329,11,WOA,poblacional,58320.0,58320.0,False,False,,,277.5,,,,54,0,55,Llenando ventana
1330,11,WOA,poblacional,58320.0,58320.0,False,False,,,277.5,,,,55,0,56,Llenando ventana
1331,11,WOA,poblacional,58320.0,58320.0,False,False,,,277.5,,,,56,0,57,Llenando ventana
1332,11,WOA,poblacional,58320.0,58320.0,False,False,,,277.5,,,,57,0,58,Llenando ventana
1333,11,WOA,poblacional,58320.0,58320.0,False,False,,,277.5,,,,58,0,59,Llenando ventana
1334,11,WOA,poblacional,58320.0,58320.0,False,False,,,277.5,,,,59,0,60,Llenando ventana
1335,11,WOA,poblacional,58320.0,58320.0,False,False,,,277.5,,,,60,0,61,Llenando ventana
1336,11,WOA,poblacional,58320.0,58320.0,False,False,,,277.5,,,,61,0,62,Llenando ventana
1337,11,WOA,poblacional,58320.0,58320.0,False,False,,,277.5,,,,62,0,63,Llenando ventana
1338,11,WOA,poblacional,58320.0,58320.0,False,False,,,277.5,,,,63,0,64,Llenando ventana
1339,11,WOA,poblacional,58320.0,58320.0,False,False,,,277.5,,,,64,0,65,Llenando ventana
1340,11,WOA,poblacional,58320.0,58320.0,False,False,,,277.5,,,,65,0,66,Llenando ventana
1341,11,WOA,poblacional,58320.0,58320.0,False,False,,,277.5,,,,66,0,67,Llenando ventana
1342,11,WOA,poblacional,58320.0,58320.0,False,False,,,277.5,,,,67,0,68,Llenando ventana
1343,11,WOA,poblacional,58320.0,58320.0,False,False,,,277.5,,,,68,0,69,Llenando ventana
1344,11,WOA,poblacional,58320.0,58320.0,False,False,,,277.5,,,,69,0,70,Llenando ventana
1345,11,WOA,poblacional,58320.0,58320.0,False,False,,,277.5,,,,70,0,71,Llenando ventana
1346,11,WOA,poblacional,58320.0,58320.0,False,False,,,277.5,,,,71,0,72,Llenando ventana
1347,11,WOA,poblacional,58320.0,58320.0,False,False,,,277.5,,,,72,0,73,Llenando ventana
1348,12,TS,trayectoria,58320.0,58320.0,False,False,,,,,,,73,0,74,Llenando ventana
1349,12,TS,trayectoria,58320.0,58320.0,True,False,277.5,0.0,277.5,7.5,37.5,22.5,74,1,75,Explotacion activa
1350,12,TS,trayectoria,58320.0,58320.0,True,False,277.5,0.0,277.5,7.5,37.5,22.5,75,2,76,Explotacion activa
1351,12,TS,trayectoria,58320.0,58320.0,True,False,277.5,0.0,277.5,7.5,37.5,22.5,76,3,77,Explotacion activa
1352,12,TS,trayectoria,58320.0,58320.0,True,False,277.5,0.0,277.5,7.5,37.5,22.5,77,4,78,Explotacion activa
1353,12,TS,trayectoria,58320.0,58320.0,True,False,277.5,0.0,277.5,7.5,37.5,22.5,78,5,79,Explotacion activa
1354,12,TS,trayectoria,58320.0,58320.0,True,False,277.5,0.0,277.5,7.5,37.5,22.5,79,6,80,Explotacion activa
1355,12,TS,trayectoria,58320.0,58320.0,True,False,277.5,0.0,277.5,7.5,37.5,22.5,80,7,81,Explotacion activa
1356,12,TS,trayectoria,58320.0,58320.0,True,False,277.5,0.0,277.5,7.5,37.5,22.5,81,8,82,Explotacion activa
1357,12,TS,trayectoria,58320.0,58320.0,True,False,277.5,0.0,277.5,7.5,37.5,22.5,82,9,83,Explotacion activa
1358,12,TS,trayectoria,58320.0,58320.0,True,False,277.5,0.0,277.5,0.0,277.5,277.5,83,10,84,Explotacion activa
1359,12,TS,trayectoria,58320.0,58320.0,True,False,277.5,0.0,277.5,0.0,277.5,277.5,84,11,85,Explotacion activa
1360,12,TS,trayectoria,58320.0,58320.0,True,False,277.5,0.0,277.5,0.0,277.5,277.5,85,12,86,Explotacion activa
1361,12,TS,trayectoria,58320.0,58320.0,True,False,277.5,0.0,277.5,0.0,277.5,277.5,86,13,87,Explotacion activa
1362,12,TS,trayectoria,58320.0,58320.0,True,False,277.5,0.0,277.5,0.0,277.5,277.5,87,14,88,Explotacion activa
1363,12,TS,trayectoria,58320.0,58320.0,True,False,277.5,0.0,277.5,0.0,277.5,277.5,88,15,89,Explotacion activa
1364,12,TS,trayectoria,58320.0,58320.0,True,False,277.5,0.0,277.5,0.0,277.5,277.5,89,16,90,Explotacion activa
1365,12,TS,trayectoria,58320.0,58320.0,True,False,277.5,0.0,277.5,0.0,277.5,277.5,90,17,91,Explotacion activa
1366,12,TS,trayectoria,58320.0,58320.0,True,False,277.5,0.0,277.5,0.0,277.5,277.5,91,18,92,Explotacion activa
1367,12,TS,trayectoria,58320.0,58320.0,True,False,277.5,0.0,277.5,0.0,277.5,277.5,92,19,93,Explotacion activa
1368,12,TS,trayectoria,58320.0,58320.0,True,False,277.5,0.0,277.5,0.0,277.5,277.5,93,20,94,Explotacion activa
1369,12,TS,trayectoria,58320.0,58320.0,True,False,277.5,0.0,277.5,0.0,277.5,277.5,94,21,95,Explotacion activa
1370,12,TS,trayectoria,58320.0,58320.0,True,False,277.5,0.0,277.5,0.0,277.5,277.5,95,22,96,Explotacion activa
1371,12,TS,trayectoria,58320.0,58320.0,True,False,277.5,0.0,277.5,0.0,277.5,277.5,96,23,97,Explotacion activa
1372,12,TS,trayectoria,58320.0,58320.0,True,False,277.5,0.0,277.5,0.0,277.5,277.5,97,24,98,Explotacion activa
1373,12,TS,trayectoria,58320.0,58320.0,True,True,277.5,0.0,277.5,0.0,277.5,277.5,98,25,99,ESTANCAMIENTO (Fire)
1374,12,TS,trayectoria,58320.0,58320.0,False,False,,,,,,,0,0,1,Llenando ventana
1375,12,TS,trayectoria,58320.0,58320.0,False,False,,,,,,,1,0,2,Llenando ventana
1376,12,TS,trayectoria,58320.0,58320.0,False,False,,,,,,,2,0,3,Llenando ventana
1377,12,TS,trayectoria,58320.0,58320.0,False,False,,,,,,,3,0,4,Llenando ventana
1378,12,TS,trayectoria,58320.0,58320.0,False,False,,,,,,,4,0,5,Llenando ventana
1379,12,TS,trayectoria,58320.0,58320.0,False,False,,,,,,,5,0,6,Llenando ventana
1380,12,TS,trayectoria,58320.0,58320.0,False,False,,,,,,,6,0,7,Llenando ventana
1381,12,TS,trayectoria,58320.0,58320.0,False,False,,,,,,,7,0,8,Llenando ventana
1382,12,TS,trayectoria,58320.0,58320.0,False,False,,,,,,,8,0,9,Llenando ventana
1383,12,TS,trayectoria,58320.0,58320.0,False,False,,,,,,,9,0,10,Llenando ventana
1384,12,TS,trayectoria,58320.0,58320.0,False,False,,,,,,,10,0,11,Llenando ventana
1385,12,TS,trayectoria,58320.0,58320.0,False,False,,,,,,,11,0,12,Llenando ventana
1386,12,TS,trayectoria,58320.0,58320.0,False,False,,,,,,,12,0,13,Llenando ventana
1387,12,TS,trayectoria,58320.0,58320.0,False,False,,,,,,,13,0,14,Llenando ventana
1388,12,TS,trayectoria,58320.0,58320.0,False,False,,,,,,,14,0,15,Llenando ventana
1389,12,TS,trayectoria,58320.0,58320.0,False,False,,,,,,,15,0,16,Llenando ventana
1390,12,TS,trayectoria,58320.0,58320.0,False,False,,,,,,,16,0,17,Llenando ventana
1391,12,TS,trayectoria,58320.0,58320.0,False,False,,,,,,,17,0,18,Llenando ventana
1392,12,TS,trayectoria,58320.0,58320.0,False,False,,,,,,,18,0,19,Llenando ventana
1393,12,TS,trayectoria,58320.0,58320.0,False,False,,,,,,,19,0,20,Llenando ventana
1394,12,TS,trayectoria,58320.0,58320.0,False,False,,,,,,,20,0,21,Llenando ventana
1395,12,TS,trayectoria,58320.0,58320.0,False,False,,,,,,,21,0,22,Llenando ventana
1396,12,TS,trayectoria,58320.0,58320.0,False,False,,,,,,,22,0,23,Llenando ventana
1397,12,TS,trayectoria,58320.0,58320.0,False,False,,,,,,,23,0,24,Llenando ventana
1398,12,TS,trayectoria,58320.0,58320.0,False,False,,,,,,,24,0,25,Llenando ventana
1399,12,TS,trayectoria,58320.0,58320.0,False,False,,,,,,,25,0,26,Llenando ventana
1400,12,TS,trayectoria,58320.0,58320.0,False,False,,,,,,,26,0,27,Llenando ventana
1401,12,TS,trayectoria,58320.0,58320.0,False,False,,,,,,,27,0,28,Llenando ventana
1402,12,TS,trayectoria,58320.0,58320.0,False,False,,,,,,,28,0,29,Llenando ventana
1403,12,TS,trayectoria,58320.0,58320.0,False,False,,,,,,,29,0,30,Llenando ventana
1404,12,TS,trayectoria,58320.0,58320.0,False,False,,,,,,,30,0,31,Llenando ventana
1405,12,TS,trayectoria,58320.0,58320.0,False,False,,,,,,,31,0,32,Llenando ventana
1406,12,TS,trayectoria,58320.0,58320.0,False,False,,,,,,,32,0,33,Llenando ventana
1407,12,TS,trayectoria,58320.0,58320.0,False,False,,,,,,,33,0,34,Llenando ventana
1408,12,TS,trayectoria,58320.0,58320.0,False,False,,,,,,,34,0,35,Llenando ventana
1409,12,TS,trayectoria,58320.0,58320.0,False,False,,,,,,,35,0,36,Llenando ventana
1410,12,TS,trayectoria,58320.0,58320.0,False,False,,,,,,,36,0,37,Llenando ventana
1411,12,TS,trayectoria,58320.0,58320.0,False,False,,,,,,,37,0,38,Llenando ventana
1412,12,TS,trayectoria,58320.0,58320.0,False,False,,,,,,,38,0,39,Llenando ventana
1413,12,TS,trayectoria,58320.0,58320.0,False,False,,,,,,,39,0,40,Llenando ventana
1414,12,TS,trayectoria,58320.0,58320.0,False,False,,,,,,,40,0,41,Llenando ventana
1415,12,TS,trayectoria,58320.0,58320.0,False,False,,,,,,,41,0,42,Llenando ventana
1416,12,TS,trayectoria,58320.0,58320.0,False,False,,,,,,,42,0,43,Llenando ventana
1417,12,TS,trayectoria,58320.0,58320.0,False,False,,,,,,,43,0,44,Llenando ventana
1418,12,TS,trayectoria,58320.0,58320.0,False,False,,,,,,,44,0,45,Llenando ventana
1419,12,TS,trayectoria,58320.0,58320.0,False,False,,,,,,,45,0,46,Llenando ventana
1420,12,TS,trayectoria,58320.0,58320.0,False,False,,,,,,,46,0,47,Llenando ventana
1421,12,TS,trayectoria,58320.0,58320.0,False,False,,,,,,,47,0,48,Llenando ventana
1422,12,TS,trayectoria,58320.0,58320.0,False,False,,,277.5,,,,48,0,49,Llenando ventana
1423,12,TS,trayectoria,58320.0,58320.0,False,False,,,277.5,,,,49,0,50,Llenando ventana
1424,12,TS,trayectoria,58320.0,58320.0,False,False,,,277.5,,,,50,0,51,Llenando ventana
1425,12,TS,trayectoria,58320.0,58320.0,False,False,,,277.5,,,,51,0,52,Llenando ventana
1426,12,TS,trayectoria,58320.0,58320.0,False,False,,,277.5,,,,52,0,53,Llenando ventana
1427,12,TS,trayectoria,58320.0,58320.0,False,False,,,277.5,,,,53,0,54,Llenando ventana
1428,12,TS,trayectoria,58320.0,58320.0,False,False,,,277.5,,,,54,0,55,Llenando ventana
1429,12,TS,trayectoria,58320.0,58320.0,False,False,,,277.5,,,,55,0,56,Llenando ventana
1430,12,TS,trayectoria,58320.0,58320.0,False,False,,,277.5,,,,56,0,57,Llenando ventana
1431,12,TS,trayectoria,58320.0,58320.0,False,False,,,277.5,,,,57,0,58,Llenando ventana
1432,12,TS,trayectoria,58320.0,58320.0,False,False,,,277.5,,,,58,0,59,Llenando ventana
1433,12,TS,trayectoria,58320.0,58320.0,False,False,,,277.5,,,,59,0,60,Llenando ventana
1434,12,TS,trayectoria,58320.0,58320.0,False,False,,,277.5,,,,60,0,61,Llenando ventana
1435,12,TS,trayectoria,58320.0,58320.0,False,False,,,277.5,,,,61,0,62,Llenando ventana
1436,12,TS,trayectoria,58320.0,58320.0,False,False,,,277.5,,,,62,0,63,Llenando ventana
1437,12,TS,trayectoria,58320.0,58320.0,False,False,,,277.5,,,,63,0,64,Llenando ventana
1438,12,TS,trayectoria,58320.0,58320.0,False,False,,,277.5,,,,64,0,65,Llenando ventana
1439,12,TS,trayectoria,58320.0,58320.0,False,False,,,277.5,,,,65,0,66,Llenando ventana
1440,12,TS,trayectoria,58320.0,58320.0,False,False,,,277.5,,,,66,0,67,Llenando ventana
1441,12,TS,trayectoria,58320.0,58320.0,False,False,,,277.5,,,,67,0,68,Llenando ventana
1442,12,TS,trayectoria,58320.0,58320.0,False,False,,,277.5,,,,68,0,69,Llenando ventana
1443,12,TS,trayectoria,58320.0,58320.0,False,False,,,277.5,,,,69,0,70,Llenando ventana
1444,12,TS,trayectoria,58320.0,58320.0,False,False,,,277.5,,,,70,0,71,Llenando ventana
1445,12,TS,trayectoria,58320.0,58320.0,False,False,,,277.5,,,,71,0,72,Llenando ventana
1446,12,TS,trayectoria,58320.0,58320.0,False,False,,,277.5,,,,72,0,73,Llenando ventana
1447,13,GWO,poblacional,58320.0,58320.0,False,False,,,,,,,73,0,74,Llenando ventana
1448,13,GWO,poblacional,58320.0,58320.0,True,False,277.5,0.0,277.5,7.5,37.5,22.5,74,1,75,Explotacion activa
1449,13,GWO,poblacional,58320.0,58320.0,True,False,277.5,0.0,277.5,7.5,37.5,22.5,75,2,76,Explotacion activa
1450,13,GWO,poblacional,58320.0,58320.0,True,False,277.5,0.0,277.5,7.5,37.5,22.5,76,3,77,Explotacion activa
1451,13,GWO,poblacional,58320.0,58320.0,True,False,277.5,0.0,277.5,7.5,37.5,22.5,77,4,78,Explotacion activa
1452,13,GWO,poblacional,58320.0,58320.0,True,False,277.5,0.0,277.5,7.5,37.5,22.5,78,5,79,Explotacion activa
1453,13,GWO,poblacional,58320.0,58320.0,True,False,277.5,0.0,277.5,7.5,37.5,22.5,79,6,80,Explotacion activa
1454,13,GWO,poblacional,58320.0,58320.0,True,False,277.5,0.0,277.5,7.5,37.5,22.5,80,7,81,Explotacion activa
1455,13,GWO,poblacional,58320.0,58320.0,True,False,277.5,0.0,277.5,7.5,37.5,22.5,81,8,82,Explotacion activa
1456,13,GWO,poblacional,58320.0,58320.0,True,False,277.5,0.0,277.5,7.5,37.5,22.5,82,9,83,Explotacion activa
1457,13,GWO,poblacional,58320.0,58320.0,True,False,277.5,0.0,277.5,0.0,277.5,277.5,83,10,84,Explotacion activa
1458,13,GWO,poblacional,58320.0,58320.0,True,False,277.5,0.0,277.5,0.0,277.5,277.5,84,11,85,Explotacion activa
1459,13,GWO,poblacional,58320.0,58320.0,True,False,277.5,0.0,277.5,0.0,277.5,277.5,85,12,86,Explotacion activa
1460,13,GWO,poblacional,58320.0,58320.0,True,False,277.5,0.0,277.5,0.0,277.5,277.5,86,13,87,Explotacion activa
1461,13,GWO,poblacional,58320.0,58320.0,True,False,277.5,0.0,277.5,0.0,277.5,277.5,87,14,88,Explotacion activa
1462,13,GWO,poblacional,58320.0,58320.0,True,False,277.5,0.0,277.5,0.0,277.5,277.5,88,15,89,Explotacion activa
1463,13,GWO,poblacional,58320.0,58320.0,True,False,277.5,0.0,277.5,0.0,277.5,277.5,89,16,90,Explotacion activa
1464,13,GWO,poblacional,58320.0,58320.0,True,False,277.5,0.0,277.5,0.0,277.5,277.5,90,17,91,Explotacion activa
1465,13,GWO,poblacional,58320.0,58320.0,True,False,277.5,0.0,277.5,0.0,277.5,277.5,91,18,92,Explotacion activa
1466,13,GWO,poblacional,58320.0,58320.0,True,False,277.5,0.0,277.5,0.0,277.5,277.5,92,19,93,Explotacion activa
1467,13,GWO,poblacional,58320.0,58320.0,True,False,277.5,0.0,277.5,0.0,277.5,277.5,93,20,94,Explotacion activa
1468,13,GWO,poblacional,58320.0,58320.0,True,False,277.5,0.0,277.5,0.0,277.5,277.5,94,21,95,Explotacion activa
1469,13,GWO,poblacional,58320.0,58320.0,True,False,277.5,0.0,277.5,0.0,277.5,277.5,95,22,96,Explotacion activa
1470,13,GWO,poblacional,58320.0,58320.0,True,False,277.5,0.0,277.5,0.0,277.5,277.5,96,23,97,Explotacion activa
1471,13,GWO,poblacional,58320.0,58320.0,True,False,277.5,0.0,277.5,0.0,277.5,277.5,97,24,98,Explotacion activa
1472,13,GWO,poblacional,58320.0,58320.0,True,True,277.5,0.0,277.5,0.0,277.5,277.5,98,25,99,ESTANCAMIENTO (Fire)
1473,13,GWO,poblacional,58320.0,58320.0,False,False,,,,,,,0,0,1,Llenando ventana
1474,13,GWO,poblacional,58320.0,58320.0,False,False,,,,,,,1,0,2,Llenando ventana
1475,13,GWO,poblacional,58320.0,58320.0,False,False,,,,,,,2,0,3,Llenando ventana
1476,13,GWO,poblacional,58320.0,58320.0,False,False,,,,,,,3,0,4,Llenando ventana
1477,13,GWO,poblacional,58320.0,58320.0,False,False,,,,,,,4,0,5,Llenando ventana
1478,13,GWO,poblacional,58320.0,58320.0,False,False,,,,,,,5,0,6,Llenando ventana
1479,13,GWO,poblacional,58320.0,58320.0,False,False,,,,,,,6,0,7,Llenando ventana
1480,13,GWO,poblacional,58320.0,58320.0,False,False,,,,,,,7,0,8,Llenando ventana
1481,13,GWO,poblacional,58320.0,58320.0,False,False,,,,,,,8,0,9,Llenando ventana
1482,13,GWO,poblacional,58320.0,58320.0,False,False,,,,,,,9,0,10,Llenando ventana
1483,13,GWO,poblacional,58320.0,58320.0,False,False,,,,,,,10,0,11,Llenando ventana
1484,13,GWO,poblacional,58320.0,58320.0,False,False,,,,,,,11,0,12,Llenando ventana
1485,13,GWO,poblacional,58320.0,58320.0,False,False,,,,,,,12,0,13,Llenando ventana
1486,13,GWO,poblacional,58320.0,58320.0,False,False,,,,,,,13,0,14,Llenando ventana
1487,13,GWO,poblacional,58320.0,58320.0,False,False,,,,,,,14,0,15,Llenando ventana
1488,13,GWO,poblacional,58320.0,58320.0,False,False,,,,,,,15,0,16,Llenando ventana
1489,13,GWO,poblacional,58320.0,58320.0,False,False,,,,,,,16,0,17,Llenando ventana
1490,13,GWO,poblacional,58320.0,58320.0,False,False,,,,,,,17,0,18,Llenando ventana
1491,13,GWO,poblacional,58320.0,58320.0,False,False,,,,,,,18,0,19,Llenando ventana
1492,13,GWO,poblacional,58320.0,58320.0,False,False,,,,,,,19,0,20,Llenando ventana
1493,13,GWO,poblacional,58320.0,58320.0,False,False,,,,,,,20,0,21,Llenando ventana
1494,13,GWO,poblacional,58320.0,58320.0,False,False,,,,,,,21,0,22,Llenando ventana
1495,13,GWO,poblacional,58320.0,58320.0,False,False,,,,,,,22,0,23,Llenando ventana
1496,13,GWO,poblacional,58320.0,58320.0,False,False,,,,,,,23,0,24,Llenando ventana
1497,13,GWO,poblacional,58320.0,58320.0,False,False,,,,,,,24,0,25,Llenando ventana
1498,13,GWO,poblacional,58320.0,58320.0,False,False,,,,,,,25,0,26,Llenando ventana
1499,13,GWO,poblacional,58320.0,58320.0,False,False,,,,,,,26,0,27,Llenando ventana
1500,13,GWO,poblacional,58320.0,58320.0,False,False,,,,,,,27,0,28,Llenando ventana
1501,13,GWO,poblacional,58320.0,58320.0,False,False,,,,,,,28,0,29,Llenando ventana
1502,13,GWO,poblacional,58320.0,58320.0,False,False,,,,,,,29,0,30,Llenando ventana
1503,13,GWO,poblacional,58320.0,58320.0,False,False,,,,,,,30,0,31,Llenando ventana
1504,13,GWO,poblacional,58320.0,58320.0,False,False,,,,,,,31,0,32,Llenando ventana
1505,13,GWO,poblacional,58320.0,58320.0,False,False,,,,,,,32,0,33,Llenando ventana
1506,13,GWO,poblacional,58320.0,58320.0,False,False,,,,,,,33,0,34,Llenando ventana
1507,13,GWO,poblacional,58320.0,58320.0,False,False,,,,,,,34,0,35,Llenando ventana
1508,13,GWO,poblacional,58320.0,58320.0,False,False,,,,,,,35,0,36,Llenando ventana
1509,13,GWO,poblacional,58320.0,58320.0,False,False,,,,,,,36,0,37,Llenando ventana
1510,13,GWO,poblacional,58320.0,58320.0,False,False,,,,,,,37,0,38,Llenando ventana
1511,13,GWO,poblacional,58320.0,58320.0,False,False,,,,,,,38,0,39,Llenando ventana
1512,13,GWO,poblacional,58320.0,58320.0,False,False,,,,,,,39,0,40,Llenando ventana
1513,13,GWO,poblacional,58320.0,58320.0,False,False,,,,,,,40,0,41,Llenando ventana
1514,13,GWO,poblacional,58320.0,58320.0,False,False,,,,,,,41,0,42,Llenando ventana
1515,13,GWO,poblacional,58320.0,58320.0,False,False,,,,,,,42,0,43,Llenando ventana
1516,13,GWO,poblacional,58320.0,58320.0,False,False,,,,,,,43,0,44,Llenando ventana
1517,13,GWO,poblacional,58320.0,58320.0,False,False,,,,,,,44,0,45,Llenando ventana
1518,13,GWO,poblacional,58320.0,58320.0,False,False,,,,,,,45,0,46,Llenando ventana
1519,13,GWO,poblacional,58320.0,58320.0,False,False,,,,,,,46,0,47,Llenando ventana
1520,13,GWO,poblacional,58320.0,58320.0,False,False,,,,,,,47,0,48,Llenando ventana
1521,13,GWO,poblacional,58320.0,58320.0,False,False,,,277.5,,,,48,0,49,Llenando ventana
1522,13,GWO,poblacional,58320.0,58320.0,False,False,,,277.5,,,,49,0,50,Llenando ventana
1523,13,GWO,poblacional,58320.0,58320.0,False,False,,,277.5,,,,50,0,51,Llenando ventana
1524,13,GWO,poblacional,58320.0,58320.0,False,False,,,277.5,,,,51,0,52,Llenando ventana
1525,13,GWO,poblacional,58320.0,58320.0,False,False,,,277.5,,,,52,0,53,Llenando ventana
1526,13,GWO,poblacional,58320.0,58320.0,False,False,,,277.5,,,,53,0,54,Llenando ventana
1527,13,GWO,poblacional,58320.0,58320.0,False,False,,,277.5,,,,54,0,55,Llenando ventana
1528,13,GWO,poblacional,58320.0,58320.0,False,False,,,277.5,,,,55,0,56,Llenando ventana
1529,13,GWO,poblacional,58320.0,58320.0,False,False,,,277.5,,,,56,0,57,Llenando ventana
1530,13,GWO,poblacional,58320.0,58320.0,False,False,,,277.5,,,,57,0,58,Llenando ventana
1531,13,GWO,poblacional,58320.0,58320.0,False,False,,,277.5,,,,58,0,59,Llenando ventana
1532,13,GWO,poblacional,58320.0,58320.0,False,False,,,277.5,,,,59,0,60,Llenando ventana
1533,13,GWO,poblacional,58320.0,58320.0,False,False,,,277.5,,,,60,0,61,Llenando ventana
1534,13,GWO,poblacional,58320.0,58320.0,False,False,,,277.5,,,,61,0,62,Llenando ventana
1535,13,GWO,poblacional,58320.0,58320.0,False,False,,,277.5,,,,62,0,63,Llenando ventana
1536,13,GWO,poblacional,58320.0,58320.0,False,False,,,277.5,,,,63,0,64,Llenando ventana
1537,13,GWO,poblacional,58320.0,58320.0,False,False,,,277.5,,,,64,0,65,Llenando ventana
1538,13,GWO,poblacional,58320.0,58320.0,False,False,,,277.5,,,,65,0,66,Llenando ventana
1539,13,GWO,poblacional,58320.0,58320.0,False,False,,,277.5,,,,66,0,67,Llenando ventana
1540,13,GWO,poblacional,58320.0,58320.0,False,False,,,277.5,,,,67,0,68,Llenando ventana
1541,13,GWO,poblacional,58320.0,58320.0,False,False,,,277.5,,,,68,0,69,Llenando ventana
1542,13,GWO,poblacional,58320.0,58320.0,False,False,,,277.5,,,,69,0,70,Llenando ventana
1543,13,GWO,poblacional,58320.0,58320.0,False,False,,,277.5,,,,70,0,71,Llenando ventana
1544,13,GWO,poblacional,58320.0,58320.0,False,False,,,277.5,,,,71,0,72,Llenando ventana
1545,13,GWO,poblacional,58320.0,58320.0,False,False,,,277.5,,,,72,0,73,Llenando ventana
1546,14,VNS,trayectoria,58320.0,58320.0,False,False,,,,,,,73,0,74,Llenando ventana
1547,14,VNS,trayectoria,58320.0,58320.0,True,False,277.5,0.0,277.5,7.5,37.5,22.5,74,1,75,Explotacion activa
1548,14,VNS,trayectoria,58320.0,58320.0,True,False,277.5,0.0,277.5,7.5,37.5,22.5,75,2,76,Explotacion activa
1549,14,VNS,trayectoria,58320.0,58320.0,True,False,277.5,0.0,277.5,7.5,37.5,22.5,76,3,77,Explotacion activa
1550,14,VNS,trayectoria,58320.0,58320.0,True,False,277.5,0.0,277.5,7.5,37.5,22.5,77,4,78,Explotacion activa
1551,14,VNS,trayectoria,58320.0,58320.0,True,False,277.5,0.0,277.5,7.5,37.5,22.5,78,5,79,Explotacion activa
1552,14,VNS,trayectoria,58320.0,58320.0,True,False,277.5,0.0,277.5,7.5,37.5,22.5,79,6,80,Explotacion activa
1553,14,VNS,trayectoria,58320.0,58320.0,True,False,277.5,0.0,277.5,7.5,37.5,22.5,80,7,81,Explotacion activa
1554,14,VNS,trayectoria,58320.0,58320.0,True,False,277.5,0.0,277.5,7.5,37.5,22.5,81,8,82,Explotacion activa
1555,14,VNS,trayectoria,58320.0,58320.0,True,False,277.5,0.0,277.5,7.5,37.5,22.5,82,9,83,Explotacion activa
1556,14,VNS,trayectoria,58320.0,58320.0,True,False,277.5,0.0,277.5,0.0,277.5,277.5,83,10,84,Explotacion activa
1557,14,VNS,trayectoria,58320.0,58320.0,True,False,277.5,0.0,277.5,0.0,277.5,277.5,84,11,85,Explotacion activa
1558,14,VNS,trayectoria,58320.0,58320.0,True,False,277.5,0.0,277.5,0.0,277.5,277.5,85,12,86,Explotacion activa
1559,14,VNS,trayectoria,58320.0,58320.0,True,False,277.5,0.0,277.5,0.0,277.5,277.5,86,13,87,Explotacion activa
1560,14,VNS,trayectoria,58320.0,58320.0,True,False,277.5,0.0,277.5,0.0,277.5,277.5,87,14,88,Explotacion activa
1561,14,VNS,trayectoria,58320.0,58320.0,True,False,277.5,0.0,277.5,0.0,277.5,277.5,88,15,89,Explotacion activa
1562,14,VNS,trayectoria,58320.0,58320.0,True,False,277.5,0.0,277.5,0.0,277.5,277.5,89,16,90,Explotacion activa
1563,14,VNS,trayectoria,58320.0,58320.0,True,False,277.5,0.0,277.5,0.0,277.5,277.5,90,17,91,Explotacion activa
1564,14,VNS,trayectoria,58320.0,58320.0,True,False,277.5,0.0,277.5,0.0,277.5,277.5,91,18,92,Explotacion activa
1565,14,VNS,trayectoria,58320.0,58320.0,True,False,277.5,0.0,277.5,0.0,277.5,277.5,92,19,93,Explotacion activa
1566,14,VNS,trayectoria,58320.0,58320.0,True,False,277.5,0.0,277.5,0.0,277.5,277.5,93,20,94,Explotacion activa
1567,14,VNS,trayectoria,58320.0,58320.0,True,False,277.5,0.0,277.5,0.0,277.5,277.5,94,21,95,Explotacion activa
1568,14,VNS,trayectoria,58320.0,58320.0,True,False,277.5,0.0,277.5,0.0,277.5,277.5,95,22,96,Explotacion activa
1569,14,VNS,trayectoria,58320.0,58320.0,True,False,277.5,0.0,277.5,0.0,277.5,277.5,96,23,97,Explotacion activa
1570,14,VNS,trayectoria,58320.0,58320.0,True,False,277.5,0.0,277.5,0.0,277.5,277.5,97,24,98,Explotacion activa
1571,14,VNS,trayectoria,58320.0,58320.0,True,True,277.5,0.0,277.5,0.0,277.5,277.5,98,25,99,ESTANCAMIENTO (Fire)
1572,14,VNS,trayectoria,58320.0,58320.0,False,False,,,,,,,0,0,1,Llenando ventana
1573,14,VNS,trayectoria,58320.0,58320.0,False,False,,,,,,,1,0,2,Llenando ventana
1574,14,VNS,trayectoria,58320.0,58320.0,False,False,,,,,,,2,0,3,Llenando ventana
1575,14,VNS,trayectoria,58320.0,58320.0,False,False,,,,,,,3,0,4,Llenando ventana
1576,14,VNS,trayectoria,58320.0,58320.0,False,False,,,,,,,4,0,5,Llenando ventana
1577,14,VNS,trayectoria,58320.0,58320.0,False,False,,,,,,,5,0,6,Llenando ventana
1578,14,VNS,trayectoria,58320.0,58320.0,False,False,,,,,,,6,0,7,Llenando ventana
1579,14,VNS,trayectoria,58320.0,58320.0,False,False,,,,,,,7,0,8,Llenando ventana
1580,14,VNS,trayectoria,58320.0,58320.0,False,False,,,,,,,8,0,9,Llenando ventana
1581,14,VNS,trayectoria,58320.0,58320.0,False,False,,,,,,,9,0,10,Llenando ventana
1582,14,VNS,trayectoria,58320.0,58320.0,False,False,,,,,,,10,0,11,Llenando ventana
1583,14,VNS,trayectoria,58320.0,58320.0,False,False,,,,,,,11,0,12,Llenando ventana
1584,14,VNS,trayectoria,58320.0,58320.0,False,False,,,,,,,12,0,13,Llenando ventana
1585,14,VNS,trayectoria,58320.0,58320.0,False,False,,,,,,,13,0,14,Llenando ventana
1586,14,VNS,trayectoria,58320.0,58320.0,False,False,,,,,,,14,0,15,Llenando ventana
1587,14,VNS,trayectoria,58320.0,58320.0,False,False,,,,,,,15,0,16,Llenando ventana
1588,14,VNS,trayectoria,58320.0,58320.0,False,False,,,,,,,16,0,17,Llenando ventana
1589,14,VNS,trayectoria,58320.0,58320.0,False,False,,,,,,,17,0,18,Llenando ventana
1590,14,VNS,trayectoria,58320.0,58320.0,False,False,,,,,,,18,0,19,Llenando ventana
1591,14,VNS,trayectoria,58320.0,58320.0,False,False,,,,,,,19,0,20,Llenando ventana
1592,14,VNS,trayectoria,58320.0,58320.0,False,False,,,,,,,20,0,21,Llenando ventana
1593,14,VNS,trayectoria,58320.0,58320.0,False,False,,,,,,,21,0,22,Llenando ventana
1594,14,VNS,trayectoria,58320.0,58320.0,False,False,,,,,,,22,0,23,Llenando ventana
1595,14,VNS,trayectoria,58320.0,58320.0,False,False,,,,,,,23,0,24,Llenando ventana
1596,14,VNS,trayectoria,58320.0,58320.0,False,False,,,,,,,24,0,25,Llenando ventana
1597,14,VNS,trayectoria,58320.0,58320.0,False,False,,,,,,,25,0,26,Llenando ventana
1598,14,VNS,trayectoria,58320.0,58320.0,False,False,,,,,,,26,0,27,Llenando ventana
1599,14,VNS,trayectoria,58320.0,58320.0,False,False,,,,,,,27,0,28,Llenando ventana
1600,14,VNS,trayectoria,58320.0,58320.0,False,False,,,,,,,28,0,29,Llenando ventana
1601,14,VNS,trayectoria,58320.0,58320.0,False,False,,,,,,,29,0,30,Llenando ventana
1602,14,VNS,trayectoria,58320.0,58320.0,False,False,,,,,,,30,0,31,Llenando ventana
1603,14,VNS,trayectoria,58320.0,58320.0,False,False,,,,,,,31,0,32,Llenando ventana
1604,14,VNS,trayectoria,58320.0,58320.0,False,False,,,,,,,32,0,33,Llenando ventana
1605,14,VNS,trayectoria,58320.0,58320.0,False,False,,,,,,,33,0,34,Llenando ventana
1606,14,VNS,trayectoria,58320.0,58320.0,False,False,,,,,,,34,0,35,Llenando ventana
1607,14,VNS,trayectoria,58320.0,58320.0,False,False,,,,,,,35,0,36,Llenando ventana
1608,14,VNS,trayectoria,58320.0,58320.0,False,False,,,,,,,36,0,37,Llenando ventana
1609,14,VNS,trayectoria,58320.0,58320.0,False,False,,,,,,,37,0,38,Llenando ventana
1610,14,VNS,trayectoria,58320.0,58320.0,False,False,,,,,,,38,0,39,Llenando ventana
1611,14,VNS,trayectoria,58320.0,58320.0,False,False,,,,,,,39,0,40,Llenando ventana
1612,14,VNS,trayectoria,58320.0,58320.0,False,False,,,,,,,40,0,41,Llenando ventana
1613,14,VNS,trayectoria,58320.0,58320.0,False,False,,,,,,,41,0,42,Llenando ventana
1614,14,VNS,trayectoria,58320.0,58320.0,False,False,,,,,,,42,0,43,Llenando ventana
1615,14,VNS,trayectoria,58320.0,58320.0,False,False,,,,,,,43,0,44,Llenando ventana
1616,14,VNS,trayectoria,58320.0,58320.0,False,False,,,,,,,44,0,45,Llenando ventana
1617,14,VNS,trayectoria,58320.0,58320.0,False,False,,,,,,,45,0,46,Llenando ventana
1618,14,VNS,trayectoria,58320.0,58320.0,False,False,,,,,,,46,0,47,Llenando ventana
1619,14,VNS,trayectoria,58320.0,58320.0,False,False,,,,,,,47,0,48,Llenando ventana
1620,14,VNS,trayectoria,58320.0,58320.0,False,False,,,277.5,,,,48,0,49,Llenando ventana
1621,14,VNS,trayectoria,58320.0,58320.0,False,False,,,277.5,,,,49,0,50,Llenando ventana
1622,14,VNS,trayectoria,58320.0,58320.0,False,False,,,277.5,,,,50,0,51,Llenando ventana
1623,14,VNS,trayectoria,58320.0,58320.0,False,False,,,277.5,,,,51,0,52,Llenando ventana
1624,14,VNS,trayectoria,58320.0,58320.0,False,False,,,277.5,,,,52,0,53,Llenando ventana
1625,14,VNS,trayectoria,58320.0,58320.0,False,False,,,277.5,,,,53,0,54,Llenando ventana
1626,14,VNS,trayectoria,58320.0,58320.0,False,False,,,277.5,,,,54,0,55,Llenando ventana
1627,14,VNS,trayectoria,58320.0,58320.0,False,False,,,277.5,,,,55,0,56,Llenando ventana
1628,14,VNS,trayectoria,58320.0,58320.0,False,False,,,277.5,,,,56,0,57,Llenando ventana
1629,14,VNS,trayectoria,58320.0,58320.0,False,False,,,277.5,,,,57,0,58,Llenando ventana
1630,14,VNS,trayectoria,58320.0,58320.0,False,False,,,277.5,,,,58,0,59,Llenando ventana
1631,14,VNS,trayectoria,58320.0,58320.0,False,False,,,277.5,,,,59,0,60,Llenando ventana
1632,14,VNS,trayectoria,58320.0,58320.0,False,False,,,277.5,,,,60,0,61,Llenando ventana
1633,14,VNS,trayectoria,58320.0,58320.0,False,False,,,277.5,,,,61,0,62,Llenando ventana
1634,14,VNS,trayectoria,58320.0,58320.0,False,False,,,277.5,,,,62,0,63,Llenando ventana
1635,14,VNS,trayectoria,58320.0,58320.0,False,False,,,277.5,,,,63,0,64,Llenando ventana
1636,14,VNS,trayectoria,58320.0,58320.0,False,False,,,277.5,,,,64,0,65,Llenando ventana
1637,14,VNS,trayectoria,58320.0,58320.0,False,False,,,277.5,,,,65,0,66,Llenando ventana
1638,14,VNS,trayectoria,58320.0,58320.0,False,False,,,277.5,,,,66,0,67,Llenando ventana
1639,14,VNS,trayectoria,58320.0,58320.0,False,False,,,277.5,,,,67,0,68,Llenando ventana
1640,14,VNS,trayectoria,58320.0,58320.0,False,False,,,277.5,,,,68,0,69,Llenando ventana
1641,14,VNS,trayectoria,58320.0,58320.0,False,False,,,277.5,,,,69,0,70,Llenando ventana
1642,14,VNS,trayectoria,58320.0,58320.0,False,False,,,277.5,,,,70,0,71,Llenando ventana
1643,14,VNS,trayectoria,58320.0,58320.0,False,False,,,277.5,,,,71,0,72,Llenando ventana
1644,14,VNS,trayectoria,58320.0,58320.0,False,False,,,277.5,,,,72,0,73,Llenando ventana
1645,15,WOA,poblacional,58320.0,58320.0,False,False,,,,,,,73,0,74,Llenando ventana
1646,15,WOA,poblacional,58320.0,58320.0,True,False,277.5,0.0,277.5,7.5,37.5,22.5,74,1,75,Explotacion activa
1647,15,WOA,poblacional,58320.0,58320.0,True,False,277.5,0.0,277.5,7.5,37.5,22.5,75,2,76,Explotacion activa
1648,15,WOA,poblacional,58320.0,58320.0,True,False,277.5,0.0,277.5,7.5,37.5,22.5,76,3,77,Explotacion activa
1649,15,WOA,poblacional,58320.0,58320.0,True,False,277.5,0.0,277.5,7.5,37.5,22.5,77,4,78,Explotacion activa
1650,15,WOA,poblacional,58320.0,58320.0,True,False,277.5,0.0,277.5,7.5,37.5,22.5,78,5,79,Explotacion activa
1651,15,WOA,poblacional,58320.0,58320.0,True,False,277.5,0.0,277.5,7.5,37.5,22.5,79,6,80,Explotacion activa
1652,15,WOA,poblacional,58320.0,58320.0,True,False,277.5,0.0,277.5,7.5,37.5,22.5,80,7,81,Explotacion activa
1653,15,WOA,poblacional,58320.0,58320.0,True,False,277.5,0.0,277.5,7.5,37.5,22.5,81,8,82,Explotacion activa
1654,15,WOA,poblacional,58320.0,58320.0,True,False,277.5,0.0,277.5,7.5,37.5,22.5,82,9,83,Explotacion activa
1655,15,WOA,poblacional,58320.0,58320.0,True,False,277.5,0.0,277.5,0.0,277.5,277.5,83,10,84,Explotacion activa
1656,15,WOA,poblacional,58320.0,58320.0,True,False,277.5,0.0,277.5,0.0,277.5,277.5,84,11,85,Explotacion activa
1657,15,WOA,poblacional,58320.0,58320.0,True,False,277.5,0.0,277.5,0.0,277.5,277.5,85,12,86,Explotacion activa
1658,15,WOA,poblacional,58320.0,58320.0,True,False,277.5,0.0,277.5,0.0,277.5,277.5,86,13,87,Explotacion activa
1659,15,WOA,poblacional,58320.0,58320.0,True,False,277.5,0.0,277.5,0.0,277.5,277.5,87,14,88,Explotacion activa
1660,15,WOA,poblacional,58320.0,58320.0,True,False,277.5,0.0,277.5,0.0,277.5,277.5,88,15,89,Explotacion activa
1661,15,WOA,poblacional,58320.0,58320.0,True,False,277.5,0.0,277.5,0.0,277.5,277.5,89,16,90,Explotacion activa
1662,15,WOA,poblacional,58320.0,58320.0,True,False,277.5,0.0,277.5,0.0,277.5,277.5,90,17,91,Explotacion activa
1663,15,WOA,poblacional,58320.0,58320.0,True,False,277.5,0.0,277.5,0.0,277.5,277.5,91,18,92,Explotacion activa
1664,15,WOA,poblacional,58320.0,58320.0,True,False,277.5,0.0,277.5,0.0,277.5,277.5,92,19,93,Explotacion activa
1665,15,WOA,poblacional,58320.0,58320.0,True,False,277.5,0.0,277.5,0.0,277.5,277.5,93,20,94,Explotacion activa
1666,15,WOA,poblacional,58320.0,58320.0,True,False,277.5,0.0,277.5,0.0,277.5,277.5,94,21,95,Explotacion activa
1667,15,WOA,poblacional,58320.0,58320.0,True,False,277.5,0.0,277.5,0.0,277.5,277.5,95,22,96,Explotacion activa
1668,15,WOA,poblacional,58320.0,58320.0,True,False,277.5,0.0,277.5,0.0,277.5,277.5,96,23,97,Explotacion activa
1669,15,WOA,poblacional,58320.0,58320.0,True,False,277.5,0.0,277.5,0.0,277.5,277.5,97,24,98,Explotacion activa
1670,15,WOA,poblacional,58320.0,58320.0,True,True,277.5,0.0,277.5,0.0,277.5,277.5,98,25,99,ESTANCAMIENTO (Fire)
1671,15,WOA,poblacional,58320.0,58320.0,False,False,,,,,,,0,0,1,Llenando ventana
1672,15,WOA,poblacional,58320.0,58320.0,False,False,,,,,,,1,0,2,Llenando ventana
1673,15,WOA,poblacional,58320.0,58320.0,False,False,,,,,,,2,0,3,Llenando ventana
1674,15,WOA,poblacional,58320.0,58320.0,False,False,,,,,,,3,0,4,Llenando ventana
1675,15,WOA,poblacional,58320.0,58320.0,False,False,,,,,,,4,0,5,Llenando ventana
1676,15,WOA,poblacional,58320.0,58320.0,False,False,,,,,,,5,0,6,Llenando ventana
1677,15,WOA,poblacional,58320.0,58320.0,False,False,,,,,,,6,0,7,Llenando ventana
1678,15,WOA,poblacional,58320.0,58320.0,False,False,,,,,,,7,0,8,Llenando ventana
1679,15,WOA,poblacional,58320.0,58320.0,False,False,,,,,,,8,0,9,Llenando ventana
1680,15,WOA,poblacional,58320.0,58320.0,False,False,,,,,,,9,0,10,Llenando ventana
1681,15,WOA,poblacional,58320.0,58320.0,False,False,,,,,,,10,0,11,Llenando ventana
1682,15,WOA,poblacional,58320.0,58320.0,False,False,,,,,,,11,0,12,Llenando ventana
1683,15,WOA,poblacional,58320.0,58320.0,False,False,,,,,,,12,0,13,Llenando ventana
1684,15,WOA,poblacional,58320.0,58320.0,False,False,,,,,,,13,0,14,Llenando ventana
1685,15,WOA,poblacional,58320.0,58320.0,False,False,,,,,,,14,0,15,Llenando ventana
1686,15,WOA,poblacional,58320.0,58320.0,False,False,,,,,,,15,0,16,Llenando ventana
1687,15,WOA,poblacional,58320.0,58320.0,False,False,,,,,,,16,0,17,Llenando ventana
1688,15,WOA,poblacional,58320.0,58320.0,False,False,,,,,,,17,0,18,Llenando ventana
1689,15,WOA,poblacional,58320.0,58320.0,False,False,,,,,,,18,0,19,Llenando ventana
1690,15,WOA,poblacional,58320.0,58320.0,False,False,,,,,,,19,0,20,Llenando ventana
1691,15,WOA,poblacional,58320.0,58320.0,False,False,,,,,,,20,0,21,Llenando ventana
1692,15,WOA,poblacional,58320.0,58320.0,False,False,,,,,,,21,0,22,Llenando ventana
1693,15,WOA,poblacional,58320.0,58320.0,False,False,,,,,,,22,0,23,Llenando ventana
1694,15,WOA,poblacional,58320.0,58320.0,False,False,,,,,,,23,0,24,Llenando ventana
1695,15,WOA,poblacional,58320.0,58320.0,False,False,,,,,,,24,0,25,Llenando ventana
1696,15,WOA,poblacional,58320.0,58320.0,False,False,,,,,,,25,0,26,Llenando ventana
1697,15,WOA,poblacional,58320.0,58320.0,False,False,,,,,,,26,0,27,Llenando ventana
1698,15,WOA,poblacional,58320.0,58320.0,False,False,,,,,,,27,0,28,Llenando ventana
1699,15,WOA,poblacional,58320.0,58320.0,False,False,,,,,,,28,0,29,Llenando ventana
1700,15,WOA,poblacional,58320.0,58320.0,False,False,,,,,,,29,0,30,Llenando ventana
1701,15,WOA,poblacional,58320.0,58320.0,False,False,,,,,,,30,0,31,Llenando ventana
1702,15,WOA,poblacional,58320.0,58320.0,False,False,,,,,,,31,0,32,Llenando ventana
1703,15,WOA,poblacional,58320.0,58320.0,False,False,,,,,,,32,0,33,Llenando ventana
1704,15,WOA,poblacional,58320.0,58320.0,False,False,,,,,,,33,0,34,Llenando ventana
1705,15,WOA,poblacional,58320.0,58320.0,False,False,,,,,,,34,0,35,Llenando ventana
1706,15,WOA,poblacional,58320.0,58320.0,False,False,,,,,,,35,0,36,Llenando ventana
1707,15,WOA,poblacional,58320.0,58320.0,False,False,,,,,,,36,0,37,Llenando ventana
1708,15,WOA,poblacional,58320.0,58320.0,False,False,,,,,,,37,0,38,Llenando ventana
1709,15,WOA,poblacional,58320.0,58320.0,False,False,,,,,,,38,0,39,Llenando ventana
1710,15,WOA,poblacional,58320.0,58320.0,False,False,,,,,,,39,0,40,Llenando ventana
1711,15,WOA,poblacional,58320.0,58320.0,False,False,,,,,,,40,0,41,Llenando ventana
1712,15,WOA,poblacional,58320.0,58320.0,False,False,,,,,,,41,0,42,Llenando ventana
1713,15,WOA,poblacional,58320.0,58320.0,False,False,,,,,,,42,0,43,Llenando ventana
1714,15,WOA,poblacional,58320.0,58320.0,False,False,,,,,,,43,0,44,Llenando ventana
1715,15,WOA,poblacional,58320.0,58320.0,False,False,,,,,,,44,0,45,Llenando ventana
1716,15,WOA,poblacional,58320.0,58320.0,False,False,,,,,,,45,0,46,Llenando ventana
1717,15,WOA,poblacional,58320.0,58320.0,False,False,,,,,,,46,0,47,Llenando ventana
1718,15,WOA,poblacional,58320.0,58320.0,False,False,,,,,,,47,0,48,Llenando ventana
1719,15,WOA,poblacional,58320.0,58320.0,False,False,,,277.5,,,,48,0,49,Llenando ventana
1720,15,WOA,poblacional,58320.0,58320.0,False,False,,,277.5,,,,49,0,50,Llenando ventana
1721,15,WOA,poblacional,58320.0,58320.0,False,False,,,277.5,,,,50,0,51,Llenando ventana
1722,15,WOA,poblacional,58320.0,58320.0,False,False,,,277.5,,,,51,0,52,Llenando ventana
1723,15,WOA,poblacional,58320.0,58320.0,False,False,,,277.5,,,,52,0,53,Llenando ventana
1724,15,WOA,poblacional,58320.0,58320.0,False,False,,,277.5,,,,53,0,54,Llenando ventana
1725,15,WOA,poblacional,58320.0,58320.0,False,False,,,277.5,,,,54,0,55,Llenando ventana
1726,15,WOA,poblacional,58320.0,58320.0,False,False,,,277.5,,,,55,0,56,Llenando ventana
1727,15,WOA,poblacional,58320.0,58320.0,False,False,,,277.5,,,,56,0,57,Llenando ventana
1728,15,WOA,poblacional,58320.0,58320.0,False,False,,,277.5,,,,57,0,58,Llenando ventana
1729,15,WOA,poblacional,58320.0,58320.0,False,False,,,277.5,,,,58,0,59,Llenando ventana
1730,15,WOA,poblacional,58320.0,58320.0,False,False,,,277.5,,,,59,0,60,Llenando ventana
1731,15,WOA,poblacional,58320.0,58320.0,False,False,,,277.5,,,,60,0,61,Llenando ventana
1732,15,WOA,poblacional,58320.0,58320.0,False,False,,,277.5,,,,61,0,62,Llenando ventana
1733,15,WOA,poblacional,58320.0,58320.0,False,False,,,277.5,,,,62,0,63,Llenando ventana
1734,15,WOA,poblacional,58320.0,58320.0,False,False,,,277.5,,,,63,0,64,Llenando ventana
1735,15,WOA,poblacional,58320.0,58320.0,False,False,,,277.5,,,,64,0,65,Llenando ventana
1736,15,WOA,poblacional,58320.0,58320.0,False,False,,,277.5,,,,65,0,66,Llenando ventana
1737,15,WOA,poblacional,58320.0,58320.0,False,False,,,277.5,,,,66,0,67,Llenando ventana
1738,15,WOA,poblacional,58320.0,58320.0,False,False,,,277.5,,,,67,0,68,Llenando ventana
1739,15,WOA,poblacional,58320.0,58320.0,False,False,,,277.5,,,,68,0,69,Llenando ventana
1740,15,WOA,poblacional,58320.0,58320.0,False,False,,,277.5,,,,69,0,70,Llenando ventana
1741,15,WOA,poblacional,58320.0,58320.0,False,False,,,277.5,,,,70,0,71,Llenando ventana
1742,15,WOA,poblacional,58320.0,58320.0,False,False,,,277.5,,,,71,0,72,Llenando ventana
1743,15,WOA,poblacional,58320.0,58320.0,False,False,,,277.5,,,,72,0,73,Llenando ventana
1744,16,VNS,trayectoria,58320.0,58320.0,False,False,,,,,,,73,0,74,Llenando ventana
1745,16,VNS,trayectoria,58320.0,58320.0,True,False,277.5,0.0,277.5,7.5,37.5,22.5,74,1,75,Explotacion activa
1746,16,VNS,trayectoria,58320.0,58320.0,True,False,277.5,0.0,277.5,7.5,37.5,22.5,75,2,76,Explotacion activa
1747,16,VNS,trayectoria,58320.0,58320.0,True,False,277.5,0.0,277.5,7.5,37.5,22.5,76,3,77,Explotacion activa
1748,16,VNS,trayectoria,58320.0,58320.0,True,False,277.5,0.0,277.5,7.5,37.5,22.5,77,4,78,Explotacion activa
1749,16,VNS,trayectoria,58320.0,58320.0,True,False,277.5,0.0,277.5,7.5,37.5,22.5,78,5,79,Explotacion activa
1750,16,VNS,trayectoria,58320.0,58320.0,True,False,277.5,0.0,277.5,7.5,37.5,22.5,79,6,80,Explotacion activa
1751,16,VNS,trayectoria,58320.0,58320.0,True,False,277.5,0.0,277.5,7.5,37.5,22.5,80,7,81,Explotacion activa
1752,16,VNS,trayectoria,58320.0,58320.0,True,False,277.5,0.0,277.5,7.5,37.5,22.5,81,8,82,Explotacion activa
1753,16,VNS,trayectoria,58320.0,58320.0,True,False,277.5,0.0,277.5,7.5,37.5,22.5,82,9,83,Explotacion activa
1754,16,VNS,trayectoria,58320.0,58320.0,True,False,277.5,0.0,277.5,0.0,277.5,277.5,83,10,84,Explotacion activa
1755,16,VNS,trayectoria,58320.0,58320.0,True,False,277.5,0.0,277.5,0.0,277.5,277.5,84,11,85,Explotacion activa
1756,16,VNS,trayectoria,58320.0,58320.0,True,False,277.5,0.0,277.5,0.0,277.5,277.5,85,12,86,Explotacion activa
1757,16,VNS,trayectoria,58320.0,58320.0,True,False,277.5,0.0,277.5,0.0,277.5,277.5,86,13,87,Explotacion activa
1758,16,VNS,trayectoria,58320.0,58320.0,True,False,277.5,0.0,277.5,0.0,277.5,277.5,87,14,88,Explotacion activa
1759,16,VNS,trayectoria,58320.0,58320.0,True,False,277.5,0.0,277.5,0.0,277.5,277.5,88,15,89,Explotacion activa
1760,16,VNS,trayectoria,58320.0,58320.0,True,False,277.5,0.0,277.5,0.0,277.5,277.5,89,16,90,Explotacion activa
1761,16,VNS,trayectoria,58320.0,58320.0,True,False,277.5,0.0,277.5,0.0,277.5,277.5,90,17,91,Explotacion activa
1762,16,VNS,trayectoria,58320.0,58320.0,True,False,277.5,0.0,277.5,0.0,277.5,277.5,91,18,92,Explotacion activa
1763,16,VNS,trayectoria,58320.0,58320.0,True,False,277.5,0.0,277.5,0.0,277.5,277.5,92,19,93,Explotacion activa
1764,16,VNS,trayectoria,58320.0,58320.0,True,False,277.5,0.0,277.5,0.0,277.5,277.5,93,20,94,Explotacion activa
1765,16,VNS,trayectoria,58320.0,58320.0,True,False,277.5,0.0,277.5,0.0,277.5,277.5,94,21,95,Explotacion activa
1766,16,VNS,trayectoria,58320.0,58320.0,True,False,277.5,0.0,277.5,0.0,277.5,277.5,95,22,96,Explotacion activa
1767,16,VNS,trayectoria,58320.0,58320.0,True,False,277.5,0.0,277.5,0.0,277.5,277.5,96,23,97,Explotacion activa
1768,16,VNS,trayectoria,58320.0,58320.0,True,False,277.5,0.0,277.5,0.0,277.5,277.5,97,24,98,Explotacion activa
1769,16,VNS,trayectoria,58320.0,58320.0,True,True,277.5,0.0,277.5,0.0,277.5,277.5,98,25,99,ESTANCAMIENTO (Fire)
1770,16,VNS,trayectoria,58425.0,58425.0,False,False,,,,,,,0,0,1,Llenando ventana
1771,16,VNS,trayectoria,58425.0,58425.0,False,False,,,,,,,1,0,2,Llenando ventana
1772,16,VNS,trayectoria,58425.0,58425.0,False,False,,,,,,,2,0,3,Llenando ventana
1773,16,VNS,trayectoria,58425.0,58425.0,False,False,,,,,,,3,0,4,Llenando ventana
1774,16,VNS,trayectoria,58425.0,58425.0,False,False,,,,,,,4,0,5,Llenando ventana
1775,16,VNS,trayectoria,58425.0,58425.0,False,False,,,,,,,5,0,6,Llenando ventana
1776,16,VNS,trayectoria,58425.0,58425.0,False,False,,,,,,,6,0,7,Llenando ventana
1777,16,VNS,trayectoria,58425.0,58425.0,False,False,,,,,,,7,0,8,Llenando ventana
1778,16,VNS,trayectoria,58425.0,58425.0,False,False,,,,,,,8,0,9,Llenando ventana
1779,16,VNS,trayectoria,58425.0,58425.0,False,False,,,,,,,9,0,10,Llenando ventana
1780,16,VNS,trayectoria,58425.0,58425.0,False,False,,,,,,,10,0,11,Llenando ventana
1781,16,VNS,trayectoria,58425.0,58425.0,False,False,,,,,,,11,0,12,Llenando ventana
1782,16,VNS,trayectoria,58425.0,58425.0,False,False,,,,,,,12,0,13,Llenando ventana
1783,16,VNS,trayectoria,58425.0,58425.0,False,False,,,,,,,13,0,14,Llenando ventana
1784,16,VNS,trayectoria,58425.0,58425.0,False,False,,,,,,,14,0,15,Llenando ventana
1785,16,VNS,trayectoria,58425.0,58425.0,False,False,,,,,,,15,0,16,Llenando ventana
1786,16,VNS,trayectoria,58425.0,58425.0,False,False,,,,,,,16,0,17,Llenando ventana
1787,16,VNS,trayectoria,58425.0,58425.0,False,False,,,,,,,17,0,18,Llenando ventana
1788,16,VNS,trayectoria,58425.0,58425.0,False,False,,,,,,,18,0,19,Llenando ventana
1789,16,VNS,trayectoria,58425.0,58425.0,False,False,,,,,,,19,0,20,Llenando ventana
1790,16,VNS,trayectoria,58425.0,58425.0,False,False,,,,,,,20,0,21,Llenando ventana
1791,16,VNS,trayectoria,58425.0,58425.0,False,False,,,,,,,21,0,22,Llenando ventana
1792,16,VNS,trayectoria,58425.0,58425.0,False,False,,,,,,,22,0,23,Llenando ventana
1793,16,VNS,trayectoria,58425.0,58425.0,False,False,,,,,,,23,0,24,Llenando ventana
1794,16,VNS,trayectoria,58425.0,58425.0,False,False,,,,,,,24,0,25,Llenando ventana
1795,16,VNS,trayectoria,58425.0,58425.0,False,False,,,,,,,25,0,26,Llenando ventana
1796,16,VNS,trayectoria,58425.0,58425.0,False,False,,,,,,,26,0,27,Llenando ventana
1797,16,VNS,trayectoria,58425.0,58425.0,False,False,,,,,,,27,0,28,Llenando ventana
1798,16,VNS,trayectoria,58425.0,58425.0,False,False,,,,,,,28,0,29,Llenando ventana
1799,16,VNS,trayectoria,58425.0,58425.0,False,False,,,,,,,29,0,30,Llenando ventana
1800,16,VNS,trayectoria,58425.0,58425.0,False,False,,,,,,,30,0,31,Llenando ventana
1801,16,VNS,trayectoria,58425.0,58425.0,False,False,,,,,,,31,0,32,Llenando ventana
1802,16,VNS,trayectoria,58425.0,58425.0,False,False,,,,,,,32,0,33,Llenando ventana
1803,16,VNS,trayectoria,58425.0,58425.0,False,False,,,,,,,33,0,34,Llenando ventana
1804,16,VNS,trayectoria,58425.0,58425.0,False,False,,,,,,,34,0,35,Llenando ventana
1805,16,VNS,trayectoria,58425.0,58425.0,False,False,,,,,,,35,0,36,Llenando ventana
1806,16,VNS,trayectoria,58425.0,58425.0,False,False,,,,,,,36,0,37,Llenando ventana
1807,16,VNS,trayectoria,58425.0,58425.0,False,False,,,,,,,37,0,38,Llenando ventana
1808,16,VNS,trayectoria,58425.0,58425.0,False,False,,,,,,,38,0,39,Llenando ventana
1809,16,VNS,trayectoria,58425.0,58425.0,False,False,,,,,,,39,0,40,Llenando ventana
1810,16,VNS,trayectoria,58425.0,58425.0,False,False,,,,,,,40,0,41,Llenando ventana
1811,16,VNS,trayectoria,58425.0,58425.0,False,False,,,,,,,41,0,42,Llenando ventana
1812,16,VNS,trayectoria,58425.0,58425.0,False,False,,,,,,,42,0,43,Llenando ventana
1813,16,VNS,trayectoria,58425.0,58425.0,False,False,,,,,,,43,0,44,Llenando ventana
1814,16,VNS,trayectoria,58425.0,58425.0,False,False,,,,,,,44,0,45,Llenando ventana
1815,16,VNS,trayectoria,58425.0,58425.0,False,False,,,,,,,45,0,46,Llenando ventana
1816,16,VNS,trayectoria,58425.0,58425.0,False,False,,,,,,,46,0,47,Llenando ventana
1817,16,VNS,trayectoria,58425.0,58425.0,False,False,,,,,,,47,0,48,Llenando ventana
1818,16,VNS,trayectoria,58425.0,58425.0,False,False,,,-223.70000000001892,,,,48,0,49,Llenando ventana
1819,16,VNS,trayectoria,58425.0,58425.0,False,False,,,-230.1000000000131,,,,49,0,50,Llenando ventana
1820,16,VNS,trayectoria,58425.0,58425.0,False,False,,,-236.3000000000102,,,,50,0,51,Llenando ventana
1821,16,VNS,trayectoria,58425.0,58425.0,False,False,,,-242.3000000000102,,,,51,0,52,Llenando ventana
1822,16,VNS,trayectoria,58425.0,58425.0,False,False,,,-248.1000000000131,,,,52,0,53,Llenando ventana
1823,16,VNS,trayectoria,58425.0,58425.0,False,False,,,-253.70000000001892,,,,53,0,54,Llenando ventana
1824,16,VNS,trayectoria,58425.0,58425.0,False,False,,,-259.1000000000131,,,,54,0,55,Llenando ventana
1825,16,VNS,trayectoria,58425.0,58425.0,False,False,,,-264.3000000000102,,,,55,0,56,Llenando ventana
1826,16,VNS,trayectoria,58425.0,58425.0,False,False,,,-269.3000000000102,,,,56,0,57,Llenando ventana
1827,16,VNS,trayectoria,58425.0,58425.0,False,False,,,-274.1000000000131,,,,57,0,58,Llenando ventana
1828,16,VNS,trayectoria,58425.0,58425.0,False,False,,,-278.7000000000189,,,,58,0,59,Llenando ventana
1829,16,VNS,trayectoria,58425.0,58425.0,False,False,,,-283.1000000000131,,,,59,0,60,Llenando ventana
1830,16,VNS,trayectoria,58425.0,58425.0,False,False,,,-287.3000000000102,,,,60,0,61,Llenando ventana
1831,16,VNS,trayectoria,58425.0,58425.0,False,False,,,-291.3000000000102,,,,61,0,62,Llenando ventana
1832,16,VNS,trayectoria,58425.0,58425.0,False,False,,,-295.1000000000131,,,,62,0,63,Llenando ventana
1833,16,VNS,trayectoria,58425.0,58425.0,False,False,,,-298.7000000000189,,,,63,0,64,Llenando ventana
1834,16,VNS,trayectoria,58425.0,58425.0,False,False,,,-302.1000000000131,,,,64,0,65,Llenando ventana
1835,16,VNS,trayectoria,58425.0,58425.0,False,False,,,-305.3000000000102,,,,65,0,66,Llenando ventana
1836,16,VNS,trayectoria,58425.0,58425.0,False,False,,,-308.3000000000102,,,,66,0,67,Llenando ventana
1837,16,VNS,trayectoria,58425.0,58425.0,False,False,,,-311.1000000000131,,,,67,0,68,Llenando ventana
1838,16,VNS,trayectoria,58425.0,58425.0,False,False,,,-313.7000000000189,,,,68,0,69,Llenando ventana
1839,16,VNS,trayectoria,58425.0,58425.0,False,False,,,-316.1000000000131,,,,69,0,70,Llenando ventana
1840,16,VNS,trayectoria,58425.0,58425.0,False,False,,,-318.3000000000102,,,,70,0,71,Llenando ventana
1841,16,VNS,trayectoria,58425.0,58425.0,False,False,,,-320.3000000000102,,,,71,0,72,Llenando ventana
1842,16,VNS,trayectoria,58425.0,58425.0,False,False,,,-322.1000000000131,,,,72,0,73,Llenando ventana
1843,16,VNS,trayectoria,58425.0,58425.0,False,False,,,-323.7000000000189,,,,73,0,74,Llenando ventana
1844,16,VNS,trayectoria,58425.0,58425.0,True,False,277.5,0.0,277.5,7.5,37.5,22.5,74,1,75,Explotacion activa
1845,16,VNS,trayectoria,58425.0,58425.0,True,False,277.5,0.0,277.5,7.5,37.5,22.5,75,2,76,Explotacion activa
1846,16,VNS,trayectoria,58425.0,58425.0,True,False,277.5,0.0,277.5,7.5,37.5,22.5,76,3,77,Explotacion activa
1847,16,VNS,trayectoria,58425.0,58425.0,True,False,277.5,0.0,277.5,7.5,37.5,22.5,77,4,78,Explotacion activa
1848,16,VNS,trayectoria,58425.0,58425.0,True,False,277.5,0.0,277.5,7.5,37.5,22.5,78,5,79,Explotacion activa
1849,16,VNS,trayectoria,58425.0,58425.0,True,False,277.5,0.0,277.5,7.5,37.5,22.5,79,6,80,Explotacion activa
1850,16,VNS,trayectoria,58425.0,58425.0,True,False,277.5,0.0,277.5,7.5,37.5,22.5,80,7,81,Explotacion activa
1851,16,VNS,trayectoria,58425.0,58425.0,True,False,277.5,0.0,277.5,7.5,37.5,22.5,81,8,82,Explotacion activa
1852,16,VNS,trayectoria,58425.0,58425.0,True,False,277.5,0.0,277.5,7.5,37.5,22.5,82,9,83,Explotacion activa
1853,16,VNS,trayectoria,58425.0,58425.0,True,False,277.5,0.0,277.5,0.0,277.5,277.5,83,10,84,Explotacion activa
1854,16,VNS,trayectoria,58425.0,58425.0,True,False,277.5,0.0,277.5,0.0,277.5,277.5,84,11,85,Explotacion activa
1855,16,VNS,trayectoria,58425.0,58425.0,True,False,277.5,0.0,277.5,0.0,277.5,277.5,85,12,86,Explotacion activa
1856,16,VNS,trayectoria,58425.0,58425.0,True,False,277.5,0.0,277.5,0.0,277.5,277.5,86,13,87,Explotacion activa
1857,16,VNS,trayectoria,58425.0,58425.0,True,False,277.5,0.0,277.5,0.0,277.5,277.5,87,14,88,Explotacion activa
1858,16,VNS,trayectoria,58425.0,58425.0,True,False,277.5,0.0,277.5,0.0,277.5,277.5,88,15,89,Explotacion activa
1859,16,VNS,trayectoria,58425.0,58425.0,True,False,277.5,0.0,277.5,0.0,277.5,277.5,89,16,90,Explotacion activa
1860,16,VNS,trayectoria,58425.0,58425.0,True,False,277.5,0.0,277.5,0.0,277.5,277.5,90,17,91,Explotacion activa
1861,16,VNS,trayectoria,58425.0,58425.0,True,False,277.5,0.0,277.5,0.0,277.5,277.5,91,18,92,Explotacion activa
1862,16,VNS,trayectoria,58425.0,58425.0,True,False,277.5,0.0,277.5,0.0,277.5,277.5,92,19,93,Explotacion activa
1863,16,VNS,trayectoria,58425.0,58425.0,True,False,277.5,0.0,277.5,0.0,277.5,277.5,93,20,94,Explotacion activa
1864,16,VNS,trayectoria,58425.0,58425.0,True,False,277.5,0.0,277.5,0.0,277.5,277.5,94,21,95,Explotacion activa
1865,16,VNS,trayectoria,58425.0,58425.0,True,False,277.5,0.0,277.5,0.0,277.5,277.5,95,22,96,Explotacion activa
1866,16,VNS,trayectoria,58425.0,58425.0,True,False,277.5,0.0,277.5,0.0,277.5,277.5,96,23,97,Explotacion activa
1867,16,VNS,trayectoria,58425.0,58425.0,True,False,277.5,0.0,277.5,0.0,277.5,277.5,97,24,98,Explotacion activa
1868,16,VNS,trayectoria,58425.0,58425.0,True,True,277.5,0.0,277.5,0.0,277.5,277.5,98,25,99,ESTANCAMIENTO (Fire)
1869,17,GWO,poblacional,58425.0,58425.0,False,False,,,,,,,0,0,1,Llenando ventana
1870,17,GWO,poblacional,58425.0,58425.0,False,False,,,,,,,1,0,2,Llenando ventana
1871,17,GWO,poblacional,58425.0,58425.0,False,False,,,,,,,2,0,3,Llenando ventana
1872,17,GWO,poblacional,58425.0,58425.0,False,False,,,,,,,3,0,4,Llenando ventana
1873,17,GWO,poblacional,58425.0,58425.0,False,False,,,,,,,4,0,5,Llenando ventana
1874,17,GWO,poblacional,58425.0,58425.0,False,False,,,,,,,5,0,6,Llenando ventana
1875,17,GWO,poblacional,58425.0,58425.0,False,False,,,,,,,6,0,7,Llenando ventana
1876,17,GWO,poblacional,58425.0,58425.0,False,False,,,,,,,7,0,8,Llenando ventana
1877,17,GWO,poblacional,58425.0,58425.0,False,False,,,,,,,8,0,9,Llenando ventana
1878,17,GWO,poblacional,58425.0,58425.0,False,False,,,,,,,9,0,10,Llenando ventana
1879,17,GWO,poblacional,58425.0,58425.0,False,False,,,,,,,10,0,11,Llenando ventana
1880,17,GWO,poblacional,58425.0,58425.0,False,False,,,,,,,11,0,12,Llenando ventana
1881,17,GWO,poblacional,58425.0,58425.0,False,False,,,,,,,12,0,13,Llenando ventana
1882,17,GWO,poblacional,58425.0,58425.0,False,False,,,,,,,13,0,14,Llenando ventana
1883,17,GWO,poblacional,58425.0,58425.0,False,False,,,,,,,14,0,15,Llenando ventana
1884,17,GWO,poblacional,58425.0,58425.0,False,False,,,,,,,15,0,16,Llenando ventana
1885,17,GWO,poblacional,58425.0,58425.0,False,False,,,,,,,16,0,17,Llenando ventana
1886,17,GWO,poblacional,58425.0,58425.0,False,False,,,,,,,17,0,18,Llenando ventana
1887,17,GWO,poblacional,58425.0,58425.0,False,False,,,,,,,18,0,19,Llenando ventana
1888,17,GWO,poblacional,58425.0,58425.0,False,False,,,,,,,19,0,20,Llenando ventana
1889,17,GWO,poblacional,58425.0,58425.0,False,False,,,,,,,20,0,21,Llenando ventana
1890,17,GWO,poblacional,58425.0,58425.0,False,False,,,,,,,21,0,22,Llenando ventana
1891,17,GWO,poblacional,58425.0,58425.0,False,False,,,,,,,22,0,23,Llenando ventana
1892,17,GWO,poblacional,58425.0,58425.0,False,False,,,,,,,23,0,24,Llenando ventana
1893,17,GWO,poblacional,58425.0,58425.0,False,False,,,,,,,24,0,25,Llenando ventana
1894,17,GWO,poblacional,58425.0,58425.0,False,False,,,,,,,25,0,26,Llenando ventana
1895,17,GWO,poblacional,58425.0,58425.0,False,False,,,,,,,26,0,27,Llenando ventana
1896,17,GWO,poblacional,58425.0,58425.0,False,False,,,,,,,27,0,28,Llenando ventana
1897,17,GWO,poblacional,58425.0,58425.0,False,False,,,,,,,28,0,29,Llenando ventana
1898,17,GWO,poblacional,58425.0,58425.0,False,False,,,,,,,29,0,30,Llenando ventana
1899,17,GWO,poblacional,58425.0,58425.0,False,False,,,,,,,30,0,31,Llenando ventana
1900,17,GWO,poblacional,58425.0,58425.0,False,False,,,,,,,31,0,32,Llenando ventana
1901,17,GWO,poblacional,58425.0,58425.0,False,False,,,,,,,32,0,33,Llenando ventana
1902,17,GWO,poblacional,58425.0,58425.0,False,False,,,,,,,33,0,34,Llenando ventana
1903,17,GWO,poblacional,58425.0,58425.0,False,False,,,,,,,34,0,35,Llenando ventana
1904,17,GWO,poblacional,58425.0,58425.0,False,False,,,,,,,35,0,36,Llenando ventana
1905,17,GWO,poblacional,58425.0,58425.0,False,False,,,,,,,36,0,37,Llenando ventana
1906,17,GWO,poblacional,58425.0,58425.0,False,False,,,,,,,37,0,38,Llenando ventana
1907,17,GWO,poblacional,58425.0,58425.0,False,False,,,,,,,38,0,39,Llenando ventana
1908,17,GWO,poblacional,58425.0,58425.0,False,False,,,,,,,39,0,40,Llenando ventana
1909,17,GWO,poblacional,58425.0,58425.0,False,False,,,,,,,40,0,41,Llenando ventana
1910,17,GWO,poblacional,58425.0,58425.0,False,False,,,,,,,41,0,42,Llenando ventana
1911,17,GWO,poblacional,58425.0,58425.0,False,False,,,,,,,42,0,43,Llenando ventana
1912,17,GWO,poblacional,58425.0,58425.0,False,False,,,,,,,43,0,44,Llenando ventana
1913,17,GWO,poblacional,58425.0,58425.0,False,False,,,,,,,44,0,45,Llenando ventana
1914,17,GWO,poblacional,58425.0,58425.0,False,False,,,,,,,45,0,46,Llenando ventana
1915,17,GWO,poblacional,58425.0,58425.0,False,False,,,,,,,46,0,47,Llenando ventana
1916,17,GWO,poblacional,58425.0,58425.0,False,False,,,,,,,47,0,48,Llenando ventana
1917,17,GWO,poblacional,58425.0,58425.0,False,False,,,,,,,48,0,49,Llenando ventana
1918,17,GWO,poblacional,58425.0,58425.0,False,False,,,,,,,49,0,50,Llenando ventana
1919,17,GWO,poblacional,58425.0,58425.0,False,False,,,,,,,50,0,51,Llenando ventana
1920,17,GWO,poblacional,58425.0,58425.0,False,False,,,,,,,51,0,52,Llenando ventana
1921,17,GWO,poblacional,58425.0,58425.0,False,False,,,,,,,52,0,53,Llenando ventana
1922,17,GWO,poblacional,58425.0,58425.0,False,False,,,,,,,53,0,54,Llenando ventana
1923,17,GWO,poblacional,58425.0,58425.0,False,False,,,,,,,54,0,55,Llenando ventana
1924,17,GWO,poblacional,58425.0,58425.0,False,False,,,,,,,55,0,56,Llenando ventana
1925,17,GWO,poblacional,58425.0,58425.0,False,False,,,,,,,56,0,57,Llenando ventana
1926,17,GWO,poblacional,58425.0,58425.0,False,False,,,,,,,57,0,58,Llenando ventana
1927,17,GWO,poblacional,58425.0,58425.0,False,False,,,,,,,58,0,59,Llenando ventana
1928,17,GWO,poblacional,58425.0,58425.0,False,False,,,,,,,59,0,60,Llenando ventana
1929,17,GWO,poblacional,58425.0,58425.0,False,False,,,,,,,60,0,61,Llenando ventana
1930,17,GWO,poblacional,58425.0,58425.0,False,False,,,,,,,61,0,62,Llenando ventana
1931,17,GWO,poblacional,58425.0,58425.0,False,False,,,,,,,62,0,63,Llenando ventana
1932,17,GWO,poblacional,58425.0,58425.0,False,False,,,,,,,63,0,64,Llenando ventana
1933,17,GWO,poblacional,58425.0,58425.0,False,False,,,,,,,64,0,65,Llenando ventana
1934,17,GWO,poblacional,58425.0,58425.0,False,False,,,,,,,65,0,66,Llenando ventana
1935,17,GWO,poblacional,58425.0,58425.0,False,False,,,,,,,66,0,67,Llenando ventana
1936,17,GWO,poblacional,58425.0,58425.0,False,False,,,,,,,67,0,68,Llenando ventana
1937,17,GWO,poblacional,58425.0,58425.0,False,False,,,,,,,68,0,69,Llenando ventana
1938,17,GWO,poblacional,58425.0,58425.0,False,False,,,,,,,69,0,70,Llenando ventana
1939,17,GWO,poblacional,58425.0,58425.0,False,False,,,,,,,70,0,71,Llenando ventana
1940,17,GWO,poblacional,58425.0,58425.0,False,False,,,,,,,71,0,72,Llenando ventana
1941,17,GWO,poblacional,58425.0,58425.0,False,False,,,,,,,72,0,73,Llenando ventana
1942,17,GWO,poblacional,58425.0,58425.0,False,False,,,,,,,73,0,74,Llenando ventana
1943,17,GWO,poblacional,58425.0,58425.0,True,False,277.5,0.0,277.5,7.5,37.5,22.5,74,1,75,Explotacion activa
1944,17,GWO,poblacional,58425.0,58425.0,True,False,277.5,0.0,277.5,7.5,37.5,22.5,75,2,76,Explotacion activa
1945,17,GWO,poblacional,58425.0,58425.0,True,False,277.5,0.0,277.5,7.5,37.5,22.5,76,3,77,Explotacion activa
1946,17,GWO,poblacional,58425.0,58425.0,True,False,277.5,0.0,277.5,7.5,37.5,22.5,77,4,78,Explotacion activa
1947,17,GWO,poblacional,58425.0,58425.0,True,False,277.5,0.0,277.5,7.5,37.5,22.5,78,5,79,Explotacion activa
1948,17,GWO,poblacional,58425.0,58425.0,True,False,277.5,0.0,277.5,7.5,37.5,22.5,79,6,80,Explotacion activa
1949,17,GWO,poblacional,58425.0,58425.0,True,False,277.5,0.0,277.5,7.5,37.5,22.5,80,7,81,Explotacion activa
1950,17,GWO,poblacional,58425.0,58425.0,True,False,277.5,0.0,277.5,7.5,37.5,22.5,81,8,82,Explotacion activa
1951,17,GWO,poblacional,58425.0,58425.0,True,False,277.5,0.0,277.5,7.5,37.5,22.5,82,9,83,Explotacion activa
1952,17,GWO,poblacional,58425.0,58425.0,True,False,277.5,0.0,277.5,0.0,277.5,277.5,83,10,84,Explotacion activa
1953,17,GWO,poblacional,58425.0,58425.0,True,False,277.5,0.0,277.5,0.0,277.5,277.5,84,11,85,Explotacion activa
1954,17,GWO,poblacional,58425.0,58425.0,True,False,277.5,0.0,277.5,0.0,277.5,277.5,85,12,86,Explotacion activa
1955,17,GWO,poblacional,58425.0,58425.0,True,False,277.5,0.0,277.5,0.0,277.5,277.5,86,13,87,Explotacion activa
1956,17,GWO,poblacional,58425.0,58425.0,True,False,277.5,0.0,277.5,0.0,277.5,277.5,87,14,88,Explotacion activa
1957,17,GWO,poblacional,58425.0,58425.0,True,False,277.5,0.0,277.5,0.0,277.5,277.5,88,15,89,Explotacion activa
1958,17,GWO,poblacional,58425.0,58425.0,True,False,277.5,0.0,277.5,0.0,277.5,277.5,89,16,90,Explotacion activa
1959,17,GWO,poblacional,58425.0,58425.0,True,False,277.5,0.0,277.5,0.0,277.5,277.5,90,17,91,Explotacion activa
1960,17,GWO,poblacional,58425.0,58425.0,True,False,277.5,0.0,277.5,0.0,277.5,277.5,91,18,92,Explotacion activa
1961,17,GWO,poblacional,58425.0,58425.0,True,False,277.5,0.0,277.5,0.0,277.5,277.5,92,19,93,Explotacion activa
1962,17,GWO,poblacional,58425.0,58425.0,True,False,277.5,0.0,277.5,0.0,277.5,277.5,93,20,94,Explotacion activa
1963,17,GWO,poblacional,58425.0,58425.0,True,False,277.5,0.0,277.5,0.0,277.5,277.5,94,21,95,Explotacion activa
1964,17,GWO,poblacional,58425.0,58425.0,True,False,277.5,0.0,277.5,0.0,277.5,277.5,95,22,96,Explotacion activa
1965,17,GWO,poblacional,58425.0,58425.0,True,False,277.5,0.0,277.5,0.0,277.5,277.5,96,23,97,Explotacion activa
1966,17,GWO,poblacional,58425.0,58425.0,True,False,277.5,0.0,277.5,0.0,277.5,277.5,97,24,98,Explotacion activa
1967,17,GWO,poblacional,58425.0,58425.0,True,True,277.5,0.0,277.5,0.0,277.5,277.5,98,25,99,ESTANCAMIENTO (Fire)
1968,18,SA,trayectoria,58425.0,53905.0,False,False,,,,,,,0,0,0,Llenando ventana
1969,18,SA,trayectoria,58425.0,55035.0,False,False,,,,,,,0,0,0,Llenando ventana
1970,18,SA,trayectoria,58425.0,54084.0,False,False,,,,,,,0,0,0,Llenando ventana
1971,18,SA,trayectoria,58425.0,52001.0,False,False,,,,,,,0,0,0,Llenando ventana
1972,18,SA,trayectoria,58425.0,52806.0,False,False,,,,,,,0,0,0,Llenando ventana
1973,18,SA,trayectoria,58425.0,53599.0,False,False,,,,,,,0,0,0,Llenando ventana
1974,18,SA,trayectoria,58425.0,54606.0,False,False,,,,,,,0,0,0,Llenando ventana
1975,18,SA,trayectoria,58425.0,53629.0,False,False,,,,,,,0,0,0,Llenando ventana
1976,18,SA,trayectoria,58425.0,52895.0,False,False,,,,,,,0,0,0,Llenando ventana
1977,18,SA,trayectoria,58425.0,54730.0,False,False,,,,,,,0,0,0,Llenando ventana
1978,18,SA,trayectoria,58425.0,53435.0,False,False,,,,,,,0,0,0,Llenando ventana
1979,18,SA,trayectoria,58425.0,53279.0,False,False,,,,,,,0,0,0,Llenando ventana
1980,18,SA,trayectoria,58425.0,53295.0,False,False,,,,,,,0,0,0,Llenando ventana
1981,18,SA,trayectoria,58425.0,52843.0,False,False,,,,,,,0,0,0,Llenando ventana
1982,18,SA,trayectoria,58425.0,53780.0,False,False,,,,,,,0,0,0,Llenando ventana
1983,18,SA,trayectoria,58425.0,54548.0,False,False,,,,,,,0,0,0,Llenando ventana
1984,18,SA,trayectoria,58425.0,54269.0,False,False,,,,,,,0,0,0,Llenando ventana
1985,18,SA,trayectoria,58425.0,53004.0,False,False,,,,,,,0,0,0,Llenando ventana
1986,18,SA,trayectoria,58425.0,53574.0,False,False,,,,,,,0,0,0,Llenando ventana
1987,18,SA,trayectoria,58425.0,54034.0,False,False,,,,,,,0,0,0,Llenando ventana
1988,18,SA,trayectoria,58425.0,53790.0,False,False,,,,,,,0,0,0,Llenando ventana
1989,18,SA,trayectoria,58425.0,52692.0,False,False,,,,,,,0,0,0,Llenando ventana
1990,18,SA,trayectoria,58425.0,52716.0,False,False,,,,,,,0,0,0,Llenando ventana
1991,18,SA,trayectoria,58425.0,52770.0,False,False,,,,,,,0,0,0,Llenando ventana
1992,18,SA,trayectoria,58425.0,53172.0,False,False,,,,,,,0,0,0,Llenando ventana
1993,18,SA,trayectoria,58425.0,53097.0,False,False,,,,,,,0,0,0,Llenando ventana
1994,18,SA,trayectoria,58425.0,53917.0,False,False,,,,,,,0,0,0,Llenando ventana
1995,18,SA,trayectoria,58425.0,54306.0,False,False,,,,,,,0,0,0,Llenando ventana
1996,18,SA,trayectoria,58425.0,54127.0,False,False,,,,,,,0,0,0,Llenando ventana
1997,18,SA,trayectoria,58425.0,52638.0,False,False,,,,,,,0,0,0,Llenando ventana
1998,18,SA,trayectoria,58425.0,54169.0,False,False,,,,,,,0,0,0,Llenando ventana
1999,18,SA,trayectoria,58425.0,53194.0,False,False,,,,,,,0,0,0,Llenando ventana
2000,18,SA,trayectoria,58425.0,53841.0,False,False,,,,,,,0,0,0,Llenando ventana
2001,18,SA,trayectoria,58425.0,53802.0,False,False,,,,,,,0,0,0,Llenando ventana
2002,18,SA,trayectoria,58425.0,53734.0,False,False,,,,,,,0,0,0,Llenando ventana
2003,18,SA,trayectoria,58425.0,54284.0,False,False,,,,,,,0,0,0,Llenando ventana
2004,18,SA,trayectoria,58425.0,54117.0,False,False,,,,,,,0,0,0,Llenando ventana
2005,18,SA,trayectoria,58425.0,53982.0,False,False,,,,,,,0,0,0,Llenando ventana
2006,18,SA,trayectoria,58425.0,53633.0,False,False,,,,,,,0,0,0,Llenando ventana
2007,18,SA,trayectoria,58425.0,52800.0,False,False,,,,,,,0,0,0,Llenando ventana
2008,18,SA,trayectoria,58425.0,53955.0,False,False,,,,,,,0,0,0,Llenando ventana
2009,18,SA,trayectoria,58425.0,53705.0,False,False,,,,,,,0,0,0,Llenando ventana
2010,18,SA,trayectoria,58425.0,55143.0,False,False,,,,,,,0,0,0,Llenando ventana
2011,18,SA,trayectoria,58425.0,55132.0,False,False,,,,,,,0,0,0,Llenando ventana
2012,18,SA,trayectoria,58425.0,53826.0,False,False,,,,,,,0,0,0,Llenando ventana
2013,18,SA,trayectoria,58425.0,53988.0,False,False,,,,,,,0,0,0,Llenando ventana
2014,18,SA,trayectoria,58425.0,53422.0,False,False,,,,,,,0,0,0,Llenando ventana
2015,18,SA,trayectoria,58425.0,53262.0,False,False,,,,,,,0,0,0,Llenando ventana
2016,18,SA,trayectoria,58425.0,52731.0,False,False,,,,,,,0,0,0,Llenando ventana
2017,18,SA,trayectoria,58425.0,53430.0,False,False,,,,,,,0,0,0,Llenando ventana
2018,18,SA,trayectoria,58425.0,54810.0,False,False,,,,,,,0,0,0,Llenando ventana
2019,18,SA,trayectoria,58425.0,54184.0,False,False,,,,,,,0,0,0,Llenando ventana
2020,18,SA,trayectoria,58425.0,54103.0,False,False,,,,,,,0,0,0,Llenando ventana
2021,18,SA,trayectoria,58425.0,54008.0,False,False,,,,,,,0,0,0,Llenando ventana
2022,18,SA,trayectoria,58425.0,52612.0,False,False,,,,,,,0,0,0,Llenando ventana
2023,18,SA,trayectoria,58425.0,54670.0,False,False,,,,,,,0,0,0,Llenando ventana
2024,18,SA,trayectoria,58425.0,54056.0,False,False,,,,,,,0,0,0,Llenando ventana
2025,18,SA,trayectoria,58425.0,54059.0,False,False,,,,,,,0,0,0,Llenando ventana
2026,18,SA,trayectoria,58425.0,53447.0,False,False,,,,,,,0,0,0,Llenando ventana
2027,18,SA,trayectoria,58425.0,54584.0,False,False,,,,,,,0,0,0,Llenando ventana
2028,18,SA,trayectoria,58425.0,53940.0,False,False,,,,,,,0,0,0,Llenando ventana
2029,18,SA,trayectoria,58425.0,54718.0,False,False,,,,,,,0,0,0,Llenando ventana
2030,18,SA,trayectoria,58425.0,54563.0,False,False,,,,,,,0,0,0,Llenando ventana
2031,18,SA,trayectoria,58425.0,53262.0,False,False,,,,,,,0,0,0,Llenando ventana
2032,18,SA,trayectoria,58425.0,53848.0,False,False,,,,,,,0,0,0,Llenando ventana
2033,18,SA,trayectoria,58425.0,54360.0,False,False,,,,,,,0,0,0,Llenando ventana
2034,18,SA,trayectoria,58425.0,54070.0,False,False,,,,,,,0,0,0,Llenando ventana
2035,18,SA,trayectoria,58425.0,53206.0,False,False,,,,,,,0,0,0,Llenando ventana
2036,18,SA,trayectoria,58425.0,54475.0,False,False,,,,,,,0,0,0,Llenando ventana
2037,18,SA,trayectoria,58425.0,54219.0,False,False,,,,,,,0,0,0,Llenando ventana
2038,18,SA,trayectoria,58425.0,53963.0,False,False,,,,,,,0,0,0,Llenando ventana
2039,18,SA,trayectoria,58425.0,54042.0,False,False,,,,,,,0,0,0,Llenando ventana
2040,18,SA,trayectoria,58425.0,54820.0,False,False,,,,,,,0,0,0,Llenando ventana
2041,18,SA,trayectoria,58425.0,55396.0,False,False,,,,,,,0,0,0,Llenando ventana
2042,18,SA,trayectoria,58425.0,54225.0,False,False,,,277.5,,,,0,0,0,Llenando ventana
2043,18,SA,trayectoria,58425.0,54328.0,False,False,,,277.5,,,,0,0,0,Llenando ventana
2044,18,SA,trayectoria,58425.0,54212.0,False,False,,,277.5,,,,0,0,0,Llenando ventana
2045,18,SA,trayectoria,58425.0,54694.0,False,False,,,277.5,,,,0,0,0,Llenando ventana
2046,18,SA,trayectoria,58425.0,54587.0,False,False,,,277.5,,,,0,0,0,Llenando ventana
2047,18,SA,trayectoria,58425.0,55489.0,False,False,,,277.5,,,,0,0,0,Llenando ventana
2048,18,SA,trayectoria,58425.0,54603.0,False,False,,,277.5,,,,0,0,0,Llenando ventana
2049,18,SA,trayectoria,58425.0,54997.0,False,False,,,277.5,,,,0,0,0,Llenando ventana
2050,18,SA,trayectoria,58425.0,54880.0,False,False,,,277.5,,,,0,0,0,Llenando ventana
2051,18,SA,trayectoria,58425.0,54732.0,False,False,,,277.5,,,,0,0,0,Llenando ventana
2052,18,SA,trayectoria,58425.0,55020.0,False,False,,,277.5,,,,0,0,0,Llenando ventana
2053,18,SA,trayectoria,58425.0,54710.0,False,False,,,277.5,,,,0,0,0,Llenando ventana
2054,18,SA,trayectoria,58425.0,54375.0,False,False,,,277.5,,,,0,0,0,Llenando ventana
2055,18,SA,trayectoria,58425.0,55432.0,False,False,,,277.5,,,,0,0,0,Llenando ventana
2056,18,SA,trayectoria,58425.0,55483.0,False,False,,,277.5,,,,0,0,0,Llenando ventana
2057,18,SA,trayectoria,58425.0,55936.0,False,False,,,277.5,,,,0,0,0,Llenando ventana
2058,18,SA,trayectoria,58425.0,55046.0,False,False,,,277.5,,,,0,0,0,Llenando ventana
2059,18,SA,trayectoria,58425.0,55093.0,False,False,,,277.5,,,,0,0,0,Llenando ventana
2060,18,SA,trayectoria,58425.0,55171.0,False,False,,,277.5,,,,0,0,0,Llenando ventana
2061,18,SA,trayectoria,58425.0,54663.0,False,False,,,277.5,,,,0,0,0,Llenando ventana
2062,18,SA,trayectoria,58425.0,55103.0,False,False,,,277.5,,,,0,0,0,Llenando ventana
2063,18,SA,trayectoria,58425.0,55183.0,False,False,,,277.5,,,,0,0,0,Llenando ventana
2064,18,SA,trayectoria,58425.0,55339.0,False,False,,,277.5,,,,0,0,0,Llenando ventana
2065,18,SA,trayectoria,58425.0,55354.0,False,False,,,277.5,,,,0,0,0,Llenando ventana
2066,18,SA,trayectoria,58425.0,55349.0,False,False,,,277.5,,,,0,0,0,Llenando ventana
2067,19,PSO,poblacional,58425.0,58425.0,False,False,,,,,,,0,0,0,Llenando ventana
2068,19,PSO,poblacional,58425.0,58425.0,False,False,,,,,,,0,0,0,Llenando ventana
2069,19,PSO,poblacional,58425.0,58425.0,False,False,,,,,,,0,0,0,Llenando ventana
2070,19,PSO,poblacional,58425.0,58425.0,False,False,,,,,,,0,0,0,Llenando ventana
2071,19,PSO,poblacional,58425.0,58425.0,False,False,,,,,,,0,0,0,Llenando ventana
2072,19,PSO,poblacional,58425.0,58425.0,False,False,,,,,,,0,0,0,Llenando ventana
2073,19,PSO,poblacional,58425.0,58425.0,False,False,,,,,,,0,0,0,Llenando ventana
2074,19,PSO,poblacional,58425.0,58425.0,False,False,,,,,,,0,0,0,Llenando ventana
2075,19,PSO,poblacional,58425.0,58425.0,False,False,,,,,,,0,0,0,Llenando ventana
2076,19,PSO,poblacional,58425.0,58425.0,False,False,,,,,,,0,0,0,Llenando ventana
2077,19,PSO,poblacional,58425.0,58425.0,False,False,,,,,,,0,0,0,Llenando ventana
2078,19,PSO,poblacional,58425.0,58425.0,False,False,,,,,,,0,0,0,Llenando ventana
2079,19,PSO,poblacional,58425.0,58425.0,False,False,,,,,,,0,0,0,Llenando ventana
2080,19,PSO,poblacional,58425.0,58425.0,False,False,,,,,,,0,0,0,Llenando ventana
2081,19,PSO,poblacional,58425.0,58425.0,False,False,,,,,,,0,0,0,Llenando ventana
2082,19,PSO,poblacional,58425.0,58425.0,False,False,,,,,,,0,0,0,Llenando ventana
2083,19,PSO,poblacional,58425.0,58425.0,False,False,,,,,,,0,0,0,Llenando ventana
2084,19,PSO,poblacional,58425.0,58425.0,False,False,,,,,,,0,0,0,Llenando ventana
2085,19,PSO,poblacional,58425.0,58425.0,False,False,,,,,,,0,0,0,Llenando ventana
2086,19,PSO,poblacional,58425.0,58425.0,False,False,,,,,,,0,0,0,Llenando ventana
2087,19,PSO,poblacional,58425.0,58425.0,False,False,,,,,,,0,0,0,Llenando ventana
2088,19,PSO,poblacional,58425.0,58425.0,False,False,,,,,,,0,0,0,Llenando ventana
2089,19,PSO,poblacional,58425.0,58425.0,False,False,,,,,,,0,0,0,Llenando ventana
2090,19,PSO,poblacional,58425.0,58425.0,False,False,,,,,,,0,0,0,Llenando ventana
2091,19,PSO,poblacional,58425.0,58425.0,False,False,,,,,,,0,0,0,Llenando ventana
2092,19,PSO,poblacional,58425.0,58425.0,False,False,,,,,,,0,0,0,Llenando ventana
2093,19,PSO,poblacional,58425.0,58425.0,False,False,,,,,,,0,0,0,Llenando ventana
2094,19,PSO,poblacional,58425.0,58425.0,False,False,,,,,,,0,0,0,Llenando ventana
2095,19,PSO,poblacional,58425.0,58425.0,False,False,,,,,,,0,0,0,Llenando ventana
2096,19,PSO,poblacional,58425.0,58425.0,False,False,,,,,,,0,0,0,Llenando ventana
2097,19,PSO,poblacional,58425.0,58425.0,False,False,,,,,,,0,0,0,Llenando ventana
2098,19,PSO,poblacional,58425.0,58425.0,False,False,,,,,,,0,0,0,Llenando ventana
2099,19,PSO,poblacional,58425.0,58425.0,False,False,,,,,,,0,0,0,Llenando ventana
2100,19,PSO,poblacional,58425.0,58425.0,False,False,,,,,,,0,0,0,Llenando ventana
2101,19,PSO,poblacional,58425.0,58425.0,False,False,,,,,,,0,0,0,Llenando ventana
2102,19,PSO,poblacional,58425.0,58425.0,False,False,,,,,,,0,0,0,Llenando ventana
2103,19,PSO,poblacional,58425.0,58425.0,False,False,,,,,,,0,0,0,Llenando ventana
2104,19,PSO,poblacional,58425.0,58425.0,False,False,,,,,,,0,0,0,Llenando ventana
2105,19,PSO,poblacional,58425.0,58425.0,False,False,,,,,,,0,0,0,Llenando ventana
2106,19,PSO,poblacional,58425.0,58425.0,False,False,,,,,,,0,0,0,Llenando ventana
2107,19,PSO,poblacional,58425.0,58425.0,False,False,,,,,,,0,0,0,Llenando ventana
2108,19,PSO,poblacional,58425.0,58425.0,False,False,,,,,,,0,0,0,Llenando ventana
2109,19,PSO,poblacional,58425.0,58425.0,False,False,,,,,,,0,0,0,Llenando ventana
2110,19,PSO,poblacional,58425.0,58425.0,False,False,,,,,,,0,0,0,Llenando ventana
2111,19,PSO,poblacional,58425.0,58425.0,False,False,,,,,,,0,0,0,Llenando ventana
2112,19,PSO,poblacional,58425.0,58425.0,False,False,,,,,,,0,0,0,Llenando ventana
2113,19,PSO,poblacional,58425.0,58425.0,False,False,,,,,,,0,0,0,Llenando ventana
2114,19,PSO,poblacional,58425.0,58425.0,False,False,,,,,,,0,0,0,Llenando ventana
2115,19,PSO,poblacional,58425.0,58425.0,False,False,,,,,,,0,0,0,Llenando ventana
2116,19,PSO,poblacional,58425.0,58425.0,False,False,,,,,,,0,0,0,Llenando ventana
2117,19,PSO,poblacional,58425.0,58425.0,False,False,,,,,,,0,0,0,Llenando ventana
2118,19,PSO,poblacional,58425.0,58425.0,False,False,,,,,,,0,0,0,Llenando ventana
2119,19,PSO,poblacional,58425.0,58425.0,False,False,,,,,,,0,0,0,Llenando ventana
2120,19,PSO,poblacional,58425.0,58425.0,False,False,,,,,,,0,0,0,Llenando ventana
2121,19,PSO,poblacional,58425.0,58425.0,False,False,,,,,,,0,0,0,Llenando ventana
2122,19,PSO,poblacional,58425.0,58425.0,False,False,,,,,,,0,0,0,Llenando ventana
2123,19,PSO,poblacional,58425.0,58425.0,False,False,,,,,,,0,0,0,Llenando ventana
2124,19,PSO,poblacional,58425.0,58425.0,False,False,,,,,,,0,0,0,Llenando ventana
2125,19,PSO,poblacional,58425.0,58425.0,False,False,,,,,,,0,0,0,Llenando ventana
2126,19,PSO,poblacional,58425.0,58425.0,False,False,,,,,,,0,0,0,Llenando ventana
2127,19,PSO,poblacional,58425.0,58425.0,False,False,,,,,,,0,0,0,Llenando ventana
2128,19,PSO,poblacional,58425.0,58425.0,False,False,,,,,,,0,0,0,Llenando ventana
2129,19,PSO,poblacional,58425.0,58425.0,False,False,,,,,,,0,0,0,Llenando ventana
2130,19,PSO,poblacional,58425.0,58425.0,False,False,,,,,,,0,0,0,Llenando ventana
2131,19,PSO,poblacional,58425.0,58425.0,False,False,,,,,,,0,0,0,Llenando ventana
2132,19,PSO,poblacional,58425.0,58425.0,False,False,,,,,,,0,0,0,Llenando ventana
2133,19,PSO,poblacional,58425.0,58425.0,False,False,,,,,,,0,0,0,Llenando ventana
2134,19,PSO,poblacional,58425.0,58425.0,False,False,,,,,,,0,0,0,Llenando ventana
2135,19,PSO,poblacional,58425.0,58425.0,False,False,,,,,,,0,0,0,Llenando ventana
2136,19,PSO,poblacional,58425.0,58425.0,False,False,,,,,,,0,0,0,Llenando ventana
2137,19,PSO,poblacional,58425.0,58425.0,False,False,,,,,,,0,0,0,Llenando ventana
2138,19,PSO,poblacional,58425.0,58425.0,False,False,,,,,,,0,0,0,Llenando ventana
2139,19,PSO,poblacional,58425.0,58425.0,False,False,,,,,,,0,0,0,Llenando ventana
2140,19,PSO,poblacional,58425.0,58425.0,False,False,,,,,,,0,0,0,Llenando ventana
2141,19,PSO,poblacional,58425.0,58425.0,False,False,,,277.5,,,,0,0,0,Llenando ventana
2142,19,PSO,poblacional,58425.0,58425.0,False,False,,,277.5,,,,0,0,0,Llenando ventana
2143,19,PSO,poblacional,58425.0,58425.0,False,False,,,277.5,,,,0,0,0,Llenando ventana
2144,19,PSO,poblacional,58425.0,58425.0,False,False,,,277.5,,,,0,0,0,Llenando ventana
2145,19,PSO,poblacional,58425.0,58425.0,False,False,,,277.5,,,,0,0,0,Llenando ventana
2146,19,PSO,poblacional,58425.0,58425.0,False,False,,,277.5,,,,0,0,0,Llenando ventana
2147,19,PSO,poblacional,58425.0,58425.0,False,False,,,277.5,,,,0,0,0,Llenando ventana
2148,19,PSO,poblacional,58425.0,58425.0,False,False,,,277.5,,,,0,0,0,Llenando ventana
2149,19,PSO,poblacional,58425.0,58425.0,False,False,,,277.5,,,,0,0,0,Llenando ventana
2150,19,PSO,poblacional,58425.0,58425.0,False,False,,,277.5,,,,0,0,0,Llenando ventana
2151,19,PSO,poblacional,58425.0,58425.0,False,False,,,277.5,,,,0,0,0,Llenando ventana
2152,19,PSO,poblacional,58425.0,58425.0,False,False,,,277.5,,,,0,0,0,Llenando ventana
2153,19,PSO,poblacional,58425.0,58425.0,False,False,,,277.5,,,,0,0,0,Llenando ventana
2154,19,PSO,poblacional,58425.0,58425.0,False,False,,,277.5,,,,0,0,0,Llenando ventana
2155,19,PSO,poblacional,58425.0,58425.0,False,False,,,277.5,,,,0,0,0,Llenando ventana
2156,19,PSO,poblacional,58425.0,58425.0,False,False,,,277.5,,,,0,0,0,Llenando ventana
2157,19,PSO,poblacional,58425.0,58425.0,False,False,,,277.5,,,,0,0,0,Llenando ventana
2158,19,PSO,poblacional,58425.0,58425.0,False,False,,,277.5,,,,0,0,0,Llenando ventana
2159,19,PSO,poblacional,58425.0,58425.0,False,False,,,277.5,,,,0,0,0,Llenando ventana
2160,19,PSO,poblacional,58425.0,58425.0,False,False,,,277.5,,,,0,0,0,Llenando ventana
2161,19,PSO,poblacional,58425.0,58425.0,False,False,,,277.5,,,,0,0,0,Llenando ventana
2162,19,PSO,poblacional,58425.0,58425.0,False,False,,,277.5,,,,0,0,0,Llenando ventana
2163,19,PSO,poblacional,58425.0,58425.0,False,False,,,277.5,,,,0,0,0,Llenando ventana
2164,19,PSO,poblacional,58425.0,58425.0,False,False,,,277.5,,,,0,0,0,Llenando ventana
2165,19,PSO,poblacional,58425.0,58425.0,False,False,,,277.5,,,,0,0,0,Llenando ventana
2166,20,TS,trayectoria,58425.0,58425.0,False,False,,,,,,,0,0,0,Llenando ventana
2167,20,TS,trayectoria,58425.0,58425.0,False,False,,,,,,,0,0,0,Llenando ventana
2168,20,TS,trayectoria,58425.0,58425.0,False,False,,,,,,,0,0,0,Llenando ventana
2169,20,TS,trayectoria,58425.0,58425.0,False,False,,,,,,,0,0,0,Llenando ventana
2170,20,TS,trayectoria,58425.0,58425.0,False,False,,,,,,,0,0,0,Llenando ventana
2171,20,TS,trayectoria,58425.0,58425.0,False,False,,,,,,,0,0,0,Llenando ventana
2172,20,TS,trayectoria,58425.0,58425.0,False,False,,,,,,,0,0,0,Llenando ventana
2173,20,TS,trayectoria,58425.0,58425.0,False,False,,,,,,,0,0,0,Llenando ventana
2174,20,TS,trayectoria,58425.0,58425.0,False,False,,,,,,,0,0,0,Llenando ventana
2175,20,TS,trayectoria,58425.0,58425.0,False,False,,,,,,,0,0,0,Llenando ventana
2176,20,TS,trayectoria,58425.0,58425.0,False,False,,,,,,,0,0,0,Llenando ventana
2177,20,TS,trayectoria,58425.0,58425.0,False,False,,,,,,,0,0,0,Llenando ventana
2178,20,TS,trayectoria,58425.0,58425.0,False,False,,,,,,,0,0,0,Llenando ventana
2179,20,TS,trayectoria,58425.0,58425.0,False,False,,,,,,,0,0,0,Llenando ventana
2180,20,TS,trayectoria,58425.0,58425.0,False,False,,,,,,,0,0,0,Llenando ventana
2181,20,TS,trayectoria,58425.0,58425.0,False,False,,,,,,,0,0,0,Llenando ventana
2182,20,TS,trayectoria,58425.0,58425.0,False,False,,,,,,,0,0,0,Llenando ventana
2183,20,TS,trayectoria,58425.0,58425.0,False,False,,,,,,,0,0,0,Llenando ventana
2184,20,TS,trayectoria,58425.0,58425.0,False,False,,,,,,,0,0,0,Llenando ventana
2185,20,TS,trayectoria,58425.0,58425.0,False,False,,,,,,,0,0,0,Llenando ventana
2186,20,TS,trayectoria,58425.0,58425.0,False,False,,,,,,,0,0,0,Llenando ventana
2187,20,TS,trayectoria,58425.0,58425.0,False,False,,,,,,,0,0,0,Llenando ventana
2188,20,TS,trayectoria,58425.0,58425.0,False,False,,,,,,,0,0,0,Llenando ventana
2189,20,TS,trayectoria,58425.0,58425.0,False,False,,,,,,,0,0,0,Llenando ventana
2190,20,TS,trayectoria,58425.0,58425.0,False,False,,,,,,,0,0,0,Llenando ventana
2191,20,TS,trayectoria,58425.0,58425.0,False,False,,,,,,,0,0,0,Llenando ventana
2192,20,TS,trayectoria,58425.0,58425.0,False,False,,,,,,,0,0,0,Llenando ventana
2193,20,TS,trayectoria,58425.0,58425.0,False,False,,,,,,,0,0,0,Llenando ventana
2194,20,TS,trayectoria,58425.0,58425.0,False,False,,,,,,,0,0,0,Llenando ventana
2195,20,TS,trayectoria,58425.0,58425.0,False,False,,,,,,,0,0,0,Llenando ventana
2196,20,TS,trayectoria,58425.0,58425.0,False,False,,,,,,,0,0,0,Llenando ventana
2197,20,TS,trayectoria,58425.0,58425.0,False,False,,,,,,,0,0,0,Llenando ventana
2198,20,TS,trayectoria,58425.0,58425.0,False,False,,,,,,,0,0,0,Llenando ventana
2199,20,TS,trayectoria,58425.0,58425.0,False,False,,,,,,,0,0,0,Llenando ventana
2200,20,TS,trayectoria,58425.0,58425.0,False,False,,,,,,,0,0,0,Llenando ventana
2201,20,TS,trayectoria,58425.0,58425.0,False,False,,,,,,,0,0,0,Llenando ventana
2202,20,TS,trayectoria,58425.0,58425.0,False,False,,,,,,,0,0,0,Llenando ventana
2203,20,TS,trayectoria,58425.0,58425.0,False,False,,,,,,,0,0,0,Llenando ventana
2204,20,TS,trayectoria,58425.0,58425.0,False,False,,,,,,,0,0,0,Llenando ventana
2205,20,TS,trayectoria,58425.0,58425.0,False,False,,,,,,,0,0,0,Llenando ventana
2206,20,TS,trayectoria,58425.0,58425.0,False,False,,,,,,,0,0,0,Llenando ventana
2207,20,TS,trayectoria,58425.0,58425.0,False,False,,,,,,,0,0,0,Llenando ventana
2208,20,TS,trayectoria,58425.0,58425.0,False,False,,,,,,,0,0,0,Llenando ventana
2209,20,TS,trayectoria,58425.0,58425.0,False,False,,,,,,,0,0,0,Llenando ventana
2210,20,TS,trayectoria,58425.0,58425.0,False,False,,,,,,,0,0,0,Llenando ventana
2211,20,TS,trayectoria,58425.0,58425.0,False,False,,,,,,,0,0,0,Llenando ventana
2212,20,TS,trayectoria,58425.0,58425.0,False,False,,,,,,,0,0,0,Llenando ventana
2213,20,TS,trayectoria,58425.0,58425.0,False,False,,,,,,,0,0,0,Llenando ventana
2214,20,TS,trayectoria,58425.0,58425.0,False,False,,,,,,,0,0,0,Llenando ventana
2215,20,TS,trayectoria,58425.0,58425.0,False,False,,,,,,,0,0,0,Llenando ventana
2216,20,TS,trayectoria,58425.0,58425.0,False,False,,,,,,,0,0,0,Llenando ventana
2217,20,TS,trayectoria,58425.0,58425.0,False,False,,,,,,,0,0,0,Llenando ventana
2218,20,TS,trayectoria,58425.0,58425.0,False,False,,,,,,,0,0,0,Llenando ventana
2219,20,TS,trayectoria,58425.0,58425.0,False,False,,,,,,,0,0,0,Llenando ventana
2220,20,TS,trayectoria,58425.0,58425.0,False,False,,,,,,,0,0,0,Llenando ventana
2221,20,TS,trayectoria,58425.0,58425.0,False,False,,,,,,,0,0,0,Llenando ventana
2222,20,TS,trayectoria,58425.0,58425.0,False,False,,,,,,,0,0,0,Llenando ventana
2223,20,TS,trayectoria,58425.0,58425.0,False,False,,,,,,,0,0,0,Llenando ventana
2224,20,TS,trayectoria,58425.0,58425.0,False,False,,,,,,,0,0,0,Llenando ventana
2225,20,TS,trayectoria,58425.0,58425.0,False,False,,,,,,,0,0,0,Llenando ventana
2226,20,TS,trayectoria,58425.0,58425.0,False,False,,,,,,,0,0,0,Llenando ventana
2227,20,TS,trayectoria,58425.0,58425.0,False,False,,,,,,,0,0,0,Llenando ventana
2228,20,TS,trayectoria,58425.0,58425.0,False,False,,,,,,,0,0,0,Llenando ventana
2229,20,TS,trayectoria,58425.0,58425.0,False,False,,,,,,,0,0,0,Llenando ventana
2230,20,TS,trayectoria,58425.0,58425.0,False,False,,,,,,,0,0,0,Llenando ventana
2231,20,TS,trayectoria,58425.0,58425.0,False,False,,,,,,,0,0,0,Llenando ventana
2232,20,TS,trayectoria,58425.0,58425.0,False,False,,,,,,,0,0,0,Llenando ventana
2233,20,TS,trayectoria,58425.0,58425.0,False,False,,,,,,,0,0,0,Llenando ventana
2234,20,TS,trayectoria,58425.0,58425.0,False,False,,,,,,,0,0,0,Llenando ventana
2235,20,TS,trayectoria,58425.0,58425.0,False,False,,,,,,,0,0,0,Llenando ventana
2236,20,TS,trayectoria,58425.0,58425.0,False,False,,,,,,,0,0,0,Llenando ventana
2237,20,TS,trayectoria,58425.0,58425.0,False,False,,,,,,,0,0,0,Llenando ventana
2238,20,TS,trayectoria,58425.0,58425.0,False,False,,,,,,,0,0,0,Llenando ventana
2239,20,TS,trayectoria,58425.0,58425.0,False,False,,,,,,,0,0,0,Llenando ventana
2240,20,TS,trayectoria,58425.0,58425.0,False,False,,,277.5,,,,0,0,0,Llenando ventana
2241,20,TS,trayectoria,58425.0,58425.0,False,False,,,277.5,,,,0,0,0,Llenando ventana
2242,20,TS,trayectoria,58425.0,58425.0,False,False,,,277.5,,,,0,0,0,Llenando ventana
2243,20,TS,trayectoria,58425.0,58425.0,False,False,,,277.5,,,,0,0,0,Llenando ventana
2244,20,TS,trayectoria,58425.0,58425.0,False,False,,,277.5,,,,0,0,0,Llenando ventana
2245,20,TS,trayectoria,58425.0,58425.0,False,False,,,277.5,,,,0,0,0,Llenando ventana
2246,20,TS,trayectoria,58425.0,58425.0,False,False,,,277.5,,,,0,0,0,Llenando ventana
2247,20,TS,trayectoria,58425.0,58425.0,False,False,,,277.5,,,,0,0,0,Llenando ventana
2248,20,TS,trayectoria,58425.0,58425.0,False,False,,,277.5,,,,0,0,0,Llenando ventana
2249,20,TS,trayectoria,58425.0,58425.0,False,False,,,277.5,,,,0,0,0,Llenando ventana
2250,20,TS,trayectoria,58425.0,58425.0,False,False,,,277.5,,,,0,0,0,Llenando ventana
2251,20,TS,trayectoria,58425.0,58425.0,False,False,,,277.5,,,,0,0,0,Llenando ventana
2252,20,TS,trayectoria,58425.0,58425.0,False,False,,,277.5,,,,0,0,0,Llenando ventana
2253,20,TS,trayectoria,58425.0,58425.0,False,False,,,277.5,,,,0,0,0,Llenando ventana
2254,20,TS,trayectoria,58425.0,58425.0,False,False,,,277.5,,,,0,0,0,Llenando ventana
2255,20,TS,trayectoria,58425.0,58425.0,False,False,,,277.5,,,,0,0,0,Llenando ventana
2256,20,TS,trayectoria,58425.0,58425.0,False,False,,,277.5,,,,0,0,0,Llenando ventana
2257,20,TS,trayectoria,58425.0,58425.0,False,False,,,277.5,,,,0,0,0,Llenando ventana
2258,20,TS,trayectoria,58425.0,58425.0,False,False,,,277.5,,,,0,0,0,Llenando ventana
2259,20,TS,trayectoria,58425.0,58425.0,False,False,,,277.5,,,,0,0,0,Llenando ventana
2260,20,TS,trayectoria,58425.0,58425.0,False,False,,,277.5,,,,0,0,0,Llenando ventana
2261,20,TS,trayectoria,58425.0,58425.0,False,False,,,277.5,,,,0,0,0,Llenando ventana
2262,20,TS,trayectoria,58425.0,58425.0,False,False,,,277.5,,,,0,0,0,Llenando ventana
2263,20,TS,trayectoria,58425.0,58425.0,False,False,,,277.5,,,,0,0,0,Llenando ventana
2264,20,TS,trayectoria,58425.0,58425.0,False,False,,,277.5,,,,0,0,0,Llenando ventana
2265,21,PSO,poblacional,58425.0,58425.0,False,False,,,,,,,0,0,0,Llenando ventana
2266,21,PSO,poblacional,58425.0,58425.0,False,False,,,,,,,0,0,0,Llenando ventana
2267,21,PSO,poblacional,58425.0,58425.0,False,False,,,,,,,0,0,0,Llenando ventana
2268,21,PSO,poblacional,58425.0,58425.0,False,False,,,,,,,0,0,0,Llenando ventana
2269,21,PSO,poblacional,58425.0,58425.0,False,False,,,,,,,0,0,0,Llenando ventana
2270,21,PSO,poblacional,58425.0,58425.0,False,False,,,,,,,0,0,0,Llenando ventana
2271,21,PSO,poblacional,58425.0,58425.0,False,False,,,,,,,0,0,0,Llenando ventana
2272,21,PSO,poblacional,58425.0,58425.0,False,False,,,,,,,0,0,0,Llenando ventana
2273,21,PSO,poblacional,58425.0,58425.0,False,False,,,,,,,0,0,0,Llenando ventana
2274,21,PSO,poblacional,58425.0,58425.0,False,False,,,,,,,0,0,0,Llenando ventana
2275,21,PSO,poblacional,58425.0,58425.0,False,False,,,,,,,0,0,0,Llenando ventana
2276,21,PSO,poblacional,58425.0,58425.0,False,False,,,,,,,0,0,0,Llenando ventana
2277,21,PSO,poblacional,58425.0,58425.0,False,False,,,,,,,0,0,0,Llenando ventana
2278,21,PSO,poblacional,58425.0,58425.0,False,False,,,,,,,0,0,0,Llenando ventana
2279,21,PSO,poblacional,58425.0,58425.0,False,False,,,,,,,0,0,0,Llenando ventana
2280,21,PSO,poblacional,58425.0,58425.0,False,False,,,,,,,0,0,0,Llenando ventana
2281,21,PSO,poblacional,58425.0,58425.0,False,False,,,,,,,0,0,0,Llenando ventana
2282,21,PSO,poblacional,58425.0,58425.0,False,False,,,,,,,0,0,0,Llenando ventana
2283,21,PSO,poblacional,58425.0,58425.0,False,False,,,,,,,0,0,0,Llenando ventana
2284,21,PSO,poblacional,58425.0,58425.0,False,False,,,,,,,0,0,0,Llenando ventana
2285,21,PSO,poblacional,58425.0,58425.0,False,False,,,,,,,0,0,0,Llenando ventana
2286,21,PSO,poblacional,58425.0,58425.0,False,False,,,,,,,0,0,0,Llenando ventana
2287,21,PSO,poblacional,58425.0,58425.0,False,False,,,,,,,0,0,0,Llenando ventana
2288,21,PSO,poblacional,58425.0,58425.0,False,False,,,,,,,0,0,0,Llenando ventana
2289,21,PSO,poblacional,58425.0,58425.0,False,False,,,,,,,0,0,0,Llenando ventana
2290,21,PSO,poblacional,58425.0,58425.0,False,False,,,,,,,0,0,0,Llenando ventana
2291,21,PSO,poblacional,58425.0,58425.0,False,False,,,,,,,0,0,0,Llenando ventana
2292,21,PSO,poblacional,58425.0,58425.0,False,False,,,,,,,0,0,0,Llenando ventana
2293,21,PSO,poblacional,58425.0,58425.0,False,False,,,,,,,0,0,0,Llenando ventana
2294,21,PSO,poblacional,58425.0,58425.0,False,False,,,,,,,0,0,0,Llenando ventana
2295,21,PSO,poblacional,58425.0,58425.0,False,False,,,,,,,0,0,0,Llenando ventana
2296,21,PSO,poblacional,58425.0,58425.0,False,False,,,,,,,0,0,0,Llenando ventana
2297,21,PSO,poblacional,58425.0,58425.0,False,False,,,,,,,0,0,0,Llenando ventana
2298,21,PSO,poblacional,58425.0,58425.0,False,False,,,,,,,0,0,0,Llenando ventana
2299,21,PSO,poblacional,58425.0,58425.0,False,False,,,,,,,0,0,0,Llenando ventana
2300,21,PSO,poblacional,58425.0,58425.0,False,False,,,,,,,0,0,0,Llenando ventana
2301,21,PSO,poblacional,58425.0,58425.0,False,False,,,,,,,0,0,0,Llenando ventana
2302,21,PSO,poblacional,58425.0,58425.0,False,False,,,,,,,0,0,0,Llenando ventana
2303,21,PSO,poblacional,58425.0,58425.0,False,False,,,,,,,0,0,0,Llenando ventana
2304,21,PSO,poblacional,58425.0,58425.0,False,False,,,,,,,0,0,0,Llenando ventana
2305,21,PSO,poblacional,58425.0,58425.0,False,False,,,,,,,0,0,0,Llenando ventana
2306,21,PSO,poblacional,58425.0,58425.0,False,False,,,,,,,0,0,0,Llenando ventana
2307,21,PSO,poblacional,58425.0,58425.0,False,False,,,,,,,0,0,0,Llenando ventana
2308,21,PSO,poblacional,58425.0,58425.0,False,False,,,,,,,0,0,0,Llenando ventana
2309,21,PSO,poblacional,58425.0,58425.0,False,False,,,,,,,0,0,0,Llenando ventana
2310,21,PSO,poblacional,58425.0,58425.0,False,False,,,,,,,0,0,0,Llenando ventana
2311,21,PSO,poblacional,58425.0,58425.0,False,False,,,,,,,0,0,0,Llenando ventana
2312,21,PSO,poblacional,58425.0,58425.0,False,False,,,,,,,0,0,0,Llenando ventana
2313,21,PSO,poblacional,58425.0,58425.0,False,False,,,,,,,0,0,0,Llenando ventana
2314,21,PSO,poblacional,58425.0,58425.0,False,False,,,,,,,0,0,0,Llenando ventana
2315,21,PSO,poblacional,58425.0,58425.0,False,False,,,,,,,0,0,0,Llenando ventana
2316,21,PSO,poblacional,58425.0,58425.0,False,False,,,,,,,0,0,0,Llenando ventana
2317,21,PSO,poblacional,58425.0,58425.0,False,False,,,,,,,0,0,0,Llenando ventana
2318,21,PSO,poblacional,58425.0,58425.0,False,False,,,,,,,0,0,0,Llenando ventana
2319,21,PSO,poblacional,58425.0,58425.0,False,False,,,,,,,0,0,0,Llenando ventana
2320,21,PSO,poblacional,58425.0,58425.0,False,False,,,,,,,0,0,0,Llenando ventana
2321,21,PSO,poblacional,58425.0,58425.0,False,False,,,,,,,0,0,0,Llenando ventana
2322,21,PSO,poblacional,58425.0,58425.0,False,False,,,,,,,0,0,0,Llenando ventana
2323,21,PSO,poblacional,58425.0,58425.0,False,False,,,,,,,0,0,0,Llenando ventana
2324,21,PSO,poblacional,58425.0,58425.0,False,False,,,,,,,0,0,0,Llenando ventana
2325,21,PSO,poblacional,58425.0,58425.0,False,False,,,,,,,0,0,0,Llenando ventana
2326,21,PSO,poblacional,58425.0,58425.0,False,False,,,,,,,0,0,0,Llenando ventana
2327,21,PSO,poblacional,58425.0,58425.0,False,False,,,,,,,0,0,0,Llenando ventana
2328,21,PSO,poblacional,58425.0,58425.0,False,False,,,,,,,0,0,0,Llenando ventana
2329,21,PSO,poblacional,58425.0,58425.0,False,False,,,,,,,0,0,0,Llenando ventana
2330,21,PSO,poblacional,58425.0,58425.0,False,False,,,,,,,0,0,0,Llenando ventana
2331,21,PSO,poblacional,58425.0,58425.0,False,False,,,,,,,0,0,0,Llenando ventana
2332,21,PSO,poblacional,58425.0,58425.0,False,False,,,,,,,0,0,0,Llenando ventana
2333,21,PSO,poblacional,58425.0,58425.0,False,False,,,,,,,0,0,0,Llenando ventana
2334,21,PSO,poblacional,58425.0,58425.0,False,False,,,,,,,0,0,0,Llenando ventana
2335,21,PSO,poblacional,58425.0,58425.0,False,False,,,,,,,0,0,0,Llenando ventana
2336,21,PSO,poblacional,58425.0,58425.0,False,False,,,,,,,0,0,0,Llenando ventana
2337,21,PSO,poblacional,58425.0,58425.0,False,False,,,,,,,0,0,0,Llenando ventana
2338,21,PSO,poblacional,58425.0,58425.0,False,False,,,,,,,0,0,0,Llenando ventana
2339,21,PSO,poblacional,58425.0,58425.0,False,False,,,277.5,,,,0,0,0,Llenando ventana
2340,21,PSO,poblacional,58425.0,58425.0,False,False,,,277.5,,,,0,0,0,Llenando ventana
2341,21,PSO,poblacional,58425.0,58425.0,False,False,,,277.5,,,,0,0,0,Llenando ventana
2342,21,PSO,poblacional,58425.0,58425.0,False,False,,,277.5,,,,0,0,0,Llenando ventana
2343,21,PSO,poblacional,58425.0,58425.0,False,False,,,277.5,,,,0,0,0,Llenando ventana
2344,21,PSO,poblacional,58425.0,58425.0,False,False,,,277.5,,,,0,0,0,Llenando ventana
2345,21,PSO,poblacional,58425.0,58425.0,False,False,,,277.5,,,,0,0,0,Llenando ventana
2346,21,PSO,poblacional,58425.0,58425.0,False,False,,,277.5,,,,0,0,0,Llenando ventana
2347,21,PSO,poblacional,58425.0,58425.0,False,False,,,277.5,,,,0,0,0,Llenando ventana
2348,21,PSO,poblacional,58425.0,58425.0,False,False,,,277.5,,,,0,0,0,Llenando ventana
2349,21,PSO,poblacional,58425.0,58425.0,False,False,,,277.5,,,,0,0,0,Llenando ventana
2350,21,PSO,poblacional,58425.0,58425.0,False,False,,,277.5,,,,0,0,0,Llenando ventana
2351,21,PSO,poblacional,58425.0,58425.0,False,False,,,277.5,,,,0,0,0,Llenando ventana
2352,21,PSO,poblacional,58425.0,58425.0,False,False,,,277.5,,,,0,0,0,Llenando ventana
2353,21,PSO,poblacional,58425.0,58425.0,False,False,,,277.5,,,,0,0,0,Llenando ventana
2354,21,PSO,poblacional,58425.0,58425.0,False,False,,,277.5,,,,0,0,0,Llenando ventana
2355,21,PSO,poblacional,58425.0,58425.0,False,False,,,277.5,,,,0,0,0,Llenando ventana
2356,21,PSO,poblacional,58425.0,58425.0,False,False,,,277.5,,,,0,0,0,Llenando ventana
2357,21,PSO,poblacional,58425.0,58425.0,False,False,,,277.5,,,,0,0,0,Llenando ventana
2358,21,PSO,poblacional,58425.0,58425.0,False,False,,,277.5,,,,0,0,0,Llenando ventana
2359,21,PSO,poblacional,58425.0,58425.0,False,False,,,277.5,,,,0,0,0,Llenando ventana
2360,21,PSO,poblacional,58425.0,58425.0,False,False,,,277.5,,,,0,0,0,Llenando ventana
2361,21,PSO,poblacional,58425.0,58425.0,False,False,,,277.5,,,,0,0,0,Llenando ventana
2362,21,PSO,poblacional,58425.0,58425.0,False,False,,,277.5,,,,0,0,0,Llenando ventana
2363,21,PSO,poblacional,58425.0,58425.0,False,False,,,277.5,,,,0,0,0,Llenando ventana
2364,22,VNS,trayectoria,58425.0,58425.0,False,False,,,,,,,0,0,0,Llenando ventana
2365,22,VNS,trayectoria,58425.0,58425.0,False,False,,,,,,,0,0,0,Llenando ventana
2366,22,VNS,trayectoria,58425.0,58425.0,False,False,,,,,,,0,0,0,Llenando ventana
2367,22,VNS,trayectoria,58425.0,58425.0,False,False,,,,,,,0,0,0,Llenando ventana
2368,22,VNS,trayectoria,58425.0,58425.0,False,False,,,,,,,0,0,0,Llenando ventana
2369,22,VNS,trayectoria,58425.0,58425.0,False,False,,,,,,,0,0,0,Llenando ventana
2370,22,VNS,trayectoria,58425.0,58425.0,False,False,,,,,,,0,0,0,Llenando ventana
2371,22,VNS,trayectoria,58425.0,58425.0,False,False,,,,,,,0,0,0,Llenando ventana
2372,22,VNS,trayectoria,58425.0,58425.0,False,False,,,,,,,0,0,0,Llenando ventana
2373,22,VNS,trayectoria,58425.0,58425.0,False,False,,,,,,,0,0,0,Llenando ventana
2374,22,VNS,trayectoria,58425.0,58425.0,False,False,,,,,,,0,0,0,Llenando ventana
2375,22,VNS,trayectoria,58425.0,58425.0,False,False,,,,,,,0,0,0,Llenando ventana
2376,22,VNS,trayectoria,58425.0,58425.0,False,False,,,,,,,0,0,0,Llenando ventana
2377,22,VNS,trayectoria,58425.0,58425.0,False,False,,,,,,,0,0,0,Llenando ventana
2378,22,VNS,trayectoria,58425.0,58425.0,False,False,,,,,,,0,0,0,Llenando ventana
2379,22,VNS,trayectoria,58425.0,58425.0,False,False,,,,,,,0,0,0,Llenando ventana
2380,22,VNS,trayectoria,58425.0,58425.0,False,False,,,,,,,0,0,0,Llenando ventana
2381,22,VNS,trayectoria,58425.0,58425.0,False,False,,,,,,,0,0,0,Llenando ventana
2382,22,VNS,trayectoria,58425.0,58425.0,False,False,,,,,,,0,0,0,Llenando ventana
2383,22,VNS,trayectoria,58425.0,58425.0,False,False,,,,,,,0,0,0,Llenando ventana
2384,22,VNS,trayectoria,58425.0,58425.0,False,False,,,,,,,0,0,0,Llenando ventana
2385,22,VNS,trayectoria,58425.0,58425.0,False,False,,,,,,,0,0,0,Llenando ventana
2386,22,VNS,trayectoria,58425.0,58425.0,False,False,,,,,,,0,0,0,Llenando ventana
2387,22,VNS,trayectoria,58425.0,58425.0,False,False,,,,,,,0,0,0,Llenando ventana
2388,22,VNS,trayectoria,58425.0,58425.0,False,False,,,,,,,0,0,0,Llenando ventana
2389,22,VNS,trayectoria,58425.0,58425.0,False,False,,,,,,,0,0,0,Llenando ventana
2390,22,VNS,trayectoria,58425.0,58425.0,False,False,,,,,,,0,0,0,Llenando ventana
2391,22,VNS,trayectoria,58425.0,58425.0,False,False,,,,,,,0,0,0,Llenando ventana
2392,22,VNS,trayectoria,58425.0,58425.0,False,False,,,,,,,0,0,0,Llenando ventana
2393,22,VNS,trayectoria,58425.0,58425.0,False,False,,,,,,,0,0,0,Llenando ventana
2394,22,VNS,trayectoria,58425.0,58425.0,False,False,,,,,,,0,0,0,Llenando ventana
2395,22,VNS,trayectoria,58425.0,58425.0,False,False,,,,,,,0,0,0,Llenando ventana
2396,22,VNS,trayectoria,58425.0,58425.0,False,False,,,,,,,0,0,0,Llenando ventana
2397,22,VNS,trayectoria,58425.0,58425.0,False,False,,,,,,,0,0,0,Llenando ventana
2398,22,VNS,trayectoria,58425.0,58425.0,False,False,,,,,,,0,0,0,Llenando ventana
2399,22,VNS,trayectoria,58425.0,58425.0,False,False,,,,,,,0,0,0,Llenando ventana
2400,22,VNS,trayectoria,58425.0,58425.0,False,False,,,,,,,0,0,0,Llenando ventana
2401,22,VNS,trayectoria,58425.0,58425.0,False,False,,,,,,,0,0,0,Llenando ventana
2402,22,VNS,trayectoria,58425.0,58425.0,False,False,,,,,,,0,0,0,Llenando ventana
2403,22,VNS,trayectoria,58425.0,58425.0,False,False,,,,,,,0,0,0,Llenando ventana
2404,22,VNS,trayectoria,58425.0,58425.0,False,False,,,,,,,0,0,0,Llenando ventana
2405,22,VNS,trayectoria,58425.0,58425.0,False,False,,,,,,,0,0,0,Llenando ventana
2406,22,VNS,trayectoria,58425.0,58425.0,False,False,,,,,,,0,0,0,Llenando ventana
2407,22,VNS,trayectoria,58425.0,58425.0,False,False,,,,,,,0,0,0,Llenando ventana
2408,22,VNS,trayectoria,58425.0,58425.0,False,False,,,,,,,0,0,0,Llenando ventana
2409,22,VNS,trayectoria,58425.0,58425.0,False,False,,,,,,,0,0,0,Llenando ventana
2410,22,VNS,trayectoria,58425.0,58425.0,False,False,,,,,,,0,0,0,Llenando ventana
2411,22,VNS,trayectoria,58425.0,58425.0,False,False,,,,,,,0,0,0,Llenando ventana
2412,22,VNS,trayectoria,58425.0,58425.0,False,False,,,,,,,0,0,0,Llenando ventana
2413,22,VNS,trayectoria,58425.0,58425.0,False,False,,,,,,,0,0,0,Llenando ventana
2414,22,VNS,trayectoria,58425.0,58425.0,False,False,,,,,,,0,0,0,Llenando ventana
2415,22,VNS,trayectoria,58425.0,58425.0,False,False,,,,,,,0,0,0,Llenando ventana
2416,22,VNS,trayectoria,58425.0,58425.0,False,False,,,,,,,0,0,0,Llenando ventana
2417,22,VNS,trayectoria,58425.0,58425.0,False,False,,,,,,,0,0,0,Llenando ventana
2418,22,VNS,trayectoria,58425.0,58425.0,False,False,,,,,,,0,0,0,Llenando ventana
2419,22,VNS,trayectoria,58425.0,58425.0,False,False,,,,,,,0,0,0,Llenando ventana
2420,22,VNS,trayectoria,58425.0,58425.0,False,False,,,,,,,0,0,0,Llenando ventana
2421,22,VNS,trayectoria,58425.0,58425.0,False,False,,,,,,,0,0,0,Llenando ventana
2422,22,VNS,trayectoria,58425.0,58425.0,False,False,,,,,,,0,0,0,Llenando ventana
2423,22,VNS,trayectoria,58425.0,58425.0,False,False,,,,,,,0,0,0,Llenando ventana
2424,22,VNS,trayectoria,58425.0,58425.0,False,False,,,,,,,0,0,0,Llenando ventana
2425,22,VNS,trayectoria,58425.0,58425.0,False,False,,,,,,,0,0,0,Llenando ventana
2426,22,VNS,trayectoria,58425.0,58425.0,False,False,,,,,,,0,0,0,Llenando ventana
2427,22,VNS,trayectoria,58425.0,58425.0,False,False,,,,,,,0,0,0,Llenando ventana
2428,22,VNS,trayectoria,58425.0,58425.0,False,False,,,,,,,0,0,0,Llenando ventana
2429,22,VNS,trayectoria,58425.0,58425.0,False,False,,,,,,,0,0,0,Llenando ventana
2430,22,VNS,trayectoria,58425.0,58425.0,False,False,,,,,,,0,0,0,Llenando ventana
2431,22,VNS,trayectoria,58425.0,58425.0,False,False,,,,,,,0,0,0,Llenando ventana
2432,22,VNS,trayectoria,58425.0,58425.0,False,False,,,,,,,0,0,0,Llenando ventana
2433,22,VNS,trayectoria,58425.0,58425.0,False,False,,,,,,,0,0,0,Llenando ventana
2434,22,VNS,trayectoria,58425.0,58425.0,False,False,,,,,,,0,0,0,Llenando ventana
2435,22,VNS,trayectoria,58425.0,58425.0,False,False,,,,,,,0,0,0,Llenando ventana
2436,22,VNS,trayectoria,58425.0,58425.0,False,False,,,,,,,0,0,0,Llenando ventana
2437,22,VNS,trayectoria,58425.0,58425.0,False,False,,,,,,,0,0,0,Llenando ventana
2438,22,VNS,trayectoria,58425.0,58425.0,False,False,,,277.5,,,,0,0,0,Llenando ventana
2439,22,VNS,trayectoria,58425.0,58425.0,False,False,,,277.5,,,,0,0,0,Llenando ventana
2440,22,VNS,trayectoria,58425.0,58425.0,False,False,,,277.5,,,,0,0,0,Llenando ventana
2441,22,VNS,trayectoria,58425.0,58425.0,False,False,,,277.5,,,,0,0,0,Llenando ventana
2442,22,VNS,trayectoria,58425.0,58425.0,False,False,,,277.5,,,,0,0,0,Llenando ventana
2443,22,VNS,trayectoria,58425.0,58425.0,False,False,,,277.5,,,,0,0,0,Llenando ventana
2444,22,VNS,trayectoria,58425.0,58425.0,False,False,,,277.5,,,,0,0,0,Llenando ventana
2445,22,VNS,trayectoria,58425.0,58425.0,False,False,,,277.5,,,,0,0,0,Llenando ventana
2446,22,VNS,trayectoria,58425.0,58425.0,False,False,,,277.5,,,,0,0,0,Llenando ventana
2447,22,VNS,trayectoria,58425.0,58425.0,False,False,,,277.5,,,,0,0,0,Llenando ventana
2448,22,VNS,trayectoria,58425.0,58425.0,False,False,,,277.5,,,,0,0,0,Llenando ventana
2449,22,VNS,trayectoria,58425.0,58425.0,False,False,,,277.5,,,,0,0,0,Llenando ventana
2450,22,VNS,trayectoria,58425.0,58425.0,False,False,,,277.5,,,,0,0,0,Llenando ventana
2451,22,VNS,trayectoria,58425.0,58425.0,False,False,,,277.5,,,,0,0,0,Llenando ventana
2452,22,VNS,trayectoria,58425.0,58425.0,False,False,,,277.5,,,,0,0,0,Llenando ventana
2453,22,VNS,trayectoria,58425.0,58425.0,False,False,,,277.5,,,,0,0,0,Llenando ventana
2454,22,VNS,trayectoria,58425.0,58425.0,False,False,,,277.5,,,,0,0,0,Llenando ventana
2455,22,VNS,trayectoria,58425.0,58425.0,False,False,,,277.5,,,,0,0,0,Llenando ventana
2456,22,VNS,trayectoria,58425.0,58425.0,False,False,,,277.5,,,,0,0,0,Llenando ventana
2457,22,VNS,trayectoria,58425.0,58425.0,False,False,,,277.5,,,,0,0,0,Llenando ventana
2458,22,VNS,trayectoria,58425.0,58425.0,False,False,,,277.5,,,,0,0,0,Llenando ventana
2459,22,VNS,trayectoria,58425.0,58425.0,False,False,,,277.5,,,,0,0,0,Llenando ventana
2460,22,VNS,trayectoria,58425.0,58425.0,False,False,,,277.5,,,,0,0,0,Llenando ventana
2461,22,VNS,trayectoria,58425.0,58425.0,False,False,,,277.5,,,,0,0,0,Llenando ventana
2462,22,VNS,trayectoria,58425.0,58425.0,False,False,,,277.5,,,,0,0,0,Llenando ventana
2463,23,ACO,poblacional,58425.0,50299.0,False,False,,,,,,,0,0,0,Llenando ventana
2464,23,ACO,poblacional,58425.0,50042.0,False,False,,,,,,,0,0,0,Llenando ventana
2465,23,ACO,poblacional,58425.0,52525.0,False,False,,,,,,,0,0,0,Llenando ventana
2466,23,ACO,poblacional,58425.0,50757.0,False,False,,,,,,,0,0,0,Llenando ventana
2467,23,ACO,poblacional,58425.0,52661.0,False,False,,,,,,,0,0,0,Llenando ventana
2468,23,ACO,poblacional,58425.0,52197.0,False,False,,,,,,,0,0,0,Llenando ventana
2469,23,ACO,poblacional,58425.0,51893.0,False,False,,,,,,,0,0,0,Llenando ventana
2470,23,ACO,poblacional,58425.0,52539.0,False,False,,,,,,,0,0,0,Llenando ventana
2471,23,ACO,poblacional,58425.0,52785.0,False,False,,,,,,,0,0,0,Llenando ventana
2472,23,ACO,poblacional,58425.0,52909.0,False,False,,,,,,,0,0,0,Llenando ventana
2473,23,ACO,poblacional,58425.0,53697.0,False,False,,,,,,,0,0,0,Llenando ventana
2474,23,ACO,poblacional,58425.0,53525.0,False,False,,,,,,,0,0,0,Llenando ventana
2475,23,ACO,poblacional,58425.0,53651.0,False,False,,,,,,,0,0,0,Llenando ventana
2476,23,ACO,poblacional,58425.0,53976.0,False,False,,,,,,,0,0,0,Llenando ventana
2477,23,ACO,poblacional,58425.0,54323.0,False,False,,,,,,,0,0,0,Llenando ventana
2478,23,ACO,poblacional,58425.0,53865.0,False,False,,,,,,,0,0,0,Llenando ventana
2479,23,ACO,poblacional,58425.0,55339.0,False,False,,,,,,,0,0,0,Llenando ventana
2480,23,ACO,poblacional,58425.0,54794.0,False,False,,,,,,,0,0,0,Llenando ventana
2481,23,ACO,poblacional,58425.0,54935.0,False,False,,,,,,,0,0,0,Llenando ventana
2482,23,ACO,poblacional,58425.0,55214.0,False,False,,,,,,,0,0,0,Llenando ventana
2483,23,ACO,poblacional,58425.0,55379.0,False,False,,,,,,,0,0,0,Llenando ventana
2484,23,ACO,poblacional,58425.0,55950.0,False,False,,,,,,,0,0,0,Llenando ventana
2485,23,ACO,poblacional,58425.0,55499.0,False,False,,,,,,,0,0,0,Llenando ventana
2486,23,ACO,poblacional,58425.0,55543.0,False,False,,,,,,,0,0,0,Llenando ventana
2487,23,ACO,poblacional,58425.0,55893.0,False,False,,,,,,,0,0,0,Llenando ventana
2488,23,ACO,poblacional,58425.0,55831.0,False,False,,,,,,,0,0,0,Llenando ventana
2489,23,ACO,poblacional,58425.0,55931.0,False,False,,,,,,,0,0,0,Llenando ventana
2490,23,ACO,poblacional,58425.0,55534.0,False,False,,,,,,,0,0,0,Llenando ventana
2491,23,ACO,poblacional,58425.0,55561.0,False,False,,,,,,,0,0,0,Llenando ventana
2492,23,ACO,poblacional,58425.0,55426.0,False,False,,,,,,,0,0,0,Llenando ventana
2493,23,ACO,poblacional,58425.0,55314.0,False,False,,,,,,,0,0,0,Llenando ventana
2494,23,ACO,poblacional,58425.0,55204.0,False,False,,,,,,,0,0,0,Llenando ventana
2495,23,ACO,poblacional,58425.0,55717.0,False,False,,,,,,,0,0,0,Llenando ventana
2496,23,ACO,poblacional,58425.0,55685.0,False,False,,,,,,,0,0,0,Llenando ventana
2497,23,ACO,poblacional,58425.0,55946.0,False,False,,,,,,,0,0,0,Llenando ventana
2498,23,ACO,poblacional,58425.0,55832.0,False,False,,,,,,,0,0,0,Llenando ventana
2499,23,ACO,poblacional,58425.0,55845.0,False,False,,,,,,,0,0,0,Llenando ventana
2500,23,ACO,poblacional,58425.0,54715.0,False,False,,,,,,,0,0,0,Llenando ventana
2501,23,ACO,poblacional,58425.0,55384.0,False,False,,,,,,,0,0,0,Llenando ventana
2502,23,ACO,poblacional,58425.0,55421.0,False,False,,,,,,,0,0,0,Llenando ventana
2503,23,ACO,poblacional,58425.0,56629.0,False,False,,,,,,,0,0,0,Llenando ventana
2504,23,ACO,poblacional,58425.0,55468.0,False,False,,,,,,,0,0,0,Llenando ventana
2505,23,ACO,poblacional,58425.0,55579.0,False,False,,,,,,,0,0,0,Llenando ventana
2506,23,ACO,poblacional,58425.0,56275.0,False,False,,,,,,,0,0,0,Llenando ventana
2507,23,ACO,poblacional,58425.0,55400.0,False,False,,,,,,,0,0,0,Llenando ventana
2508,23,ACO,poblacional,58425.0,55970.0,False,False,,,,,,,0,0,0,Llenando ventana
2509,23,ACO,poblacional,58425.0,55413.0,False,False,,,,,,,0,0,0,Llenando ventana
2510,23,ACO,poblacional,58425.0,56554.0,False,False,,,,,,,0,0,0,Llenando ventana
2511,23,ACO,poblacional,58425.0,55339.0,False,False,,,,,,,0,0,0,Llenando ventana
2512,23,ACO,poblacional,58425.0,55955.0,False,False,,,,,,,0,0,0,Llenando ventana
2513,23,ACO,poblacional,58425.0,55594.0,False,False,,,,,,,0,0,0,Llenando ventana
2514,23,ACO,poblacional,58425.0,56008.0,False,False,,,,,,,0,0,0,Llenando ventana
2515,23,ACO,poblacional,58425.0,56171.0,False,False,,,,,,,0,0,0,Llenando ventana
2516,23,ACO,poblacional,58425.0,55987.0,False,False,,,,,,,0,0,0,Llenando ventana
2517,23,ACO,poblacional,58425.0,56252.0,False,False,,,,,,,0,0,0,Llenando ventana
2518,23,ACO,poblacional,58425.0,55000.0,False,False,,,,,,,0,0,0,Llenando ventana
2519,23,ACO,poblacional,58425.0,55680.0,False,False,,,,,,,0,0,0,Llenando ventana
2520,23,ACO,poblacional,58425.0,55581.0,False,False,,,,,,,0,0,0,Llenando ventana
2521,23,ACO,poblacional,58425.0,55741.0,False,False,,,,,,,0,0,0,Llenando ventana
2522,23,ACO,poblacional,58425.0,55405.0,False,False,,,,,,,0,0,0,Llenando ventana
2523,23,ACO,poblacional,58425.0,55782.0,False,False,,,,,,,0,0,0,Llenando ventana
2524,23,ACO,poblacional,58425.0,55506.0,False,False,,,,,,,0,0,0,Llenando ventana
2525,23,ACO,poblacional,58425.0,55837.0,False,False,,,,,,,0,0,0,Llenando ventana
2526,23,ACO,poblacional,58425.0,55370.0,False,False,,,,,,,0,0,0,Llenando ventana
2527,23,ACO,poblacional,58425.0,56796.0,False,False,,,,,,,0,0,0,Llenando ventana
2528,23,ACO,poblacional,58425.0,55903.0,False,False,,,,,,,0,0,0,Llenando ventana
2529,23,ACO,poblacional,58425.0,55907.0,False,False,,,,,,,0,0,0,Llenando ventana
2530,23,ACO,poblacional,58425.0,55373.0,False,False,,,,,,,0,0,0,Llenando ventana
2531,23,ACO,poblacional,58425.0,56639.0,False,False,,,,,,,0,0,0,Llenando ventana
2532,23,ACO,poblacional,58425.0,55965.0,False,False,,,,,,,0,0,0,Llenando ventana
2533,23,ACO,poblacional,58425.0,55857.0,False,False,,,,,,,0,0,0,Llenando ventana
2534,23,ACO,poblacional,58425.0,55970.0,False,False,,,,,,,0,0,0,Llenando ventana
2535,23,ACO,poblacional,58425.0,55261.0,False,False,,,,,,,0,0,0,Llenando ventana
2536,23,ACO,poblacional,58425.0,55918.0,False,False,,,,,,,0,0,0,Llenando ventana
2537,23,ACO,poblacional,58425.0,55252.0,False,False,,,277.5,,,,0,0,0,Llenando ventana
2538,23,ACO,poblacional,58425.0,56243.0,False,False,,,277.5,,,,0,0,0,Llenando ventana
2539,23,ACO,poblacional,58425.0,56079.0,False,False,,,277.5,,,,0,0,0,Llenando ventana
2540,23,ACO,poblacional,58425.0,55219.0,False,False,,,277.5,,,,0,0,0,Llenando ventana
2541,23,ACO,poblacional,58425.0,56753.0,False,False,,,277.5,,,,0,0,0,Llenando ventana
2542,23,ACO,poblacional,58425.0,55343.0,False,False,,,277.5,,,,0,0,0,Llenando ventana
2543,23,ACO,poblacional,58425.0,55479.0,False,False,,,277.5,,,,0,0,0,Llenando ventana
2544,23,ACO,poblacional,58425.0,56698.0,False,False,,,277.5,,,,0,0,0,Llenando ventana
2545,23,ACO,poblacional,58425.0,54878.0,False,False,,,277.5,,,,0,0,0,Llenando ventana
2546,23,ACO,poblacional,58425.0,56089.0,False,False,,,277.5,,,,0,0,0,Llenando ventana
2547,23,ACO,poblacional,58425.0,55746.0,False,False,,,277.5,,,,0,0,0,Llenando ventana
2548,23,ACO,poblacional,58425.0,54645.0,False,False,,,277.5,,,,0,0,0,Llenando ventana
2549,23,ACO,poblacional,58425.0,55539.0,False,False,,,277.5,,,,0,0,0,Llenando ventana
2550,23,ACO,poblacional,58425.0,55659.0,False,False,,,277.5,,,,0,0,0,Llenando ventana
2551,23,ACO,poblacional,58425.0,55878.0,False,False,,,277.5,,,,0,0,0,Llenando ventana
2552,23,ACO,poblacional,58425.0,55790.0,False,False,,,277.5,,,,0,0,0,Llenando ventana
2553,23,ACO,poblacional,58425.0,56367.0,False,False,,,277.5,,,,0,0,0,Llenando ventana
2554,23,ACO,poblacional,58425.0,55652.0,False,False,,,277.5,,,,0,0,0,Llenando ventana
2555,23,ACO,poblacional,58425.0,55893.0,False,False,,,277.5,,,,0,0,0,Llenando ventana
2556,23,ACO,poblacional,58425.0,56001.0,False,False,,,277.5,,,,0,0,0,Llenando ventana
2557,23,ACO,poblacional,58425.0,55655.0,False,False,,,277.5,,,,0,0,0,Llenando ventana
2558,23,ACO,poblacional,58425.0,55829.0,False,False,,,277.5,,,,0,0,0,Llenando ventana
2559,23,ACO,poblacional,58425.0,55923.0,False,False,,,277.5,,,,0,0,0,Llenando ventana
2560,23,ACO,poblacional,58425.0,55372.0,False,False,,,277.5,,,,0,0,0,Llenando ventana
2561,23,ACO,poblacional,58425.0,55117.0,False,False,,,277.5,,,,0,0,0,Llenando ventana
2562,24,TS,trayectoria,58425.0,58425.0,False,False,,,,,,,0,0,0,Llenando ventana
2563,24,TS,trayectoria,58425.0,58425.0,False,False,,,,,,,0,0,0,Llenando ventana
2564,24,TS,trayectoria,58425.0,58425.0,False,False,,,,,,,0,0,0,Llenando ventana
2565,24,TS,trayectoria,58425.0,58425.0,False,False,,,,,,,0,0,0,Llenando ventana
2566,24,TS,trayectoria,58425.0,58425.0,False,False,,,,,,,0,0,0,Llenando ventana
2567,24,TS,trayectoria,58425.0,58425.0,False,False,,,,,,,0,0,0,Llenando ventana
2568,24,TS,trayectoria,58425.0,58425.0,False,False,,,,,,,0,0,0,Llenando ventana
2569,24,TS,trayectoria,58425.0,58425.0,False,False,,,,,,,0,0,0,Llenando ventana
2570,24,TS,trayectoria,58425.0,58425.0,False,False,,,,,,,0,0,0,Llenando ventana
2571,24,TS,trayectoria,58425.0,58425.0,False,False,,,,,,,0,0,0,Llenando ventana
2572,24,TS,trayectoria,58425.0,58425.0,False,False,,,,,,,0,0,0,Llenando ventana
2573,24,TS,trayectoria,58425.0,58425.0,False,False,,,,,,,0,0,0,Llenando ventana
2574,24,TS,trayectoria,58425.0,58425.0,False,False,,,,,,,0,0,0,Llenando ventana
2575,24,TS,trayectoria,58425.0,58425.0,False,False,,,,,,,0,0,0,Llenando ventana
2576,24,TS,trayectoria,58425.0,58425.0,False,False,,,,,,,0,0,0,Llenando ventana
2577,24,TS,trayectoria,58425.0,58425.0,False,False,,,,,,,0,0,0,Llenando ventana
2578,24,TS,trayectoria,58425.0,58425.0,False,False,,,,,,,0,0,0,Llenando ventana
2579,24,TS,trayectoria,58425.0,58425.0,False,False,,,,,,,0,0,0,Llenando ventana
2580,24,TS,trayectoria,58425.0,58425.0,False,False,,,,,,,0,0,0,Llenando ventana
2581,24,TS,trayectoria,58425.0,58425.0,False,False,,,,,,,0,0,0,Llenando ventana
2582,24,TS,trayectoria,58425.0,58425.0,False,False,,,,,,,0,0,0,Llenando ventana
2583,24,TS,trayectoria,58425.0,58425.0,False,False,,,,,,,0,0,0,Llenando ventana
2584,24,TS,trayectoria,58425.0,58425.0,False,False,,,,,,,0,0,0,Llenando ventana
2585,24,TS,trayectoria,58425.0,58425.0,False,False,,,,,,,0,0,0,Llenando ventana
2586,24,TS,trayectoria,58425.0,58425.0,False,False,,,,,,,0,0,0,Llenando ventana
2587,24,TS,trayectoria,58425.0,58425.0,False,False,,,,,,,0,0,0,Llenando ventana
2588,24,TS,trayectoria,58425.0,58425.0,False,False,,,,,,,0,0,0,Llenando ventana
2589,24,TS,trayectoria,58425.0,58425.0,False,False,,,,,,,0,0,0,Llenando ventana
2590,24,TS,trayectoria,58425.0,58425.0,False,False,,,,,,,0,0,0,Llenando ventana
2591,24,TS,trayectoria,58425.0,58425.0,False,False,,,,,,,0,0,0,Llenando ventana
2592,24,TS,trayectoria,58425.0,58425.0,False,False,,,,,,,0,0,0,Llenando ventana
2593,24,TS,trayectoria,58425.0,58425.0,False,False,,,,,,,0,0,0,Llenando ventana
2594,24,TS,trayectoria,58425.0,58425.0,False,False,,,,,,,0,0,0,Llenando ventana
2595,24,TS,trayectoria,58425.0,58425.0,False,False,,,,,,,0,0,0,Llenando ventana
2596,24,TS,trayectoria,58425.0,58425.0,False,False,,,,,,,0,0,0,Llenando ventana
2597,24,TS,trayectoria,58425.0,58425.0,False,False,,,,,,,0,0,0,Llenando ventana
2598,24,TS,trayectoria,58425.0,58425.0,False,False,,,,,,,0,0,0,Llenando ventana
2599,24,TS,trayectoria,58425.0,58425.0,False,False,,,,,,,0,0,0,Llenando ventana
2600,24,TS,trayectoria,58425.0,58425.0,False,False,,,,,,,0,0,0,Llenando ventana
2601,24,TS,trayectoria,58425.0,58425.0,False,False,,,,,,,0,0,0,Llenando ventana
2602,24,TS,trayectoria,58425.0,58425.0,False,False,,,,,,,0,0,0,Llenando ventana
2603,24,TS,trayectoria,58425.0,58425.0,False,False,,,,,,,0,0,0,Llenando ventana
2604,24,TS,trayectoria,58425.0,58425.0,False,False,,,,,,,0,0,0,Llenando ventana
2605,24,TS,trayectoria,58425.0,58425.0,False,False,,,,,,,0,0,0,Llenando ventana
2606,24,TS,trayectoria,58425.0,58425.0,False,False,,,,,,,0,0,0,Llenando ventana
2607,24,TS,trayectoria,58425.0,58425.0,False,False,,,,,,,0,0,0,Llenando ventana
2608,24,TS,trayectoria,58425.0,58425.0,False,False,,,,,,,0,0,0,Llenando ventana
2609,24,TS,trayectoria,58425.0,58425.0,False,False,,,,,,,0,0,0,Llenando ventana
2610,24,TS,trayectoria,58425.0,58425.0,False,False,,,,,,,0,0,0,Llenando ventana
2611,24,TS,trayectoria,58425.0,58425.0,False,False,,,,,,,0,0,0,Llenando ventana
2612,24,TS,trayectoria,58425.0,58425.0,False,False,,,,,,,0,0,0,Llenando ventana
2613,24,TS,trayectoria,58425.0,58425.0,False,False,,,,,,,0,0,0,Llenando ventana
2614,24,TS,trayectoria,58425.0,58425.0,False,False,,,,,,,0,0,0,Llenando ventana
2615,24,TS,trayectoria,58425.0,58425.0,False,False,,,,,,,0,0,0,Llenando ventana
2616,24,TS,trayectoria,58425.0,58425.0,False,False,,,,,,,0,0,0,Llenando ventana
2617,24,TS,trayectoria,58425.0,58425.0,False,False,,,,,,,0,0,0,Llenando ventana
2618,24,TS,trayectoria,58425.0,58425.0,False,False,,,,,,,0,0,0,Llenando ventana
2619,24,TS,trayectoria,58425.0,58425.0,False,False,,,,,,,0,0,0,Llenando ventana
2620,24,TS,trayectoria,58425.0,58425.0,False,False,,,,,,,0,0,0,Llenando ventana
2621,24,TS,trayectoria,58425.0,58425.0,False,False,,,,,,,0,0,0,Llenando ventana
2622,24,TS,trayectoria,58425.0,58425.0,False,False,,,,,,,0,0,0,Llenando ventana
2623,24,TS,trayectoria,58425.0,58425.0,False,False,,,,,,,0,0,0,Llenando ventana
2624,24,TS,trayectoria,58425.0,58425.0,False,False,,,,,,,0,0,0,Llenando ventana
2625,24,TS,trayectoria,58425.0,58425.0,False,False,,,,,,,0,0,0,Llenando ventana
2626,24,TS,trayectoria,58425.0,58425.0,False,False,,,,,,,0,0,0,Llenando ventana
2627,24,TS,trayectoria,58425.0,58425.0,False,False,,,,,,,0,0,0,Llenando ventana
2628,24,TS,trayectoria,58425.0,58425.0,False,False,,,,,,,0,0,0,Llenando ventana
2629,24,TS,trayectoria,58425.0,58425.0,False,False,,,,,,,0,0,0,Llenando ventana
2630,24,TS,trayectoria,58425.0,58425.0,False,False,,,,,,,0,0,0,Llenando ventana
2631,24,TS,trayectoria,58425.0,58425.0,False,False,,,,,,,0,0,0,Llenando ventana
2632,24,TS,trayectoria,58425.0,58425.0,False,False,,,,,,,0,0,0,Llenando ventana
2633,24,TS,trayectoria,58425.0,58425.0,False,False,,,,,,,0,0,0,Llenando ventana
2634,24,TS,trayectoria,58425.0,58425.0,False,False,,,,,,,0,0,0,Llenando ventana
2635,24,TS,trayectoria,58425.0,58425.0,False,False,,,,,,,0,0,0,Llenando ventana
2636,24,TS,trayectoria,58425.0,58425.0,False,False,,,277.5,,,,0,0,0,Llenando ventana
2637,24,TS,trayectoria,58425.0,58425.0,False,False,,,277.5,,,,0,0,0,Llenando ventana
2638,24,TS,trayectoria,58425.0,58425.0,False,False,,,277.5,,,,0,0,0,Llenando ventana
2639,24,TS,trayectoria,58425.0,58425.0,False,False,,,277.5,,,,0,0,0,Llenando ventana
2640,24,TS,trayectoria,58425.0,58425.0,False,False,,,277.5,,,,0,0,0,Llenando ventana
2641,24,TS,trayectoria,58425.0,58425.0,False,False,,,277.5,,,,0,0,0,Llenando ventana
2642,24,TS,trayectoria,58425.0,58425.0,False,False,,,277.5,,,,0,0,0,Llenando ventana
2643,24,TS,trayectoria,58425.0,58425.0,False,False,,,277.5,,,,0,0,0,Llenando ventana
2644,24,TS,trayectoria,58425.0,58425.0,False,False,,,277.5,,,,0,0,0,Llenando ventana
2645,24,TS,trayectoria,58425.0,58425.0,False,False,,,277.5,,,,0,0,0,Llenando ventana
2646,24,TS,trayectoria,58425.0,58425.0,False,False,,,277.5,,,,0,0,0,Llenando ventana
2647,24,TS,trayectoria,58425.0,58425.0,False,False,,,277.5,,,,0,0,0,Llenando ventana
2648,24,TS,trayectoria,58425.0,58425.0,False,False,,,277.5,,,,0,0,0,Llenando ventana
2649,24,TS,trayectoria,58425.0,58425.0,False,False,,,277.5,,,,0,0,0,Llenando ventana
2650,24,TS,trayectoria,58425.0,58425.0,False,False,,,277.5,,,,0,0,0,Llenando ventana
2651,24,TS,trayectoria,58425.0,58425.0,False,False,,,277.5,,,,0,0,0,Llenando ventana
2652,24,TS,trayectoria,58425.0,58425.0,False,False,,,277.5,,,,0,0,0,Llenando ventana
2653,24,TS,trayectoria,58425.0,58425.0,False,False,,,277.5,,,,0,0,0,Llenando ventana
2654,24,TS,trayectoria,58425.0,58425.0,False,False,,,277.5,,,,0,0,0,Llenando ventana
2655,24,TS,trayectoria,58425.0,58425.0,False,False,,,277.5,,,,0,0,0,Llenando ventana
2656,24,TS,trayectoria,58425.0,58425.0,False,False,,,277.5,,,,0,0,0,Llenando ventana
2657,24,TS,trayectoria,58425.0,58425.0,False,False,,,277.5,,,,0,0,0,Llenando ventana
2658,24,TS,trayectoria,58425.0,58425.0,False,False,,,277.5,,,,0,0,0,Llenando ventana
2659,24,TS,trayectoria,58425.0,58425.0,False,False,,,277.5,,,,0,0,0,Llenando ventana
2660,24,TS,trayectoria,58425.0,58425.0,False,False,,,277.5,,,,0,0,0,Llenando ventana
2661,25,ACO,poblacional,58425.0,49899.0,False,False,,,,,,,0,0,0,Llenando ventana
2662,25,ACO,poblacional,58425.0,51042.0,False,False,,,,,,,0,0,0,Llenando ventana
2663,25,ACO,poblacional,58425.0,51528.0,False,False,,,,,,,0,0,0,Llenando ventana
2664,25,ACO,poblacional,58425.0,50801.0,False,False,,,,,,,0,0,0,Llenando ventana
2665,25,ACO,poblacional,58425.0,52387.0,False,False,,,,,,,0,0,0,Llenando ventana
2666,25,ACO,poblacional,58425.0,52903.0,False,False,,,,,,,0,0,0,Llenando ventana
2667,25,ACO,poblacional,58425.0,53109.0,False,False,,,,,,,0,0,0,Llenando ventana
2668,25,ACO,poblacional,58425.0,51944.0,False,False,,,,,,,0,0,0,Llenando ventana
2669,25,ACO,poblacional,58425.0,52306.0,False,False,,,,,,,0,0,0,Llenando ventana
2670,25,ACO,poblacional,58425.0,53118.0,False,False,,,,,,,0,0,0,Llenando ventana
2671,25,ACO,poblacional,58425.0,52982.0,False,False,,,,,,,0,0,0,Llenando ventana
2672,25,ACO,poblacional,58425.0,53071.0,False,False,,,,,,,0,0,0,Llenando ventana
2673,25,ACO,poblacional,58425.0,53839.0,False,False,,,,,,,0,0,0,Llenando ventana
2674,25,ACO,poblacional,58425.0,53071.0,False,False,,,,,,,0,0,0,Llenando ventana
2675,25,ACO,poblacional,58425.0,53491.0,False,False,,,,,,,0,0,0,Llenando ventana
2676,25,ACO,poblacional,58425.0,54456.0,False,False,,,,,,,0,0,0,Llenando ventana
2677,25,ACO,poblacional,58425.0,54793.0,False,False,,,,,,,0,0,0,Llenando ventana
2678,25,ACO,poblacional,58425.0,54732.0,False,False,,,,,,,0,0,0,Llenando ventana
2679,25,ACO,poblacional,58425.0,55906.0,False,False,,,,,,,0,0,0,Llenando ventana
2680,25,ACO,poblacional,58425.0,54950.0,False,False,,,,,,,0,0,0,Llenando ventana
2681,25,ACO,poblacional,58425.0,55865.0,False,False,,,,,,,0,0,0,Llenando ventana
2682,25,ACO,poblacional,58425.0,55510.0,False,False,,,,,,,0,0,0,Llenando ventana
2683,25,ACO,poblacional,58425.0,56107.0,False,False,,,,,,,0,0,0,Llenando ventana
2684,25,ACO,poblacional,58425.0,55706.0,False,False,,,,,,,0,0,0,Llenando ventana
2685,25,ACO,poblacional,58425.0,55311.0,False,False,,,,,,,0,0,0,Llenando ventana
2686,25,ACO,poblacional,58425.0,55842.0,False,False,,,,,,,0,0,0,Llenando ventana
2687,25,ACO,poblacional,58425.0,56776.0,False,False,,,,,,,0,0,0,Llenando ventana
2688,25,ACO,poblacional,58425.0,55555.0,False,False,,,,,,,0,0,0,Llenando ventana
2689,25,ACO,poblacional,58425.0,55227.0,False,False,,,,,,,0,0,0,Llenando ventana
2690,25,ACO,poblacional,58425.0,55455.0,False,False,,,,,,,0,0,0,Llenando ventana
2691,25,ACO,poblacional,58425.0,56187.0,False,False,,,,,,,0,0,0,Llenando ventana
2692,25,ACO,poblacional,58425.0,56391.0,False,False,,,,,,,0,0,0,Llenando ventana
2693,25,ACO,poblacional,58425.0,55755.0,False,False,,,,,,,0,0,0,Llenando ventana
2694,25,ACO,poblacional,58425.0,56164.0,False,False,,,,,,,0,0,0,Llenando ventana
2695,25,ACO,poblacional,58425.0,56254.0,False,False,,,,,,,0,0,0,Llenando ventana
2696,25,ACO,poblacional,58425.0,55604.0,False,False,,,,,,,0,0,0,Llenando ventana
2697,25,ACO,poblacional,58425.0,55437.0,False,False,,,,,,,0,0,0,Llenando ventana
2698,25,ACO,poblacional,58425.0,55240.0,False,False,,,,,,,0,0,0,Llenando ventana
2699,25,ACO,poblacional,58425.0,55180.0,False,False,,,,,,,0,0,0,Llenando ventana
2700,25,ACO,poblacional,58425.0,56122.0,False,False,,,,,,,0,0,0,Llenando ventana
2701,25,ACO,poblacional,58425.0,55581.0,False,False,,,,,,,0,0,0,Llenando ventana
2702,25,ACO,poblacional,58425.0,55810.0,False,False,,,,,,,0,0,0,Llenando ventana
2703,25,ACO,poblacional,58425.0,56228.0,False,False,,,,,,,0,0,0,Llenando ventana
2704,25,ACO,poblacional,58425.0,55896.0,False,False,,,,,,,0,0,0,Llenando ventana
2705,25,ACO,poblacional,58425.0,55172.0,False,False,,,,,,,0,0,0,Llenando ventana
2706,25,ACO,poblacional,58425.0,55017.0,False,False,,,,,,,0,0,0,Llenando ventana
2707,25,ACO,poblacional,58425.0,55939.0,False,False,,,,,,,0,0,0,Llenando ventana
2708,25,ACO,poblacional,58425.0,56079.0,False,False,,,,,,,0,0,0,Llenando ventana
2709,25,ACO,poblacional,58425.0,55504.0,False,False,,,,,,,0,0,0,Llenando ventana
2710,25,ACO,poblacional,58425.0,56493.0,False,False,,,,,,,0,0,0,Llenando ventana
2711,25,ACO,poblacional,58425.0,55989.0,False,False,,,,,,,0,0,0,Llenando ventana
2712,25,ACO,poblacional,58425.0,55175.0,False,False,,,,,,,0,0,0,Llenando ventana
2713,25,ACO,poblacional,58425.0,55871.0,False,False,,,,,,,0,0,0,Llenando ventana
2714,25,ACO,poblacional,58425.0,54437.0,False,False,,,,,,,0,0,0,Llenando ventana
2715,25,ACO,poblacional,58425.0,54646.0,False,False,,,,,,,0,0,0,Llenando ventana
2716,25,ACO,poblacional,58425.0,55324.0,False,False,,,,,,,0,0,0,Llenando ventana
2717,25,ACO,poblacional,58425.0,55488.0,False,False,,,,,,,0,0,0,Llenando ventana
2718,25,ACO,poblacional,58425.0,55001.0,False,False,,,,,,,0,0,0,Llenando ventana
2719,25,ACO,poblacional,58425.0,55197.0,False,False,,,,,,,0,0,0,Llenando ventana
2720,25,ACO,poblacional,58425.0,56794.0,False,False,,,,,,,0,0,0,Llenando ventana
2721,25,ACO,poblacional,58425.0,56642.0,False,False,,,,,,,0,0,0,Llenando ventana
2722,25,ACO,poblacional,58425.0,56078.0,False,False,,,,,,,0,0,0,Llenando ventana
2723,25,ACO,poblacional,58425.0,55723.0,False,False,,,,,,,0,0,0,Llenando ventana
2724,25,ACO,poblacional,58425.0,56128.0,False,False,,,,,,,0,0,0,Llenando ventana
2725,25,ACO,poblacional,58425.0,54921.0,False,False,,,,,,,0,0,0,Llenando ventana
2726,25,ACO,poblacional,58425.0,55825.0,False,False,,,,,,,0,0,0,Llenando ventana
2727,25,ACO,poblacional,58425.0,55299.0,False,False,,,,,,,0,0,0,Llenando ventana
2728,25,ACO,poblacional,58425.0,55674.0,False,False,,,,,,,0,0,0,Llenando ventana
2729,25,ACO,poblacional,58425.0,55594.0,False,False,,,,,,,0,0,0,Llenando ventana
2730,25,ACO,poblacional,58425.0,55757.0,False,False,,,,,,,0,0,0,Llenando ventana
2731,25,ACO,poblacional,58425.0,54517.0,False,False,,,,,,,0,0,0,Llenando ventana
2732,25,ACO,poblacional,58425.0,55844.0,False,False,,,,,,,0,0,0,Llenando ventana
2733,25,ACO,poblacional,58425.0,55446.0,False,False,,,,,,,0,0,0,Llenando ventana
2734,25,ACO,poblacional,58425.0,55868.0,False,False,,,,,,,0,0,0,Llenando ventana
2735,25,ACO,poblacional,58425.0,56160.0,False,False,,,277.5,,,,0,0,0,Llenando ventana
2736,25,ACO,poblacional,58425.0,55623.0,False,False,,,277.5,,,,0,0,0,Llenando ventana
2737,25,ACO,poblacional,58425.0,55590.0,False,False,,,277.5,,,,0,0,0,Llenando ventana
2738,25,ACO,poblacional,58425.0,56092.0,False,False,,,277.5,,,,0,0,0,Llenando ventana
2739,25,ACO,poblacional,58425.0,55794.0,False,False,,,277.5,,,,0,0,0,Llenando ventana
2740,25,ACO,poblacional,58425.0,55685.0,False,False,,,277.5,,,,0,0,0,Llenando ventana
2741,25,ACO,poblacional,58425.0,56951.0,False,False,,,277.5,,,,0,0,0,Llenando ventana
2742,25,ACO,poblacional,58425.0,55693.0,False,False,,,277.5,,,,0,0,0,Llenando ventana
2743,25,ACO,poblacional,58425.0,55791.0,False,False,,,277.5,,,,0,0,0,Llenando ventana
2744,25,ACO,poblacional,58425.0,55843.0,False,False,,,277.5,,,,0,0,0,Llenando ventana
2745,25,ACO,poblacional,58425.0,54338.0,False,False,,,277.5,,,,0,0,0,Llenando ventana
2746,25,ACO,poblacional,58425.0,56332.0,False,False,,,277.5,,,,0,0,0,Llenando ventana
2747,25,ACO,poblacional,58425.0,55713.0,False,False,,,277.5,,,,0,0,0,Llenando ventana
2748,25,ACO,poblacional,58425.0,56026.0,False,False,,,277.5,,,,0,0,0,Llenando ventana
2749,25,ACO,poblacional,58425.0,56355.0,False,False,,,277.5,,,,0,0,0,Llenando ventana
2750,25,ACO,poblacional,58425.0,55215.0,False,False,,,277.5,,,,0,0,0,Llenando ventana
2751,25,ACO,poblacional,58425.0,55564.0,False,False,,,277.5,,,,0,0,0,Llenando ventana
2752,25,ACO,poblacional,58425.0,54669.0,False,False,,,277.5,,,,0,0,0,Llenando ventana
2753,25,ACO,poblacional,58425.0,55033.0,False,False,,,277.5,,,,0,0,0,Llenando ventana
2754,25,ACO,poblacional,58425.0,55773.0,False,False,,,277.5,,,,0,0,0,Llenando ventana
2755,25,ACO,poblacional,58425.0,56228.0,False,False,,,277.5,,,,0,0,0,Llenando ventana
2756,25,ACO,poblacional,58425.0,55871.0,False,False,,,277.5,,,,0,0,0,Llenando ventana
2757,25,ACO,poblacional,58425.0,55827.0,False,False,,,277.5,,,,0,0,0,Llenando ventana
2758,25,ACO,poblacional,58425.0,56295.0,False,False,,,277.5,,,,0,0,0,Llenando ventana
2759,25,ACO,poblacional,58425.0,55884.0,False,False,,,277.5,,,,0,0,0,Llenando ventana
2760,26,ILS,trayectoria,58425.0,58425.0,False,False,,,,,,,0,0,0,Llenando ventana
2761,26,ILS,trayectoria,58425.0,58425.0,False,False,,,,,,,0,0,0,Llenando ventana
2762,26,ILS,trayectoria,58425.0,58425.0,False,False,,,,,,,0,0,0,Llenando ventana
2763,26,ILS,trayectoria,58425.0,58425.0,False,False,,,,,,,0,0,0,Llenando ventana
2764,26,ILS,trayectoria,58425.0,58425.0,False,False,,,,,,,0,0,0,Llenando ventana
2765,26,ILS,trayectoria,58425.0,58425.0,False,False,,,,,,,0,0,0,Llenando ventana
2766,26,ILS,trayectoria,58425.0,58425.0,False,False,,,,,,,0,0,0,Llenando ventana
2767,26,ILS,trayectoria,58425.0,58425.0,False,False,,,,,,,0,0,0,Llenando ventana
2768,26,ILS,trayectoria,58425.0,58425.0,False,False,,,,,,,0,0,0,Llenando ventana
2769,26,ILS,trayectoria,58425.0,58425.0,False,False,,,,,,,0,0,0,Llenando ventana
2770,26,ILS,trayectoria,58425.0,58425.0,False,False,,,,,,,0,0,0,Llenando ventana
2771,26,ILS,trayectoria,58425.0,58425.0,False,False,,,,,,,0,0,0,Llenando ventana
2772,26,ILS,trayectoria,58425.0,58425.0,False,False,,,,,,,0,0,0,Llenando ventana
2773,26,ILS,trayectoria,58425.0,58425.0,False,False,,,,,,,0,0,0,Llenando ventana
2774,26,ILS,trayectoria,58425.0,58425.0,False,False,,,,,,,0,0,0,Llenando ventana
2775,26,ILS,trayectoria,58425.0,58425.0,False,False,,,,,,,0,0,0,Llenando ventana
2776,26,ILS,trayectoria,58425.0,58425.0,False,False,,,,,,,0,0,0,Llenando ventana
2777,26,ILS,trayectoria,58425.0,58425.0,False,False,,,,,,,0,0,0,Llenando ventana
2778,26,ILS,trayectoria,58425.0,58425.0,False,False,,,,,,,0,0,0,Llenando ventana
2779,26,ILS,trayectoria,58425.0,58425.0,False,False,,,,,,,0,0,0,Llenando ventana
2780,26,ILS,trayectoria,58425.0,58425.0,False,False,,,,,,,0,0,0,Llenando ventana
2781,26,ILS,trayectoria,58425.0,58425.0,False,False,,,,,,,0,0,0,Llenando ventana
2782,26,ILS,trayectoria,58425.0,58425.0,False,False,,,,,,,0,0,0,Llenando ventana
2783,26,ILS,trayectoria,58425.0,58425.0,False,False,,,,,,,0,0,0,Llenando ventana
2784,26,ILS,trayectoria,58425.0,58425.0,False,False,,,,,,,0,0,0,Llenando ventana
2785,26,ILS,trayectoria,58425.0,58425.0,False,False,,,,,,,0,0,0,Llenando ventana
2786,26,ILS,trayectoria,58425.0,58425.0,False,False,,,,,,,0,0,0,Llenando ventana
2787,26,ILS,trayectoria,58425.0,58425.0,False,False,,,,,,,0,0,0,Llenando ventana
2788,26,ILS,trayectoria,58425.0,58425.0,False,False,,,,,,,0,0,0,Llenando ventana
2789,26,ILS,trayectoria,58425.0,58425.0,False,False,,,,,,,0,0,0,Llenando ventana
2790,26,ILS,trayectoria,58425.0,58425.0,False,False,,,,,,,0,0,0,Llenando ventana
2791,26,ILS,trayectoria,58425.0,58425.0,False,False,,,,,,,0,0,0,Llenando ventana
2792,26,ILS,trayectoria,58425.0,58425.0,False,False,,,,,,,0,0,0,Llenando ventana
2793,26,ILS,trayectoria,58425.0,58425.0,False,False,,,,,,,0,0,0,Llenando ventana
2794,26,ILS,trayectoria,58425.0,58425.0,False,False,,,,,,,0,0,0,Llenando ventana
2795,26,ILS,trayectoria,58425.0,58425.0,False,False,,,,,,,0,0,0,Llenando ventana
2796,26,ILS,trayectoria,58425.0,58425.0,False,False,,,,,,,0,0,0,Llenando ventana
2797,26,ILS,trayectoria,58425.0,58425.0,False,False,,,,,,,0,0,0,Llenando ventana
2798,26,ILS,trayectoria,58425.0,58425.0,False,False,,,,,,,0,0,0,Llenando ventana
2799,26,ILS,trayectoria,58425.0,58425.0,False,False,,,,,,,0,0,0,Llenando ventana
2800,26,ILS,trayectoria,58425.0,58425.0,False,False,,,,,,,0,0,0,Llenando ventana
2801,26,ILS,trayectoria,58425.0,58425.0,False,False,,,,,,,0,0,0,Llenando ventana
2802,26,ILS,trayectoria,58425.0,58425.0,False,False,,,,,,,0,0,0,Llenando ventana
2803,26,ILS,trayectoria,58425.0,58425.0,False,False,,,,,,,0,0,0,Llenando ventana
2804,26,ILS,trayectoria,58425.0,58425.0,False,False,,,,,,,0,0,0,Llenando ventana
2805,26,ILS,trayectoria,58425.0,58425.0,False,False,,,,,,,0,0,0,Llenando ventana
2806,26,ILS,trayectoria,58425.0,58425.0,False,False,,,,,,,0,0,0,Llenando ventana
2807,26,ILS,trayectoria,58425.0,58425.0,False,False,,,,,,,0,0,0,Llenando ventana
2808,26,ILS,trayectoria,58425.0,58425.0,False,False,,,,,,,0,0,0,Llenando ventana
2809,26,ILS,trayectoria,58425.0,58425.0,False,False,,,,,,,0,0,0,Llenando ventana
2810,26,ILS,trayectoria,58425.0,58425.0,False,False,,,,,,,0,0,0,Llenando ventana
2811,26,ILS,trayectoria,58425.0,58425.0,False,False,,,,,,,0,0,0,Llenando ventana
2812,26,ILS,trayectoria,58425.0,58425.0,False,False,,,,,,,0,0,0,Llenando ventana
2813,26,ILS,trayectoria,58425.0,58425.0,False,False,,,,,,,0,0,0,Llenando ventana
2814,26,ILS,trayectoria,58425.0,58425.0,False,False,,,,,,,0,0,0,Llenando ventana
2815,26,ILS,trayectoria,58425.0,58425.0,False,False,,,,,,,0,0,0,Llenando ventana
2816,26,ILS,trayectoria,58425.0,58425.0,False,False,,,,,,,0,0,0,Llenando ventana
2817,26,ILS,trayectoria,58425.0,58425.0,False,False,,,,,,,0,0,0,Llenando ventana
2818,26,ILS,trayectoria,58425.0,58425.0,False,False,,,,,,,0,0,0,Llenando ventana
2819,26,ILS,trayectoria,58425.0,58425.0,False,False,,,,,,,0,0,0,Llenando ventana
2820,26,ILS,trayectoria,58425.0,58425.0,False,False,,,,,,,0,0,0,Llenando ventana
2821,26,ILS,trayectoria,58425.0,58425.0,False,False,,,,,,,0,0,0,Llenando ventana
2822,26,ILS,trayectoria,58425.0,58425.0,False,False,,,,,,,0,0,0,Llenando ventana
2823,26,ILS,trayectoria,58425.0,58425.0,False,False,,,,,,,0,0,0,Llenando ventana
2824,26,ILS,trayectoria,58425.0,58425.0,False,False,,,,,,,0,0,0,Llenando ventana
2825,26,ILS,trayectoria,58425.0,58425.0,False,False,,,,,,,0,0,0,Llenando ventana
2826,26,ILS,trayectoria,58425.0,58425.0,False,False,,,,,,,0,0,0,Llenando ventana
2827,26,ILS,trayectoria,58425.0,58425.0,False,False,,,,,,,0,0,0,Llenando ventana
2828,26,ILS,trayectoria,58425.0,58425.0,False,False,,,,,,,0,0,0,Llenando ventana
2829,26,ILS,trayectoria,58425.0,58425.0,False,False,,,,,,,0,0,0,Llenando ventana
2830,26,ILS,trayectoria,58425.0,58425.0,False,False,,,,,,,0,0,0,Llenando ventana
2831,26,ILS,trayectoria,58425.0,58425.0,False,False,,,,,,,0,0,0,Llenando ventana
2832,26,ILS,trayectoria,58425.0,58425.0,False,False,,,,,,,0,0,0,Llenando ventana
2833,26,ILS,trayectoria,58425.0,58425.0,False,False,,,,,,,0,0,0,Llenando ventana
2834,26,ILS,trayectoria,58425.0,58425.0,False,False,,,277.5,,,,0,0,0,Llenando ventana
2835,26,ILS,trayectoria,58425.0,58425.0,False,False,,,277.5,,,,0,0,0,Llenando ventana
2836,26,ILS,trayectoria,58425.0,58425.0,False,False,,,277.5,,,,0,0,0,Llenando ventana
2837,26,ILS,trayectoria,58425.0,58425.0,False,False,,,277.5,,,,0,0,0,Llenando ventana
2838,26,ILS,trayectoria,58425.0,58425.0,False,False,,,277.5,,,,0,0,0,Llenando ventana
2839,26,ILS,trayectoria,58425.0,58425.0,False,False,,,277.5,,,,0,0,0,Llenando ventana
2840,26,ILS,trayectoria,58425.0,58425.0,False,False,,,277.5,,,,0,0,0,Llenando ventana
2841,26,ILS,trayectoria,58425.0,58425.0,False,False,,,277.5,,,,0,0,0,Llenando ventana
2842,26,ILS,trayectoria,58425.0,58425.0,False,False,,,277.5,,,,0,0,0,Llenando ventana
2843,26,ILS,trayectoria,58425.0,58425.0,False,False,,,277.5,,,,0,0,0,Llenando ventana
2844,26,ILS,trayectoria,58425.0,58425.0,False,False,,,277.5,,,,0,0,0,Llenando ventana
2845,26,ILS,trayectoria,58425.0,58425.0,False,False,,,277.5,,,,0,0,0,Llenando ventana
2846,26,ILS,trayectoria,58425.0,58425.0,False,False,,,277.5,,,,0,0,0,Llenando ventana
2847,26,ILS,trayectoria,58425.0,58425.0,False,False,,,277.5,,,,0,0,0,Llenando ventana
2848,26,ILS,trayectoria,58425.0,58425.0,False,False,,,277.5,,,,0,0,0,Llenando ventana
2849,26,ILS,trayectoria,58425.0,58425.0,False,False,,,277.5,,,,0,0,0,Llenando ventana
2850,26,ILS,trayectoria,58425.0,58425.0,False,False,,,277.5,,,,0,0,0,Llenando ventana
2851,26,ILS,trayectoria,58425.0,58425.0,False,False,,,277.5,,,,0,0,0,Llenando ventana
2852,26,ILS,trayectoria,58425.0,58425.0,False,False,,,277.5,,,,0,0,0,Llenando ventana
2853,26,ILS,trayectoria,58425.0,58425.0,False,False,,,277.5,,,,0,0,0,Llenando ventana
2854,26,ILS,trayectoria,58425.0,58425.0,False,False,,,277.5,,,,0,0,0,Llenando ventana
2855,26,ILS,trayectoria,58425.0,58425.0,False,False,,,277.5,,,,0,0,0,Llenando ventana
2856,26,ILS,trayectoria,58425.0,58425.0,False,False,,,277.5,,,,0,0,0,Llenando ventana
2857,26,ILS,trayectoria,58425.0,58425.0,False,False,,,277.5,,,,0,0,0,Llenando ventana
2858,26,ILS,trayectoria,58425.0,58425.0,False,False,,,277.5,,,,0,0,0,Llenando ventana
2859,27,WOA,poblacional,58425.0,58425.0,False,False,,,,,,,0,0,0,Llenando ventana
2860,27,WOA,poblacional,58425.0,58425.0,False,False,,,,,,,0,0,0,Llenando ventana
2861,27,WOA,poblacional,58425.0,58425.0,False,False,,,,,,,0,0,0,Llenando ventana
2862,27,WOA,poblacional,58425.0,58425.0,False,False,,,,,,,0,0,0,Llenando ventana
2863,27,WOA,poblacional,58425.0,58425.0,False,False,,,,,,,0,0,0,Llenando ventana
2864,27,WOA,poblacional,58425.0,58425.0,False,False,,,,,,,0,0,0,Llenando ventana
2865,27,WOA,poblacional,58425.0,58425.0,False,False,,,,,,,0,0,0,Llenando ventana
2866,27,WOA,poblacional,58425.0,58425.0,False,False,,,,,,,0,0,0,Llenando ventana
2867,27,WOA,poblacional,58425.0,58425.0,False,False,,,,,,,0,0,0,Llenando ventana
2868,27,WOA,poblacional,58425.0,58425.0,False,False,,,,,,,0,0,0,Llenando ventana
2869,27,WOA,poblacional,58425.0,58425.0,False,False,,,,,,,0,0,0,Llenando ventana
2870,27,WOA,poblacional,58425.0,58425.0,False,False,,,,,,,0,0,0,Llenando ventana
2871,27,WOA,poblacional,58425.0,58425.0,False,False,,,,,,,0,0,0,Llenando ventana
2872,27,WOA,poblacional,58425.0,58425.0,False,False,,,,,,,0,0,0,Llenando ventana
2873,27,WOA,poblacional,58425.0,58425.0,False,False,,,,,,,0,0,0,Llenando ventana
2874,27,WOA,poblacional,58425.0,58425.0,False,False,,,,,,,0,0,0,Llenando ventana
2875,27,WOA,poblacional,58425.0,58425.0,False,False,,,,,,,0,0,0,Llenando ventana
2876,27,WOA,poblacional,58425.0,58425.0,False,False,,,,,,,0,0,0,Llenando ventana
2877,27,WOA,poblacional,58425.0,58425.0,False,False,,,,,,,0,0,0,Llenando ventana
2878,27,WOA,poblacional,58425.0,58425.0,False,False,,,,,,,0,0,0,Llenando ventana
2879,27,WOA,poblacional,58425.0,58425.0,False,False,,,,,,,0,0,0,Llenando ventana
2880,27,WOA,poblacional,58425.0,58425.0,False,False,,,,,,,0,0,0,Llenando ventana
2881,27,WOA,poblacional,58425.0,58425.0,False,False,,,,,,,0,0,0,Llenando ventana
2882,27,WOA,poblacional,58425.0,58425.0,False,False,,,,,,,0,0,0,Llenando ventana
2883,27,WOA,poblacional,58425.0,58425.0,False,False,,,,,,,0,0,0,Llenando ventana
2884,27,WOA,poblacional,58425.0,58425.0,False,False,,,,,,,0,0,0,Llenando ventana
2885,27,WOA,poblacional,58425.0,58425.0,False,False,,,,,,,0,0,0,Llenando ventana
2886,27,WOA,poblacional,58425.0,58425.0,False,False,,,,,,,0,0,0,Llenando ventana
2887,27,WOA,poblacional,58425.0,58425.0,False,False,,,,,,,0,0,0,Llenando ventana
2888,27,WOA,poblacional,58425.0,58425.0,False,False,,,,,,,0,0,0,Llenando ventana
2889,27,WOA,poblacional,58425.0,58425.0,False,False,,,,,,,0,0,0,Llenando ventana
2890,27,WOA,poblacional,58425.0,58425.0,False,False,,,,,,,0,0,0,Llenando ventana
2891,27,WOA,poblacional,58425.0,58425.0,False,False,,,,,,,0,0,0,Llenando ventana
2892,27,WOA,poblacional,58425.0,58425.0,False,False,,,,,,,0,0,0,Llenando ventana
2893,27,WOA,poblacional,58425.0,58425.0,False,False,,,,,,,0,0,0,Llenando ventana
2894,27,WOA,poblacional,58425.0,58425.0,False,False,,,,,,,0,0,0,Llenando ventana
2895,27,WOA,poblacional,58425.0,58425.0,False,False,,,,,,,0,0,0,Llenando ventana
2896,27,WOA,poblacional,58425.0,58425.0,False,False,,,,,,,0,0,0,Llenando ventana
2897,27,WOA,poblacional,58425.0,58425.0,False,False,,,,,,,0,0,0,Llenando ventana
2898,27,WOA,poblacional,58425.0,58425.0,False,False,,,,,,,0,0,0,Llenando ventana
2899,27,WOA,poblacional,58425.0,58425.0,False,False,,,,,,,0,0,0,Llenando ventana
2900,27,WOA,poblacional,58425.0,58425.0,False,False,,,,,,,0,0,0,Llenando ventana
2901,27,WOA,poblacional,58425.0,58425.0,False,False,,,,,,,0,0,0,Llenando ventana
2902,27,WOA,poblacional,58425.0,58425.0,False,False,,,,,,,0,0,0,Llenando ventana
2903,27,WOA,poblacional,58425.0,58425.0,False,False,,,,,,,0,0,0,Llenando ventana
2904,27,WOA,poblacional,58425.0,58425.0,False,False,,,,,,,0,0,0,Llenando ventana
2905,27,WOA,poblacional,58425.0,58425.0,False,False,,,,,,,0,0,0,Llenando ventana
2906,27,WOA,poblacional,58425.0,58425.0,False,False,,,,,,,0,0,0,Llenando ventana
2907,27,WOA,poblacional,58425.0,58425.0,False,False,,,,,,,0,0,0,Llenando ventana
2908,27,WOA,poblacional,58425.0,58425.0,False,False,,,,,,,0,0,0,Llenando ventana
2909,27,WOA,poblacional,58425.0,58425.0,False,False,,,,,,,0,0,0,Llenando ventana
2910,27,WOA,poblacional,58425.0,58425.0,False,False,,,,,,,0,0,0,Llenando ventana
2911,27,WOA,poblacional,58425.0,58425.0,False,False,,,,,,,0,0,0,Llenando ventana
2912,27,WOA,poblacional,58425.0,58425.0,False,False,,,,,,,0,0,0,Llenando ventana
2913,27,WOA,poblacional,58425.0,58425.0,False,False,,,,,,,0,0,0,Llenando ventana
2914,27,WOA,poblacional,58425.0,58425.0,False,False,,,,,,,0,0,0,Llenando ventana
2915,27,WOA,poblacional,58425.0,58425.0,False,False,,,,,,,0,0,0,Llenando ventana
2916,27,WOA,poblacional,58425.0,58425.0,False,False,,,,,,,0,0,0,Llenando ventana
2917,27,WOA,poblacional,58425.0,58425.0,False,False,,,,,,,0,0,0,Llenando ventana
2918,27,WOA,poblacional,58425.0,58425.0,False,False,,,,,,,0,0,0,Llenando ventana
2919,27,WOA,poblacional,58425.0,58425.0,False,False,,,,,,,0,0,0,Llenando ventana
2920,27,WOA,poblacional,58425.0,58425.0,False,False,,,,,,,0,0,0,Llenando ventana
2921,27,WOA,poblacional,58425.0,58425.0,False,False,,,,,,,0,0,0,Llenando ventana
2922,27,WOA,poblacional,58425.0,58425.0,False,False,,,,,,,0,0,0,Llenando ventana
2923,27,WOA,poblacional,58425.0,58425.0,False,False,,,,,,,0,0,0,Llenando ventana
2924,27,WOA,poblacional,58425.0,58425.0,False,False,,,,,,,0,0,0,Llenando ventana
2925,27,WOA,poblacional,58425.0,58425.0,False,False,,,,,,,0,0,0,Llenando ventana
2926,27,WOA,poblacional,58425.0,58425.0,False,False,,,,,,,0,0,0,Llenando ventana
2927,27,WOA,poblacional,58425.0,58425.0,False,False,,,,,,,0,0,0,Llenando ventana
2928,27,WOA,poblacional,58425.0,58425.0,False,False,,,,,,,0,0,0,Llenando ventana
2929,27,WOA,poblacional,58425.0,58425.0,False,False,,,,,,,0,0,0,Llenando ventana
2930,27,WOA,poblacional,58425.0,58425.0,False,False,,,,,,,0,0,0,Llenando ventana
2931,27,WOA,poblacional,58425.0,58425.0,False,False,,,,,,,0,0,0,Llenando ventana
2932,27,WOA,poblacional,58425.0,58425.0,False,False,,,,,,,0,0,0,Llenando ventana
2933,27,WOA,poblacional,58425.0,58425.0,False,False,,,277.5,,,,0,0,0,Llenando ventana
2934,27,WOA,poblacional,58425.0,58425.0,False,False,,,277.5,,,,0,0,0,Llenando ventana
2935,27,WOA,poblacional,58425.0,58425.0,False,False,,,277.5,,,,0,0,0,Llenando ventana
2936,27,WOA,poblacional,58425.0,58425.0,False,False,,,277.5,,,,0,0,0,Llenando ventana
2937,27,WOA,poblacional,58425.0,58425.0,False,False,,,277.5,,,,0,0,0,Llenando ventana
2938,27,WOA,poblacional,58425.0,58425.0,False,False,,,277.5,,,,0,0,0,Llenando ventana
2939,27,WOA,poblacional,58425.0,58425.0,False,False,,,277.5,,,,0,0,0,Llenando ventana
2940,27,WOA,poblacional,58425.0,58425.0,False,False,,,277.5,,,,0,0,0,Llenando ventana
2941,27,WOA,poblacional,58425.0,58425.0,False,False,,,277.5,,,,0,0,0,Llenando ventana
2942,27,WOA,poblacional,58425.0,58425.0,False,False,,,277.5,,,,0,0,0,Llenando ventana
2943,27,WOA,poblacional,58425.0,58425.0,False,False,,,277.5,,,,0,0,0,Llenando ventana
2944,27,WOA,poblacional,58425.0,58425.0,False,False,,,277.5,,,,0,0,0,Llenando ventana
2945,27,WOA,poblacional,58425.0,58425.0,False,False,,,277.5,,,,0,0,0,Llenando ventana
2946,27,WOA,poblacional,58425.0,58425.0,False,False,,,277.5,,,,0,0,0,Llenando ventana
2947,27,WOA,poblacional,58425.0,58425.0,False,False,,,277.5,,,,0,0,0,Llenando ventana
2948,27,WOA,poblacional,58425.0,58425.0,False,False,,,277.5,,,,0,0,0,Llenando ventana
2949,27,WOA,poblacional,58425.0,58425.0,False,False,,,277.5,,,,0,0,0,Llenando ventana
2950,27,WOA,poblacional,58425.0,58425.0,False,False,,,277.5,,,,0,0,0,Llenando ventana
2951,27,WOA,poblacional,58425.0,58425.0,False,False,,,277.5,,,,0,0,0,Llenando ventana
2952,27,WOA,poblacional,58425.0,58425.0,False,False,,,277.5,,,,0,0,0,Llenando ventana
2953,27,WOA,poblacional,58425.0,58425.0,False,False,,,277.5,,,,0,0,0,Llenando ventana
2954,27,WOA,poblacional,58425.0,58425.0,False,False,,,277.5,,,,0,0,0,Llenando ventana
2955,27,WOA,poblacional,58425.0,58425.0,False,False,,,277.5,,,,0,0,0,Llenando ventana
2956,27,WOA,poblacional,58425.0,58425.0,False,False,,,277.5,,,,0,0,0,Llenando ventana
2957,27,WOA,poblacional,58425.0,58425.0,False,False,,,277.5,,,,0,0,0,Llenando ventana
2958,28,SA,trayectoria,58425.0,54270.0,False,False,,,,,,,0,0,0,Llenando ventana
2959,28,SA,trayectoria,58425.0,53304.0,False,False,,,,,,,0,0,0,Llenando ventana
2960,28,SA,trayectoria,58425.0,52823.0,False,False,,,,,,,0,0,0,Llenando ventana
2961,28,SA,trayectoria,58425.0,53524.0,False,False,,,,,,,0,0,0,Llenando ventana
2962,28,SA,trayectoria,58425.0,54183.0,False,False,,,,,,,0,0,0,Llenando ventana
2963,28,SA,trayectoria,58425.0,54251.0,False,False,,,,,,,0,0,0,Llenando ventana
2964,28,SA,trayectoria,58425.0,52553.0,False,False,,,,,,,0,0,0,Llenando ventana
2965,28,SA,trayectoria,58425.0,54438.0,False,False,,,,,,,0,0,0,Llenando ventana
2966,28,SA,trayectoria,58425.0,53686.0,False,False,,,,,,,0,0,0,Llenando ventana
2967,28,SA,trayectoria,58425.0,53190.0,False,False,,,,,,,0,0,0,Llenando ventana
2968,28,SA,trayectoria,58425.0,53347.0,False,False,,,,,,,0,0,0,Llenando ventana
2969,28,SA,trayectoria,58425.0,53141.0,False,False,,,,,,,0,0,0,Llenando ventana
2970,28,SA,trayectoria,58425.0,53285.0,False,False,,,,,,,0,0,0,Llenando ventana
2971,28,SA,trayectoria,58425.0,53983.0,False,False,,,,,,,0,0,0,Llenando ventana
2972,28,SA,trayectoria,58425.0,54157.0,False,False,,,,,,,0,0,0,Llenando ventana
2973,28,SA,trayectoria,58425.0,54207.0,False,False,,,,,,,0,0,0,Llenando ventana
2974,28,SA,trayectoria,58425.0,54254.0,False,False,,,,,,,0,0,0,Llenando ventana
2975,28,SA,trayectoria,58425.0,53484.0,False,False,,,,,,,0,0,0,Llenando ventana
2976,28,SA,trayectoria,58425.0,53450.0,False,False,,,,,,,0,0,0,Llenando ventana
2977,28,SA,trayectoria,58425.0,53208.0,False,False,,,,,,,0,0,0,Llenando ventana
2978,28,SA,trayectoria,58425.0,52627.0,False,False,,,,,,,0,0,0,Llenando ventana
2979,28,SA,trayectoria,58425.0,54114.0,False,False,,,,,,,0,0,0,Llenando ventana
2980,28,SA,trayectoria,58425.0,52189.0,False,False,,,,,,,0,0,0,Llenando ventana
2981,28,SA,trayectoria,58425.0,53779.0,False,False,,,,,,,0,0,0,Llenando ventana
2982,28,SA,trayectoria,58425.0,53270.0,False,False,,,,,,,0,0,0,Llenando ventana
2983,28,SA,trayectoria,58425.0,53692.0,False,False,,,,,,,0,0,0,Llenando ventana
2984,28,SA,trayectoria,58425.0,53591.0,False,False,,,,,,,0,0,0,Llenando ventana
2985,28,SA,trayectoria,58425.0,52628.0,False,False,,,,,,,0,0,0,Llenando ventana
2986,28,SA,trayectoria,58425.0,53514.0,False,False,,,,,,,0,0,0,Llenando ventana
2987,28,SA,trayectoria,58425.0,54644.0,False,False,,,,,,,0,0,0,Llenando ventana
2988,28,SA,trayectoria,58425.0,53675.0,False,False,,,,,,,0,0,0,Llenando ventana
2989,28,SA,trayectoria,58425.0,52649.0,False,False,,,,,,,0,0,0,Llenando ventana
2990,28,SA,trayectoria,58425.0,53695.0,False,False,,,,,,,0,0,0,Llenando ventana
2991,28,SA,trayectoria,58425.0,52877.0,False,False,,,,,,,0,0,0,Llenando ventana
2992,28,SA,trayectoria,58425.0,52893.0,False,False,,,,,,,0,0,0,Llenando ventana
2993,28,SA,trayectoria,58425.0,53844.0,False,False,,,,,,,0,0,0,Llenando ventana
2994,28,SA,trayectoria,58425.0,54165.0,False,False,,,,,,,0,0,0,Llenando ventana
2995,28,SA,trayectoria,58425.0,54252.0,False,False,,,,,,,0,0,0,Llenando ventana
2996,28,SA,trayectoria,58425.0,53371.0,False,False,,,,,,,0,0,0,Llenando ventana
2997,28,SA,trayectoria,58425.0,53771.0,False,False,,,,,,,0,0,0,Llenando ventana
2998,28,SA,trayectoria,58425.0,52589.0,False,False,,,,,,,0,0,0,Llenando ventana
2999,28,SA,trayectoria,58425.0,54407.0,False,False,,,,,,,0,0,0,Llenando ventana
3000,28,SA,trayectoria,58425.0,53788.0,False,False,,,,,,,0,0,0,Llenando ventana
3001,28,SA,trayectoria,58425.0,53336.0,False,False,,,,,,,0,0,0,Llenando ventana
3002,28,SA,trayectoria,58425.0,54545.0,False,False,,,,,,,0,0,0,Llenando ventana
3003,28,SA,trayectoria,58425.0,53499.0,False,False,,,,,,,0,0,0,Llenando ventana
3004,28,SA,trayectoria,58425.0,53629.0,False,False,,,,,,,0,0,0,Llenando ventana
3005,28,SA,trayectoria,58425.0,53023.0,False,False,,,,,,,0,0,0,Llenando ventana
3006,28,SA,trayectoria,58425.0,54073.0,False,False,,,,,,,0,0,0,Llenando ventana
3007,28,SA,trayectoria,58425.0,53842.0,False,False,,,,,,,0,0,0,Llenando ventana
3008,28,SA,trayectoria,58425.0,54445.0,False,False,,,,,,,0,0,0,Llenando ventana
3009,28,SA,trayectoria,58425.0,54880.0,False,False,,,,,,,0,0,0,Llenando ventana
3010,28,SA,trayectoria,58425.0,54321.0,False,False,,,,,,,0,0,0,Llenando ventana
3011,28,SA,trayectoria,58425.0,54855.0,False,False,,,,,,,0,0,0,Llenando ventana
3012,28,SA,trayectoria,58425.0,54298.0,False,False,,,,,,,0,0,0,Llenando ventana
3013,28,SA,trayectoria,58425.0,53791.0,False,False,,,,,,,0,0,0,Llenando ventana
3014,28,SA,trayectoria,58425.0,54555.0,False,False,,,,,,,0,0,0,Llenando ventana
3015,28,SA,trayectoria,58425.0,54682.0,False,False,,,,,,,0,0,0,Llenando ventana
3016,28,SA,trayectoria,58425.0,53653.0,False,False,,,,,,,0,0,0,Llenando ventana
3017,28,SA,trayectoria,58425.0,54600.0,False,False,,,,,,,0,0,0,Llenando ventana
3018,28,SA,trayectoria,58425.0,53995.0,False,False,,,,,,,0,0,0,Llenando ventana
3019,28,SA,trayectoria,58425.0,53743.0,False,False,,,,,,,0,0,0,Llenando ventana
3020,28,SA,trayectoria,58425.0,54815.0,False,False,,,,,,,0,0,0,Llenando ventana
3021,28,SA,trayectoria,58425.0,55077.0,False,False,,,,,,,0,0,0,Llenando ventana
3022,28,SA,trayectoria,58425.0,53918.0,False,False,,,,,,,0,0,0,Llenando ventana
3023,28,SA,trayectoria,58425.0,52930.0,False,False,,,,,,,0,0,0,Llenando ventana
3024,28,SA,trayectoria,58425.0,53122.0,False,False,,,,,,,0,0,0,Llenando ventana
3025,28,SA,trayectoria,58425.0,53592.0,False,False,,,,,,,0,0,0,Llenando ventana
3026,28,SA,trayectoria,58425.0,53931.0,False,False,,,,,,,0,0,0,Llenando ventana
3027,28,SA,trayectoria,58425.0,54286.0,False,False,,,,,,,0,0,0,Llenando ventana
3028,28,SA,trayectoria,58425.0,55036.0,False,False,,,,,,,0,0,0,Llenando ventana
3029,28,SA,trayectoria,58425.0,55286.0,False,False,,,,,,,0,0,0,Llenando ventana
3030,28,SA,trayectoria,58425.0,53600.0,False,False,,,,,,,0,0,0,Llenando ventana
3031,28,SA,trayectoria,58425.0,52541.0,False,False,,,,,,,0,0,0,Llenando ventana
3032,28,SA,trayectoria,58425.0,53995.0,False,False,,,277.5,,,,0,0,0,Llenando ventana
3033,28,SA,trayectoria,58425.0,53444.0,False,False,,,277.5,,,,0,0,0,Llenando ventana
3034,28,SA,trayectoria,58425.0,53616.0,False,False,,,277.5,,,,0,0,0,Llenando ventana
3035,28,SA,trayectoria,58425.0,54490.0,False,False,,,277.5,,,,0,0,0,Llenando ventana
3036,28,SA,trayectoria,58425.0,54000.0,False,False,,,277.5,,,,0,0,0,Llenando ventana
3037,28,SA,trayectoria,58425.0,53743.0,False,False,,,277.5,,,,0,0,0,Llenando ventana
3038,28,SA,trayectoria,58425.0,54003.0,False,False,,,277.5,,,,0,0,0,Llenando ventana
3039,28,SA,trayectoria,58425.0,54303.0,False,False,,,277.5,,,,0,0,0,Llenando ventana
3040,28,SA,trayectoria,58425.0,52836.0,False,False,,,277.5,,,,0,0,0,Llenando ventana
3041,28,SA,trayectoria,58425.0,54234.0,False,False,,,277.5,,,,0,0,0,Llenando ventana
3042,28,SA,trayectoria,58425.0,54313.0,False,False,,,277.5,,,,0,0,0,Llenando ventana
3043,28,SA,trayectoria,58425.0,54554.0,False,False,,,277.5,,,,0,0,0,Llenando ventana
3044,28,SA,trayectoria,58425.0,54827.0,False,False,,,277.5,,,,0,0,0,Llenando ventana
3045,28,SA,trayectoria,58425.0,54755.0,False,False,,,277.5,,,,0,0,0,Llenando ventana
3046,28,SA,trayectoria,58425.0,54043.0,False,False,,,277.5,,,,0,0,0,Llenando ventana
3047,28,SA,trayectoria,58425.0,53999.0,False,False,,,277.5,,,,0,0,0,Llenando ventana
3048,28,SA,trayectoria,58425.0,54129.0,False,False,,,277.5,,,,0,0,0,Llenando ventana
3049,28,SA,trayectoria,58425.0,54209.0,False,False,,,277.5,,,,0,0,0,Llenando ventana
3050,28,SA,trayectoria,58425.0,54708.0,False,False,,,277.5,,,,0,0,0,Llenando ventana
3051,28,SA,trayectoria,58425.0,55282.0,False,False,,,277.5,,,,0,0,0,Llenando ventana
3052,28,SA,trayectoria,58425.0,54546.0,False,False,,,277.5,,,,0,0,0,Llenando ventana
3053,28,SA,trayectoria,58425.0,55485.0,False,False,,,277.5,,,,0,0,0,Llenando ventana
3054,28,SA,trayectoria,58425.0,55289.0,False,False,,,277.5,,,,0,0,0,Llenando ventana
3055,28,SA,trayectoria,58425.0,55509.0,False,False,,,277.5,,,,0,0,0,Llenando ventana
3056,28,SA,trayectoria,58425.0,55901.0,False,False,,,277.5,,,,0,0,0,Llenando ventana
