iteracion,epoch,mh,tipo,fitness_best,fitness_instantaneo,dtw_ready,dtw_fire,D1_vs_ramp,D2_vs_const,dtw_delta,theta_c,theta_r,theta_delta,no_improve_len,trigger_streak,window_n,estado_dtw
1,1,WOA,poblacional,1280.7199707459154,1280.7199707459154,False,False,,,,,,,0,0,1,Llenando ventana
2,1,WOA,poblacional,1210.7121076233414,1210.7121076233414,False,False,,,,,,,0,0,2,Llenando ventana
3,1,WOA,poblacional,1057.5096464977164,1057.5096464977164,False,False,,,,,,,0,0,3,Llenando ventana
4,1,WOA,poblacional,1057.5096464977164,1057.5096464977164,False,False,,,,,,,1,0,4,Llenando ventana
5,1,WOA,poblacional,1057.5096464977164,1057.5096464977164,False,False,,,,,,,2,0,5,Llenando ventana
6,1,WOA,poblacional,1046.8558029012893,1046.8558029012893,False,False,,,,,,,0,0,6,Llenando ventana
7,1,WOA,poblacional,999.815520759111,999.815520759111,False,False,,,,,,,0,0,7,Llenando ventana
8,1,WOA,poblacional,974.2478674016003,974.2478674016003,False,False,,,,,,,0,0,8,Llenando ventana
9,1,WOA,poblacional,911.8482979245939,911.8482979245939,False,False,,,,,,,0,0,9,Llenando ventana
10,1,WOA,poblacional,775.0960667329202,775.0960667329202,False,False,,,,,,,0,0,10,Llenando ventana
11,1,WOA,poblacional,760.8404531559879,760.8404531559879,False,False,,,,,,,0,0,11,Llenando ventana
12,1,WOA,poblacional,741.4225400722121,741.4225400722121,False,False,,,,,,,0,0,12,Llenando ventana
13,1,WOA,poblacional,722.9242365921264,722.9242365921264,False,False,,,,,,,0,0,13,Llenando ventana
14,1,WOA,poblacional,709.628705596465,709.628705596465,False,False,,,,,,,0,0,14,Llenando ventana
15,1,WOA,poblacional,693.7348127437417,693.7348127437417,False,False,,,,,,,0,0,15,Llenando ventana
16,1,WOA,poblacional,683.0461290385801,683.0461290385801,False,False,,,,,,,0,0,16,Llenando ventana
17,1,WOA,poblacional,666.0841851738469,666.0841851738469,False,False,,,,,,,0,0,17,Llenando ventana
18,1,WOA,poblacional,642.1487174405142,642.1487174405142,False,False,,,,,,,0,0,18,Llenando ventana
19,1,WOA,poblacional,636.4861604555201,636.4861604555201,False,False,,,,,,,0,0,19,Llenando ventana
20,1,WOA,poblacional,635.6204870984827,635.6204870984827,False,False,,,,,,,0,0,20,Llenando ventana
21,1,WOA,poblacional,634.3611355443288,634.3611355443288,False,False,,,,,,,0,0,21,Llenando ventana
22,1,WOA,poblacional,617.4104341192556,617.4104341192556,False,False,,,,,,,0,0,22,Llenando ventana
23,1,WOA,poblacional,615.8583092241367,615.8583092241367,False,False,,,,,,,0,0,23,Llenando ventana
24,1,WOA,poblacional,608.5531854606293,608.5531854606293,False,False,,,,,,,0,0,24,Llenando ventana
25,1,WOA,poblacional,598.3427739372794,598.3427739372794,False,False,,,,,,,0,0,25,Llenando ventana
26,1,WOA,poblacional,590.6525085814204,590.6525085814204,False,False,,,,,,,0,0,26,Llenando ventana
27,1,WOA,poblacional,566.9231499842633,566.9231499842633,False,False,,,,,,,0,0,27,Llenando ventana
28,1,WOA,poblacional,566.4566344037299,566.4566344037299,False,False,,,,,,,0,0,28,Llenando ventana
29,1,WOA,poblacional,554.9245304528749,554.9245304528749,False,False,,,,,,,0,0,29,Llenando ventana
30,1,WOA,poblacional,552.9329324240374,552.9329324240374,True,False,721.7221463358625,727.787038321878,-6.064891986015482,3.0,15.0,9.0,0,0,30,Explotacion activa
31,1,WOA,poblacional,552.9329324240374,552.9329324240374,True,False,652.7362015227758,657.779175199304,-5.042973676528163,3.0,15.0,9.0,1,0,31,Explotacion activa
32,1,WOA,poblacional,551.4705693360008,551.4705693360008,True,False,502.1594442368089,506.03907716171557,-3.879632924906673,3.0,15.0,9.0,0,0,32,Explotacion activa
33,1,WOA,poblacional,550.681754495801,550.681754495801,True,False,502.60432623523275,506.8278920019154,-4.223565766682668,3.0,15.0,9.0,0,0,33,Explotacion activa
34,1,WOA,poblacional,546.7646205176927,546.7646205176927,True,False,506.14832074620335,510.7450259800237,-4.59670523382033,3.0,15.0,9.0,0,0,34,Explotacion activa
35,1,WOA,poblacional,543.1860243585554,543.1860243585554,True,False,499.1367505358496,503.66977854273387,-4.533028006884251,3.0,15.0,9.0,0,0,35,Explotacion activa
36,1,WOA,poblacional,538.357925076324,538.357925076324,True,False,457.3044773216418,461.457595682787,-4.153118361145175,3.0,15.0,9.0,0,0,36,Explotacion activa
37,1,WOA,poblacional,528.6343300377769,528.6343300377769,True,False,441.603015527549,445.6135373638234,-4.010521836274393,3.0,15.0,9.0,0,0,37,Explotacion activa
38,1,WOA,poblacional,518.8643562694494,518.8643562694494,True,False,389.4470861802481,392.98394165514446,-3.536855474896356,3.0,15.0,9.0,0,0,38,Explotacion activa
39,1,WOA,poblacional,501.28806907668246,501.28806907668246,True,False,271.3437256773314,273.8079976562378,-2.4642719789063676,456.7043781870979,503.6675245885239,-3.9712551628640766,0,0,39,Explotacion activa
40,1,WOA,poblacional,494.59384429342646,494.59384429342646,True,False,263.8503893827985,266.24660886256146,-2.3962194797629763,445.6135373638234,502.60432623523275,-3.879632924906673,0,0,40,Explotacion activa
41,1,WOA,poblacional,484.10081627297984,484.10081627297984,True,False,255.005828285039,257.32172379923225,-2.315895514193244,408.7728203677481,502.4708616357056,-3.6396887098994513,0,0,41,Explotacion activa
42,1,WOA,poblacional,479.3069662716881,479.3069662716881,True,False,241.4247148875545,243.61727032043825,-2.1925554328837507,345.31356405558176,502.33739703617846,-3.107822076500362,0,0,42,Explotacion activa
43,1,WOA,poblacional,474.51609867435565,474.51609867435565,True,False,232.9965934598104,235.11260692210936,-2.1160134622989517,273.0518587768701,502.20393243665126,-2.4574667289920287,0,0,43,Explotacion activa
44,1,WOA,poblacional,472.4768206883216,472.4768206883216,True,False,219.26667012692133,221.25799205542012,-1.9913219284987917,267.7588866212967,501.55490549661704,-2.4098299795916547,0,0,44,Explotacion activa
45,1,WOA,poblacional,469.4193031446857,469.4193031446857,True,False,211.70418446084943,213.62682589389442,-1.922641433044987,261.7841663308968,500.64809738632925,-2.35605749697811,0,0,45,Explotacion activa
46,1,WOA,poblacional,469.0367395495327,469.0367395495327,True,False,195.27401861369543,197.0474456243142,-1.773427010618775,254.58083310347345,499.74128927604147,-2.291227497931345,0,0,46,Explotacion activa
47,1,WOA,poblacional,468.9460874811923,468.9460874811923,True,False,171.64380628968797,173.20262995932194,-1.5588236696339663,244.98771566831763,494.9535232144288,-2.2048894410147,0,0,47,Explotacion activa
48,1,WOA,poblacional,468.8947404977275,468.8947404977275,True,False,166.09213082454812,167.5914199577926,-1.4992891332444742,238.5144722814409,482.40384125016647,-2.1466302505328714,0,0,48,Explotacion activa
49,1,WOA,poblacional,468.83360458851337,468.83360458851337,True,False,165.29429785545665,166.78688250996936,-1.4925846545127115,230.9562224621026,469.8541592859041,-2.078606002158904,0,0,49,Explotacion activa
50,1,WOA,poblacional,468.48033864065,468.48033864065,True,False,164.39576296255206,165.8807969036788,-1.4850339411267441,221.25799205542012,457.3044773216418,-1.9913219284987917,0,0,50,Explotacion activa
51,1,WOA,poblacional,468.48033864065,468.48033864065,True,False,147.68901134961703,148.93009547860555,-1.2410841289885184,215.91617574235212,452.59403878341396,-1.9432455816811285,1,0,51,Explotacion activa
52,1,WOA,poblacional,468.4654125225913,468.4654125225913,True,False,146.23303225738294,147.39289670154545,-1.1598644441625083,206.99507378606233,447.88360024518613,-1.8629556640745024,0,0,52,Explotacion activa
53,1,WOA,poblacional,468.4326465849107,468.4326465849107,True,False,139.04431099211,140.12053887571858,-1.076227883608567,194.66296405781497,443.17316170695824,-1.7519666765202946,0,0,53,Explotacion activa
54,1,WOA,poblacional,468.2325449554891,468.2325449554891,True,False,129.104073267439,130.11022898179027,-1.00615571435128,177.97159309232038,431.1718296580887,-1.6017443378309286,0,0,54,Explotacion activa
55,1,WOA,poblacional,468.2232353619829,468.2232353619829,True,False,121.53988452388978,122.4292732194375,-0.8893886955477228,170.39702495855727,415.52505085389856,-1.5290564014392203,0,0,55,Explotacion activa
56,1,WOA,poblacional,468.0280093430551,468.0280093430551,True,False,98.15480145198939,98.89514064120823,-0.7403391892188438,167.43051246822796,399.87827204970824,-1.4979482374981217,0,0,56,Explotacion activa
57,1,WOA,poblacional,467.79954202189305,467.79954202189305,True,False,97.9182608315943,98.65709238183689,-0.738831550242594,166.86733625475168,377.6367501299563,-1.4932551023858878,0,0,57,Explotacion activa
58,1,WOA,poblacional,467.69673321325297,467.69673321325297,True,False,86.56873123581477,87.22779723962196,-0.6590660038071974,166.24323114619503,342.20574197908115,-1.4880542264811312,0,0,58,Explotacion activa
59,1,WOA,poblacional,467.4575047546019,467.4575047546019,True,False,84.80441057185402,85.47542766943548,-0.6710170975814549,160.7955864761568,306.7747338282061,-1.411848997485277,0,0,59,Explotacion activa
60,1,WOA,poblacional,467.1725453496234,467.1725453496234,True,False,85.05441935038027,85.76038707441398,-0.7059677240337123,148.93009547860555,271.3437256773314,-1.2410841289885184,0,0,60,Explotacion activa
61,1,WOA,poblacional,466.95546862705703,466.95546862705703,True,False,83.81868018037892,84.5151007089438,-0.6964205285648859,147.85405633466348,269.09572478897155,-1.1842303496103115,0,0,61,Explotacion activa
62,1,WOA,poblacional,466.25897932838825,466.25897932838825,True,False,83.7270624679993,84.42277516741274,-0.6957126994134342,144.4839535712147,266.84772390061164,-1.126409819940932,0,0,62,Explotacion activa
63,1,WOA,poblacional,466.1040037886399,466.1040037886399,True,False,79.99374724433352,80.66061672905283,-0.6668694847193137,139.11950788632575,264.5997230122518,-1.0692206666828385,0,0,63,Explotacion activa
64,1,WOA,poblacional,465.89369372014556,465.89369372014556,True,False,76.65128468038557,77.29233063840985,-0.6410459580242787,132.11229096057593,262.0814771632466,-1.0201701482027377,0,0,64,Explotacion activa
65,1,WOA,poblacional,465.6710871483539,465.6710871483539,True,False,72.08110074739261,72.68683792797015,-0.6057371805775347,126.26975110061389,259.4281088339187,-0.9477722049495014,0,0,65,Explotacion activa
66,1,WOA,poblacional,465.58465869038685,465.58465869038685,True,False,62.51781911059675,63.04967134739002,-0.5318522367932701,117.72244670379162,256.7747405045909,-0.8595787942819472,0,0,66,Explotacion activa
67,1,WOA,poblacional,465.54927248934877,465.54927248934877,True,False,52.85786338132351,53.31508378010068,-0.45722039877716725,101.24855389903115,253.64771694529054,-0.7552441398517319,0,0,67,Explotacion activa
68,1,WOA,poblacional,465.48718933638196,465.48718933638196,True,False,35.48391988878552,35.8008797403005,-0.3169598515149801,98.75231168558543,249.57338292604518,-0.7394346058330938,0,0,68,Explotacion activa
69,1,WOA,poblacional,465.452882689082,465.452882689082,True,False,28.879501070629203,29.140961604344454,-0.26146053371525113,95.2283038391724,245.4990489067998,-0.7289724023799296,0,0,69,Explotacion activa
70,1,WOA,poblacional,465.42900824953284,465.42900824953284,True,False,18.50376175123597,18.671808023447,-0.1680462722110292,87.22779723962196,241.4247148875545,-0.7059677240337123,0,0,70,Explotacion activa
71,1,WOA,poblacional,465.4053824561787,465.4053824561787,True,False,13.77646956116979,13.901583815509412,-0.1251142543396213,86.20061012397638,238.89627845923127,-0.6992846872055338,0,0,71,Explotacion activa
72,1,WOA,poblacional,465.3233965396885,465.3233965396885,True,False,9.109967815455263,9.192702134667172,-0.08273431921190877,85.64640331242258,236.36784203090804,-0.6961373969043052,0,0,72,Explotacion activa
73,1,WOA,poblacional,465.2625287119438,465.2625287119438,True,False,7.149363348590498,7.214291976377808,-0.06492862778731023,85.37939497338631,233.8394056025848,-0.6932431392302363,0,0,73,Explotacion activa
74,1,WOA,poblacional,465.140291548646,465.140291548646,True,False,4.240500491675334,4.279011596039709,-0.03851110436437466,84.70716610104213,230.25060879323254,-0.6759562179478508,0,0,74,Explotacion activa
75,1,WOA,poblacional,464.84396774907367,464.84396774907367,True,False,4.155036854254888,4.192771800459013,-0.03773494620412521,84.46893793817827,226.1316317933658,-0.6689432911503843,0,0,75,Explotacion activa
76,1,WOA,poblacional,464.1009640035829,464.1009640035829,True,False,4.801517366310918,4.845123477609434,-0.04360611129851577,83.67034347974075,222.01265479349908,-0.6653087885368905,0,0,76,Explotacion activa
77,1,WOA,poblacional,463.9140243170882,463.9140243170882,True,False,4.935889735013518,4.98071618063932,-0.044826445625801625,81.03683257288883,218.51042156031411,-0.659846351898409,0,0,77,Explotacion activa
78,1,WOA,poblacional,463.73744489816374,463.73744489816374,True,False,5.050294253136428,5.096159690349623,-0.04586543721319458,78.63964507466704,216.24167586049253,-0.6482539763374463,0,0,78,Explotacion activa
79,1,WOA,poblacional,463.6735480819007,463.6735480819007,True,False,4.763529443720586,4.806790558749299,-0.04326111502871299,75.91068282527793,213.97293016067098,-0.6304533247902555,0,0,79,Explotacion activa
80,1,WOA,poblacional,463.5356168981933,463.5356168981933,True,False,4.896922765612942,4.944721742456693,-0.047798976843751007,72.68683792797015,211.70418446084943,-0.6057371805775347,0,0,80,Explotacion activa
81,1,WOA,poblacional,463.27846745326974,463.27846745326974,True,False,5.136804600318101,5.186945069321553,-0.050140469003451926,65.94082132156404,206.77513470670317,-0.5540177199285498,0,0,81,Explotacion activa
82,1,WOA,poblacional,462.4590632617117,462.4590632617117,True,False,5.9158386844080155,5.973583323198966,-0.057744638790950376,59.15583632047428,201.84608495255702,-0.501999501586829,0,0,82,Explotacion activa
83,1,WOA,poblacional,462.14638980230245,462.14638980230245,True,False,6.027322320039218,6.086155153186667,-0.05883283314744858,51.56366337612064,196.91703519841073,-0.4431943440509493,0,0,83,Explotacion activa
84,1,WOA,poblacional,462.0846526427726,462.0846526427726,True,False,6.079243086257975,6.138582719210319,-0.059339632952344346,39.30372054826052,190.54797614889387,-0.34501196096741793,0,0,84,Explotacion activa
85,1,WOA,poblacional,461.07515519754634,461.07515519754634,True,False,6.885643222102146,6.952854145508752,-0.06721092340660562,32.47092067232248,183.4589124516917,-0.2892101926151156,0,0,85,Explotacion activa
86,1,WOA,poblacional,460.84717584348545,460.84717584348545,True,False,6.885159972016311,6.952366178407601,-0.06720620639129038,27.047130888164972,176.36984875448937,-0.24277768141440714,0,0,86,Explotacion activa
87,1,WOA,poblacional,460.78628415285687,460.78628415285687,True,False,6.843648052812284,6.910449060396104,-0.06680100758381968,19.718723381536723,171.088638743174,-0.17738769836145152,0,0,87,Explotacion activa
88,1,WOA,poblacional,460.7574541949102,460.7574541949102,True,False,6.635283404281324,6.700050559691704,-0.06476715541037947,15.80967349868444,169.423136103632,-0.1422870614881847,0,0,88,Explotacion activa
89,1,WOA,poblacional,460.75414062617085,460.75414062617085,True,False,6.356360144459188,6.418404723452568,-0.06204457899337967,12.488919311256737,167.75763346409005,-0.11240027380130767,0,0,89,Explotacion activa
90,1,WOA,poblacional,460.7302469974026,460.7302469974026,True,False,6.165044487234411,6.225221629654413,-0.06017714242000238,9.192702134667172,166.09213082454812,-0.08273431921190877,0,0,90,Explotacion activa
91,1,WOA,poblacional,460.6566556295034,460.6566556295034,True,False,5.548167903128956,5.602323698884845,-0.05415579575588936,7.8078150238646185,165.85278093382067,-0.07186794214819663,0,0,91,Explotacion activa
92,1,WOA,poblacional,460.64458100990674,460.64458100990674,True,False,5.406648358538746,5.459422778733142,-0.05277442019439604,7.109716844030185,165.61343104309324,-0.06720903660047953,0,0,92,Explotacion activa
93,1,WOA,poblacional,460.59487876991955,460.59487876991955,True,False,5.2475930723738315,5.298814950226017,-0.05122187785218557,6.952805348798637,165.3740811523658,-0.06716568651054332,0,0,93,Explotacion activa
94,1,WOA,poblacional,460.54507873757433,460.54507873757433,True,False,5.076456996141985,5.126008410779548,-0.04955141463756263,6.952463771827832,165.11459087687572,-0.06688204734531382,0,0,94,Explotacion activa
95,1,WOA,poblacional,460.5095373176046,460.5095373176046,True,False,5.026061866178679,5.075121372782235,-0.04905950660355529,6.931407619401853,164.84503040900435,-0.06586481768556496,0,0,95,Explotacion activa
96,1,WOA,poblacional,460.4343823480966,460.4343823480966,True,False,5.065446203220063,5.114890141252147,-0.049443938032084134,6.868369360255224,164.57546994113298,-0.06489633331192408,0,0,96,Explotacion activa
97,1,WOA,poblacional,460.35821627838845,460.35821627838845,True,False,5.07939298509956,5.128973057993505,-0.049580072893945726,6.721090409762144,162.72508780125852,-0.06478330264807255,0,0,97,Explotacion activa
98,1,WOA,poblacional,460.24950063409676,460.24950063409676,True,False,5.153082695120361,5.203382054985241,-0.05029935986487999,6.531063057948222,157.71306231737796,-0.0631336095601796,0,0,98,Explotacion activa
99,1,WOA,poblacional,460.142242825369,460.142242825369,True,False,5.2356600250635665,5.286765424163832,-0.05110539910026546,6.360449795313121,152.70103683349748,-0.06148434802136649,0,0,99,Explotacion activa
100,1,WOA,poblacional,459.9026412695751,459.9026412695751,True,False,5.449548021799785,5.5027411866036005,-0.05319316480381531,6.225221629654413,147.68901134961703,-0.06017714242000238,0,0,100,Explotacion activa
101,1,WOA,poblacional,459.80692421963107,459.80692421963107,True,False,5.46314642096354,5.516472320057403,-0.05332589909386343,6.164574392343548,147.2522176219468,-0.05959088579264176,0,0,101,Explotacion activa
102,1,WOA,poblacional,459.69177709100154,459.69177709100154,True,False,5.516901021939816,5.5707516209422465,-0.0538505990024305,6.117611692800858,146.8154238942766,-0.05913691303038604,0,0,102,Explotacion activa
103,1,WOA,poblacional,459.6584775581177,459.6584775581177,True,False,5.428823121953258,5.481813990528337,-0.05299086857507973,6.074897970187896,146.37863016660634,-0.058724013711798764,0,0,103,Explotacion activa
104,1,WOA,poblacional,459.4123095037256,459.4123095037256,True,False,5.379152215642989,5.431658245348046,-0.052506029705057244,5.996097689196506,144.79528800432834,-0.05796227766225002,0,0,104,Explotacion activa
105,1,WOA,poblacional,459.2770229343439,459.2770229343439,True,False,4.777309638902977,4.82394106923897,-0.04663143033599226,5.787953511041906,142.63867162474648,-0.05595021727341987,0,0,105,Explotacion activa
106,1,WOA,poblacional,458.999050484094,458.999050484094,True,False,4.867462419275228,4.914973832994178,-0.047511413718950735,5.5960092832963255,140.48205524516456,-0.054094756405197585,0,0,106,Explotacion activa
107,1,WOA,poblacional,458.78017152117,458.78017152117,True,False,4.909353067682787,4.957273376993726,-0.04792030931093905,5.573908828736506,138.0502872196429,-0.05388111867777638,0,0,107,Explotacion activa
108,1,WOA,poblacional,458.71716175858575,458.71716175858575,True,False,4.908474588856279,4.956386323314973,-0.0479117344586939,5.53818404041134,135.06821590224155,-0.05353577905729026,0,0,108,Explotacion activa
109,1,WOA,poblacional,458.6733967860789,458.6733967860789,True,False,4.815218651030648,4.862220112114414,-0.04700146108376657,5.512352980021262,132.08614458484027,-0.05328607880684899,0,0,109,Explotacion activa
110,1,WOA,poblacional,458.5077595325191,458.5077595325191,True,False,4.72459107751672,4.770707920750624,-0.04611684323390364,5.5027411866036005,129.104073267439,-0.05319316480381531,0,0,110,Explotacion activa
111,1,WOA,poblacional,458.4687645448788,458.4687645448788,True,False,3.9517258292368638,3.9902987168329105,-0.03857288759604671,5.4880921493509165,126.8348166443742,-0.0530515574437004,0,0,111,Explotacion activa
112,1,WOA,poblacional,458.4304646434253,458.4304646434253,True,False,3.680004549008004,3.7159251588771554,-0.035920609869151576,5.472857505810259,124.56556002130945,-0.05290428922280625,0,0,112,Explotacion activa
113,1,WOA,poblacional,458.1124911564914,458.1124911564914,True,False,3.933763925247149,3.972161486281209,-0.03839756103405989,5.456646325394632,122.29630339824466,-0.052747581145462165,0,0,113,Explotacion activa
114,1,WOA,poblacional,458.0043338251373,458.0043338251373,True,False,3.0411367658090853,3.070821372409057,-0.02968460659997163,5.437211152025066,116.86286790950963,-0.05255970780292501,0,0,114,Explotacion activa
115,1,WOA,poblacional,457.9723796635637,457.9723796635637,True,False,2.847006483515827,2.874796179921759,-0.027789696405932318,5.365236597787032,109.84734298793941,-0.051863953778621415,0,0,115,Explotacion activa
116,1,WOA,poblacional,457.84665318692817,457.84665318692817,True,False,2.9112145332580326,2.9396309659287,-0.02841643267066729,5.2964050450135804,102.83181806636937,-0.051198582101801546,0,0,116,Explotacion activa
117,1,WOA,poblacional,457.8422157949663,457.8422157949663,True,False,2.887057762077802,2.9152383999439166,-0.028180637866114466,5.28797037677005,98.13114738994987,-0.05111704697545747,0,0,117,Explotacion activa
118,1,WOA,poblacional,457.7317044845666,457.7317044845666,True,False,2.9932192589020588,3.0224361416042598,-0.02921688270220102,5.236735402656677,98.06018520383135,-0.05062177555903418,0,0,118,Explotacion activa
119,1,WOA,poblacional,457.66261497342845,457.66261497342845,True,False,3.037978247742444,3.06763202397417,-0.029653776231725715,5.198450959286134,97.98922301771282,-0.05025169260645157,0,0,119,Explotacion activa
120,1,WOA,poblacional,457.6487966034099,457.6487966034099,True,False,2.978783055507961,3.007859026093513,-0.029075970585552113,5.186945069321553,97.91826083159421,-0.050140469003451926,0,0,120,Explotacion activa
121,1,WOA,poblacional,457.59102324763785,457.59102324763785,True,False,3.0240400372336467,3.0535577622688947,-0.029517725035248077,5.146364661391919,94.51340195286039,-0.04974819172679759,0,0,121,Explotacion activa
122,1,WOA,poblacional,457.56886937103747,457.56886937103747,True,False,2.996757974692912,3.0260093988820813,-0.029251424189169484,5.127787199107923,91.10854307412649,-0.04956860959139249,0,0,122,Explotacion activa
123,1,WOA,poblacional,457.3588260663182,457.3588260663182,True,False,3.155452228767331,3.1862526712561134,-0.030800442488782664,5.124896583826808,87.70368419539265,-0.04954066697701478,0,0,123,Explotacion activa
124,1,WOA,poblacional,457.09060852270477,457.09060852270477,True,False,3.3858791498824985,3.4189287948998413,-0.033049645017342755,5.117113795157627,86.26586885872786,-0.049465433353179836,0,0,124,Explotacion activa
125,1,WOA,poblacional,456.7543650207459,456.7543650207459,True,False,3.644443826519648,3.680017327350697,-0.03557350083104893,5.105524915800885,85.81157529309752,-0.04925172231781971,0,0,125,Explotacion activa
126,1,WOA,poblacional,456.69666612566215,456.69666612566215,True,False,3.626155167916636,3.6615501527263064,-0.035394984809670405,5.091952026836145,85.35728172746715,-0.04883166714503206,0,0,126,Explotacion activa
127,1,WOA,poblacional,456.53334039148376,456.53334039148376,True,False,3.6802373602677676,3.7161602426130003,-0.035922882345232665,5.077225204538974,85.02941847252764,-0.04803422904020068,0,0,127,Explotacion activa
128,1,WOA,poblacional,456.43152553210524,456.43152553210524,True,False,3.674847026095563,3.7107172932637695,-0.03587026716820674,5.0184782574964855,84.95441583896977,-0.04791516439959196,0,0,128,Explotacion activa
129,1,WOA,poblacional,456.1768879369648,456.1768879369648,True,False,3.689737717061689,3.7257533326102816,-0.03601561554859245,4.973683339545642,84.8794132054119,-0.04787790717421103,0,0,129,Explotacion activa
130,1,WOA,poblacional,456.0456775593091,456.0456775593091,True,False,3.7248879426055055,3.7612466603219445,-0.03635871771643906,4.957273376993726,84.80441057185402,-0.047798976843751007,0,0,130,Explotacion activa
131,1,WOA,poblacional,455.872860394692,455.872860394692,True,False,3.7820005015785227,3.818916696309543,-0.03691619473102037,4.956652439418599,84.50869145441148,-0.04759768265639082,0,0,131,Explotacion activa
132,1,WOA,poblacional,455.8528418273055,455.8528418273055,True,False,3.7688479187476673,3.8056357308121846,-0.03678781206451731,4.9517204909716614,84.21297233696895,-0.047307432664877073,0,0,132,Explotacion activa
133,1,WOA,poblacional,455.70762224556796,455.70762224556796,True,False,3.6688752813287806,3.704687258157662,-0.0358119768288816,4.941746951510441,83.91725321952643,-0.04696445800898914,0,0,133,Explotacion activa
134,1,WOA,poblacional,455.6312786894595,455.6312786894595,True,False,3.610502050517141,3.6457442448843835,-0.03524219436724252,4.920923414886682,83.800356637903,-0.046705436485547126,0,0,134,Explotacion activa
135,1,WOA,poblacional,455.57829889055347,455.57829889055347,True,False,3.387684328136345,3.420751593540558,-0.03306726540421323,4.888596972554296,83.77287132418911,-0.04637413678494795,0,0,135,Explotacion activa
136,1,WOA,poblacional,455.54395670378483,455.54395670378483,True,False,3.204931407483798,3.2362148173851892,-0.031283409901391224,4.858800785213418,83.74538601047523,-0.04606656202976183,0,0,136,Explotacion activa
137,1,WOA,poblacional,455.4909753188881,455.4909753188881,True,False,3.194999970780543,3.226186439697642,-0.031186468917098864,4.846833141059932,83.35373094563269,-0.04589057781526549,0,0,137,Explotacion activa
138,1,WOA,poblacional,455.43524777400324,455.43524777400324,True,False,3.2068469049589226,3.2381490120756666,-0.03130210711674408,4.832414032587155,82.23373637853297,-0.045242042260758814,0,0,138,Explotacion activa
139,1,WOA,poblacional,455.4305131689665,455.4305131689665,True,False,3.0474996487049566,3.0772463635526037,-0.029746714847647127,4.818795916092069,81.11374181143324,-0.04446034532761587,0,0,139,Explotacion activa
140,1,WOA,poblacional,455.2417457546212,455.2417457546212,True,False,3.1958242752851334,3.2270187902576026,-0.03119451497246928,4.806790558749299,79.99374724433352,-0.04360611129851577,0,0,140,Explotacion activa
141,1,WOA,poblacional,455.0596130854687,455.0596130854687,True,False,3.3382666595630326,3.3708515579565983,-0.03258489839356571,4.781532712150226,78.9910084751491,-0.04336461390965383,0,0,141,Explotacion activa
142,1,WOA,poblacional,454.9817112268299,454.9817112268299,True,False,3.100515723674789,3.1307799296615144,-0.0302642059867253,4.574029390866259,77.98826970596473,-0.041385824055646524,0,0,142,Explotacion activa
143,1,WOA,poblacional,454.8984555362281,454.8984555362281,True,False,3.075854798783098,3.105878288909196,-0.03002349012609784,4.2703876164816394,76.98553093678035,-0.03856670927287951,0,0,143,Explotacion activa
144,1,WOA,poblacional,454.843497988978,454.843497988978,True,False,3.0986358183980087,3.1288816745856707,-0.030245856187661957,4.210019759575152,75.73724789378697,-0.03852346101070907,0,0,144,Explotacion activa
145,1,WOA,poblacional,454.7589850214372,454.7589850214372,True,False,3.057820706557891,3.0876681654909817,-0.02984745893309082,4.091535258645962,74.36619271388909,-0.038454332699217275,0,0,145,Explotacion activa
146,1,WOA,poblacional,454.61186786749096,454.61186786749096,True,False,3.1991212308431045,3.23034792747535,-0.03122669663224542,3.98667127072257,72.99513753399116,-0.03826503806807296,0,0,146,Explotacion activa
147,1,WOA,poblacional,454.56294799320773,454.56294799320773,True,False,3.138125178609073,3.168756491358863,-0.03063131274979014,3.973975209336379,71.12477258371294,-0.037801207687118685,0,0,147,Explotacion activa
148,1,WOA,poblacional,454.5557055494541,454.5557055494541,True,False,3.076875966209286,3.1069094239743436,-0.030033457765057392,3.880214612298209,68.25578809267421,-0.03724369532026231,0,0,148,Explotacion activa
149,1,WOA,poblacional,454.5503302194488,454.5503302194488,True,False,3.0685145422494315,3.0984663839610675,-0.029951841711636007,3.8149324066603354,65.38680360163548,-0.036877679931069454,0,0,149,Explotacion activa
150,1,WOA,poblacional,454.49243585663874,454.49243585663874,True,False,3.0686343795528046,3.098587390999114,-0.029953011446309574,3.8056357308121846,62.51781911059675,-0.03678781206451731,0,0,150,Explotacion activa
151,1,WOA,poblacional,454.49243585663874,454.49243585663874,True,False,3.048745612769153,3.0764335143987296,-0.027687901629576572,3.7745633814690165,59.61983239181467,-0.03648744602086254,1,0,151,Explotacion activa
152,1,WOA,poblacional,454.4320763208228,454.4320763208228,True,False,2.9004089977859167,2.9267497454954423,-0.026340747709525658,3.7470493292372793,56.721845673032725,-0.03622147684930042,0,0,152,Explotacion activa
153,1,WOA,poblacional,454.3537895389759,454.3537895389759,True,False,2.7121876128753115,2.736818983728881,-0.02463137085356948,3.7247940236105537,53.82385895425078,-0.03600634222825647,0,0,153,Explotacion activa
154,1,WOA,poblacional,454.330567146041,454.330567146041,True,False,2.4019836938325057,2.423797874704917,-0.02181418087241127,3.7180788606124566,49.38307468281587,-0.03594142898590462,0,0,154,Explotacion activa
155,1,WOA,poblacional,454.1340626223206,454.1340626223206,True,False,2.539540071811473,2.5626035033415633,-0.023063431530090384,3.716042700745078,44.17089163505452,-0.03592174610719212,0,0,155,Explotacion activa
156,1,WOA,poblacional,453.9774275121447,453.9774275121447,True,False,2.5329096634250163,2.5559128793390755,-0.023003215914059183,3.714883585754478,38.958708587292925,-0.03591054132896261,0,0,156,Explotacion activa
157,1,WOA,poblacional,453.88149046570845,453.88149046570845,True,False,2.5270847507991903,2.550035066396788,-0.022950315597597637,3.711238079825108,34.823478006969836,-0.03587530143830122,0,0,157,Explotacion activa
158,1,WOA,poblacional,453.87067347561964,453.87067347561964,True,False,2.2854585311931146,2.306214461345178,-0.02075593015206323,3.707099272200105,32.842152361522956,-0.03583529296461165,0,0,158,Explotacion activa
159,1,WOA,poblacional,453.8216108578816,453.8216108578816,True,False,2.2040501011146603,2.224066701427546,-0.020016600312885657,3.6972862789155725,30.86082671607608,-0.035740434029531795,0,0,159,Explotacion activa
160,1,WOA,poblacional,453.7562083635502,453.7562083635502,True,False,2.0976021628616195,2.1166520311418253,-0.01904986828020583,3.680017327350697,28.879501070629203,-0.03557350083104893,0,0,160,Explotacion activa
161,1,WOA,poblacional,453.6293030720601,453.6293030720601,True,False,2.203526906448303,2.223538755245386,-0.02001184879708262,3.6670903051136237,25.766779274811114,-0.03544853961608396,0,0,161,Explotacion activa
162,1,WOA,poblacional,453.5311911714683,453.5311911714683,True,False,2.1568431944326676,2.1764310740996393,-0.01958787966697173,3.6552277895895373,22.654057478993174,-0.03533386863269925,0,0,162,Explotacion activa
163,1,WOA,poblacional,453.4989405036886,453.4989405036886,True,False,2.1131471420990238,2.132338185770948,-0.019191043671924035,3.623244979750001,19.541335683175234,-0.035024701470939605,0,0,163,Explotacion activa
164,1,WOA,poblacional,453.4190988345643,453.4190988345643,True,False,2.13976725548531,2.1592000559891744,-0.0194328005038642,3.4657501238093222,17.55830331322272,-0.03350225119681909,0,0,164,Explotacion activa
165,1,WOA,poblacional,453.35645419414584,453.35645419414584,True,False,2.1678149870522248,2.187502509638989,-0.019687522586764317,3.4198401942201997,16.14011565620288,-0.03305845521077799,0,0,165,Explotacion activa
166,1,WOA,poblacional,453.21714268454394,453.21714268454394,True,False,2.253368140635075,2.27383263434416,-0.020464493709084763,3.4093133475111923,14.721927999182972,-0.03295669569258735,0,0,166,Explotacion activa
167,1,WOA,poblacional,453.14446687294156,453.14446687294156,True,False,2.2701638729520823,2.29078090106168,-0.020617028109597868,3.3756592816509228,13.309819386598297,-0.032631373055943415,0,0,167,Explotacion activa
168,1,WOA,poblacional,453.09971061114913,453.09971061114913,True,False,2.3098253347970967,2.3308025578173783,-0.0209772230202816,3.2912300304280393,11.909868862883954,-0.03181522362747274,0,0,168,Explotacion activa
169,1,WOA,poblacional,453.06231265785584,453.06231265785584,True,False,2.1598181988944134,2.179433096765365,-0.01961489787095161,3.2375687536685236,10.509918339169609,-0.03129649795213822,0,0,169,Explotacion activa
170,1,WOA,poblacional,453.01384615655184,453.01384615655184,True,False,2.02735502655662,2.045766928916862,-0.01841190236024204,3.2362148173851892,9.109967815455263,-0.031283409901391224,0,0,170,Explotacion activa
171,1,WOA,poblacional,452.9761680334485,452.9761680334485,True,False,1.987493304640907,2.0055431933813566,-0.01804988874044966,3.2321079944483015,8.521786475395812,-0.031243710612989164,0,0,171,Explotacion activa
172,1,WOA,poblacional,452.6630087591959,452.6630087591959,True,False,2.2153277560389597,2.235446777032166,-0.020119020993206504,3.229016272588251,7.9336051353363874,-0.031213823968334962,0,0,172,Explotacion activa
173,1,WOA,poblacional,452.59163590843264,452.59163590843264,True,False,2.231595321820464,2.2518620805453793,-0.020266758724915235,3.2269355552016066,7.345423795276964,-0.031193710366932238,0,0,173,Explotacion activa
174,1,WOA,poblacional,452.4055013553376,452.4055013553376,True,False,2.3323023131047194,2.353483666099578,-0.02118135299485857,3.226352909809634,7.096619323292827,-0.031188078128172946,0,0,174,Explotacion activa
175,1,WOA,poblacional,452.1414448267344,452.1414448267344,True,False,2.448189233389769,2.4704230407565433,-0.022233807366774272,3.2062195554768778,7.017503285346322,-0.030993455702940764,0,0,175,Explotacion activa
176,1,WOA,poblacional,451.8084943767895,451.8084943767895,True,False,2.7296635338703936,2.754453616418232,-0.02479008254783821,3.182753435276663,6.938387247399814,-0.03076661654098416,0,0,176,Explotacion activa
177,1,WOA,poblacional,451.57671255741155,451.57671255741155,True,False,2.9521820551141786,2.9789929920425493,-0.026810936928370666,3.170506109348588,6.885594897093563,-0.030648225723689394,0,0,177,Explotacion activa
178,1,WOA,poblacional,451.45066911400096,451.45066911400096,True,False,3.0717641554987836,3.099661105447865,-0.027896949949081318,3.1459705543404537,6.885449922067812,-0.03041104869195124,0,0,178,Explotacion activa
179,1,WOA,poblacional,451.37782113001833,451.37782113001833,True,False,3.086583194080788,3.1146147266204025,-0.028031532539614545,3.130210453138761,6.885304947042061,-0.030258701047006297,0,0,179,Explotacion activa
180,1,WOA,poblacional,450.94747023009995,450.94747023009995,True,False,3.510697625482237,3.544965626538783,-0.03426800105654593,3.1307799296615144,6.885159972016311,-0.0302642059867253,0,0,180,Explotacion activa
181,1,WOA,poblacional,450.89127085939987,450.89127085939987,True,False,3.50657767529583,3.540805461422906,-0.03422778612707589,3.142172898170719,6.8727063962551025,-0.030374338015644757,0,0,181,Explotacion activa
182,1,WOA,poblacional,450.88049374745873,450.88049374745873,True,False,3.439720598865847,3.4732957915171596,-0.03357519265131259,3.153565866679924,6.860252820493894,-0.030484470044564206,0,0,182,Explotacion activa
183,1,WOA,poblacional,450.8039589041175,450.8039589041175,True,False,3.4925176955849224,3.5266082419234976,-0.03409054633857522,3.164958835189128,6.847799244732687,-0.03059460207348366,0,0,183,Explotacion activa
184,1,WOA,poblacional,450.7526604000494,450.7526604000494,True,False,3.3487153341225167,3.381402222271163,-0.032686888148646176,3.172255727338313,6.801975123106092,-0.030665138697588645,0,0,184,Explotacion activa
185,1,WOA,poblacional,450.74426024569095,450.74426024569095,True,False,3.2019133162113462,3.2331672664537336,-0.03125395024238742,3.1775045813074883,6.739465728546804,-0.030715877619286402,0,0,185,Explotacion activa
186,1,WOA,poblacional,450.74426024569095,450.74426024569095,True,False,3.1089951480373657,3.1372302200175,-0.028235071980134308,3.16245123709059,6.676956333987514,-0.030557891397177177,1,0,186,Explotacion activa
187,1,WOA,poblacional,450.73164251386993,450.73164251386993,True,False,3.110779683093938,3.139030961749711,-0.02825127865577315,3.142003514710626,6.607391078299108,-0.03030091666303179,0,0,187,Explotacion activa
188,1,WOA,poblacional,450.7062508701373,450.7062508701373,True,False,3.0873217478546167,3.1153599877442844,-0.028038239889667693,3.1379505167103843,6.523714100352469,-0.030253196107287293,0,0,188,Explotacion activa
189,1,WOA,poblacional,450.6772643007549,450.6772643007549,True,False,3.051233566230053,3.0789440627952445,-0.027710496565191534,3.1352951329107044,6.440037122405828,-0.030182136660880588,0,0,189,Explotacion activa
190,1,WOA,poblacional,450.6557976329146,450.6557976329146,True,False,2.946743890193261,2.9735054391455265,-0.026761548952265457,3.1307799296615144,6.356360144459188,-0.030033457765057392,0,0,190,Explotacion activa
191,1,WOA,poblacional,450.6447322829709,450.6447322829709,True,False,2.8604807585008984,2.8864588884974296,-0.025978129996531152,3.129451151108424,6.298965447291753,-0.030026480417785707,0,0,191,Explotacion activa
192,1,WOA,poblacional,450.63435089383995,450.63435089383995,True,False,2.838808303359997,2.864589609848622,-0.025781306488624978,3.123472999849116,6.24157075012432,-0.029995298654182535,0,0,192,Explotacion activa
193,1,WOA,poblacional,450.5838717823113,450.5838717823113,True,False,2.8097100087827016,2.8352270522530034,-0.025517043470301815,3.1152854616318963,6.184176052956888,-0.029952894472842218,0,0,193,Explotacion activa
194,1,WOA,poblacional,450.57202222593895,450.57202222593895,True,False,2.7593720804930513,2.7844319682068885,-0.02505988771383727,3.114763778845179,6.147884207039124,-0.02995207565857072,0,0,194,Explotacion activa
195,1,WOA,poblacional,450.5214828564081,450.5214828564081,True,False,2.671398889682621,2.695659828135831,-0.0242609384532102,3.110762075297373,6.122143786746192,-0.029899650322363414,0,0,195,Explotacion activa
196,1,WOA,poblacional,450.4802324164748,450.4802324164748,True,False,2.6402563463585125,2.6642344564667724,-0.023978110108259898,3.106703196961314,6.096403366453261,-0.029827310116002082,0,0,196,Explotacion activa
197,1,WOA,poblacional,450.4520708849602,450.4520708849602,True,False,2.6238109686531743,2.6476397261889133,-0.023828757535738987,3.1059814024157104,6.074051009636099,-0.029756789256191497,0,0,197,Explotacion activa
198,1,WOA,poblacional,450.42785309414523,450.42785309414523,True,False,2.610749427637188,2.6344595637106067,-0.023710136073418653,3.1021479788323973,6.058474779770472,-0.02970944989904183,0,0,198,Explotacion activa
199,1,WOA,poblacional,450.4081703874099,450.4081703874099,True,False,2.582224687219707,2.6056757691419534,-0.02345108192224643,3.09933899111324,6.042898549904845,-0.029675357489497855,0,0,199,Explotacion activa
200,1,WOA,poblacional,450.385344426413,450.385344426413,True,False,2.5675061945722177,2.5908236070355315,-0.023317412463313758,3.098587390999114,6.027322320039216,-0.029653776231725715,0,0,200,Explotacion activa
201,1,WOA,poblacional,450.33108120559586,450.33108120559586,True,False,2.310940205617726,2.331927553600053,-0.020987347982327265,3.0985026860724814,5.993877229349856,-0.029558540394191368,0,0,201,Explotacion activa
202,1,WOA,poblacional,450.3189455408518,450.3189455408518,True,False,2.252236154272623,2.2726903675808217,-0.020454213308198632,3.094147096573033,5.9604321386604955,-0.029411204696816642,0,0,202,Explotacion activa
203,1,WOA,poblacional,450.304803084024,450.304803084024,True,False,2.081791986871849,2.100698271313604,-0.018906284441754906,3.086795755221408,5.926987047971135,-0.029247970040472637,0,0,203,Explotacion activa
204,1,WOA,poblacional,450.29272793485876,450.29272793485876,True,False,1.8320784398487717,1.8487168918756538,-0.016638452026882078,3.0806888833343917,5.842304528152202,-0.029223790999594712,0,0,204,Explotacion activa
205,1,WOA,poblacional,450.28303973520923,450.28303973520923,True,False,1.5117255498060445,1.525454641580268,-0.013729091774223434,3.078095213173924,5.73200329376848,-0.02914642664387657,0,0,205,Explotacion activa
206,1,WOA,poblacional,450.27180766470985,450.27180766470985,True,False,1.2931607486673329,1.3049048927016997,-0.011744144034366855,3.0770837937218287,5.621702059384764,-0.028944063002575158,0,0,206,Explotacion activa
207,1,WOA,poblacional,450.26800632888785,450.26800632888785,True,False,1.1720188200470147,1.1826627851131093,-0.010643965066094552,3.076514799314117,5.545041215010041,-0.028482386462155777,0,0,207,Explotacion activa
208,1,WOA,poblacional,450.2540779451955,450.2540779451955,True,False,1.11362949615949,1.1237431848228425,-0.010113688663352605,3.073066229204926,5.5356611506533,-0.028317340261730807,0,0,208,Explotacion activa
209,1,WOA,poblacional,450.25188095510214,450.25188095510214,True,False,0.686589274997857,0.6955892749978148,-0.008999999999957708,3.0698645678785907,5.526281086296558,-0.028246416653081495,0,0,209,Explotacion activa
210,1,WOA,poblacional,450.2516636328018,450.2516636328018,True,False,0.6308392486640173,0.6396072265980592,-0.008767977934041937,3.06763202397417,5.516901021939815,-0.028235071980134308,0,0,210,Explotacion activa
211,1,WOA,poblacional,450.2376602095739,450.2376602095739,True,False,0.6340655599508978,0.642833537884826,-0.00876797793392825,3.0577800407804774,5.500774641646933,-0.028196968100320418,0,0,211,Explotacion activa
212,1,WOA,poblacional,450.23150042244663,450.23150042244663,True,False,0.5636905037368365,0.5724584816708784,-0.008767977934041937,3.0425384169141694,5.4846482613540495,-0.02812367867553576,0,0,212,Explotacion activa
213,1,WOA,poblacional,450.22793168718016,450.22793168718016,True,False,0.5159607349353337,0.5247287128692619,-0.00876797793392825,3.025652073154299,5.468521881061167,-0.02803756915466238,0,0,213,Explotacion activa
214,1,WOA,poblacional,450.21237128440094,450.21237128440094,True,False,0.5229036610556363,0.531888961290008,-0.008985300234371607,3.0231507930598243,5.460426741130789,-0.028032874009625175,0,0,214,Explotacion activa
215,1,WOA,poblacional,450.21236196331154,450.21236196331154,True,False,0.5231116622664445,0.5318982823794158,-0.008786620112971377,3.0151475838488864,5.456347221381662,-0.02796424124434793,0,0,215,Explotacion activa
216,1,WOA,poblacional,450.21134684032086,450.21134684032086,True,False,0.5115090534363276,0.5202956735490716,-0.008786620112744004,3.00208581928332,5.452267701632536,-0.027875499240451518,0,0,216,Explotacion activa
217,1,WOA,poblacional,450.2100095775246,450.2100095775246,True,False,0.48745467249995045,0.49624129261269445,-0.008786620112744004,2.9818795954476456,5.447475531815132,-0.027800421760247218,0,0,217,Explotacion activa
218,1,WOA,poblacional,450.20892281061543,450.20892281061543,True,False,0.45955487002675,0.468341490139494,-0.008786620112744004,2.9757004603043358,5.441258061861174,-0.027742176501487848,0,0,218,Explotacion activa
219,1,WOA,poblacional,450.2088242629983,450.2088242629983,True,False,0.43865632123583964,0.446973369916293,-0.008317048680453354,2.9633430971804784,5.435040591907216,-0.027703718084507046,0,0,219,Explotacion activa
220,1,WOA,poblacional,450.20702801211314,450.20702801211314,True,False,0.4293872221772972,0.43770427085775054,-0.008317048680453354,2.9396309659287,5.428823121953258,-0.027687901629576572,0,0,220,Explotacion activa
221,1,WOA,poblacional,450.19944886241933,450.19944886241933,True,False,0.42658498274016665,0.43490203142062,-0.008317048680453354,2.9306141116254194,5.422170692928904,-0.027074026338732446,0,0,221,Explotacion activa
222,1,WOA,poblacional,450.19552837388886,450.19552837388886,True,False,0.3800263597420894,0.3883434084224291,-0.008317048680339667,2.922145207274832,5.41551826390455,-0.026791181737928584,0,0,222,Explotacion activa
223,1,WOA,poblacional,450.1920810892699,450.1920810892699,True,False,0.37162408798872093,0.3799411366690606,-0.008317048680339667,2.912360448799268,5.408865834880197,-0.02671946882799148,0,0,223,Explotacion activa
224,1,WOA,poblacional,450.1902060323391,450.1902060323391,True,False,0.32295977538854004,0.3312768240689934,-0.008317048680453354,2.892214790786727,5.401149129959594,-0.026424907958073625,0,0,224,Explotacion activa
225,1,WOA,poblacional,450.1862384964758,450.1862384964758,True,False,0.2856768713186284,0.29399391999896807,-0.008317048680339667,2.8806275342095944,5.3929002870908676,-0.026159438853028405,0,0,225,Explotacion activa
226,1,WOA,poblacional,450.17755631400155,450.17755631400155,True,False,0.2661975222781052,0.27451457095867227,-0.00831704868056704,2.872754865907132,5.38465144422214,-0.025938765294949918,0,0,226,Explotacion activa
227,1,WOA,poblacional,450.1756028347804,450.1756028347804,True,False,0.2439332106844745,0.25225025936481416,-0.008317048680339667,2.8656102668559353,5.365996301316071,-0.0258009888394156,0,0,227,Explotacion activa
228,1,WOA,poblacional,450.16843685584286,450.16843685584286,True,False,0.23141648288668648,0.23973353156702615,-0.008317048680339667,2.8469720752912506,5.326528558335325,-0.02562274867763108,0,0,228,Explotacion activa
229,1,WOA,poblacional,450.16192949740855,450.16192949740855,True,False,0.2150978803240946,0.22341492900443427,-0.008317048680339667,2.8199885270391687,5.287060815354576,-0.025379896743362457,0,0,229,Explotacion activa
230,1,WOA,poblacional,450.1594276878372,450.1594276878372,True,False,0.1633364690782173,0.17165351775867066,-0.008317048680453354,2.7844319682068885,5.2475930723738315,-0.02505988771383727,0,0,230,Explotacion activa
231,1,WOA,poblacional,450.152446853855,450.152446853855,True,False,0.15818163831625043,0.16649868699681747,-0.00831704868056704,2.7634471219548287,5.244013158180752,-0.02487102409763793,0,0,231,Explotacion activa
232,1,WOA,poblacional,450.1359299516225,450.1359299516225,True,False,0.16055608372118968,0.16887313240152935,-0.008317048680339667,2.7473997633424916,5.240433243987672,-0.02472659787013072,0,0,232,Explotacion activa
233,1,WOA,poblacional,450.1302732368672,450.1302732368672,True,False,0.15413764931122387,0.16245469799156353,-0.008317048680339667,2.732703068169576,5.236853329794593,-0.024594327613533553,0,0,233,Explotacion activa
234,1,WOA,poblacional,450.1258905800697,450.1258905800697,True,False,0.14883210645916733,0.157149155139507,-0.008317048680339667,2.703891659254441,5.219144559074924,-0.024335024933282063,0,0,234,Explotacion activa
235,1,WOA,poblacional,450.11004241721974,450.11004241721974,True,False,0.15344819880965588,0.16176524749010923,-0.008317048680453354,2.6799471423013017,5.194371360091964,-0.02411952428073505,0,0,235,Explotacion activa
236,1,WOA,poblacional,450.10159837029664,450.10159837029664,True,False,0.15809090991064068,0.16640795859120772,-0.00831704868056704,2.6609155104112006,5.169598161109001,-0.023948239593755718,0,0,236,Explotacion activa
237,1,WOA,poblacional,449.9928282646852,449.9928282646852,True,False,0.2529326318299354,0.2612496805102751,-0.008317048680339667,2.649299199216699,5.151454885640135,-0.023843692792991082,0,0,237,Explotacion activa
238,1,WOA,poblacional,449.91107503370756,449.91107503370756,True,False,0.33248887271423655,0.3408059213945762,-0.008317048680339667,2.6397316287019295,5.146571457199457,-0.02375758465834679,0,0,238,Explotacion activa
239,1,WOA,poblacional,449.76848916229414,449.76848916229414,True,False,0.4746253997612939,0.48317447050766305,-0.008549070746369125,2.6258244253400105,5.141688028758779,-0.02363241982806699,0,0,239,Explotacion activa
240,1,WOA,poblacional,449.76848916229414,449.76848916229414,True,False,0.4612886431998504,0.4691710472797581,-0.007882404079907701,2.6056757691419534,5.136804600318101,-0.02345108192224643,1,0,240,Explotacion activa
241,1,WOA,poblacional,449.6831626688522,449.6831626688522,True,False,0.540455349514616,0.5483377535944101,-0.007882404079794014,2.595279255667458,5.1195811157525375,-0.02335751330099356,0,0,241,Explotacion activa
242,1,WOA,poblacional,449.4820752662025,449.4820752662025,True,False,0.7379740168979652,0.7458564209776455,-0.007882404079680327,2.579535565557944,5.102357631186975,-0.023215820090024413,0,0,242,Explotacion activa
243,1,WOA,poblacional,449.4591380683038,449.4591380683038,True,False,0.745270906579151,0.7532332160971578,-0.007962309518006805,2.5619344409413145,5.085134146621414,-0.023057409968487264,0,0,243,Explotacion activa
244,1,WOA,poblacional,449.45863571439963,449.45863571439963,True,False,0.7451958203443496,0.753726248911903,-0.008530428567553372,2.557251004139573,5.0788057873080446,-0.023015259037265423,0,0,244,Explotacion activa
245,1,WOA,poblacional,449.44918772805073,449.44918772805073,True,False,0.7536286837023454,0.7621591122701261,-0.008530428567780746,2.5529739728679317,5.077924990620772,-0.02297676575582841,0,0,245,Explotacion activa
246,1,WOA,poblacional,449.4418872783869,449.4418872783869,True,False,0.7595918705701479,0.7681222991377012,-0.008530428567553372,2.534112661268739,5.0770441939335,-0.02280701395143297,0,0,246,Explotacion activa
247,1,WOA,poblacional,449.43795031599007,449.43795031599007,True,False,0.7624420660578153,0.7709724946253687,-0.008530428567553372,2.4783842433205674,5.075355916849793,-0.022305458189856624,0,0,247,Explotacion activa
248,1,WOA,poblacional,449.43546091737807,449.43546091737807,True,False,0.7643633456202679,0.7733633456202256,-0.008999999999957708,2.4424479411255673,5.0720526789732165,-0.021982031470156472,0,0,248,Explotacion activa
249,1,WOA,poblacional,449.43372147167486,449.43372147167486,True,False,0.7643065404383265,0.7733065404382842,-0.008999999999957708,2.4027036121233154,5.06874944109664,-0.021624332509145472,0,0,249,Explotacion activa
250,1,WOA,poblacional,449.42501763506084,449.42501763506084,True,False,0.7654312273585333,0.774431227358491,-0.008999999999957708,2.353483666099578,5.065446203220063,-0.02118135299485857,0,0,250,Explotacion activa
251,1,WOA,poblacional,449.42055397230735,449.42055397230735,True,False,0.7659744015814454,0.7749744015815168,-0.009000000000071395,2.3383943873499105,5.060900618194972,-0.021045549486086657,0,0,251,Explotacion activa
252,1,WOA,poblacional,449.410915981455,449.410915981455,True,False,0.7721651078149421,0.7811651078148998,-0.008999999999957708,2.331477555286983,5.056355033169882,-0.020983297997508997,0,0,252,Explotacion activa
253,1,WOA,poblacional,449.4056604749813,449.4056604749813,True,False,0.7755455573578729,0.7845455573578306,-0.008999999999957708,2.328343748170158,5.051809448144792,-0.020955093733459763,0,0,253,Explotacion activa
254,1,WOA,poblacional,449.37443394079287,449.37443394079287,True,False,0.8028045556829966,0.8118045556829543,-0.008999999999957708,2.311132080639618,5.045447775744878,-0.020800188725706905,0,0,254,Explotacion activa
255,1,WOA,poblacional,449.35070117982434,449.35070117982434,True,False,0.8178551341772504,0.8268551341772081,-0.008999999999957708,2.298497681203429,5.038178059657554,-0.02068647913083055,0,0,255,Explotacion activa
256,1,WOA,poblacional,449.3327507463251,449.3327507463251,True,False,0.8338520884552736,0.842852088455345,-0.009000000000071395,2.287391247718176,5.030908343570228,-0.02058652122949525,0,0,256,Explotacion activa
257,1,WOA,poblacional,449.3123235355267,449.3123235355267,True,False,0.8471133203162253,0.856113320316183,-0.008999999999957708,2.275527461015912,5.017044653062161,-0.020479747149136078,0,0,257,Explotacion activa
258,1,WOA,poblacional,449.2950994522812,449.2950994522812,True,False,0.8578300451274004,0.8668300451273581,-0.008999999999957708,2.273147274286157,4.989993013712614,-0.020458325468553085,0,0,258,Explotacion activa
259,1,WOA,poblacional,449.2598529194409,449.2598529194409,True,False,0.8905747683963341,0.8995747683962918,-0.008999999999957708,2.266441881470189,4.962941374363065,-0.020397976933213616,0,0,259,Explotacion activa
260,1,WOA,poblacional,449.2598529194409,449.2598529194409,True,False,0.8842606010807117,0.8925939344140943,-0.008333333333382598,2.2518620805453793,4.935889735013518,-0.020266758724915235,1,0,260,Explotacion activa
261,1,WOA,poblacional,449.2455649081264,449.2455649081264,True,False,0.8820317101626642,0.8903650434960468,-0.008333333333382598,2.24037136808613,4.927928734814298,-0.020163342312719126,0,0,261,Explotacion activa
262,1,WOA,poblacional,449.2445676697971,449.2445676697971,True,False,0.8773722337368213,0.8857055670700902,-0.00833333333326891,2.230894746790318,4.919967734615079,-0.02007805272107817,0,0,262,Explotacion activa
263,1,WOA,poblacional,449.2206739835057,449.2206739835057,True,False,0.896883263230734,0.9052165965640029,-0.00833333333326891,2.22401390680933,4.9120067344158596,-0.020016125161305354,0,0,263,Explotacion activa
264,1,WOA,poblacional,449.21059876999163,449.21059876999163,True,False,0.891110313894842,0.8994436472281109,-0.00833333333326891,2.223644344481818,4.909177371917485,-0.020012799100243228,0,0,264,Explotacion activa
265,1,WOA,poblacional,449.17378759747254,449.17378759747254,True,False,0.9194774394907199,0.9278107728241025,-0.008333333333382598,2.2055206324421874,4.908913828269533,-0.01984968569192347,0,0,265,Explotacion activa
266,1,WOA,poblacional,449.14750352466,449.14750352466,True,False,0.8369914066918227,0.8453247400252053,-0.008333333333382598,2.1858886270642643,4.908650284621581,-0.019672997643601777,0,0,266,Explotacion activa
267,1,WOA,poblacional,449.12389698907725,449.12389698907725,True,False,0.7788447112970402,0.7871780446303092,-0.00833333333326891,2.180240038052727,4.907319406531945,-0.01962216034253288,0,0,267,Explotacion activa
268,1,WOA,poblacional,449.1231064179095,449.1231064179095,True,False,0.6368850982888148,0.6453827443846194,-0.008497646095804612,2.1776318831659296,4.903853859558945,-0.019598686948563683,0,0,268,Explotacion activa
269,1,WOA,poblacional,449.1231064179095,449.1231064179095,True,False,0.6370494110512368,0.6453827443846194,-0.008333333333382598,2.1712617686665,4.900388312585943,-0.019541355918039474,1,0,269,Explotacion activa
270,1,WOA,poblacional,449.11899892793326,449.11899892793326,True,False,0.5558304075856881,0.564163740918957,-0.00833333333326891,2.1592000559891744,4.896922765612942,-0.0194328005038642,0,0,270,Explotacion activa
271,1,WOA,poblacional,449.1125207369106,449.1125207369106,True,False,0.3612211959585352,0.3695545292919178,-0.008333333333382598,2.140396746836416,4.888084661711627,-0.019263570721506088,0,0,271,Explotacion activa
272,1,WOA,poblacional,449.1063838336414,449.1063838336414,True,False,0.3444209013291015,0.35275423466237044,-0.00833333333326891,2.1260637239192985,4.879246557810313,-0.019134573515236755,0,0,272,Explotacion activa
273,1,WOA,poblacional,449.1048843231983,449.1048843231983,True,False,0.34541805786807345,0.35375139120134236,-0.00833333333326891,2.115056655159003,4.870408453908999,-0.019035509896360738,0,0,273,Explotacion activa
274,1,WOA,poblacional,449.1034708752197,449.1034708752197,True,False,0.3373835194976209,0.3457168528310035,-0.008333333333382598,2.1038890232792484,4.857013665626311,-0.018935001209445093,0,0,274,Explotacion activa
275,1,WOA,poblacional,449.1034708752197,449.1034708752197,True,False,0.33074973650047923,0.33841640316717303,-0.0076666666666938,2.073232600115233,4.841340535152938,-0.018659093400998472,1,0,275,Explotacion activa
276,1,WOA,poblacional,449.10343517210373,449.10343517210373,True,False,0.32744373765422097,0.3345151438863354,-0.007071406232114441,2.037722181809761,4.825667404679563,-0.018339499636283566,0,0,276,Explotacion activa
277,1,WOA,poblacional,449.1017994222559,449.1017994222559,True,False,0.32659008889027064,0.3336614951221577,-0.007071406231887067,2.009565566934907,4.813848522558675,-0.018086090102428905,0,0,277,Explotacion activa
278,1,WOA,poblacional,449.0897218305091,449.0897218305091,True,False,0.3369282349338505,0.34399964116573756,-0.007071406231887067,1.9114474124779335,4.809738137142756,-0.017203026712309118,0,0,278,Explotacion activa
279,1,WOA,poblacional,449.0697027437523,449.0697027437523,True,False,0.3482434850766367,0.3553148913085238,-0.007071406231887067,1.751738216787039,4.805627751726837,-0.015765643951084533,0,0,279,Explotacion activa
280,1,WOA,poblacional,449.02707863437195,449.02707863437195,True,False,0.3864039317032848,0.39347533793539924,-0.007071406232114441,1.525454641580268,4.801517366310918,-0.013729091774223434,0,0,280,Explotacion activa
281,1,WOA,poblacional,448.9369977901028,448.9369977901028,True,False,0.46684678512008304,0.4739181913521975,-0.007071406232114441,1.3710698173652696,4.7942550480885355,-0.01233962835632385,0,0,281,Explotacion activa
282,1,WOA,poblacional,448.82950637193954,448.82950637193954,True,False,0.5690826968098577,0.5761541030417447,-0.007071406231887067,1.256008049666263,4.786992729866153,-0.011304072447057958,0,0,282,Explotacion activa
283,1,WOA,poblacional,448.6053423254072,448.6053423254072,True,False,0.7620202091537749,0.769091615385662,-0.007071406231887067,1.176770825084082,4.779730411643771,-0.01059093742582036,0,0,283,Explotacion activa
284,1,WOA,poblacional,448.55171860833326,448.55171860833326,True,False,0.7919111652591937,0.7989825714910808,-0.007071406231887067,1.1355271048808961,4.774553599866499,-0.010219743943901002,0,0,284,Explotacion activa
285,1,WOA,poblacional,448.17751135000583,448.17751135000583,True,False,1.1470813143130272,1.1552393963192458,-0.008158082006218592,1.1394912905710441,4.770419541311782,-0.009556844331712,0,0,285,Explotacion activa
286,1,WOA,poblacional,447.6993959319137,447.6993959319137,True,False,1.6015657041556892,1.6129276036129454,-0.011361899457256186,1.148940154019965,4.7662854827570635,-0.009890950930696375,0,0,286,Explotacion activa
287,1,WOA,poblacional,447.28436901919594,447.28436901919594,True,False,1.996583913821496,2.010730433085257,-0.014146519263761093,1.157981735198632,4.759635607100198,-0.010166716303626812,0,0,287,Explotacion activa
288,1,WOA,poblacional,446.28074247728586,446.28074247728586,True,False,2.9576013588219325,2.979110442155047,-0.02150908333311463,1.166208751836791,4.747954097239039,-0.010325799224449386,0,0,288,Explotacion activa
289,1,WOA,poblacional,445.98849578678266,445.98849578678266,True,False,3.2469915122587167,3.2713571326582382,-0.024365620399521504,1.1744357684749502,4.736272587377879,-0.010484882145271976,0,0,289,Explotacion activa
290,1,WOA,poblacional,444.74033388159023,444.74033388159023,True,False,4.473231929334133,4.505231026536194,-0.03199909720206051,1.1826627851131093,4.72459107751672,-0.010643965066094552,0,0,290,Explotacion activa
291,1,WOA,poblacional,444.19712694191475,444.19712694191475,True,False,5.011453559136328,5.0474407278823605,-0.035987168746032694,1.219335417389686,4.751847933859426,-0.010859345383443051,0,0,291,Explotacion activa
292,1,WOA,poblacional,443.5436989863523,443.5436989863523,True,False,5.637840157061248,5.6769749971534225,-0.03913484009217427,1.256008049666263,4.769041521793542,-0.011074725700791549,0,0,292,Explotacion activa
293,1,WOA,poblacional,442.95824259870614,442.95824259870614,True,False,6.210344425322546,6.2523561712854985,-0.04201174596295232,1.2926806819428396,4.779730411643771,-0.011290106018140027,0,0,293,Explotacion activa
294,1,WOA,poblacional,442.6254203951879,442.6254203951879,True,False,6.504875401166771,6.5483672022846235,-0.04349180111785245,1.349014842477414,4.796675820829329,-0.011438348372678327,0,0,294,Explotacion activa
295,1,WOA,poblacional,441.9875548759812,441.9875548759812,True,False,7.113398940328864,7.159948648678835,-0.0465497083499713,1.4151797671409838,4.808368008670783,-0.01155302174581152,0,0,295,Explotacion activa
296,1,WOA,poblacional,441.79168005367967,441.79168005367967,True,False,7.283115528253916,7.332216935397582,-0.04910140714366662,1.4813446918045536,4.825667404679563,-0.011667695118944726,0,0,296,Explotacion activa
297,1,WOA,poblacional,441.42387091635493,441.42387091635493,True,False,7.644801927760227,7.699235501554597,-0.05443357379436975,1.5342019377835352,4.862238042450769,-0.011942638808352557,0,0,297,Explotacion activa
298,1,WOA,poblacional,441.1121638665878,441.1121638665878,True,False,7.951037759058977,8.010942551321705,-0.059904792262727824,1.5604438263933382,4.885138627077856,-0.012538123130309498,0,0,298,Explotacion activa
299,1,WOA,poblacional,440.20351043509265,440.20351043509265,True,False,8.849854909614862,8.915488492840609,-0.06563358322574686,1.5866857150031424,4.900388312585943,-0.013133607452266494,0,0,299,Explotacion activa
300,1,WOA,poblacional,439.88886511642414,439.88886511642414,True,False,9.15607031211897,9.223655620486454,-0.06758530836748378,1.6129276036129454,4.908474588856279,-0.013729091774223434,0,0,300,Explotacion activa
301,2,ACO,poblacional,439.1908653861466,747.0510047353532,False,False,,,,,,,0,0,1,Llenando ventana
302,2,ACO,poblacional,439.1908653861466,612.0363791195356,False,False,,,,,,,1,0,2,Llenando ventana
303,2,ACO,poblacional,439.1908653861466,516.7221636531391,False,False,,,,,,,2,0,3,Llenando ventana
304,2,ACO,poblacional,439.1908653861466,476.196462007754,False,False,,,,,,,3,0,4,Llenando ventana
305,2,ACO,poblacional,439.1908653861466,474.6621379625687,False,False,,,,,,,4,0,5,Llenando ventana
306,2,ACO,poblacional,439.1908653861466,446.4896141791608,False,False,,,,,,,5,0,6,Llenando ventana
307,2,ACO,poblacional,439.1908653861466,459.34961943178826,False,False,,,,,,,6,0,7,Llenando ventana
308,2,ACO,poblacional,439.1908653861466,450.92810066120126,False,False,,,,,,,7,0,8,Llenando ventana
309,2,ACO,poblacional,439.1908653861466,445.6816257468207,False,False,,,,,,,8,0,9,Llenando ventana
310,2,ACO,poblacional,439.1908653861466,441.7661092399607,False,False,,,,,,,9,0,10,Llenando ventana
311,2,ACO,poblacional,439.1908653861466,456.2467359743295,False,False,,,,,,,10,0,11,Llenando ventana
312,2,ACO,poblacional,434.5973863094258,434.5973863094258,False,False,,,,,,,0,0,12,Llenando ventana
313,2,ACO,poblacional,430.3668003523919,430.3668003523919,False,False,,,,,,,0,0,13,Llenando ventana
314,2,ACO,poblacional,430.3668003523919,434.8437703736898,False,False,,,,,,,1,0,14,Llenando ventana
315,2,ACO,poblacional,430.3668003523919,431.8005085320807,False,False,,,,,,,2,0,15,Llenando ventana
316,2,ACO,poblacional,430.3668003523919,435.5695933770585,False,False,,,,,,,3,0,16,Llenando ventana
317,2,ACO,poblacional,430.3668003523919,439.08440574922736,False,False,,,,,,,4,0,17,Llenando ventana
318,2,ACO,poblacional,430.3668003523919,436.10474258572776,False,False,,,,,,,5,0,18,Llenando ventana
319,2,ACO,poblacional,430.3668003523919,438.1990905363358,False,False,,,,,,,6,0,19,Llenando ventana
320,2,ACO,poblacional,430.3668003523919,432.7082247758154,False,False,,,,,,,7,0,20,Llenando ventana
321,2,ACO,poblacional,424.1138460131941,424.1138460131941,False,False,,,,,,,0,0,21,Llenando ventana
322,2,ACO,poblacional,424.1138460131941,425.5492210834539,False,False,,,,,,,1,0,22,Llenando ventana
323,2,ACO,poblacional,424.1138460131941,432.3414406017499,False,False,,,,,,,2,0,23,Llenando ventana
324,2,ACO,poblacional,424.1138460131941,427.51112646511075,False,False,,,,,,,3,0,24,Llenando ventana
325,2,ACO,poblacional,424.1138460131941,429.16470591403584,False,False,,,,,,,4,0,25,Llenando ventana
326,2,ACO,poblacional,423.4908250251157,423.4908250251157,False,False,,,,,,,0,0,26,Llenando ventana
327,2,ACO,poblacional,423.4908250251157,429.2344660915574,False,False,,,,,,,1,0,27,Llenando ventana
328,2,ACO,poblacional,423.4908250251157,425.522165387997,False,False,,,,,,,2,0,28,Llenando ventana
329,2,ACO,poblacional,423.4908250251157,425.06008604858357,False,False,,,,,,,3,0,29,Llenando ventana
330,2,ACO,poblacional,423.4908250251157,425.07235191811515,True,False,15.809940643558093,15.700040361030858,0.10990028252723505,3.0,15.0,9.0,4,0,30,Explotacion activa
331,2,ACO,poblacional,423.4908250251157,424.0925695241676,True,False,15.80994064355798,15.700040361030858,0.10990028252712136,3.0,15.0,9.0,5,0,31,Explotacion activa
332,2,ACO,poblacional,423.4908250251157,426.51063068126757,True,False,15.80994064355798,15.700040361030858,0.10990028252712136,3.0,15.0,9.0,6,0,32,Explotacion activa
333,2,ACO,poblacional,423.2799005352432,423.2799005352432,True,False,16.011734294959012,15.910964850903383,0.10076944405562926,3.0,15.0,9.0,0,0,33,Explotacion activa
334,2,ACO,poblacional,418.6009673439231,418.6009673439231,True,False,20.70657413112923,20.589898042223467,0.11667608890576275,3.0,15.0,9.0,0,0,34,Explotacion activa
335,2,ACO,poblacional,414.7976803825102,414.7976803825102,True,False,24.515150928654634,24.393185003636404,0.12196592501823034,3.0,15.0,9.0,0,0,35,Explotacion activa
336,2,ACO,poblacional,414.7976803825102,422.11679308107426,True,False,24.51515092865452,24.393185003636404,0.12196592501811665,3.0,15.0,9.0,1,0,36,Explotacion activa
337,2,ACO,poblacional,412.81176391180946,412.81176391180946,True,False,26.493410914059098,26.37910147433712,0.11430943972197838,3.0,15.0,9.0,0,0,37,Explotacion activa
338,2,ACO,poblacional,412.28615429953834,412.28615429953834,True,False,27.00336169392574,26.904711086608245,0.09865060731749509,3.0,15.0,9.0,0,0,38,Explotacion activa
339,2,ACO,poblacional,412.28615429953834,412.74719536105135,True,False,27.00336169392574,26.904711086608245,0.09865060731749509,15.847687503941625,25.108628924275973,0.11501943447711369,1,0,39,Explotacion activa
340,2,ACO,poblacional,412.28615429953834,415.80780988998526,True,False,27.00336169392574,26.904711086608245,0.09865060731749509,15.910964850903383,26.493410914059098,0.11430943972197838,2,0,40,Explotacion activa
341,2,ACO,poblacional,412.28615429953834,412.3989120335248,True,False,22.407914015263714,22.311232009887476,0.09668200537623761,17.31464480829941,25.899932918437756,0.11298669256355538,3,0,41,Explotacion activa
342,2,ACO,poblacional,412.09661417841676,412.09661417841676,True,False,18.349356980728828,18.270186173975162,0.07917080675366606,17.32649764474645,25.306454922816418,0.11166394540513237,0,0,42,Explotacion activa
343,2,ACO,poblacional,412.09661417841676,412.66943484719366,True,False,18.349356980728942,18.270186173975162,0.07917080675377974,18.034264041667985,24.71297692719508,0.11034119824670938,1,0,43,Explotacion activa
344,2,ACO,poblacional,412.0065900522692,412.0065900522692,True,False,18.427531071223086,18.36021030012273,0.06732077110035561,18.270186173975162,24.515150928654613,0.10990028252721232,0,0,44,Explotacion activa
345,2,ACO,poblacional,408.75097355852364,408.75097355852364,True,False,21.680674274249668,21.61582679386828,0.06484748038138832,18.270186173975162,24.515150928654577,0.1099002825271782,0,0,45,Explotacion activa
346,2,ACO,poblacional,408.75097355852364,408.9079140250187,True,False,21.680674274249668,21.61582679386828,0.06484748038138832,18.270186173975162,24.515150928654542,0.1099002825271441,1,0,46,Explotacion activa
347,2,ACO,poblacional,408.75097355852364,409.83629377787963,True,False,21.680674274249668,21.61582679386828,0.06484748038138832,18.279188586589918,24.304427237315437,0.10990028252712136,2,0,47,Explotacion activa
348,2,ACO,poblacional,408.75097355852364,410.34481299150156,True,False,21.68067427424978,21.61582679386828,0.06484748038150201,18.30619582443419,23.672256163298197,0.10990028252712136,3,0,48,Explotacion activa
349,2,ACO,poblacional,407.85326683485636,407.85326683485636,True,False,22.566065095743227,22.513533517535564,0.05253157820766319,18.33320306227846,23.150790845616612,0.10990028252712136,0,0,49,Explotacion activa
350,2,ACO,poblacional,407.85326683485636,408.9057069209191,True,False,16.309360915872446,16.260579178337764,0.04878173753468218,18.270186173975162,22.566065095743227,0.10990028252712136,1,0,50,Explotacion activa
351,2,ACO,poblacional,407.5144815474598,407.5144815474598,True,False,16.638096316154076,16.59936446573431,0.038731850419765124,18.270186173975162,22.518619771599372,0.10716103098567373,0,0,51,Explotacion activa
352,2,ACO,poblacional,406.87834715860987,406.87834715860987,True,False,17.26422468600839,17.23549885458425,0.02872583142413987,17.856311246218798,22.471174447455518,0.10442177944422609,0,0,52,Explotacion activa
353,2,ACO,poblacional,405.6653920313167,405.6653920313167,True,False,18.46690243585931,18.448453981877435,0.018448453981875446,18.16671744203607,22.423729123311666,0.10168252790277846,0,0,53,Explotacion activa
354,2,ACO,poblacional,405.33208380687677,405.33208380687677,True,False,18.788022793719506,18.781762206317353,0.006260587402152851,18.270186173975162,22.262466067060924,0.10034567670800243,0,0,54,Explotacion activa
355,2,ACO,poblacional,405.33208380687677,407.3531800025144,True,False,18.17689995945676,18.15874121823896,0.018158741217803254,18.21446369610706,22.044294144756748,0.09971002568656218,1,0,55,Explotacion activa
356,2,ACO,poblacional,405.33208380687677,405.5764091827851,True,False,18.17689995945699,18.15874121823896,0.018158741218030627,18.15874121823896,21.826122222452568,0.09907437466512192,2,0,56,Explotacion activa
357,2,ACO,poblacional,403.8010748577754,403.8010748577754,True,False,19.696313417396027,19.68975016734032,0.006563250055705794,18.16988571381258,21.68067427424977,0.09865060731749509,0,0,57,Explotacion activa
358,2,ACO,poblacional,403.8010748577754,404.7047475009961,True,False,19.6963134173958,19.68975016734032,0.00656325005547842,18.20331920053344,21.680674274249736,0.09865060731749509,1,0,58,Explotacion activa
359,2,ACO,poblacional,403.70499900076135,403.70499900076135,True,False,19.779230749012868,19.785826024354378,-0.006595275341510387,18.236752687254302,21.680674274249704,0.09865060731749509,0,0,59,Explotacion activa
360,2,ACO,poblacional,403.70499900076135,404.18228111544505,True,False,19.779230749012868,19.785826024354378,-0.006595275341510387,18.270186173975162,21.680674274249668,0.09865060731749509,1,0,60,Explotacion activa
361,2,ACO,poblacional,403.70499900076135,403.9785441539741,True,False,19.779230749012868,19.785826024354378,-0.006595275341510387,18.270186173975162,21.680674274249668,0.09865060731749509,2,0,61,Explotacion activa
362,2,ACO,poblacional,403.1111049686203,403.1111049686203,True,False,20.1620726347673,20.16879556662292,-0.006722931855620118,18.270186173975162,21.680674274249668,0.09865060731749509,0,0,62,Explotacion activa
363,2,ACO,poblacional,403.1111049686203,403.8070846064424,True,False,15.495025662761293,15.489862375302835,0.005163287458458399,18.25904167840154,21.680674274249668,0.09865060731749509,1,0,63,Explotacion activa
364,2,ACO,poblacional,402.1284790391239,402.1284790391239,True,False,12.673424410500672,12.669201343386305,0.004223067114367041,18.1810302093862,21.680674274249668,0.09825688692924359,0,0,64,Explotacion activa
365,2,ACO,poblacional,402.1284790391239,402.9882390067854,True,False,12.673424410500786,12.669201343386305,0.0042230671144807275,18.15874121823896,21.680674274249668,0.09766630634686635,1,0,65,Explotacion activa
366,2,ACO,poblacional,402.1284790391239,402.9139803272144,True,False,10.693968157558459,10.68328487268559,0.010683284872868626,17.974092745508017,21.680674274249668,0.09707572576448911,2,0,66,Explotacion activa
367,2,ACO,poblacional,402.1284790391239,403.2609332568524,True,False,10.174604719181445,10.157675260414464,0.016929458766981043,17.32782309094972,21.58326425993762,0.0949308855139918,3,0,67,Explotacion activa
368,2,ACO,poblacional,402.1284790391239,403.5889845054684,True,False,10.17460471918156,10.157675260414464,0.01692945876709473,16.853818221274288,21.291034217001492,0.08967752592725442,4,0,68,Explotacion activa
369,2,ACO,poblacional,402.1284790391239,403.1273295021458,True,False,10.17460471918156,10.157675260414464,0.01692945876709473,16.497728879515346,20.99880417406536,0.08442416634051705,5,0,69,Explotacion activa
370,2,ACO,poblacional,402.1284790391239,402.4154095198651,True,False,10.1746047191819,10.157675260414464,0.01692945876743579,16.260579178337764,20.70657413112923,0.07917080675377974,6,0,70,Explotacion activa
371,2,ACO,poblacional,401.92992325111527,401.92992325111527,True,False,10.183635412180308,10.166690927301488,0.016944484878820276,16.015849149133697,20.54322368222065,0.07917080675374563,0,0,71,Explotacion activa
372,2,ACO,poblacional,401.92992325111527,402.84909733130223,True,False,10.183635412180195,10.166690927301488,0.01694448487870659,15.826595054954373,20.379873233312072,0.07917080675371153,1,0,72,Explotacion activa
373,2,ACO,poblacional,401.92992325111527,403.1489531335314,True,False,10.100179023690089,10.07666680115392,0.023512222536169247,15.700040361030858,20.21652278440349,0.07917080675367742,2,0,73,Explotacion activa
374,2,ACO,poblacional,401.92992325111527,402.43787439641653,True,False,6.841513458330439,6.82105030740837,0.020463150922068962,15.700040361030858,20.08550425761641,0.07680079962300393,3,0,74,Explotacion activa
375,2,ACO,poblacional,401.92992325111527,402.34591230534625,True,False,6.841513458330439,6.82105030740837,0.020463150922068962,15.700040361030858,19.970651691890083,0.0732457889270108,4,0,75,Explotacion activa
376,2,ACO,poblacional,401.92992325111527,402.3012521949639,True,False,6.841513458330439,6.82105030740837,0.020463150922068962,15.658004763885254,19.855799126163753,0.06969077823101766,5,0,76,Explotacion activa
377,2,ACO,poblacional,401.92992325111527,402.05189065263403,True,False,6.841513458330553,6.82105030740837,0.02046315092218265,15.510880173875638,19.779230749012868,0.06707344202847025,6,0,77,Explotacion activa
378,2,ACO,poblacional,401.92992325111527,402.06996075277306,True,False,5.945062510214768,5.923343583741087,0.021718926473681677,13.797465756152913,19.779230749012868,0.06633145481281416,7,0,78,Explotacion activa
379,2,ACO,poblacional,401.0759467653733,401.0759467653733,True,False,6.7976520296915055,6.777320069483039,0.02033196020846617,12.669201343386305,19.779230749012868,0.06558946759715809,0,0,79,Explotacion activa
380,2,ACO,poblacional,401.0759467653733,402.2592617019081,True,False,6.462142742953972,6.438534782086492,0.02360796086747996,12.669201343386305,19.779230749012868,0.06484748038150201,1,0,80,Explotacion activa
381,2,ACO,poblacional,401.0759467653733,402.0755840881134,True,False,5.827544128273814,5.802400393236553,0.025143735037261195,11.279059813895802,19.779230749012868,0.0648474803814679,2,0,81,Explotacion activa
382,2,ACO,poblacional,401.0759467653733,402.2686459678422,True,False,4.612392492272988,4.589445265943368,0.022947226329620207,10.476647294531949,19.779230749012868,0.0648474803814338,3,0,82,Explotacion activa
383,2,ACO,poblacional,400.820005729685,400.820005729685,True,False,4.534638467577508,4.512078077191745,0.022560390385763185,10.166690927301488,19.779230749012868,0.06484748038139969,0,0,83,Explotacion activa
384,2,ACO,poblacional,400.820005729685,400.9324377894235,True,False,4.534638467577622,4.512078077191745,0.02256039038587687,10.166690927301488,19.7626472826895,0.06484748038138832,1,0,84,Explotacion activa
385,2,ACO,poblacional,400.7559691736182,400.7559691736182,True,False,4.595944463335911,4.576114633258555,0.019829830077355837,10.162183093857976,19.737772083204447,0.06484748038138832,0,0,85,Explotacion activa
386,2,ACO,poblacional,400.7559691736182,401.3358464150774,True,False,3.060331212577694,3.0451056841571926,0.015225528420501178,10.157675260414464,19.712896883719395,0.06484748038138832,1,0,86,Explotacion activa
387,2,ACO,poblacional,400.7559691736182,401.3292829936815,True,False,3.0603312125781486,3.0451056841571926,0.015225528420955925,10.157675260414464,19.696313417396006,0.06484748038138832,2,0,87,Explotacion activa
388,2,ACO,poblacional,400.6241496795993,400.6241496795993,True,False,3.096253567767576,3.0808493211620203,0.015404246605555727,10.157675260414464,19.696313417395935,0.06484748038138832,0,0,88,Explotacion activa
389,2,ACO,poblacional,400.6241496795993,400.85706069191957,True,False,3.096253567767576,3.0808493211620203,0.015404246605555727,10.157675260414464,19.696313417395867,0.06484748038138832,1,0,89,Explotacion activa
390,2,ACO,poblacional,400.6241496795993,401.1659152604441,True,False,3.0962535677678034,3.0808493211620203,0.0154042466057831,10.157675260414464,19.6963134173958,0.06484748038138832,2,0,90,Explotacion activa
391,2,ACO,poblacional,400.6241496795993,400.64038467097845,True,False,2.5010480356586413,2.4869552890209548,0.01409274663768656,10.100969338932083,19.423826230292907,0.06115270972927073,3,0,91,Explotacion activa
392,2,ACO,poblacional,400.6241496795993,400.923859262429,True,False,2.5010480356586413,2.4869552890209548,0.01409274663768656,8.774420203655692,19.15133904319002,0.05745793907715323,4,0,92,Explotacion activa
393,2,ACO,poblacional,400.6241496795993,401.2397579089254,True,False,1.5138567788014825,1.5043293595245473,0.009527419276935234,6.82105030740837,18.87885185608713,0.05376316842503563,5,0,93,Explotacion activa
394,2,ACO,poblacional,400.3534422925471,400.3534422925471,True,False,1.7850952881404965,1.7750367465768022,0.010058541563694234,6.82105030740837,18.723798722147468,0.051781610073066975,0,0,94,Explotacion activa
395,2,ACO,poblacional,400.3534422925471,400.81873446952665,True,False,1.7850952881403828,1.7750367465768022,0.010058541563580548,6.82105030740837,18.62746261478941,0.05065665787117268,1,0,95,Explotacion activa
396,2,ACO,poblacional,400.3534422925471,400.4040929247124,True,False,1.7850952881403828,1.7750367465768022,0.010058541563580548,6.82105030740837,18.53112650743135,0.049531705669278364,2,0,96,Explotacion activa
397,2,ACO,poblacional,400.3534422925471,400.3617170450781,True,False,1.7850952881403828,1.7750367465768022,0.010058541563580548,6.82105030740837,18.462965299395687,0.04777674882319046,3,0,97,Explotacion activa
398,2,ACO,poblacional,400.3534422925471,400.4334861720222,True,False,1.7850952881406101,1.7750367465768022,0.010058541563807921,6.794812164653171,18.45115389000482,0.0447617826887153,4,0,98,Explotacion activa
399,2,ACO,poblacional,400.3534422925471,400.52244605080523,True,False,1.7850952881408375,1.7750367465768022,0.010058541564035295,6.675684483264075,18.439342480613952,0.041746816554240215,5,0,99,Explotacion activa
400,2,ACO,poblacional,400.3534422925471,400.48126179253177,True,False,1.5864653379723563,1.5764809585681974,0.009984379404158972,6.438534782086492,18.427531071223086,0.038731850419765124,6,0,100,Explotacion activa
401,2,ACO,poblacional,400.3534422925471,400.55650893991833,True,False,1.5864653379723563,1.5764809585681974,0.009984379404158972,6.077900943244709,18.404078844074842,0.035730044721077506,7,0,101,Explotacion activa
402,2,ACO,poblacional,400.26639455079555,400.26639455079555,True,False,1.6729553629546672,1.6635287003197163,0.009426662634950844,5.874966307539273,18.380626616926598,0.03272823902238996,0,0,102,Explotacion activa
403,2,ACO,poblacional,400.26639455079555,400.30455348186365,True,False,1.6729553629546672,1.6635287003197163,0.009426662634950844,5.681104880507233,18.357174389778354,0.02972643332370234,1,0,103,Explotacion activa
404,2,ACO,poblacional,400.26639455079555,400.3720156008132,True,False,1.6729553629546672,1.6635287003197163,0.009426662634950844,4.832036291402004,18.34935698072892,0.028009412146764123,2,0,104,Explotacion activa
405,2,ACO,poblacional,400.26639455079555,400.35279034107384,True,False,1.6729553629546672,1.6635287003197163,0.009426662634950844,4.582779949600962,18.349356980728885,0.026934783230700532,3,0,105,Explotacion activa
406,2,ACO,poblacional,400.26639455079555,400.4379503029138,True,False,1.6729553629547809,1.6635287003197163,0.009426662635064531,4.563307322045193,18.34935698072885,0.025860154314636914,4,0,106,Explotacion activa
407,2,ACO,poblacional,400.26639455079555,400.2685168358392,True,False,1.6729553629547809,1.6635287003197163,0.009426662635064531,4.518481732798426,18.332111278601644,0.02499015762028307,5,0,107,Explotacion activa
408,2,ACO,poblacional,400.26639455079555,400.31937290377624,True,False,0.8158855479109661,0.8095522145777636,0.006333333333202518,4.512078077191745,18.280374172220093,0.02452942536934869,6,0,108,Explotacion activa
409,2,ACO,poblacional,400.2574772379837,400.2574772379837,True,False,0.8241361940562228,0.8184695273895954,0.005666666666627407,4.0827094503828265,18.22863706583854,0.024068693118414326,0,0,109,Explotacion activa
410,2,ACO,poblacional,400.25357978062146,400.25357978062146,True,False,0.8273669847519045,0.8223669847518522,0.005000000000052296,3.0808493211620203,18.17689995945699,0.02360796086747996,0,0,110,Explotacion activa
411,2,ACO,poblacional,400.25357978062146,400.25757343382,True,False,0.8273669847517908,0.8223669847518522,0.004999999999938609,3.0808493211620203,18.17689995945692,0.023579239368086747,1,0,111,Explotacion activa
412,2,ACO,poblacional,400.25357978062146,400.30762771598654,True,False,0.572092615730071,0.5664259490635573,0.00566666666651372,3.0808493211620203,18.176899959456854,0.023550517868693534,2,0,112,Explotacion activa
413,2,ACO,poblacional,400.18415315440075,400.18415315440075,True,False,0.6408525752843275,0.6358525752842752,0.005000000000052296,3.0772749574615372,18.176899959456783,0.023521796369300317,0,0,113,Explotacion activa
414,2,ACO,poblacional,400.18415315440075,400.30880671891236,True,False,0.5774826858839788,0.571816019217465,0.00566666666651372,3.0522544115581582,17.994364904767085,0.02339922329485944,1,0,114,Explotacion activa
415,2,ACO,poblacional,400.18415315440075,400.2020208549098,True,False,0.5774826858839788,0.571816019217465,0.00566666666651372,3.0451056841571926,17.72056232273257,0.023229724432894724,2,0,115,Explotacion activa
416,2,ACO,poblacional,400.06264441884997,400.06264441884997,True,False,0.6983247547681799,0.6933247547682413,0.004999999999938609,2.9334756051299453,17.44675974069806,0.023060225570930012,0,0,116,Explotacion activa
417,2,ACO,poblacional,400.06264441884997,400.174969781484,True,False,0.5671719274158704,0.5615052607493567,0.00566666666651372,2.5427703285345773,17.201611849022957,0.02290854273524587,1,0,117,Explotacion activa
418,2,ACO,poblacional,400.06264441884997,400.20622140519083,True,False,0.5671719274158704,0.5615052607493567,0.00566666666651372,2.4869552890209548,17.01377333806666,0.02279249195212287,2,0,118,Explotacion activa
419,2,ACO,poblacional,400.06264441884997,400.13922687121845,True,False,0.5671719274158704,0.5615052607493567,0.00566666666651372,2.2733797262877085,16.82593482711037,0.02267644116899987,3,0,119,Explotacion activa
420,2,ACO,poblacional,400.06264441884997,400.1369118144538,True,False,0.5671719274158704,0.5615052607493567,0.00566666666651372,1.7750367465768022,16.638096316154073,0.02256039038587687,4,0,120,Explotacion activa
421,2,ACO,poblacional,400.06264441884997,400.13362529707064,True,False,0.5671719274158704,0.5615052607493567,0.00566666666651372,1.7750367465768022,16.539475696069587,0.022560390385842767,5,0,121,Explotacion activa
422,2,ACO,poblacional,400.06264441884997,400.09924097792305,True,False,0.5671719274158704,0.5615052607493567,0.00566666666651372,1.7750367465768022,16.440855075985095,0.02256039038580866,6,0,122,Explotacion activa
423,2,ACO,poblacional,400.06264441884997,400.16301744366365,True,False,0.29713120703030427,0.29079787369710175,0.006333333333202518,1.7750367465768022,16.342234455900606,0.022560390385774554,7,0,123,Explotacion activa
424,2,ACO,poblacional,400.06264441884997,400.09914003421324,True,False,0.29713120703030427,0.29079787369710175,0.006333333333202518,1.7750367465768022,16.24983559168976,0.022392097603346883,8,0,124,Explotacion activa
425,2,ACO,poblacional,400.06264441884997,400.0879716946575,True,False,0.29713120703030427,0.29079787369710175,0.006333333333202518,1.7750367465768022,16.16054760541573,0.02213965842972243,9,0,125,Explotacion activa
426,2,ACO,poblacional,400.06264441884997,400.10107397937384,True,False,0.29713120703030427,0.29079787369710175,0.006333333333202518,1.7750367465768022,16.071259619141696,0.02188721925609797,10,0,126,Explotacion activa
427,2,ACO,poblacional,400.06264441884997,400.09721955106045,True,False,0.29713120703030427,0.29079787369710175,0.006333333333202518,1.7750367465768022,15.99155492981892,0.021593348918531763,11,0,127,Explotacion activa
428,2,ACO,poblacional,400.06264441884997,400.068898630667,True,False,0.29713120703030427,0.29079787369710175,0.006333333333202518,1.7081319188225506,15.931016834398644,0.02121661625308206,12,0,128,Explotacion activa
429,2,ACO,poblacional,400.06264441884997,400.1043512735102,True,False,0.29713120703041795,0.29079787369710175,0.0063333333333162045,1.6635287003197163,15.870478738978369,0.020839883587632353,13,0,129,Explotacion activa
430,2,ACO,poblacional,400.05507215402315,400.05507215402315,True,False,0.30403680519066256,0.29837013852392147,0.005666666666741094,1.6635287003197163,15.809940643558093,0.02046315092218265,0,0,130,Explotacion activa
431,2,ACO,poblacional,400.05507215402315,400.08521837876464,True,False,0.21765573010560502,0.2113223967724025,0.006333333333202518,1.6635287003197163,15.80994064355806,0.020463150922148544,1,0,131,Explotacion activa
432,2,ACO,poblacional,400.05507215402315,400.07783741155856,True,False,0.21765573010560502,0.2113223967724025,0.006333333333202518,1.6635287003197163,15.809940643558026,0.020463150922114436,2,0,132,Explotacion activa
433,2,ACO,poblacional,400.05507215402315,400.0683208574668,True,False,0.21765573010560502,0.2113223967724025,0.006333333333202518,1.6635287003197163,15.80994064355799,0.02046315092208033,3,0,133,Explotacion activa
434,2,ACO,poblacional,400.05507215402315,400.0630676658658,True,False,0.21765573010560502,0.2113223967724025,0.006333333333202518,1.6635287003197163,15.80994064355798,0.020463150922068962,4,0,134,Explotacion activa
435,2,ACO,poblacional,400.03433289797283,400.03433289797283,True,False,0.23772831948934936,0.23206165282272195,0.005666666666627407,1.6635287003197163,15.80994064355798,0.020463150922068962,0,0,135,Explotacion activa
436,2,ACO,poblacional,400.03433289797283,400.0655635257911,True,False,0.23772831948923567,0.23206165282272195,0.00566666666651372,1.6461191519694123,15.80994064355798,0.020463150922068962,1,0,136,Explotacion activa
437,2,ACO,poblacional,400.03433289797283,400.06678244346415,True,False,0.23772831948934936,0.23206165282272195,0.005666666666627407,1.5851857327433494,15.778449145478309,0.020463150922068962,2,0,137,Explotacion activa
438,2,ACO,poblacional,400.03433289797283,400.0410826314355,True,False,0.22947767334409264,0.22314434001089012,0.006333333333202518,1.5764809585681974,15.683974651239303,0.020463150922068962,3,0,138,Explotacion activa
439,2,ACO,poblacional,400.03433289797283,400.05527769900084,True,False,0.22624688264852466,0.21924688264863335,0.006999999999891315,1.554835478855102,15.589500157000298,0.020463150922068962,4,0,139,Explotacion activa
440,2,ACO,poblacional,400.03433289797283,400.0355111573706,True,False,0.22624688264863835,0.21924688264863335,0.007000000000005002,1.5043293595245473,15.495025662761293,0.020463150922068962,5,0,140,Explotacion activa
441,2,ACO,poblacional,400.03433289797283,400.0429186183397,True,False,0.22624688264863835,0.21924688264863335,0.007000000000005002,1.0269556971836589,14.64854528708311,0.020423793707988122,6,0,141,Explotacion activa
442,2,ACO,poblacional,400.03433289797283,400.0356028752296,True,False,0.15748692309449552,0.1498202564279154,0.007666666666580113,0.8223669847518522,13.802064911404965,0.020384436493907285,7,0,142,Explotacion activa
443,2,ACO,poblacional,400.03433289797283,400.04800052970353,True,False,0.15748692309449552,0.1498202564279154,0.007666666666580113,0.8219772390156266,12.955584535726821,0.02034507927982645,8,0,143,Explotacion activa
444,2,ACO,poblacional,400.03433289797283,400.0374630754101,True,False,0.15748692309449552,0.1498202564279154,0.007666666666580113,0.8192490188620468,12.673424410500763,0.020231534182244104,9,0,144,Explotacion activa
445,2,ACO,poblacional,400.0313565133119,400.0313565133119,True,False,0.03895457220477283,0.03128790553807903,0.0076666666666938,0.8140108709836795,12.67342441050073,0.020080895142911004,0,0,145,Explotacion activa
446,2,ACO,poblacional,400.02760962035074,400.02760962035074,True,False,0.04203479849923042,0.03503479849922542,0.007000000000005002,0.7863067226158588,12.673424410500695,0.019930256103577897,0,0,146,Explotacion activa
447,2,ACO,poblacional,400.02760962035074,400.03002441829483,True,False,0.04203479849911673,0.03503479849922542,0.006999999999891315,0.7049475007491937,12.475478785206434,0.019691692467807786,1,0,147,Explotacion activa
448,2,ACO,poblacional,400.02760962035074,400.0341010792384,True,False,0.04203479849911673,0.03503479849922542,0.006999999999891315,0.6588414470778615,11.881641909323776,0.01927727963916367,2,0,148,Explotacion activa
449,2,ACO,poblacional,400.02760962035074,400.029957866347,True,False,0.04203479849911673,0.03503479849922542,0.006999999999891315,0.6166416084642319,11.287805033441117,0.01886286681051956,3,0,149,Explotacion activa
450,2,ACO,poblacional,400.02760962035074,400.0292515797516,True,False,0.04203479849911673,0.03503479849922542,0.006999999999891315,0.571816019217465,10.693968157558459,0.018448453981875446,4,0,150,Explotacion activa
451,2,ACO,poblacional,400.0245232710706,400.0245232710706,True,False,0.044454481112666144,0.03812114777934994,0.0063333333333162045,0.571816019217465,10.540868333945008,0.018361540152721997,0,0,151,Explotacion activa
452,2,ACO,poblacional,400.0238761369158,400.0238761369158,True,False,0.044376351065125164,0.03876828193415349,0.005608069130971671,0.5696599911559019,10.387768510331565,0.018274626323568553,0,0,152,Explotacion activa
453,2,ACO,poblacional,400.0238761369158,400.0270985274343,True,False,0.044376351065466224,0.03876828193415349,0.005608069131312732,0.5659338802321372,10.23466868671812,0.018187712494415108,1,0,153,Explotacion activa
454,2,ACO,poblacional,400.0238761369158,400.0276376131234,True,False,0.04437635106523885,0.03876828193415349,0.005608069131085358,0.5624893984121968,10.183635412180285,0.018158741217985153,2,0,154,Explotacion activa
455,2,ACO,poblacional,400.0238761369158,400.0242570644524,True,False,0.044376351065125164,0.03876828193415349,0.005608069130971671,0.5615052607493567,10.183635412180251,0.01815874121791694,3,0,155,Explotacion activa
456,2,ACO,poblacional,400.0238761369158,400.02834396527624,True,False,0.04439588357701041,0.03876828193415349,0.0056276016428569164,0.5615052607493567,10.183635412180218,0.018158741217848728,4,0,156,Explotacion activa
457,2,ACO,poblacional,400.0238761369158,400.029870476111,True,False,0.044415416088895654,0.03876828193415349,0.005647134154742162,0.5615052607493567,10.182732342880366,0.018037315583904947,5,0,157,Explotacion activa
458,2,ACO,poblacional,400.0205162770978,400.0205162770978,True,False,0.04712814175212543,0.04212814175218682,0.004999999999938609,0.5615052607493567,10.180023134980877,0.017673038682210054,0,0,158,Explotacion activa
459,2,ACO,poblacional,400.0197808675955,400.0197808675955,True,False,0.040232688892160695,0.03529128642765045,0.004941402464510247,0.5615052607493567,10.17731392708139,0.017308761780515165,0,0,159,Explotacion activa
460,2,ACO,poblacional,400.0197808675955,400.0221299651495,True,False,0.04023268889193332,0.03529128642765045,0.0049414024642828736,0.5615052607493567,10.1746047191819,0.016944484878820276,1,0,160,Explotacion activa
461,2,ACO,poblacional,400.0197808675955,400.023142316545,True,False,0.04025222140381857,0.03529128642765045,0.004960934976168119,0.5615052607493567,10.174604719181797,0.01694448487878617,2,0,161,Explotacion activa
462,2,ACO,poblacional,400.0197808675955,400.02019893907993,True,False,0.04027175391570381,0.03529128642765045,0.004980467488053364,0.456251211859183,10.174604719181696,0.016944484878752063,3,0,162,Explotacion activa
463,2,ACO,poblacional,400.0197808675955,400.01995646549926,True,False,0.040291286427702744,0.03529128642765045,0.005000000000052296,0.29761291204123946,10.174604719181593,0.01694448487871796,4,0,163,Explotacion activa
464,2,ACO,poblacional,400.0197808675955,400.02324627788704,True,False,0.02016009950853004,0.014552030377330993,0.005608069131199045,0.29231232666246565,10.17460471918156,0.01694147965645243,5,0,164,Explotacion activa
465,2,ACO,poblacional,400.0183480538715,400.0183480538715,True,False,0.02092624656575026,0.0159848441013537,0.00494140246439656,0.29079787369710175,10.17460471918156,0.01693697182307119,0,0,165,Explotacion activa
466,2,ACO,poblacional,400.0183480538715,400.0198703335155,True,False,0.020926246565636575,0.0159848441013537,0.0049414024642828736,0.29079787369710175,10.17460471918156,0.01693246398968995,1,0,166,Explotacion activa
467,2,ACO,poblacional,400.01750493676417,400.01750493676417,True,False,0.021102697006369908,0.016827961208662146,0.004274735797707763,0.29079787369710175,10.174604719181549,0.016929458767401685,0,0,167,Explotacion activa
468,2,ACO,poblacional,400.01750493676417,400.0177196712031,True,False,0.021102697006369908,0.016827961208662146,0.004274735797707763,0.29079787369710175,10.174604719181513,0.016929458767299364,1,0,168,Explotacion activa
469,2,ACO,poblacional,400.0167718584103,400.0167718584103,True,False,0.02116910869375488,0.01756103956250854,0.0036080691312463387,0.29079787369710175,10.17460471918148,0.016929458767197047,0,0,169,Explotacion activa
470,2,ACO,poblacional,400.0167718584103,400.0170147275545,True,False,0.021169108693641192,0.01756103956250854,0.003608069131132652,0.29079787369710175,10.174604719181445,0.01692945876709473,1,0,170,Explotacion activa
471,2,ACO,poblacional,400.0167718584103,400.01782024671525,True,False,0.021188641205299064,0.01756103956250854,0.0036276016427905233,0.29079787369710175,10.152277010534037,0.01692945876709473,2,0,171,Explotacion activa
472,2,ACO,poblacional,400.0167718584103,400.01815196540565,True,False,0.021208173717297996,0.01756103956250854,0.0036471341547894554,0.29079787369710175,10.129949301886631,0.01692945876709473,3,0,172,Explotacion activa
473,2,ACO,poblacional,400.0167718584103,400.0168410179034,True,False,0.021227706229069554,0.01756103956250854,0.0036666666665610137,0.28492425160966367,10.107621593239225,0.01692945876709473,4,0,173,Explotacion activa
474,2,ACO,poblacional,400.0167718584103,400.0169362617683,True,False,0.01891798823493218,0.014584654901568683,0.004333333333363498,0.24380889699759767,9.448445910618172,0.01692945876707199,5,0,174,Explotacion activa
475,2,ACO,poblacional,400.0167718584103,400.016928908093,True,False,0.015779164404818857,0.010837761940422297,0.00494140246439656,0.23206165282272195,8.470846241010321,0.016929458767037886,6,0,175,Explotacion activa
476,2,ACO,poblacional,400.0165780384641,400.0165780384641,True,False,0.015062482155485668,0.011031581886641106,0.004030900268844562,0.23206165282272195,7.493246571402423,0.01692945876700378,0,0,176,Explotacion activa
477,2,ACO,poblacional,400.0163382234643,400.0163382234643,True,False,0.014924496994694891,0.011271396886456841,0.00365310010823805,0.23206165282272195,6.8415134583305415,0.016776937550861234,0,0,177,Explotacion activa
478,2,ACO,poblacional,400.0163382234643,400.01660119422695,True,False,0.015164311994510626,0.011271396886456841,0.003892915108053785,0.22671126513562284,6.841513458330508,0.016319373902501856,1,0,178,Explotacion activa
479,2,ACO,poblacional,400.0152534586825,400.0152534586825,True,False,0.01582222510955944,0.012356161668265031,0.003466063441294409,0.22197510280221308,6.841513458330473,0.01586181025414248,0,0,179,Explotacion activa
480,2,ACO,poblacional,400.01516084055305,400.01516084055305,True,False,0.013257146033822664,0.009362430517569464,0.0038947155162532,0.21924688264863335,6.841513458330439,0.0154042466057831,0,0,180,Explotacion activa
481,2,ACO,poblacional,400.01516084055305,400.0169874701079,True,False,0.012610011879019112,0.008715296362765912,0.0038947155162532,0.21924688264863335,6.841513458330439,0.015404246605714888,1,0,181,Explotacion activa
482,2,ACO,poblacional,400.01516084055305,400.0161742624502,True,False,0.012610011879132799,0.008715296362765912,0.0038947155163668867,0.21924688264863335,6.841513458330439,0.015404246605646677,2,0,182,Explotacion activa
483,2,ACO,poblacional,400.01516084055305,400.01615803705744,True,False,0.012610011879019112,0.008715296362765912,0.0038947155162532,0.21845443406101026,6.841513458330439,0.015404246605578464,3,0,183,Explotacion activa
484,2,ACO,poblacional,400.01516084055305,400.01693395315533,True,False,0.012849826878948534,0.008715296362765912,0.004134530516182622,0.21290729394764862,6.841513458330439,0.015404246605555727,4,0,184,Explotacion activa
485,2,ACO,poblacional,400.01516084055305,400.01593655877554,True,False,0.013089641878650582,0.008715296362765912,0.00437434551588467,0.2113223967724025,6.841513458330439,0.015404246605555727,5,0,185,Explotacion activa
486,2,ACO,poblacional,400.01516084055305,400.01535185697537,True,False,0.013329456878466317,0.008715296362765912,0.004614160515700405,0.2113223967724025,6.841513458330439,0.015404246605555727,6,0,186,Explotacion activa
487,2,ACO,poblacional,400.01516084055305,400.0156727144747,True,False,0.010583485394363379,0.005355436544732584,0.005228048849630795,0.2113223967724025,6.837127315466546,0.015386374787095746,7,0,187,Explotacion activa
488,2,ACO,poblacional,400.01516084055305,400.01533362520917,True,False,0.009848075892080033,0.004620027042449237,0.005228048849630795,0.2113223967724025,6.823968886874866,0.015332759331715805,8,0,188,Explotacion activa
489,2,ACO,poblacional,400.01516084055305,400.01527738427825,True,False,0.009848075891966346,0.004620027042449237,0.0052280488495171085,0.1928717546690561,6.810810458283186,0.015279143876335865,9,0,189,Explotacion activa
490,2,ACO,poblacional,400.0145642460365,400.0145642460365,True,False,0.00977800374215576,0.00521662155898639,0.004561382183169371,0.1498202564279154,6.7976520296915055,0.015225528420955925,0,0,190,Explotacion activa
491,2,ACO,poblacional,400.0143765845672,400.0143765845672,True,False,0.009830157272403994,0.0054042830283265175,0.004425874244077477,0.1498202564279154,6.696999243670241,0.015225528420819501,0,0,191,Explotacion activa
492,2,ACO,poblacional,400.01397885821063,400.01397885821063,True,False,0.00977190665184935,0.005802009384865414,0.003969897266983935,0.1498202564279154,6.596346457648982,0.015225528420683077,0,0,192,Explotacion activa
493,2,ACO,poblacional,400.01397885821063,400.0146002763039,True,False,0.010040846961885563,0.005802009384865414,0.004238837577020149,0.1390510449603424,6.495693671627723,0.015225528420546652,1,0,193,Explotacion activa
494,2,ACO,poblacional,400.01397885821063,400.01548516786715,True,False,0.009005759594629126,0.004369195660842706,0.0046365639337864195,0.06366656468733208,6.35872669640613,0.014998972063938252,2,0,194,Explotacion activa
495,2,ACO,poblacional,400.01397885821063,400.01418409378505,True,False,0.009274699904779027,0.004369195660842706,0.0049055042439363206,0.040448211843170156,6.203602626584363,0.014659137529093853,3,0,195,Explotacion activa
496,2,ACO,poblacional,400.01397885821063,400.0145230753747,True,False,0.008829309153782106,0.003526078553534262,0.0053032306002478435,0.03876828193415349,6.048478556762603,0.01431930299424947,4,0,196,Explotacion activa
497,2,ACO,poblacional,400.01397885821063,400.0144981328348,True,False,0.008958095200284788,0.003526078553534262,0.005432016646750526,0.03876828193415349,5.933310672020672,0.01409274663768656,5,0,197,Explotacion activa
498,2,ACO,poblacional,400.01397885821063,400.01439587430843,True,False,0.008225016846324706,0.0027930001996878673,0.005432016646636839,0.03876828193415349,5.898055157438386,0.01409274663768656,6,0,198,Explotacion activa
499,2,ACO,poblacional,400.0135342523794,400.0135342523794,True,False,0.008002956010898288,0.0032376060309502463,0.0047653499799480414,0.03876828193415349,5.8627996428561,0.01409274663768656,0,0,199,Explotacion activa
500,2,ACO,poblacional,400.0135342523794,400.0144278242077,True,False,0.008002956010898288,0.0032376060309502463,0.0047653499799480414,0.03876828193415349,5.827544128273797,0.014092746637686511,1,0,200,Explotacion activa
501,2,ACO,poblacional,400.0135342523794,400.01442897381577,True,False,0.008002956010898288,0.0032376060309502463,0.0047653499799480414,0.03876828193415349,5.462998637473553,0.01306990810824114,2,0,201,Explotacion activa
502,2,ACO,poblacional,400.0135342523794,400.0143364570181,True,False,0.008271896321048189,0.0032376060309502463,0.0050342902900979425,0.03876828193415349,5.098453146673308,0.01204706957879577,3,0,202,Explotacion activa
503,2,ACO,poblacional,400.0135342523794,400.01393244253615,True,False,0.00854083663119809,0.0032376060309502463,0.0053032306002478435,0.03870356851867313,4.733907655873064,0.0110242310493504,4,0,203,Explotacion activa
504,2,ACO,poblacional,400.0135342523794,400.0136911022174,True,False,0.008809776941347991,0.0032376060309502463,0.005572170910397745,0.038250574610310645,4.609102886485573,0.010558336211101959,5,0,204,Explotacion activa
505,2,ACO,poblacional,400.0135342523794,400.01388399993317,True,False,0.008945346266784782,0.003043786084731437,0.005901560182053345,0.036706217103500194,4.60416847780445,0.010370913218451952,6,0,205,Explotacion activa
506,2,ACO,poblacional,400.0135342523794,400.01401995345884,True,False,0.008974471577118948,0.002803971084915702,0.006170500492203246,0.03529128642765045,4.599234069123327,0.010183490225801953,7,0,206,Explotacion activa
507,2,ACO,poblacional,400.0135342523794,400.0140891166504,True,False,0.009243411887268849,0.002803971084915702,0.006439440802353147,0.03529128642765045,4.589813863760082,0.010058541564012558,8,0,207,Explotacion activa
508,2,ACO,poblacional,400.0135342523794,400.01370015746573,True,False,0.00820372910078504,0.0017192063031075122,0.006484522797677528,0.03529128642765045,4.571422065032595,0.010058541563944345,9,0,208,Explotacion activa
509,2,ACO,poblacional,400.0135342523794,400.0136500816862,True,False,0.00811111097112871,0.001626588173678556,0.006484522797450154,0.03529128642765045,4.553030266305108,0.010058541563876134,10,0,209,Explotacion activa
510,2,ACO,poblacional,400.0135342523794,400.01379444539435,True,False,0.008111110971356084,0.001626588173678556,0.006484522797677528,0.03529128642765045,4.534638467577622,0.010058541563807921,11,0,210,Explotacion activa
511,2,ACO,poblacional,400.0135342523794,400.0136301732035,True,False,0.008111110971242397,0.001626588173678556,0.006484522797563841,0.03529128642765045,4.534638467577588,0.010058541563773815,12,0,211,Explotacion activa
512,2,ACO,poblacional,400.0135342523794,400.01376067126745,True,False,0.008111110971242397,0.001626588173678556,0.006484522797563841,0.035188691256280435,4.534638467577554,0.010058541563739708,13,0,212,Explotacion activa
513,2,ACO,poblacional,400.0135342523794,400.01382652680314,True,False,0.008111110971356084,0.001626588173678556,0.006484522797677528,0.03503479849922542,4.53463846757752,0.010058541563705604,14,0,213,Explotacion activa
514,2,ACO,poblacional,400.0134381412574,400.0134381412574,True,False,0.008014999849137894,0.001722699295669372,0.006292300553468522,0.03503479849922542,4.246961487615543,0.010058541563671497,0,0,214,Explotacion activa
515,2,ACO,poblacional,400.01337968555464,400.01337968555464,True,False,0.007956544146622946,0.0017811549984116937,0.006175389148211252,0.03503479849922542,3.815446017672656,0.010058541563637391,0,0,215,Explotacion activa
516,2,ACO,poblacional,400.01337968555464,400.01358480990854,True,False,0.00822548445665916,0.0017811549984116937,0.006444329458247466,0.03503479849922542,3.383930547729728,0.010058541563603285,1,0,216,Explotacion activa
517,2,ACO,poblacional,400.01337968555464,400.01362599151895,True,False,0.008494424766809061,0.0017811549984116937,0.0067132697683973674,0.03503479849922542,3.0962535677677807,0.010058541563580548,2,0,217,Explotacion activa
518,2,ACO,poblacional,400.0132375736711,400.0132375736711,True,False,0.008621253193439316,0.0019232668819313403,0.006697986311507975,0.03503479849922542,3.0962535677677123,0.010058541563580548,0,0,218,Explotacion activa
519,2,ACO,poblacional,400.0132375736711,400.0136009139739,True,False,0.008691325343477274,0.001326672365394188,0.007364652978083086,0.033910730610881484,3.0962535677676444,0.010058541563580548,1,0,219,Explotacion activa
520,2,ACO,poblacional,400.0132375736711,400.0134840966363,True,False,0.008878986812931089,0.0011390108960540601,0.007739975916877029,0.03128790553807903,3.096253567767576,0.010058541563580548,2,0,220,Explotacion activa
521,2,ACO,poblacional,400.0132375736711,400.01350530873776,True,False,0.008481744616688047,0.0007412845395151635,0.007740460077172884,0.02167909935517965,3.096253567767576,0.010058541563580548,3,0,221,Explotacion activa
522,2,ACO,poblacional,400.0132375736711,400.0135360543999,True,False,0.008481744616801734,0.0007412845395151635,0.007740460077286571,0.01756103956250854,3.096253567767576,0.010058541563580548,4,0,222,Explotacion activa
523,2,ACO,poblacional,400.0132375736711,400.0133433470162,True,False,0.008481744616801734,0.0007412845395151635,0.007740460077286571,0.01756103956250854,3.096253567767576,0.010058541563580548,5,0,223,Explotacion activa
524,2,ACO,poblacional,400.0132375736711,400.0132454142559,True,False,0.008481744616801734,0.0007412845395151635,0.007740460077286571,0.01756103956250854,3.08906909672969,0.010043709131696232,6,0,224,Explotacion activa
525,2,ACO,poblacional,400.0132375736711,400.01360731336865,True,False,0.008703805452228153,0.0007412845395151635,0.00796252091271299,0.01756103956250854,3.0782923901728623,0.01002146048386976,7,0,225,Explotacion activa
526,2,ACO,poblacional,400.0132375736711,400.01331785549945,True,False,0.008925866287540885,0.0007412845395151635,0.008184581748025721,0.01756103956250854,3.0675156836160338,0.009999211836043286,8,0,226,Explotacion activa
527,2,ACO,poblacional,400.0132375736711,400.01336902469836,True,False,0.009147927122967303,0.0007412845395151635,0.00840664258345214,0.01756103956250854,3.0603312125781033,0.009984379404158972,9,0,227,Explotacion activa
528,2,ACO,poblacional,400.0132375736711,400.0133153306556,True,False,0.008943652307834782,0.0002966787082527844,0.008646973599581997,0.0171211925502007,3.0603312125779665,0.009984379404158972,10,0,228,Explotacion activa
529,2,ACO,poblacional,400.0132375736711,400.01327495466063,True,False,0.008943652307834782,0.0002966787082527844,0.008646973599581997,0.016827961208662146,3.06033121257783,0.009984379404158972,11,0,229,Explotacion activa
530,2,ACO,poblacional,400.0132375736711,400.0133472854019,True,False,0.008943652307834782,0.0002966787082527844,0.008646973599581997,0.016827961208662146,3.060331212577694,0.009984379404158972,12,0,230,Explotacion activa
531,2,ACO,poblacional,400.0132375736711,400.01326074209135,True,False,0.008943652307834782,0.0002966787082527844,0.008646973599581997,0.016237779233546232,2.8925462595019718,0.009847291365991846,13,0,231,Explotacion activa
532,2,ACO,poblacional,400.0132375736711,400.0132608678579,True,False,0.008943652307834782,0.0002966787082527844,0.008646973599581997,0.0159848441013537,2.7247613064262497,0.00971020332782472,14,0,232,Explotacion activa
533,2,ACO,poblacional,400.0132172258285,400.0132172258285,True,False,0.008923304465213278,0.00031702655087428866,0.008606277914338989,0.015844825181375196,2.556976353350543,0.009573115289657605,0,0,233,Explotacion activa
534,2,ACO,poblacional,400.0132172258285,400.0132861619508,True,False,0.008923304465213278,0.00031702655087428866,0.008606277914338989,0.014864692741525682,2.5010480356586413,0.009507267948561092,1,0,234,Explotacion activa
535,2,ACO,poblacional,400.0132172258285,400.0132384330666,True,False,0.008923304465213278,0.00031702655087428866,0.008606277914338989,0.014568342639449838,2.5010480356586413,0.009477040955999882,2,0,235,Explotacion activa
536,2,ACO,poblacional,400.01319529707945,400.01319529707945,True,False,0.008901375716163784,0.00033895529992378215,0.008562420416240002,0.014112856635517795,2.5010480356586413,0.009446813963438671,0,0,236,Explotacion activa
537,2,ACO,poblacional,400.01319529707945,400.01323291208644,True,False,0.008901375716163784,0.00033895529992378215,0.008562420416240002,0.012575748539171615,2.4294527609068446,0.009426662635064531,1,0,237,Explotacion activa
538,2,ACO,poblacional,400.01319529707945,400.01322843926016,True,False,0.008901375716163784,0.00033895529992378215,0.008562420416240002,0.011705302799180115,2.2146669366515157,0.009426662635064531,2,0,238,Explotacion activa
539,2,ACO,poblacional,400.01319529707945,400.01323617344593,True,False,0.008901375716163784,0.00033895529992378215,0.008562420416240002,0.011271396886456841,1.9998811123961664,0.009426662635064531,3,0,239,Explotacion activa
540,2,ACO,poblacional,400.01318136601117,400.01318136601117,True,False,0.00902955653140225,0.0003528863682049632,0.008676670163197286,0.011271396886456841,1.7850952881408375,0.009426662635064531,0,0,240,Explotacion activa
541,2,ACO,poblacional,400.01318136601117,400.0132027497336,True,False,0.009171668414921896,0.0003528863682049632,0.008818782046716933,0.011103526386585827,1.7850952881407693,0.009426662635030425,1,0,241,Explotacion activa
542,2,ACO,poblacional,400.01314474867723,400.01314474867723,True,False,0.00915996096341587,0.00038950370213797214,0.008770457261277897,0.010954053908153582,1.7850952881407012,0.009426662634996318,0,0,242,Explotacion activa
543,2,ACO,poblacional,400.01314474867723,400.01314870207284,True,False,0.009063849841425053,0.00029339258014715597,0.008770457261277897,0.010690228798137011,1.7850952881406328,0.009426662634962214,1,0,243,Explotacion activa
544,2,ACO,poblacional,400.01311890377434,400.01311890377434,True,False,0.00912166111930901,0.00026078178029820265,0.008860879339010808,0.009657496802140035,1.7850952881405875,0.009426662634950844,0,0,244,Explotacion activa
545,2,ACO,poblacional,400.01311890377434,400.01313192928046,True,False,0.009263773002828657,0.00026078178029820265,0.009002991222530454,0.009038863440167688,1.7850952881405533,0.009426662634950844,1,0,245,Explotacion activa
546,2,ACO,poblacional,400.01311890377434,400.0131199378206,True,False,0.009405884886348304,0.00026078178029820265,0.009145103106050101,0.008715296362765912,1.785095288140519,0.009426662634950844,2,0,246,Explotacion activa
547,2,ACO,poblacional,400.01311890377434,400.0131196077421,True,False,0.009438144768068923,0.000118669896778556,0.009319474871290367,0.008715296362765912,1.7850952881404851,0.009426662634950844,3,0,247,Explotacion activa
548,2,ACO,poblacional,400.01311890377434,400.0131216642959,True,False,0.009438144768068923,0.000118669896778556,0.009319474871290367,0.008715296362765912,1.785095288140451,0.009426662634950844,4,0,248,Explotacion activa
549,2,ACO,poblacional,400.01311890377434,400.0131267221881,True,False,0.009438144768068923,0.000118669896778556,0.009319474871290367,0.008715296362765912,1.785095288140417,0.009426662634950844,5,0,249,Explotacion activa
550,2,ACO,poblacional,400.01311890377434,400.0131264776981,True,False,0.009438144768068923,0.000118669896778556,0.009319474871290367,0.008715296362765912,1.7850952881403828,0.009426662634950844,6,0,250,Explotacion activa
551,2,ACO,poblacional,400.0131032841556,400.0131032841556,True,False,0.009422525149318517,0.0001342895155289625,0.009288235633789554,0.008715296362765912,1.7850952881403828,0.009426662634950844,0,0,251,Explotacion activa
552,2,ACO,poblacional,400.0130933063761,400.0130933063761,True,False,0.009412547369834101,0.00014426729501337832,0.009268280074820723,0.008715296362765912,1.7850952881403828,0.009426662634950844,0,0,252,Explotacion activa
553,2,ACO,poblacional,400.0130933063761,400.0131273769415,True,False,0.009412547369834101,0.00014426729501337832,0.009268280074820723,0.008423967664975838,1.7850952881403828,0.009426662634950844,1,0,253,Explotacion activa
554,2,ACO,poblacional,400.0130933063761,400.01312301938094,True,False,0.009412547369834101,0.00014426729501337832,0.009268280074820723,0.006384666780445522,1.7850952881403828,0.009405225082218747,2,0,254,Explotacion activa
555,2,ACO,poblacional,400.0130933063761,400.01311335072523,True,False,0.009412547369834101,0.00014426729501337832,0.009268280074820723,0.005802009384865414,1.7850952881403828,0.009373068753120606,3,0,255,Explotacion activa
556,2,ACO,poblacional,400.0130933063761,400.0131037044035,True,False,0.009412547369834101,0.00014426729501337832,0.009268280074820723,0.005722464113557634,1.7850952881403828,0.009340912424022461,4,0,256,Explotacion activa
557,2,ACO,poblacional,400.0130892574655,400.0130892574655,True,False,0.009408498459208658,0.00014831620563882097,0.009260182253569837,0.005444055663980405,1.77388129562182,0.009319474871290367,0,0,257,Explotacion activa
558,2,ACO,poblacional,400.01308880265816,400.01308880265816,True,False,0.009408043651887965,0.00014877101295951434,0.00925927263892845,0.0053749751381701565,1.7402393180661413,0.009319474871290367,0,0,258,Explotacion activa
559,2,ACO,poblacional,400.0130876477595,400.0130876477595,True,False,0.009443506087166043,0.0001499259116144458,0.009293580175551597,0.005313792049008725,1.7065973405104595,0.009319474871290367,0,0,259,Explotacion activa
560,2,ACO,poblacional,400.0130876477595,400.01309706611175,True,False,0.009447584438476042,0.0001499259116144458,0.009297658526861596,0.00521662155898639,1.6729553629547809,0.009319474871290367,1,0,260,Explotacion activa
561,2,ACO,poblacional,400.0130876477595,400.01309304951565,True,False,0.009447584438476042,0.0001499259116144458,0.009297658526861596,0.004799005397410381,1.6729553629547809,0.009319474871290367,2,0,261,Explotacion activa
562,2,ACO,poblacional,400.0130741615646,400.0130741615646,True,False,0.009450367734871179,0.00014306426390930937,0.00930730347096187,0.004620027042449237,1.6729553629547809,0.009319474871290367,0,0,262,Explotacion activa
563,2,ACO,poblacional,400.0130741615646,400.01309002492707,True,False,0.009457607899037157,0.00014306426390930937,0.009314543635127848,0.004594943904288582,1.6729553629547809,0.009319474871290367,1,0,263,Explotacion activa
564,2,ACO,poblacional,400.0130741615646,400.0130795112355,True,False,0.009457607899037157,0.00014306426390930937,0.009314543635127848,0.004419361937164013,1.6729553629547582,0.009319474871290367,2,0,264,Explotacion activa
565,2,ACO,poblacional,400.0130703731342,400.0130703731342,True,False,0.009431890719611147,0.00012492394523633266,0.009306966774374814,0.004369195660842706,1.672955362954724,0.009319474871290367,0,0,265,Explotacion activa
566,2,ACO,poblacional,400.0130703731342,400.01307709006045,True,False,0.009459752856173509,0.00012492394523633266,0.009334828910937176,0.004200572239381015,1.6729553629546898,0.009319474871290367,1,0,266,Explotacion activa
567,2,ACO,poblacional,400.01306712738767,400.01306712738767,True,False,0.00945650710963264,0.0001281696917772024,0.009328337417855437,0.0036103902642651018,1.6729553629546672,0.009319474871290367,0,0,267,Explotacion activa
568,2,ACO,poblacional,400.01306527778485,400.01306527778485,True,False,0.00949127484074097,0.00013001929460187966,0.009361255546139091,0.003526078553534262,1.6729553629546672,0.009319474871290367,0,0,268,Explotacion activa
569,2,ACO,poblacional,400.01306527778485,400.01306837677936,True,False,0.009513961106392799,0.0001160882263206986,0.0093978728800721,0.003439536796759058,1.6729553629546672,0.009322133635259888,1,0,269,Explotacion activa
570,2,ACO,poblacional,400.0130636343859,400.0130636343859,True,False,0.009548935041379991,0.00011773162526651504,0.009431203416113476,0.0032376060309502463,1.6729553629546672,0.009328337417855437,0,0,270,Explotacion activa
571,2,ACO,poblacional,400.01306296272116,400.01306296272116,True,False,0.009559035807683358,8.178595606977979e-05,0.009477249851613578,0.0032376060309502463,1.6729553629546672,0.009332881463012654,0,0,271,Explotacion activa
572,2,ACO,poblacional,400.0130594613115,400.0130594613115,True,False,0.009581379300925619,8.528736572088746e-05,0.009496091935204731,0.0032376060309502463,1.6729553629546672,0.009345399565017941,0,0,272,Explotacion activa
573,2,ACO,poblacional,400.0130594613115,400.0130604567028,True,False,0.009560365347567767,5.9442462827519194e-05,0.009500922884740248,0.0032376060309502463,1.6729553629546672,0.009364917279532392,1,0,273,Explotacion activa
574,2,ACO,poblacional,400.0130594613115,400.01306184944747,True,False,0.009560365347567767,5.9442462827519194e-05,0.009500922884740248,0.0032376060309502463,1.6729553629546672,0.009390549413285498,2,0,274,Explotacion activa
575,2,ACO,poblacional,400.0130594613115,400.0130606585629,True,False,0.009560365347567767,5.9442462827519194e-05,0.009500922884740248,0.0032376060309502463,1.6729553629546672,0.009412267757511472,3,0,275,Explotacion activa
576,2,ACO,poblacional,400.013052945574,400.013052945574,True,False,0.00955384961002892,6.595820036636724e-05,0.009487891409662552,0.0032376060309502463,1.6729553629546672,0.009426662634950844,0,0,276,Explotacion activa
577,2,ACO,poblacional,400.013052945574,400.0130596539976,True,False,0.009569469228779326,6.595820036636724e-05,0.009503511028412959,0.0032376060309502463,1.664306360456434,0.009426662634950844,1,0,277,Explotacion activa
578,2,ACO,poblacional,400.013052945574,400.0130542297378,True,False,0.009585088847529732,6.595820036636724e-05,0.009519130647163365,0.003121314063218959,1.6383593529617424,0.009426662634950844,2,0,278,Explotacion activa
579,2,ACO,poblacional,400.013052945574,400.01305301898066,True,False,0.009600708466280139,6.595820036636724e-05,0.009534750265913772,0.002971841584786717,1.612412345467048,0.009426662634950844,3,0,279,Explotacion activa
580,2,ACO,poblacional,400.01304940401667,400.01304940401667,True,False,0.009592283501945076,5.3880138921158505e-05,0.009538403363023917,0.002803971084915702,1.5864653379723563,0.009426662634950844,0,0,280,Explotacion activa
581,2,ACO,poblacional,400.0130471219803,400.0130471219803,True,False,0.009580023686112327,4.618439578507605e-05,0.00953383929032725,0.002803971084915702,1.5864653379723563,0.009426662635030425,0,0,281,Explotacion activa
582,2,ACO,poblacional,400.0130471219803,400.013052030755,True,False,0.009580023686112327,4.618439578507605e-05,0.00953383929032725,0.002799582730824568,1.5864653379723563,0.009426662635064531,1,0,282,Explotacion activa
583,2,ACO,poblacional,400.0130471219803,400.0130490395277,True,False,0.009588121507363212,4.618439578507605e-05,0.009541937111578136,0.002706026867912207,1.5864653379723563,0.009427116713169426,2,0,283,Explotacion activa
584,2,ACO,poblacional,400.0130471219803,400.0130557858882,True,False,0.009589031122004599,4.618439578507605e-05,0.009542846726219523,0.0020972135454826483,1.5719436261381803,0.009430295259903687,3,0,284,Explotacion activa
585,2,ACO,poblacional,400.0130471219803,400.013047802464,True,False,0.009591340919314462,4.618439578507605e-05,0.009545156523529386,0.001852210940171517,1.5501610583869194,0.009454226633863527,4,0,285,Explotacion activa
586,2,ACO,poblacional,400.01304699994455,400.01304699994455,True,False,0.009587169972917309,4.2257520931343606e-05,0.009544912451985965,0.0017811549984116937,1.5283784906356563,0.009479378163223372,0,0,286,Explotacion activa
587,2,ACO,poblacional,400.01304699994455,400.0130478128294,True,False,0.009586715165596615,4.1802713610650244e-05,0.009544912451985965,0.0017811549984116937,1.4452077993965091,0.009486827253857655,1,0,287,Explotacion activa
588,2,ACO,poblacional,400.01304363075656,400.01304363075656,True,False,0.009595677273864567,4.401700294920374e-05,0.009551660270915363,0.0017811549984116937,1.2392608611816474,0.00949281172498786,0,0,288,Explotacion activa
589,2,ACO,poblacional,400.013040048006,400.013040048006,True,False,0.0096055807182438,4.759975348633816e-05,0.009557980964757462,0.0017636182875889973,1.0333139229667663,0.009497541220065386,0,0,289,Explotacion activa
590,2,ACO,poblacional,400.013040048006,400.01304405562627,True,False,0.009619066913160168,4.759975348633816e-05,0.00957146715967383,0.001722699295669372,0.8273669847519045,0.009500922884740248,1,0,290,Explotacion activa
591,2,ACO,poblacional,400.0130343956759,400.0130343956759,True,False,0.009613869302881994,3.976588868681574e-05,0.009574103414195179,0.0017202542008760702,0.8273669847518704,0.009500922884740248,0,0,291,Explotacion activa
592,2,ACO,poblacional,400.0130343956759,400.01304710569315,True,False,0.00961493042609618,3.976588868681574e-05,0.009575164537409364,0.0016821590513359291,0.8273669847518363,0.009500922884740248,1,0,292,Explotacion activa
593,2,ACO,poblacional,400.0130343956759,400.01304422577886,True,False,0.00962142191917792,3.976588868681574e-05,0.009581656030491104,0.001626588173678556,0.8273669847518021,0.00950118169910752,2,0,293,Explotacion activa
594,2,ACO,poblacional,400.0130343956759,400.0130439371664,True,False,0.009621332694450757,3.597745831029897e-05,0.009585355236140458,0.001626588173678556,0.8267208266126772,0.009502993399678417,3,0,294,Explotacion activa
595,2,ACO,poblacional,400.0130343956759,400.0130359257622,True,False,0.009621332694450757,3.597745831029897e-05,0.009585355236140458,0.001626588173678556,0.8257515894040068,0.009511320837788162,4,0,295,Explotacion activa
596,2,ACO,poblacional,400.0130343956759,400.01304161481613,True,False,0.00962137374580152,3.273171176942924e-05,0.009588642034032091,0.001626588173678556,0.8247823521953364,0.009520788373117739,5,0,296,Explotacion activa
597,2,ACO,poblacional,400.0130343956759,400.01303808838907,True,False,0.00962086747244939,3.088210894475196e-05,0.009589985363504638,0.001626588173678556,0.823311129441697,0.009526590413958046,6,0,297,Explotacion activa
598,2,ACO,poblacional,400.0130343956759,400.0130359618379,True,False,0.009627383209988238,3.088210894475196e-05,0.009596501101043486,0.001626588173678556,0.8208359355981201,0.009531271284970444,7,0,298,Explotacion activa
599,2,ACO,poblacional,400.01302943089814,400.01302943089814,True,False,0.009621262115047102,3.42034877576225e-05,0.00958705862728948,0.0015366134311932465,0.818360741754543,0.00953383929032725,0,0,299,Explotacion activa
600,2,ACO,poblacional,400.01302943089814,400.0130338545182,True,False,0.009620590450310829,3.353182302134883e-05,0.00958705862728948,0.001326672365394188,0.8158855479109661,0.00953383929032725,1,0,300,Explotacion activa
601,3,ACO,poblacional,400.01302943089814,902.6604634250203,False,False,,,,,,,0,0,1,Llenando ventana
602,3,ACO,poblacional,400.01302943089814,527.1200813234123,False,False,,,,,,,1,0,2,Llenando ventana
603,3,ACO,poblacional,400.01302943089814,525.6386910641725,False,False,,,,,,,2,0,3,Llenando ventana
604,3,ACO,poblacional,400.01302943089814,449.578849531834,False,False,,,,,,,3,0,4,Llenando ventana
605,3,ACO,poblacional,400.01302943089814,432.03717201859035,False,False,,,,,,,4,0,5,Llenando ventana
606,3,ACO,poblacional,400.01302943089814,434.46778394829784,False,False,,,,,,,5,0,6,Llenando ventana
607,3,ACO,poblacional,400.01302943089814,421.91795563815543,False,False,,,,,,,6,0,7,Llenando ventana
608,3,ACO,poblacional,400.01302943089814,413.1607105052028,False,False,,,,,,,7,0,8,Llenando ventana
609,3,ACO,poblacional,400.01302943089814,412.649844248535,False,False,,,,,,,8,0,9,Llenando ventana
610,3,ACO,poblacional,400.01302943089814,408.8150057558298,False,False,,,,,,,9,0,10,Llenando ventana
611,3,ACO,poblacional,400.01302943089814,414.64585698355313,False,False,,,,,,,10,0,11,Llenando ventana
612,3,ACO,poblacional,400.01302943089814,407.35400129741663,False,False,,,,,,,11,0,12,Llenando ventana
613,3,ACO,poblacional,400.01302943089814,406.45830181148557,False,False,,,,,,,12,0,13,Llenando ventana
614,3,ACO,poblacional,400.01302943089814,405.57865936506727,False,False,,,,,,,13,0,14,Llenando ventana
615,3,ACO,poblacional,400.01302943089814,405.77684173433903,False,False,,,,,,,14,0,15,Llenando ventana
616,3,ACO,poblacional,400.01302943089814,403.24713903042505,False,False,,,,,,,15,0,16,Llenando ventana
617,3,ACO,poblacional,400.01302943089814,404.7666626805632,False,False,,,,,,,16,0,17,Llenando ventana
618,3,ACO,poblacional,400.01302943089814,401.2743528634789,False,False,,,,,,,17,0,18,Llenando ventana
619,3,ACO,poblacional,400.01302943089814,401.08642534607753,False,False,,,,,,,18,0,19,Llenando ventana
620,3,ACO,poblacional,400.01302943089814,403.1705160326076,False,False,,,,,,,19,0,20,Llenando ventana
621,3,ACO,poblacional,400.01302943089814,403.37763759925286,False,False,,,,,,,20,0,21,Llenando ventana
622,3,ACO,poblacional,400.01302943089814,401.96952830716117,False,False,,,,,,,21,0,22,Llenando ventana
623,3,ACO,poblacional,400.01302943089814,402.304078527473,False,False,,,,,,,22,0,23,Llenando ventana
624,3,ACO,poblacional,400.01302943089814,402.32333895383374,False,False,,,,,,,23,0,24,Llenando ventana
625,3,ACO,poblacional,400.01302943089814,400.91193766830236,False,False,,,,,,,24,0,25,Llenando ventana
626,3,ACO,poblacional,400.01302943089814,400.22849237687586,False,False,,,,,,,25,0,26,Llenando ventana
627,3,ACO,poblacional,400.01302943089814,400.2989897009297,False,False,,,,,,,26,0,27,Llenando ventana
628,3,ACO,poblacional,400.01302943089814,401.083227314796,False,False,,,,,,,27,0,28,Llenando ventana
629,3,ACO,poblacional,400.01302943089814,401.6566604791003,False,False,,,,,,,28,0,29,Llenando ventana
630,3,ACO,poblacional,400.01302943089814,400.9608388670168,True,False,0.009666666666646506,0.0,0.009666666666646506,3.0,15.0,9.0,29,0,30,Explotacion activa
631,3,ACO,poblacional,400.01302943089814,400.8975206782462,True,False,0.009666666666646506,0.0,0.009666666666646506,3.0,15.0,9.0,30,0,31,Explotacion activa
632,3,ACO,poblacional,400.01302943089814,400.6735760479197,True,False,0.009666666666646506,0.0,0.009666666666646506,3.0,15.0,9.0,31,0,32,Explotacion activa
633,3,ACO,poblacional,400.01302943089814,400.2311448192838,True,False,0.009666666666646506,0.0,0.009666666666646506,3.0,15.0,9.0,32,0,33,Explotacion activa
634,3,ACO,poblacional,400.01302943089814,400.7628476307638,True,False,0.009666666666646506,0.0,0.009666666666646506,3.0,15.0,9.0,33,0,34,Explotacion activa
635,3,ACO,poblacional,400.01302943089814,400.2195484877094,True,False,0.009666666666646506,0.0,0.009666666666646506,3.0,15.0,9.0,34,0,35,Explotacion activa
636,3,ACO,poblacional,400.01302943089814,400.2857804427139,True,False,0.009666666666646506,0.0,0.009666666666646506,3.0,15.0,9.0,35,0,36,Explotacion activa
637,3,ACO,poblacional,400.01302943089814,400.4227732793762,True,False,0.009666666666646506,0.0,0.009666666666646506,3.0,15.0,9.0,36,0,37,Explotacion activa
638,3,ACO,poblacional,400.01302943089814,400.2201449408516,True,False,0.009666666666646506,0.0,0.009666666666646506,3.0,15.0,9.0,37,0,38,Explotacion activa
639,3,ACO,poblacional,400.01302943089814,400.318068681205,True,False,0.009666666666646506,0.0,0.009666666666646506,0.0,0.009666666666646506,0.009666666666646506,38,1,39,Explotacion activa
640,3,ACO,poblacional,400.01302943089814,400.2228747714339,True,False,0.009666666666646506,0.0,0.009666666666646506,0.0,0.009666666666646506,0.009666666666646506,39,2,40,Explotacion activa
641,3,ACO,poblacional,400.01302943089814,400.3218967972988,True,True,0.009666666666646506,0.0,0.009666666666646506,0.0,0.009666666666646506,0.009666666666646506,40,3,41,ESTANCAMIENTO (Fire)
642,4,WOA,poblacional,400.01302943089814,400.01302943089814,False,False,,,,,,,0,0,1,Llenando ventana
643,4,WOA,poblacional,400.01302943089814,400.01302943089814,False,False,,,,,,,1,0,2,Llenando ventana
644,4,WOA,poblacional,400.01302943089814,400.01302943089814,False,False,,,,,,,2,0,3,Llenando ventana
645,4,WOA,poblacional,400.01302943089814,400.01302943089814,False,False,,,,,,,3,0,4,Llenando ventana
646,4,WOA,poblacional,400.01302943089814,400.01302943089814,False,False,,,,,,,4,0,5,Llenando ventana
647,4,WOA,poblacional,400.01302943089814,400.01302943089814,False,False,,,,,,,5,0,6,Llenando ventana
648,4,WOA,poblacional,400.01302943089814,400.01302943089814,False,False,,,,,,,6,0,7,Llenando ventana
649,4,WOA,poblacional,400.01302943089814,400.01302943089814,False,False,,,,,,,7,0,8,Llenando ventana
650,4,WOA,poblacional,400.01302943089814,400.01302943089814,False,False,,,,,,,8,0,9,Llenando ventana
651,4,WOA,poblacional,400.0130186519364,400.0130186519364,False,False,,,,,,,0,0,10,Llenando ventana
652,4,WOA,poblacional,400.0130186519364,400.0130186519364,False,False,,,,,,,1,0,11,Llenando ventana
653,4,WOA,poblacional,400.0130182769446,400.0130182769446,False,False,,,,,,,0,0,12,Llenando ventana
654,4,WOA,poblacional,400.01301668173124,400.01301668173124,False,False,,,,,,,0,0,13,Llenando ventana
655,4,WOA,poblacional,400.01301668173124,400.01301668173124,False,False,,,,,,,1,0,14,Llenando ventana
656,4,WOA,poblacional,400.01301668173124,400.01301668173124,False,False,,,,,,,2,0,15,Llenando ventana
657,4,WOA,poblacional,400.01301642989955,400.01301642989955,False,False,,,,,,,0,0,16,Llenando ventana
658,4,WOA,poblacional,400.0130160819284,400.0130160819284,False,False,,,,,,,0,0,17,Llenando ventana
659,4,WOA,poblacional,400.01301593611936,400.01301593611936,False,False,,,,,,,0,0,18,Llenando ventana
660,4,WOA,poblacional,400.0130159091751,400.0130159091751,False,False,,,,,,,0,0,19,Llenando ventana
661,4,WOA,poblacional,400.0130126874313,400.0130126874313,False,False,,,,,,,0,0,20,Llenando ventana
662,4,WOA,poblacional,400.01301113446783,400.01301113446783,False,False,,,,,,,0,0,21,Llenando ventana
663,4,WOA,poblacional,400.01300776255556,400.01300776255556,False,False,,,,,,,0,0,22,Llenando ventana
664,4,WOA,poblacional,400.0130051731745,400.0130051731745,False,False,,,,,,,0,0,23,Llenando ventana
665,4,WOA,poblacional,400.0130032726511,400.0130032726511,False,False,,,,,,,0,0,24,Llenando ventana
666,4,WOA,poblacional,400.0130011407529,400.0130011407529,False,False,,,,,,,0,0,25,Llenando ventana
667,4,WOA,poblacional,400.0129993081451,400.0129993081451,False,False,,,,,,,0,0,26,Llenando ventana
668,4,WOA,poblacional,400.0129987375217,400.0129987375217,False,False,,,,,,,0,0,27,Llenando ventana
669,4,WOA,poblacional,400.01299822652226,400.01299822652226,False,False,,,,,,,0,0,28,Llenando ventana
670,4,WOA,poblacional,400.0129814568918,400.0129814568918,False,False,,,,,,,0,0,29,Llenando ventana
671,4,WOA,poblacional,400.0129814568918,400.0129814568918,True,False,0.009568383768908006,4.797400634970472e-05,0.009520409762558302,3.0,15.0,9.0,1,0,30,Explotacion activa
672,4,WOA,poblacional,400.0129807276237,400.0129807276237,True,False,0.009567654500813205,4.870327444450595e-05,0.0095189512263687,3.0,15.0,9.0,0,0,31,Explotacion activa
673,4,WOA,poblacional,400.01297966408566,400.01297966408566,True,False,0.0095665909627769,4.9766812480811495e-05,0.009516824150296088,3.0,15.0,9.0,0,0,32,Explotacion activa
674,4,WOA,poblacional,400.0129791198601,400.0129791198601,True,False,0.009566046737234046,5.031103802366488e-05,0.009515735699210381,3.0,15.0,9.0,0,0,33,Explotacion activa
675,4,WOA,poblacional,400.01297899045943,400.01297899045943,True,False,0.009565917336544771,5.0440438712939795e-05,0.009515476897831832,3.0,15.0,9.0,0,0,34,Explotacion activa
676,4,WOA,poblacional,400.0129787201018,400.0129787201018,True,False,0.009565646978899167,5.071079635854403e-05,0.009514936182540623,3.0,15.0,9.0,0,0,35,Explotacion activa
677,4,WOA,poblacional,400.0129773802145,400.0129773802145,True,False,0.009581076722099624,5.2050683621018834e-05,0.009529026038478605,3.0,15.0,9.0,0,0,36,Explotacion activa
678,4,WOA,poblacional,400.012977142251,400.012977142251,True,False,0.009585627051535539,5.2288647168552416e-05,0.009533338404366987,3.0,15.0,9.0,0,0,37,Explotacion activa
679,4,WOA,poblacional,400.0129768643922,400.0129768643922,True,False,0.009586099176431162,5.256650592855294e-05,0.009533532670502609,3.0,15.0,9.0,0,0,38,Explotacion activa
680,4,WOA,poblacional,400.0129768079234,400.0129768079234,True,False,0.009578454172583406,4.184401302609331e-05,0.009536610159557313,4.944775106991983e-05,0.009579240937438272,0.00953031974824512,0,0,39,Explotacion activa
681,4,WOA,poblacional,400.0129767985562,400.0129767985562,True,False,0.009578444805413255,4.185338019624396e-05,0.009536591425217011,4.870327444450595e-05,0.009578454172583406,0.009533338404366987,0,0,40,Explotacion activa
682,4,WOA,poblacional,400.0129766804764,400.0129766804764,True,False,0.009577951733774626,4.159646817925022e-05,0.009536355265595375,4.819278677814509e-05,0.00957845136243236,0.009533474390661923,0,0,41,Explotacion activa
683,4,WOA,poblacional,400.0129766088343,400.0129766088343,True,False,0.009576788541721726,4.007289692253835e-05,0.009536715644799187,4.552575588832042e-05,0.009578448552281316,0.009534661708539716,0,0,42,Explotacion activa
684,4,WOA,poblacional,400.01297638462245,400.01297638462245,True,False,0.009577260272124022,4.0297108796494285e-05,0.009536963163327528,4.18524434792289e-05,0.00957844574213027,0.009536378881557539,0,0,43,Explotacion activa
685,4,WOA,poblacional,400.01297633916903,400.01297633916903,True,False,0.009577506436812655,4.034256221530086e-05,0.009537163874597354,4.1845886460123435e-05,0.009578346191085529,0.009536544193292685,0,0,44,Explotacion activa
686,4,WOA,poblacional,400.0129761418873,400.0129761418873,True,False,0.009577111211854117,4.028801225786083e-05,0.009536823199596256,4.1720240602671765e-05,0.00957819826959394,0.009536600792387162,0,0,45,Explotacion activa
687,4,WOA,poblacional,400.01297589881653,400.01297589881653,True,False,0.009582963657635446,4.0183111877922784e-05,0.009542780545757523,4.134568698646035e-05,0.009578446678847285,0.009536631256605688,0,0,46,Explotacion activa
688,4,WOA,poblacional,400.0129757916018,400.0129757916018,True,False,0.009585816560729654,4.014451758393989e-05,0.009545672043145714,4.04679528116958e-05,0.009578453235866391,0.009536705096275,0,0,47,Explotacion activa
689,4,WOA,poblacional,400.0129751771315,400.0129751771315,True,False,0.009591918970784263,4.073204360111049e-05,0.009551186927183153,4.049835476962471e-05,0.009580027702293136,0.009536780177677428,0,0,48,Explotacion activa
690,4,WOA,poblacional,400.01297421234136,400.01297421234136,True,False,0.009592911198865295,3.847508992294024e-05,0.009554436108942355,4.032892618965889e-05,0.00958164280276037,0.009536865188715637,0,0,49,Explotacion activa
691,4,WOA,poblacional,400.01297339521636,400.01297339521636,True,False,0.009594342157299707,3.773925146788315e-05,0.009556602905831824,4.0297108796494285e-05,0.009582963657635446,0.009536963163327528,0,0,50,Explotacion activa
692,4,WOA,poblacional,400.01297322847,400.01297322847,True,False,0.009595067294981163,3.453408555742499e-05,0.009560533209423738,4.0290741219450864e-05,0.009584828033365512,0.009537103661216406,0,0,51,Explotacion activa
693,4,WOA,poblacional,400.012973209451,400.012973209451,True,False,0.009596124110601068,3.196372352931576e-05,0.009564160387071752,4.024605210588561e-05,0.009585702855213185,0.009539410543061422,0,0,52,Explotacion activa
694,4,WOA,poblacional,400.0129731486911,400.0129731486911,True,False,0.009595304074082378,3.0123959959382773e-05,0.009565180114122995,4.01792524485245e-05,0.009585844822299804,0.009543069695496342,0,0,53,Explotacion activa
695,4,WOA,poblacional,400.0129730927292,400.0129730927292,True,False,0.009594138212889902,2.8048023693827417e-05,0.009566090189196075,4.015223644273647e-05,0.00958604265329086,0.009545093743668076,0,0,54,Explotacion activa
696,4,WOA,poblacional,400.01297300480576,400.01297300480576,True,False,0.009608987312049067,2.6303339325295383e-05,0.009582683972723771,4.010870725323912e-05,0.009589009073607713,0.009548429485164434,0,0,55,Explotacion activa
697,4,WOA,poblacional,400.0129725780466,400.0129725780466,True,False,0.009624759559926588,2.6159475112308428e-05,0.00959860008481428,3.9753335522618725e-05,0.00959211741640047,0.009551836763534993,0,0,56,Explotacion activa
698,4,WOA,poblacional,400.0129725656413,400.0129725656413,True,False,0.0096410057856815,2.5660880965006072e-05,0.009615344904716494,3.863487062290005e-05,0.009592811976057191,0.009554111190766434,0,0,57,Explotacion activa
699,4,WOA,poblacional,400.0129725549486,400.0129725549486,True,False,0.009656424836180122,8.901943203909468e-06,0.009647522892976212,3.8033586849905984e-05,0.009593647407280059,0.009555736187076036,0,0,58,Explotacion activa
700,4,WOA,poblacional,400.01297246641985,400.01297246641985,True,False,0.009657676194706255,8.990471940251155e-06,0.009648685722766004,3.67777016947457e-05,0.009594199396212843,0.009557781996909398,0,0,59,Explotacion activa
701,4,WOA,poblacional,400.0129722977683,400.0129722977683,True,False,0.00965769147796891,8.429855427039001e-06,0.009649261622541871,3.453408555742499e-05,0.009594342157299707,0.009560533209423738,0,0,60,Explotacion activa
702,4,WOA,poblacional,400.0129720004582,400.0129720004582,True,False,0.00965687134515747,7.663627457077382e-06,0.009649207717700392,3.273483213774852e-05,0.009594849753676726,0.009563072233777347,0,0,61,Explotacion activa
703,4,WOA,poblacional,400.0129717127279,400.0129717127279,True,False,0.009657379276575284,7.407132216030732e-06,0.009649972144359253,3.122781810134256e-05,0.009595162006621649,0.00956456827789225,0,0,62,Explotacion activa
704,4,WOA,poblacional,400.0129715378813,400.0129715378813,True,False,0.009658414916543734,7.452578131506016e-06,0.009650962338412228,2.991636633282724e-05,0.009595386077734247,0.009565271121630303,0,0,63,Explotacion activa
705,4,WOA,poblacional,400.01297140030306,400.01297140030306,True,False,0.009659346867920249,7.3197987262574316e-06,0.009652027069193991,2.8463210946938487e-05,0.00959596010329733,0.009565908174181459,0,0,64,Explotacion activa
706,4,WOA,poblacional,400.01297123003684,400.01297123003684,True,False,0.009658766700738397,6.1501776826844434e-06,0.009652616523055713,2.71756815095614e-05,0.009602555711325067,0.009574387080959923,0,0,65,Explotacion activa
707,4,WOA,poblacional,400.01297114137765,400.01297114137765,True,False,0.009658458812339177,6.000873327138834e-06,0.009652457939012038,2.6274566482697993e-05,0.00961214176162457,0.009585867195141873,0,0,66,Explotacion activa
708,4,WOA,poblacional,400.01297106630875,400.01297106630875,True,False,0.009658342044303936,5.7980834640147805e-06,0.009652543960839921,2.6173861533607125e-05,0.009623182335138836,0.009597008473605229,0,0,67,Explotacion activa
709,4,WOA,poblacional,400.0129710052322,400.0129710052322,True,False,0.009658367783117683,5.8026911915476376e-06,0.009652565091926135,2.5860318623927013e-05,0.009634507295379536,0.009608646976755609,0,0,68,Explotacion activa
710,4,WOA,poblacional,400.0129709511505,400.0129709511505,True,False,0.009658752758014089,5.8474057027524395e-06,0.009652905352311336,2.0659758257579585e-05,0.009645631500831087,0.009624998301194409,0,0,69,Explotacion activa
711,4,WOA,poblacional,400.0129708968943,400.0129708968943,True,False,0.009658671328793389,5.7835821394292e-06,0.00965288774665396,8.990471940251155e-06,0.009656424836180122,0.009647522892976212,0,0,70,Explotacion activa
712,4,WOA,poblacional,400.0129708921799,400.0129708921799,True,False,0.009658989535807905,5.71665441384539e-06,0.00965327288139406,8.928501824811973e-06,0.009656737392464265,0.009648336873829067,0,0,71,Explotacion activa
713,4,WOA,poblacional,400.0129708888126,400.0129708888126,True,False,0.009659248098159878,5.495809830335929e-06,0.009653752288329542,8.713108093161281e-06,0.009657074517724596,0.009648894520739758,0,0,72,Explotacion activa
714,4,WOA,poblacional,400.0129708829601,400.0129708829601,True,False,0.009659411221718983,5.456208953091846e-06,0.009653955012765891,8.35323263004284e-06,0.009657408968388381,0.00964921310818454,0,0,73,Explotacion activa
715,4,WOA,poblacional,400.012970864016,400.012970864016,True,False,0.009660159786051281,5.2778713097723085e-06,0.009654881914741509,7.816873051069706e-06,0.009657616811080062,0.009649250841573576,0,0,74,Explotacion activa
716,4,WOA,poblacional,400.01297085210973,400.01297085210973,True,False,0.00966086959920176,5.046706803568668e-06,0.009655822892398191,7.558102794291699e-06,0.009657683836337583,0.009649616883450562,0,0,75,Explotacion activa
717,4,WOA,poblacional,400.0129708205757,400.0129708205757,True,False,0.009661695640545531,4.971026100974996e-06,0.009656724614444556,7.443488948410959e-06,0.009657821591235915,0.009650170183169849,0,0,76,Explotacion activa
718,4,WOA,poblacional,400.0129707751083,400.0129707751083,True,False,0.009662264643395702,4.402023250804632e-06,0.009657862620144897,7.41167680757826e-06,0.009658276987670434,0.009650863319006931,0,0,77,Explotacion activa
719,4,WOA,poblacional,400.01297073186817,400.01297073186817,True,False,0.009663186193449746,3.4804731967597036e-06,0.009659705720252987,7.3547321221667515e-06,0.009658357487592185,0.009651601176881287,0,0,78,Explotacion activa
720,4,WOA,poblacional,400.0129706396785,400.0129706396785,True,False,0.009663123901702875,2.7555378778743034e-06,0.009660368363825,6.9689124131855344e-06,0.009658381923145498,0.009652156330139406,0,0,79,Explotacion activa
721,4,WOA,poblacional,400.01297050695524,400.01297050695524,True,False,0.009662936355880447,2.7215147611059365e-06,0.009660214841119341,6.1501776826844434e-06,0.009658414916543734,0.009652457939012038,0,0,80,Explotacion activa
722,4,WOA,poblacional,400.0129701821729,400.0129701821729,True,False,0.00966276840148339,3.0272780691120715e-06,0.009659741123414278,6.045664633802517e-06,0.009658445643600544,0.009652518154291556,0,0,81,Explotacion activa
723,4,WOA,poblacional,400.01296954859896,400.01296954859896,True,False,0.009662087197284563,3.6000921568302147e-06,0.009658487105127733,5.939486277384276e-06,0.009658543818920862,0.009652552413274406,0,0,82,Explotacion activa
724,4,WOA,poblacional,400.0129692371135,400.0129692371135,True,False,0.009661964504914522,3.855615716474858e-06,0.009658108889198047,5.84293425163196e-06,0.009658679471715458,0.009652570235039093,0,0,83,Explotacion activa
725,4,WOA,poblacional,400.0129686558823,400.0129686558823,True,False,0.009661316735616765,4.348923482666578e-06,0.009656967812134098,5.811634093788598e-06,0.009658736472169948,0.009652606236829796,0,0,84,Explotacion activa
726,4,WOA,poblacional,400.0129686169383,400.0129686169383,True,False,0.009661028089908541,3.961108291150595e-06,0.00965706698161739,5.800387327781209e-06,0.009658759729376243,0.009652752134854836,0,0,85,Explotacion activa
727,4,WOA,poblacional,400.01296858203295,400.01296858203295,True,False,0.009661318082464732,3.983608337421174e-06,0.00965733447412731,5.795183199097664e-06,0.0096588112677523,0.009652891267785435,0,0,86,Explotacion activa
728,4,WOA,poblacional,400.01296856886074,400.01296856886074,True,False,0.009661888837683819,3.986087847351882e-06,0.009657902749836467,5.785032271887758e-06,0.009658967252300954,0.009652903591745598,0,0,87,Explotacion activa
729,4,WOA,poblacional,400.01296852425105,400.01296852425105,True,False,0.00966233115985915,3.9421688029506186e-06,0.0096583889910562,5.743425504078914e-06,0.00965914467321909,0.00965312586976097,0,0,88,Explotacion activa
730,4,WOA,poblacional,400.012968313892,400.012968313892,True,False,0.009662301842411125,3.983876297297684e-06,0.009658317966113827,5.650401038792552e-06,0.009659277729087989,0.009653416703474704,0,0,89,Explotacion activa
731,4,WOA,poblacional,400.01296823808684,400.01296823808684,True,False,0.009662203883692655,3.762371363791317e-06,0.009658441512328864,5.495809830335929e-06,0.009659346867920249,0.009653752288329542,0,0,90,Explotacion activa
732,4,WOA,poblacional,400.01296813624805,400.01296813624805,True,False,0.009662154847035254,3.576479855382786e-06,0.00965857836717987,5.4680892162650705e-06,0.009659391915579362,0.009653894195434987,0,0,91,Explotacion activa
733,4,WOA,poblacional,400.0129677908304,400.0129677908304,True,False,0.009661811901139572,3.747050925539952e-06,0.009658064850214032,5.38487389576403e-06,0.009659710647451903,0.009654325773556138,0,0,92,Explotacion activa
734,4,WOA,poblacional,400.0129675034504,400.0129675034504,True,False,0.009661537080717153,3.896852661000594e-06,0.009657640228056152,5.254754859151944e-06,0.009660230767366329,0.009654976012507177,0,0,93,Explotacion activa
735,4,WOA,poblacional,400.0129669240221,400.0129669240221,True,False,0.009660909539320528,4.306014716348727e-06,0.00965660352460418,5.092939704809396e-06,0.009660727636571664,0.009655634696866856,0,0,94,Explotacion activa
736,4,WOA,poblacional,400.0129667916669,400.0129667916669,True,False,0.009660796688251594,4.3497107640178e-06,0.009656446977487576,5.008866452271832e-06,0.009660833143726677,0.009656134934942884,0,0,95,Explotacion activa
737,4,WOA,poblacional,400.01296648240924,400.01296648240924,True,False,0.009660520874206213,4.583899510635092e-06,0.009655936974695578,4.893600782907015e-06,0.009660811270441627,0.009656038975253977,0,0,96,Explotacion activa
738,4,WOA,poblacional,400.01296648240924,400.01296648240924,True,False,0.009660469226389523,4.52282296237172e-06,0.009655946403427151,4.6226121696690815e-06,0.009660769106847055,0.009655945460553993,1,0,97,Explotacion activa
739,4,WOA,poblacional,400.0129663804461,400.0129663804461,True,False,0.009660319916122262,4.570704447814933e-06,0.009655749211674447,4.5759824729429965e-06,0.009660686362633442,0.009655942631934523,0,0,98,Explotacion activa
740,4,WOA,poblacional,400.01296636013393,400.01296636013393,True,False,0.009660257052814814,4.5367603433987824e-06,0.009655720292471415,4.560521216490088e-06,0.009660603618419828,0.00965593980331505,0,0,99,Explotacion activa
741,4,WOA,poblacional,400.01296636013234,400.01296636013234,True,False,0.009660290225042445,4.5320475692278706e-06,0.009655758177473217,4.5367603433987824e-06,0.009660520874206213,0.009655936974695578,0,0,100,Explotacion activa
742,4,WOA,poblacional,400.0129663276963,400.0129663276963,True,False,0.009660278234207453,4.561116327295167e-06,0.009655717117880158,4.544067138567698e-06,0.009660505379861207,0.009655902750006362,0,0,101,Explotacion activa
743,4,WOA,poblacional,400.01296632318946,400.01296632318946,True,False,0.009660330942949713,4.559770616197056e-06,0.009655771172333516,4.5505665070777465e-06,0.0096604898855162,0.009655868525317145,0,0,102,Explotacion activa
744,4,WOA,poblacional,400.01296630764136,400.01296630764136,True,False,0.009660387385565627,4.556374619824055e-06,0.009655831010945803,4.554413192181528e-06,0.009660474391171191,0.00965584160732078,0,0,103,Explotacion activa
745,4,WOA,poblacional,400.01296628976837,400.01296628976837,True,False,0.00966044408653488,4.562341359815036e-06,0.009655881745175066,4.557053819098655e-06,0.009660464198418595,0.009655871598329212,0,0,104,Explotacion activa
746,4,WOA,poblacional,400.0129662709131,400.0129662709131,True,False,0.009660578076591264,4.549662548924971e-06,0.00965602841404234,4.553018584374513e-06,0.009660495050297868,0.009655909359935322,0,0,105,Explotacion activa
747,4,WOA,poblacional,400.01296625080283,400.01296625080283,True,False,0.00966077794538478,4.52430543873561e-06,0.009656253639946044,4.5470821078197335e-06,0.009660532314683223,0.009655938860441892,0,0,106,Explotacion activa
748,4,WOA,poblacional,400.012966222429,400.012966222429,True,False,0.009661339905392197,4.5094391794009425e-06,0.009656830466212796,4.538050563951401e-06,0.009660572356352759,0.009655945460553993,0,0,107,Explotacion activa
749,4,WOA,poblacional,400.0129661496797,400.0129661496797,True,False,0.009661808540386119,4.489998786993965e-06,0.009657318541599125,4.5339326788962355e-06,0.009660697997867373,0.009655995609796264,0,0,108,Explotacion activa
750,4,WOA,poblacional,400.0129660586891,400.0129660586891,True,False,0.00966221840047865,4.448266167855763e-06,0.009657770134310795,4.5297249300801924e-06,0.009660783568244824,0.00965609598181345,0,0,109,Explotacion activa
751,4,WOA,poblacional,400.01296602938214,400.01296602938214,True,False,0.009662513875866807,4.152790779698989e-06,0.009658361085087108,4.52430543873561e-06,0.009660796688251594,0.009656253639946044,0,0,110,Explotacion activa
752,4,WOA,poblacional,400.01296592821654,400.01296592821654,True,False,0.009663046284231314,3.62038241519258e-06,0.009659425901816121,4.523267705280887e-06,0.00966084772591671,0.009656388976225116,0,0,111,Explotacion activa
753,4,WOA,poblacional,400.0129658845172,400.0129658845172,True,False,0.00966288594662501,3.3525963090141886e-06,0.009659533350315996,4.517469449183409e-06,0.009660885575249268,0.009656509596334217,0,0,112,Explotacion activa
754,4,WOA,poblacional,400.0129655691014,400.0129655691014,True,False,0.009662015644039457,3.0867808504808636e-06,0.009658928863188976,4.5074951401602444e-06,0.009660921394379329,0.009656615633588217,0,0,113,Explotacion activa
755,4,WOA,poblacional,400.0129653132537,400.0129653132537,True,False,0.00966181007169098,3.3036845934475423e-06,0.009658506387097532,4.49388686547536e-06,0.009661004379790939,0.00965670039647648,0,0,114,Explotacion activa
756,4,WOA,poblacional,400.0129652729953,400.0129652729953,True,False,0.009662155626131153,3.3090376518885023e-06,0.009658846588479264,4.469132477424864e-06,0.009661172412762653,0.009656777540328676,0,0,115,Explotacion activa
757,4,WOA,poblacional,400.0129652221137,400.0129652221137,True,False,0.009662243182560815,3.3467470643699926e-06,0.009658896435496445,4.439017584445537e-06,0.009661317004986358,0.009656857935397056,0,0,116,Explotacion activa
758,4,WOA,poblacional,400.01296520859097,400.01296520859097,True,False,0.009662388727747384,3.315660080716043e-06,0.009659073067666668,4.406647542509745e-06,0.009661317947779935,0.009656954077541968,0,0,117,Explotacion activa
759,4,WOA,poblacional,400.01296520859097,400.01296520859097,True,False,0.009662757796945698,3.1053010047799035e-06,0.009659652495940918,4.370635758732533e-06,0.00966133117622121,0.009657027313824073,1,0,118,Explotacion activa
760,4,WOA,poblacional,400.01296520844073,400.01296520844073,True,False,0.009663261269849954,3.029646109098394e-06,0.009660231623740856,4.3494745796124334e-06,0.009661399057989684,0.00965714244961191,0,0,119,Explotacion activa
761,4,WOA,poblacional,400.0129652061522,400.0129652061522,True,False,0.009663736570814763,2.930095831743529e-06,0.00966080647498302,4.348923482666578e-06,0.009661537080717153,0.009657318541599125,0,0,120,Explotacion activa
762,4,WOA,poblacional,400.01296520468594,400.01296520468594,True,False,0.009664075853891063,2.5861444328256766e-06,0.009661489709458237,4.318887346244083e-06,0.009661648072597017,0.009657329694368855,0,0,121,Explotacion activa
763,4,WOA,poblacional,400.0129651998784,400.0129651998784,True,False,0.009664363094657347,2.3035719891595363e-06,0.009662059522668187,4.2447251416888316e-06,0.009661740800481766,0.009657456775698847,0,0,122,Explotacion activa
764,4,WOA,poblacional,400.01296519300064,400.01296519300064,True,False,0.009664872623602605,1.7310214843746508e-06,0.00966314160211823,4.136120486464278e-06,0.009661808693516604,0.009657653218681617,0,0,123,Explotacion activa
765,4,WOA,poblacional,400.0129651890829,400.0129651890829,True,False,0.00966494027693443,1.6025840068323305e-06,0.009663337692927598,4.019428433821304e-06,0.009661809765430008,0.009657744153059866,0,0,124,Explotacion activa
766,4,WOA,poblacional,400.01296518295214,400.01296518295214,True,False,0.00966466551284384,1.2994570965929597e-06,0.009663366055747247,3.984982072324783e-06,0.009661810986415276,0.009657816377227846,0,0,125,Explotacion activa
767,4,WOA,poblacional,400.0129651716302,400.0129651716302,True,False,0.00966465419406859,1.3107790550748177e-06,0.009663343415013514,3.983822705322382e-06,0.009661827288448421,0.00965787064608321,0,0,126,Explotacion activa
768,4,WOA,poblacional,400.01296514723083,400.01296514723083,True,False,0.009664592703643393,1.2332152437011246e-06,0.009663359488399692,3.983635133408825e-06,0.009661881144029393,0.00965789873686731,0,0,127,Explotacion activa
769,4,WOA,poblacional,400.0129651231782,400.0129651231782,True,False,0.009664557352550673,1.2369557111924223e-06,0.009663320396839481,3.970108309658826e-06,0.009661934238022241,0.009658000010063006,0,0,128,Explotacion activa
770,4,WOA,poblacional,400.012965070747,400.012965070747,True,False,0.009664536015918657,1.2893853522655263e-06,0.009663246630566391,3.955426444690602e-06,0.009661979846652003,0.009658078061909237,0,0,129,Explotacion activa
771,4,WOA,poblacional,400.01296502370633,400.01296502370633,True,False,0.009664492285196502,1.3039899613431771e-06,0.009663188295235159,3.9421688029506186e-06,0.009662015644039457,0.009658108889198047,0,0,130,Explotacion activa
772,4,WOA,poblacional,400.0129649695015,400.0129649695015,True,False,0.009664471284054343,1.3536879350795061e-06,0.009663117596119264,3.910447503585601e-06,0.009662065731311032,0.009658255243039093,0,0,131,Explotacion activa
773,4,WOA,poblacional,400.01296494457085,400.01296494457085,True,False,0.009664471025871535,1.363070509796671e-06,0.009663107955361738,3.8803578831902994e-06,0.009662114257184839,0.009658335213703139,0,0,132,Explotacion activa
774,4,WOA,poblacional,400.0129649292855,400.0129649292855,True,False,0.009664494615208241,1.3604828836832894e-06,0.009663134132324558,3.846291281206504e-06,0.009662154924944844,0.009658363875684018,0,0,133,Explotacion activa
775,4,WOA,poblacional,400.0129649292855,400.0129649292855,True,False,0.009664621258536954,1.341627637430065e-06,0.009663279630899524,3.781020234328025e-06,0.009662155470311972,0.009658383409862381,1,0,134,Explotacion activa
776,4,WOA,poblacional,400.0129649231307,400.0129649231307,True,False,0.00966477697471646,1.3276721233523858e-06,0.009663449302593108,3.7547111446656345e-06,0.009662179754911904,0.009658415251692531,0,0,135,Explotacion activa
777,4,WOA,poblacional,400.01296489246954,400.01296489246954,True,False,0.00966477655356357,1.3299594456839259e-06,0.009663446594117886,3.7217172234704775e-06,0.009662206787049854,0.009658450630888637,0,0,136,Explotacion activa
778,4,WOA,poblacional,400.0129648562877,400.0129648562877,True,False,0.009664869953610378,1.2933920174873492e-06,0.00966357656159289,3.6330492662273174e-06,0.00966221694880005,0.009658482545847846,0,0,137,Explotacion activa
779,4,WOA,poblacional,400.0129648083414,400.0129648083414,True,False,0.0096648184153878,1.2503476796155155e-06,0.009663568067708184,3.608208260175161e-06,0.00966223326972795,0.009658498674309613,0,0,138,Explotacion activa
780,4,WOA,poblacional,400.01296476699196,400.01296476699196,True,False,0.009665063174793431,1.2623901852748531e-06,0.009663800784608156,3.593008466395986e-06,0.00966224962081128,0.009658527981122234,0,0,139,Explotacion activa
781,4,WOA,poblacional,400.01296475419355,400.01296475419355,True,False,0.009665264626562475,1.174022997929569e-06,0.009664090603564546,3.576479855382786e-06,0.009662264643395702,0.00965857836717987,0,0,140,Explotacion activa
782,4,WOA,poblacional,400.01296475368434,400.01296475368434,True,False,0.009665535833789818,1.1308328566883574e-06,0.00966440500093313,3.509275194346628e-06,0.009662290682706498,0.009658766122089445,0,0,141,Explotacion activa
783,4,WOA,poblacional,400.0129646531368,400.0129646531368,True,False,0.009665750702026799,9.159646197076654e-07,0.009664834737407091,3.429322441661498e-06,0.009662313569390336,0.009658866527286137,0,0,142,Explotacion activa
784,4,WOA,poblacional,400.012964632666,400.012964632666,True,False,0.009665893761791722,6.805876751059259e-07,0.009665213174116616,3.352011384549769e-06,0.009662336916647973,0.009658899678265697,0,0,143,Explotacion activa
785,4,WOA,poblacional,400.01296461300876,400.01296461300876,True,False,0.009665833846156602,6.599865400858107e-07,0.009665173859616516,3.347916913298832e-06,0.009662377214169737,0.00965892237765047,0,0,144,Explotacion activa
786,4,WOA,poblacional,400.01296461263416,400.01296461263416,True,False,0.009665782890408536,6.094795139688358e-07,0.009665173410894567,3.331203572543018e-06,0.009662451301807096,0.009659000965427822,0,0,145,Explotacion activa
787,4,WOA,poblacional,400.01296459584177,400.01296459584177,True,False,0.009665757152333754,6.127492042651284e-07,0.009665144403129489,3.3143355949505348e-06,0.009662562660082585,0.009659143634496558,0,0,146,Explotacion activa
788,4,WOA,poblacional,400.0129645846509,400.0129645846509,True,False,0.009665748894008175,6.239400818230934e-07,0.009665124953926352,3.309699894771256e-06,0.009662733404837809,0.009659390618401176,0,0,147,Explotacion activa
789,4,WOA,poblacional,400.01296457489696,400.01296457489696,True,False,0.009665748604902547,6.335437774396269e-07,0.009665115061125107,3.305825816823926e-06,0.009662764159668314,0.009659490370916046,0,0,148,Explotacion activa
790,4,WOA,poblacional,400.01296455167267,400.01296455167267,True,False,0.009665736847637163,6.544795496665756e-07,0.009665082368087496,3.24416951684725e-06,0.009662803665025876,0.009659569094003473,0,0,149,Explotacion activa
791,4,WOA,poblacional,400.01296455167267,400.01296455167267,True,False,0.009665743216885403,6.530132736770611e-07,0.009665090203611726,3.1053010047799035e-06,0.00966288594662501,0.009659652495940918,1,0,150,Explotacion activa
792,4,WOA,poblacional,400.01296455151464,400.01296455151464,True,False,0.009665750512795057,6.483637662313413e-07,0.009665102149028826,3.0923368967705755e-06,0.009662921233103815,0.009659689752959366,0,0,151,Explotacion activa
793,4,WOA,poblacional,400.0129645515036,400.0129645515036,True,False,0.009665766267914933,6.414970243895368e-07,0.009665124770890543,3.0639269539278757e-06,0.009662980327220794,0.009659719881517504,0,0,152,Explotacion activa
794,4,WOA,poblacional,400.0129645514885,400.0129645514885,True,False,0.009665811133743318,6.375943826242292e-07,0.009665173539360694,3.0294093050997618e-06,0.00966305404597847,0.009659788495184785,0,0,153,Explotacion activa
795,4,WOA,poblacional,400.0129645514877,400.0129645514877,True,False,0.009665853107435396,6.314644451776985e-07,0.009665221642990218,3.027751677109336e-06,0.009663108378208562,0.009660120097578329,0,0,154,Explotacion activa
796,4,WOA,poblacional,400.01296455148116,400.01296455148116,True,False,0.009665942326478216,6.201490236890095e-07,0.009665322177454527,2.9786869504278e-06,0.00966315504757631,0.009660223232430099,0,0,155,Explotacion activa
797,4,WOA,poblacional,400.0129645514795,400.0129645514795,True,False,0.009666016321716597,5.957513167231809e-07,0.009665420570399874,2.895184240969683e-06,0.009663201208729788,0.009660258971757684,0,0,156,Explotacion activa
798,4,WOA,poblacional,400.01296455147906,400.01296455147906,True,False,0.009666092816189575,5.716991609006072e-07,0.009665521117028675,2.772993673261226e-06,0.009663253762209934,0.009660354689816585,0,0,157,Explotacion activa
799,4,WOA,poblacional,400.0129645514787,400.0129645514787,True,False,0.009666098108027654,5.192682692722883e-07,0.009665578839758382,2.735124007813283e-06,0.009663546450428839,0.009660631230519811,0,0,158,Explotacion activa
800,4,WOA,poblacional,400.0129645514607,400.0129645514607,True,False,0.009666081620082423,4.7224563104464323e-07,0.009665609374451378,2.680903662621858e-06,0.009663838355737652,0.009661011445325584,0,0,159,Explotacion activa
801,4,WOA,poblacional,400.0129645513648,400.0129645513648,True,False,0.009666027319383375,4.1813672169155325e-07,0.009665609182661683,2.5861444328256766e-06,0.009664075853891063,0.009661489709458237,0,0,160,Explotacion activa
802,4,WOA,poblacional,400.01296455125527,400.01296455125527,True,False,0.009666014588731286,3.9331558809863054e-07,0.009665621273143188,2.3883437222593776e-06,0.009664276922427462,0.009661888578705202,0,0,161,Explotacion activa
803,4,WOA,poblacional,400.01296455086833,400.01296455086833,True,False,0.009666060238771479,3.784171553888882e-07,0.00966568182161609,2.074551787245583e-06,0.009664406267143022,0.009662478895745608,0,0,162,Explotacion activa
804,4,WOA,poblacional,400.01296455069973,400.01296455069973,True,False,0.009666132433892471,3.7858575296922936e-07,0.009665753848139502,1.7181777366204186e-06,0.009664471051689816,0.009663108919437492,0,0,163,Explotacion activa
805,4,WOA,poblacional,400.0129645504793,400.0129645504793,True,False,0.009666221951249554,3.726514137269987e-07,0.009665849299835827,1.628271502340794e-06,0.009664471232417782,0.009663115667967759,0,0,164,Explotacion activa
806,4,WOA,poblacional,400.0129645495006,400.0129645495006,True,False,0.009666273010282111,3.42968917266262e-07,0.009665930041364845,1.4828272583145008e-06,0.009664481784625423,0.009663125864221911,0,0,165,Explotacion activa
807,4,WOA,poblacional,400.0129645488737,400.0129645488737,True,False,0.009666261798315645,3.0741398404643405e-07,0.009665954384331599,1.3625529845739948e-06,0.00966449275119885,0.009663135626283292,0,0,166,Explotacion activa
808,4,WOA,poblacional,400.0129645456706,400.0129645456706,True,False,0.009666211667365587,2.626707669151074e-07,0.009665948996598672,1.3607416462946275e-06,0.009664494382207067,0.009663140855138863,0,0,167,Explotacion activa
809,4,WOA,poblacional,400.01296454151844,400.01296454151844,True,False,0.009666266713281857,2.2547351363755297e-07,0.00966604123976822,1.3564059145210194e-06,0.00966451945563449,0.009663169617988387,0,0,168,Explotacion activa
810,4,WOA,poblacional,400.01296453182215,400.01296453182215,True,False,0.009666344766117163,2.223713977400621e-07,0.009666122394719423,1.3500698457846737e-06,0.009664542416908261,0.009663205795834528,0,0,169,Explotacion activa
811,4,WOA,poblacional,400.0129645243768,400.0129645243768,True,False,0.00966643735910111,2.293075453962956e-07,0.009666208051555714,1.341627637430065e-06,0.009664557352550673,0.009663246630566391,0,0,170,Explotacion activa
812,4,WOA,poblacional,400.0129645242553,400.0129645242553,True,False,0.00966653778516502,1.2888148148704204e-07,0.009666408903683532,1.3334599032077676e-06,0.009664582098315578,0.009663269730799584,0,0,171,Explotacion activa
813,4,WOA,poblacional,400.01296452424816,400.01296452424816,True,False,0.009666551863915629,1.0841785069715115e-07,0.009666443446064932,1.3290445167513098e-06,0.009664604125600818,0.009663295937275506,0,0,172,Explotacion activa
814,4,WOA,poblacional,400.01296452326045,400.01296452326045,True,False,0.009666554443242603,8.974831189334509e-08,0.00966646469493071,1.325982816524629e-06,0.009664624552090117,0.009663322126448293,0,0,173,Explotacion activa
815,4,WOA,poblacional,400.0129645221716,400.0129645221716,True,False,0.009666576204097055,9.046254945133114e-08,0.009666485741547604,1.3141576687303313e-06,0.009664647606962262,0.009663334233709974,0,0,174,Explotacion activa
816,4,WOA,poblacional,400.0129645206269,400.0129645206269,True,False,0.00966658689281985,7.5214870776108e-08,0.009666511677949075,1.3073845082089974e-06,0.009664659853456214,0.009663340553970556,0,0,175,Explotacion activa
817,4,WOA,poblacional,400.01296452028953,400.01296452028953,True,False,0.009666598588864872,6.43613589090819e-08,0.009666534227505963,1.3030833883931336e-06,0.009664687720987785,0.00966334662969075,0,0,176,Explotacion activa
818,4,WOA,poblacional,400.01296451842427,400.01296451842427,True,False,0.009666610193960423,5.6472686082997825e-08,0.00966655372127434,1.2999103830679815e-06,0.009664765449491597,0.009663357881061074,0,0,177,Explotacion activa
819,4,WOA,poblacional,400.01296451675313,400.01296451675313,True,False,0.00966660299633304,3.491953748380183e-08,0.009666568076795556,1.2958180491295934e-06,0.009664776806255304,0.009663363428808225,0,0,178,Explotacion activa
820,4,WOA,poblacional,400.01296451582823,400.01296451582823,True,False,0.00966660210167447,3.584443675208604e-08,0.009666566257237719,1.2921900179208023e-06,0.009664789406917862,0.009663390217258438,0,0,179,Explotacion activa
821,4,WOA,poblacional,400.01296451582823,400.01296451582823,True,False,0.009666601945241382,3.5686412047652993e-08,0.009666566258829334,1.2893853522655263e-06,0.0096648184153878,0.009663446594117886,1,0,180,Explotacion activa
822,4,WOA,poblacional,400.0129645119799,400.0129645119799,True,False,0.009666598098931445,3.952374072468956e-08,0.00966655857519072,1.270488735372055e-06,0.009664854492143604,0.009663448490050542,0,0,181,Explotacion activa
823,4,WOA,poblacional,400.01296450536483,400.01296450536483,True,False,0.00966659147206883,4.6123659558361396e-08,0.009666545348409272,1.257573183011118e-06,0.009664871021607268,0.009663496808639139,0,0,182,Explotacion activa
824,4,WOA,poblacional,400.0129645026842,400.0129645026842,True,False,0.00966658879156057,4.880348569713533e-08,0.009666539988074874,1.2490084827732063e-06,0.009664879388935788,0.009663568917096655,0,0,183,Explotacion activa
825,4,WOA,poblacional,400.0129645000021,400.0129645000021,True,False,0.009666586103605823,5.14790485794947e-08,0.009666534624557244,1.239634104877041e-06,0.009664926746268065,0.009663574862815948,0,0,184,Explotacion activa
826,4,WOA,poblacional,400.01296449844983,400.01296449844983,True,False,0.00966658458571601,5.3029680202598684e-08,0.009666531556035807,1.2350854774467734e-06,0.009665001725863931,0.009663688673100523,0,0,185,Explotacion activa
827,4,WOA,poblacional,400.0129644980051,400.0129644980051,True,False,0.009666584332308048,5.347396836441476e-08,0.009666530858339684,1.2213767945468133e-06,0.00966510346514724,0.009663858748399434,0,0,186,Explotacion activa
828,4,WOA,poblacional,400.012964496584,400.012964496584,True,False,0.009666583129956052,5.4894712775421795e-08,0.009666528235243277,1.1799422225067247e-06,0.00966524448138557,0.009664061621668907,0,0,187,Explotacion activa
829,4,WOA,poblacional,400.01296448395397,400.01296448395397,True,False,0.009666562454526684,6.750673264832585e-08,0.009666494947794035,1.148108913184842e-06,0.00966542735089888,0.009664279241985697,0,0,188,Explotacion activa
830,4,WOA,poblacional,400.012964482211,400.012964482211,True,False,0.009666560952837244,6.915382755323662e-08,0.009666491799009691,1.0663723855941489e-06,0.009665596137944021,0.009664533921875319,0,0,189,Explotacion activa
831,4,WOA,poblacional,400.0129644785531,400.0129644785531,True,False,0.009666557626303529,7.270216428878484e-08,0.00966648492413924,9.159646197076654e-07,0.009665736847637163,0.009664834737407091,0,0,190,Explotacion activa
832,4,WOA,poblacional,400.0129644762496,400.0129644762496,True,False,0.009666556893193956,7.461875384251471e-08,0.009666482274440114,7.512007584864471e-07,0.00966574130611093,0.009665008078883375,0,0,191,Explotacion activa
833,4,WOA,poblacional,400.01296447178686,400.01296447178686,True,False,0.009666553515728538,7.891287623351673e-08,0.009666474602852304,6.723472210978798e-07,0.00966574537209226,0.009665085502297189,0,0,192,Explotacion activa
834,4,WOA,poblacional,400.012964470222,400.012964470222,True,False,0.0096665581365869,8.02572799329937e-08,0.009666477879306967,6.594358410438872e-07,0.00966574863381311,0.009665091398153436,0,0,193,Explotacion activa
835,4,WOA,poblacional,400.0129644680013,400.0129644680013,True,False,0.009666563241580661,8.149930863510235e-08,0.009666481742272026,6.555809477504226e-07,0.009665748836187048,0.009665099759945405,0,0,194,Explotacion activa
836,4,WOA,poblacional,400.01296446726434,400.01296446726434,True,False,0.009666574507718906,8.160935749401688e-08,0.009666492898361412,6.537464116718184e-07,0.009665749703401616,0.009665108605076966,0,0,195,Explotacion activa
837,4,WOA,poblacional,400.0129644556442,400.0129644556442,True,False,0.009666572314529276,9.002644674183102e-08,0.009666482288082534,6.520833721879171e-07,0.009665750550641405,0.009665117003078195,0,0,196,Explotacion activa
838,4,WOA,poblacional,400.0129644489992,400.0129644489992,True,False,0.009666570783508632,9.25192580325529e-08,0.0096664782642506,6.488287169759133e-07,0.009665750683103625,0.009665123799913999,0,0,197,Explotacion activa
839,4,WOA,poblacional,400.0129644285341,400.0129644285341,True,False,0.009666517131222463,1.032880732054764e-07,0.009666413843149257,6.442437211262586e-07,0.009665754572210972,0.009665124880712028,0,0,198,Explotacion activa
840,4,WOA,poblacional,400.01296442417043,400.01296442417043,True,False,0.00966650729765206,1.0020636409535655e-07,0.009666407091287965,6.403262318599445e-07,0.009665759887008107,0.009665130788687294,0,0,199,Explotacion activa
841,4,WOA,poblacional,400.01296442141347,400.01296442141347,True,False,0.009666506596886393,1.0284185236741905e-07,0.009666403755034025,6.375943826242292e-07,0.009665766267914933,0.009665144403129489,0,0,200,Explotacion activa
842,4,WOA,poblacional,400.01296440985664,400.01296440985664,True,False,0.009666498122328449,1.1439152558523347e-07,0.009666383730802863,6.347589589950075e-07,0.009665777903660456,0.009665164708565044,0,0,201,Explotacion activa
843,4,WOA,poblacional,400.01296440228253,400.01296440228253,True,False,0.009666490235247238,1.2097791568521643e-07,0.009666369257331553,6.327120445348555e-07,0.009665794187742448,0.009665173462281018,0,0,202,Explotacion activa
844,4,WOA,poblacional,400.01296440049106,400.01296440049106,True,False,0.009666491085454254,1.2168055718575488e-07,0.009666369404897068,6.30712008842238e-07,0.009665813404984647,0.009665173571386276,0,0,203,Explotacion activa
845,4,WOA,poblacional,400.01296439648075,400.01296439648075,True,False,0.009666488872710488,1.2414614047884243e-07,0.00966636472657001,6.254449544940144e-07,0.009665829303673944,0.009665173795565352,0,0,204,Explotacion activa
846,4,WOA,poblacional,400.0129643920332,400.0129643920332,True,False,0.009666485937600555,1.2825631756641087e-07,0.009666357681282989,6.220445527560514e-07,0.009665843476795999,0.009665193516866566,0,0,205,Explotacion activa
847,4,WOA,poblacional,400.0129643892549,400.0129643892549,True,False,0.009666481294004825,1.2916939340357203e-07,0.009666352124611421,6.186690598042332e-07,0.00966586123830666,0.009665214867891337,0,0,206,Explotacion activa
848,4,WOA,poblacional,400.0129643739176,400.0129643739176,True,False,0.009666471982313851,1.428355176358309e-07,0.009666329146796215,6.134891862075165e-07,0.00966588969635609,0.009665220796102858,0,0,207,Explotacion activa
849,4,WOA,poblacional,400.0129643585589,400.0129643585589,True,False,0.009666468928799077,1.57269312239805e-07,0.009666311659486837,6.107873900873529e-07,0.009665922900603618,0.009665281963668804,0,0,208,Explotacion activa
850,4,WOA,poblacional,400.01296435843994,400.01296435843994,True,False,0.009666474171069694,1.5738828551548067e-07,0.009666316782784179,6.053610547951393e-07,0.009665964005154137,0.009665351695338132,0,0,209,Explotacion activa
851,4,WOA,poblacional,400.0129643584377,400.0129643584377,True,False,0.009666475684696252,1.5354214610852068e-07,0.009666322142550143,5.957513167231809e-07,0.009666014588731286,0.009665420570399874,0,0,210,Explotacion activa
852,4,WOA,poblacional,400.0129643573171,400.0129643573171,True,False,0.009666471053606074,1.4804771808485384e-07,0.009666323005887989,5.789148076473792e-07,0.009666015801821004,0.009665490953040035,0,0,211,Explotacion activa
853,4,WOA,poblacional,400.0129643573059,400.0129643573059,True,False,0.009666469251271792,1.4537829429173144e-07,0.0096663238729775,5.507268042492798e-07,0.009666020720783309,0.009665544206120558,0,0,212,Explotacion activa
854,4,WOA,poblacional,400.01296435700516,400.01296435700516,True,False,0.00966646911058433,1.429969529453956e-07,0.009666326113631385,5.145660054495237e-07,0.009666030611322185,0.009665581874048711,0,0,213,Explotacion activa
855,4,WOA,poblacional,400.0129643534696,400.0129643534696,True,False,0.009666484487866,1.449802198294492e-07,0.009666339507646171,4.81650158690172e-07,0.009666053654893859,0.009665603114081022,0,0,214,Explotacion activa
856,4,WOA,poblacional,400.01296435262043,400.01296435262043,True,False,0.009666491474888517,1.4538466075464385e-07,0.009666346090227762,4.4519117636809824e-07,0.009666070929426951,0.00966560927855653,0,0,215,Explotacion activa
857,4,WOA,poblacional,400.0129643517177,400.0129643517177,True,False,0.009666496466820718,1.4486630561805214e-07,0.0096663516005151,4.131724949729686e-07,0.009666083859303853,0.00966561175418974,0,0,216,Explotacion activa
858,4,WOA,poblacional,400.01296435059163,400.01296435059163,True,False,0.009666487317758765,1.333623345090018e-07,0.009666353955424256,3.9579770145792285e-07,0.00966609169657886,0.009665620083274007,0,0,217,Explotacion activa
859,4,WOA,poblacional,400.0129643504365,400.0129643504365,True,False,0.009666494345083265,1.31774470446544e-07,0.009666362570612819,3.8447768702098983e-07,0.009666095991292423,0.00966565760222693,0,0,218,Explotacion activa
860,4,WOA,poblacional,400.01296434579933,400.01296434579933,True,False,0.009666489179721793,1.32753768866678e-07,0.009666356425952927,3.78535173695127e-07,0.0096661084057871,0.009665703429573114,0,0,219,Explotacion activa
861,4,WOA,poblacional,400.0129643444436,400.0129643444436,True,False,0.009666489961887237,1.318059617005929e-07,0.009666358155925536,3.784171553888882e-07,0.009666132433892471,0.009665753848139502,0,0,220,Explotacion activa
862,4,WOA,poblacional,400.0129643438046,400.0129643438046,True,False,0.009666486334083402,1.2798227544408292e-07,0.009666358351807958,3.7438113622556555e-07,0.009666187897323653,0.009665820664326929,0,0,221,Explotacion activa
863,4,WOA,poblacional,400.01296434281085,400.01296434281085,True,False,0.009666504240612994,1.2741116961478838e-07,0.00966637682944338,3.607784151427039e-07,0.009666215780919174,0.009665881596447434,0,0,222,Explotacion activa
864,4,WOA,poblacional,400.0129643382742,400.0129643382742,True,False,0.009666513548438616,1.2972714102943428e-07,0.009666383821297586,3.3941342394427913e-07,0.009666225935956164,0.009665931936888228,0,0,223,Explotacion activa
865,4,WOA,poblacional,400.01296433358675,400.01296433358675,True,False,0.009666528589150403,1.3367758811000385e-07,0.009666394911562293,3.1452497069039947e-07,0.009666253828902427,0.009665945205551908,0,0,224,Explotacion activa
866,4,WOA,poblacional,400.01296430697994,400.01296430697994,True,False,0.009666501129458993,1.4866424180581816e-07,0.009666352465217187,2.850423754807707e-07,0.009666264255798751,0.009665951690465135,0,0,225,Explotacion activa
867,4,WOA,poblacional,400.012964264596,400.012964264596,True,False,0.009666410283102778,1.8440317717249854e-07,0.009666225879925605,2.5599812261134495e-07,0.009666267972681908,0.009665971755418922,0,0,226,Explotacion activa
868,4,WOA,poblacional,400.01296420015865,400.01296420015865,True,False,0.00966628233402389,2.2837542701381608e-07,0.009666053958596876,2.3264386754817658e-07,0.009666272380582087,0.009666032554224557,0,0,227,Explotacion activa
869,4,WOA,poblacional,400.01296398789447,400.01296398789447,True,False,0.009665637373927893,4.3627596824080683e-07,0.009665201097959653,2.4265283400382025e-07,0.009666270491482009,0.009666006497593572,0,0,228,Explotacion activa
870,4,WOA,poblacional,400.01296391538773,400.01296391538773,True,False,0.009665565693182998,5.060257421973802e-07,0.0096650596674408,2.526618004594637e-07,0.009666268602381933,0.009665980440962585,0,0,229,Explotacion activa
871,4,WOA,poblacional,400.01296391513137,400.01296391513137,True,False,0.009665561900590092,4.947252705278515e-07,0.009665067175319564,2.626707669151074e-07,0.009666266713281857,0.009665954384331599,0,0,230,Explotacion activa
872,4,WOA,poblacional,400.01296391495185,400.01296391495185,True,False,0.009665563042062786,4.873306806985056e-07,0.009665075711382087,2.7609373205450526e-07,0.009666265238791993,0.00966595276801172,0,0,231,Explotacion activa
873,4,WOA,poblacional,400.0129639125992,400.0129639125992,True,False,0.009665564454621745,4.878918389294995e-07,0.009665076562782815,2.8951669719390315e-07,0.00966626376430213,0.009665951151691842,0,0,232,Explotacion activa
874,4,WOA,poblacional,400.0129639116024,400.0129639116024,True,False,0.009665590122040157,4.848783419220126e-07,0.009665105243698235,3.029396623333013e-07,0.009666262289812266,0.009665949535371966,0,0,233,Explotacion activa
875,4,WOA,poblacional,400.01296391013403,400.01296391013403,True,False,0.009665614923505927,4.818991783395177e-07,0.009665133024327588,3.1452497069039947e-07,0.009666253828902427,0.009665945205551908,0,0,234,Explotacion activa
876,4,WOA,poblacional,400.01296390853696,400.01296390853696,True,False,0.009665610786043999,4.807179152521712e-07,0.009665130068128747,3.25191450656348e-07,0.0096662418747826,0.009665939518981759,0,0,235,Explotacion activa
877,4,WOA,poblacional,400.01296390107956,400.01296390107956,True,False,0.009665587995812075,4.728380531560106e-07,0.009665115157758919,3.358579306222963e-07,0.009666229920662772,0.00966593383241161,0,0,236,Explotacion activa
878,4,WOA,poblacional,400.01296388748557,400.01296388748557,True,False,0.009665561284350588,4.710733492174768e-07,0.00966509021100137,3.459371669123355e-07,0.009666220922861157,0.009665921967211943,0,0,237,Explotacion activa
879,4,WOA,poblacional,400.01296387416585,400.01296387416585,True,False,0.009665547868053181,4.842740963795222e-07,0.009665063593956802,3.5484191585055664e-07,0.009666217837695968,0.009665897744753238,0,0,238,Explotacion activa
880,4,WOA,poblacional,400.0129638668715,400.0129638668715,True,False,0.009665541172978465,4.91566254368081e-07,0.009665049606724097,3.637466647887776e-07,0.009666214752530777,0.009665873522294532,0,0,239,Explotacion activa
881,4,WOA,poblacional,400.01296386257314,400.01296386257314,True,False,0.009665542825132434,4.947439720126567e-07,0.009665048081160421,3.726514137269987e-07,0.009666211667365587,0.009665849299835827,0,0,240,Explotacion activa
882,4,WOA,poblacional,400.0129638587711,400.0129638587711,True,False,0.009665540710273035,4.985348027730652e-07,0.009665042175470262,3.7438113622556555e-07,0.009666187897323653,0.009665820664326929,0,0,241,Explotacion activa
883,4,WOA,poblacional,400.01296385114034,400.01296385114034,True,False,0.009665534584200941,5.058648184785852e-07,0.009665028719382462,3.7611085872413237e-07,0.009666164127281718,0.009665792028818032,0,0,242,Explotacion activa
884,4,WOA,poblacional,400.01296384788725,400.01296384788725,True,False,0.009665530047698212,5.055823635302659e-07,0.009665024465334682,3.7784058122269925e-07,0.009666140357239783,0.009665763393309134,0,0,243,Explotacion activa
885,4,WOA,poblacional,400.0129638460182,400.0129638460182,True,False,0.009665527639697302,5.066022481514665e-07,0.00966502103744915,3.7845087490495645e-07,0.009666125568719508,0.00966573944283482,0,0,244,Explotacion activa
886,4,WOA,poblacional,400.01296384411285,400.01296384411285,True,False,0.009665534105977258,5.076048523733334e-07,0.009665026501124885,3.785014541790588e-07,0.009666115270960063,0.009665717834877796,0,0,245,Explotacion activa
887,4,WOA,poblacional,400.01296384353225,400.01296384353225,True,False,0.00966553511074153,5.070593829259451e-07,0.009665028051358604,3.785520334531611e-07,0.009666104973200617,0.009665696226920772,0,0,246,Explotacion activa
888,4,WOA,poblacional,400.01296384272774,400.01296384272774,True,False,0.009665535429178362,5.07708762143011e-07,0.00966502772041622,3.8005873648216937e-07,0.009666097578843846,0.0096656757667688,0,0,247,Explotacion activa
889,4,WOA,poblacional,400.01296384231495,400.01296384231495,True,False,0.009665532366682328,5.034843866269512e-07,0.009665028882295701,3.8447768702098973e-07,0.009666095991292423,0.00966565760222693,0,0,248,Explotacion activa
890,4,WOA,poblacional,400.01296384209894,400.01296384209894,True,False,0.009665539868308315,5.02344676078792e-07,0.009665037523632236,3.8889663755981024e-07,0.009666094403740999,0.009665639437685059,0,0,249,Explotacion activa
891,4,WOA,poblacional,400.01296384101016,400.01296384101016,True,False,0.009665547515339767,5.027944212088187e-07,0.009665044720918559,3.9331558809863054e-07,0.009666092816189575,0.009665621273143188,0,0,250,Explotacion activa
892,4,WOA,poblacional,400.01296383923244,400.01296383923244,True,False,0.009665597957507543,5.035784056417469e-07,0.009665094379101902,4.0076192817650727e-07,0.009666089457357429,0.009665617703535644,0,0,251,Explotacion activa
893,4,WOA,poblacional,400.0129638384697,400.0129638384697,True,False,0.009665677425971353,4.998044573767402e-07,0.009665177621513976,4.0820826825438405e-07,0.009666086098525284,0.009665614133928102,0,0,252,Explotacion activa
894,4,WOA,poblacional,400.01296383803816,400.01296383803816,True,False,0.009665801181711231,4.955485906066315e-07,0.009665305633120624,4.156546083322608e-07,0.009666082739693138,0.009665610564320559,0,0,253,Explotacion activa
895,4,WOA,poblacional,400.01296383258153,400.01296383258153,True,False,0.009665981382454447,4.7439840500373975e-07,0.009665506984049443,4.21764571001404e-07,0.009666077343820235,0.00966560933609344,0,0,254,Explotacion activa
896,4,WOA,poblacional,400.01296383258153,400.01296383258153,True,False,0.009666151262706535,4.320144739722309e-07,0.009665719248232563,4.250755978318921e-07,0.009666087218136,0.009665615323797283,1,0,255,Explotacion activa
897,4,WOA,poblacional,400.01296383095763,400.01296383095763,True,False,0.009666297465628304,3.692010182021477e-07,0.009665928264610102,4.131724949729686e-07,0.009666093874557191,0.009665633382837768,0,0,256,Explotacion activa
898,4,WOA,poblacional,400.0129638284908,400.0129638284908,True,False,0.009666507262977575,1.5940366893119062e-07,0.009666347859308644,3.957977014579227e-07,0.009666097578843846,0.0096656757667688,0,0,257,Explotacion activa
899,4,WOA,poblacional,400.01296382645677,400.01296382645677,True,False,0.009666542530737843,8.893096037354553e-08,0.00966645359977747,3.8447768702098973e-07,0.009666118703546545,0.009665704277585974,0,0,258,Explotacion activa
900,4,WOA,poblacional,400.0129638239738,400.0129638239738,True,False,0.00966654178500903,9.115757393374224e-08,0.009666450627435097,3.78535173695127e-07,0.00966613808253669,0.009665729628204644,0,0,259,Explotacion activa
901,4,WOA,poblacional,400.01296382019456,400.01296382019456,True,False,0.009666540763021203,9.475729711994063e-08,0.009666446005724083,3.784171553888882e-07,0.009666151262706535,0.009665753848139502,0,0,260,Explotacion activa
902,4,WOA,poblacional,400.01296381624246,400.01296381624246,True,False,0.009666537652435636,9.635675723984605e-08,0.009666441295678396,3.7438113622556555e-07,0.009666193545967872,0.009665820664326929,0,0,261,Explotacion activa
903,4,WOA,poblacional,400.0129638155989,400.0129638155989,True,False,0.009666549606038188,9.600353223504499e-08,0.009666453602505953,3.712712555170583e-07,0.009666215780919174,0.009665880885745538,0,0,262,Explotacion activa
904,4,WOA,poblacional,400.01296381395855,400.01296381395855,True,False,0.009666560091318388,9.617548357709893e-08,0.009666463915834811,3.665778081085589e-07,0.009666225935956164,0.009665928442285577,0,0,263,Explotacion activa
905,4,WOA,poblacional,400.0129638137596,400.0129638137596,True,False,0.00966657188928366,9.47773628467985e-08,0.009666477111920813,3.482153374534392e-07,0.009666253828902427,0.009665929686013897,0,0,264,Explotacion activa
906,4,WOA,poblacional,400.0129638131086,400.0129638131086,True,False,0.009666578695714634,8.797093187240534e-08,0.009666490724782761,3.25191450656348e-07,0.009666264255798751,0.009665939518981759,0,0,265,Explotacion activa
907,4,WOA,poblacional,400.0129638127366,400.0129638127366,True,False,0.009666591917664391,7.474898211512482e-08,0.009666517168682276,2.984653406201686e-07,0.009666267972681908,0.009665950074145257,0,0,266,Explotacion activa
908,4,WOA,poblacional,400.01296381191725,400.01296381191725,True,False,0.00966660441804379,6.224860271686339e-08,0.009666542169441072,2.671450886282398e-07,0.009666272380582087,0.009665953845558305,0,0,267,Explotacion activa
909,4,WOA,poblacional,400.01296381134756,400.01296381134756,True,False,0.009666611142733927,5.552391257879208e-08,0.009666555618821349,2.4265283400382004e-07,0.009666278604527179,0.009666006497593572,0,0,268,Explotacion activa
910,4,WOA,poblacional,400.0129638108005,400.0129638108005,True,False,0.009666614867285261,5.1772644837910775e-08,0.009666563094640424,2.2902790988155176e-07,0.009666286873505214,0.009666045055416817,0,0,269,Explotacion activa
911,4,WOA,poblacional,400.01296381068374,400.01296381068374,True,False,0.0096666185792742,4.808737230632687e-08,0.009666570491901894,2.2837542701381608e-07,0.009666297465628304,0.009666053958596876,0,0,270,Explotacion activa
912,4,WOA,poblacional,400.0129638097631,400.0129638097631,True,False,0.009666622974521033,4.137723408348393e-08,0.00966658159728695,2.263440876504319e-07,0.009666330575970505,0.00966610186388266,0,0,271,Explotacion activa
913,4,WOA,poblacional,400.0129638097631,400.0129638097631,True,False,0.009666620882626376,3.8124142065498745e-08,0.00966658275848431,2.242326672785566e-07,0.009666370972911408,0.009666156657453939,1,0,272,Explotacion activa
914,4,WOA,poblacional,400.012963809238,400.012963809238,True,False,0.00966662009744823,3.678019311337266e-08,0.009666583317255117,2.1857457568330543e-07,0.009666412990702611,0.009666209834392703,0,0,273,Explotacion activa
915,4,WOA,poblacional,400.01296371237,400.01296371237,True,False,0.009666247915561144,1.317428655056574e-07,0.009666116172695638,1.9199682128601135e-07,0.009666397179705655,0.009666190920188455,0,0,274,Explotacion activa
916,4,WOA,poblacional,400.01296363096935,400.01296363096935,True,False,0.009666166366343987,2.125628952853731e-07,0.009665953803448701,1.9848303622893582e-07,0.00966637752460997,0.009666165223137568,0,0,275,Explotacion activa
917,4,WOA,poblacional,400.0129635681335,400.0129635681335,True,False,0.009666104903544692,2.7459424245535047e-07,0.009665830309302237,2.069309516627981e-07,0.009666357869514286,0.009666139526086682,0,0,276,Explotacion activa
918,4,WOA,poblacional,400.01296351262766,400.01296351262766,True,False,0.009666052540353576,3.296872819191776e-07,0.009665722853071657,2.1354374553084192e-07,0.009666340036068278,0.009666121772517045,0,0,277,Explotacion activa
919,4,WOA,poblacional,400.01296342516997,400.01296342516997,True,False,0.009665966392105929,4.1692896957101766e-07,0.009665549463136358,2.164862962672486e-07,0.009666325845921619,0.009666119905909909,0,0,278,Explotacion activa
920,4,WOA,poblacional,400.0129633868124,400.0129633868124,True,False,0.00966592780883957,4.5419778871291783e-07,0.009665473611050857,2.1942884700365542e-07,0.009666311655774962,0.009666118039302774,0,0,279,Explotacion activa
921,4,WOA,poblacional,400.012963253476,400.012963253476,True,False,0.00966569420296537,5.857564246980473e-07,0.009665108446540671,2.223713977400621e-07,0.009666297465628304,0.009666116172695638,0,0,280,Explotacion activa
922,4,WOA,poblacional,400.012963181429,400.012963181429,True,False,0.009665621393196488,6.57040743590187e-07,0.009664964352452898,2.2330203250930935e-07,0.00966629292614698,0.009666097508466009,0,0,281,Explotacion activa
923,4,WOA,poblacional,400.0129631390547,400.0129631390547,True,False,0.009665581835179182,6.989834560044983e-07,0.009664882851723178,2.242326672785566e-07,0.009666288386665656,0.00966607884423638,0,0,282,Explotacion activa
924,4,WOA,poblacional,400.01296251229456,400.01296251229456,True,False,0.009663474280728224,1.3202869695305708e-06,0.009662153993758693,2.2516330204780387e-07,0.00966628384718433,0.009666060180006753,0,0,283,Explotacion activa
925,4,WOA,poblacional,400.0129615403435,400.0129615403435,True,False,0.009661470824937624,2.2922380367162987e-06,0.009659178586900907,2.260538963128056e-07,0.009666280469275534,0.009666051414831145,0,0,284,Explotacion activa
926,4,WOA,poblacional,400.0129613793922,400.0129613793922,True,False,0.009661313215701739,2.451565421779378e-06,0.00965886165027996,2.2692447032568452e-07,0.009666277672153,0.009666047599182548,0,0,285,Explotacion activa
927,4,WOA,poblacional,400.0129611133964,400.0129611133964,True,False,0.009661052311514595,2.715094410632446e-06,0.009658337217103963,2.2779504433856345e-07,0.009666274875030467,0.00966604378353395,0,0,286,Explotacion activa
928,4,WOA,poblacional,400.01296095469195,400.01296095469195,True,False,0.009660899477239582,2.8717648206111335e-06,0.00965802771241897,2.2846863885206402e-07,0.009666272380582087,0.009666032554224557,0,0,287,Explotacion activa
929,4,WOA,poblacional,400.0129596422363,400.0129596422363,True,False,0.00965856431201928,4.181737494945992e-06,0.009654382574524334,2.2874827436680788e-07,0.009666270491482009,0.009666006497593572,0,0,288,Explotacion activa
930,4,WOA,poblacional,400.0129595407546,400.0129595407546,True,False,0.009658462331742612,4.279439963283949e-06,0.009654182891779328,2.2902790988155176e-07,0.009666268602381933,0.009665980440962585,0,0,289,Explotacion activa
931,4,WOA,poblacional,400.0129595407546,400.0129595407546,True,False,0.009658458777551004,4.275487867744232e-06,0.00965418328968326,2.293075453962956e-07,0.009666266713281857,0.009665954384331599,1,0,290,Explotacion activa
932,4,WOA,poblacional,400.0129595245245,400.0129595245245,True,False,0.009658443205807998,4.2910743900392845e-06,0.009654152131417959,2.3931651185193907e-07,0.009666265238791993,0.009665954210066729,0,0,291,Explotacion activa
933,4,WOA,poblacional,400.01295872286806,400.01295872286806,True,False,0.009657640653131239,5.0910904860757e-06,0.009652549562645163,2.4932547830758247e-07,0.00966626376430213,0.00966595403580186,0,0,292,Explotacion activa
934,4,WOA,poblacional,400.01295870027707,400.01295870027707,True,False,0.00965761950186561,5.113482529850444e-06,0.00965250601933576,2.5933444476322593e-07,0.009666262289812266,0.00966595386153699,0,0,293,Explotacion activa
935,4,WOA,poblacional,400.0129584641769,400.0129584641769,True,False,0.009657383890100846,5.3489317224375554e-06,0.009652034958378408,2.6505546202315605e-07,0.009666259021764744,0.009665952842078695,0,0,294,Explotacion activa
936,4,WOA,poblacional,400.0129582822296,400.0129582822296,True,False,0.009657202664868691,5.530506996365148e-06,0.009651672157872326,2.686325046852289e-07,0.009666254856938394,0.009665951400023687,0,0,295,Explotacion activa
937,4,WOA,poblacional,400.0129582773207,400.0129582773207,True,False,0.00965719717015645,5.53459653929167e-06,0.009651662573617159,2.722095473473018e-07,0.009666250692112044,0.009665949957968678,0,0,296,Explotacion activa
938,4,WOA,poblacional,400.01295817402206,400.01295817402206,True,False,0.00965709514309765,5.637325500629231e-06,0.00965145781759702,2.7787621661445865e-07,0.009666245319129985,0.00966594710107529,0,0,297,Explotacion activa
939,4,WOA,poblacional,400.0129581424428,400.0129581424428,True,False,0.009657063016788925,5.668357687227399e-06,0.009651394659101697,2.877221390917836e-07,0.009666237529836507,0.009665941414505141,0,0,298,Explotacion activa
940,4,WOA,poblacional,400.0129580638068,400.0129580638068,True,False,0.00965698531427961,5.7468769227853045e-06,0.009651238437356824,2.975680615691091e-07,0.009666229740543032,0.009665935727934994,0,0,299,Explotacion activa
941,4,WOA,poblacional,400.01295800507506,400.01295800507506,True,False,0.00965711939790026,5.804688044008799e-06,0.009651314709856251,3.0741398404643405e-07,0.009666221951249554,0.009665930041364845,0,0,300,Explotacion activa
942,5,PSO,poblacional,400.01295800507506,400.01295800507506,False,False,,,,,,,0,0,0,Llenando ventana
943,5,PSO,poblacional,400.01295800507506,400.01295800507506,False,False,,,,,,,0,0,0,Llenando ventana
944,5,PSO,poblacional,400.01295800507506,400.01295800507506,False,False,,,,,,,0,0,0,Llenando ventana
945,5,PSO,poblacional,400.01295800507506,400.01295800507506,False,False,,,,,,,0,0,0,Llenando ventana
946,5,PSO,poblacional,400.01295800507506,400.01295800507506,False,False,,,,,,,0,0,0,Llenando ventana
947,5,PSO,poblacional,400.01295800507506,400.01295800507506,False,False,,,,,,,0,0,0,Llenando ventana
948,5,PSO,poblacional,400.01295800507506,400.01295800507506,False,False,,,,,,,0,0,0,Llenando ventana
949,5,PSO,poblacional,400.01295800507506,400.01295800507506,False,False,,,,,,,0,0,0,Llenando ventana
950,5,PSO,poblacional,400.01295800507506,400.01295800507506,False,False,,,,,,,0,0,0,Llenando ventana
951,5,PSO,poblacional,400.01295800507506,400.01295800507506,False,False,,,,,,,0,0,0,Llenando ventana
952,5,PSO,poblacional,400.01295800507506,400.01295800507506,False,False,,,,,,,0,0,0,Llenando ventana
953,5,PSO,poblacional,400.01295800507506,400.01295800507506,False,False,,,,,,,0,0,0,Llenando ventana
954,5,PSO,poblacional,400.01295800507506,400.01295800507506,False,False,,,,,,,0,0,0,Llenando ventana
955,5,PSO,poblacional,400.01295800507506,400.01295800507506,False,False,,,,,,,0,0,0,Llenando ventana
956,5,PSO,poblacional,400.01295800507506,400.01295800507506,False,False,,,,,,,0,0,0,Llenando ventana
957,5,PSO,poblacional,400.01295800507506,400.01295800507506,False,False,,,,,,,0,0,0,Llenando ventana
958,5,PSO,poblacional,400.01295800507506,400.01295800507506,False,False,,,,,,,0,0,0,Llenando ventana
959,5,PSO,poblacional,400.01295800507506,400.01295800507506,False,False,,,,,,,0,0,0,Llenando ventana
960,5,PSO,poblacional,400.01295800507506,400.01295800507506,False,False,,,,,,,0,0,0,Llenando ventana
961,5,PSO,poblacional,400.01295800507506,400.01295800507506,False,False,,,,,,,0,0,0,Llenando ventana
962,5,PSO,poblacional,400.01295800507506,400.01295800507506,False,False,,,,,,,0,0,0,Llenando ventana
963,5,PSO,poblacional,400.01295800507506,400.01295800507506,False,False,,,,,,,0,0,0,Llenando ventana
964,5,PSO,poblacional,400.01295800507506,400.01295800507506,False,False,,,,,,,0,0,0,Llenando ventana
965,5,PSO,poblacional,400.01295800507506,400.01295800507506,False,False,,,,,,,0,0,0,Llenando ventana
966,5,PSO,poblacional,400.01295800507506,400.01295800507506,False,False,,,,,,,0,0,0,Llenando ventana
967,5,PSO,poblacional,400.01295800507506,400.01295800507506,False,False,,,,,,,0,0,0,Llenando ventana
968,5,PSO,poblacional,400.01295800507506,400.01295800507506,False,False,,,,,,,0,0,0,Llenando ventana
969,5,PSO,poblacional,400.01295800507506,400.01295800507506,False,False,,,,,,,0,0,0,Llenando ventana
970,5,PSO,poblacional,400.01295800507506,400.01295800507506,False,False,,,,,,,0,0,0,Llenando ventana
971,5,PSO,poblacional,400.01295800507506,400.01295800507506,False,False,,,0.009666666666646506,,,,0,0,0,Llenando ventana
972,5,PSO,poblacional,400.01295800507506,400.01295800507506,False,False,,,0.009666666666646506,,,,0,0,0,Llenando ventana
973,5,PSO,poblacional,400.01295800507506,400.01295800507506,False,False,,,0.009666666666646506,,,,0,0,0,Llenando ventana
974,5,PSO,poblacional,400.01295800507506,400.01295800507506,False,False,,,0.009666666666646506,,,,0,0,0,Llenando ventana
975,5,PSO,poblacional,400.01295800507506,400.01295800507506,False,False,,,0.009666666666646506,,,,0,0,0,Llenando ventana
976,5,PSO,poblacional,400.01295800507506,400.01295800507506,False,False,,,0.009666666666646506,,,,0,0,0,Llenando ventana
977,5,PSO,poblacional,400.01295800507506,400.01295800507506,False,False,,,0.009666666666646506,,,,0,0,0,Llenando ventana
978,5,PSO,poblacional,400.01295800507506,400.01295800507506,False,False,,,0.009666666666646506,,,,0,0,0,Llenando ventana
979,5,PSO,poblacional,400.01295800507506,400.01295800507506,False,False,,,0.009666666666646506,,,,0,0,0,Llenando ventana
980,5,PSO,poblacional,400.01295800507506,400.01295800507506,False,False,,,0.009666666666646506,,,,0,0,0,Llenando ventana
981,5,PSO,poblacional,400.01295800507506,400.01295800507506,False,False,,,0.009666666666646506,,,,0,0,0,Llenando ventana
982,5,PSO,poblacional,400.01295800507506,400.01295800507506,False,False,,,0.009666666666646506,,,,0,0,0,Llenando ventana
983,6,ACO,poblacional,400.01295800507506,921.0115951391471,False,False,,,,,,,0,0,1,Llenando ventana
984,6,ACO,poblacional,400.01295800507506,793.1047240692099,False,False,,,,,,,1,0,2,Llenando ventana
985,6,ACO,poblacional,400.01295800507506,587.7672413071625,False,False,,,,,,,2,0,3,Llenando ventana
986,6,ACO,poblacional,400.01295800507506,604.7403465525695,False,False,,,,,,,3,0,4,Llenando ventana
987,6,ACO,poblacional,400.01295800507506,453.12805388766935,False,False,,,,,,,4,0,5,Llenando ventana
988,6,ACO,poblacional,400.01295800507506,486.83875041326394,False,False,,,,,,,5,0,6,Llenando ventana
989,6,ACO,poblacional,400.01295800507506,458.5209210779582,False,False,,,,,,,6,0,7,Llenando ventana
990,6,ACO,poblacional,400.01295800507506,409.9490954163787,False,False,,,,,,,7,0,8,Llenando ventana
991,6,ACO,poblacional,400.01295800507506,428.50992943995686,False,False,,,,,,,8,0,9,Llenando ventana
992,6,ACO,poblacional,400.01295800507506,417.35086602941857,False,False,,,,,,,9,0,10,Llenando ventana
993,6,ACO,poblacional,400.01295800507506,431.04105300943235,False,False,,,,,,,10,0,11,Llenando ventana
994,6,ACO,poblacional,400.01295800507506,406.731149999249,False,False,,,,,,,11,0,12,Llenando ventana
995,6,ACO,poblacional,400.01295800507506,417.9419499352188,False,False,,,,,,,12,0,13,Llenando ventana
996,6,ACO,poblacional,400.01295800507506,408.5732250142408,False,False,,,,,,,13,0,14,Llenando ventana
997,6,ACO,poblacional,400.01295800507506,412.63965166408565,False,False,,,,,,,14,0,15,Llenando ventana
998,6,ACO,poblacional,400.01295800507506,420.3249873256411,False,False,,,,,,,15,0,16,Llenando ventana
999,6,ACO,poblacional,400.01295800507506,413.1093626039896,False,False,,,,,,,16,0,17,Llenando ventana
1000,6,ACO,poblacional,400.01295800507506,409.26528519420634,False,False,,,,,,,17,0,18,Llenando ventana
1001,6,ACO,poblacional,400.01295800507506,402.1540266894857,False,False,,,,,,,18,0,19,Llenando ventana
1002,6,ACO,poblacional,400.01295800507506,404.936098733974,False,False,,,,,,,19,0,20,Llenando ventana
1003,6,ACO,poblacional,400.01295800507506,404.3638849947272,False,False,,,,,,,20,0,21,Llenando ventana
1004,6,ACO,poblacional,400.01295800507506,407.9565199947742,False,False,,,,,,,21,0,22,Llenando ventana
1005,6,ACO,poblacional,400.01295800507506,404.6089445627606,False,False,,,,,,,22,0,23,Llenando ventana
1006,6,ACO,poblacional,400.01295800507506,407.08203352916877,False,False,,,,,,,23,0,24,Llenando ventana
1007,6,ACO,poblacional,400.01295800507506,405.956182216611,False,False,,,,,,,24,0,25,Llenando ventana
1008,6,ACO,poblacional,400.01295800507506,404.5116514434183,False,False,,,,,,,25,0,26,Llenando ventana
1009,6,ACO,poblacional,400.01295800507506,404.2732568708293,False,False,,,,,,,26,0,27,Llenando ventana
1010,6,ACO,poblacional,400.01295800507506,401.53812881439484,False,False,,,,,,,27,0,28,Llenando ventana
1011,6,ACO,poblacional,400.01295800507506,402.1777855460483,False,False,,,,,,,28,0,29,Llenando ventana
1012,6,ACO,poblacional,400.01295800507506,402.73263284823327,True,False,0.009666666666646506,0.0,0.009666666666646506,3.0,15.0,9.0,29,0,30,Explotacion activa
1013,6,ACO,poblacional,400.01295800507506,401.52007526311877,True,False,0.009666666666646506,0.0,0.009666666666646506,3.0,15.0,9.0,30,0,31,Explotacion activa
1014,6,ACO,poblacional,400.01295800507506,401.93776287791627,True,False,0.009666666666646506,0.0,0.009666666666646506,3.0,15.0,9.0,31,0,32,Explotacion activa
1015,6,ACO,poblacional,400.01295800507506,402.9371780860766,True,False,0.009666666666646506,0.0,0.009666666666646506,3.0,15.0,9.0,32,0,33,Explotacion activa
1016,6,ACO,poblacional,400.01295800507506,400.8216994816319,True,False,0.009666666666646506,0.0,0.009666666666646506,3.0,15.0,9.0,33,0,34,Explotacion activa
1017,6,ACO,poblacional,400.01295800507506,401.79531318857215,True,False,0.009666666666646506,0.0,0.009666666666646506,3.0,15.0,9.0,34,0,35,Explotacion activa
1018,6,ACO,poblacional,400.01295800507506,401.15959905301116,True,False,0.009666666666646506,0.0,0.009666666666646506,3.0,15.0,9.0,35,0,36,Explotacion activa
1019,6,ACO,poblacional,400.01295800507506,401.83289816620044,True,False,0.009666666666646506,0.0,0.009666666666646506,3.0,15.0,9.0,36,0,37,Explotacion activa
1020,6,ACO,poblacional,400.01295800507506,401.18613373991116,True,False,0.009666666666646506,0.0,0.009666666666646506,3.0,15.0,9.0,37,0,38,Explotacion activa
1021,6,ACO,poblacional,400.01295800507506,401.9412058792831,True,False,0.009666666666646506,0.0,0.009666666666646506,0.0,0.009666666666646506,0.009666666666646506,38,1,39,Explotacion activa
1022,6,ACO,poblacional,400.01295800507506,400.99874456383293,True,False,0.009666666666646506,0.0,0.009666666666646506,0.0,0.009666666666646506,0.009666666666646506,39,2,40,Explotacion activa
1023,6,ACO,poblacional,400.01295800507506,400.9107156157938,True,True,0.009666666666646506,0.0,0.009666666666646506,0.0,0.009666666666646506,0.009666666666646506,40,3,41,ESTANCAMIENTO (Fire)
