iteracion,epoch,mh,tipo,fitness_best,fitness_instantaneo,dtw_ready,dtw_fire,D1_vs_ramp,D2_vs_const,dtw_delta,theta_c,theta_r,theta_delta,no_improve_len,trigger_streak,window_n,estado_dtw
1,1,PSO,poblacional,4562.111620653722,4562.111620653722,False,False,,,,,,,0,0,0,Llenando ventana
2,1,PSO,poblacional,4562.111620653722,4564.695929020192,False,False,,,,,,,0,0,0,Llenando ventana
3,1,PSO,poblacional,4562.111620653722,4606.433317140914,False,False,,,,,,,0,0,0,Llenando ventana
4,1,PSO,poblacional,4024.874178380167,4024.874178380167,False,False,,,,,,,0,0,0,Llenando ventana
5,1,PSO,poblacional,4024.874178380167,4508.9186064609785,False,False,,,,,,,0,0,0,Llenando ventana
6,1,PSO,poblacional,4024.874178380167,4219.956692606089,False,False,,,,,,,0,0,0,Llenando ventana
7,1,PSO,poblacional,4024.874178380167,4778.924219381794,False,False,,,,,,,0,0,0,Llenando ventana
8,1,PSO,poblacional,4024.874178380167,4545.342907672242,False,False,,,,,,,0,0,0,Llenando ventana
9,1,PSO,poblacional,4024.874178380167,4583.169787256403,False,False,,,,,,,0,0,0,Llenando ventana
10,1,PSO,poblacional,4024.874178380167,4114.543339433714,False,False,,,,,,,0,0,0,Llenando ventana
11,1,PSO,poblacional,4024.874178380167,4225.858983494514,False,False,,,,,,,0,0,0,Llenando ventana
12,1,PSO,poblacional,4024.874178380167,4232.86583904153,False,False,,,,,,,0,0,0,Llenando ventana
13,1,PSO,poblacional,3897.2259766158677,3897.2259766158677,False,False,,,,,,,0,0,0,Llenando ventana
14,1,PSO,poblacional,3897.2259766158677,4058.515900144128,False,False,,,,,,,0,0,0,Llenando ventana
15,1,PSO,poblacional,3897.2259766158677,3908.5555061596997,False,False,,,,,,,0,0,0,Llenando ventana
16,1,PSO,poblacional,3360.3530273992556,3360.3530273992556,False,False,,,,,,,0,0,0,Llenando ventana
17,1,PSO,poblacional,3360.3530273992556,3456.260997753524,False,False,,,,,,,0,0,0,Llenando ventana
18,1,PSO,poblacional,3360.3530273992556,3606.823067933594,False,False,,,,,,,0,0,0,Llenando ventana
19,1,PSO,poblacional,3266.054833406668,3266.054833406668,False,False,,,,,,,0,0,0,Llenando ventana
20,1,PSO,poblacional,2977.7745291985466,2977.7745291985466,False,False,,,,,,,0,0,0,Llenando ventana
21,1,PSO,poblacional,2977.7745291985466,3237.5684051018666,False,False,,,,,,,0,0,0,Llenando ventana
22,1,PSO,poblacional,2977.7745291985466,3143.600226696811,False,False,,,,,,,0,0,0,Llenando ventana
23,1,PSO,poblacional,2977.7745291985466,3306.890671387578,False,False,,,,,,,0,0,0,Llenando ventana
24,1,PSO,poblacional,2899.3204376202166,2899.3204376202166,False,False,,,,,,,0,0,0,Llenando ventana
25,1,PSO,poblacional,2899.3204376202166,3319.721526354565,False,False,,,,,,,0,0,0,Llenando ventana
26,1,PSO,poblacional,2899.3204376202166,2957.365635584811,False,False,,,,,,,0,0,0,Llenando ventana
27,1,PSO,poblacional,2881.154978714134,2881.154978714134,False,False,,,,,,,0,0,0,Llenando ventana
28,1,PSO,poblacional,2881.154978714134,2968.4287457264527,False,False,,,,,,,0,0,0,Llenando ventana
29,1,PSO,poblacional,2825.970934311839,2825.970934311839,False,False,,,,,,,0,0,0,Llenando ventana
30,1,PSO,poblacional,2824.2650705046617,2824.2650705046617,False,False,,,,,,,0,0,0,Llenando ventana
31,1,PSO,poblacional,2774.168042312214,2774.168042312214,False,False,,,,,,,0,0,0,Llenando ventana
32,1,PSO,poblacional,2714.857696960226,2714.857696960226,False,False,,,,,,,0,0,0,Llenando ventana
33,1,PSO,poblacional,2665.092539740327,2665.092539740327,False,False,,,,,,,0,0,0,Llenando ventana
34,1,PSO,poblacional,2653.2669460091392,2653.2669460091392,False,False,,,,,,,0,0,0,Llenando ventana
35,1,PSO,poblacional,2653.1504089336718,2653.1504089336718,False,False,,,,,,,0,0,0,Llenando ventana
36,1,PSO,poblacional,2653.1504089336718,2681.1779068745955,False,False,,,,,,,0,0,0,Llenando ventana
37,1,PSO,poblacional,2653.1504089336718,2673.1399158309528,False,False,,,,,,,0,0,0,Llenando ventana
38,1,PSO,poblacional,2612.6170803503264,2612.6170803503264,False,False,,,,,,,0,0,0,Llenando ventana
39,1,PSO,poblacional,2612.6170803503264,2670.399102935906,False,False,,,,,,,0,0,0,Llenando ventana
40,1,PSO,poblacional,2609.880232746295,2609.880232746295,False,False,,,3.926372320917835,,,,0,0,0,Llenando ventana
41,1,PSO,poblacional,2587.7199627482364,2587.7199627482364,False,False,,,3.105574174930098,,,,0,0,0,Llenando ventana
42,1,PSO,poblacional,2568.496696156481,2568.496696156481,False,False,,,2.2589445046833134,,,,0,0,0,Llenando ventana
43,1,PSO,poblacional,2568.496696156481,2590.712428734277,False,False,,,1.8494381410873757,,,,0,0,0,Llenando ventana
44,1,PSO,poblacional,2552.502564234674,2552.502564234674,False,False,,,1.1412420648748594,,,,0,0,0,Llenando ventana
45,1,PSO,poblacional,2552.502564234674,2565.1853884279553,False,False,,,1.1412420648784973,,,,0,0,0,Llenando ventana
46,1,PSO,poblacional,2552.502564234674,2553.7870377214304,False,False,,,1.1412420648784973,,,,0,0,0,Llenando ventana
47,1,PSO,poblacional,2552.502564234674,2555.1949761378946,False,False,,,1.1412420648766783,,,,0,0,0,Llenando ventana
48,1,PSO,poblacional,2552.502564234674,2555.4111954710916,False,False,,,1.2577791403441552,,,,0,0,0,Llenando ventana
49,1,PSO,poblacional,2552.502564234674,2555.2504110609634,False,False,,,1.374316215811632,,,,0,0,0,Llenando ventana
50,1,PSO,poblacional,2550.185016574608,2550.185016574608,False,False,,,0.756405644951883,,,,0,0,0,Llenando ventana
51,1,PSO,poblacional,2550.185016574608,2562.8500518018063,False,False,,,0.8729427204193598,,,,0,0,0,Llenando ventana
52,1,PSO,poblacional,2550.185016574608,2555.614203358778,False,False,,,1.2176528981817683,,,,0,0,0,Llenando ventana
53,1,PSO,poblacional,2545.9376532494407,2545.9376532494407,False,False,,,0.6638550161205785,,,,0,0,0,Llenando ventana
54,1,PSO,poblacional,2545.9376532494407,2550.38671344236,False,False,,,0.7803920915898743,,,,0,0,0,Llenando ventana
55,1,PSO,poblacional,2544.77809353875,2544.77809353875,False,False,,,0.1455328985257438,,,,0,0,0,Llenando ventana
56,1,PSO,poblacional,2538.7849977178153,2538.7849977178153,False,False,,,-0.14421921898156143,,,,0,0,0,Llenando ventana
57,1,PSO,poblacional,2538.7849977178153,2538.8307068034396,False,False,,,-0.027682143514994095,,,,0,0,0,Llenando ventana
58,1,PSO,poblacional,2538.545514597114,2538.545514597114,False,False,,,-0.18452831664171754,,,,0,0,0,Llenando ventana
59,1,PSO,poblacional,2538.545514597114,2539.4138321844853,False,False,,,-0.19942504185064536,,,,0,0,0,Llenando ventana
60,1,PSO,poblacional,2538.4699688289647,2538.4699688289647,False,False,,,-0.2474958056432115,,,,0,0,0,Llenando ventana
61,1,PSO,poblacional,2538.4699688289647,2539.4041428500354,False,False,,,-0.2340739348906027,,,,0,0,0,Llenando ventana
62,1,PSO,poblacional,2538.380128872106,2538.380128872106,False,False,,,-0.3107060238585291,,,,0,0,0,Llenando ventana
63,1,PSO,poblacional,2538.380128872106,2538.864204946537,False,False,,,-0.23974613217296792,,,,0,0,0,Llenando ventana
64,1,PSO,poblacional,2537.8912963297416,2537.8912963297416,False,False,,,-0.3302541215525707,,,,0,0,0,Llenando ventana
65,1,PSO,poblacional,2534.9468243653228,2534.9468243653228,False,False,,,-0.42186485332968005,,,,0,0,0,Llenando ventana
66,1,PSO,poblacional,2534.9468243653228,2534.9670222122927,False,False,,,-0.32090769520027607,,,,0,0,0,Llenando ventana
67,1,PSO,poblacional,2534.9468243653228,2535.0303220207497,False,False,,,-0.23764357488607857,,,,0,0,0,Llenando ventana
68,1,PSO,poblacional,2534.9468243653228,2535.0295917620624,False,False,,,-0.07275602748541132,,,,0,0,0,Llenando ventana
69,1,PSO,poblacional,2534.9468243653228,2534.969935319438,False,False,,,0.07232956153438863,,,,0,0,0,Llenando ventana
70,1,PSO,poblacional,2534.925405949405,2534.925405949405,False,False,,,0.13659514543542173,,,,0,0,0,Llenando ventana
71,1,PSO,poblacional,2534.925405949405,2534.9493029964483,False,False,,,0.1820785319278002,,,,0,0,0,Llenando ventana
72,1,PSO,poblacional,2534.052832250595,2534.052832250595,False,False,,,0.12096280252990255,,,,0,0,0,Llenando ventana
73,1,PSO,poblacional,2533.836092156364,2533.836092156364,False,False,,,0.10191191465310112,,,,0,0,0,Llenando ventana
74,1,PSO,poblacional,2533.836092156364,2534.023028555195,False,False,,,0.12312639069114084,,,,0,0,0,Llenando ventana
75,1,PSO,poblacional,2533.768293525222,2533.768293525222,False,False,,,0.08497239650841948,,,,0,0,0,Llenando ventana
76,1,PSO,poblacional,2533.768293525222,2533.912655755639,False,False,,,0.10639081242516113,,,,0,0,0,Llenando ventana
77,1,PSO,poblacional,2533.768293525222,2533.774613571411,False,False,,,0.0805550060376845,,,,0,0,0,Llenando ventana
78,1,PSO,poblacional,2533.768293525222,2533.8297894006178,False,False,,,0.09856098353247944,,,,0,0,0,Llenando ventana
79,1,PSO,poblacional,2533.7539471103573,2533.7539471103573,False,False,,,0.10452817013356253,,,,0,0,0,Llenando ventana
80,1,PSO,poblacional,2533.7539471103573,2533.773847342971,False,False,,,0.09444052736580488,,,,0,0,0,Llenando ventana
81,1,PSO,poblacional,2533.7539471103573,2533.7770636640334,False,False,,,0.07514622569533458,,,,0,0,0,Llenando ventana
82,1,PSO,poblacional,2533.70026735452,2533.70026735452,False,False,,,0.0608937504075584,,,,0,0,0,Llenando ventana
83,1,PSO,poblacional,2533.6851918546568,2533.6851918546568,False,False,,,0.0329304016649985,,,,0,0,0,Llenando ventana
84,1,PSO,poblacional,2533.6587061168766,2533.6587061168766,False,False,,,0.023554822643291118,,,,0,0,0,Llenando ventana
85,1,PSO,poblacional,2533.6452160776867,2533.6452160776867,False,False,,,0.014143011114811088,,,,0,0,0,Llenando ventana
86,1,PSO,poblacional,2533.6418367321876,2533.6418367321876,False,False,,,0.0006281636292442272,,,,0,0,0,Llenando ventana
87,1,PSO,poblacional,2533.6418367321876,2533.6532627072274,False,False,,,0.003299836382666399,,,,0,0,0,Llenando ventana
88,1,PSO,poblacional,2533.6406501371275,2533.6406501371275,False,False,,,0.004307475006498862,,,,0,0,0,Llenando ventana
89,1,PSO,poblacional,2533.6406501371275,2533.65438978194,False,False,,,0.004789885931131721,,,,0,0,0,Llenando ventana
90,1,PSO,poblacional,2533.6384447701275,2533.6384447701275,False,False,,,0.0037612541368616803,,,,0,0,0,Llenando ventana
91,1,PSO,poblacional,2533.6384447701275,2533.646446278482,False,False,,,0.007140599635931721,,,,0,0,0,Llenando ventana
92,1,PSO,poblacional,2533.6384447701275,2533.6426066086838,False,False,,,0.0058198277383780805,,,,0,0,0,Llenando ventana
93,1,PSO,poblacional,2533.6384447701275,2533.640859283064,False,False,,,0.008590086479216552,,,,0,0,0,Llenando ventana
94,1,PSO,poblacional,2533.6362941772554,2533.6362941772554,False,False,,,0.008413039017796109,,,,0,0,0,Llenando ventana
95,1,PSO,poblacional,2533.6362941772554,2533.6375733492596,False,False,,,0.002876094246403227,,,,0,0,0,Llenando ventana
96,1,PSO,poblacional,2533.6362941772554,2533.6373057046308,False,False,,,0.004062689308284462,,,,0,0,0,Llenando ventana
97,1,PSO,poblacional,2533.6350951675267,2533.6350951675267,False,False,,,0.0026230146963825973,,,,0,0,0,Llenando ventana
98,1,PSO,poblacional,2533.6320349247667,2533.6320349247667,False,False,,,0.001370640013647062,,,,0,0,0,Llenando ventana
99,1,PSO,poblacional,2533.6317524872425,2533.6317524872425,False,False,,,0.0019317842420605302,,,,0,0,0,Llenando ventana
100,1,PSO,poblacional,2533.6279400014137,2533.6279400014137,False,False,,,0.0007164514076976047,,,,0,0,0,Llenando ventana
101,1,PSO,poblacional,2533.6251620090356,2533.6251620090356,False,False,,,-0.0005584350815297512,,,,0,0,0,Llenando ventana
102,1,PSO,poblacional,2533.6251620090356,2533.626234810999,False,False,,,0.0006281599785324943,,,,0,0,0,Llenando ventana
103,1,PSO,poblacional,2533.622492124383,2533.622492124383,False,False,,,-0.0011545000643309322,,,,0,0,0,Llenando ventana
104,1,PSO,poblacional,2533.622492124383,2533.62506517574,False,False,,,-0.0007013759641267825,,,,0,0,0,Llenando ventana
105,1,PSO,poblacional,2533.6216733624933,2533.6216733624933,False,False,,,-0.0010808998699758376,,,,0,0,0,Llenando ventana
106,1,PSO,poblacional,2533.6216733624933,2533.6226521575486,False,False,,,-0.0007984623457559792,,,,0,0,0,Llenando ventana
107,1,PSO,poblacional,2533.6216733624933,2533.6228183472676,False,False,,,-0.0005160248215361207,,,,0,0,0,Llenando ventana
108,1,PSO,poblacional,2533.6216733624933,2533.62172720519,False,False,,,-0.00023358729731626227,,,,0,0,0,Llenando ventana
109,1,PSO,poblacional,2533.6212836909226,2533.6212836909226,False,False,,,-0.0005212820074120827,,,,0,0,0,Llenando ventana
110,1,PSO,poblacional,2533.6210515569574,2533.6210515569574,False,False,,,-0.000703054382938717,,,,0,0,0,Llenando ventana
111,1,PSO,poblacional,2533.6210439234137,2533.6210439234137,False,False,,,-0.00022953501866140869,,,,0,0,0,Llenando ventana
112,1,PSO,poblacional,2533.6209617128247,2533.6209617128247,False,False,,,-0.00032249205560219707,,,,0,0,0,Llenando ventana
113,1,PSO,poblacional,2533.6209617128247,2533.621043441457,False,False,,,-0.00032249205651169177,,,,0,0,0,Llenando ventana
114,1,PSO,poblacional,2533.6209617128247,2533.621233369085,False,False,,,-9.035809125634842e-05,,,,0,0,0,Llenando ventana
115,1,PSO,poblacional,2533.620823365647,2533.620823365647,False,False,,,-0.00013491848130797734,,,,0,0,0,Llenando ventana
116,1,PSO,poblacional,2533.620823365647,2533.6209736968567,False,False,,,-9.918641262629535e-05,,,,0,0,0,Llenando ventana
117,1,PSO,poblacional,2533.620823365647,2533.620853701036,False,False,,,0.000132947552629048,,,,0,0,0,Llenando ventana
118,1,PSO,poblacional,2533.620823365647,2533.6208532155756,False,False,,,0.00036508151788439136,,,,0,0,0,Llenando ventana
119,1,PSO,poblacional,2533.6208091485787,2533.6208091485787,False,False,,,0.0005687813463737257,,,,0,0,0,Llenando ventana
120,1,PSO,poblacional,2533.620776496126,2533.620776496126,False,False,,,0.0007356104060818325,,,,0,0,0,Llenando ventana
121,1,PSO,poblacional,2533.620735043311,2533.620735043311,False,False,,,0.0011527047763593146,,,,0,0,0,Llenando ventana
122,1,PSO,poblacional,2533.620735043311,2533.620752705525,False,False,,,0.0016527047773706727,,,,0,0,0,Llenando ventana
123,1,PSO,poblacional,2533.6206608070393,2533.6206608070393,False,False,,,0.002004232233048242,,,,0,0,0,Llenando ventana
124,1,PSO,poblacional,2533.620565017894,2533.620565017894,False,False,,,0.0023126539435907034,,,,0,0,0,Llenando ventana
125,1,PSO,poblacional,2533.620563810129,2533.620563810129,False,False,,,0.002578104447820806,,,,0,0,0,Llenando ventana
126,1,PSO,poblacional,2533.620497148219,2533.620497148219,False,False,,,0.002676914592484536,,,,0,0,0,Llenando ventana
127,1,PSO,poblacional,2533.620497148219,2533.620547135587,False,False,,,0.0027483787316668895,,,,0,0,0,Llenando ventana
128,1,PSO,poblacional,2533.620497148219,2533.6205126305777,False,False,,,0.0027483787316668895,,,,0,0,0,Llenando ventana
129,1,PSO,poblacional,2533.620497148219,2533.620532944672,False,False,,,0.002980512696922233,,,,0,0,0,Llenando ventana
130,1,PSO,poblacional,2533.620497148219,2533.6205070346514,False,False,,,0.0032126466621775762,,,,0,0,0,Llenando ventana
131,1,PSO,poblacional,2533.620497148219,2533.620507524526,False,False,,,0.003248378731768753,,,,0,0,0,Llenando ventana
132,1,PSO,poblacional,2533.62047605087,2533.62047605087,False,False,,,0.003438317999098217,,,,0,0,0,Llenando ventana
133,1,PSO,poblacional,2533.620474004225,2533.620474004225,False,False,,,0.003666358674308867,,,,0,0,0,Llenando ventana
134,1,PSO,poblacional,2533.62047288757,2533.62047288757,False,False,,,0.003896259329849272,,,,0,0,0,Llenando ventana
135,1,PSO,poblacional,2533.620465285622,2533.620465285622,False,False,,,0.004113189398594841,,,,0,0,0,Llenando ventana
136,1,PSO,poblacional,2533.620465285622,2533.620473479855,False,False,,,0.00461318939778721,,,,0,0,0,Llenando ventana
137,1,PSO,poblacional,2533.620414875354,2533.620414875354,False,False,,,0.005012368863390293,,,,0,0,0,Llenando ventana
138,1,PSO,poblacional,2533.6204095046946,2533.6204095046946,False,False,,,0.0055016275437083095,,,,0,0,0,Llenando ventana
139,1,PSO,poblacional,2533.6203953426425,2533.6203953426425,False,False,,,0.0059733034404416685,,,,0,0,0,Llenando ventana
140,1,PSO,poblacional,2533.6203953426425,2533.6204034236807,False,False,,,0.006241169474378694,,,,0,0,0,Llenando ventana
141,1,PSO,poblacional,2533.62038596937,2533.62038596937,False,False,,,0.006454556894823327,,,,0,0,0,Llenando ventana
142,1,PSO,poblacional,2533.62038596937,2533.620392635564,False,False,,,0.00652602103400568,,,,0,0,0,Llenando ventana
143,1,PSO,poblacional,2533.62038596937,2533.620386415381,False,False,,,0.00652602103400568,,,,0,0,0,Llenando ventana
144,1,PSO,poblacional,2533.620379660806,2533.620379660806,False,False,,,0.006745537871211127,,,,0,0,0,Llenando ventana
145,1,PSO,poblacional,2533.6203781197078,2533.6203781197078,False,False,,,0.00697458963986719,,,,0,0,0,Llenando ventana
146,1,PSO,poblacional,2533.6203781197078,2533.620381262047,False,False,,,0.007206723605122534,,,,0,0,0,Llenando ventana
147,1,PSO,poblacional,2533.6203781197078,2533.6203811094892,False,False,,,0.007438857570377877,,,,0,0,0,Llenando ventana
148,1,PSO,poblacional,2533.6203739006914,2533.6203739006914,False,False,,,0.007930419537842681,,,,0,0,0,Llenando ventana
149,1,PSO,poblacional,2533.620372148293,2533.620372148293,False,False,,,0.008017482226023276,,,,0,0,0,Llenando ventana
150,1,PSO,poblacional,2533.620372148293,2533.6203734296287,False,False,,,0.008155829403676762,,,,0,0,0,Llenando ventana
151,1,PSO,poblacional,2533.620372148293,2533.620372213408,False,False,,,0.008294176581330248,,,,0,0,0,Llenando ventana
152,1,PSO,poblacional,2533.62037195985,2533.62037195985,False,False,,,0.008432146873474267,,,,0,0,0,Llenando ventana
153,1,PSO,poblacional,2533.620370263535,2533.620370263535,False,False,,,0.008460639194709074,,,,0,0,0,Llenando ventana
154,1,PSO,poblacional,2533.620370263535,2533.6203708149765,False,False,,,0.008489073331475083,,,,0,0,0,Llenando ventana
155,1,PSO,poblacional,2533.6203696223156,2533.6203696223156,False,False,,,0.008553095798561117,,,,0,0,0,Llenando ventana
156,1,PSO,poblacional,2533.62036949884,2533.62036949884,False,False,,,0.008635754476927104,,,,0,0,0,Llenando ventana
157,1,PSO,poblacional,2533.62036949884,2533.620370091499,False,False,,,0.008635754476927104,,,,0,0,0,Llenando ventana
158,1,PSO,poblacional,2533.62036949884,2533.6203697616033,False,False,,,0.008731543622161553,,,,0,0,0,Llenando ventana
159,1,PSO,poblacional,2533.62036949884,2533.6203696463904,False,False,,,0.008827332767396001,,,,0,0,0,Llenando ventana
160,1,PSO,poblacional,2533.620369466937,2533.620369466937,False,False,,,0.008923058107029647,,,,0,0,0,Llenando ventana
161,1,PSO,poblacional,2533.620369466937,2533.620369469914,False,False,,,0.009018847252264095,,,,0,0,0,Llenando ventana
162,1,PSO,poblacional,2533.620369466937,2533.620369559732,False,False,,,0.009167319795778894,,,,0,0,0,Llenando ventana
163,1,PSO,poblacional,2533.6203694368587,2533.6203694368587,False,False,,,0.009292936209021718,,,,0,0,0,Llenando ventana
164,1,PSO,poblacional,2533.620369094745,2533.620369094745,False,False,,,0.00929225198160566,,,,0,0,0,Llenando ventana
165,1,PSO,poblacional,2533.620369094745,2533.6203693401653,False,False,,,0.00929225198160566,,,,0,0,0,Llenando ventana
166,1,PSO,poblacional,2533.620369094745,2533.620369142881,False,False,,,0.00929225198160566,,,,0,0,0,Llenando ventana
167,1,PSO,poblacional,2533.620369094745,2533.6203691233077,False,False,,,0.009334446679531538,,,,0,0,0,Llenando ventana
168,1,PSO,poblacional,2533.620369094745,2533.6203692277545,False,False,,,0.009338539969576232,,,,0,0,0,Llenando ventana
169,1,PSO,poblacional,2533.620369094745,2533.6203691463193,False,False,,,0.00934077327929117,,,,0,0,0,Llenando ventana
170,1,PSO,poblacional,2533.620369068324,2533.620369068324,False,False,,,0.009355924334158772,,,,0,0,0,Llenando ventana
171,1,PSO,poblacional,2533.6203689773915,2533.6203689773915,False,False,,,0.009355742468869721,,,,0,0,0,Llenando ventana
172,1,PSO,poblacional,2533.6203689198437,2533.6203689198437,False,False,,,0.009406037640928844,,,,0,0,0,Llenando ventana
173,1,PSO,poblacional,2533.620368885485,2533.620368885485,False,False,,,0.009456379190851294,,,,0,0,0,Llenando ventana
174,1,PSO,poblacional,2533.620368885485,2533.6203689065487,False,False,,,0.009506789458555431,,,,0,0,0,Llenando ventana
175,1,PSO,poblacional,2533.620368857304,2533.620368857304,False,False,,,0.0095571433648729,,,,0,0,0,Llenando ventana
176,1,PSO,poblacional,2533.620368857304,2533.620368866158,False,False,,,0.009654543167016527,,,,0,0,0,Llenando ventana
177,1,PSO,poblacional,2533.6203688401793,2533.6203688401793,False,False,,,0.009668670969404047,,,,0,0,0,Llenando ventana
178,1,PSO,poblacional,2533.6203688401793,2533.620368840498,False,False,,,0.009687621801276691,,,,0,0,0,Llenando ventana
179,1,PSO,poblacional,2533.6203688337355,2533.6203688337355,False,False,,,0.009696803038877988,,,,0,0,0,Llenando ventana
180,1,PSO,poblacional,2533.6203688337355,2533.6203688415612,False,False,,,0.009703111602902936,,,,0,0,0,Llenando ventana
181,1,PSO,poblacional,2533.620368799418,2533.620368799418,False,False,,,0.009709351531910215,,,,0,0,0,Llenando ventana
182,1,PSO,poblacional,2533.620368783335,2533.620368783335,False,False,,,0.009714451189211104,,,,0,0,0,Llenando ventana
183,1,PSO,poblacional,2533.6203687398006,2533.6203687398006,False,False,,,0.009718583136873349,,,,0,0,0,Llenando ventana
184,1,PSO,poblacional,2533.6203687398006,2533.620368741875,False,False,,,0.009722802153191878,,,,0,0,0,Llenando ventana
185,1,PSO,poblacional,2533.6203687398006,2533.620368739905,False,False,,,0.009727021169510408,,,,0,0,0,Llenando ventana
186,1,PSO,poblacional,2533.6203687398006,2533.620368765176,False,False,,,0.009731240185828938,,,,0,0,0,Llenando ventana
187,1,PSO,poblacional,2533.620368723136,2533.620368723136,False,False,,,0.009736741310007346,,,,0,0,0,Llenando ventana
188,1,PSO,poblacional,2533.620368723136,2533.620368731434,False,False,,,0.009738437625401275,,,,0,0,0,Llenando ventana
189,1,PSO,poblacional,2533.6203687174125,2533.6203687174125,False,False,,,0.009740122493894887,,,,0,0,0,Llenando ventana
190,1,PSO,poblacional,2533.6203687174125,2533.620368720245,False,False,,,0.009741818809288816,,,,0,0,0,Llenando ventana
191,1,PSO,poblacional,2533.6203687165716,2533.6203687165716,False,False,,,0.009743513443027041,,,,0,0,0,Llenando ventana
192,1,PSO,poblacional,2533.620368708043,2533.620368708043,False,False,,,0.009746247797011165,,,,0,0,0,Llenando ventana
193,1,PSO,poblacional,2533.6203687017714,2533.6203687017714,False,False,,,0.009746876473400334,,,,0,0,0,Llenando ventana
194,1,PSO,poblacional,2533.6203687017714,2533.6203687062725,False,False,,,0.009747037408487813,,,,0,0,0,Llenando ventana
195,1,PSO,poblacional,2533.6203686992358,2533.6203686992358,False,False,,,0.009747096142746159,,,,0,0,0,Llenando ventana
196,1,PSO,poblacional,2533.6203686992358,2533.620368700468,False,False,,,0.009747096142746159,,,,0,0,0,Llenando ventana
197,1,PSO,poblacional,2533.620368695099,2533.620368695099,False,False,,,0.009747087869072857,,,,0,0,0,Llenando ventana
198,1,PSO,poblacional,2533.620368693015,2533.620368693015,False,False,,,0.009747143857566698,,,,0,0,0,Llenando ventana
199,1,PSO,poblacional,2533.6203686928384,2533.6203686928384,False,False,,,0.009747485618390783,,,,0,0,0,Llenando ventana
200,1,PSO,poblacional,2533.6203686928384,2533.620368693155,False,False,,,0.009747827732098813,,,,0,0,0,Llenando ventana
201,1,PSO,poblacional,2533.6203686917734,2533.6203686917734,False,False,,,0.00974816771577025,,,,0,0,0,Llenando ventana
202,1,PSO,poblacional,2533.6203686917734,2533.620368692349,False,False,,,0.00974850982947828,,,,0,0,0,Llenando ventana
203,1,PSO,poblacional,2533.6203686917734,2533.620368695302,False,False,,,0.009748830326316238,,,,0,0,0,Llenando ventana
204,1,PSO,poblacional,2533.6203686917734,2533.6203686921544,False,False,,,0.009748830326316238,,,,0,0,0,Llenando ventana
205,1,PSO,poblacional,2533.620368691313,2533.620368691313,False,False,,,0.009748882247549773,,,,0,0,0,Llenando ventana
206,1,PSO,poblacional,2533.620368690912,2533.620368690912,False,False,,,0.009748972378019971,,,,0,0,0,Llenando ventana
207,1,PSO,poblacional,2533.620368690415,2533.620368690415,False,False,,,0.009749062316586787,,,,0,0,0,Llenando ventana
208,1,PSO,poblacional,2533.620368690258,2533.620368690258,False,False,,,0.00974915293545564,,,,0,0,0,Llenando ventana
209,1,PSO,poblacional,2533.620368690258,2533.620368691032,False,False,,,0.009749243868100166,,,,0,0,0,Llenando ventana
210,1,PSO,poblacional,2533.6203686901645,2533.6203686901645,False,False,,,0.009749425546033308,,,,0,0,0,Llenando ventana
211,1,PSO,poblacional,2533.620368688903,2533.620368688903,False,False,,,0.009749489060595806,,,,0,0,0,Llenando ventana
212,1,PSO,poblacional,2533.620368688903,2533.6203686899576,False,False,,,0.009749523310347286,,,,0,0,0,Llenando ventana
213,1,PSO,poblacional,2533.620368688903,2533.6203686890385,False,False,,,0.009749523310347286,,,,0,0,0,Llenando ventana
214,1,PSO,poblacional,2533.620368688902,2533.620368688902,False,False,,,0.00974953619606822,,,,0,0,0,Llenando ventana
215,1,PSO,poblacional,2533.6203686888407,2533.6203686888407,False,False,,,0.009749536073286436,,,,0,0,0,Llenando ventana
216,1,PSO,poblacional,2533.6203686888407,2533.6203686889958,False,False,,,0.009749579607614578,,,,0,0,0,Llenando ventana
217,1,PSO,poblacional,2533.6203686886993,2533.6203686886993,False,False,,,0.009749622859089868,,,,0,0,0,Llenando ventana
218,1,PSO,poblacional,2533.6203686886993,2533.620368689146,False,False,,,0.00974966639341801,,,,0,0,0,Llenando ventana
219,1,PSO,poblacional,2533.6203686884946,2533.6203686884946,False,False,,,0.009749709518473537,,,,0,0,0,Llenando ventana
220,1,PSO,poblacional,2533.620368688328,2533.620368688328,False,False,,,0.00974976645238712,,,,0,0,0,Llenando ventana
221,1,PSO,poblacional,2533.620368688328,2533.620368688412,False,False,,,0.009749809986715263,,,,0,0,0,Llenando ventana
222,1,PSO,poblacional,2533.620368688328,2533.6203686883855,False,False,,,0.009749847061357286,,,,0,0,0,Llenando ventana
223,1,PSO,poblacional,2533.620368688328,2533.620368688341,False,False,,,0.009749863726028707,,,,0,0,0,Llenando ventana
224,1,PSO,poblacional,2533.620368688328,2533.62036868836,False,False,,,0.009749880390700127,,,,0,0,0,Llenando ventana
225,1,PSO,poblacional,2533.620368688328,2533.6203686883596,False,False,,,0.009749897055371548,,,,0,0,0,Llenando ventana
226,1,PSO,poblacional,2533.620368688328,2533.6203686883773,False,False,,,0.009749909398124146,,,,0,0,0,Llenando ventana
227,1,PSO,poblacional,2533.6203686882536,2533.6203686882536,False,False,,,0.00974991777775358,,,,0,0,0,Llenando ventana
228,1,PSO,poblacional,2533.6203686882536,2533.6203686882745,False,False,,,0.009749926306540146,,,,0,0,0,Llenando ventana
229,1,PSO,poblacional,2533.6203686882536,2533.620368688284,False,False,,,0.009749934835326712,,,,0,0,0,Llenando ventana
230,1,PSO,poblacional,2533.620368688223,2533.620368688223,False,False,,,0.009749943303177133,,,,0,0,0,Llenando ventana
231,1,PSO,poblacional,2533.620368688186,2533.620368688186,False,False,,,0.0097499602861717,,,,0,0,0,Llenando ventana
232,1,PSO,poblacional,2533.620368688186,2533.620368688196,False,False,,,0.009749965489845636,,,,0,0,0,Llenando ventana
233,1,PSO,poblacional,2533.620368688186,2533.620368688224,False,False,,,0.009749969626682287,,,,0,0,0,Llenando ventana
234,1,PSO,poblacional,2533.6203686881386,2533.6203686881386,False,False,,,0.009749973668931489,,,,0,0,0,Llenando ventana
235,1,PSO,poblacional,2533.620368688113,2533.620368688113,False,False,,,0.009749977754836436,,,,0,0,0,Llenando ventana
236,1,PSO,poblacional,2533.620368688076,2533.620368688076,False,False,,,0.009749985953931173,,,,0,0,0,Llenando ventana
237,1,PSO,poblacional,2533.620368688076,2533.6203686881267,False,False,,,0.009749987559189321,,,,0,0,0,Llenando ventana
238,1,PSO,poblacional,2533.6203686880253,2533.6203686880253,False,False,,,0.00974998745823541,,,,0,0,0,Llenando ventana
239,1,PSO,poblacional,2533.6203686880017,2533.6203686880017,False,False,,,0.009749987410941685,,,,0,0,0,Llenando ventana
240,1,PSO,poblacional,2533.6203686880017,2533.620368688022,False,False,,,0.009749988331350323,,,,0,0,0,Llenando ventana
241,1,PSO,poblacional,2533.6203686879394,2533.6203686879394,False,False,,,0.009749989008923876,,,,0,0,0,Llenando ventana
242,1,PSO,poblacional,2533.6203686879376,2533.6203686879376,False,False,,,0.009749989999363606,,,,0,0,0,Llenando ventana
243,1,PSO,poblacional,2533.6203686879376,2533.620368687954,False,False,,,0.009749990313139278,,,,0,0,0,Llenando ventana
244,1,PSO,poblacional,2533.6203686879303,2533.6203686879303,False,False,,,0.009749990298587363,,,,0,0,0,Llenando ventana
245,1,PSO,poblacional,2533.620368687927,2533.620368687927,False,False,,,0.009749990479576809,,,,0,0,0,Llenando ventana
246,1,PSO,poblacional,2533.620368687927,2533.620368687937,False,False,,,0.00974999174104596,,,,0,0,0,Llenando ventana
247,1,PSO,poblacional,2533.6203686879053,2533.6203686879053,False,False,,,0.009749992958859366,,,,0,0,0,Llenando ventana
248,1,PSO,poblacional,2533.6203686879035,2533.6203686879035,False,False,,,0.009749994216690538,,,,0,0,0,Llenando ventana
249,1,PSO,poblacional,2533.6203686879035,2533.620368687906,False,False,,,0.00974999547815969,,,,0,0,0,Llenando ventana
250,1,PSO,poblacional,2533.6203686878994,2533.6203686878994,False,False,,,0.009749997298968083,,,,0,0,0,Llenando ventana
251,1,PSO,poblacional,2533.620368687896,2533.620368687896,False,False,,,0.00974999729260162,,,,0,0,0,Llenando ventana
252,1,PSO,poblacional,2533.620368687896,2533.6203686879066,False,False,,,0.009749997497237928,,,,0,0,0,Llenando ventana
253,1,PSO,poblacional,2533.6203686878953,2533.6203686878953,False,False,,,0.009749997573635483,,,,0,0,0,Llenando ventana
254,1,PSO,poblacional,2533.620368687895,2533.620368687895,False,False,,,0.009749997777362296,,,,0,0,0,Llenando ventana
255,1,PSO,poblacional,2533.620368687886,2533.620368687886,False,False,,,0.009749997964718204,,,,0,0,0,Llenando ventana
256,1,PSO,poblacional,2533.620368687886,2533.6203686878885,False,False,,,0.009749998169354512,,,,0,0,0,Llenando ventana
257,1,PSO,poblacional,2533.620368687885,2533.620368687885,False,False,,,0.009749998371262336,,,,0,0,0,Llenando ventana
258,1,PSO,poblacional,2533.620368687885,2533.6203686878866,False,False,,,0.009749998780534952,,,,0,0,0,Llenando ventana
259,1,PSO,poblacional,2533.6203686878744,2533.6203686878744,False,False,,,0.009749998794177372,,,,0,0,0,Llenando ventana
260,1,PSO,poblacional,2533.620368687871,2533.620368687871,False,False,,,0.00974999878781091,,,,0,0,0,Llenando ventana
261,1,PSO,poblacional,2533.620368687871,2533.620368687871,False,False,,,0.00974999878781091,,,,0,0,0,Llenando ventana
262,1,PSO,poblacional,2533.6203686878707,2533.6203686878707,False,False,,,0.00974999886147998,,,,0,0,0,Llenando ventana
263,1,PSO,poblacional,2533.6203686878616,2533.6203686878616,False,False,,,0.009749998917868652,,,,0,0,0,Llenando ventana
264,1,PSO,poblacional,2533.6203686878616,2533.6203686878616,False,False,,,0.009749998966981366,,,,0,0,0,Llenando ventana
265,1,PSO,poblacional,2533.6203686878607,2533.6203686878607,False,False,,,0.009749999026098521,,,,0,0,0,Llenando ventana
266,1,PSO,poblacional,2533.6203686878607,2533.620368687861,False,False,,,0.009749999088398908,,,,0,0,0,Llenando ventana
267,1,PSO,poblacional,2533.6203686878607,2533.620368687861,False,False,,,0.009749999100677087,,,,0,0,0,Llenando ventana
268,1,PSO,poblacional,2533.6203686878603,2533.6203686878603,False,False,,,0.009749999099767592,,,,0,0,0,Llenando ventana
269,1,PSO,poblacional,2533.62036868786,2533.62036868786,False,False,,,0.009749999161158485,,,,0,0,0,Llenando ventana
270,1,PSO,poblacional,2533.62036868786,2533.62036868786,False,False,,,0.009749999223458872,,,,0,0,0,Llenando ventana
271,1,PSO,poblacional,2533.62036868786,2533.6203686878603,False,False,,,0.009749999285759259,,,,0,0,0,Llenando ventana
272,1,PSO,poblacional,2533.62036868786,2533.6203686878603,False,False,,,0.009749999318955815,,,,0,0,0,Llenando ventana
273,1,PSO,poblacional,2533.62036868786,2533.62036868786,False,False,,,0.009749999381256202,,,,0,0,0,Llenando ventana
274,1,PSO,poblacional,2533.620368687859,2533.620368687859,False,False,,,0.0097499994417376,,,,0,0,0,Llenando ventana
275,1,PSO,poblacional,2533.620368687859,2533.620368687859,False,False,,,0.009749999465384462,,,,0,0,0,Llenando ventana
276,1,PSO,poblacional,2533.620368687859,2533.620368687859,False,False,,,0.00974999952768485,,,,0,0,0,Llenando ventana
277,1,PSO,poblacional,2533.620368687859,2533.6203686878594,False,False,,,0.009749999589985237,,,,0,0,0,Llenando ventana
278,1,PSO,poblacional,2533.6203686878584,2533.6203686878584,False,False,,,0.009749999651376129,,,,0,0,0,Llenando ventana
279,1,PSO,poblacional,2533.6203686878584,2533.620368687859,False,False,,,0.009749999713676516,,,,0,0,0,Llenando ventana
280,1,PSO,poblacional,2533.6203686878584,2533.6203686878584,False,False,,,0.009749999775522156,,,,0,0,0,Llenando ventana
281,1,PSO,poblacional,2533.6203686878584,2533.6203686878584,False,False,,,0.009749999775522156,,,,0,0,0,Llenando ventana
282,1,PSO,poblacional,2533.6203686878584,2533.6203686878584,False,False,,,0.009749999797350029,,,,0,0,0,Llenando ventana
283,1,PSO,poblacional,2533.6203686878584,2533.6203686878584,False,False,,,0.009749999819177901,,,,0,0,0,Llenando ventana
284,1,PSO,poblacional,2533.6203686878584,2533.6203686878584,False,False,,,0.009749999841005774,,,,0,0,0,Llenando ventana
285,1,PSO,poblacional,2533.6203686878584,2533.6203686878584,False,False,,,0.009749999862833647,,,,0,0,0,Llenando ventana
286,1,PSO,poblacional,2533.6203686878584,2533.6203686878584,False,False,,,0.00974999988284253,,,,0,0,0,Llenando ventana
287,1,PSO,poblacional,2533.620368687858,2533.620368687858,False,False,,,0.009749999881933036,,,,0,0,0,Llenando ventana
288,1,PSO,poblacional,2533.620368687858,2533.6203686878584,False,False,,,0.009749999883752025,,,,0,0,0,Llenando ventana
289,1,PSO,poblacional,2533.620368687858,2533.620368687858,False,False,,,0.00974999988466152,,,,0,0,0,Llenando ventana
290,1,PSO,poblacional,2533.620368687858,2533.620368687858,False,False,,,0.009749999895120709,,,,0,0,0,Llenando ventana
291,1,PSO,poblacional,2533.620368687858,2533.6203686878584,False,False,,,0.00974999990194192,,,,0,0,0,Llenando ventana
292,1,PSO,poblacional,2533.6203686878575,2533.6203686878575,False,False,,,0.009749999903760909,,,,0,0,0,Llenando ventana
293,1,PSO,poblacional,2533.6203686878575,2533.6203686878584,False,False,,,0.009749999903760909,,,,0,0,0,Llenando ventana
294,1,PSO,poblacional,2533.6203686878575,2533.6203686878584,False,False,,,0.009749999914220098,,,,0,0,0,Llenando ventana
295,1,PSO,poblacional,2533.6203686878575,2533.6203686878584,False,False,,,0.009749999924679287,,,,0,0,0,Llenando ventana
296,1,PSO,poblacional,2533.6203686878575,2533.6203686878584,False,False,,,0.009749999935138476,,,,0,0,0,Llenando ventana
297,1,PSO,poblacional,2533.6203686878575,2533.620368687858,False,False,,,0.009749999937412213,,,,0,0,0,Llenando ventana
298,1,PSO,poblacional,2533.6203686878575,2533.620368687858,False,False,,,0.00974999994650716,,,,0,0,0,Llenando ventana
299,1,PSO,poblacional,2533.6203686878575,2533.620368687858,False,False,,,0.009749999955602107,,,,0,0,0,Llenando ventana
300,1,PSO,poblacional,2533.6203686878575,2533.620368687858,False,False,,,0.009749999964697054,,,,0,0,0,Llenando ventana
301,2,EHO,poblacional,2483.364889207029,2483.364889207029,False,False,,,,,,,0,0,1,Llenando ventana
302,2,EHO,poblacional,2483.364889207029,2483.364889207029,False,False,,,,,,,1,0,2,Llenando ventana
303,2,EHO,poblacional,2483.364889207029,2483.364889207029,False,False,,,,,,,2,0,3,Llenando ventana
304,2,EHO,poblacional,2483.364889207029,2483.364889207029,False,False,,,,,,,3,0,4,Llenando ventana
305,2,EHO,poblacional,2483.364889207029,2483.364889207029,False,False,,,,,,,4,0,5,Llenando ventana
306,2,EHO,poblacional,2483.364889207029,2483.364889207029,False,False,,,,,,,5,0,6,Llenando ventana
307,2,EHO,poblacional,2483.364889207029,2483.364889207029,False,False,,,,,,,6,0,7,Llenando ventana
308,2,EHO,poblacional,2483.364889207029,2483.364889207029,False,False,,,,,,,7,0,8,Llenando ventana
309,2,EHO,poblacional,2462.2515542233764,2462.2515542233764,False,False,,,,,,,0,0,9,Llenando ventana
310,2,EHO,poblacional,2431.021414891622,2431.021414891622,False,False,,,,,,,0,0,10,Llenando ventana
311,2,EHO,poblacional,2431.021414891622,2431.021414891622,False,False,,,,,,,1,0,11,Llenando ventana
312,2,EHO,poblacional,2422.6637442539536,2422.6637442539536,False,False,,,,,,,0,0,12,Llenando ventana
313,2,EHO,poblacional,2422.6637442539536,2422.6637442539536,False,False,,,,,,,1,0,13,Llenando ventana
314,2,EHO,poblacional,2419.4641949021116,2419.4641949021116,False,False,,,,,,,0,0,14,Llenando ventana
315,2,EHO,poblacional,2419.031360194469,2419.031360194469,False,False,,,,,,,0,0,15,Llenando ventana
316,2,EHO,poblacional,2419.031360194469,2419.031360194469,False,False,,,,,,,1,0,16,Llenando ventana
317,2,EHO,poblacional,2418.6359280522543,2418.6359280522543,False,False,,,,,,,0,0,17,Llenando ventana
318,2,EHO,poblacional,2418.6359280522543,2418.6359280522543,False,False,,,,,,,1,0,18,Llenando ventana
319,2,EHO,poblacional,2418.6210706325965,2418.6210706325965,False,False,,,,,,,0,0,19,Llenando ventana
320,2,EHO,poblacional,2418.618484006467,2418.618484006467,False,False,,,,,,,0,0,20,Llenando ventana
321,2,EHO,poblacional,2418.6038141008294,2418.6038141008294,False,False,,,,,,,0,0,21,Llenando ventana
322,2,EHO,poblacional,2418.5965625584827,2418.5965625584827,False,False,,,,,,,0,0,22,Llenando ventana
323,2,EHO,poblacional,2418.565677733279,2418.565677733279,False,False,,,,,,,0,0,23,Llenando ventana
324,2,EHO,poblacional,2418.548494705795,2418.548494705795,False,False,,,,,,,0,0,24,Llenando ventana
325,2,EHO,poblacional,2418.548494705795,2418.548494705795,False,False,,,,,,,1,0,25,Llenando ventana
326,2,EHO,poblacional,2418.548494705795,2418.548494705795,False,False,,,,,,,2,0,26,Llenando ventana
327,2,EHO,poblacional,2418.545306341501,2418.545306341501,False,False,,,,,,,0,0,27,Llenando ventana
328,2,EHO,poblacional,2418.5401334874637,2418.5401334874637,False,False,,,,,,,0,0,28,Llenando ventana
329,2,EHO,poblacional,2418.5366635458636,2418.5366635458636,False,False,,,,,,,0,0,29,Llenando ventana
330,2,EHO,poblacional,2418.5366635458636,2418.5366635458636,False,False,,,,,,,1,0,30,Llenando ventana
331,2,EHO,poblacional,2418.5366635458636,2418.5366635458636,False,False,,,,,,,2,0,31,Llenando ventana
332,2,EHO,poblacional,2418.5361083814096,2418.5361083814096,False,False,,,,,,,0,0,32,Llenando ventana
333,2,EHO,poblacional,2418.535491673242,2418.535491673242,False,False,,,,,,,0,0,33,Llenando ventana
334,2,EHO,poblacional,2418.535491673242,2418.535491673242,False,False,,,,,,,1,0,34,Llenando ventana
335,2,EHO,poblacional,2418.535398222704,2418.535398222704,False,False,,,,,,,0,0,35,Llenando ventana
336,2,EHO,poblacional,2418.535351159204,2418.535351159204,False,False,,,,,,,0,0,36,Llenando ventana
337,2,EHO,poblacional,2418.535337632233,2418.535337632233,False,False,,,,,,,0,0,37,Llenando ventana
338,2,EHO,poblacional,2418.5352953899283,2418.5352953899283,False,False,,,,,,,0,0,38,Llenando ventana
339,2,EHO,poblacional,2418.5352584118177,2418.5352584118177,False,False,,,,,,,0,0,39,Llenando ventana
340,2,EHO,poblacional,2418.5352584118177,2418.5352584118177,True,False,65.03627044513223,64.82963079521141,0.20663964992081674,4.0,20.0,12.0,1,0,40,Explotacion activa
341,2,EHO,poblacional,2418.535255061621,2418.535255061621,True,False,65.03626710749813,64.82963414540836,0.20663296208977044,4.0,20.0,12.0,0,0,41,Explotacion activa
342,2,EHO,poblacional,2418.535255061621,2418.535255061621,True,False,65.03626710749904,64.82963414540836,0.20663296209067994,4.0,20.0,12.0,1,0,42,Explotacion activa
343,2,EHO,poblacional,2418.535253746097,2418.535253746097,True,False,65.03626579690672,64.82963546093197,0.20663033597475078,4.0,20.0,12.0,0,0,43,Explotacion activa
344,2,EHO,poblacional,2418.5352480840056,2418.5352480840056,True,False,65.0514919491261,64.82964112302352,0.22185082610258178,4.0,20.0,12.0,0,0,44,Explotacion activa
345,2,EHO,poblacional,2418.535245653921,2418.535245653921,True,False,65.0667213236643,64.82964355310833,0.23707777055597035,4.0,20.0,12.0,0,0,45,Explotacion activa
346,2,EHO,poblacional,2418.535243430601,2418.535243430601,True,False,65.0819509063067,64.82964577642815,0.25230512987855036,4.0,20.0,12.0,0,0,46,Explotacion activa
347,2,EHO,poblacional,2418.535242299634,2418.535242299634,True,False,65.09718157724683,64.82964690739527,0.26753466985155683,4.0,20.0,12.0,0,0,47,Explotacion activa
348,2,EHO,poblacional,2418.535242299634,2418.535242299634,True,False,43.89964141206838,43.71631192374252,0.18332948832585316,4.0,20.0,12.0,1,0,48,Explotacion activa
349,2,EHO,poblacional,2418.535242299634,2418.535242299634,True,False,12.521925272487351,12.48617259198818,0.03575268049917213,64.82963314034927,65.05606076148756,0.22641890943859835,2,0,49,Explotacion activa
350,2,EHO,poblacional,2418.535242299634,2418.535242299634,True,False,12.524979994489058,12.48617259198818,0.03880740250087911,64.82963079521141,65.0514919491261,0.22185082610258178,3,0,50,Explotacion activa
351,2,EHO,poblacional,2418.5352421271537,2418.5352421271537,True,False,4.140524464188275,4.128502126799958,0.012022337388316373,50.05030758518319,65.04692549792794,0.21728747324805225,0,0,51,Explotacion activa
352,2,EHO,poblacional,2418.535242041827,2418.535242041827,True,False,4.141141087349297,4.128502212126477,0.012638875222819479,31.224256191040773,65.04235904672979,0.21272412039352273,0,0,52,Explotacion activa
353,2,EHO,poblacional,2418.535242041827,2418.535242041827,True,False,0.9317035974549981,0.9289528602844257,0.0027507371705723926,12.48617259198818,65.03779259553161,0.20816076753899324,1,0,53,Explotacion activa
354,2,EHO,poblacional,2418.535242041827,2418.535242041827,True,False,0.4992754392733332,0.4961181526418841,0.0031572866314490966,12.48617259198818,65.0362697776056,0.20663831235478938,2,0,54,Explotacion activa
355,2,EHO,poblacional,2418.5352420382987,2418.5352420382987,True,False,0.49936888628326415,0.4961181561702688,0.0032507301129953703,8.307337402057328,65.03626877631564,0.20663630600574834,0,0,55,Explotacion activa
356,2,EHO,poblacional,2418.5352420382987,2418.5352420382987,True,False,0.1043432935312012,0.10068601395551013,0.0036572795756910637,4.1285021950611736,65.03626777502568,0.2066342996567073,1,0,56,Explotacion activa
357,2,EHO,poblacional,2418.535242029989,2418.535242029989,True,False,0.10443673575991852,0.10068602226510848,0.003750713494810043,4.12850213533261,65.03626710749896,0.20663296209058898,0,0,57,Explotacion activa
358,2,EHO,poblacional,2418.5352420272598,2418.5352420272598,True,False,0.09007931337282571,0.085828605336701,0.004250708036124706,2.2087725668906373,65.03626710749867,0.20663296209031615,0,0,58,Explotacion activa
359,2,EHO,poblacional,2418.53524202424,2418.53524202424,True,False,0.08799268422171735,0.08324198222726409,0.004750701994453266,0.7991024490501787,65.0362671074984,0.20663296209004328,0,0,59,Explotacion activa
360,2,EHO,poblacional,2418.5352420240256,2418.5352420240256,True,False,0.07382277836995854,0.06857207680377542,0.005250701566183125,0.4961181561702688,65.03626710749813,0.20663296208977044,0,0,60,Explotacion activa
361,2,EHO,poblacional,2418.535242021815,2418.535242021815,True,False,0.06707123381374913,0.061320536667608394,0.0057506971461407375,0.49611815370039947,65.0362667143207,0.20663217425526453,0,0,61,Explotacion activa
362,2,EHO,poblacional,2418.535242021815,2418.535242021815,True,False,0.03668640860996675,0.030435711463724147,0.006250697146242601,0.33794530049117366,65.03626632114329,0.20663138642075865,1,0,62,Explotacion activa
363,2,EHO,poblacional,2418.5352420215954,2418.5352420215954,True,False,0.019816479828932643,0.013252684199414944,0.006563795629517699,0.10068602143414865,65.03626592796586,0.20663059858625274,0,0,63,Explotacion activa
364,2,EHO,poblacional,2418.5352420212917,2418.5352420212917,True,False,0.019909930063477077,0.013252684503186174,0.006657245560290903,0.1006860156174298,60.80894091993899,0.20197016644497118,0,0,64,Explotacion activa
365,2,EHO,poblacional,2418.5352420212917,2418.5352420212917,True,False,0.020003380601792742,0.013252684503186174,0.006750696098606568,0.09325730964610557,54.46795360448755,0.19497991215030197,1,0,65,Explotacion activa
366,2,EHO,poblacional,2418.5352420210884,2418.5352420210884,True,False,0.017315016105840186,0.010064320412766392,0.007250695693073794,0.08531128071481361,48.126966289036034,0.18798965785563268,0,0,66,Explotacion activa
367,2,EHO,poblacional,2418.535242020987,2418.535242020987,True,False,0.012642161967050924,0.004891466476692585,0.007750695490358339,0.08350064453820778,40.7621752703104,0.16887727974335556,0,0,67,Explotacion activa
368,2,EHO,poblacional,2418.5352420209097,2418.5352420209097,True,False,0.009485319212217291,0.0014215249539120123,0.008063794258305279,0.07444003897317089,31.349776845036583,0.12552065399586324,0,0,68,Explotacion activa
369,2,EHO,poblacional,2418.5352420209097,2418.5352420209097,True,False,0.009578769750532956,0.0014215249539120123,0.008157244796620944,0.0663966147629253,21.937378419762766,0.08216402824837091,1,0,69,Explotacion activa
370,2,EHO,poblacional,2418.5352420208983,2418.5352420208983,True,False,0.009672220277479937,0.001421524965280696,0.008250695312199241,0.061320536667608394,12.524979994489058,0.03880740250087911,0,0,70,Explotacion activa
371,2,EHO,poblacional,2418.535242020872,2418.535242020872,True,False,0.009617055797207286,0.0008663605376568739,0.008750695259550412,0.03970115902488939,12.524063577888546,0.03789098590036701,0,0,71,Explotacion activa
372,2,EHO,poblacional,2418.535242020872,2418.535242020872,True,False,0.009406897091594146,0.00024965237025753595,0.00915724472133661,0.023562500679508953,12.523147161288033,0.03697456929985492,1,0,72,Explotacion activa
373,2,EHO,poblacional,2418.5352420208537,2418.5352420208537,True,False,0.009500347611719917,0.00024965238844743,0.009250695223272487,0.013252684503186174,12.522230744687523,0.03605815269934282,0,0,73,Explotacion activa
374,2,EHO,poblacional,2418.5352420208533,2418.5352420208533,True,False,0.009593798149580834,0.0001562018505865126,0.009437596298994322,0.013252684503186174,10.845768435459716,0.031129919443901533,0,0,74,Explotacion activa
375,2,EHO,poblacional,2418.5352420208483,2418.5352420208483,True,False,0.00962567328087971,0.00010913835558312712,0.009516534925296583,0.013252684351300559,8.331533179918324,0.024195777860995804,0,0,75,Explotacion activa
376,2,EHO,poblacional,2418.5352420208483,2418.5352420208483,True,False,0.009654388615217613,9.56113849497342e-05,0.009558777230267879,0.01261501144208523,5.817297924376902,0.017261636278089992,1,0,76,Explotacion activa
377,2,EHO,poblacional,2418.535242020847,2418.535242020847,True,False,0.009696630918824667,5.336908134268015e-05,0.009643261837481987,0.010383156791431246,4.141079425033195,0.012577221439369167,0,0,77,Explotacion activa
378,2,EHO,poblacional,2418.535242020847,2418.535242020847,True,False,0.009720292104248074,1.6390970813517924e-05,0.009703901133434556,0.00696060805112211,4.140894438084888,0.012392260089018236,1,0,78,Explotacion activa
379,2,EHO,poblacional,2418.535242020847,2418.535242020847,True,False,0.009725954195801023,1.6390970813517924e-05,0.009709563224987505,0.003850484023269016,4.140709451136582,0.012207298738667303,2,0,79,Explotacion activa
380,2,EHO,poblacional,2418.535242020847,2418.535242020847,True,False,0.009728266090405668,1.304077386521385e-05,0.009715225316540455,0.001421524965280696,4.140524464188275,0.012022337388316373,3,0,80,Explotacion activa
381,2,EHO,poblacional,2418.535242020846,2418.535242020846,True,False,0.009733928181049123,1.3040774774708552e-05,0.009720887406274414,0.0014215249573226174,3.177878204168289,0.011331902393703784,0,0,81,Explotacion activa
382,2,EHO,poblacional,2418.535242020846,2418.535242020846,True,False,0.009738274748997355,1.172525116999168e-05,0.009726549497827364,0.0014215249539120123,2.215231944148304,0.010644864654022965,1,0,82,Explotacion activa
383,2,EHO,poblacional,2418.535242020846,2418.535242020846,True,False,0.009743936840550305,6.063159617042402e-06,0.009737873680933262,0.0013660085122864985,1.252585684128319,0.009966320051671569,2,0,83,Explotacion activa
384,2,EHO,poblacional,2418.535242020846,2418.535242020846,True,False,0.009746366925355687,3.6330748116597533e-06,0.009742733850544028,0.0009773934209079012,0.8452366552206501,0.009741761816621874,3,0,84,Explotacion activa
385,2,EHO,poblacional,2418.535242020846,2418.535242020846,True,False,0.009748590245180822,1.4097549865255132e-06,0.009747180490194296,0.000558006463052152,0.7155362418691296,0.009744957170369162,4,0,85,Explotacion activa
386,2,EHO,poblacional,2418.535242020846,2418.535242020846,True,False,0.009749203771661996,2.787878656818066e-07,0.009748924983796314,0.0002496523848094512,0.5858358285176091,0.0097475293889147,5,0,86,Explotacion activa
387,2,EHO,poblacional,2418.5352420208455,2418.5352420208455,True,False,0.009749376251420472,2.7878832042915747e-07,0.009749097463100043,0.00024965237207652535,0.499359541582271,0.009748750534436112,0,0,87,Explotacion activa
388,2,EHO,poblacional,2418.5352420208455,2418.5352420208455,True,False,0.009749548731633695,2.7878832042915747e-07,0.009749269943313266,0.00019358205845492182,0.4993315074792918,0.00974902847137855,1,0,88,Explotacion activa
389,2,EHO,poblacional,2418.5352420208455,2418.5352420208455,True,False,0.009749721211846918,2.7878832042915747e-07,0.009749442423526489,0.00014208280208549692,0.4993034733763125,0.00974914920716401,2,0,89,Explotacion activa
390,2,EHO,poblacional,2418.5352420208455,2418.5352420208455,True,False,0.009749893692060141,1.0630810720613226e-07,0.009749787383952935,0.00010913835558312712,0.4992754392733332,0.009749269943313266,3,0,90,Explotacion activa
391,2,EHO,poblacional,2418.5352420208455,2418.5352420208455,True,False,0.009749952836955345,2.0981588022550568e-08,0.009749931855367322,9.966947613975207e-05,0.3808238282193071,0.009749390679462521,4,0,91,Explotacion activa
392,2,EHO,poblacional,2418.5352420208455,2418.5352420208455,True,False,0.009749961146553687,2.0981588022550568e-08,0.009749940164965665,7.871446350691256e-05,0.2623722171652838,0.009749580407697068,5,0,92,Explotacion activa
393,2,EHO,poblacional,2418.5352420208455,2418.5352420208455,True,False,0.00974996945615203,2.0981588022550568e-08,0.009749948474564007,4.967127028976387e-05,0.14392060611125773,0.009749801831094373,6,0,93,Explotacion activa
394,2,EHO,poblacional,2418.5352420208455,2418.5352420208455,True,False,0.009749974237365677,1.7453203327022493e-08,0.00974995678416235,2.3786592919350342e-05,0.10441804731417506,0.009749902961084444,7,0,94,Explotacion activa
395,2,EHO,poblacional,2418.5352420208455,2418.5352420208455,True,False,0.00974998254696402,1.7453203327022493e-08,0.009749965093760693,1.6390970813517924e-05,0.10439001464555986,0.009749936010166493,8,0,95,Explotacion activa
396,2,EHO,poblacional,2418.5352420208455,2418.5352420208455,True,False,0.009749990856562363,9.143604984274134e-09,0.009749981712957378,1.572093160575605e-05,0.10436198197694466,0.009749941826885333,9,0,96,Explotacion activa
397,2,EHO,poblacional,2418.5352420208455,2418.5352420208455,True,False,0.009749993585955963,6.414211384253576e-09,0.009749987171744579,1.3375794378589482e-05,0.10291689551536364,0.009749947643604174,10,0,97,Explotacion activa
398,2,EHO,poblacional,2418.5352420208455,2418.5352420208455,True,False,0.009749994823778252,3.394234227016568e-09,0.009749991429544025,1.3040774229011732e-05,0.09863770146785092,0.009749953460323013,11,0,98,Explotacion activa
399,2,EHO,poblacional,2418.5352420208455,2418.5352420208455,True,False,0.009749996820119122,3.1800482247490436e-09,0.009749993640070898,1.2646117056647198e-05,0.09435850742033831,0.009749959277041854,12,0,99,Explotacion activa
400,2,EHO,poblacional,2418.5352420208455,2418.5352420208455,True,False,0.009749998726874765,9.695213520899415e-10,0.009749997757353412,1.172525116999168e-05,0.09007931337282571,0.009749965093760693,13,0,100,Explotacion activa
401,2,EHO,poblacional,2418.5352420208455,2418.5352420208455,True,False,0.009749999030645995,9.695213520899415e-10,0.009749998061124643,7.761787082927189e-06,0.0894533246274932,0.009749976727198373,14,0,101,Explotacion activa
402,2,EHO,poblacional,2418.5352420208455,2418.5352420208455,True,False,0.009749999250288965,7.498783816117793e-10,0.009749998500410584,5.091125694889338e-06,0.0888273358821607,0.009749983896472258,15,1,102,Explotacion activa
403,2,EHO,poblacional,2418.5352420208455,2418.5352420208455,True,False,0.00974999935078813,4.461071512196213e-10,0.009749998904680979,3.4107428291463263e-06,0.08820134713682817,0.009749987597524523,16,2,103,Explotacion activa
404,2,EHO,poblacional,2418.5352420208455,2418.5352420208455,True,False,0.009749999554060196,4.461071512196213e-10,0.009749999107953045,1.8544189515523597e-06,0.08515870305136555,0.009749990577984136,17,3,104,Explotacion activa
405,2,EHO,poblacional,2418.5352420208455,2418.5352420208455,True,False,0.009749999757332262,2.4283508537337184e-10,0.009749999514497176,8.442716534773353e-07,0.08090773129583795,0.009749992534807461,18,4,105,Explotacion activa
406,2,EHO,poblacional,2418.5352420208455,2418.5352420208455,True,False,0.009749999858740921,1.4142642612569034e-10,0.009749999717314495,2.7878832042915747e-07,0.07665675954031025,0.0097499944635274,19,5,106,Explotacion activa
407,2,EHO,poblacional,2418.5352420208455,2418.5352420208455,True,False,0.009749999906034645,6.411937647499144e-11,0.009749999841915269,2.7878832042915747e-07,0.07314762391433759,0.00974999734562516,20,6,107,Explotacion activa
408,2,EHO,poblacional,2418.5352420208455,2418.5352420208455,True,False,0.009749999932409992,6.411937647499144e-11,0.009749999868290615,2.7878832042915747e-07,0.07112216054747474,0.00974999793961615,21,7,108,Explotacion activa
409,2,EHO,poblacional,2418.5352420208455,2418.5352420208455,True,True,0.009749999947416654,5.275069270282984e-11,0.009749999894665962,2.787881840049522e-07,0.06909669718061194,0.009749998192910425,22,8,109,ESTANCAMIENTO (Fire)
410,3,GWO,poblacional,2418.5352420208455,2418.5352420208455,False,False,,,,,,,0,0,1,Llenando ventana
411,3,GWO,poblacional,2418.5352420208455,2418.5352420208455,False,False,,,,,,,1,0,2,Llenando ventana
412,3,GWO,poblacional,2418.5352420208455,2418.5352420208455,False,False,,,,,,,2,0,3,Llenando ventana
413,3,GWO,poblacional,2418.5352420208455,2418.5352420208455,False,False,,,,,,,3,0,4,Llenando ventana
414,3,GWO,poblacional,2418.5352420208455,2418.5352420208455,False,False,,,,,,,4,0,5,Llenando ventana
415,3,GWO,poblacional,2418.5352420208455,2418.5352420208455,False,False,,,,,,,5,0,6,Llenando ventana
416,3,GWO,poblacional,2418.5352420208455,2418.5352420208455,False,False,,,,,,,6,0,7,Llenando ventana
417,3,GWO,poblacional,2418.5352420208455,2418.5352420208455,False,False,,,,,,,7,0,8,Llenando ventana
418,3,GWO,poblacional,2418.5352420208455,2418.5352420208455,False,False,,,,,,,8,0,9,Llenando ventana
419,3,GWO,poblacional,2418.5352420208455,2418.5352420208455,False,False,,,,,,,9,0,10,Llenando ventana
420,3,GWO,poblacional,2418.5352420208455,2418.5352420208455,False,False,,,,,,,10,0,11,Llenando ventana
421,3,GWO,poblacional,2418.5352420208455,2418.5352420208455,False,False,,,,,,,11,0,12,Llenando ventana
422,3,GWO,poblacional,2418.5352420208455,2418.5352420208455,False,False,,,,,,,12,0,13,Llenando ventana
423,3,GWO,poblacional,2418.5352420208455,2418.5352420208455,False,False,,,,,,,13,0,14,Llenando ventana
424,3,GWO,poblacional,2418.5352420208455,2418.5352420208455,False,False,,,,,,,14,0,15,Llenando ventana
425,3,GWO,poblacional,2418.5352420208455,2418.5352420208455,False,False,,,,,,,15,0,16,Llenando ventana
426,3,GWO,poblacional,2418.5352420208455,2418.5352420208455,False,False,,,,,,,16,0,17,Llenando ventana
427,3,GWO,poblacional,2418.5352420208455,2418.5352420208455,False,False,,,,,,,17,0,18,Llenando ventana
428,3,GWO,poblacional,2418.5352420208455,2418.5352420208455,False,False,,,,,,,18,0,19,Llenando ventana
429,3,GWO,poblacional,2418.5352420208455,2418.5352420208455,False,False,,,,,,,19,0,20,Llenando ventana
430,3,GWO,poblacional,2418.5352420208455,2418.5352420208455,False,False,,,,,,,20,0,21,Llenando ventana
431,3,GWO,poblacional,2418.5352420208455,2418.5352420208455,False,False,,,,,,,21,0,22,Llenando ventana
432,3,GWO,poblacional,2418.5352420208455,2418.5352420208455,False,False,,,,,,,22,0,23,Llenando ventana
433,3,GWO,poblacional,2418.5352420208455,2418.5352420208455,False,False,,,,,,,23,0,24,Llenando ventana
434,3,GWO,poblacional,2418.5352420208455,2418.5352420208455,False,False,,,,,,,24,0,25,Llenando ventana
435,3,GWO,poblacional,2418.5352420208455,2418.5352420208455,False,False,,,,,,,25,0,26,Llenando ventana
436,3,GWO,poblacional,2418.5352420208455,2418.5352420208455,False,False,,,,,,,26,0,27,Llenando ventana
437,3,GWO,poblacional,2418.5352420208455,2418.5352420208455,False,False,,,,,,,27,0,28,Llenando ventana
438,3,GWO,poblacional,2418.5352420208455,2418.5352420208455,False,False,,,,,,,28,0,29,Llenando ventana
439,3,GWO,poblacional,2418.5352420208455,2418.5352420208455,False,False,,,,,,,29,0,30,Llenando ventana
440,3,GWO,poblacional,2418.5352420208455,2418.5352420208455,False,False,,,,,,,30,0,31,Llenando ventana
441,3,GWO,poblacional,2418.5352420208455,2418.5352420208455,False,False,,,,,,,31,0,32,Llenando ventana
442,3,GWO,poblacional,2418.5352420208455,2418.5352420208455,False,False,,,,,,,32,0,33,Llenando ventana
443,3,GWO,poblacional,2418.5352420208455,2418.5352420208455,False,False,,,,,,,33,0,34,Llenando ventana
444,3,GWO,poblacional,2418.5352420208455,2418.5352420208455,False,False,,,,,,,34,0,35,Llenando ventana
445,3,GWO,poblacional,2418.5352420208455,2418.5352420208455,False,False,,,,,,,35,0,36,Llenando ventana
446,3,GWO,poblacional,2418.5352420208455,2418.5352420208455,False,False,,,,,,,36,0,37,Llenando ventana
447,3,GWO,poblacional,2418.5352420208455,2418.5352420208455,False,False,,,,,,,37,0,38,Llenando ventana
448,3,GWO,poblacional,2418.5352420208455,2418.5352420208455,False,False,,,,,,,38,0,39,Llenando ventana
449,3,GWO,poblacional,2418.5352420208455,2418.5352420208455,True,False,0.009750000000167347,0.0,0.009750000000167347,4.0,20.0,12.0,39,0,40,Explotacion activa
450,3,GWO,poblacional,2418.5352420208455,2418.5352420208455,True,False,0.009750000000167347,0.0,0.009750000000167347,4.0,20.0,12.0,40,0,41,Explotacion activa
451,3,GWO,poblacional,2418.5352420208455,2418.5352420208455,True,False,0.009750000000167347,0.0,0.009750000000167347,4.0,20.0,12.0,41,0,42,Explotacion activa
452,3,GWO,poblacional,2418.5352420208455,2418.5352420208455,True,False,0.009750000000167347,0.0,0.009750000000167347,4.0,20.0,12.0,42,0,43,Explotacion activa
453,3,GWO,poblacional,2418.5352420208455,2418.5352420208455,True,False,0.009750000000167347,0.0,0.009750000000167347,4.0,20.0,12.0,43,0,44,Explotacion activa
454,3,GWO,poblacional,2418.5352420208455,2418.5352420208455,True,False,0.009750000000167347,0.0,0.009750000000167347,4.0,20.0,12.0,44,0,45,Explotacion activa
455,3,GWO,poblacional,2418.5352420208455,2418.5352420208455,True,False,0.009750000000167347,0.0,0.009750000000167347,4.0,20.0,12.0,45,0,46,Explotacion activa
456,3,GWO,poblacional,2418.5352420208455,2418.5352420208455,True,False,0.009750000000167347,0.0,0.009750000000167347,4.0,20.0,12.0,46,0,47,Explotacion activa
457,3,GWO,poblacional,2418.5352420208455,2418.5352420208455,True,False,0.009750000000167347,0.0,0.009750000000167347,4.0,20.0,12.0,47,0,48,Explotacion activa
458,3,GWO,poblacional,2418.5352420208455,2418.5352420208455,True,False,0.009750000000167347,0.0,0.009750000000167347,0.0,0.009750000000167347,0.009750000000167347,48,1,49,Explotacion activa
459,3,GWO,poblacional,2418.5352420208455,2418.5352420208455,True,False,0.009750000000167347,0.0,0.009750000000167347,0.0,0.009750000000167347,0.009750000000167347,49,2,50,Explotacion activa
460,3,GWO,poblacional,2418.5352420208455,2418.5352420208455,True,False,0.009750000000167347,0.0,0.009750000000167347,0.0,0.009750000000167347,0.009750000000167347,50,3,51,Explotacion activa
461,3,GWO,poblacional,2418.5352420208455,2418.5352420208455,True,False,0.009750000000167347,0.0,0.009750000000167347,0.0,0.009750000000167347,0.009750000000167347,51,4,52,Explotacion activa
462,3,GWO,poblacional,2418.5352420208455,2418.5352420208455,True,False,0.009750000000167347,0.0,0.009750000000167347,0.0,0.009750000000167347,0.009750000000167347,52,5,53,Explotacion activa
463,3,GWO,poblacional,2418.5352420208455,2418.5352420208455,True,False,0.009750000000167347,0.0,0.009750000000167347,0.0,0.009750000000167347,0.009750000000167347,53,6,54,Explotacion activa
464,3,GWO,poblacional,2418.5352420208455,2418.5352420208455,True,False,0.009750000000167347,0.0,0.009750000000167347,0.0,0.009750000000167347,0.009750000000167347,54,7,55,Explotacion activa
465,3,GWO,poblacional,2418.5352420208455,2418.5352420208455,True,True,0.009750000000167347,0.0,0.009750000000167347,0.0,0.009750000000167347,0.009750000000167347,55,8,56,ESTANCAMIENTO (Fire)
466,4,EHO,poblacional,2418.5352420208455,2418.5352420208455,False,False,,,,,,,0,0,1,Llenando ventana
467,4,EHO,poblacional,2418.5352420208455,2418.5352420208455,False,False,,,,,,,1,0,2,Llenando ventana
468,4,EHO,poblacional,2418.5352420208455,2418.5352420208455,False,False,,,,,,,2,0,3,Llenando ventana
469,4,EHO,poblacional,2418.5352420208455,2418.5352420208455,False,False,,,,,,,3,0,4,Llenando ventana
470,4,EHO,poblacional,2418.5352420208455,2418.5352420208455,False,False,,,,,,,4,0,5,Llenando ventana
471,4,EHO,poblacional,2418.5352420208455,2418.5352420208455,False,False,,,,,,,5,0,6,Llenando ventana
472,4,EHO,poblacional,2418.5352420208455,2418.5352420208455,False,False,,,,,,,6,0,7,Llenando ventana
473,4,EHO,poblacional,2418.5352420208455,2418.5352420208455,False,False,,,,,,,7,0,8,Llenando ventana
474,4,EHO,poblacional,2418.5352420208455,2418.5352420208455,False,False,,,,,,,8,0,9,Llenando ventana
475,4,EHO,poblacional,2418.5352420208455,2418.5352420208455,False,False,,,,,,,9,0,10,Llenando ventana
476,4,EHO,poblacional,2418.5352420208455,2418.5352420208455,False,False,,,,,,,10,0,11,Llenando ventana
477,4,EHO,poblacional,2418.5352420208455,2418.5352420208455,False,False,,,,,,,11,0,12,Llenando ventana
478,4,EHO,poblacional,2418.5352420208455,2418.5352420208455,False,False,,,,,,,12,0,13,Llenando ventana
479,4,EHO,poblacional,2418.5352420208455,2418.5352420208455,False,False,,,,,,,13,0,14,Llenando ventana
480,4,EHO,poblacional,2418.5352420208455,2418.5352420208455,False,False,,,,,,,14,0,15,Llenando ventana
481,4,EHO,poblacional,2418.5352420208455,2418.5352420208455,False,False,,,,,,,15,0,16,Llenando ventana
482,4,EHO,poblacional,2418.5352420208455,2418.5352420208455,False,False,,,,,,,16,0,17,Llenando ventana
483,4,EHO,poblacional,2418.5352420208455,2418.5352420208455,False,False,,,,,,,17,0,18,Llenando ventana
484,4,EHO,poblacional,2418.5352420208455,2418.5352420208455,False,False,,,,,,,18,0,19,Llenando ventana
485,4,EHO,poblacional,2418.5352420208455,2418.5352420208455,False,False,,,,,,,19,0,20,Llenando ventana
486,4,EHO,poblacional,2418.5352420208455,2418.5352420208455,False,False,,,,,,,20,0,21,Llenando ventana
487,4,EHO,poblacional,2418.5352420208455,2418.5352420208455,False,False,,,,,,,21,0,22,Llenando ventana
488,4,EHO,poblacional,2418.5352420208455,2418.5352420208455,False,False,,,,,,,22,0,23,Llenando ventana
489,4,EHO,poblacional,2418.5352420208455,2418.5352420208455,False,False,,,,,,,23,0,24,Llenando ventana
490,4,EHO,poblacional,2418.5352420208455,2418.5352420208455,False,False,,,,,,,24,0,25,Llenando ventana
491,4,EHO,poblacional,2418.5352420208455,2418.5352420208455,False,False,,,,,,,25,0,26,Llenando ventana
492,4,EHO,poblacional,2418.5352420208455,2418.5352420208455,False,False,,,,,,,26,0,27,Llenando ventana
493,4,EHO,poblacional,2418.5352420208455,2418.5352420208455,False,False,,,,,,,27,0,28,Llenando ventana
494,4,EHO,poblacional,2418.5352420208455,2418.5352420208455,False,False,,,,,,,28,0,29,Llenando ventana
495,4,EHO,poblacional,2418.5352420208455,2418.5352420208455,False,False,,,,,,,29,0,30,Llenando ventana
496,4,EHO,poblacional,2418.5352420208455,2418.5352420208455,False,False,,,,,,,30,0,31,Llenando ventana
497,4,EHO,poblacional,2418.5352420208455,2418.5352420208455,False,False,,,,,,,31,0,32,Llenando ventana
498,4,EHO,poblacional,2418.5352420208455,2418.5352420208455,False,False,,,,,,,32,0,33,Llenando ventana
499,4,EHO,poblacional,2418.5352420208383,2418.5352420208383,False,False,,,,,,,0,0,34,Llenando ventana
500,4,EHO,poblacional,2418.5352420208314,2418.5352420208314,False,False,,,,,,,0,0,35,Llenando ventana
501,4,EHO,poblacional,2418.5352420208314,2418.5352420208314,False,False,,,,,,,1,0,36,Llenando ventana
502,4,EHO,poblacional,2418.535242020817,2418.535242020817,False,False,,,,,,,0,0,37,Llenando ventana
503,4,EHO,poblacional,2418.535242020816,2418.535242020816,False,False,,,,,,,0,0,38,Llenando ventana
504,4,EHO,poblacional,2418.535242020816,2418.535242020816,False,False,,,,,,,1,0,39,Llenando ventana
505,4,EHO,poblacional,2418.53524202081,2418.53524202081,True,False,0.009749999906489393,3.54702933691442e-11,0.0097499998710191,4.0,20.0,12.0,0,0,40,Explotacion activa
506,4,EHO,poblacional,2418.53524202081,2418.53524202081,True,False,0.009749999906489393,3.54702933691442e-11,0.0097499998710191,4.0,20.0,12.0,1,0,41,Explotacion activa
507,4,EHO,poblacional,2418.5352420208087,2418.5352420208087,True,False,0.00974999990512515,3.6834535421803594e-11,0.009749999868290615,4.0,20.0,12.0,0,0,42,Explotacion activa
508,4,EHO,poblacional,2418.5352420208087,2418.5352420208087,True,False,0.00974999990512515,3.6834535421803594e-11,0.009749999868290615,4.0,20.0,12.0,1,0,43,Explotacion activa
509,4,EHO,poblacional,2418.5352420208087,2418.5352420208087,True,False,0.00974999990512515,3.6834535421803594e-11,0.009749999868290615,4.0,20.0,12.0,2,0,44,Explotacion activa
510,4,EHO,poblacional,2418.5352420208083,2418.5352420208083,True,False,0.009749999904670403,3.728928277269006e-11,0.00974999986738112,4.0,20.0,12.0,0,0,45,Explotacion activa
511,4,EHO,poblacional,2418.5352420208083,2418.5352420208083,True,False,0.009749999904670403,3.728928277269006e-11,0.00974999986738112,4.0,20.0,12.0,1,0,46,Explotacion activa
512,4,EHO,poblacional,2418.5352420208083,2418.5352420208083,True,False,0.009749999904670403,3.728928277269006e-11,0.00974999986738112,4.0,20.0,12.0,2,0,47,Explotacion activa
513,4,EHO,poblacional,2418.535242020808,2418.535242020808,True,False,0.009749999904215656,3.774403012357652e-11,0.009749999866471626,4.0,20.0,12.0,0,0,48,Explotacion activa
514,4,EHO,poblacional,2418.535242020808,2418.535242020808,True,False,0.009749999904215656,3.774403012357652e-11,0.009749999866471626,3.6834535421803594e-11,0.00974999990512515,0.009749999868290615,1,0,49,Explotacion activa
515,4,EHO,poblacional,2418.535242020808,2418.535242020808,True,False,0.009749999904215656,3.774403012357652e-11,0.009749999866471626,3.6834535421803594e-11,0.00974999990512515,0.009749999868290615,2,0,50,Explotacion activa
516,4,EHO,poblacional,2418.535242020808,2418.535242020808,True,False,0.009749999904215656,3.774403012357652e-11,0.009749999866471626,3.6834535421803594e-11,0.00974999990512515,0.009749999868290615,3,0,51,Explotacion activa
517,4,EHO,poblacional,2418.535242020808,2418.535242020808,True,False,0.009749999904215656,3.774403012357652e-11,0.009749999866471626,3.6834535421803594e-11,0.00974999990512515,0.009749999868290615,4,0,52,Explotacion activa
518,4,EHO,poblacional,2418.535242020808,2418.535242020808,True,False,0.009749999904215656,3.774403012357652e-11,0.009749999866471626,3.6834535421803594e-11,0.00974999990512515,0.009749999868290615,5,0,53,Explotacion activa
519,4,EHO,poblacional,2418.535242020808,2418.535242020808,True,False,0.009749999904215656,3.774403012357652e-11,0.009749999866471626,3.692548489198089e-11,0.009749999905034201,0.009749999868108716,6,0,54,Explotacion activa
520,4,EHO,poblacional,2418.535242020808,2418.535242020808,True,False,0.009749999904215656,3.774403012357652e-11,0.009749999866471626,3.7061909097246826e-11,0.009749999904897777,0.009749999867835868,7,0,55,Explotacion activa
521,4,EHO,poblacional,2418.535242020808,2418.535242020808,True,False,0.009749999904215656,3.774403012357652e-11,0.009749999866471626,3.7198333302512764e-11,0.009749999904761353,0.00974999986756302,8,0,56,Explotacion activa
522,4,EHO,poblacional,2418.535242020808,2418.535242020808,True,False,0.009749999904215656,3.774403012357652e-11,0.009749999866471626,3.728928277269006e-11,0.009749999904670403,0.00974999986738112,9,0,57,Explotacion activa
523,4,EHO,poblacional,2418.535242020808,2418.535242020808,True,False,0.009749999904215656,3.774403012357652e-11,0.009749999866471626,3.728928277269006e-11,0.009749999904670403,0.00974999986738112,10,0,58,Explotacion activa
524,4,EHO,poblacional,2418.535242020808,2418.535242020808,True,False,0.009749999904215656,3.774403012357652e-11,0.009749999866471626,3.728928277269006e-11,0.009749999904670403,0.00974999986738112,11,0,59,Explotacion activa
525,4,EHO,poblacional,2418.535242020808,2418.535242020808,True,False,0.009749999904215656,3.774403012357652e-11,0.009749999866471626,3.728928277269006e-11,0.009749999904670403,0.00974999986738112,12,0,60,Explotacion activa
526,4,EHO,poblacional,2418.535242020808,2418.535242020808,True,False,0.009749999904215656,3.774403012357652e-11,0.009749999866471626,3.728928277269006e-11,0.009749999904670403,0.00974999986738112,13,0,61,Explotacion activa
527,4,EHO,poblacional,2418.535242020808,2418.535242020808,True,False,0.009749999904215656,3.774403012357652e-11,0.009749999866471626,3.728928277269006e-11,0.009749999904670403,0.00974999986738112,14,0,62,Explotacion activa
528,4,EHO,poblacional,2418.535242020808,2418.535242020808,True,False,0.009749999904215656,3.774403012357652e-11,0.009749999866471626,3.728928277269006e-11,0.009749999904670403,0.00974999986738112,15,0,63,Explotacion activa
529,4,EHO,poblacional,2418.535242020808,2418.535242020808,True,False,0.009749999904215656,3.774403012357652e-11,0.009749999866471626,3.738023224286735e-11,0.009749999904579454,0.009749999867199221,16,0,64,Explotacion activa
530,4,EHO,poblacional,2418.535242020808,2418.535242020808,True,False,0.009749999904215656,3.774403012357652e-11,0.009749999866471626,3.751665644813329e-11,0.00974999990444303,0.009749999866926373,17,0,65,Explotacion activa
531,4,EHO,poblacional,2418.535242020808,2418.535242020808,True,False,0.009749999904215656,3.774403012357652e-11,0.009749999866471626,3.765308065339923e-11,0.009749999904306606,0.009749999866653525,18,0,66,Explotacion activa
532,4,EHO,poblacional,2418.535242020808,2418.535242020808,True,False,0.009749999904215656,3.774403012357652e-11,0.009749999866471626,3.774403012357652e-11,0.009749999904215656,0.009749999866471626,19,1,67,Explotacion activa
533,4,EHO,poblacional,2418.535242020808,2418.535242020808,True,False,0.009749999904215656,3.774403012357652e-11,0.009749999866471626,3.774403012357652e-11,0.009749999904215656,0.009749999866471626,20,2,68,Explotacion activa
534,4,EHO,poblacional,2418.535242020808,2418.535242020808,True,False,0.009749999918767571,3.774403012357652e-11,0.009749999881023541,3.774403012357652e-11,0.00974999990435208,0.009749999866744474,21,3,69,Explotacion activa
535,4,EHO,poblacional,2418.535242020808,2418.535242020808,True,False,0.009749999932409992,3.774403012357652e-11,0.009749999894665962,3.774403012357652e-11,0.009749999904670403,0.00974999986738112,22,4,70,Explotacion activa
536,4,EHO,poblacional,2418.535242020808,2418.535242020808,True,False,0.009749999932409992,3.774403012357652e-11,0.009749999894665962,3.774403012357652e-11,0.009749999904670403,0.00974999986738112,23,5,71,Explotacion activa
537,4,EHO,poblacional,2418.535242020808,2418.535242020808,True,False,0.009749999946961907,3.774403012357652e-11,0.009749999909217877,3.774403012357652e-11,0.009749999904670403,0.00974999986738112,24,6,72,Explotacion activa
538,4,EHO,poblacional,2418.535242020808,2418.535242020808,True,False,0.009749999954237865,3.0468072509393096e-11,0.009749999923769792,3.774403012357652e-11,0.009749999904715877,0.00974999986747207,25,7,73,Explotacion activa
539,4,EHO,poblacional,2418.535242020808,2418.535242020808,True,True,0.00974999996196857,2.3646862246096134e-11,0.009749999938321707,3.774403012357652e-11,0.009749999905034201,0.009749999868108716,26,8,74,ESTANCAMIENTO (Fire)
540,5,ACO,poblacional,2418.535242020808,5550.0177939342175,False,False,,,,,,,0,0,1,Llenando ventana
541,5,ACO,poblacional,2418.535242020808,5087.935489060122,False,False,,,,,,,1,0,2,Llenando ventana
542,5,ACO,poblacional,2418.535242020808,4476.340955757326,False,False,,,,,,,2,0,3,Llenando ventana
543,5,ACO,poblacional,2418.535242020808,4236.291782560001,False,False,,,,,,,3,0,4,Llenando ventana
544,5,ACO,poblacional,2418.535242020808,4981.40993320372,False,False,,,,,,,4,0,5,Llenando ventana
545,5,ACO,poblacional,2418.535242020808,3575.194890093449,False,False,,,,,,,5,0,6,Llenando ventana
546,5,ACO,poblacional,2418.535242020808,4619.650756705383,False,False,,,,,,,6,0,7,Llenando ventana
547,5,ACO,poblacional,2418.535242020808,4672.9417076692625,False,False,,,,,,,7,0,8,Llenando ventana
548,5,ACO,poblacional,2418.535242020808,4115.604718697213,False,False,,,,,,,8,0,9,Llenando ventana
549,5,ACO,poblacional,2418.535242020808,4342.739922436867,False,False,,,,,,,9,0,10,Llenando ventana
550,5,ACO,poblacional,2418.535242020808,4231.558573085358,False,False,,,,,,,10,0,11,Llenando ventana
551,5,ACO,poblacional,2418.535242020808,3689.737388570421,False,False,,,,,,,11,0,12,Llenando ventana
552,5,ACO,poblacional,2418.535242020808,4240.214504949969,False,False,,,,,,,12,0,13,Llenando ventana
553,5,ACO,poblacional,2418.535242020808,3797.536231379034,False,False,,,,,,,13,0,14,Llenando ventana
554,5,ACO,poblacional,2418.535242020808,3459.379724924903,False,False,,,,,,,14,0,15,Llenando ventana
555,5,ACO,poblacional,2418.535242020808,3721.023106215339,False,False,,,,,,,15,0,16,Llenando ventana
556,5,ACO,poblacional,2418.535242020808,3194.769982551263,False,False,,,,,,,16,0,17,Llenando ventana
557,5,ACO,poblacional,2418.535242020808,3184.3678406397325,False,False,,,,,,,17,0,18,Llenando ventana
558,5,ACO,poblacional,2418.535242020808,3014.1079354645835,False,False,,,,,,,18,0,19,Llenando ventana
559,5,ACO,poblacional,2418.535242020808,3047.424843729717,False,False,,,,,,,19,0,20,Llenando ventana
560,5,ACO,poblacional,2418.535242020808,3350.6890772119423,False,False,,,,,,,20,0,21,Llenando ventana
561,5,ACO,poblacional,2418.535242020808,3386.3020342156733,False,False,,,,,,,21,0,22,Llenando ventana
562,5,ACO,poblacional,2418.535242020808,2906.59924388079,False,False,,,,,,,22,0,23,Llenando ventana
563,5,ACO,poblacional,2418.535242020808,3557.5446113712997,False,False,,,,,,,23,0,24,Llenando ventana
564,5,ACO,poblacional,2418.535242020808,3123.4179413500424,False,False,,,,,,,24,0,25,Llenando ventana
565,5,ACO,poblacional,2418.535242020808,3186.222685877662,False,False,,,,,,,25,0,26,Llenando ventana
566,5,ACO,poblacional,2418.535242020808,3397.012396876887,False,False,,,,,,,26,0,27,Llenando ventana
567,5,ACO,poblacional,2418.535242020808,3229.4344351670197,False,False,,,,,,,27,0,28,Llenando ventana
568,5,ACO,poblacional,2418.535242020808,3313.3327278006304,False,False,,,,,,,28,0,29,Llenando ventana
569,5,ACO,poblacional,2418.535242020808,3283.2524334968066,False,False,,,,,,,29,0,30,Llenando ventana
570,5,ACO,poblacional,2418.535242020808,2891.4013480234885,False,False,,,,,,,30,0,31,Llenando ventana
571,5,ACO,poblacional,2418.535242020808,2708.3369146324067,False,False,,,,,,,31,0,32,Llenando ventana
572,5,ACO,poblacional,2418.535242020808,3175.1872820464405,False,False,,,,,,,32,0,33,Llenando ventana
573,5,ACO,poblacional,2418.535242020808,2684.412101360791,False,False,,,,,,,33,0,34,Llenando ventana
574,5,ACO,poblacional,2418.535242020808,3007.987421442143,False,False,,,,,,,34,0,35,Llenando ventana
575,5,ACO,poblacional,2418.535242020808,3081.68247915778,False,False,,,,,,,35,0,36,Llenando ventana
576,5,ACO,poblacional,2418.535242020808,2795.3824731081077,False,False,,,,,,,36,0,37,Llenando ventana
577,5,ACO,poblacional,2418.535242020808,2817.0910305668976,False,False,,,,,,,37,0,38,Llenando ventana
578,5,ACO,poblacional,2418.535242020808,3184.667255457009,False,False,,,,,,,38,0,39,Llenando ventana
579,5,ACO,poblacional,2418.535242020808,2931.864113680161,True,False,0.009750000000167347,0.0,0.009750000000167347,4.0,20.0,12.0,39,0,40,Explotacion activa
580,5,ACO,poblacional,2418.535242020808,2857.753797924749,True,False,0.009750000000167347,0.0,0.009750000000167347,4.0,20.0,12.0,40,0,41,Explotacion activa
581,5,ACO,poblacional,2418.535242020808,3176.6067046738463,True,False,0.009750000000167347,0.0,0.009750000000167347,4.0,20.0,12.0,41,0,42,Explotacion activa
582,5,ACO,poblacional,2418.535242020808,2756.246028641393,True,False,0.009750000000167347,0.0,0.009750000000167347,4.0,20.0,12.0,42,0,43,Explotacion activa
583,5,ACO,poblacional,2418.535242020808,2948.930696540336,True,False,0.009750000000167347,0.0,0.009750000000167347,4.0,20.0,12.0,43,0,44,Explotacion activa
584,5,ACO,poblacional,2418.535242020808,3058.2070585446054,True,False,0.009750000000167347,0.0,0.009750000000167347,4.0,20.0,12.0,44,0,45,Explotacion activa
585,5,ACO,poblacional,2418.535242020808,2867.7886750742564,True,False,0.009750000000167347,0.0,0.009750000000167347,4.0,20.0,12.0,45,0,46,Explotacion activa
586,5,ACO,poblacional,2418.535242020808,2551.310256605012,True,False,0.009750000000167347,0.0,0.009750000000167347,4.0,20.0,12.0,46,0,47,Explotacion activa
587,5,ACO,poblacional,2418.535242020808,2640.9780606685335,True,False,0.009750000000167347,0.0,0.009750000000167347,4.0,20.0,12.0,47,0,48,Explotacion activa
588,5,ACO,poblacional,2418.535242020808,2804.5935285839923,True,False,0.009750000000167347,0.0,0.009750000000167347,0.0,0.009750000000167347,0.009750000000167347,48,1,49,Explotacion activa
589,5,ACO,poblacional,2418.535242020808,2812.132309058362,True,False,0.009750000000167347,0.0,0.009750000000167347,0.0,0.009750000000167347,0.009750000000167347,49,2,50,Explotacion activa
590,5,ACO,poblacional,2418.535242020808,2792.715945735751,True,False,0.009750000000167347,0.0,0.009750000000167347,0.0,0.009750000000167347,0.009750000000167347,50,3,51,Explotacion activa
591,5,ACO,poblacional,2418.535242020808,2845.297340930842,True,False,0.009750000000167347,0.0,0.009750000000167347,0.0,0.009750000000167347,0.009750000000167347,51,4,52,Explotacion activa
592,5,ACO,poblacional,2418.535242020808,2860.740733796757,True,False,0.009750000000167347,0.0,0.009750000000167347,0.0,0.009750000000167347,0.009750000000167347,52,5,53,Explotacion activa
593,5,ACO,poblacional,2418.535242020808,2714.0304691483007,True,False,0.009750000000167347,0.0,0.009750000000167347,0.0,0.009750000000167347,0.009750000000167347,53,6,54,Explotacion activa
594,5,ACO,poblacional,2418.535242020808,3010.251761412909,True,False,0.009750000000167347,0.0,0.009750000000167347,0.0,0.009750000000167347,0.009750000000167347,54,7,55,Explotacion activa
595,5,ACO,poblacional,2418.535242020808,2739.5915797529738,True,True,0.009750000000167347,0.0,0.009750000000167347,0.0,0.009750000000167347,0.009750000000167347,55,8,56,ESTANCAMIENTO (Fire)
596,6,EHO,poblacional,2410.48306245477,2410.48306245477,False,False,,,,,,,0,0,1,Llenando ventana
597,6,EHO,poblacional,2410.48306245477,2410.48306245477,False,False,,,,,,,1,0,2,Llenando ventana
598,6,EHO,poblacional,2410.48306245477,2410.48306245477,False,False,,,,,,,2,0,3,Llenando ventana
599,6,EHO,poblacional,2410.48306245477,2410.48306245477,False,False,,,,,,,3,0,4,Llenando ventana
600,6,EHO,poblacional,2410.48306245477,2410.48306245477,False,False,,,,,,,4,0,5,Llenando ventana
601,6,EHO,poblacional,2410.48306245477,2410.48306245477,False,False,,,,,,,5,0,6,Llenando ventana
602,6,EHO,poblacional,2410.48306245477,2410.48306245477,False,False,,,,,,,6,0,7,Llenando ventana
603,6,EHO,poblacional,2410.48306245477,2410.48306245477,False,False,,,,,,,7,0,8,Llenando ventana
604,6,EHO,poblacional,2409.1576149450893,2409.1576149450893,False,False,,,,,,,0,0,9,Llenando ventana
605,6,EHO,poblacional,2408.814598432374,2408.814598432374,False,False,,,,,,,0,0,10,Llenando ventana
606,6,EHO,poblacional,2407.3785332036723,2407.3785332036723,False,False,,,,,,,0,0,11,Llenando ventana
607,6,EHO,poblacional,2407.3785332036723,2407.3785332036723,False,False,,,,,,,1,0,12,Llenando ventana
608,6,EHO,poblacional,2407.3785332036723,2407.3785332036723,False,False,,,,,,,2,0,13,Llenando ventana
609,6,EHO,poblacional,2407.3107282031006,2407.3107282031006,False,False,,,,,,,0,0,14,Llenando ventana
610,6,EHO,poblacional,2407.3107282031006,2407.3107282031006,False,False,,,,,,,1,0,15,Llenando ventana
611,6,EHO,poblacional,2407.3107282031006,2407.3107282031006,False,False,,,,,,,2,0,16,Llenando ventana
612,6,EHO,poblacional,2407.136565543482,2407.136565543482,False,False,,,,,,,0,0,17,Llenando ventana
613,6,EHO,poblacional,2407.043872308087,2407.043872308087,False,False,,,,,,,0,0,18,Llenando ventana
614,6,EHO,poblacional,2407.043872308087,2407.043872308087,False,False,,,,,,,1,0,19,Llenando ventana
615,6,EHO,poblacional,2406.9751639302713,2406.9751639302713,False,False,,,,,,,0,0,20,Llenando ventana
616,6,EHO,poblacional,2406.9751639302713,2406.9751639302713,False,False,,,,,,,1,0,21,Llenando ventana
617,6,EHO,poblacional,2406.972795266021,2406.972795266021,False,False,,,,,,,0,0,22,Llenando ventana
618,6,EHO,poblacional,2406.960378100354,2406.960378100354,False,False,,,,,,,0,0,23,Llenando ventana
619,6,EHO,poblacional,2406.960378100354,2406.960378100354,False,False,,,,,,,1,0,24,Llenando ventana
620,6,EHO,poblacional,2406.957408096809,2406.957408096809,False,False,,,,,,,0,0,25,Llenando ventana
621,6,EHO,poblacional,2406.9569086601687,2406.9569086601687,False,False,,,,,,,0,0,26,Llenando ventana
622,6,EHO,poblacional,2406.9569086601687,2406.9569086601687,False,False,,,,,,,1,0,27,Llenando ventana
623,6,EHO,poblacional,2406.9554163654866,2406.9554163654866,False,False,,,,,,,0,0,28,Llenando ventana
624,6,EHO,poblacional,2406.9550641679366,2406.9550641679366,False,False,,,,,,,0,0,29,Llenando ventana
625,6,EHO,poblacional,2406.9549522470265,2406.9549522470265,False,False,,,,,,,0,0,30,Llenando ventana
626,6,EHO,poblacional,2406.9549522470265,2406.9549522470265,False,False,,,,,,,1,0,31,Llenando ventana
627,6,EHO,poblacional,2406.9548954180127,2406.9548954180127,False,False,,,,,,,0,0,32,Llenando ventana
628,6,EHO,poblacional,2406.954886075786,2406.954886075786,False,False,,,,,,,0,0,33,Llenando ventana
629,6,EHO,poblacional,2406.954883371435,2406.954883371435,False,False,,,,,,,0,0,34,Llenando ventana
630,6,EHO,poblacional,2406.954877448921,2406.954877448921,False,False,,,,,,,0,0,35,Llenando ventana
631,6,EHO,poblacional,2406.9548699366414,2406.9548699366414,False,False,,,,,,,0,0,36,Llenando ventana
632,6,EHO,poblacional,2406.9548697696027,2406.9548697696027,False,False,,,,,,,0,0,37,Llenando ventana
633,6,EHO,poblacional,2406.954868130225,2406.954868130225,False,False,,,,,,,0,0,38,Llenando ventana
634,6,EHO,poblacional,2406.954866943467,2406.954866943467,False,False,,,,,,,0,0,39,Llenando ventana
635,6,EHO,poblacional,2406.954866943467,2406.954866943467,True,False,3.5390948783456224,3.5281955113027834,0.010899367042839003,4.0,20.0,12.0,1,0,40,Explotacion activa
636,6,EHO,poblacional,2406.9548669138017,2406.9548669138017,True,False,3.5390948488047798,3.528195540968227,0.010899307836552907,4.0,20.0,12.0,0,0,41,Explotacion activa
637,6,EHO,poblacional,2406.954866568305,2406.954866568305,True,False,3.53909450477704,3.5281958864648004,0.010898618312239705,4.0,20.0,12.0,0,0,42,Explotacion activa
638,6,EHO,poblacional,2406.95486651399,2406.95486651399,True,False,3.5390944506921187,3.528195940779824,0.010898509912294685,4.0,20.0,12.0,0,0,43,Explotacion activa
639,6,EHO,poblacional,2406.9548664100207,2406.9548664100207,True,False,3.5395937838065947,3.5281960447491656,0.011397739057429135,4.0,20.0,12.0,0,0,44,Explotacion activa
640,6,EHO,poblacional,2406.954866368401,2406.954866368401,True,False,3.540093179003179,3.5281960863690074,0.011897092634171713,4.0,20.0,12.0,0,0,45,Explotacion activa
641,6,EHO,poblacional,2406.954866368401,2406.954866368401,True,False,3.540592615643618,3.5281960863690074,0.012396529274610657,4.0,20.0,12.0,1,0,46,Explotacion activa
642,6,EHO,poblacional,2406.954866357141,2406.954866357141,True,False,3.541092041070897,3.5281960976290065,0.012895943441890267,4.0,20.0,12.0,0,0,47,Explotacion activa
643,6,EHO,poblacional,2406.954866351118,2406.954866351118,True,False,2.2111127477746777,2.202748593971137,0.00836415380354083,4.0,20.0,12.0,0,0,48,Explotacion activa
644,6,EHO,poblacional,2406.954866351118,2406.954866351118,True,False,1.8671043577455748,1.8597320812559701,0.007372276489604701,3.528195532068594,3.53974360236557,0.011547545130451909,1,0,49,Explotacion activa
645,6,EHO,poblacional,2406.954866346242,2406.954866346242,True,False,0.4277256091409072,0.42366685743036214,0.004058751710545039,3.5281955113027834,3.5395937838065947,0.011397739057429135,0,0,50,Explotacion activa
646,6,EHO,poblacional,2406.954866346242,2406.954866346242,True,False,0.42787341159100833,0.42366685743036214,0.004206554160646192,2.6003826691706307,3.539444112168303,0.011248227453052095,1,0,51,Explotacion activa
647,6,EHO,poblacional,2406.9548663459714,2406.9548663459714,True,False,0.4280212137705348,0.4236668577009368,0.004354356069597998,2.06554198888507,3.5392944405300115,0.011098715848675056,0,0,52,Explotacion activa
648,6,EHO,poblacional,2406.9548663447163,2406.9548663447163,True,False,0.36042060704357937,0.3558618583842872,0.004558748659292178,1.7161255589004667,3.5391447688917195,0.010949204244298016,0,0,53,Explotacion activa
649,6,EHO,poblacional,2406.9548663447163,2406.9548663447163,True,False,0.3605684094936805,0.3558618583842872,0.004706551109393331,0.7108799024119437,3.539094872437454,0.010899355201581784,1,0,54,Explotacion activa
650,6,EHO,poblacional,2406.9548663444434,2406.9548663444434,True,False,0.36071621167002377,0.3558618586571356,0.0048543530128881685,0.4236668575656495,3.539094863575201,0.010899337439695955,0,0,55,Explotacion activa
651,6,EHO,poblacional,2406.9548663444357,2406.9548663444357,True,False,0.18705355204474472,0.1816991990463066,0.005354352998438117,0.42366685743036214,3.5390948547129484,0.010899319677810127,0,0,56,Explotacion activa
652,6,EHO,poblacional,2406.9548663444357,2406.9548663444357,True,False,0.0947125141988181,0.08900596365128877,0.005706550547529332,0.42366685743036214,3.539094814402006,0.010899238884121587,1,0,57,Explotacion activa
653,6,EHO,poblacional,2406.954866344287,2406.954866344287,True,False,0.09486031650021687,0.08900596379999115,0.005854352700225718,0.38298385816642616,3.539094711193684,0.010899032026827626,0,0,58,Explotacion activa
654,6,EHO,poblacional,2406.954866344287,2406.954866344287,True,False,0.02650413623541681,0.020297585984280886,0.006206550251135923,0.3558618585752811,3.539094607985362,0.010898825169533666,1,0,59,Explotacion activa
655,6,EHO,poblacional,2406.9548663442733,2406.9548663442733,True,False,0.02665193867187554,0.020297585997923306,0.006354352673952235,0.3558618583842872,3.53909450477704,0.010898618312239705,0,0,60,Explotacion activa
656,6,EHO,poblacional,2406.9548663442706,2406.9548663442706,True,False,0.0247832744180414,0.017928921750353766,0.006854352667687635,0.3558618583842872,3.5390944885515636,0.010898585792256199,0,0,61,Explotacion activa
657,6,EHO,poblacional,2406.9548663442665,2406.9548663442665,True,False,0.012718306297756499,0.005511756087344111,0.007206550210412388,0.28619679464909487,3.539094472326087,0.010898553272272692,0,0,62,Explotacion activa
658,6,EHO,poblacional,2406.9548663442665,2406.9548663442665,True,False,0.012866108747857652,0.005511756087344111,0.007354352660513541,0.17242987552167502,3.539094456100611,0.010898520752289188,1,0,63,Explotacion activa
659,6,EHO,poblacional,2406.954866344261,2406.954866344261,True,False,0.01039610519683265,0.0025417525480406766,0.007854352648791973,0.10754461084925418,3.2734981101086267,0.010391638690543907,0,0,64,Explotacion activa
660,6,EHO,poblacional,2406.954866344261,2406.954866344261,True,False,0.010248866106394416,0.0020423159076017328,0.008206550198792684,0.08900596372563996,2.875103599233398,0.009631331857917758,1,0,65,Explotacion activa
661,6,EHO,poblacional,2406.954866344261,2406.954866344261,True,False,0.01039666855649557,0.0020423159076017328,0.008354352648893837,0.07526428812061567,2.476709088358165,0.0088710250252916,2,0,66,Explotacion activa
662,6,EHO,poblacional,2406.954866344261,2406.954866344261,True,False,0.009404373874531302,0.0005500212255356018,0.0088543526489957,0.027168423763259827,2.176711908771767,0.008805332764450212,3,0,67,Explotacion activa
663,6,EHO,poblacional,2406.954866344261,2406.954866344261,True,False,0.009552176324632455,0.00019782367553489166,0.009354352649097564,0.020297585989737854,2.073509391763036,0.009154352649056818,4,0,68,Explotacion activa
664,6,EHO,poblacional,2406.9548663442606,2406.9548663442606,True,False,0.009607268220406695,8.5902765931678e-05,0.009521365454475017,0.01958698671410275,1.9703068747543047,0.009404456490710799,0,0,69,Explotacion activa
665,6,EHO,poblacional,2406.9548663442606,2406.9548663442606,True,False,0.009664097234235669,8.5902765931678e-05,0.009578194468303991,0.017928921750353766,1.8671043577455748,0.009521365454475017,1,0,70,Explotacion activa
666,6,EHO,poblacional,2406.9548663442606,2406.9548663442606,True,False,0.009720926248064643,2.907375210270402e-05,0.009691852495961939,0.009236905786246995,1.4353794145530618,0.009561145764155298,2,0,71,Explotacion activa
667,6,EHO,poblacional,2406.95486634426,2406.95486634426,True,False,0.009728164897296665,1.9731525753741153e-05,0.009708433371542924,0.005511756087344111,1.0036544713605489,0.009623657679367171,0,0,72,Explotacion activa
668,6,EHO,poblacional,2406.95486634426,2406.95486634426,True,False,0.00973297282553176,1.702717463558656e-05,0.009715945650896174,0.005214755733413769,0.5719295281680358,0.009693510583520037,1,0,73,Explotacion activa
669,6,EHO,poblacional,2406.9548663442597,2406.9548663442597,True,False,0.009738895339069131,1.1104661098215729e-05,0.009727790677970916,0.0031357532559013615,0.4279916533346295,0.009705117196426727,0,0,74,Explotacion activa
670,6,EHO,poblacional,2406.9548663442597,2406.9548663442597,True,False,0.00974510231799286,3.592381744965678e-06,0.009741509936247894,0.0022920342278212047,0.4279473126807716,0.009712189511219549,1,0,75,Explotacion activa
671,6,EHO,poblacional,2406.9548663442597,2406.9548663442597,True,False,0.009746574657128804,3.4253430385433603e-06,0.00974314931409026,0.0020423159076017328,0.42790297202691363,0.009718314656311122,2,0,76,Explotacion activa
672,6,EHO,poblacional,2406.9548663442597,2406.9548663442597,True,False,0.00974821403497117,1.7859651961771306e-06,0.009746428069774993,0.0020423159076017328,0.4278586313459982,0.009726606175263441,3,0,77,Explotacion activa
673,6,EHO,poblacional,2406.9548663442597,2406.9548663442597,True,False,0.009748769130510482,5.992073965899181e-07,0.009748169923113892,0.0011469390983620546,0.4278142906109679,0.009736022232937102,4,0,78,Explotacion activa
674,6,EHO,poblacional,2406.9548663442597,2406.9548663442597,True,False,0.009749114627084055,5.992073965899181e-07,0.009748515419687465,0.00044436196053538853,0.4277699498759375,0.009742001749600604,5,0,79,Explotacion activa
675,6,EHO,poblacional,2406.9548663442597,2406.9548663442597,True,False,0.009749430458214192,5.695419531548396e-07,0.009748860916261037,0.00019782367553489166,0.4277256091409072,0.00974314931409026,6,0,80,Explotacion activa
676,6,EHO,poblacional,2406.9548663442597,2406.9548663442597,True,False,0.009749775954787765,2.2404537958209403e-07,0.009749551909408183,0.00011947903881264198,0.4076227898996421,0.009745444443069573,7,0,81,Explotacion activa
677,6,EHO,poblacional,2406.9548663442597,2406.9548663442597,True,False,0.009749830269811355,1.6973035599221475e-07,0.009749660539455363,8.5902765931678e-05,0.38751997065837707,0.009747124811110553,8,0,82,Explotacion activa
678,6,EHO,poblacional,2406.9548663442597,2406.9548663442597,True,False,0.009749934239152935,6.576101441169158e-08,0.009749868478138524,8.021986454878063e-05,0.36741715141711195,0.009748204472771249,9,0,83,Explotacion activa
679,6,EHO,poblacional,2406.9548663442597,2406.9548663442597,True,False,0.009749964598995575,2.414117261650972e-08,0.009749940457822959,4.0439554868498774e-05,0.36068665123475513,0.00974844632037275,10,0,84,Explotacion activa
680,6,EHO,poblacional,2406.9548663442597,2406.9548663442597,True,False,0.00974997585899473,2.414117261650972e-08,0.009749951717822114,2.4402638928222586e-05,0.36064231058185214,0.009748688167974251,11,0,85,Explotacion activa
681,6,EHO,poblacional,2406.9548663442597,2406.9548663442597,True,False,0.009749987118993886,1.2881173461209983e-08,0.009749974237820425,1.9190655530110233e-05,0.36059796992894916,0.009748999114890466,12,0,86,Explotacion activa
682,6,EHO,poblacional,2406.9548663442597,2406.9548663442597,True,False,0.009749988265411957,6.858499546069652e-09,0.009749981406912411,1.729760974740202e-05,0.3605536292486704,0.009749482810093468,13,0,87,Explotacion activa
683,6,EHO,poblacional,2406.9548663442597,2406.9548663442597,True,False,0.009749993141667801,6.858499546069652e-09,0.009749986283168255,1.3473666513164054e-05,0.36050928851364006,0.00974961708743649,14,0,88,Explotacion activa
684,6,EHO,poblacional,2406.9548663442597,2406.9548663442597,True,False,0.009749996048867615,1.982243702514097e-09,0.009749994066623913,8.850977292240708e-06,0.3604649477786097,0.00974972292106031,15,1,89,Explotacion activa
685,6,EHO,poblacional,2406.9548663442597,2406.9548663442597,True,False,0.009749997303970304,1.982243702514097e-09,0.009749995321726601,3.592381744965678e-06,0.36042060704357937,0.009749868478138524,16,2,90,Explotacion activa
686,6,EHO,poblacional,2406.9548663442597,2406.9548663442597,True,False,0.009749998288498318,1.711669028736651e-09,0.00974999657682929,3.4754546504700555e-06,0.3084104905439282,0.009749918863917628,17,3,91,Explotacion activa
687,6,EHO,poblacional,2406.9548663442597,2406.9548663442597,True,False,0.009749999270752596,4.5656634029001e-10,0.009749998814186256,2.7695919015968676e-06,0.25640037404427835,0.009749944961822622,18,4,92,Explotacion activa
688,6,EHO,poblacional,2406.9548663442597,2406.9548663442597,True,False,0.009749999543601007,4.5656634029001e-10,0.009749999087034666,1.6672894162184077e-06,0.2043902575446272,0.009749953969821945,19,5,93,Explotacion activa
689,6,EHO,poblacional,2406.9548663442597,2406.9548663442597,True,False,0.00974999953450606,1.837179297581315e-10,0.00974999935078813,8.365589565073598e-07,0.1686149049358389,0.009749969733820762,20,6,94,Explotacion activa
690,6,EHO,poblacional,2406.9548663442597,2406.9548663442597,True,False,0.009749999675477738,1.7598722479306161e-10,0.009749999499490514,5.992073965899181e-07,0.1409569342724808,0.009749977822366418,21,7,95,Explotacion activa
691,6,EHO,poblacional,2406.9548663442597,2406.9548663442597,True,True,0.009749999824180122,1.7598722479306161e-10,0.009749999648192897,5.932743079029024e-07,0.11329896360912205,0.00974998238216358,22,8,96,ESTANCAMIENTO (Fire)
692,7,GWO,poblacional,2406.9548663442597,2406.9548663442597,False,False,,,,,,,0,0,1,Llenando ventana
693,7,GWO,poblacional,2406.9548663442597,2406.9548663442597,False,False,,,,,,,1,0,2,Llenando ventana
694,7,GWO,poblacional,2406.9548663442597,2406.9548663442597,False,False,,,,,,,2,0,3,Llenando ventana
695,7,GWO,poblacional,2406.9548663442597,2406.9548663442597,False,False,,,,,,,3,0,4,Llenando ventana
696,7,GWO,poblacional,2406.9548663442597,2406.9548663442597,False,False,,,,,,,4,0,5,Llenando ventana
697,7,GWO,poblacional,2406.9548663442597,2406.9548663442597,False,False,,,,,,,5,0,6,Llenando ventana
698,7,GWO,poblacional,2406.9548663442597,2406.9548663442597,False,False,,,,,,,6,0,7,Llenando ventana
699,7,GWO,poblacional,2406.9548663442597,2406.9548663442597,False,False,,,,,,,7,0,8,Llenando ventana
700,7,GWO,poblacional,2406.9548663442597,2406.9548663442597,False,False,,,,,,,8,0,9,Llenando ventana
701,7,GWO,poblacional,2406.9548663442597,2406.9548663442597,False,False,,,,,,,9,0,10,Llenando ventana
702,7,GWO,poblacional,2406.9548663442597,2406.9548663442597,False,False,,,,,,,10,0,11,Llenando ventana
703,7,GWO,poblacional,2406.9548663442597,2406.9548663442597,False,False,,,,,,,11,0,12,Llenando ventana
704,7,GWO,poblacional,2406.9548663442597,2406.9548663442597,False,False,,,,,,,12,0,13,Llenando ventana
705,7,GWO,poblacional,2406.9548663442597,2406.9548663442597,False,False,,,,,,,13,0,14,Llenando ventana
706,7,GWO,poblacional,2406.9548663442597,2406.9548663442597,False,False,,,,,,,14,0,15,Llenando ventana
707,7,GWO,poblacional,2406.9548663442597,2406.9548663442597,False,False,,,,,,,15,0,16,Llenando ventana
708,7,GWO,poblacional,2406.9548663442597,2406.9548663442597,False,False,,,,,,,16,0,17,Llenando ventana
709,7,GWO,poblacional,2406.9548663442597,2406.9548663442597,False,False,,,,,,,17,0,18,Llenando ventana
710,7,GWO,poblacional,2406.9548663442597,2406.9548663442597,False,False,,,,,,,18,0,19,Llenando ventana
711,7,GWO,poblacional,2406.9548663442597,2406.9548663442597,False,False,,,,,,,19,0,20,Llenando ventana
712,7,GWO,poblacional,2406.9548663442597,2406.9548663442597,False,False,,,,,,,20,0,21,Llenando ventana
713,7,GWO,poblacional,2406.9548663442597,2406.9548663442597,False,False,,,,,,,21,0,22,Llenando ventana
714,7,GWO,poblacional,2406.9548663442597,2406.9548663442597,False,False,,,,,,,22,0,23,Llenando ventana
715,7,GWO,poblacional,2406.9548663442597,2406.9548663442597,False,False,,,,,,,23,0,24,Llenando ventana
716,7,GWO,poblacional,2406.9548663442597,2406.9548663442597,False,False,,,,,,,24,0,25,Llenando ventana
717,7,GWO,poblacional,2406.9548663442597,2406.9548663442597,False,False,,,,,,,25,0,26,Llenando ventana
718,7,GWO,poblacional,2406.9548663442597,2406.9548663442597,False,False,,,,,,,26,0,27,Llenando ventana
719,7,GWO,poblacional,2406.9548663442597,2406.9548663442597,False,False,,,,,,,27,0,28,Llenando ventana
720,7,GWO,poblacional,2406.9548663442597,2406.9548663442597,False,False,,,,,,,28,0,29,Llenando ventana
721,7,GWO,poblacional,2406.9548663442597,2406.9548663442597,False,False,,,,,,,29,0,30,Llenando ventana
722,7,GWO,poblacional,2406.9548663442597,2406.9548663442597,False,False,,,,,,,30,0,31,Llenando ventana
723,7,GWO,poblacional,2406.9548663442597,2406.9548663442597,False,False,,,,,,,31,0,32,Llenando ventana
724,7,GWO,poblacional,2406.9548663442597,2406.9548663442597,False,False,,,,,,,32,0,33,Llenando ventana
725,7,GWO,poblacional,2406.9548663442597,2406.9548663442597,False,False,,,,,,,33,0,34,Llenando ventana
726,7,GWO,poblacional,2406.9548663442597,2406.9548663442597,False,False,,,,,,,34,0,35,Llenando ventana
727,7,GWO,poblacional,2406.9548663442597,2406.9548663442597,False,False,,,,,,,35,0,36,Llenando ventana
728,7,GWO,poblacional,2406.9548663442597,2406.9548663442597,False,False,,,,,,,36,0,37,Llenando ventana
729,7,GWO,poblacional,2406.9548663442597,2406.9548663442597,False,False,,,,,,,37,0,38,Llenando ventana
730,7,GWO,poblacional,2406.9548663442597,2406.9548663442597,False,False,,,,,,,38,0,39,Llenando ventana
731,7,GWO,poblacional,2406.9548663442597,2406.9548663442597,True,False,0.009750000000167347,0.0,0.009750000000167347,4.0,20.0,12.0,39,0,40,Explotacion activa
732,7,GWO,poblacional,2406.9548663442597,2406.9548663442597,True,False,0.009750000000167347,0.0,0.009750000000167347,4.0,20.0,12.0,40,0,41,Explotacion activa
733,7,GWO,poblacional,2406.9548663442597,2406.9548663442597,True,False,0.009750000000167347,0.0,0.009750000000167347,4.0,20.0,12.0,41,0,42,Explotacion activa
734,7,GWO,poblacional,2406.9548663442597,2406.9548663442597,True,False,0.009750000000167347,0.0,0.009750000000167347,4.0,20.0,12.0,42,0,43,Explotacion activa
735,7,GWO,poblacional,2406.9548663442597,2406.9548663442597,True,False,0.009750000000167347,0.0,0.009750000000167347,4.0,20.0,12.0,43,0,44,Explotacion activa
736,7,GWO,poblacional,2406.9548663442597,2406.9548663442597,True,False,0.009750000000167347,0.0,0.009750000000167347,4.0,20.0,12.0,44,0,45,Explotacion activa
737,7,GWO,poblacional,2406.9548663442597,2406.9548663442597,True,False,0.009750000000167347,0.0,0.009750000000167347,4.0,20.0,12.0,45,0,46,Explotacion activa
738,7,GWO,poblacional,2406.9548663442597,2406.9548663442597,True,False,0.009750000000167347,0.0,0.009750000000167347,4.0,20.0,12.0,46,0,47,Explotacion activa
739,7,GWO,poblacional,2406.9548663442597,2406.9548663442597,True,False,0.009750000000167347,0.0,0.009750000000167347,4.0,20.0,12.0,47,0,48,Explotacion activa
740,7,GWO,poblacional,2406.9548663442597,2406.9548663442597,True,False,0.009750000000167347,0.0,0.009750000000167347,0.0,0.009750000000167347,0.009750000000167347,48,1,49,Explotacion activa
741,7,GWO,poblacional,2406.9548663442597,2406.9548663442597,True,False,0.009750000000167347,0.0,0.009750000000167347,0.0,0.009750000000167347,0.009750000000167347,49,2,50,Explotacion activa
742,7,GWO,poblacional,2406.9548663442597,2406.9548663442597,True,False,0.009750000000167347,0.0,0.009750000000167347,0.0,0.009750000000167347,0.009750000000167347,50,3,51,Explotacion activa
743,7,GWO,poblacional,2406.9548663442597,2406.9548663442597,True,False,0.009750000000167347,0.0,0.009750000000167347,0.0,0.009750000000167347,0.009750000000167347,51,4,52,Explotacion activa
744,7,GWO,poblacional,2406.9548663442597,2406.9548663442597,True,False,0.009750000000167347,0.0,0.009750000000167347,0.0,0.009750000000167347,0.009750000000167347,52,5,53,Explotacion activa
745,7,GWO,poblacional,2406.9548663442597,2406.9548663442597,True,False,0.009750000000167347,0.0,0.009750000000167347,0.0,0.009750000000167347,0.009750000000167347,53,6,54,Explotacion activa
746,7,GWO,poblacional,2406.9548663442597,2406.9548663442597,True,False,0.009750000000167347,0.0,0.009750000000167347,0.0,0.009750000000167347,0.009750000000167347,54,7,55,Explotacion activa
747,7,GWO,poblacional,2406.9548663442597,2406.9548663442597,True,True,0.009750000000167347,0.0,0.009750000000167347,0.0,0.009750000000167347,0.009750000000167347,55,8,56,ESTANCAMIENTO (Fire)
748,8,ACO,poblacional,2406.9548663442597,2696.3530655553423,False,False,,,,,,,0,0,1,Llenando ventana
749,8,ACO,poblacional,2406.9548663442597,4852.623499411369,False,False,,,,,,,1,0,2,Llenando ventana
750,8,ACO,poblacional,2406.9548663442597,3969.7463523554984,False,False,,,,,,,2,0,3,Llenando ventana
751,8,ACO,poblacional,2406.9548663442597,4762.80271500991,False,False,,,,,,,3,0,4,Llenando ventana
752,8,ACO,poblacional,2406.9548663442597,4547.034708134097,False,False,,,,,,,4,0,5,Llenando ventana
753,8,ACO,poblacional,2406.9548663442597,4189.228028594625,False,False,,,,,,,5,0,6,Llenando ventana
754,8,ACO,poblacional,2406.9548663442597,4242.801949294195,False,False,,,,,,,6,0,7,Llenando ventana
755,8,ACO,poblacional,2406.9548663442597,2602.852618738219,False,False,,,,,,,7,0,8,Llenando ventana
756,8,ACO,poblacional,2406.9548663442597,2645.5372493403156,False,False,,,,,,,8,0,9,Llenando ventana
757,8,ACO,poblacional,2406.9548663442597,4952.151475809284,False,False,,,,,,,9,0,10,Llenando ventana
758,8,ACO,poblacional,2406.9548663442597,4598.7574331281485,False,False,,,,,,,10,0,11,Llenando ventana
759,8,ACO,poblacional,2406.9548663442597,2705.8127838423916,False,False,,,,,,,11,0,12,Llenando ventana
760,8,ACO,poblacional,2406.9548663442597,4261.411185849577,False,False,,,,,,,12,0,13,Llenando ventana
761,8,ACO,poblacional,2406.9548663442597,2591.5582171999476,False,False,,,,,,,13,0,14,Llenando ventana
762,8,ACO,poblacional,2406.9548663442597,2567.795404395643,False,False,,,,,,,14,0,15,Llenando ventana
763,8,ACO,poblacional,2406.9548663442597,2589.4806404269316,False,False,,,,,,,15,0,16,Llenando ventana
764,8,ACO,poblacional,2406.9548663442597,2666.218372988025,False,False,,,,,,,16,0,17,Llenando ventana
765,8,ACO,poblacional,2406.9548663442597,2608.201017953276,False,False,,,,,,,17,0,18,Llenando ventana
766,8,ACO,poblacional,2406.9548663442597,2628.6542470915715,False,False,,,,,,,18,0,19,Llenando ventana
767,8,ACO,poblacional,2406.9548663442597,2633.4053542699767,False,False,,,,,,,19,0,20,Llenando ventana
768,8,ACO,poblacional,2406.9548663442597,2591.5763698958194,False,False,,,,,,,20,0,21,Llenando ventana
769,8,ACO,poblacional,2406.9548663442597,2551.321452265363,False,False,,,,,,,21,0,22,Llenando ventana
770,8,ACO,poblacional,2406.9548663442597,2558.1917365619333,False,False,,,,,,,22,0,23,Llenando ventana
771,8,ACO,poblacional,2406.9548663442597,2554.2477403766025,False,False,,,,,,,23,0,24,Llenando ventana
772,8,ACO,poblacional,2406.9548663442597,2522.9257642807315,False,False,,,,,,,24,0,25,Llenando ventana
773,8,ACO,poblacional,2406.9548663442597,2534.8326341240704,False,False,,,,,,,25,0,26,Llenando ventana
774,8,ACO,poblacional,2406.9548663442597,2550.2268408382724,False,False,,,,,,,26,0,27,Llenando ventana
775,8,ACO,poblacional,2406.9548663442597,2528.876625746442,False,False,,,,,,,27,0,28,Llenando ventana
776,8,ACO,poblacional,2406.9548663442597,2527.5436833903814,False,False,,,,,,,28,0,29,Llenando ventana
777,8,ACO,poblacional,2406.9548663442597,2528.007535713662,False,False,,,,,,,29,0,30,Llenando ventana
778,8,ACO,poblacional,2406.9548663442597,2527.590151067538,False,False,,,,,,,30,0,31,Llenando ventana
779,8,ACO,poblacional,2406.9548663442597,2517.1727180076405,False,False,,,,,,,31,0,32,Llenando ventana
780,8,ACO,poblacional,2406.9548663442597,2518.181787515248,False,False,,,,,,,32,0,33,Llenando ventana
781,8,ACO,poblacional,2406.9548663442597,2515.3435134805713,False,False,,,,,,,33,0,34,Llenando ventana
782,8,ACO,poblacional,2406.9548663442597,2512.2160499828583,False,False,,,,,,,34,0,35,Llenando ventana
783,8,ACO,poblacional,2406.9548663442597,2512.354370177071,False,False,,,,,,,35,0,36,Llenando ventana
784,8,ACO,poblacional,2406.9548663442597,2509.93667592432,False,False,,,,,,,36,0,37,Llenando ventana
785,8,ACO,poblacional,2406.9548663442597,2511.556979796618,False,False,,,,,,,37,0,38,Llenando ventana
786,8,ACO,poblacional,2406.9548663442597,2510.069121600615,False,False,,,,,,,38,0,39,Llenando ventana
787,8,ACO,poblacional,2406.9548663442597,2510.3011213651353,True,False,0.009750000000167347,0.0,0.009750000000167347,4.0,20.0,12.0,39,0,40,Explotacion activa
788,8,ACO,poblacional,2406.9548663442597,2515.995904164983,True,False,0.009750000000167347,0.0,0.009750000000167347,4.0,20.0,12.0,40,0,41,Explotacion activa
789,8,ACO,poblacional,2406.9548663442597,2506.0783203670517,True,False,0.009750000000167347,0.0,0.009750000000167347,4.0,20.0,12.0,41,0,42,Explotacion activa
790,8,ACO,poblacional,2406.9548663442597,2506.5087460446116,True,False,0.009750000000167347,0.0,0.009750000000167347,4.0,20.0,12.0,42,0,43,Explotacion activa
791,8,ACO,poblacional,2406.9548663442597,2506.420668973327,True,False,0.009750000000167347,0.0,0.009750000000167347,4.0,20.0,12.0,43,0,44,Explotacion activa
792,8,ACO,poblacional,2406.9548663442597,2512.1162051983715,True,False,0.009750000000167347,0.0,0.009750000000167347,4.0,20.0,12.0,44,0,45,Explotacion activa
793,8,ACO,poblacional,2406.9548663442597,2508.411664739513,True,False,0.009750000000167347,0.0,0.009750000000167347,4.0,20.0,12.0,45,0,46,Explotacion activa
794,8,ACO,poblacional,2406.9548663442597,2505.9045326889063,True,False,0.009750000000167347,0.0,0.009750000000167347,4.0,20.0,12.0,46,0,47,Explotacion activa
795,8,ACO,poblacional,2406.9548663442597,2512.580863812151,True,False,0.009750000000167347,0.0,0.009750000000167347,4.0,20.0,12.0,47,0,48,Explotacion activa
796,8,ACO,poblacional,2406.9548663442597,2512.6669019275414,True,False,0.009750000000167347,0.0,0.009750000000167347,0.0,0.009750000000167347,0.009750000000167347,48,1,49,Explotacion activa
797,8,ACO,poblacional,2406.9548663442597,2507.96691813228,True,False,0.009750000000167347,0.0,0.009750000000167347,0.0,0.009750000000167347,0.009750000000167347,49,2,50,Explotacion activa
798,8,ACO,poblacional,2406.9548663442597,2513.1960722735803,True,False,0.009750000000167347,0.0,0.009750000000167347,0.0,0.009750000000167347,0.009750000000167347,50,3,51,Explotacion activa
799,8,ACO,poblacional,2406.9548663442597,2508.5811524027476,True,False,0.009750000000167347,0.0,0.009750000000167347,0.0,0.009750000000167347,0.009750000000167347,51,4,52,Explotacion activa
800,8,ACO,poblacional,2406.9548663442597,2510.714687208578,True,False,0.009750000000167347,0.0,0.009750000000167347,0.0,0.009750000000167347,0.009750000000167347,52,5,53,Explotacion activa
801,8,ACO,poblacional,2406.9548663442597,2511.530529583348,True,False,0.009750000000167347,0.0,0.009750000000167347,0.0,0.009750000000167347,0.009750000000167347,53,6,54,Explotacion activa
802,8,ACO,poblacional,2406.9548663442597,2508.453727673068,True,False,0.009750000000167347,0.0,0.009750000000167347,0.0,0.009750000000167347,0.009750000000167347,54,7,55,Explotacion activa
803,8,ACO,poblacional,2406.9548663442597,2510.1427383030377,True,True,0.009750000000167347,0.0,0.009750000000167347,0.0,0.009750000000167347,0.009750000000167347,55,8,56,ESTANCAMIENTO (Fire)
804,9,GWO,poblacional,2406.9548663442597,2406.9548663442597,False,False,,,,,,,0,0,1,Llenando ventana
805,9,GWO,poblacional,2406.9548663442597,2406.9548663442597,False,False,,,,,,,1,0,2,Llenando ventana
806,9,GWO,poblacional,2406.9548663442597,2406.9548663442597,False,False,,,,,,,2,0,3,Llenando ventana
807,9,GWO,poblacional,2406.9548663442597,2406.9548663442597,False,False,,,,,,,3,0,4,Llenando ventana
808,9,GWO,poblacional,2406.9548663442597,2406.9548663442597,False,False,,,,,,,4,0,5,Llenando ventana
809,9,GWO,poblacional,2406.9548663442597,2406.9548663442597,False,False,,,,,,,5,0,6,Llenando ventana
810,9,GWO,poblacional,2406.9548663442597,2406.9548663442597,False,False,,,,,,,6,0,7,Llenando ventana
811,9,GWO,poblacional,2406.9548663442597,2406.9548663442597,False,False,,,,,,,7,0,8,Llenando ventana
812,9,GWO,poblacional,2406.9548663442597,2406.9548663442597,False,False,,,,,,,8,0,9,Llenando ventana
813,9,GWO,poblacional,2406.9548663442597,2406.9548663442597,False,False,,,,,,,9,0,10,Llenando ventana
814,9,GWO,poblacional,2406.9548663442597,2406.9548663442597,False,False,,,,,,,10,0,11,Llenando ventana
815,9,GWO,poblacional,2406.9548663442597,2406.9548663442597,False,False,,,,,,,11,0,12,Llenando ventana
816,9,GWO,poblacional,2406.9548663442597,2406.9548663442597,False,False,,,,,,,12,0,13,Llenando ventana
817,9,GWO,poblacional,2406.9548663442597,2406.9548663442597,False,False,,,,,,,13,0,14,Llenando ventana
818,9,GWO,poblacional,2406.9548663442597,2406.9548663442597,False,False,,,,,,,14,0,15,Llenando ventana
819,9,GWO,poblacional,2406.9548663442597,2406.9548663442597,False,False,,,,,,,15,0,16,Llenando ventana
820,9,GWO,poblacional,2406.9548663442597,2406.9548663442597,False,False,,,,,,,16,0,17,Llenando ventana
821,9,GWO,poblacional,2406.9548663442597,2406.9548663442597,False,False,,,,,,,17,0,18,Llenando ventana
822,9,GWO,poblacional,2406.9548663442597,2406.9548663442597,False,False,,,,,,,18,0,19,Llenando ventana
823,9,GWO,poblacional,2406.9548663442597,2406.9548663442597,False,False,,,,,,,19,0,20,Llenando ventana
824,9,GWO,poblacional,2406.9548663442597,2406.9548663442597,False,False,,,,,,,20,0,21,Llenando ventana
825,9,GWO,poblacional,2406.9548663442597,2406.9548663442597,False,False,,,,,,,21,0,22,Llenando ventana
826,9,GWO,poblacional,2406.9548663442597,2406.9548663442597,False,False,,,,,,,22,0,23,Llenando ventana
827,9,GWO,poblacional,2406.9548663442597,2406.9548663442597,False,False,,,,,,,23,0,24,Llenando ventana
828,9,GWO,poblacional,2406.9548663442597,2406.9548663442597,False,False,,,,,,,24,0,25,Llenando ventana
829,9,GWO,poblacional,2406.9548663442597,2406.9548663442597,False,False,,,,,,,25,0,26,Llenando ventana
830,9,GWO,poblacional,2406.9548663442597,2406.9548663442597,False,False,,,,,,,26,0,27,Llenando ventana
831,9,GWO,poblacional,2406.9548663442597,2406.9548663442597,False,False,,,,,,,27,0,28,Llenando ventana
832,9,GWO,poblacional,2406.9548663442597,2406.9548663442597,False,False,,,,,,,28,0,29,Llenando ventana
833,9,GWO,poblacional,2406.9548663442597,2406.9548663442597,False,False,,,,,,,29,0,30,Llenando ventana
834,9,GWO,poblacional,2406.9548663442597,2406.9548663442597,False,False,,,,,,,30,0,31,Llenando ventana
835,9,GWO,poblacional,2406.9548663442597,2406.9548663442597,False,False,,,,,,,31,0,32,Llenando ventana
836,9,GWO,poblacional,2406.9548663442597,2406.9548663442597,False,False,,,,,,,32,0,33,Llenando ventana
837,9,GWO,poblacional,2406.9548663442597,2406.9548663442597,False,False,,,,,,,33,0,34,Llenando ventana
838,9,GWO,poblacional,2406.9548663442597,2406.9548663442597,False,False,,,,,,,34,0,35,Llenando ventana
839,9,GWO,poblacional,2406.9548663442597,2406.9548663442597,False,False,,,,,,,35,0,36,Llenando ventana
840,9,GWO,poblacional,2406.9548663442597,2406.9548663442597,False,False,,,,,,,36,0,37,Llenando ventana
841,9,GWO,poblacional,2406.9548663442597,2406.9548663442597,False,False,,,,,,,37,0,38,Llenando ventana
842,9,GWO,poblacional,2406.9548663442597,2406.9548663442597,False,False,,,,,,,38,0,39,Llenando ventana
843,9,GWO,poblacional,2406.9548663442597,2406.9548663442597,True,False,0.009750000000167347,0.0,0.009750000000167347,4.0,20.0,12.0,39,0,40,Explotacion activa
844,9,GWO,poblacional,2406.9548663442597,2406.9548663442597,True,False,0.009750000000167347,0.0,0.009750000000167347,4.0,20.0,12.0,40,0,41,Explotacion activa
845,9,GWO,poblacional,2406.9548663442597,2406.9548663442597,True,False,0.009750000000167347,0.0,0.009750000000167347,4.0,20.0,12.0,41,0,42,Explotacion activa
846,9,GWO,poblacional,2406.9548663442597,2406.9548663442597,True,False,0.009750000000167347,0.0,0.009750000000167347,4.0,20.0,12.0,42,0,43,Explotacion activa
847,9,GWO,poblacional,2406.9548663442597,2406.9548663442597,True,False,0.009750000000167347,0.0,0.009750000000167347,4.0,20.0,12.0,43,0,44,Explotacion activa
848,9,GWO,poblacional,2406.9548663442597,2406.9548663442597,True,False,0.009750000000167347,0.0,0.009750000000167347,4.0,20.0,12.0,44,0,45,Explotacion activa
849,9,GWO,poblacional,2406.9548663442597,2406.9548663442597,True,False,0.009750000000167347,0.0,0.009750000000167347,4.0,20.0,12.0,45,0,46,Explotacion activa
850,9,GWO,poblacional,2406.9548663442597,2406.9548663442597,True,False,0.009750000000167347,0.0,0.009750000000167347,4.0,20.0,12.0,46,0,47,Explotacion activa
851,9,GWO,poblacional,2406.9548663442597,2406.9548663442597,True,False,0.009750000000167347,0.0,0.009750000000167347,4.0,20.0,12.0,47,0,48,Explotacion activa
852,9,GWO,poblacional,2406.9548663442597,2406.9548663442597,True,False,0.009750000000167347,0.0,0.009750000000167347,0.0,0.009750000000167347,0.009750000000167347,48,1,49,Explotacion activa
853,9,GWO,poblacional,2406.9548663442597,2406.9548663442597,True,False,0.009750000000167347,0.0,0.009750000000167347,0.0,0.009750000000167347,0.009750000000167347,49,2,50,Explotacion activa
854,9,GWO,poblacional,2406.9548663442597,2406.9548663442597,True,False,0.009750000000167347,0.0,0.009750000000167347,0.0,0.009750000000167347,0.009750000000167347,50,3,51,Explotacion activa
855,9,GWO,poblacional,2406.9548663442597,2406.9548663442597,True,False,0.009750000000167347,0.0,0.009750000000167347,0.0,0.009750000000167347,0.009750000000167347,51,4,52,Explotacion activa
856,9,GWO,poblacional,2406.9548663442597,2406.9548663442597,True,False,0.009750000000167347,0.0,0.009750000000167347,0.0,0.009750000000167347,0.009750000000167347,52,5,53,Explotacion activa
857,9,GWO,poblacional,2406.9548663442597,2406.9548663442597,True,False,0.009750000000167347,0.0,0.009750000000167347,0.0,0.009750000000167347,0.009750000000167347,53,6,54,Explotacion activa
858,9,GWO,poblacional,2406.9548663442597,2406.9548663442597,True,False,0.009750000000167347,0.0,0.009750000000167347,0.0,0.009750000000167347,0.009750000000167347,54,7,55,Explotacion activa
859,9,GWO,poblacional,2406.9548663442597,2406.9548663442597,True,True,0.009750000000167347,0.0,0.009750000000167347,0.0,0.009750000000167347,0.009750000000167347,55,8,56,ESTANCAMIENTO (Fire)
860,10,EHO,poblacional,2406.9548663442597,2406.9548663442597,False,False,,,,,,,0,0,1,Llenando ventana
861,10,EHO,poblacional,2406.9548663442597,2406.9548663442597,False,False,,,,,,,1,0,2,Llenando ventana
862,10,EHO,poblacional,2406.9548663442597,2406.9548663442597,False,False,,,,,,,2,0,3,Llenando ventana
863,10,EHO,poblacional,2406.9548663442597,2406.9548663442597,False,False,,,,,,,3,0,4,Llenando ventana
864,10,EHO,poblacional,2406.9548663442597,2406.9548663442597,False,False,,,,,,,4,0,5,Llenando ventana
865,10,EHO,poblacional,2406.9548663442597,2406.9548663442597,False,False,,,,,,,5,0,6,Llenando ventana
866,10,EHO,poblacional,2406.9548663442597,2406.9548663442597,False,False,,,,,,,6,0,7,Llenando ventana
867,10,EHO,poblacional,2406.9548663442597,2406.9548663442597,False,False,,,,,,,7,0,8,Llenando ventana
868,10,EHO,poblacional,2406.9548663442597,2406.9548663442597,False,False,,,,,,,8,0,9,Llenando ventana
869,10,EHO,poblacional,2406.9548663442597,2406.9548663442597,False,False,,,,,,,9,0,10,Llenando ventana
870,10,EHO,poblacional,2406.9548663442597,2406.9548663442597,False,False,,,,,,,10,0,11,Llenando ventana
871,10,EHO,poblacional,2406.9548663442597,2406.9548663442597,False,False,,,,,,,11,0,12,Llenando ventana
872,10,EHO,poblacional,2406.9548663442597,2406.9548663442597,False,False,,,,,,,12,0,13,Llenando ventana
873,10,EHO,poblacional,2406.9548663442597,2406.9548663442597,False,False,,,,,,,13,0,14,Llenando ventana
874,10,EHO,poblacional,2406.9548663442597,2406.9548663442597,False,False,,,,,,,14,0,15,Llenando ventana
875,10,EHO,poblacional,2406.9548663442597,2406.9548663442597,False,False,,,,,,,15,0,16,Llenando ventana
876,10,EHO,poblacional,2406.9548663442597,2406.9548663442597,False,False,,,,,,,16,0,17,Llenando ventana
877,10,EHO,poblacional,2406.9548663442597,2406.9548663442597,False,False,,,,,,,17,0,18,Llenando ventana
878,10,EHO,poblacional,2406.9548663442597,2406.9548663442597,False,False,,,,,,,18,0,19,Llenando ventana
879,10,EHO,poblacional,2406.9548663442597,2406.9548663442597,False,False,,,,,,,19,0,20,Llenando ventana
880,10,EHO,poblacional,2406.9548663442597,2406.9548663442597,False,False,,,,,,,20,0,21,Llenando ventana
881,10,EHO,poblacional,2406.9548663442592,2406.9548663442592,False,False,,,,,,,0,0,22,Llenando ventana
882,10,EHO,poblacional,2406.9548663442592,2406.9548663442592,False,False,,,,,,,1,0,23,Llenando ventana
883,10,EHO,poblacional,2406.954866344259,2406.954866344259,False,False,,,,,,,0,0,24,Llenando ventana
884,10,EHO,poblacional,2406.954866344259,2406.954866344259,False,False,,,,,,,1,0,25,Llenando ventana
885,10,EHO,poblacional,2406.954866344259,2406.954866344259,False,False,,,,,,,2,0,26,Llenando ventana
886,10,EHO,poblacional,2406.954866344259,2406.954866344259,False,False,,,,,,,3,0,27,Llenando ventana
887,10,EHO,poblacional,2406.954866344259,2406.954866344259,False,False,,,,,,,4,0,28,Llenando ventana
888,10,EHO,poblacional,2406.954866344259,2406.954866344259,False,False,,,,,,,5,0,29,Llenando ventana
889,10,EHO,poblacional,2406.954866344259,2406.954866344259,False,False,,,,,,,6,0,30,Llenando ventana
890,10,EHO,poblacional,2406.954866344259,2406.954866344259,False,False,,,,,,,7,0,31,Llenando ventana
891,10,EHO,poblacional,2406.954866344259,2406.954866344259,False,False,,,,,,,8,0,32,Llenando ventana
892,10,EHO,poblacional,2406.954866344259,2406.954866344259,False,False,,,,,,,9,0,33,Llenando ventana
893,10,EHO,poblacional,2406.954866344259,2406.954866344259,False,False,,,,,,,10,0,34,Llenando ventana
894,10,EHO,poblacional,2406.954866344259,2406.954866344259,False,False,,,,,,,11,0,35,Llenando ventana
895,10,EHO,poblacional,2406.954866344259,2406.954866344259,False,False,,,,,,,12,0,36,Llenando ventana
896,10,EHO,poblacional,2406.954866344259,2406.954866344259,False,False,,,,,,,13,0,37,Llenando ventana
897,10,EHO,poblacional,2406.954866344259,2406.954866344259,False,False,,,,,,,14,0,38,Llenando ventana
898,10,EHO,poblacional,2406.954866344259,2406.954866344259,False,False,,,,,,,15,0,39,Llenando ventana
899,10,EHO,poblacional,2406.954866344259,2406.954866344259,True,False,0.009749999997438863,9.094947017729282e-13,0.009749999996529368,4.0,20.0,12.0,16,0,40,Explotacion activa
900,10,EHO,poblacional,2406.954866344259,2406.954866344259,True,False,0.009749999997438863,9.094947017729282e-13,0.009749999996529368,4.0,20.0,12.0,17,0,41,Explotacion activa
901,10,EHO,poblacional,2406.954866344259,2406.954866344259,True,False,0.009749999997438863,9.094947017729282e-13,0.009749999996529368,4.0,20.0,12.0,18,0,42,Explotacion activa
902,10,EHO,poblacional,2406.954866344259,2406.954866344259,True,False,0.009749999997438863,9.094947017729282e-13,0.009749999996529368,4.0,20.0,12.0,19,0,43,Explotacion activa
903,10,EHO,poblacional,2406.954866344259,2406.954866344259,True,False,0.009749999997438863,9.094947017729282e-13,0.009749999996529368,4.0,20.0,12.0,20,0,44,Explotacion activa
904,10,EHO,poblacional,2406.954866344259,2406.954866344259,True,False,0.009749999997438863,9.094947017729282e-13,0.009749999996529368,4.0,20.0,12.0,21,0,45,Explotacion activa
905,10,EHO,poblacional,2406.954866344259,2406.954866344259,True,False,0.009749999997438863,9.094947017729282e-13,0.009749999996529368,4.0,20.0,12.0,22,0,46,Explotacion activa
906,10,EHO,poblacional,2406.954866344259,2406.954866344259,True,False,0.009749999997438863,9.094947017729282e-13,0.009749999996529368,4.0,20.0,12.0,23,0,47,Explotacion activa
907,10,EHO,poblacional,2406.954866344259,2406.954866344259,True,False,0.009749999997438863,9.094947017729282e-13,0.009749999996529368,4.0,20.0,12.0,24,0,48,Explotacion activa
908,10,EHO,poblacional,2406.954866344259,2406.954866344259,True,False,0.009749999997438863,9.094947017729282e-13,0.009749999996529368,9.094947017729282e-13,0.009749999997438863,0.009749999996529368,25,1,49,Explotacion activa
909,10,EHO,poblacional,2406.954866344259,2406.954866344259,True,False,0.009749999997438863,9.094947017729282e-13,0.009749999996529368,9.094947017729282e-13,0.009749999997438863,0.009749999996529368,26,2,50,Explotacion activa
910,10,EHO,poblacional,2406.954866344259,2406.954866344259,True,False,0.009749999997438863,9.094947017729282e-13,0.009749999996529368,9.094947017729282e-13,0.009749999997438863,0.009749999996529368,27,3,51,Explotacion activa
911,10,EHO,poblacional,2406.954866344259,2406.954866344259,True,False,0.009749999997438863,9.094947017729282e-13,0.009749999996529368,9.094947017729282e-13,0.009749999997438863,0.009749999996529368,28,4,52,Explotacion activa
912,10,EHO,poblacional,2406.954866344259,2406.954866344259,True,False,0.009749999997438863,9.094947017729282e-13,0.009749999996529368,9.094947017729282e-13,0.009749999997438863,0.009749999996529368,29,5,53,Explotacion activa
913,10,EHO,poblacional,2406.954866344259,2406.954866344259,True,False,0.009749999997438863,9.094947017729282e-13,0.009749999996529368,9.094947017729282e-13,0.009749999997438863,0.009749999996529368,30,6,54,Explotacion activa
914,10,EHO,poblacional,2406.954866344259,2406.954866344259,True,False,0.009749999997438863,9.094947017729282e-13,0.009749999996529368,9.094947017729282e-13,0.009749999997438863,0.009749999996529368,31,7,55,Explotacion activa
915,10,EHO,poblacional,2406.954866344259,2406.954866344259,True,True,0.009749999997438863,9.094947017729282e-13,0.009749999996529368,9.094947017729282e-13,0.009749999997438863,0.009749999996529368,32,8,56,ESTANCAMIENTO (Fire)
916,11,ACO,poblacional,2406.954866344259,5508.272201509254,False,False,,,,,,,0,0,1,Llenando ventana
917,11,ACO,poblacional,2406.954866344259,5116.427931094049,False,False,,,,,,,1,0,2,Llenando ventana
918,11,ACO,poblacional,2406.954866344259,5097.395118261731,False,False,,,,,,,2,0,3,Llenando ventana
919,11,ACO,poblacional,2406.954866344259,4570.708490945921,False,False,,,,,,,3,0,4,Llenando ventana
920,11,ACO,poblacional,2406.954866344259,5162.961491969607,False,False,,,,,,,4,0,5,Llenando ventana
921,11,ACO,poblacional,2406.954866344259,5118.757241727086,False,False,,,,,,,5,0,6,Llenando ventana
922,11,ACO,poblacional,2406.954866344259,3905.6227104565323,False,False,,,,,,,6,0,7,Llenando ventana
923,11,ACO,poblacional,2406.954866344259,4484.459494647299,False,False,,,,,,,7,0,8,Llenando ventana
924,11,ACO,poblacional,2406.954866344259,4308.779828028995,False,False,,,,,,,8,0,9,Llenando ventana
925,11,ACO,poblacional,2406.954866344259,4154.649802296195,False,False,,,,,,,9,0,10,Llenando ventana
926,11,ACO,poblacional,2406.954866344259,3503.738062965891,False,False,,,,,,,10,0,11,Llenando ventana
927,11,ACO,poblacional,2406.954866344259,4291.541079103374,False,False,,,,,,,11,0,12,Llenando ventana
928,11,ACO,poblacional,2406.954866344259,3276.8848338959397,False,False,,,,,,,12,0,13,Llenando ventana
929,11,ACO,poblacional,2406.954866344259,4019.5776882318896,False,False,,,,,,,13,0,14,Llenando ventana
930,11,ACO,poblacional,2406.954866344259,3800.9453242246145,False,False,,,,,,,14,0,15,Llenando ventana
931,11,ACO,poblacional,2406.954866344259,3622.858130444417,False,False,,,,,,,15,0,16,Llenando ventana
932,11,ACO,poblacional,2406.954866344259,3533.722697873467,False,False,,,,,,,16,0,17,Llenando ventana
933,11,ACO,poblacional,2406.954866344259,3452.9621972494424,False,False,,,,,,,17,0,18,Llenando ventana
934,11,ACO,poblacional,2406.954866344259,3188.8557146728986,False,False,,,,,,,18,0,19,Llenando ventana
935,11,ACO,poblacional,2406.954866344259,3674.5574286180017,False,False,,,,,,,19,0,20,Llenando ventana
936,11,ACO,poblacional,2406.954866344259,3395.303125564412,False,False,,,,,,,20,0,21,Llenando ventana
937,11,ACO,poblacional,2406.954866344259,3140.670002940473,False,False,,,,,,,21,0,22,Llenando ventana
938,11,ACO,poblacional,2406.954866344259,3026.6736164915274,False,False,,,,,,,22,0,23,Llenando ventana
939,11,ACO,poblacional,2406.954866344259,3534.5234614966616,False,False,,,,,,,23,0,24,Llenando ventana
940,11,ACO,poblacional,2406.954866344259,3704.8592120860594,False,False,,,,,,,24,0,25,Llenando ventana
941,11,ACO,poblacional,2406.954866344259,3475.6306617436985,False,False,,,,,,,25,0,26,Llenando ventana
942,11,ACO,poblacional,2406.954866344259,3299.1426209262468,False,False,,,,,,,26,0,27,Llenando ventana
943,11,ACO,poblacional,2406.954866344259,3407.73306426444,False,False,,,,,,,27,0,28,Llenando ventana
944,11,ACO,poblacional,2406.954866344259,2910.2414586476084,False,False,,,,,,,28,0,29,Llenando ventana
945,11,ACO,poblacional,2406.954866344259,3066.691533116716,False,False,,,,,,,29,0,30,Llenando ventana
946,11,ACO,poblacional,2406.954866344259,3347.741219678408,False,False,,,,,,,30,0,31,Llenando ventana
947,11,ACO,poblacional,2406.954866344259,3397.125458727875,False,False,,,,,,,31,0,32,Llenando ventana
948,11,ACO,poblacional,2406.954866344259,3332.850746178265,False,False,,,,,,,32,0,33,Llenando ventana
949,11,ACO,poblacional,2406.954866344259,3226.319711850806,False,False,,,,,,,33,0,34,Llenando ventana
950,11,ACO,poblacional,2406.954866344259,3098.8567834410665,False,False,,,,,,,34,0,35,Llenando ventana
951,11,ACO,poblacional,2406.954866344259,3097.0278323656407,False,False,,,,,,,35,0,36,Llenando ventana
952,11,ACO,poblacional,2406.954866344259,3352.06076079982,False,False,,,,,,,36,0,37,Llenando ventana
953,11,ACO,poblacional,2406.954866344259,3193.882905300169,False,False,,,,,,,37,0,38,Llenando ventana
954,11,ACO,poblacional,2406.954866344259,2982.2838065874757,False,False,,,,,,,38,0,39,Llenando ventana
955,11,ACO,poblacional,2406.954866344259,3189.9033926104444,True,False,0.009750000000167347,0.0,0.009750000000167347,4.0,20.0,12.0,39,0,40,Explotacion activa
956,11,ACO,poblacional,2406.954866344259,3505.689454514326,True,False,0.009750000000167347,0.0,0.009750000000167347,4.0,20.0,12.0,40,0,41,Explotacion activa
957,11,ACO,poblacional,2406.954866344259,3275.972337683229,True,False,0.009750000000167347,0.0,0.009750000000167347,4.0,20.0,12.0,41,0,42,Explotacion activa
958,11,ACO,poblacional,2406.954866344259,3214.4879638438847,True,False,0.009750000000167347,0.0,0.009750000000167347,4.0,20.0,12.0,42,0,43,Explotacion activa
959,11,ACO,poblacional,2406.954866344259,3570.769918628096,True,False,0.009750000000167347,0.0,0.009750000000167347,4.0,20.0,12.0,43,0,44,Explotacion activa
960,11,ACO,poblacional,2406.954866344259,3058.2314691448737,True,False,0.009750000000167347,0.0,0.009750000000167347,4.0,20.0,12.0,44,0,45,Explotacion activa
961,11,ACO,poblacional,2406.954866344259,3563.314147431396,True,False,0.009750000000167347,0.0,0.009750000000167347,4.0,20.0,12.0,45,0,46,Explotacion activa
962,11,ACO,poblacional,2406.954866344259,2810.7338060221177,True,False,0.009750000000167347,0.0,0.009750000000167347,4.0,20.0,12.0,46,0,47,Explotacion activa
963,11,ACO,poblacional,2406.954866344259,3113.851903993393,True,False,0.009750000000167347,0.0,0.009750000000167347,4.0,20.0,12.0,47,0,48,Explotacion activa
964,11,ACO,poblacional,2406.954866344259,3593.9053810550595,True,False,0.009750000000167347,0.0,0.009750000000167347,0.0,0.009750000000167347,0.009750000000167347,48,1,49,Explotacion activa
965,11,ACO,poblacional,2406.954866344259,3190.803527436197,True,False,0.009750000000167347,0.0,0.009750000000167347,0.0,0.009750000000167347,0.009750000000167347,49,2,50,Explotacion activa
966,11,ACO,poblacional,2406.954866344259,3384.3728766316926,True,False,0.009750000000167347,0.0,0.009750000000167347,0.0,0.009750000000167347,0.009750000000167347,50,3,51,Explotacion activa
967,11,ACO,poblacional,2406.954866344259,3619.637942224561,True,False,0.009750000000167347,0.0,0.009750000000167347,0.0,0.009750000000167347,0.009750000000167347,51,4,52,Explotacion activa
968,11,ACO,poblacional,2406.954866344259,3391.597828121713,True,False,0.009750000000167347,0.0,0.009750000000167347,0.0,0.009750000000167347,0.009750000000167347,52,5,53,Explotacion activa
969,11,ACO,poblacional,2406.954866344259,3418.536377444685,True,False,0.009750000000167347,0.0,0.009750000000167347,0.0,0.009750000000167347,0.009750000000167347,53,6,54,Explotacion activa
970,11,ACO,poblacional,2406.954866344259,3270.7170049473034,True,False,0.009750000000167347,0.0,0.009750000000167347,0.0,0.009750000000167347,0.009750000000167347,54,7,55,Explotacion activa
971,11,ACO,poblacional,2406.954866344259,3294.1514190079715,True,True,0.009750000000167347,0.0,0.009750000000167347,0.0,0.009750000000167347,0.009750000000167347,55,8,56,ESTANCAMIENTO (Fire)
972,12,WOA,poblacional,2406.954866344259,2406.954866344259,False,False,,,,,,,0,0,1,Llenando ventana
973,12,WOA,poblacional,2406.954866344259,2406.954866344259,False,False,,,,,,,1,0,2,Llenando ventana
974,12,WOA,poblacional,2406.954866344259,2406.954866344259,False,False,,,,,,,2,0,3,Llenando ventana
975,12,WOA,poblacional,2406.954866344259,2406.954866344259,False,False,,,,,,,3,0,4,Llenando ventana
976,12,WOA,poblacional,2406.954866344259,2406.954866344259,False,False,,,,,,,4,0,5,Llenando ventana
977,12,WOA,poblacional,2406.954866344259,2406.954866344259,False,False,,,,,,,5,0,6,Llenando ventana
978,12,WOA,poblacional,2406.954866344259,2406.954866344259,False,False,,,,,,,6,0,7,Llenando ventana
979,12,WOA,poblacional,2406.936991519587,2406.936991519587,False,False,,,,,,,0,0,8,Llenando ventana
980,12,WOA,poblacional,2406.936991519587,2406.936991519587,False,False,,,,,,,1,0,9,Llenando ventana
981,12,WOA,poblacional,2406.936991519587,2406.936991519587,False,False,,,,,,,2,0,10,Llenando ventana
982,12,WOA,poblacional,2406.936991519587,2406.936991519587,False,False,,,,,,,3,0,11,Llenando ventana
983,12,WOA,poblacional,2406.936991519587,2406.936991519587,False,False,,,,,,,4,0,12,Llenando ventana
984,12,WOA,poblacional,2406.936991519587,2406.936991519587,False,False,,,,,,,5,0,13,Llenando ventana
985,12,WOA,poblacional,2406.936991519587,2406.936991519587,False,False,,,,,,,6,0,14,Llenando ventana
986,12,WOA,poblacional,2406.936991519587,2406.936991519587,False,False,,,,,,,7,0,15,Llenando ventana
987,12,WOA,poblacional,2406.936991519587,2406.936991519587,False,False,,,,,,,8,0,16,Llenando ventana
988,12,WOA,poblacional,2406.936991519587,2406.936991519587,False,False,,,,,,,9,0,17,Llenando ventana
989,12,WOA,poblacional,2406.936991519587,2406.936991519587,False,False,,,,,,,10,0,18,Llenando ventana
990,12,WOA,poblacional,2406.936991519587,2406.936991519587,False,False,,,,,,,11,0,19,Llenando ventana
991,12,WOA,poblacional,2406.8994878227295,2406.8994878227295,False,False,,,,,,,0,0,20,Llenando ventana
992,12,WOA,poblacional,2406.8994878227295,2406.8994878227295,False,False,,,,,,,1,0,21,Llenando ventana
993,12,WOA,poblacional,2406.8939083517366,2406.8939083517366,False,False,,,,,,,0,0,22,Llenando ventana
994,12,WOA,poblacional,2406.8939083517366,2406.8939083517366,False,False,,,,,,,1,0,23,Llenando ventana
995,12,WOA,poblacional,2406.8939083517366,2406.8939083517366,False,False,,,,,,,2,0,24,Llenando ventana
996,12,WOA,poblacional,2406.8939083517366,2406.8939083517366,False,False,,,,,,,3,0,25,Llenando ventana
997,12,WOA,poblacional,2406.8939083517366,2406.8939083517366,False,False,,,,,,,4,0,26,Llenando ventana
998,12,WOA,poblacional,2406.893546180495,2406.893546180495,False,False,,,,,,,0,0,27,Llenando ventana
999,12,WOA,poblacional,2406.893427595663,2406.893427595663,False,False,,,,,,,0,0,28,Llenando ventana
1000,12,WOA,poblacional,2406.893427595663,2406.893427595663,False,False,,,,,,,1,0,29,Llenando ventana
1001,12,WOA,poblacional,2406.893427595663,2406.893427595663,False,False,,,,,,,2,0,30,Llenando ventana
1002,12,WOA,poblacional,2406.893427325444,2406.893427325444,False,False,,,,,,,0,0,31,Llenando ventana
1003,12,WOA,poblacional,2406.893427325444,2406.893427325444,False,False,,,,,,,1,0,32,Llenando ventana
1004,12,WOA,poblacional,2406.8934143740757,2406.8934143740757,False,False,,,,,,,0,0,33,Llenando ventana
1005,12,WOA,poblacional,2406.8934143740757,2406.8934143740757,False,False,,,,,,,1,0,34,Llenando ventana
1006,12,WOA,poblacional,2406.8934103250253,2406.8934103250253,False,False,,,,,,,0,0,35,Llenando ventana
1007,12,WOA,poblacional,2406.8934103250253,2406.8934103250253,False,False,,,,,,,1,0,36,Llenando ventana
1008,12,WOA,poblacional,2406.8934010365497,2406.8934010365497,False,False,,,,,,,0,0,37,Llenando ventana
1009,12,WOA,poblacional,2406.893393788226,2406.893393788226,False,False,,,,,,,0,0,38,Llenando ventana
1010,12,WOA,poblacional,2406.89339309126,2406.89339309126,False,False,,,,,,,0,0,39,Llenando ventana
1011,12,WOA,poblacional,2406.8933923993764,2406.8933923993764,True,False,0.06836506761237615,0.061473944882436626,0.006891122729939525,4.0,20.0,12.0,0,0,40,Explotacion activa
1012,12,WOA,poblacional,2406.8933923499585,2406.8933923499585,True,False,0.06836501819543628,0.061473994300285995,0.006891023895150283,4.0,20.0,12.0,0,0,41,Explotacion activa
1013,12,WOA,poblacional,2406.893392346777,2406.893392346777,True,False,0.06836501501311432,0.06147399748169846,0.006891017531415855,4.0,20.0,12.0,0,0,42,Explotacion activa
1014,12,WOA,poblacional,2406.893392219057,2406.893392219057,True,False,0.06850271605162561,0.061474125201584684,0.007028590850040928,4.0,20.0,12.0,0,0,43,Explotacion activa
1015,12,WOA,poblacional,2406.893392219057,2406.893392219057,True,False,0.06864054480911363,0.061474125201584684,0.007166419607528951,4.0,20.0,12.0,1,0,44,Explotacion activa
1016,12,WOA,poblacional,2406.893390172645,2406.893390172645,True,False,0.06877632715531945,0.06147617161377639,0.007300155541543063,4.0,20.0,12.0,0,0,45,Explotacion activa
1017,12,WOA,poblacional,2406.893390172645,2406.893390172645,True,False,0.06886284088022876,0.06147617161377639,0.0073866692664523725,4.0,20.0,12.0,1,0,46,Explotacion activa
1018,12,WOA,poblacional,2406.8933893779226,2406.8933893779226,True,False,0.05098722148613888,0.043602141664450755,0.007385079821688123,4.0,20.0,12.0,0,0,47,Explotacion activa
1019,12,WOA,poblacional,2406.893389040213,2406.893389040213,True,False,0.05098688377756844,0.04360247937393069,0.007384404403637745,4.0,20.0,12.0,0,0,48,Explotacion activa
1020,12,WOA,poblacional,2406.8933862337612,2406.8933862337612,True,False,0.05098407732566557,0.04360528582583356,0.007378791499832005,0.0561133471654557,0.06854406467887202,0.007380475370973727,0,0,49,Explotacion activa
1021,12,WOA,poblacional,2406.8933853864087,2406.8933853864087,True,False,0.05098322997400828,0.04360613317840034,0.00737709679560794,0.04360613317840034,0.06850271605162561,0.007378791499832005,0,0,50,Explotacion activa
1022,12,WOA,poblacional,2406.893381870929,2406.893381870929,True,False,0.05097971449322358,0.043609648658275546,0.007370065834948036,0.043607187822362906,0.06846142151985077,0.007378283088564785,0,0,51,Explotacion activa
1023,12,WOA,poblacional,2406.8933770327453,2406.8933770327453,True,False,0.05097487631064723,0.04361448684176139,0.007360389468885842,0.04360824246632546,0.06842012698807594,0.007377774677297566,0,0,52,Explotacion activa
1024,12,WOA,poblacional,2406.893371464515,2406.893371464515,True,False,0.05096930807849276,0.043620055072096875,0.007349253006395884,0.04360929711028803,0.0683788324563011,0.007377266266030347,0,0,53,Explotacion activa
1025,12,WOA,poblacional,2406.893359699151,2406.893359699151,True,False,0.05095754271451369,0.04363182043607594,0.007325722278437752,0.04361061629497272,0.06836505772898818,0.007375690603475959,0,0,54,Explotacion activa
1026,12,WOA,poblacional,2406.8933578394667,2406.8933578394667,True,False,0.05109351178862198,0.04363368012036517,0.007459831668256811,0.04361206775001847,0.06836504290390621,0.0073779441477199725,0,0,55,Explotacion activa
1027,12,WOA,poblacional,2406.8933578394667,2406.8933578394667,True,False,0.0512313405470195,0.04363368012036517,0.007597660426654329,0.04361351920506422,0.06836502807882425,0.007379914080593153,1,0,56,Explotacion activa
1028,12,WOA,poblacional,2406.893356724199,2406.893356724199,True,False,0.05136805403753897,0.04363479538824322,0.007733258649295749,0.04361504366479494,0.06836501787720409,0.007383843113257171,0,0,57,Explotacion activa
1029,12,WOA,poblacional,2406.893334714533,2406.893334714533,True,False,0.051483873130109714,0.04365680505406999,0.007827068076039723,0.04361671413389558,0.06836501692250749,0.007384809654467972,0,0,58,Explotacion activa
1030,12,WOA,poblacional,2406.8933273955217,2406.8933273955217,True,False,0.014335028502955538,0.006160427207760222,0.008174601295195316,0.04361303538671564,0.0683650159678109,0.0073855566551173975,0,0,59,Explotacion activa
1031,12,WOA,poblacional,2406.8933273955217,2406.8933273955217,True,False,0.014421542228774342,0.006160427207760222,0.00826111502101412,0.043609648658275546,0.06836501501311432,0.0073866692664523725,1,0,60,Explotacion activa
1032,12,WOA,poblacional,2406.8933262565624,2406.8933262565624,True,False,0.008840932276598323,0.000582095174195274,0.00825883710240305,0.043607187822362906,0.06330067244821293,0.00743788294771548,0,0,61,Explotacion activa
1033,12,WOA,poblacional,2406.893325057604,2406.893325057604,True,False,0.008977562075870082,0.0005832941324115382,0.008394267943458544,0.04360579423737363,0.05823632988331153,0.007514963171615818,0,0,62,Explotacion activa
1034,12,WOA,poblacional,2406.8933222874953,2406.8933222874953,True,False,0.009112620725318266,0.000586064241360873,0.008526556483957393,0.04360500518064327,0.053171987318410135,0.007611220248918471,0,0,63,Explotacion activa
1035,12,WOA,poblacional,2406.893321909855,2406.893321909855,True,False,0.009250071843325713,0.0005864418817509431,0.00866362996157477,0.04360304066431127,0.05146070931159556,0.007706139004767465,0,0,64,Explotacion activa
1036,12,WOA,poblacional,2406.893321880434,2406.893321880434,True,False,0.009387871180933871,0.0005864713025403034,0.008801399878393568,0.04360231051919072,0.05142596358382434,0.007780163362667736,0,0,65,Explotacion activa
1037,12,WOA,poblacional,2406.89332164923,2406.89332164923,True,False,0.00952546873531901,0.00022453126484833774,0.009300937470470672,0.036113798773112646,0.05139121785605312,0.007896574719870842,0,0,66,Explotacion activa
1038,12,WOA,poblacional,2406.893321462005,2406.893321462005,True,False,0.009556368117046077,0.0001061336579368799,0.009450234459109197,0.009904598653429263,0.05135438268848702,0.008139847973279756,0,0,67,Explotacion activa
1039,12,WOA,poblacional,2406.8933211006483,2406.8933211006483,True,False,0.00957801642607592,0.00010649501473380951,0.00947152141134211,0.006160427207760222,0.05131336864133118,0.008225142779519955,0,0,68,Explotacion activa
1040,12,WOA,poblacional,2406.8933210990126,2406.8933210990126,True,False,0.009581907861047512,0.00010649665046003065,0.009475411210587481,0.004488240436194242,0.05127235459417534,0.00825952047798637,0,0,69,Explotacion activa
1041,12,WOA,poblacional,2406.8933210255864,2406.8933210255864,True,False,0.009589662316557224,0.00010629985763443983,0.009483362458922784,0.0005864713025403034,0.0512313405470195,0.00826111502101412,0,0,70,Explotacion activa
1042,12,WOA,poblacional,2406.8933206563966,2406.8933206563966,True,False,0.009589293126737175,0.00010666904745448846,0.009482624079282687,0.0005864507079877512,0.051189991919500244,0.008354322066725216,0,0,71,Explotacion activa
1043,12,WOA,poblacional,2406.8933203745632,2406.8933203745632,True,False,0.009594636876499862,9.399951250088634e-05,0.009500637363998976,0.0005862908255949151,0.05114864329198099,0.008447183359658083,0,0,72,Explotacion activa
1044,12,WOA,poblacional,2406.893320096981,2406.893320096981,True,False,0.009608855941223737,9.427709483134095e-05,0.009514578846392396,0.0005857872304659395,0.05110729466446173,0.00854026383171913,0,0,73,Explotacion activa
1045,12,WOA,poblacional,2406.8933197522874,2406.8933197522874,True,False,0.009605856129837775,9.057273791768239e-05,0.009515283391920093,0.0005838481542014051,0.051072253728125364,0.008636215266051295,0,0,74,Explotacion activa
1046,12,WOA,poblacional,2406.8933194483775,2406.8933194483775,True,False,0.009606935986994358,9.087664784601657e-05,0.009516059339148342,0.0005826946533034061,0.05104036663738043,0.008732514919984169,0,0,75,Explotacion activa
1047,12,WOA,poblacional,2406.8933191282645,2406.8933191282645,True,False,0.009597426233995066,8.190828521037474e-05,0.00951551794878469,0.0005105823923258864,0.051008479546635496,0.008901307396808987,0,0,76,Explotacion activa
1048,12,WOA,poblacional,2406.893318467804,2406.893318467804,True,False,0.009589523812792322,7.532042218372226e-05,0.0095142033906086,0.00026028765578303123,0.05098718771528184,0.00925098371126296,0,0,77,Explotacion activa
1049,12,WOA,poblacional,2406.893318054655,2406.893318054655,True,False,0.009588669137428951,7.503660481233965e-05,0.009513632532616612,0.0001538139344120282,0.0509870864027107,0.009390515663653787,0,0,78,Explotacion activa
1050,12,WOA,poblacional,2406.8933178640777,2406.8933178640777,True,False,0.009587786676547694,7.453529860868002e-05,0.009513251377939014,0.00010661732835615112,0.05098698509013957,0.009456620544779071,0,0,79,Explotacion activa
1051,12,WOA,poblacional,2406.8933178640777,2406.8933178640777,True,False,0.009591830083081732,7.448588075931184e-05,0.00951734420232242,0.00010649665046003065,0.05098688377756844,0.00947152141134211,1,0,80,Explotacion activa
1052,12,WOA,poblacional,2406.893317627949,2406.893317627949,True,False,0.009591590772743075,7.471882827303489e-05,0.00951687194447004,0.00010649550545167585,0.05098604184199758,0.00947424427081387,0,0,81,Explotacion activa
1053,12,WOA,poblacional,2406.893317515363,2406.893317515363,True,False,0.009592939911726717,7.470369428119739e-05,0.00951823621744552,0.00010641695189406164,0.05098519990642671,0.009478296358065564,0,0,82,Explotacion activa
1054,12,WOA,poblacional,2406.893317304467,2406.893317304467,True,False,0.009593404434781405,7.491459018638125e-05,0.009518489844595024,0.00010628323766468384,0.050984357970855855,0.009482697917246697,0,0,83,Explotacion activa
1055,12,WOA,poblacional,2406.8933171670365,2406.8933171670365,True,False,0.00959683349583429,7.300560855583171e-05,0.009523827887278458,0.00010616689787639189,0.05098390785533411,0.009483214782994765,0,0,84,Explotacion activa
1056,12,WOA,poblacional,2406.893316926183,2406.893316926183,True,False,0.00959828734767143,7.324646185224992e-05,0.00952504088581918,0.00010020537638411042,0.050983653649836924,0.00949199991146088,0,0,85,Explotacion activa
1057,12,WOA,poblacional,2406.8933168048857,2406.8933168048857,True,False,0.009604402287550329,7.257303695951123e-05,0.009531829250590818,9.422157836525002e-05,0.05098339944433974,0.009503160166786984,0,0,86,Explotacion activa
1058,12,WOA,poblacional,2406.893316679279,2406.893316679279,True,False,0.009613615338366799,7.236093415485811e-05,0.00954125440421194,9.40272707339318e-05,0.050982878425929815,0.00951198997654501,0,0,87,Explotacion activa
1059,12,WOA,poblacional,2406.893316559764,2406.893316559764,True,False,0.009621825832255126,6.967399713175837e-05,0.009552151835123368,9.212579370796447e-05,0.0509818237816944,0.009513480070745572,0,0,88,Explotacion activa
1060,12,WOA,poblacional,2406.893316538577,2406.893316538577,True,False,0.009642966958381294,6.884783169880393e-05,0.00957411912668249,9.078547486751631e-05,0.05098076913745899,0.009513803790014208,0,0,89,Explotacion activa
1061,12,WOA,poblacional,2406.8933165320836,2406.8933165320836,True,False,0.009644685415878484,6.533884516102262e-05,0.009579346570717462,9.057273791768239e-05,0.05097971449322358,0.0095142033906086,0,0,90,Explotacion activa
1062,12,WOA,poblacional,2406.893316531006,2406.893316531006,True,False,0.009639846154641418,6.050173942639958e-05,0.009579344415215019,8.450762102256703e-05,0.050978263038450676,0.009514466209657258,0,0,91,Explotacion activa
1063,12,WOA,poblacional,2406.893316505281,2406.893316505281,True,False,0.009636482735004392,5.495923414855497e-05,0.009581523500855837,7.927313999971375e-05,0.05097681158367777,0.009514860664603475,0,0,92,Explotacion activa
1064,12,WOA,poblacional,2406.8933164645264,2406.8933164645264,True,False,0.009646686282394512,4.323462462707539e-05,0.009603451657767437,7.5292040446584e-05,0.05097536012890487,0.009515306847606552,0,0,93,Explotacion activa
1065,12,WOA,poblacional,2406.8933164517343,2406.8933164517343,True,False,0.009666823471889074,4.138773238082649e-05,0.009625435739508248,7.509336828661616e-05,0.05097376266421634,0.009515471037411771,0,0,94,Explotacion activa
1066,12,WOA,poblacional,2406.893316225373,2406.893316225373,True,False,0.009688606776308006,4.161409378866665e-05,0.00964699268251934,7.497559749936045e-05,0.050972092194569996,0.009515788643966516,0,0,95,Explotacion activa
1067,12,WOA,poblacional,2406.893316215601,2406.893316215601,True,False,0.009709491402190906,4.05085979764408e-05,0.009668982804214465,7.487543780371197e-05,0.05097042172492365,0.00951622186021268,0,0,96,Explotacion activa
1068,12,WOA,poblacional,2406.893316170971,2406.893316170971,True,False,0.009731456438203168,1.854356196417939e-05,0.009712912876238988,7.473840446436952e-05,0.050968131542094855,0.00951679068393787,0,0,97,Explotacion activa
1069,12,WOA,poblacional,2406.893316170971,2406.893316170971,True,False,0.009735140957673138,1.1224550689803436e-05,0.009723916406983335,7.470974787793239e-05,0.05096460193290113,0.009517155299181467,1,0,98,Explotacion activa
1070,12,WOA,poblacional,2406.8933161560717,2406.8933161560717,True,False,0.009737896167280269,1.123945003200788e-05,0.009726656717248261,7.465317557944217e-05,0.05096107232370741,0.009517611806859349,0,0,99,Explotacion activa
1071,12,WOA,poblacional,2406.893316146205,2406.893316146205,True,False,0.009739517450270796,1.0110357379744528e-05,0.009729407092891051,7.453529860868002e-05,0.05095754271451369,0.00951823621744552,0,0,100,Explotacion activa
1072,12,WOA,poblacional,2406.893316138535,2406.893316138535,True,False,0.0097410809307803,8.919069387047784e-06,0.009732161861393251,7.45007061141223e-05,0.03999674256879173,0.009518413756450173,0,0,101,Explotacion activa
1073,12,WOA,poblacional,2406.8933160848874,2406.8933160848874,True,False,0.009742806530539383,6.202607892191736e-06,0.009736603922647191,7.399011319648707e-05,0.029035942423070032,0.009520625061668397,0,0,102,Explotacion activa
1074,12,WOA,poblacional,2406.893316065331,2406.893316065331,True,False,0.00974306979424,5.844523911946453e-06,0.009737225270328054,7.322237652260811e-05,0.01807514227734807,0.00952394918713253,0,0,103,Explotacion activa
1075,12,WOA,poblacional,2406.8933160627844,2406.8933160627844,True,False,0.009743103351411264,5.817649707751116e-06,0.009737285701703513,7.305377921511536e-05,0.014404239483610581,0.009524798286111035,0,0,104,Explotacion activa
1076,12,WOA,poblacional,2406.8933160597567,2406.8933160597567,True,False,0.009743015972162539,5.589473403233569e-06,0.009737426498759305,7.278932275767147e-05,0.01437828536586494,0.009528435068204999,0,0,105,Explotacion activa
1077,12,WOA,poblacional,2406.8933160595125,2406.8933160595125,True,False,0.009743488963522395,5.402492661232827e-06,0.009738086470861163,7.25306163985806e-05,0.014352331248119299,0.009533714281315043,0,0,106,Explotacion activa
1078,12,WOA,poblacional,2406.8933160555653,2406.8933160555653,True,False,0.009743765245275426,5.045083071308909e-06,0.009738720162204118,7.238214443532343e-05,0.01387590217718752,0.009540311888849828,0,0,107,Explotacion activa
1079,12,WOA,poblacional,2406.893315936941,2406.893315936941,True,False,0.009744200149725657,5.162071829545312e-06,0.009739038077896112,7.074877194099826e-05,0.012498697161663559,0.009547792862758798,0,0,108,Explotacion activa
1080,12,WOA,poblacional,2406.89331580621,2406.89331580621,True,False,0.009744656453221978,5.2193763622199185e-06,0.009739437076859758,6.942614750187204e-05,0.011121768068142033,0.009558742022591105,0,0,109,Explotacion activa
1081,12,WOA,poblacional,2406.8933157787424,2406.8933157787424,True,False,0.0097448965420881,4.877654191659531e-06,0.00974001888789644,6.884783169880393e-05,0.0097448965420881,0.00957411912668249,0,0,110,Explotacion activa
1082,12,WOA,poblacional,2406.8933157500956,2406.8933157500956,True,False,0.009745226288032427,4.62446769233793e-06,0.009740601820340089,6.639154112235701e-05,0.009745127364249128,0.00957777682865526,0,0,111,Explotacion activa
1083,12,WOA,poblacional,2406.893315326682,2406.893315326682,True,False,0.009745185752763064,4.770298801304307e-06,0.00974041545396176,6.34040028671734e-05,0.00974520196687081,0.009579345277415996,0,0,112,Explotacion activa
1084,12,WOA,poblacional,2406.893315036536,2406.893315036536,True,False,0.00974521137368356,4.715751401818125e-06,0.009740495622281742,5.9947488898615115e-05,0.009745212865118447,0.0095795642637313,0,0,113,Explotacion activa
1085,12,WOA,poblacional,2406.8933134806057,2406.8933134806057,True,False,0.009740977106503124,5.967771812720457e-06,0.009735009334690403,5.606773520412389e-05,0.00974520624949946,0.009581088114828162,0,0,114,Explotacion activa
1086,12,WOA,poblacional,2406.8933114903657,2406.8933114903657,True,False,0.009736929514929216,7.637898761458928e-06,0.009729291616167757,4.909692938781518e-05,0.009745198563223312,0.009592487579311637,0,0,115,Explotacion activa
1087,12,WOA,poblacional,2406.8933083901397,2406.8933083901397,True,False,0.009729201142363308,1.0077664228447247e-05,0.009719123478134861,4.291051845939364e-05,0.009745190876947163,0.0096078484741156,0,0,116,Explotacion activa
1088,12,WOA,poblacional,2406.893303831306,2406.893303831306,True,False,0.009718619901377679,1.422334889866761e-05,0.009704396552479011,4.177614687250752e-05,0.009745156831695568,0.009623237331334166,0,0,117,Explotacion activa
1089,12,WOA,poblacional,2406.893292235263,2406.893292235263,True,False,0.009679106233306811,2.5628814910305664e-05,0.009653477418396506,4.147827694396255e-05,0.009745070068493077,0.009638369905314904,0,0,118,Explotacion activa
1090,12,WOA,poblacional,2406.893285674222,2406.893285674222,True,False,0.009672820053765463,3.218985557396081e-05,0.009640630198191502,4.1123992059510786e-05,0.009744983305290588,0.009642538943489853,0,0,119,Explotacion activa
1091,12,WOA,poblacional,2406.8932826904056,2406.8932826904056,True,False,0.00967008181487472,3.493754320516018e-05,0.00963514427166956,4.05085979764408e-05,0.0097448965420881,0.009640630198191502,0,0,120,Explotacion activa
1092,12,WOA,poblacional,2406.8932823695586,2406.8932823695586,True,False,0.00966989097696569,3.514580430419301e-05,0.009634745172661496,3.6754642405867346e-05,0.009744824515428263,0.00963898442023492,0,0,121,Explotacion activa
1093,12,WOA,poblacional,2406.8932823695586,2406.8932823695586,True,False,0.009669931294411072,3.4934908399009146e-05,0.009634996386012062,3.5062499864579874e-05,0.009744752488768427,0.009637338642278337,1,0,122,Explotacion activa
1094,12,WOA,poblacional,2406.8932823688706,2406.8932823688706,True,False,0.009670032205576717,3.4798165870597586e-05,0.00963523403970612,3.4937279724545076e-05,0.00974468046210859,0.009635773655554658,0,0,123,Explotacion activa
1095,12,WOA,poblacional,2406.893282322411,2406.893282322411,True,False,0.009669787266830099,3.4603772292030044e-05,0.009635183494538069,3.493543536023935e-05,0.009744565192522713,0.00963522393067251,0,0,124,Explotacion activa
1096,12,WOA,poblacional,2406.893281386933,2406.893281386933,True,False,0.009668743477959651,3.541795285855187e-05,0.0096333255251011,3.4936225802084664e-05,0.009744428301473818,0.009635208767122094,0,0,125,Explotacion activa
1097,12,WOA,poblacional,2406.8932810552005,2406.8932810552005,True,False,0.009668288294506056,3.562407846402493e-05,0.00963266421604203,3.4937016243929976e-05,0.009744291410424922,0.009635193603571679,0,0,126,Explotacion activa
1098,12,WOA,poblacional,2406.8932788932852,2406.8932788932852,True,False,0.00966605831445122,3.76664788745984e-05,0.009628391835576622,3.495836931506346e-05,0.009744156659280634,0.009635179572251218,0,0,127,Explotacion activa
1099,12,WOA,poblacional,2406.8932788932852,2406.8932788932852,True,False,0.009666118636232568,3.7645291740773246e-05,0.009628473344491795,3.5020847644773315e-05,0.009744026187945565,0.009635167805390666,1,0,128,Explotacion activa
1100,12,WOA,poblacional,2406.893277044951,2406.893277044951,True,False,0.009664289392731007,3.94871326534485e-05,0.009624802260077558,3.508332597448316e-05,0.009743895716610496,0.009635156038530112,0,0,129,Explotacion activa
1101,12,WOA,poblacional,2406.8932762028126,2406.8932762028126,True,False,0.009663898899361811,4.0328193335881224e-05,0.00962357070602593,3.514580430419301e-05,0.009743765245275426,0.00963514427166956,0,0,130,Explotacion activa
1102,12,WOA,poblacional,2406.8932717647335,2406.8932717647335,True,False,0.00965945463940443,4.474054730962962e-05,0.0096147140920948,3.5227448870500665e-05,0.009743682360749517,0.00963509990597231,0,0,131,Explotacion activa
1103,12,WOA,poblacional,2406.8932686785724,2406.8932686785724,True,False,0.00965641698348918,4.77859539387282e-05,0.009608631029550452,3.530909343680832e-05,0.009743599476223608,0.00963505554027506,0,0,132,Explotacion activa
1104,12,WOA,poblacional,2406.8932520515154,2406.8932520515154,True,False,0.009619653079880663,6.440021888920455e-05,0.009555252860991459,3.539073800311599e-05,0.009743516591697698,0.009635011174577813,0,0,133,Explotacion activa
1105,12,WOA,poblacional,2406.893246306999,2406.893246306999,True,False,0.009613712000827945,6.991837381065125e-05,0.009543793627017294,3.5459177979646483e-05,0.009743411841100169,0.00963494614334195,0,0,134,Explotacion activa
1106,12,WOA,poblacional,2406.893243197197,2406.893243197197,True,False,0.009610612160031451,7.30184037820436e-05,0.009537593756249407,3.55210156612884e-05,0.00974329615746683,0.00963487077933678,0,0,135,Explotacion activa
1107,12,WOA,poblacional,2406.8932366880504,2406.8932366880504,True,False,0.009604073723949114,7.94829206824943e-05,0.00952459080326662,3.558285334293032e-05,0.00974318047383349,0.00963479541533161,0,0,136,Explotacion activa
1108,12,WOA,poblacional,2406.8932365996934,2406.8932365996934,True,False,0.009604092661902541,7.957127763802418e-05,0.009524521384264517,3.582619979169976e-05,0.009743099995694138,0.009634603207905457,0,0,137,Explotacion activa
1109,12,WOA,poblacional,2406.8932360602075,2406.8932360602075,True,False,0.009603577389498241,8.009586417756509e-05,0.009523481525320676,3.643256377472426e-05,0.009743089928542758,0.009634177313637337,0,0,138,Explotacion activa
1110,12,WOA,poblacional,2406.893236055563,2406.893236055563,True,False,0.009603567971680604,8.009064185898751e-05,0.009523477329821617,3.703892775774875e-05,0.00974307986139138,0.00963375141936922,0,0,139,Explotacion activa
1111,12,WOA,poblacional,2406.8932360135123,2406.8932360135123,True,False,0.009603524305930478,8.012502257770393e-05,0.009523399283352774,3.7645291740773246e-05,0.00974306979424,0.0096333255251011,0,0,140,Explotacion activa
1112,12,WOA,poblacional,2406.893235786821,2406.893235786821,True,False,0.009603244455774984,8.02980662228947e-05,0.00952294638955209,3.765164788092079e-05,0.009743053647616762,0.009633127132383379,0,0,141,Explotacion activa
1113,12,WOA,poblacional,2406.893235369633,2406.893235369633,True,False,0.009602815605830983,8.069569776125718e-05,0.009522119908069726,3.7658004021068334e-05,0.009743037500993524,0.009632928739665658,0,0,142,Explotacion activa
1114,12,WOA,poblacional,2406.8932351234016,2406.8932351234016,True,False,0.009602804076621396,8.093938276942936e-05,0.009521864693851967,3.7664360161215885e-05,0.009743021354370284,0.009632730346947938,0,0,143,Explotacion activa
1115,12,WOA,poblacional,2406.893234268407,2406.893234268407,True,False,0.009602207515854388,8.17913496575784e-05,0.00952041616619681,3.803060963036842e-05,0.009742974083837907,0.009631826041731984,0,0,144,Explotacion activa
1116,12,WOA,poblacional,2406.893233514912,2406.893233514912,True,False,0.009601508711966744,8.254460044554435e-05,0.0095189641115212,3.857680576402345e-05,0.00974291125135096,0.009630568780266913,0,0,145,Explotacion activa
1117,12,WOA,poblacional,2406.893232614715,2406.893232614715,True,False,0.00960066186144104,8.344085017597536e-05,0.009517221011265065,3.912300189767847e-05,0.009742848418864015,0.009629311518801842,0,0,146,Explotacion activa
1118,12,WOA,poblacional,2406.893231137403,2406.893231137403,True,False,0.009599912751582451,8.479953794449102e-05,0.00951511321363796,3.957123872169177e-05,0.009742633970563474,0.009628465193600277,0,0,147,Explotacion activa
1119,12,WOA,poblacional,2406.8932243999157,2406.8932243999157,True,False,0.009593624825811276,9.140629435933079e-05,0.009502218531451945,3.982355692642159e-05,0.00974211629063575,0.009628440740925726,0,0,148,Explotacion activa
1120,12,WOA,poblacional,2406.8932117207987,2406.8932117207987,True,False,0.009584030101905228,0.0001040579436448752,0.009479972158260352,4.00758751311514e-05,0.009741598610708025,0.009628416288251174,0,0,149,Explotacion activa
1121,12,WOA,poblacional,2406.8931663927,2406.8931663927,True,False,0.009427849669918942,0.00014935739545762772,0.009278492274461314,4.0328193335881224e-05,0.0097410809307803,0.009628391835576622,0,0,150,Explotacion activa
1122,12,WOA,poblacional,2406.893126487513,2406.893126487513,True,False,0.009393721521519183,0.00018883916891354602,0.009204882352605637,4.03823147280491e-05,0.009741049783497147,0.00962750500675611,0,0,151,Explotacion activa
1123,12,WOA,poblacional,2406.893048622149,2406.893048622149,True,False,0.00919453461528974,0.0002664143871697888,0.008928120228119951,4.043643612021697e-05,0.009741018636213994,0.009626618177935597,0,0,152,Explotacion activa
1124,12,WOA,poblacional,2406.8930281240278,2406.8930281240278,True,False,0.009195672650548659,0.0002853565779332712,0.008910316072615387,4.049055751238484e-05,0.009740987488930842,0.009625731349115086,0,0,153,Explotacion activa
1125,12,WOA,poblacional,2406.893025264786,2406.893025264786,True,False,0.009203945250192191,0.0002862255796571844,0.008917719670535007,4.068442485731793e-05,0.009740685175256659,0.00962530904362211,0,0,154,Explotacion activa
1126,12,WOA,poblacional,2406.8930249561117,2406.8930249561117,True,False,0.00920650398302314,0.00028343402800601325,0.008923069955017127,4.0948165178633644e-05,0.00974024727838696,0.009625118999792903,0,0,155,Explotacion activa
1127,12,WOA,poblacional,2406.893024305579,2406.893024305579,True,False,0.009201936310546444,0.0002795257273646712,0.008922410583181772,4.121190549994935e-05,0.00973980938151726,0.009624928955963697,0,0,156,Explotacion activa
1128,12,WOA,poblacional,2406.893023175746,2406.893023175746,True,False,0.009189210434215056,0.0002690595169951848,0.008920150917219871,4.141036852161051e-05,0.009739355321971743,0.009624679104672396,0,0,157,Explotacion activa
1129,12,WOA,poblacional,2406.8930218787173,2406.8930218787173,True,False,0.009181353741041676,0.00026379550490673864,0.008917558236134937,4.147827694396255e-05,0.009738868937074586,0.009624309638456906,0,0,158,Explotacion activa
1130,12,WOA,poblacional,2406.8930195611333,2406.8930195611333,True,False,0.009176145259971236,0.00026312927229810157,0.008913015987673134,4.15461853663146e-05,0.009738382552177427,0.009623940172241418,0,0,159,Explotacion activa
1131,12,WOA,poblacional,2406.893017004934,2406.893017004934,True,False,0.009175139169656177,0.00026536462473814026,0.008909774544918037,4.161409378866665e-05,0.009737896167280269,0.00962357070602593,0,0,160,Explotacion activa
1132,12,WOA,poblacional,2406.893014376319,2406.893014376319,True,False,0.009173174019451835,0.0002679932395039941,0.008905180779947841,4.2100253040189266e-05,0.009737606171574953,0.009620913721846591,0,0,161,Explotacion activa
1133,12,WOA,poblacional,2406.8930119010006,2406.8930119010006,True,False,0.009175021843475406,0.00027046786999562755,0.008904553973479779,4.2586412291711895e-05,0.009737316175869638,0.009618256737667252,0,0,162,Explotacion activa
1134,12,WOA,poblacional,2406.8929808455005,2406.8929808455005,True,False,0.00914391988362695,0.00030147691040838254,0.008842442973218567,4.307257154323452e-05,0.00973702618016432,0.009615599753487913,0,0,163,Explotacion activa
1135,12,WOA,poblacional,2406.8929537421313,2406.8929537421313,True,False,0.009119577704950643,0.0003276448014730704,0.008791932903477573,4.353580916358623e-05,0.009736571803478,0.00961349747958593,0,0,164,Explotacion activa
1136,12,WOA,poblacional,2406.8929311580414,2406.8929311580414,True,False,0.00909834615958971,0.00034989715913980035,0.00874844900044991,4.3987585968352505e-05,0.009736035236301177,0.009611672560822626,0,0,165,Explotacion activa
1137,12,WOA,poblacional,2406.89293043713,2406.89293043713,True,False,0.009104339490932034,0.00034845615527956397,0.00875588333565247,4.443936277311877e-05,0.009735498669124354,0.009609847642059322,0,0,166,Explotacion activa
1138,12,WOA,poblacional,2406.892929541131,2406.892929541131,True,False,0.009109615813940763,0.00034935215444420464,0.008760263659496559,4.5045087972539484e-05,0.00973477250572614,0.00960811309237215,0,0,167,Explotacion activa
1139,12,WOA,poblacional,2406.8929277025104,2406.8929277025104,True,False,0.009139182973285642,0.00034934244058604236,0.0087898405326996,4.5958709961269044e-05,0.00973366714988515,0.009606559280837246,0,0,168,Explotacion activa
1140,12,WOA,poblacional,2406.8929277025104,2406.8929277025104,True,False,0.009149829867510562,0.00034850030215238803,0.008801329565358174,4.687233194999861e-05,0.00973256179404416,0.009605005469302342,1,0,169,Explotacion activa
1141,12,WOA,poblacional,2406.8929277025104,2406.8929277025104,True,False,0.009151611392553605,0.000344062223121,0.008807549169432605,4.77859539387282e-05,0.009731456438203168,0.009603451657767437,2,0,170,Explotacion activa
1142,12,WOA,poblacional,2406.8929227320095,2406.8929227320095,True,False,0.009156573024029058,0.0003459465629020997,0.008810626461126958,4.993793800167621e-05,0.00973077984945121,0.009596873210693956,0,0,171,Explotacion activa
1143,12,WOA,poblacional,2406.8929220536074,2406.8929220536074,True,False,0.009139444278844167,0.00032999790801113704,0.00880944637083303,5.2089922064624275e-05,0.009730103260699252,0.009590294763620477,0,0,172,Explotacion activa
1144,12,WOA,poblacional,2406.8929179940706,2406.8929179940706,True,False,0.00913071919740105,0.00032831292855917127,0.008802406268841878,5.424190612757228e-05,0.009729426671947294,0.009583716316546998,0,0,173,Explotacion activa
1145,12,WOA,poblacional,2406.8929046246085,2406.8929046246085,True,False,0.00911424922196602,0.00033857258858915884,0.008775676633376861,5.606773520412387e-05,0.009727084894166182,0.009581088114828162,0,0,174,Explotacion activa
1146,12,WOA,poblacional,2406.892867443412,2406.892867443412,True,False,0.009070642980532284,0.0003692446384775394,0.008701398342054745,5.7730486787477275e-05,0.009723910521870494,0.00958043503578665,0,0,175,Explotacion activa
1147,12,WOA,poblacional,2406.8928267245756,2406.8928267245756,True,False,0.009030289169459138,0.0004098751178389648,0.008620414051620173,5.939323837083064e-05,0.009720736149574805,0.009579781956745137,0,0,176,Explotacion activa
1148,12,WOA,poblacional,2406.8928194077794,2406.8928194077794,True,False,0.009023267263273738,0.00041665242815724923,0.008606614835116488,6.0891587372680086e-05,0.009717707051459001,0.009579346355167218,0,0,177,Explotacion activa
1149,12,WOA,poblacional,2406.8928071595433,2406.8928071595433,True,False,0.009011506846036355,0.0004288960199119174,0.008582610826124437,6.206113121152156e-05,0.00971496850170297,0.009579345708516485,0,0,178,Explotacion activa
1150,12,WOA,poblacional,2406.892805093725,2406.892805093725,True,False,0.009011108966205938,0.0004309197870497883,0.00858018917915615,6.323067505036305e-05,0.009712229951946937,0.009579345061865752,0,0,179,Explotacion activa
1151,12,WOA,poblacional,2406.892804903937,2406.892804903937,True,False,0.00901219947672871,0.00043088288430226385,0.008581316592426447,6.440021888920455e-05,0.009709491402190906,0.009579344415215019,0,0,180,Explotacion activa
1152,12,WOA,poblacional,2406.892804784046,2406.892804784046,True,False,0.009013462791699567,0.00043058558730990626,0.00858287720438966,6.468180677074996e-05,0.009703226014426036,0.00957777682865526,0,0,181,Explotacion activa
1153,12,WOA,poblacional,2406.892780944055,2406.892780944055,True,False,0.008992331193894643,0.0004541793464341026,0.00853815184746054,6.496339465229539e-05,0.009696960626661167,0.009576209242095502,0,0,182,Explotacion activa
1154,12,WOA,poblacional,2406.892773250024,2406.892773250024,True,False,0.008997257142709714,0.00046101838279355434,0.00853623875991616,6.524498253384081e-05,0.009690695238896296,0.009574641655535742,0,0,183,Explotacion activa
1155,12,WOA,poblacional,2406.892762848408,2406.892762848408,True,False,0.009011460265355709,0.000470666504043038,0.00854079376131267,6.604064246857886e-05,0.009686706667707767,0.009570345873544283,0,0,184,Explotacion activa
1156,12,WOA,poblacional,2406.892762691457,2406.892762691457,True,False,0.009088268481718842,0.0004699232581515389,0.008618345223567303,6.709333842991327e-05,0.009683856504807409,0.009564685993836974,0,0,185,Explotacion activa
1157,12,WOA,poblacional,2406.8927622922274,2406.8927622922274,True,False,0.009164257304291823,0.0004688451754191192,0.008695412128872704,6.814603439124766e-05,0.00968100634190705,0.009559026114129664,0,0,186,Explotacion activa
1158,12,WOA,poblacional,2406.8927622922274,2406.8927622922274,True,False,0.009235385181455058,0.0004621076882358466,0.008773277493219211,6.893044824209937e-05,0.009678477615352676,0.00955494275840465,1,0,187,Explotacion activa
1159,12,WOA,poblacional,2406.892739625529,2406.892739625529,True,False,0.00927790473042478,0.0004720952697425673,0.008805809460682212,6.917829787198571e-05,0.009676591761490272,0.009554012450644222,0,0,188,Explotacion activa
1160,12,WOA,poblacional,2406.892727101434,2406.892727101434,True,False,0.009310708734119544,0.0004392912660478032,0.00887141746807174,6.942614750187204e-05,0.009674705907627867,0.009553082142883796,0,0,189,Explotacion activa
1161,12,WOA,poblacional,2406.892723170992,2406.892723170992,True,False,0.009346683479179774,0.0004033165209875733,0.0089433669581922,6.967399713175837e-05,0.009672820053765463,0.009552151835123368,0,0,190,Explotacion activa
1162,12,WOA,poblacional,2406.8927134849473,2406.8927134849473,True,False,0.009300620593421627,0.00033513720154587645,0.00896548339187575,6.974731013542623e-05,0.00967199858209824,0.009549644372691546,0,0,191,Explotacion activa
1163,12,WOA,poblacional,2406.892697849578,2406.892697849578,True,False,0.009266746768844314,0.0003302744498796528,0.008936472318964661,6.98206231390941e-05,0.009671177110431018,0.009547136910259723,0,0,192,Explotacion activa
1164,12,WOA,poblacional,2406.892678043104,2406.892678043104,True,False,0.009246675110262004,0.0003472216822046903,0.008899453428057313,6.989393614276196e-05,0.009670355638763794,0.009544629447827902,0,0,193,Explotacion activa
1165,12,WOA,poblacional,2406.8926764805324,2406.8926764805324,True,False,0.00924943903237363,0.00034847557935790974,0.00890096345301572,7.040688587949261e-05,0.009670071893015119,0.009543285782456223,0,0,194,Explotacion activa
1166,12,WOA,poblacional,2406.8926745315134,2406.8926745315134,True,False,0.009251951879377884,0.0003497740653983783,0.008902177813979506,7.113965398275468e-05,0.009670057010225719,0.009542524015614617,0,0,195,Explotacion activa
1167,12,WOA,poblacional,2406.892667148904,2406.892667148904,True,False,0.009248696666418255,0.00035602684192781453,0.00889266982449044,7.187242208601674e-05,0.009670042127436319,0.009541762248773011,0,0,196,Explotacion activa
1168,12,WOA,poblacional,2406.8926668473996,2406.8926668473996,True,False,0.009252048770576948,0.00035503131766745355,0.008897017452909495,7.238214443532343e-05,0.009670022114460154,0.009540888339415687,0,0,197,Explotacion activa
1169,12,WOA,poblacional,2406.892664664835,2406.892664664835,True,False,0.009288267458487098,0.0003548962981767545,0.008933371160310344,7.244577527671936e-05,0.009669991841110458,0.009539790145026927,0,0,198,Explotacion activa
1170,12,WOA,poblacional,2406.8926638871517,2406.8926638871517,True,False,0.009325652411916963,0.00035311778219693224,0.00897253462972003,7.25094061181153e-05,0.009669961567760765,0.009538691950638167,0,0,199,Explotacion activa
1171,12,WOA,poblacional,2406.892663153242,2406.892663153242,True,False,0.009363008723994426,0.00035122307690471644,0.00901178564708971,7.257303695951123e-05,0.009669931294411072,0.009537593756249407,0,0,200,Explotacion activa
1172,12,WOA,poblacional,2406.892663153242,2406.892663153242,True,False,0.009401252241787006,0.0003487477583803411,0.009052504483406665,7.270280843840737e-05,0.009669919199177457,0.009535864404551831,1,0,201,Explotacion activa
1173,12,WOA,poblacional,2406.892663108374,2406.892663108374,True,False,0.009371996267873328,0.000317737126351858,0.00905425914152147,7.283257991730352e-05,0.009669907103943842,0.009534135052854253,0,0,202,Explotacion activa
1174,12,WOA,poblacional,2406.892662974979,2406.892662974979,True,False,0.009348436744403443,0.00029076715236442396,0.00905766959203902,7.296235139619967e-05,0.009669895008710228,0.009532405701156677,0,0,203,Explotacion activa
1175,12,WOA,poblacional,2406.8926628997133,2406.8926628997133,True,False,0.009325777388767165,0.00026825832810573047,0.009057519060661434,7.30081676010741e-05,0.009669870234938571,0.00953047157763649,0,0,204,Explotacion activa
1176,12,WOA,poblacional,2406.8926627289193,2406.8926627289193,True,False,0.009324885683327011,0.00026770821068566875,0.009057177472641342,7.301200616893766e-05,0.009669839121897894,0.009528435068204999,0,0,205,Explotacion activa
1177,12,WOA,poblacional,2406.8926623261145,2406.8926623261145,True,False,0.009333527881153714,0.00026721501626525423,0.00906631286488846,7.301584473680122e-05,0.009669808008857217,0.009526398558773509,0,0,206,Explotacion activa
1178,12,WOA,poblacional,2406.8926619479516,2406.8926619479516,True,False,0.00933266790207199,0.0002657545587680943,0.009066913343303895,7.304120958906424e-05,0.009669682887943055,0.009524995877563924,0,0,207,Explotacion activa
1179,12,WOA,poblacional,2406.8926604505205,2406.8926604505205,True,False,0.00933928954464136,0.0002672519899533654,0.009072037554687995,7.310962701012613e-05,0.00966936975128192,0.009524860852798156,0,0,208,Explotacion activa
1180,12,WOA,poblacional,2406.892659796312,2406.892659796312,True,False,0.009365374260141834,0.0002679061985872977,0.009097468061554537,7.317804443118803e-05,0.009669056614620785,0.009524725828032387,0,0,209,Explotacion activa
1181,12,WOA,poblacional,2406.8926580956577,2406.8926580956577,True,False,0.009399421941452601,0.00026463635185791645,0.009134785589594685,7.324646185224992e-05,0.009668743477959651,0.00952459080326662,0,0,210,Explotacion activa
1182,12,WOA,poblacional,2406.8926533517288,2406.8926533517288,True,False,0.009434718446755141,0.0002687018786673434,0.009166016568087798,7.361828752436849e-05,0.009668606922923572,0.009524569977565988,0,0,211,Explotacion activa
1183,12,WOA,poblacional,2406.89265119665,2406.89265119665,True,False,0.009469222667576105,0.00026679742040869314,0.009202425247167412,7.399011319648707e-05,0.009668470367887493,0.009524549151865357,0,0,212,Explotacion activa
1184,12,WOA,poblacional,2406.8926429150374,2406.8926429150374,True,False,0.00948829042908983,0.00026170957107751747,0.009226580858012312,7.436193886860565e-05,0.009668333812851416,0.009524528326164728,0,0,213,Explotacion activa
1185,12,WOA,poblacional,2406.892635839109,2406.892635839109,True,False,0.009518395697341475,0.00023160430282587186,0.009286791394515603,7.449576432918547e-05,0.00966799532998266,0.009524382684867305,0,0,214,Explotacion activa
1186,12,WOA,poblacional,2406.8926319787333,2406.8926319787333,True,False,0.009503535472504154,0.00019474584223644342,0.009308789630267711,7.451058968399593e-05,0.009667555883197565,0.009524174635771487,0,0,215,Explotacion activa
1187,12,WOA,poblacional,2406.8926288439275,2406.8926288439275,True,False,0.009493323652350227,0.00019056385190197034,0.009302759800448257,7.452541503880639e-05,0.00966711643641247,0.00952396658667567,0,0,216,Explotacion activa
1188,12,WOA,poblacional,2406.8926262717705,2406.8926262717705,True,False,0.009502343250005651,0.00018088777278535417,0.009321455477220297,7.455213817593176e-05,0.009666752988323424,0.00952379325108268,0,0,217,Explotacion activa
1189,12,WOA,poblacional,2406.892625938837,2406.892625938837,True,False,0.00952378448937452,0.00017915488797370926,0.009344629601400811,7.460265687768697e-05,0.009666541537626472,0.009523689342495345,0,0,218,Explotacion activa
1190,12,WOA,poblacional,2406.8926233565244,2406.8926233565244,True,False,0.009544852378894575,0.0001815474124668981,0.009363304966427677,7.465317557944217e-05,0.00966633008692952,0.009523585433908011,0,0,219,Explotacion activa
1191,12,WOA,poblacional,2406.892618921226,2406.892618921226,True,False,0.00955765556454935,0.0001858628197624057,0.009371792744786944,7.470369428119739e-05,0.009666118636232568,0.009523481525320676,0,0,220,Explotacion activa
1192,12,WOA,poblacional,2406.8926066130007,2406.8926066130007,True,False,0.009522305807422526,0.0001743310544952692,0.009347974752927257,7.470823447874864e-05,0.009666100539698163,0.009523480266670959,0,0,221,Explotacion activa
1193,12,WOA,poblacional,2406.892597185743,2406.892597185743,True,False,0.009505184518729948,0.00017606428127692197,0.009329120237453026,7.471277467629989e-05,0.009666082443163759,0.009523479008021241,0,0,222,Explotacion activa
1194,12,WOA,poblacional,2406.8925601143087,2406.8925601143087,True,False,0.00943716395931915,0.00020273409927540342,0.009234429860043747,7.471731487385114e-05,0.009666064346629356,0.009523477749371522,0,0,223,Explotacion activa
1195,12,WOA,poblacional,2406.892538683089,2406.892538683089,True,False,0.009448885940855689,0.00022400836814995273,0.009224877572705736,7.475798065570416e-05,0.009665704530107178,0.009523461720527848,0,0,224,Explotacion activa
1196,12,WOA,poblacional,2406.8925365824884,2406.8925365824884,True,False,0.009454246994664572,0.0002257097389701812,0.009228537255694391,7.481670922970807e-05,0.009665173853591114,0.009523438306587195,0,0,225,Explotacion activa
1197,12,WOA,poblacional,2406.892529707165,2406.892529707165,True,False,0.009466743761095131,0.00023258506234924425,0.009234158698745887,7.487543780371197e-05,0.00966464317707505,0.009523414892646543,0,0,226,Explotacion activa
1198,12,WOA,poblacional,2406.8925271823286,2406.8925271823286,True,False,0.009472822965108207,0.00021244320032565156,0.009260379764782556,7.492679164897709e-05,0.009664250343394087,0.009523353993972705,0,0,227,Explotacion activa
1199,12,WOA,poblacional,2406.892527059598,2406.892527059598,True,False,0.009497247573563072,0.0002000418362513301,0.009297205737311742,7.49633960367646e-05,0.00966413319538333,0.0095232181258325,0,0,228,Explotacion activa
1200,12,WOA,poblacional,2406.8925245004957,2406.8925245004957,True,False,0.00949642468640377,0.00019867049650201807,0.009297754189901752,7.500000042455212e-05,0.00966401604737257,0.009523082257692295,0,0,229,Explotacion activa
1201,12,WOA,poblacional,2406.8925216404227,2406.8925216404227,True,False,0.009487776606420084,0.00019184452457920997,0.009295932081840874,7.503660481233965e-05,0.009663898899361811,0.00952294638955209,0,0,230,Explotacion activa
1202,12,WOA,poblacional,2406.8925191557555,2406.8925191557555,True,False,0.009484421788783948,0.00017869382236312958,0.009305727966420818,7.512175002375444e-05,0.009662565621374597,0.009522698445107381,0,0,231,Explotacion activa
1203,12,WOA,poblacional,2406.8925169367735,2406.8925169367735,True,False,0.009462999341394607,0.00016110633032440091,0.009301893011070206,7.520689523516921e-05,0.009661232343387383,0.009522450500662671,0,0,232,Explotacion activa
1204,12,WOA,poblacional,2406.892505316948,2406.892505316948,True,False,0.00945418207311377,0.00017116358458224568,0.009283018488531525,7.5292040446584e-05,0.009659899065400167,0.009522202556217963,0,0,233,Explotacion activa
1205,12,WOA,poblacional,2406.8925019709227,2406.8925019709227,True,False,0.009450442395973369,0.0001725605907267891,0.00927788180524658,7.615292188347665e-05,0.00965884710822138,0.009522068865226174,0,0,234,Explotacion activa
1206,12,WOA,poblacional,2406.8924988659965,2406.8924988659965,True,False,0.009441422679174138,0.0001682829074525216,0.009273139771721617,7.740167143310828e-05,0.009657935811446805,0.009521992300960846,0,0,235,Explotacion activa
1207,12,WOA,poblacional,2406.892496586951,2406.892496586951,True,False,0.009438842129384284,0.0001702604486126802,0.009268581680771604,7.865042098273988e-05,0.00965702451467223,0.00952191573669552,0,0,236,Explotacion activa
1208,12,WOA,poblacional,2406.8924944090536,2406.8924944090536,True,False,0.009434571403744485,0.00017025578154061805,0.009264315622203867,7.949175637804729e-05,0.009655443913379714,0.009521719841086452,0,0,237,Explotacion activa
1209,12,WOA,poblacional,2406.8924925552024,2406.8924925552024,True,False,0.009432206659312214,0.00017133194933194318,0.009260874709980271,7.951826346470625e-05,0.009652524703051312,0.009521285282789903,0,0,238,Explotacion activa
1210,12,WOA,poblacional,2406.892481558539,2406.892481558539,True,False,0.009420626618066308,0.00018159470300815883,0.009239031915058149,7.954477055136522e-05,0.009649605492722913,0.009520850724493357,0,0,239,Explotacion activa
1211,12,WOA,poblacional,2406.892478597004,2406.892478597004,True,False,0.009418006670784962,0.00018455623830959667,0.009233450432475365,7.957127763802418e-05,0.009646686282394512,0.00952041616619681,0,0,240,Explotacion activa
1212,12,WOA,poblacional,2406.892476001693,2406.892476001693,True,False,0.009416172101282427,0.00018710668109633843,0.009229065420186089,7.972708690431318e-05,0.009646086022439705,0.009519980549794128,0,0,241,Explotacion activa
1213,12,WOA,poblacional,2406.8924702043214,2406.8924702043214,True,False,0.009410997660324938,0.00019277065757705714,0.00921822700274788,7.988289617060218e-05,0.009645485762484895,0.009519544933391444,0,0,242,Explotacion activa
1214,12,WOA,poblacional,2406.8924685518055,2406.8924685518055,True,False,0.009412264741058607,0.00019434790783634526,0.009217916833222262,8.003870543689117e-05,0.009644885502530088,0.009519109316988761,0,0,243,Explotacion activa
1215,12,WOA,poblacional,2406.892465181637,2406.892465181637,True,False,0.009410032195773965,0.00019754728236875962,0.009212484913405206,8.009168632270303e-05,0.009644341724379047,0.009518869258135965,0,0,244,Explotacion activa
1216,12,WOA,poblacional,2406.8924645568322,2406.8924645568322,True,False,0.009412405894636322,0.00019776928229475743,0.009214636612341565,8.00932530182763e-05,0.00964382618712989,0.009518726978058112,0,0,245,Explotacion activa
1217,12,WOA,poblacional,2406.8924645568322,2406.8924645568322,True,False,0.009421515589565388,0.0001973911193999811,0.009224124470165407,8.009481971384957e-05,0.009643310649880731,0.009518584697980259,1,0,246,Explotacion activa
1218,12,WOA,poblacional,2406.892463892252,2406.892463892252,True,False,0.009423663735560694,0.00019655826827147393,0.00922710546728922,8.009878001757897e-05,0.009642654878007306,0.009518464481880073,0,0,247,Explotacion activa
1219,12,WOA,poblacional,2406.8924636407914,2406.8924636407914,True,False,0.009439321291665692,0.00019615552037066664,0.009243165771295025,8.010752753762063e-05,0.009641718636885344,0.009518388393735222,0,0,248,Explotacion activa
1220,12,WOA,poblacional,2406.8924629084427,2406.8924629084427,True,False,0.009451040145449952,0.00019518721501299297,0.009255852930436959,8.011627505766228e-05,0.009640782395763381,0.00951831230559037,0,0,249,Explotacion activa
1221,12,WOA,poblacional,2406.8924624827896,2406.8924624827896,True,False,0.00945359131492296,0.00019086893917119596,0.009262722375751764,8.012502257770393e-05,0.009639846154641418,0.00951823621744552,0,0,250,Explotacion activa
1222,12,WOA,poblacional,2406.8924613946347,2406.8924613946347,True,False,0.009456617693103908,0.00018980201548401965,0.009266815677619888,8.017693567126116e-05,0.00963883712875031,0.00951796861290859,0,0,251,Explotacion activa
1223,12,WOA,poblacional,2406.8924603015985,2406.8924603015985,True,False,0.009452387358123815,0.0001826134389375511,0.009269773919186264,8.022884876481839e-05,0.009637828102859203,0.00951770100837166,0,0,252,Explotacion activa
1224,12,WOA,poblacional,2406.8924594498635,2406.8924594498635,True,False,0.009445125561342138,0.00017638924555285485,0.009268736315789283,8.028076185837563e-05,0.009636819076968095,0.00951743340383473,0,0,253,Explotacion activa
1225,12,WOA,poblacional,2406.8924577293797,2406.8924577293797,True,False,0.009444709327453893,0.00017424935367671424,0.009270459973777179,8.03775925305672e-05,0.00963355135445454,0.009517319564110949,0,0,254,Explotacion activa
1226,12,WOA,poblacional,2406.8924559846964,2406.8924559846964,True,False,0.009448700434859347,0.0001728592310428212,0.009275841203816526,8.049688199207594e-05,0.00962915428362976,0.009517282606793742,0,0,255,Explotacion activa
1227,12,WOA,poblacional,2406.892455453138,2406.892455453138,True,False,0.009470213170516217,0.00017081863234125194,0.009299394538174965,8.061617145358469e-05,0.00962475721280498,0.009517245649476536,0,0,256,Explotacion activa
1228,12,WOA,poblacional,2406.8924550979086,2406.8924550979086,True,False,0.009488379523190815,0.0001708409286038659,0.00931753859458695,8.07200662620744e-05,0.00962160855701768,0.009517186104585563,0,0,257,Explotacion activa
1229,12,WOA,poblacional,2406.892453895623,2406.892453895623,True,False,0.00952166635897811,0.00016946090136116254,0.009352205457616947,8.079317176452605e-05,0.009620956731305341,0.009517081384547054,0,0,258,Explotacion activa
1230,12,WOA,poblacional,2406.8924534374646,2406.8924534374646,True,False,0.009553844336551265,0.00016548376152059063,0.009388360575030674,8.086627726697771e-05,0.009620304905593003,0.009516976664508547,0,0,259,Explotacion activa
1231,12,WOA,poblacional,2406.8924505419736,2406.8924505419736,True,False,0.0095757120543567,0.00015607102704962017,0.00941964102730708,8.093938276942936e-05,0.009619653079880663,0.00951687194447004,0,0,260,Explotacion activa
1232,12,WOA,poblacional,2406.892446629463,2406.892446629463,True,False,0.009599443720162526,0.00015055628000482102,0.009448887440157705,8.119497283587407e-05,0.009617870756164848,0.00951662816287353,0,0,261,Explotacion activa
1233,12,WOA,poblacional,2406.8924433010648,2406.8924433010648,True,False,0.009633186756218493,0.0001168132439488545,0.009516373512269638,8.145056290231878e-05,0.009620522180830449,0.009516572885149798,0,0,262,Explotacion activa
1234,12,WOA,poblacional,2406.8924430630414,2406.8924430630414,True,False,0.009631147631807835,9.562004743202124e-05,0.009535527584375814,8.170615296876348e-05,0.009622758012210398,0.009516906851149542,0,0,263,Explotacion activa
1235,12,WOA,poblacional,2406.8924422388477,2406.8924422388477,True,False,0.009633341041990207,9.434364073968027e-05,0.009538997401250526,8.181473676813767e-05,0.009629283271897294,0.00951715119790606,0,0,264,Explotacion activa
1236,12,WOA,poblacional,2406.8924421798,2406.8924421798,True,False,0.009632126816995878,8.752736493988778e-05,0.00954459945205599,8.184981743397657e-05,0.009631637224401857,0.009517282606793742,0,0,265,Explotacion activa
1237,12,WOA,poblacional,2406.892442165037,2406.892442165037,True,False,0.009634556552100548,8.501729143972625e-05,0.009549539260660822,8.188489809981547e-05,0.009632338804840402,0.00951752260534704,0,0,266,Explotacion activa
1238,12,WOA,poblacional,2406.8924420508274,2406.8924420508274,True,False,0.009638757575430645,8.500877038386534e-05,0.00955374880504678,8.19719167338917e-05,0.009633080762296232,0.009518147015933209,0,0,267,Explotacion activa
1239,12,WOA,poblacional,2406.8924419342434,2406.8924419342434,True,False,0.009647701715039148,8.25662523311621e-05,0.009565135462707985,8.216281130444258e-05,0.00963327932768152,0.009518388393735222,0,0,268,Explotacion activa
1240,12,WOA,poblacional,2406.8924418371375,2406.8924418371375,True,False,0.009656364361944725,7.980328518897295e-05,0.009576561076755752,8.187320454453584e-05,0.009633705695023309,0.009518632124672877,0,0,269,Explotacion activa
1241,12,WOA,poblacional,2406.8924418345177,2406.8924418345177,True,False,0.009665496900652215,7.732123776804656e-05,0.009588175662884169,8.17913496575784e-05,0.009634556552100548,0.0095189641115212,0,0,270,Explotacion activa
1242,12,WOA,poblacional,2406.8924418133215,2406.8924418133215,True,False,0.00967158954063052,7.512345200666459e-05,0.009596466088623856,8.119497283587407e-05,0.00963590488013324,0.009519980549794128,0,0,271,Explotacion activa
1243,12,WOA,poblacional,2406.892441771083,2406.892441771083,True,False,0.009664283271376917,6.354586457746336e-05,0.009600737406799453,8.084190876616049e-05,0.009637392671174893,0.009520995577258873,0,0,272,Explotacion activa
1244,12,WOA,poblacional,2406.892441726705,2406.892441726705,True,False,0.009664600570431503,6.024421782058198e-05,0.009604356352610921,8.065593460742093e-05,0.009638866433351722,0.009521890215273743,0,0,273,Explotacion activa
1245,12,WOA,poblacional,2406.892441676988,2406.892441676988,True,False,0.009672442590272112,5.718900865758769e-05,0.009615253581614525,8.03775925305672e-05,0.009639628438799263,0.009522068865226174,0,0,274,Explotacion activa
1246,12,WOA,poblacional,2406.8924415510114,2406.8924415510114,True,False,0.00968103423156208,5.5035939567460446e-05,0.00962599829199462,8.021154440029932e-05,0.009641406556511356,0.009522533148810908,0,0,275,Explotacion activa
1247,12,WOA,poblacional,2406.8924414532553,2406.8924414532553,True,False,0.009689755241197417,5.295579830999486e-05,0.009636799442887423,8.011919089767616e-05,0.009643310649880731,0.009523036968312226,0,0,276,Explotacion activa
1248,12,WOA,poblacional,2406.892441405739,2406.892441405739,True,False,0.009698850537006365,5.114946316098212e-05,0.009647701073845383,8.009878001757897e-05,0.009644513570128766,0.009523353993972705,0,0,277,Explotacion activa
1249,12,WOA,poblacional,2406.892441217981,2406.892441217981,True,False,0.009709178390949091,4.034055837109918e-05,0.009668837832577992,8.009273078641854e-05,0.009645885935788101,0.009523446111234079,0,0,278,Explotacion activa
1250,12,WOA,poblacional,2406.8924409735596,2406.8924409735596,True,False,0.0097117698060174,3.762344431379461e-05,0.009674146361703606,8.000443485798315e-05,0.009646990912187903,0.009523478588471334,0,0,279,Explotacion activa
1251,12,WOA,poblacional,2406.8924408550215,2406.8924408550215,True,False,0.009714853328659956,3.514667150739115e-05,0.009679706657152565,7.980328518897295e-05,0.009647701715039148,0.009523481525320676,0,0,280,Explotacion activa
1252,12,WOA,poblacional,2406.892440819987,2406.892440819987,True,False,0.009716260601180693,2.9384334538917756e-05,0.009686876266641775,7.964087990330881e-05,0.009653765567873052,0.009523723978691122,0,0,281,Explotacion activa
1253,12,WOA,poblacional,2406.892440819987,2406.892440819987,True,False,0.00971593724534614,2.7731818590837065e-05,0.009688205426755303,7.953593485581223e-05,0.009656385410562508,0.009524105286072882,1,0,282,Explotacion activa
1254,12,WOA,poblacional,2406.8924406953165,2406.8924406953165,True,False,0.009712945327919442,2.4486320398864336e-05,0.009688459007520578,7.92667523910495e-05,0.009656720749080704,0.009524528326164728,0,0,283,Explotacion activa
1255,12,WOA,poblacional,2406.8924405382777,2406.8924405382777,True,False,0.009713628181998502,2.4018554540816694e-05,0.009689609627457685,7.775357435093611e-05,0.00965884710822138,0.0095245769194662,0,0,284,Explotacion activa
1256,12,WOA,poblacional,2406.892440481676,2406.892440481676,True,False,0.00971442288664548,2.407515603408683e-05,0.009690347730611393,7.632082997588441e-05,0.00966167676938312,0.0095248158445429,0,0,285,Explotacion activa
1257,12,WOA,poblacional,2406.8924403366887,2406.8924403366887,True,False,0.009715789628899074,2.355556352995336e-05,0.00969223406536912,7.528102814831072e-05,0.009663975773764832,0.009526398558773509,0,0,286,Explotacion activa
1258,12,WOA,poblacional,2406.892439636595,2406.892439636595,True,False,0.009717024146993936,2.4004196347959805e-05,0.009693019950645976,7.514314902437035e-05,0.009664244834175406,0.009531150414113653,0,0,287,Explotacion activa
1259,12,WOA,poblacional,2406.892439146377,2406.892439146377,True,False,0.009717505050048203,2.3762065666232957e-05,0.00969374298438197,7.507134369006962e-05,0.00966428694418937,0.009534048250861816,0,0,288,Explotacion activa
1260,12,WOA,poblacional,2406.892435639714,2406.892435639714,True,False,0.009717013701902033,2.684307537492714e-05,0.009690170626527106,7.500000042455212e-05,0.009664382746041155,0.009536147435937892,0,0,289,Explotacion activa
1261,12,WOA,poblacional,2406.8924336538266,2406.8924336538266,True,False,0.009717429025840829,2.774080803646939e-05,0.00968968821780436,7.491459018638125e-05,0.009664600570431503,0.009537593756249407,0,0,290,Explotacion activa
1262,12,WOA,poblacional,2406.892430240017,2406.892430240017,True,False,0.009713985296457395,3.006158158314065e-05,0.009683923714874254,7.47775568470388e-05,0.009665228001586002,0.00953857630775019,0,0,291,Explotacion activa
1263,12,WOA,poblacional,2406.892420232758,2406.892420232758,True,False,0.009679457768925204,3.921710549548152e-05,0.009640240663429722,7.471277467629989e-05,0.009665721466171817,0.009539900202435092,0,0,292,Explotacion activa
1264,12,WOA,poblacional,2406.892410775558,2406.892410775558,True,False,0.009670684656157391,4.695382176578278e-05,0.009623730834391608,7.468685471394565e-05,0.009666064346629356,0.009541508326492476,0,0,293,Explotacion activa
1265,12,WOA,poblacional,2406.8924097301206,2406.8924097301206,True,False,0.009668810852417664,4.62545758637134e-05,0.00962255627655395,7.456897774318349e-05,0.009666106571876299,0.009543285782456223,0,0,294,Explotacion activa
1266,12,WOA,poblacional,2406.8924091888107,2406.8924091888107,True,False,0.00967352896623197,4.626432746590581e-05,0.009627264638766064,7.451058968399593e-05,0.009666471054060821,0.009544196539536642,0,0,295,Explotacion activa
1267,12,WOA,poblacional,2406.89240876238,2406.89240876238,True,False,0.009680572327397385,4.6335528622876154e-05,0.00963423679877451,7.423799697789945e-05,0.00966711643641247,0.009545587413776957,0,0,296,Explotacion activa
1268,12,WOA,poblacional,2406.892407475132,2406.892407475132,True,False,0.009684739590284153,4.6420490889431676e-05,0.009638319099394721,7.337040374295611e-05,0.009668141812244357,0.009549045279800338,0,0,297,Explotacion activa
1269,12,WOA,poblacional,2406.8924068697115,2406.8924068697115,True,False,0.00968415205807105,4.656775308831129e-05,0.009637584304982738,7.310962701012613e-05,0.009668561404578214,0.00955110680533835,0,0,298,Explotacion activa
1270,12,WOA,poblacional,2406.892406464328,2406.892406464328,True,False,0.009682499570772052,4.407764572533779e-05,0.009638421925046714,7.301456521418004e-05,0.009668763690297056,0.009552630926100392,0,0,299,Explotacion activa
1271,12,WOA,poblacional,2406.892406363327,2406.892406363327,True,False,0.009678604154487402,4.026613578389515e-05,0.009638338018703507,7.300560855583171e-05,0.009668810852417664,0.00955374880504678,0,0,300,Explotacion activa
