iteracion,epoch,mh,tipo,fitness_best,fitness_instantaneo,dtw_ready,dtw_fire,D1_vs_ramp,D2_vs_const,dtw_delta,theta_c,theta_r,theta_delta,no_improve_len,trigger_streak,window_n,estado_dtw
1,1,GWO,poblacional,3858.7920675418454,3858.7920675418454,False,False,,,,,,,0,0,1,Llenando ventana
2,1,GWO,poblacional,3858.7920675418454,3858.7920675418454,False,False,,,,,,,1,0,2,Llenando ventana
3,1,GWO,poblacional,2578.018262732683,2578.018262732683,False,False,,,,,,,0,0,3,Llenando ventana
4,1,GWO,poblacional,2366.6403310504825,2366.6403310504825,False,False,,,,,,,0,0,4,Llenando ventana
5,1,GWO,poblacional,1722.040146478199,1722.040146478199,False,False,,,,,,,0,0,5,Llenando ventana
6,1,GWO,poblacional,1609.7189123591832,1609.7189123591832,False,False,,,,,,,0,0,6,Llenando ventana
7,1,GWO,poblacional,1553.8811397273344,1553.8811397273344,False,False,,,,,,,0,0,7,Llenando ventana
8,1,GWO,poblacional,1553.8811397273344,1553.8811397273344,False,False,,,,,,,1,0,8,Llenando ventana
9,1,GWO,poblacional,1553.8811397273344,1553.8811397273344,False,False,,,,,,,2,0,9,Llenando ventana
10,1,GWO,poblacional,1553.8811397273344,1553.8811397273344,False,False,,,,,,,3,0,10,Llenando ventana
11,1,GWO,poblacional,1428.8060755940592,1428.8060755940592,False,False,,,,,,,0,0,11,Llenando ventana
12,1,GWO,poblacional,1428.8060755940592,1428.8060755940592,False,False,,,,,,,1,0,12,Llenando ventana
13,1,GWO,poblacional,1428.8060755940592,1428.8060755940592,False,False,,,,,,,2,0,13,Llenando ventana
14,1,GWO,poblacional,1405.4040178209393,1405.4040178209393,False,False,,,,,,,0,0,14,Llenando ventana
15,1,GWO,poblacional,1405.4040178209393,1405.4040178209393,False,False,,,,,,,1,0,15,Llenando ventana
16,1,GWO,poblacional,1194.6026419762547,1194.6026419762547,False,False,,,,,,,0,0,16,Llenando ventana
17,1,GWO,poblacional,1194.6026419762547,1194.6026419762547,False,False,,,,,,,1,0,17,Llenando ventana
18,1,GWO,poblacional,1126.352709354649,1126.352709354649,False,False,,,,,,,0,0,18,Llenando ventana
19,1,GWO,poblacional,1106.7556899680415,1106.7556899680415,False,False,,,,,,,0,0,19,Llenando ventana
20,1,GWO,poblacional,1106.7556899680415,1106.7556899680415,False,False,,,,,,,1,0,20,Llenando ventana
21,1,GWO,poblacional,1106.7556899680415,1106.7556899680415,False,False,,,,,,,2,0,21,Llenando ventana
22,1,GWO,poblacional,1106.7556899680415,1106.7556899680415,False,False,,,,,,,3,0,22,Llenando ventana
23,1,GWO,poblacional,1106.7556899680415,1106.7556899680415,False,False,,,,,,,4,0,23,Llenando ventana
24,1,GWO,poblacional,1106.7556899680415,1106.7556899680415,False,False,,,,,,,5,0,24,Llenando ventana
25,1,GWO,poblacional,1106.7556899680415,1106.7556899680415,False,False,,,,,,,6,0,25,Llenando ventana
26,1,GWO,poblacional,1106.7556899680415,1106.7556899680415,False,False,,,,,,,7,0,26,Llenando ventana
27,1,GWO,poblacional,1106.7556899680415,1106.7556899680415,False,False,,,,,,,8,0,27,Llenando ventana
28,1,GWO,poblacional,1106.7556899680415,1106.7556899680415,False,False,,,,,,,9,0,28,Llenando ventana
29,1,GWO,poblacional,1106.7556899680415,1106.7556899680415,False,False,,,,,,,10,0,29,Llenando ventana
30,1,GWO,poblacional,1105.9267808759978,1105.9267808759978,True,False,2758.637155249715,2752.8652866658467,5.771868583868127,3.0,15.0,9.0,0,0,30,Explotacion activa
31,1,GWO,poblacional,1105.9267808759978,1105.9267808759978,True,False,2759.4660643417587,2752.8652866658467,6.600777675912013,3.0,15.0,9.0,1,0,31,Explotacion activa
32,1,GWO,poblacional,1105.9267808759978,1105.9267808759978,True,False,1476.5077563022542,1472.0914818566853,4.416274445568888,3.0,15.0,9.0,2,0,32,Explotacion activa
33,1,GWO,poblacional,1105.9267808759978,1105.9267808759978,True,False,1265.336166525124,1260.7135501744847,4.622616350639419,3.0,15.0,9.0,3,0,33,Explotacion activa
34,1,GWO,poblacional,995.8619862548501,995.8619862548501,True,False,728.8408134775018,726.1781602233489,2.6626532541529286,3.0,15.0,9.0,0,0,34,Explotacion activa
35,1,GWO,poblacional,995.8619862548501,995.8619862548501,True,False,616.5169727841189,613.8569261043331,2.6600466797858644,3.0,15.0,9.0,1,0,35,Explotacion activa
36,1,GWO,poblacional,995.8619862548501,995.8619862548501,True,False,560.8092492398466,558.0191534724843,2.790095767362345,3.0,15.0,9.0,2,0,36,Explotacion activa
37,1,GWO,poblacional,995.8619862548501,995.8619862548501,True,False,560.8092492398466,558.0191534724843,2.790095767362345,3.0,15.0,9.0,3,0,37,Explotacion activa
38,1,GWO,poblacional,995.8619862548501,995.8619862548501,True,False,560.8092492398466,558.0191534724843,2.790095767362345,3.0,15.0,9.0,4,0,38,Explotacion activa
39,1,GWO,poblacional,995.8619862548501,995.8619862548501,True,False,560.8092492398466,558.0191534724843,2.790095767362345,558.0191534724843,1328.687643458263,4.478177017090047,5,0,39,Explotacion activa
40,1,GWO,poblacional,995.8619862548501,995.8619862548501,True,False,435.3974391787974,432.9440893392091,2.453349839588327,558.0191534724843,1265.336166525124,4.416274445568888,6,0,40,Explotacion activa
41,1,GWO,poblacional,995.8619862548501,995.8619862548501,True,False,435.39743917879787,432.9440893392091,2.453349839588782,558.0191534724843,1104.387560610837,3.928420842106924,7,0,41,Explotacion activa
42,1,GWO,poblacional,995.8619862548501,995.8619862548501,True,False,435.3974391787983,432.9440893392091,2.4533498395892366,558.0191534724843,943.4389546965499,3.44056723864496,8,0,42,Explotacion activa
43,1,GWO,poblacional,995.8619862548501,995.8619862548501,True,False,412.13579776600704,409.54203156608924,2.593766199917809,545.5116470591568,782.4903487822638,2.952713635182999,9,0,43,Explotacion activa
44,1,GWO,poblacional,995.8619862548501,995.8619862548501,True,False,412.13579776600795,409.54203156608924,2.5937661999187185,457.9591021658641,706.3760453388251,2.790095767362345,10,0,44,Explotacion activa
45,1,GWO,poblacional,995.8619862548501,995.8619862548501,True,False,200.1318403114542,198.74065572140466,1.3911845900495337,432.9440893392091,672.6788931308104,2.790095767362345,11,0,45,Explotacion activa
46,1,GWO,poblacional,995.8619862548501,995.8619862548501,True,False,200.1318403114542,198.74065572140466,1.3911845900495337,432.9440893392091,638.9817409227954,2.790095767362345,12,0,46,Explotacion activa
47,1,GWO,poblacional,995.8619862548501,995.8619862548501,True,False,131.49115197689775,130.49072309979897,1.0004288770987841,432.9440893392091,610.9462004296917,2.790095767362345,13,0,47,Explotacion activa
48,1,GWO,poblacional,995.8619862548501,995.8619862548501,True,False,111.81781791080084,110.89370371319137,0.9241141976094696,418.90285467533715,594.2338833664099,2.790095767362345,14,0,48,Explotacion activa
49,1,GWO,poblacional,995.8619862548501,995.8619862548501,True,False,111.81781791080084,110.89370371319137,0.9241141976094696,409.54203156608924,577.5215663031282,2.790095767362345,15,0,49,Explotacion activa
50,1,GWO,poblacional,995.8619862548501,995.8619862548501,True,False,111.81781791080084,110.89370371319137,0.9241141976094696,409.54203156608924,560.8092492398466,2.790095767362345,16,0,50,Explotacion activa
51,1,GWO,poblacional,995.8619862548501,995.8619862548501,True,False,111.81781791080084,110.89370371319137,0.9241141976094696,261.98106847481,560.8092492398466,2.790095767362345,17,0,51,Explotacion activa
52,1,GWO,poblacional,995.8619862548501,995.8619862548501,True,False,111.81781791080084,110.89370371319137,0.9241141976094696,198.74065572140466,560.8092492398466,2.790095767362345,18,0,52,Explotacion activa
53,1,GWO,poblacional,995.8619862548501,995.8619862548501,True,False,111.81781791080084,110.89370371319137,0.9241141976094696,191.91566245924406,560.8092492398466,2.790095767362345,19,0,53,Explotacion activa
54,1,GWO,poblacional,995.8619862548501,995.8619862548501,True,False,111.81781791080084,110.89370371319137,0.9241141976094696,144.14070962412006,560.8092492398466,2.7646072647204614,20,0,54,Explotacion activa
55,1,GWO,poblacional,995.8619862548501,995.8619862548501,True,False,111.81781791080084,110.89370371319137,0.9241141976094696,120.69221340649517,560.8092492398466,2.726374510757637,21,0,55,Explotacion activa
56,1,GWO,poblacional,995.8619862548501,995.8619862548501,True,False,111.81781791080084,110.89370371319137,0.9241141976094696,110.89370371319137,560.8092492398466,2.688141756794812,22,0,56,Explotacion activa
57,1,GWO,poblacional,995.8619862548501,995.8619862548501,True,False,111.8178179108013,110.89370371319137,0.9241141976099243,110.89370371319137,560.8092492398466,2.6623925967162223,23,0,57,Explotacion activa
58,1,GWO,poblacional,995.8619862548501,995.8619862548501,True,False,111.81781791080175,110.89370371319137,0.924114197610379,110.89370371319137,560.8092492398466,2.661610624406103,24,0,58,Explotacion activa
59,1,GWO,poblacional,995.8619862548501,995.8619862548501,True,False,111.05537777273776,110.06479462114771,0.9905831515900445,110.89370371319137,560.8092492398466,2.660828652095984,25,0,59,Explotacion activa
60,1,GWO,poblacional,995.8619862548501,995.8619862548501,True,False,111.05537777273776,110.06479462114771,0.9905831515900445,110.89370371319137,560.8092492398466,2.6600466797858644,26,0,60,Explotacion activa
61,1,GWO,poblacional,995.8619862548501,995.8619862548501,True,False,111.05537777273776,110.06479462114771,0.9905831515900445,110.89370371319137,523.1857062215321,2.6401625358257204,27,0,61,Explotacion activa
62,1,GWO,poblacional,995.8619862548501,995.8619862548501,True,False,111.05537777273821,110.06479462114771,0.9905831515904993,110.89370371319137,485.56216320321744,2.6202783918655768,28,0,62,Explotacion activa
63,1,GWO,poblacional,995.8619862548501,995.8619862548501,True,False,0.00966666666670335,0.0,0.00966666666670335,110.89370371319137,447.9386201849029,2.6003942479054327,29,0,63,Explotacion activa
64,1,GWO,poblacional,995.8619862548501,995.8619862548501,True,False,0.00966666666670335,0.0,0.00966666666670335,110.89370371319137,435.3974391787982,2.5937661999185364,30,0,64,Explotacion activa
65,1,GWO,poblacional,995.8619862548501,995.8619862548501,True,False,0.00966666666670335,0.0,0.00966666666670335,110.89370371319137,435.3974391787981,2.5937661999182637,31,0,65,Explotacion activa
66,1,GWO,poblacional,995.8619862548501,995.8619862548501,True,False,0.00966666666670335,0.0,0.00966666666670335,110.89370371319137,435.397439178798,2.593766199917991,32,0,66,Explotacion activa
67,1,GWO,poblacional,995.8619862548501,995.8619862548501,True,False,0.00966666666670335,0.0,0.00966666666670335,110.89370371319137,435.3974391787978,2.5797245638849517,33,0,67,Explotacion activa
68,1,GWO,poblacional,995.8619862548501,995.8619862548501,True,False,0.00966666666670335,0.0,0.00966666666670335,110.89370371319137,435.3974391787977,2.5375996557863796,34,0,68,Explotacion activa
69,1,GWO,poblacional,995.8619862548501,995.8619862548501,True,False,0.00966666666670335,0.0,0.00966666666670335,110.89370371319137,435.3974391787975,2.495474747687808,35,0,69,Explotacion activa
70,1,GWO,poblacional,995.8619862548501,995.8619862548501,True,False,0.00966666666670335,0.0,0.00966666666670335,110.89370371319137,435.3974391787974,2.4533498395892366,36,0,70,Explotacion activa
71,1,GWO,poblacional,995.8619862548501,995.8619862548501,True,False,0.00966666666670335,0.0,0.00966666666670335,110.31346734876081,428.4189467549606,2.4533498395891002,37,0,71,Explotacion activa
72,1,GWO,poblacional,995.8619862548501,995.8619862548501,True,False,0.00966666666670335,0.0,0.00966666666670335,110.06479462114771,421.4404543311237,2.453349839588964,38,0,72,Explotacion activa
73,1,GWO,poblacional,995.8619862548501,995.8619862548501,True,False,0.00966666666670335,0.0,0.00966666666670335,110.06479462114771,414.4619619072869,2.453349839588827,39,0,73,Explotacion activa
74,1,GWO,poblacional,995.8619862548501,995.8619862548501,True,False,0.00966666666670335,0.0,0.00966666666670335,110.06479462114771,412.1357977660078,2.453349839588691,40,0,74,Explotacion activa
75,1,GWO,poblacional,995.8619862548501,995.8619862548501,True,False,0.00966666666670335,0.0,0.00966666666670335,110.06479462114771,412.1357977660075,2.4533498395885545,41,0,75,Explotacion activa
76,1,GWO,poblacional,995.8619862548501,995.8619862548501,True,False,0.00966666666670335,0.0,0.00966666666670335,88.05183569691805,412.1357977660072,2.453349839588418,42,0,76,Explotacion activa
77,1,GWO,poblacional,995.8619862548501,995.8619862548501,True,False,0.00966666666670335,0.0,0.00966666666670335,11.006479462114733,390.93540202055146,2.3471333146344464,43,0,77,Explotacion activa
78,1,GWO,poblacional,995.8619862548501,995.8619862548501,True,False,0.00966666666670335,0.0,0.00966666666670335,0.0,327.3342147841847,2.0284837397728035,44,0,78,Explotacion activa
79,1,GWO,poblacional,995.8619862548501,995.8619862548501,True,False,0.00966666666670335,0.0,0.00966666666670335,0.0,263.73302754781946,1.7098341649111686,45,0,79,Explotacion activa
80,1,GWO,poblacional,995.8619862548501,995.8619862548501,True,False,0.00966666666670335,0.0,0.00966666666670335,0.0,200.1318403114542,1.3911845900495337,46,0,80,Explotacion activa
81,1,GWO,poblacional,995.8619862548501,995.8619862548501,True,False,0.00966666666670335,0.0,0.00966666666670335,0.0,200.1318403114542,1.3911845900495337,47,0,81,Explotacion activa
82,1,GWO,poblacional,995.8619862548501,995.8619862548501,True,False,0.00966666666670335,0.0,0.00966666666670335,0.0,200.1318403114542,1.3911845900495337,48,0,82,Explotacion activa
83,1,GWO,poblacional,995.8619862548501,995.8619862548501,True,False,0.00966666666670335,0.0,0.00966666666670335,0.0,200.1318403114542,1.3911845900495337,49,0,83,Explotacion activa
84,1,GWO,poblacional,995.8619862548501,995.8619862548501,True,False,0.00966666666670335,0.0,0.00966666666670335,0.0,186.4037026445427,1.3130334474593826,50,0,84,Explotacion activa
85,1,GWO,poblacional,995.8619862548501,995.8619862548501,True,False,0.00966666666670335,0.0,0.00966666666670335,0.0,165.81149614417598,1.195806733574159,51,0,85,Explotacion activa
86,1,GWO,poblacional,995.8619862548501,995.8619862548501,True,False,0.00966666666670335,0.0,0.00966666666670335,0.0,145.21928964380874,1.0785800196889324,52,0,86,Explotacion activa
87,1,GWO,poblacional,992.0190867499252,992.0190867499252,True,False,3.8774856004692992,3.8428995049248442,0.03458609554445502,0.0,129.5238185702881,0.9994443045479556,0,0,87,Explotacion activa
88,1,GWO,poblacional,992.0190867499252,992.0190867499252,True,False,3.877485600469072,3.8428995049248442,0.034586095544227646,0.0,123.62181835045924,0.9964905868954701,1,0,88,Explotacion activa
89,1,GWO,poblacional,992.0190867499252,992.0190867499252,True,False,3.877485600469072,3.8428995049248442,0.034586095544227646,0.0,117.7198181306305,0.9935368692429847,2,0,89,Explotacion activa
90,1,GWO,poblacional,992.0190867499252,992.0190867499252,True,False,3.877485600469072,3.8428995049248442,0.034586095544227646,0.0,111.81781791080175,0.9905831515904993,3,0,90,Explotacion activa
91,1,GWO,poblacional,992.0190867499252,992.0190867499252,True,False,3.877485600469072,3.8428995049248442,0.034586095544227646,0.0,111.81781791080161,0.9905831515903628,4,0,91,Explotacion activa
92,1,GWO,poblacional,992.0190867499252,992.0190867499252,True,False,3.877485600469072,3.8428995049248442,0.034586095544227646,0.0,111.81781791080148,0.9905831515902264,5,0,92,Explotacion activa
93,1,GWO,poblacional,992.0190867499252,992.0190867499252,True,False,3.877485600469072,3.8428995049248442,0.034586095544227646,0.0,111.81781791080134,0.99058315159009,6,0,93,Explotacion activa
94,1,GWO,poblacional,992.0190867499252,992.0190867499252,True,False,3.877485600469072,3.8428995049248442,0.034586095544227646,0.0,111.81781791080121,0.9905831515900445,7,0,94,Explotacion activa
95,1,GWO,poblacional,992.0190867499252,992.0190867499252,True,False,3.877485600469072,3.8428995049248442,0.034586095544227646,0.0,111.81781791080107,0.9905831515900445,8,0,95,Explotacion activa
96,1,GWO,poblacional,992.0190867499252,992.0190867499252,True,False,3.877485600469072,3.8428995049248442,0.034586095544227646,0.0,111.81781791080093,0.9905831515900445,9,0,96,Explotacion activa
97,1,GWO,poblacional,992.0190867499252,992.0190867499252,True,False,3.877485600469072,3.8428995049248442,0.034586095544227646,0.0,111.81781791080084,0.9905831515900445,10,0,97,Explotacion activa
98,1,GWO,poblacional,992.0190867499252,992.0190867499252,True,False,3.877485600469072,3.8428995049248442,0.034586095544227646,0.0,111.81781791080084,0.9905831515900445,11,0,98,Explotacion activa
99,1,GWO,poblacional,992.0190867499252,992.0190867499252,True,False,3.877485600469072,3.8428995049248442,0.034586095544227646,0.0,111.81781791080084,0.9905831515900445,12,0,99,Explotacion activa
100,1,GWO,poblacional,992.0190867499252,992.0190867499252,True,False,3.877485600469072,3.8428995049248442,0.034586095544227646,0.0,111.81781791080084,0.9905831515900445,13,0,100,Explotacion activa
101,1,GWO,poblacional,992.0190867499252,992.0190867499252,True,False,3.877485600469072,3.8428995049248442,0.034586095544227646,0.0,111.81781791080084,0.9706424653961446,14,0,101,Explotacion activa
102,1,GWO,poblacional,992.0190867499252,992.0190867499252,True,False,3.877485600469072,3.8428995049248442,0.034586095544227646,0.0,111.81781791080084,0.9507017792022452,15,0,102,Explotacion activa
103,1,GWO,poblacional,992.0190867499252,992.0190867499252,True,False,3.877485600469072,3.8428995049248442,0.034586095544227646,0.0,111.81781791080084,0.9307610930083452,16,0,103,Explotacion activa
104,1,GWO,poblacional,992.0190867499252,992.0190867499252,True,False,3.877485600469072,3.8428995049248442,0.034586095544227646,0.0,111.81781791080084,0.9241141976102881,17,0,104,Explotacion activa
105,1,GWO,poblacional,992.0190867499252,992.0190867499252,True,False,3.877485600469072,3.8428995049248442,0.034586095544227646,0.0,111.81781791080084,0.9241141976101517,18,0,105,Explotacion activa
106,1,GWO,poblacional,992.0190867499252,992.0190867499252,True,False,3.877485600469072,3.8428995049248442,0.034586095544227646,0.0,111.81781791080084,0.9241141976100152,19,0,106,Explotacion activa
107,1,GWO,poblacional,992.0190867499252,992.0190867499252,True,False,3.877485600469072,3.8428995049248442,0.034586095544227646,0.3842899504924762,111.81781791080084,0.9241141976098788,20,0,107,Explotacion activa
108,1,GWO,poblacional,992.0190867499252,992.0190867499252,True,False,3.877485600469072,3.8428995049248442,0.034586095544227646,1.5371598019699322,111.81781791080084,0.9241141976097424,21,0,108,Explotacion activa
109,1,GWO,poblacional,992.0190867499252,992.0190867499252,True,False,3.877485600469072,3.8428995049248442,0.034586095544227646,2.690029653447388,111.81781791080084,0.924114197609606,22,0,109,Explotacion activa
110,1,GWO,poblacional,992.0190867499252,992.0190867499252,True,False,3.877485600469072,3.8428995049248442,0.034586095544227646,3.8428995049248442,111.81781791080084,0.9241141976094696,23,0,110,Explotacion activa
111,1,GWO,poblacional,992.0190867499252,992.0190867499252,True,False,3.877485600469072,3.8428995049248442,0.034586095544227646,3.8428995049248442,111.81781791080084,0.9241141976094696,24,0,111,Explotacion activa
112,1,GWO,poblacional,992.0190867499252,992.0190867499252,True,False,3.877485600469072,3.8428995049248442,0.034586095544227646,3.8428995049248442,111.81781791080084,0.9241141976094696,25,0,112,Explotacion activa
113,1,GWO,poblacional,992.0190867499252,992.0190867499252,True,False,3.877485600469072,3.8428995049248442,0.034586095544227646,3.8428995049248442,111.81781791080084,0.9241141976094696,26,0,113,Explotacion activa
114,1,GWO,poblacional,992.0190867499252,992.0190867499252,True,False,3.877485600469072,3.8428995049248442,0.034586095544227646,3.8428995049248442,111.81781791080084,0.9241141976094696,27,0,114,Explotacion activa
115,1,GWO,poblacional,992.0190867499252,992.0190867499252,True,False,3.877485600469072,3.8428995049248442,0.034586095544227646,3.8428995049248442,111.81781791080084,0.9241141976094696,28,0,115,Explotacion activa
116,1,GWO,poblacional,992.0190867499252,992.0190867499252,True,False,0.00966666666670335,0.0,0.00966666666670335,3.8428995049248442,111.81781791080084,0.9241141976094696,29,0,116,Explotacion activa
117,1,GWO,poblacional,992.0190867499252,992.0190867499252,True,False,0.00966666666670335,0.0,0.00966666666670335,3.8428995049248442,111.81781791080084,0.9241141976094696,30,0,117,Explotacion activa
118,1,GWO,poblacional,992.0190867499252,992.0190867499252,True,False,0.00966666666670335,0.0,0.00966666666670335,1.5371598019699322,111.81781791080084,0.9241141976094696,31,0,118,Explotacion activa
119,1,GWO,poblacional,992.0190867499252,992.0190867499252,True,False,0.00966666666670335,0.0,0.00966666666670335,0.0,111.81781791080084,0.9241141976094696,32,0,119,Explotacion activa
120,1,GWO,poblacional,992.0190867499252,992.0190867499252,True,False,0.00966666666670335,0.0,0.00966666666670335,0.0,111.81781791080084,0.9241141976094696,33,0,120,Explotacion activa
121,1,GWO,poblacional,992.0190867499252,992.0190867499252,True,False,0.00966666666670335,0.0,0.00966666666670335,0.0,111.81781791080084,0.9241141976094696,34,0,121,Explotacion activa
122,1,GWO,poblacional,992.0190867499252,992.0190867499252,True,False,0.00966666666670335,0.0,0.00966666666670335,0.0,111.81781791080084,0.9241141976094696,35,0,122,Explotacion activa
123,1,GWO,poblacional,992.0190867499252,992.0190867499252,True,False,0.00966666666670335,0.0,0.00966666666670335,0.0,111.81781791080084,0.9241141976094696,36,0,123,Explotacion activa
124,1,GWO,poblacional,992.0190867499252,992.0190867499252,True,False,0.00966666666670335,0.0,0.00966666666670335,0.0,111.6653298831883,0.9241141976094696,37,0,124,Explotacion activa
125,1,GWO,poblacional,992.0190867499252,992.0190867499252,True,False,0.00966666666670335,0.0,0.00966666666670335,0.0,111.43659784176953,0.9241141976094696,38,0,125,Explotacion activa
126,1,GWO,poblacional,992.0190867499252,992.0190867499252,True,False,0.00966666666670335,0.0,0.00966666666670335,0.0,111.20786580035073,0.9241141976094696,39,0,126,Explotacion activa
127,1,GWO,poblacional,992.0190867499252,992.0190867499252,True,False,0.00966666666670335,0.0,0.00966666666670335,0.0,111.05537777273817,0.9241141976094696,40,0,127,Explotacion activa
128,1,GWO,poblacional,992.0190867499252,992.0190867499252,True,False,0.00966666666670335,0.0,0.00966666666670335,0.0,111.05537777273803,0.9241141976094696,41,0,128,Explotacion activa
129,1,GWO,poblacional,992.0190867499252,992.0190867499252,True,False,0.00966666666670335,0.0,0.00966666666670335,0.0,111.0553777727379,0.9241141976094696,42,0,129,Explotacion activa
130,1,GWO,poblacional,992.0190867499252,992.0190867499252,True,False,0.00966666666670335,0.0,0.00966666666670335,0.0,111.05537777273776,0.9241141976094696,43,0,130,Explotacion activa
131,1,GWO,poblacional,992.0190867499252,992.0190867499252,True,False,0.00966666666670335,0.0,0.00966666666670335,0.0,111.05537777273776,0.9241141976094696,44,0,131,Explotacion activa
132,1,GWO,poblacional,992.0190867499252,992.0190867499252,True,False,0.00966666666670335,0.0,0.00966666666670335,0.0,111.05537777273776,0.9241141976094696,45,0,132,Explotacion activa
133,1,GWO,poblacional,992.0190867499252,992.0190867499252,True,False,0.00966666666670335,0.0,0.00966666666670335,0.0,111.05537777273776,0.9241141976094696,46,0,133,Explotacion activa
134,1,GWO,poblacional,992.0190867499252,992.0190867499252,True,False,0.00966666666670335,0.0,0.00966666666670335,0.0,111.05537777273776,0.9241141976094696,47,0,134,Explotacion activa
135,1,GWO,poblacional,992.0190867499252,992.0190867499252,True,False,0.00966666666670335,0.0,0.00966666666670335,0.0,111.05537777273776,0.9241141976094696,48,0,135,Explotacion activa
136,1,GWO,poblacional,992.0190867499252,992.0190867499252,True,False,0.00966666666670335,0.0,0.00966666666670335,0.0,111.05537777273776,0.9241141976094696,49,0,136,Explotacion activa
137,1,GWO,poblacional,992.0190867499252,992.0190867499252,True,False,0.00966666666670335,0.0,0.00966666666670335,0.0,100.33758855551,0.8351613874029605,50,0,137,Explotacion activa
138,1,GWO,poblacional,992.0190867499252,992.0190867499252,True,False,0.00966666666670335,0.0,0.00966666666670335,0.0,68.18422090382975,0.5683029567834588,51,0,138,Explotacion activa
139,1,GWO,poblacional,992.0190867499252,992.0190867499252,True,False,0.00966666666670335,0.0,0.00966666666670335,0.0,36.030853252149534,0.30144452616395684,52,0,139,Explotacion activa
140,1,GWO,poblacional,992.0190867499252,992.0190867499252,True,False,0.00966666666670335,0.0,0.00966666666670335,0.0,3.8774856004692992,0.03458609554445502,53,0,140,Explotacion activa
141,1,GWO,poblacional,992.0190867499252,992.0190867499252,True,False,0.00966666666670335,0.0,0.00966666666670335,0.0,3.877485600469231,0.03458609554438681,54,0,141,Explotacion activa
142,1,GWO,poblacional,992.0190867499252,992.0190867499252,True,False,0.00966666666670335,0.0,0.00966666666670335,0.0,3.877485600469163,0.034586095544318594,55,0,142,Explotacion activa
143,1,GWO,poblacional,992.0190867499252,992.0190867499252,True,False,0.00966666666670335,0.0,0.00966666666670335,0.0,3.8774856004690945,0.034586095544250385,56,0,143,Explotacion activa
144,1,GWO,poblacional,992.0190867499252,992.0190867499252,True,False,0.00966666666670335,0.0,0.00966666666670335,0.0,3.877485600469072,0.034586095544227646,57,0,144,Explotacion activa
145,1,GWO,poblacional,992.0190867499252,992.0190867499252,True,False,0.00966666666670335,0.0,0.00966666666670335,0.0,3.877485600469072,0.034586095544227646,58,0,145,Explotacion activa
146,1,GWO,poblacional,992.0190867499252,992.0190867499252,True,False,0.00966666666670335,0.0,0.00966666666670335,0.0,3.877485600469072,0.034586095544227646,59,0,146,Explotacion activa
147,1,GWO,poblacional,992.0190867499252,992.0190867499252,True,False,0.00966666666670335,0.0,0.00966666666670335,0.0,3.877485600469072,0.034586095544227646,60,0,147,Explotacion activa
148,1,GWO,poblacional,992.0190867499252,992.0190867499252,True,False,0.00966666666670335,0.0,0.00966666666670335,0.0,3.877485600469072,0.034586095544227646,61,0,148,Explotacion activa
149,1,GWO,poblacional,992.0190867499252,992.0190867499252,True,False,0.00966666666670335,0.0,0.00966666666670335,0.0,3.877485600469072,0.034586095544227646,62,0,149,Explotacion activa
150,1,GWO,poblacional,992.0190867499252,992.0190867499252,True,False,0.00966666666670335,0.0,0.00966666666670335,0.0,3.877485600469072,0.034586095544227646,63,0,150,Explotacion activa
151,1,GWO,poblacional,992.0190867499252,992.0190867499252,True,False,0.00966666666670335,0.0,0.00966666666670335,0.0,3.877485600469072,0.034586095544227646,64,0,151,Explotacion activa
152,1,GWO,poblacional,992.0190867499252,992.0190867499252,True,False,0.00966666666670335,0.0,0.00966666666670335,0.0,3.877485600469072,0.034586095544227646,65,0,152,Explotacion activa
153,1,GWO,poblacional,992.0190867499252,992.0190867499252,True,False,0.00966666666670335,0.0,0.00966666666670335,0.0,3.877485600469072,0.034586095544227646,66,0,153,Explotacion activa
154,1,GWO,poblacional,992.0190867499252,992.0190867499252,True,False,0.00966666666670335,0.0,0.00966666666670335,0.0,3.877485600469072,0.034586095544227646,67,0,154,Explotacion activa
155,1,GWO,poblacional,992.0190867499252,992.0190867499252,True,False,0.00966666666670335,0.0,0.00966666666670335,0.0,3.877485600469072,0.034586095544227646,68,0,155,Explotacion activa
156,1,GWO,poblacional,992.0190867499252,992.0190867499252,True,False,0.00966666666670335,0.0,0.00966666666670335,0.0,3.877485600469072,0.034586095544227646,69,0,156,Explotacion activa
157,1,GWO,poblacional,992.0190867499252,992.0190867499252,True,False,0.00966666666670335,0.0,0.00966666666670335,0.0,3.877485600469072,0.034586095544227646,70,0,157,Explotacion activa
158,1,GWO,poblacional,992.0190867499252,992.0190867499252,True,False,0.00966666666670335,0.0,0.00966666666670335,0.0,3.877485600469072,0.034586095544227646,71,0,158,Explotacion activa
159,1,GWO,poblacional,992.0190867499252,992.0190867499252,True,False,0.00966666666670335,0.0,0.00966666666670335,0.0,3.877485600469072,0.034586095544227646,72,0,159,Explotacion activa
160,1,GWO,poblacional,992.0190867499252,992.0190867499252,True,False,0.00966666666670335,0.0,0.00966666666670335,0.0,3.877485600469072,0.034586095544227646,73,0,160,Explotacion activa
161,1,GWO,poblacional,990.2412841168036,990.2412841168036,True,False,1.7938028568197524,1.7778026331216097,0.01600022369814269,0.0,3.877485600469072,0.034586095544227646,0,0,161,Explotacion activa
162,1,GWO,poblacional,990.2412841168036,990.2412841168036,True,False,1.793802856819525,1.7778026331216097,0.016000223697915317,0.0,3.877485600469072,0.034586095544227646,1,0,162,Explotacion activa
163,1,GWO,poblacional,990.2412841168036,990.2412841168036,True,False,1.793802856819525,1.7778026331216097,0.016000223697915317,0.0,3.877485600469072,0.034586095544227646,2,0,163,Explotacion activa
164,1,GWO,poblacional,990.2412841168036,990.2412841168036,True,False,1.793802856819525,1.7778026331216097,0.016000223697915317,0.0,3.877485600469072,0.034586095544227646,3,0,164,Explotacion activa
165,1,GWO,poblacional,990.2412841168036,990.2412841168036,True,False,1.793802856819525,1.7778026331216097,0.016000223697915317,0.0,3.877485600469072,0.034586095544227646,4,0,165,Explotacion activa
166,1,GWO,poblacional,990.2412841168036,990.2412841168036,True,False,1.793802856819525,1.7778026331216097,0.016000223697915317,0.0,3.877485600469072,0.034586095544227646,5,0,166,Explotacion activa
167,1,GWO,poblacional,990.2412841168036,990.2412841168036,True,False,1.793802856819525,1.7778026331216097,0.016000223697915317,0.0,3.877485600469072,0.034586095544227646,6,0,167,Explotacion activa
168,1,GWO,poblacional,990.2412841168036,990.2412841168036,True,False,1.793802856819525,1.7778026331216097,0.016000223697915317,0.0,3.877485600469072,0.034586095544227646,7,0,168,Explotacion activa
169,1,GWO,poblacional,990.2412841168036,990.2412841168036,True,False,1.793802856819525,1.7778026331216097,0.016000223697915317,0.0,3.877485600469072,0.034586095544227646,8,0,169,Explotacion activa
170,1,GWO,poblacional,990.2412841168036,990.2412841168036,True,False,1.793802856819525,1.7778026331216097,0.016000223697915317,0.0,3.877485600469072,0.034586095544227646,9,0,170,Explotacion activa
171,1,GWO,poblacional,985.5668074976101,985.5668074976101,True,False,6.506048246084333,6.452279252315179,0.053768993769153894,0.0,3.877485600469072,0.034586095544227646,0,0,171,Explotacion activa
172,1,GWO,poblacional,981.0291061337296,981.0291061337296,True,False,11.074237134253053,10.98998061619568,0.08425651805737289,0.0,3.877485600469072,0.034586095544227646,0,0,172,Explotacion activa
173,1,GWO,poblacional,981.0291061337296,981.0291061337296,True,False,11.074237134253053,10.98998061619568,0.08425651805737289,0.0,3.877485600469072,0.034586095544227646,1,0,173,Explotacion activa
174,1,GWO,poblacional,981.0291061337296,981.0291061337296,True,False,11.074237134253053,10.98998061619568,0.08425651805737289,0.0,3.877485600469072,0.034586095544227646,2,0,174,Explotacion activa
175,1,GWO,poblacional,981.0291061337296,981.0291061337296,True,False,11.074237134253053,10.98998061619568,0.08425651805737289,0.0,3.877485600469072,0.034586095544227646,3,0,175,Explotacion activa
176,1,GWO,poblacional,981.0291061337296,981.0291061337296,True,False,11.074237134253053,10.98998061619568,0.08425651805737289,0.0,3.877485600469072,0.034586095544227646,4,0,176,Explotacion activa
177,1,GWO,poblacional,981.0291061337296,981.0291061337296,True,False,11.074237134253053,10.98998061619568,0.08425651805737289,0.0,3.877485600469072,0.034586095544227646,5,0,177,Explotacion activa
178,1,GWO,poblacional,981.0291061337296,981.0291061337296,True,False,11.074237134253053,10.98998061619568,0.08425651805737289,0.0,3.877485600469072,0.034586095544227646,6,0,178,Explotacion activa
179,1,GWO,poblacional,981.0291061337296,981.0291061337296,True,False,11.074237134253053,10.98998061619568,0.08425651805737289,0.0,3.877485600469072,0.034586095544227646,7,0,179,Explotacion activa
180,1,GWO,poblacional,981.0291061337296,981.0291061337296,True,False,11.074237134253053,10.98998061619568,0.08425651805737289,0.0,3.877485600469072,0.034586095544227646,8,0,180,Explotacion activa
181,1,GWO,poblacional,981.0291061337296,981.0291061337296,True,False,11.074237134253053,10.98998061619568,0.08425651805737289,0.0,3.877485600469072,0.034586095544227646,9,0,181,Explotacion activa
182,1,GWO,poblacional,981.0291061337296,981.0291061337296,True,False,11.074237134253053,10.98998061619568,0.08425651805737289,0.0,3.877485600469163,0.034586095544318594,10,0,182,Explotacion activa
183,1,GWO,poblacional,981.0291061337296,981.0291061337296,True,False,11.074237134253053,10.98998061619568,0.08425651805737289,0.0,4.140341865030788,0.036504385366924796,11,0,183,Explotacion activa
184,1,GWO,poblacional,974.2622668673625,974.2622668673625,True,False,17.88111762174026,17.756819882562695,0.12429773917756393,0.0,5.980335716961319,0.049932414124214064,0,0,184,Explotacion activa
185,1,GWO,poblacional,974.2622668673625,974.2622668673625,True,False,17.88111762174026,17.756819882562695,0.12429773917756393,0.0,8.790142690168693,0.06901275591326339,1,0,185,Explotacion activa
186,1,GWO,poblacional,974.2622668673625,974.2622668673625,True,False,17.88111762174026,17.756819882562695,0.12429773917756393,0.0,11.074237134253053,0.08425651805737289,2,0,186,Explotacion activa
187,1,GWO,poblacional,974.2622668673625,974.2622668673625,True,False,17.88111762174026,17.756819882562695,0.12429773917756393,0.0,11.074237134253053,0.08425651805737289,3,0,187,Explotacion activa
188,1,GWO,poblacional,974.2622668673625,974.2622668673625,True,False,17.881117621740486,17.756819882562695,0.1242977391777913,0.0,11.074237134253053,0.08425651805737289,4,0,188,Explotacion activa
189,1,GWO,poblacional,974.2622668673625,974.2622668673625,True,False,17.881117621740486,17.756819882562695,0.1242977391777913,0.0,11.074237134253053,0.08425651805737289,5,0,189,Explotacion activa
190,1,GWO,poblacional,974.2622668673625,974.2622668673625,True,False,16.10152304835333,15.979017249441085,0.12250579891224334,0.0,11.074237134253053,0.08425651805737289,6,0,190,Explotacion activa
191,1,GWO,poblacional,974.2622668673625,974.2622668673625,True,False,16.10152304835333,15.979017249441085,0.12250579891224334,0.0,11.074237134253053,0.08425651805737289,7,0,191,Explotacion activa
192,1,GWO,poblacional,974.2622668673625,974.2622668673625,True,False,16.10152304835333,15.979017249441085,0.12250579891224334,0.0,11.074237134253053,0.08425651805737289,8,0,192,Explotacion activa
193,1,GWO,poblacional,974.2622668673625,974.2622668673625,True,False,16.10152304835333,15.979017249441085,0.12250579891224334,0.0,11.074237134253053,0.08425651805737289,9,0,193,Explotacion activa
194,1,GWO,poblacional,974.2622668673625,974.2622668673625,True,False,16.10152304835333,15.979017249441085,0.12250579891224334,0.0,11.074237134253053,0.08425651805737289,10,0,194,Explotacion activa
195,1,GWO,poblacional,974.2622668673625,974.2622668673625,True,False,16.10152304835333,15.979017249441085,0.12250579891224334,0.0,11.074237134253053,0.08425651805737289,11,0,195,Explotacion activa
196,1,GWO,poblacional,974.2622668673625,974.2622668673625,True,False,16.10152304835333,15.979017249441085,0.12250579891224334,0.0,11.074237134253053,0.08425651805737289,12,0,196,Explotacion activa
197,1,GWO,poblacional,974.2622668673625,974.2622668673625,True,False,16.10152304835333,15.979017249441085,0.12250579891224334,0.0,11.074237134253053,0.08425651805737289,13,0,197,Explotacion activa
198,1,GWO,poblacional,974.2622668673625,974.2622668673625,True,False,16.10152304835333,15.979017249441085,0.12250579891224334,0.0,11.074237134253053,0.08425651805737289,14,0,198,Explotacion activa
199,1,GWO,poblacional,974.2622668673625,974.2622668673625,True,False,16.10152304835333,15.979017249441085,0.12250579891224334,0.0,11.074237134253053,0.08425651805737289,15,0,199,Explotacion activa
200,1,GWO,poblacional,974.2622668673625,974.2622668673625,True,False,11.39874513549978,11.304540630247516,0.09420450525226443,0.0,11.074237134253053,0.08425651805737289,16,0,200,Explotacion activa
201,1,GWO,poblacional,972.3360696081821,972.3360696081821,True,False,8.765478496593573,8.693036525547427,0.07244197104614614,0.0,11.074237134253053,0.08425651805737289,0,0,201,Explotacion activa
202,1,GWO,poblacional,972.3360696081821,972.3360696081821,True,False,8.765478496593346,8.693036525547427,0.07244197104591876,0.0,11.074237134253053,0.08425651805737289,1,0,202,Explotacion activa
203,1,GWO,poblacional,972.3360696081821,972.3360696081821,True,False,8.765478496593346,8.693036525547427,0.07244197104591876,0.0,11.074237134253053,0.08425651805737289,2,0,203,Explotacion activa
204,1,GWO,poblacional,972.3360696081821,972.3360696081821,True,False,8.765478496593346,8.693036525547427,0.07244197104591876,0.0,11.074237134253053,0.08425651805737289,3,0,204,Explotacion activa
205,1,GWO,poblacional,972.3360696081821,972.3360696081821,True,False,8.765478496593346,8.693036525547427,0.07244197104591876,0.0,11.074237134253053,0.08425651805737289,4,0,205,Explotacion activa
206,1,GWO,poblacional,972.3360696081821,972.3360696081821,True,False,8.765478496593346,8.693036525547427,0.07244197104591876,0.0,11.074237134253053,0.08425651805737289,5,0,206,Explotacion activa
207,1,GWO,poblacional,972.3360696081821,972.3360696081821,True,False,8.765478496593346,8.693036525547427,0.07244197104591876,0.0,11.074237134253053,0.08425651805737289,6,0,207,Explotacion activa
208,1,GWO,poblacional,972.3360696081821,972.3360696081821,True,False,8.765478496593346,8.693036525547427,0.07244197104591876,0.0,11.074237134253053,0.08425651805737289,7,0,208,Explotacion activa
209,1,GWO,poblacional,972.3360696081821,972.3360696081821,True,False,8.765478496593346,8.693036525547427,0.07244197104591876,0.0,11.074237134253053,0.08425651805737289,8,0,209,Explotacion activa
210,1,GWO,poblacional,972.3360696081821,972.3360696081821,True,False,8.765478496593346,8.693036525547427,0.07244197104591876,0.0,11.074237134253053,0.08425651805737289,9,0,210,Explotacion activa
211,1,GWO,poblacional,972.3360696081821,972.3360696081821,True,False,8.765478496593573,8.693036525547427,0.07244197104614614,0.0,11.074237134253053,0.08425651805737289,10,0,211,Explotacion activa
212,1,GWO,poblacional,972.3360696081821,972.3360696081821,True,False,8.7654784965938,8.693036525547427,0.07244197104637351,0.0,11.074237134253053,0.08425651805737289,11,0,212,Explotacion activa
213,1,GWO,poblacional,972.3360696081821,972.3360696081821,True,False,1.943533034512825,1.9261972591804124,0.017335775332412595,0.0,11.074237134253053,0.08425651805737289,12,0,213,Explotacion activa
214,1,GWO,poblacional,972.3360696081821,972.3360696081821,True,False,1.943533034512825,1.9261972591804124,0.017335775332412595,0.0,11.074237134253053,0.08425651805737289,13,0,214,Explotacion activa
215,1,GWO,poblacional,972.3360696081821,972.3360696081821,True,False,1.943533034512825,1.9261972591804124,0.017335775332412595,0.0,11.074237134253053,0.08425651805737289,14,0,215,Explotacion activa
216,1,GWO,poblacional,972.3360696081821,972.3360696081821,True,False,1.943533034512825,1.9261972591804124,0.017335775332412595,0.0,11.074237134253053,0.08425651805737289,15,0,216,Explotacion activa
217,1,GWO,poblacional,972.3360696081821,972.3360696081821,True,False,1.943533034512825,1.9261972591804124,0.017335775332412595,0.0,11.074237134253053,0.08425651805737289,16,0,217,Explotacion activa
218,1,GWO,poblacional,972.3360696081821,972.3360696081821,True,False,1.943533034512825,1.9261972591804124,0.017335775332412595,0.0,11.074237134253053,0.08425651805737289,17,0,218,Explotacion activa
219,1,GWO,poblacional,972.3360696081821,972.3360696081821,True,False,1.943533034512825,1.9261972591804124,0.017335775332412595,0.0,11.074237134253053,0.08425651805737289,18,0,219,Explotacion activa
220,1,GWO,poblacional,972.3360696081821,972.3360696081821,True,False,1.943533034512825,1.9261972591804124,0.017335775332412595,0.0,11.074237134253053,0.08425651805737289,19,0,220,Explotacion activa
221,1,GWO,poblacional,966.3434001133007,966.3434001133007,True,False,7.984857310345433,7.91886675406181,0.06599055628362294,0.0,11.074237134253053,0.08425651805737289,0,0,221,Explotacion activa
222,1,GWO,poblacional,966.3434001133007,966.3434001133007,True,False,7.984857310345433,7.91886675406181,0.06599055628362294,0.0,11.074237134253053,0.08425651805737289,1,0,222,Explotacion activa
223,1,GWO,poblacional,966.3434001133007,966.3434001133007,True,False,7.984857310345433,7.91886675406181,0.06599055628362294,0.0,11.074237134253053,0.08425651805737289,2,0,223,Explotacion activa
224,1,GWO,poblacional,966.3434001133007,966.3434001133007,True,False,7.984857310345433,7.91886675406181,0.06599055628362294,0.0,11.074237134253053,0.08425651805737289,3,0,224,Explotacion activa
225,1,GWO,poblacional,966.3434001133007,966.3434001133007,True,False,7.984857310345433,7.91886675406181,0.06599055628362294,0.0,11.074237134253053,0.08425651805737289,4,0,225,Explotacion activa
226,1,GWO,poblacional,966.3434001133007,966.3434001133007,True,False,7.984857310345433,7.91886675406181,0.06599055628362294,0.0,11.074237134253053,0.08425651805737289,5,0,226,Explotacion activa
227,1,GWO,poblacional,966.3434001133007,966.3434001133007,True,False,7.984857310345433,7.91886675406181,0.06599055628362294,0.0,11.074237134253053,0.08425651805737289,6,0,227,Explotacion activa
228,1,GWO,poblacional,966.3434001133007,966.3434001133007,True,False,7.984857310345433,7.91886675406181,0.06599055628362294,0.0,11.074237134253053,0.08425651805737289,7,0,228,Explotacion activa
229,1,GWO,poblacional,966.3434001133007,966.3434001133007,True,False,7.9848573103458875,7.91886675406181,0.06599055628407768,0.0,11.074237134253053,0.08425651805737289,8,0,229,Explotacion activa
230,1,GWO,poblacional,956.3723814854167,956.3723814854167,True,False,16.0967188571218,15.963688122765461,0.13303073435633905,0.0,11.074237134253053,0.08425651805737289,0,0,230,Explotacion activa
231,1,GWO,poblacional,956.3723814854167,956.3723814854167,True,False,16.096718857121573,15.963688122765461,0.13303073435611168,0.0,11.074237134253053,0.08425651805737289,1,0,231,Explotacion activa
232,1,GWO,poblacional,956.3723814854167,956.3723814854167,True,False,16.096718857121573,15.963688122765461,0.13303073435611168,0.0,11.074237134253053,0.08425651805737289,2,0,232,Explotacion activa
233,1,GWO,poblacional,956.3723814854167,956.3723814854167,True,False,16.096718857121573,15.963688122765461,0.13303073435611168,0.0,11.074237134253053,0.08425651805737289,3,0,233,Explotacion activa
234,1,GWO,poblacional,956.3723814854167,956.3723814854167,True,False,16.096718857121573,15.963688122765461,0.13303073435611168,0.0,11.074237134253053,0.08425651805737289,4,0,234,Explotacion activa
235,1,GWO,poblacional,956.3723814854167,956.3723814854167,True,False,16.096718857121573,15.963688122765461,0.13303073435611168,0.0,11.074237134253053,0.08425651805737289,5,0,235,Explotacion activa
236,1,GWO,poblacional,956.3723814854167,956.3723814854167,True,False,16.0967188571218,15.963688122765461,0.13303073435633905,0.0,11.074237134253053,0.08425651805737289,6,0,236,Explotacion activa
237,1,GWO,poblacional,956.3723814854167,956.3723814854167,True,False,16.096718857121573,15.963688122765461,0.13303073435611168,0.0,11.074237134253053,0.08425651805737289,7,0,237,Explotacion activa
238,1,GWO,poblacional,956.3723814854167,956.3723814854167,True,False,16.096718857121573,15.963688122765461,0.13303073435611168,0.0,11.074237134253053,0.08425651805737289,8,0,238,Explotacion activa
239,1,GWO,poblacional,956.3723814854167,956.3723814854167,True,False,16.096718857121573,15.963688122765461,0.13303073435611168,0.0,11.074237134253053,0.08425651805737289,9,0,239,Explotacion activa
240,1,GWO,poblacional,956.3723814854167,956.3723814854167,True,False,16.096718857121573,15.963688122765461,0.13303073435611168,0.0,11.074237134253053,0.08425651805737289,10,0,240,Explotacion activa
241,1,GWO,poblacional,956.3723814854167,956.3723814854167,True,False,16.096718857121573,15.963688122765461,0.13303073435611168,0.0,11.074237134253053,0.08425651805737289,11,0,241,Explotacion activa
242,1,GWO,poblacional,956.3723814854167,956.3723814854167,True,False,16.096718857121573,15.963688122765461,0.13303073435611168,0.0,11.074237134253053,0.08425651805737289,12,0,242,Explotacion activa
243,1,GWO,poblacional,956.3723814854167,956.3723814854167,True,False,16.096718857121573,15.963688122765461,0.13303073435611168,0.0,11.106687934377725,0.08525131677686199,13,0,243,Explotacion activa
244,1,GWO,poblacional,956.3723814854167,956.3723814854167,True,False,16.096718857121573,15.963688122765461,0.13303073435611168,0.0,11.333843535250429,0.09221490781328595,14,0,244,Explotacion activa
245,1,GWO,poblacional,956.3723814854167,956.3723814854167,True,False,16.096718857121573,15.963688122765461,0.13303073435611168,0.0,13.747731996310677,0.10835515208225388,15,0,245,Explotacion activa
246,1,GWO,poblacional,956.3723814854167,956.3723814854167,True,False,16.096718857121573,15.963688122765461,0.13303073435611168,0.0,16.096718857121573,0.12250579891224334,16,0,246,Explotacion activa
247,1,GWO,poblacional,956.3723814854167,956.3723814854167,True,False,16.0967188571218,15.963688122765461,0.13303073435633905,0.0,16.096718857121573,0.12250579891224334,17,0,247,Explotacion activa
248,1,GWO,poblacional,956.3723814854167,956.3723814854167,True,False,16.0967188571218,15.963688122765461,0.13303073435633905,0.0,16.096718857121573,0.12250579891224334,18,0,248,Explotacion activa
249,1,GWO,poblacional,952.911485925621,952.911485925621,True,False,19.573505490793764,19.424583682561092,0.14892180823267154,0.0,16.096718857121573,0.12250579891224334,0,0,249,Explotacion activa
250,1,GWO,poblacional,952.911485925621,952.911485925621,True,False,13.543846805910334,13.431914187679695,0.11193261823063949,0.0,16.096718857121573,0.12250579891224334,1,0,250,Explotacion activa
251,1,GWO,poblacional,952.911485925621,952.911485925621,True,False,13.543846805910334,13.431914187679695,0.11193261823063949,0.0,16.096718857121573,0.12250579891224334,2,0,251,Explotacion activa
252,1,GWO,poblacional,952.911485925621,952.911485925621,True,False,13.543846805910334,13.431914187679695,0.11193261823063949,0.0,16.096718857121573,0.12250579891224334,3,0,252,Explotacion activa
253,1,GWO,poblacional,952.911485925621,952.911485925621,True,False,13.543846805910334,13.431914187679695,0.11193261823063949,0.0,16.096718857121573,0.12250579891224334,4,0,253,Explotacion activa
254,1,GWO,poblacional,952.911485925621,952.911485925621,True,False,13.543846805910334,13.431914187679695,0.11193261823063949,0.0,16.096718857121573,0.12250579891224334,5,0,254,Explotacion activa
255,1,GWO,poblacional,947.4212968980838,947.4212968980838,True,False,19.067172673199934,18.922103215216907,0.14506945798302695,0.0,16.096718857121573,0.12250579891224334,0,0,255,Explotacion activa
256,1,GWO,poblacional,947.4212968980838,947.4212968980838,True,False,19.06717267320016,18.922103215216907,0.14506945798325432,0.0,16.096718857121573,0.12250579891224334,1,0,256,Explotacion activa
257,1,GWO,poblacional,947.4212968980838,947.4212968980838,True,False,19.06717267320016,18.922103215216907,0.14506945798325432,0.17778026331215085,16.096718857121573,0.12250579891224334,2,0,257,Explotacion activa
258,1,GWO,poblacional,947.4212968980838,947.4212968980838,True,False,19.06717267320016,18.922103215216907,0.14506945798325432,0.7111210532486287,16.096718857121573,0.12250579891224334,3,0,258,Explotacion activa
259,1,GWO,poblacional,947.4212968980838,947.4212968980838,True,False,9.025676958893882,8.951084587332844,0.07459237156103882,1.2444618431851318,16.096718857121573,0.12250579891224334,4,0,259,Explotacion activa
260,1,GWO,poblacional,947.4212968980838,947.4212968980838,True,False,9.025676958893882,8.951084587332844,0.07459237156103882,1.7778026331216097,16.096718857121573,0.12250579891224334,5,0,260,Explotacion activa
261,1,GWO,poblacional,947.4212968980838,947.4212968980838,True,False,9.025676958893882,8.951084587332844,0.07459237156103882,1.7778026331216097,16.096718857121573,0.12250579891224334,6,0,261,Explotacion activa
262,1,GWO,poblacional,947.4212968980838,947.4212968980838,True,False,9.025676958893882,8.951084587332844,0.07459237156103882,1.7778026331216097,16.096718857121573,0.12250579891224334,7,0,262,Explotacion activa
263,1,GWO,poblacional,947.4212968980838,947.4212968980838,True,False,9.025676958893882,8.951084587332844,0.07459237156103882,1.7778026331216097,16.096718857121573,0.12250579891224334,8,0,263,Explotacion activa
264,1,GWO,poblacional,947.4212968980838,947.4212968980838,True,False,9.025676958893882,8.951084587332844,0.07459237156103882,1.7778026331216097,16.096718857121573,0.12250579891224334,9,0,264,Explotacion activa
265,1,GWO,poblacional,947.4212968980838,947.4212968980838,True,False,9.025676958893882,8.951084587332844,0.07459237156103882,1.7778026331216097,16.096718857121573,0.12250579891224334,10,0,265,Explotacion activa
266,1,GWO,poblacional,947.4212968980838,947.4212968980838,True,False,9.025676958893882,8.951084587332844,0.07459237156103882,1.7778026331216097,16.096718857121573,0.12250579891224334,11,0,266,Explotacion activa
267,1,GWO,poblacional,947.4212968980838,947.4212968980838,True,False,9.025676958893882,8.951084587332844,0.07459237156103882,1.7778026331216097,16.096718857121573,0.12250579891224334,12,0,267,Explotacion activa
268,1,GWO,poblacional,947.4212968980838,947.4212968980838,True,False,9.025676958893882,8.951084587332844,0.07459237156103882,1.7778026331216097,16.096718857121573,0.12250579891224334,13,0,268,Explotacion activa
269,1,GWO,poblacional,947.4212968980838,947.4212968980838,True,False,9.025676958893882,8.951084587332844,0.07459237156103882,1.7778026331216097,16.096718857121573,0.12250579891224334,14,0,269,Explotacion activa
270,1,GWO,poblacional,947.4212968980838,947.4212968980838,True,False,9.025676958893882,8.951084587332844,0.07459237156103882,1.7778026331216097,16.096718857121573,0.12250579891224334,15,0,270,Explotacion activa
271,1,GWO,poblacional,943.1294476676509,943.1294476676509,True,False,13.344462977035278,13.242933817765788,0.10152915926948936,1.7778026331216097,15.330857241758173,0.11933384470776207,0,0,271,Explotacion activa
272,1,GWO,poblacional,943.1294476676509,943.1294476676509,True,False,13.34446297703505,13.242933817765788,0.10152915926926198,1.7778026331216097,14.564995626394772,0.1161618905032808,1,0,272,Explotacion activa
273,1,GWO,poblacional,943.1294476676509,943.1294476676509,True,False,13.34446297703505,13.242933817765788,0.10152915926926198,1.7778026331216097,13.799134011031443,0.11298993629879982,2,0,273,Explotacion activa
274,1,GWO,poblacional,943.1294476676509,943.1294476676509,True,False,13.34446297703505,13.242933817765788,0.10152915926926198,1.7778026331216097,13.543846805910334,0.11193261823063949,3,0,274,Explotacion activa
275,1,GWO,poblacional,943.1294476676509,943.1294476676509,True,False,13.34446297703505,13.242933817765788,0.10152915926926198,1.7778026331216097,13.543846805910334,0.11193261823063949,4,0,275,Explotacion activa
276,1,GWO,poblacional,943.1294476676509,943.1294476676509,True,False,13.34446297703505,13.242933817765788,0.10152915926926198,1.7778026331216097,13.543846805910334,0.11193261823063949,5,0,276,Explotacion activa
277,1,GWO,poblacional,943.1294476676509,943.1294476676509,True,False,13.344462977035278,13.242933817765788,0.10152915926948936,1.7778026331216097,13.543846805910334,0.11193261823063949,6,0,277,Explotacion activa
278,1,GWO,poblacional,943.1294476676509,943.1294476676509,True,False,9.86355524345322,9.782038257970157,0.08151698548306285,1.7778026331216097,13.543846805910334,0.11193261823063949,7,0,278,Explotacion activa
279,1,GWO,poblacional,943.1294476676509,943.1294476676509,True,False,9.86355524345322,9.782038257970157,0.08151698548306285,1.7778026331216097,13.543846805910334,0.11193261823063949,8,0,279,Explotacion activa
280,1,GWO,poblacional,943.1294476676509,943.1294476676509,True,False,9.86355524345322,9.782038257970157,0.08151698548306285,1.7778026331216097,13.543846805910334,0.11193261823063949,9,0,280,Explotacion activa
281,1,GWO,poblacional,943.1294476676509,943.1294476676509,True,False,9.86355524345322,9.782038257970157,0.08151698548306285,1.7778026331216097,13.543846805910334,0.11193261823063949,10,0,281,Explotacion activa
282,1,GWO,poblacional,943.1294476676509,943.1294476676509,True,False,9.86355524345322,9.782038257970157,0.08151698548306285,1.7778026331216097,13.543846805910334,0.11193261823063949,11,0,282,Explotacion activa
283,1,GWO,poblacional,943.1294476676509,943.1294476676509,True,False,9.86355524345322,9.782038257970157,0.08151698548306285,1.7778026331216097,13.543846805910334,0.11193261823063949,12,0,283,Explotacion activa
284,1,GWO,poblacional,943.1294476676509,943.1294476676509,True,False,4.330475873506771,4.291849230432945,0.03862664307382602,1.7778026331216097,13.543846805910334,0.11193261823063949,13,0,284,Explotacion activa
285,1,GWO,poblacional,943.1294476676509,943.1294476676509,True,False,4.330475873506771,4.291849230432945,0.03862664307382602,1.7778026331216097,13.543846805910334,0.11193261823063949,14,0,285,Explotacion activa
286,1,GWO,poblacional,943.1294476676509,943.1294476676509,True,False,4.330475873506771,4.291849230432945,0.03862664307382602,1.7778026331216097,13.543846805910334,0.11193261823063949,15,0,286,Explotacion activa
287,1,GWO,poblacional,943.1294476676509,943.1294476676509,True,False,4.330475873506771,4.291849230432945,0.03862664307382602,1.7778026331216097,13.523908423022824,0.11089227233452424,16,0,287,Explotacion activa
288,1,GWO,poblacional,943.1190608730709,943.1190608730709,True,False,4.338087991887846,4.302236025012917,0.03585196687492953,1.7778026331216097,13.46409327436031,0.10777123464617938,0,0,288,Explotacion activa
289,1,GWO,poblacional,943.1190608730709,943.1190608730709,True,False,4.338087991887846,4.302236025012917,0.03585196687492953,1.7778026331216097,13.404278125697791,0.10465019695783422,1,0,289,Explotacion activa
290,1,GWO,poblacional,943.1190608730709,943.1190608730709,True,False,4.338087991887846,4.302236025012917,0.03585196687492953,1.7778026331216097,13.344462977035278,0.10152915926948936,2,0,290,Explotacion activa
291,1,GWO,poblacional,943.1190608730709,943.1190608730709,True,False,4.338087991887846,4.302236025012917,0.03585196687492953,1.82232102093925,13.344462977035278,0.10152915926948936,3,0,291,Explotacion activa
292,1,GWO,poblacional,943.1190608730709,943.1190608730709,True,False,4.338087991887846,4.302236025012917,0.03585196687492953,1.8668394087568905,13.344462977035278,0.10152915926948936,4,0,292,Explotacion activa
293,1,GWO,poblacional,943.1190608730709,943.1190608730709,True,False,4.338087991887846,4.302236025012917,0.03585196687492953,1.911357796574531,13.344462977035278,0.10152915926948936,5,0,293,Explotacion activa
294,1,GWO,poblacional,943.1190608730709,943.1190608730709,True,False,4.338087991887846,4.302236025012917,0.03585196687492953,1.9261972591804124,13.344462977035231,0.10152915926944388,6,0,294,Explotacion activa
295,1,GWO,poblacional,942.3617074393304,942.3617074393304,True,False,5.09837964460371,5.059589458753408,0.038790185850302805,1.9261972591804124,13.344462977035164,0.10152915926937567,0,0,295,Explotacion activa
296,1,GWO,poblacional,942.3617074393304,942.3617074393304,True,False,5.09837964460371,5.059589458753408,0.038790185850302805,1.9261972591804124,13.344462977035096,0.10152915926930746,1,0,296,Explotacion activa
297,1,GWO,poblacional,942.3617074393304,942.3617074393304,True,False,5.09837964460371,5.059589458753408,0.038790185850302805,1.9261972591804124,13.34446297703505,0.10152915926926198,2,0,297,Explotacion activa
298,1,GWO,poblacional,942.1560981906529,942.1560981906529,True,False,5.3020550983829935,5.2651987074309545,0.036856390952038964,1.9261972591804124,13.34446297703505,0.10152915926926198,0,0,298,Explotacion activa
299,1,GWO,poblacional,942.0848270052866,942.0848270052866,True,False,5.370267535451376,5.336469892797254,0.03379764265412177,1.9261972591804124,13.34446297703505,0.10152915926926198,0,0,299,Explotacion activa
300,1,GWO,poblacional,941.8541368559042,941.8541368559042,True,False,1.2833877802208917,1.2753108117466354,0.008076968474256319,1.9261972591804124,13.34446297703505,0.10152915926926198,0,0,300,Explotacion activa
301,2,ACO,poblacional,941.8541368559042,1793.0259039816322,False,False,,,,,,,0,0,1,Llenando ventana
302,2,ACO,poblacional,941.8541368559042,1520.9520553000514,False,False,,,,,,,1,0,2,Llenando ventana
303,2,ACO,poblacional,941.8541368559042,1501.4451420766436,False,False,,,,,,,2,0,3,Llenando ventana
304,2,ACO,poblacional,941.8541368559042,1234.7181623165648,False,False,,,,,,,3,0,4,Llenando ventana
305,2,ACO,poblacional,941.8541368559042,1122.4812050970086,False,False,,,,,,,4,0,5,Llenando ventana
306,2,ACO,poblacional,941.8541368559042,1261.151013389957,False,False,,,,,,,5,0,6,Llenando ventana
307,2,ACO,poblacional,941.8541368559042,1130.3389150604419,False,False,,,,,,,6,0,7,Llenando ventana
308,2,ACO,poblacional,941.8541368559042,1125.1245705178242,False,False,,,,,,,7,0,8,Llenando ventana
309,2,ACO,poblacional,941.8541368559042,1049.8667093166375,False,False,,,,,,,8,0,9,Llenando ventana
310,2,ACO,poblacional,941.8541368559042,1207.8892135157325,False,False,,,,,,,9,0,10,Llenando ventana
311,2,ACO,poblacional,941.8541368559042,1036.111181149614,False,False,,,,,,,10,0,11,Llenando ventana
312,2,ACO,poblacional,941.8541368559042,1058.595154294627,False,False,,,,,,,11,0,12,Llenando ventana
313,2,ACO,poblacional,941.8541368559042,959.1521019768504,False,False,,,,,,,12,0,13,Llenando ventana
314,2,ACO,poblacional,941.8541368559042,1010.704149094162,False,False,,,,,,,13,0,14,Llenando ventana
315,2,ACO,poblacional,941.8541368559042,1067.917011191925,False,False,,,,,,,14,0,15,Llenando ventana
316,2,ACO,poblacional,941.8541368559042,1042.5474135138254,False,False,,,,,,,15,0,16,Llenando ventana
317,2,ACO,poblacional,941.8541368559042,1061.1408872927548,False,False,,,,,,,16,0,17,Llenando ventana
318,2,ACO,poblacional,941.8541368559042,1060.860293757352,False,False,,,,,,,17,0,18,Llenando ventana
319,2,ACO,poblacional,941.8541368559042,1056.1307724709864,False,False,,,,,,,18,0,19,Llenando ventana
320,2,ACO,poblacional,941.8541368559042,1014.1612222628765,False,False,,,,,,,19,0,20,Llenando ventana
321,2,ACO,poblacional,941.8541368559042,954.2546213029132,False,False,,,,,,,20,0,21,Llenando ventana
322,2,ACO,poblacional,941.8541368559042,1020.5190063056931,False,False,,,,,,,21,0,22,Llenando ventana
323,2,ACO,poblacional,941.8541368559042,1039.3845970334316,False,False,,,,,,,22,0,23,Llenando ventana
324,2,ACO,poblacional,941.8541368559042,956.1594483408795,False,False,,,,,,,23,0,24,Llenando ventana
325,2,ACO,poblacional,941.8541368559042,960.0586278185424,False,False,,,,,,,24,0,25,Llenando ventana
326,2,ACO,poblacional,936.2150888324222,936.2150888324222,False,False,,,,,,,0,0,26,Llenando ventana
327,2,ACO,poblacional,931.1667653100332,931.1667653100332,False,False,,,,,,,0,0,27,Llenando ventana
328,2,ACO,poblacional,931.1667653100332,998.4083309578384,False,False,,,,,,,1,0,28,Llenando ventana
329,2,ACO,poblacional,931.1667653100332,955.0659688175216,False,False,,,,,,,2,0,29,Llenando ventana
330,2,ACO,poblacional,931.1667653100332,973.1912519915039,True,False,10.776432975420107,10.687371545871088,0.08906142954901952,3.0,15.0,9.0,3,0,30,Explotacion activa
331,2,ACO,poblacional,931.1667653100332,974.4958240462697,True,False,10.776432975420107,10.687371545871088,0.08906142954901952,3.0,15.0,9.0,4,0,31,Explotacion activa
332,2,ACO,poblacional,931.1283028577792,931.1283028577792,True,False,10.808065392110507,10.72583399812504,0.08223139398546664,3.0,15.0,9.0,0,0,32,Explotacion activa
333,2,ACO,poblacional,931.1283028577792,932.4415529597192,True,False,10.808065392110507,10.72583399812504,0.08223139398546664,3.0,15.0,9.0,1,0,33,Explotacion activa
334,2,ACO,poblacional,927.6741771249327,927.6741771249327,True,False,14.27921944908826,14.179959730971518,0.09925971811674117,3.0,15.0,9.0,0,0,34,Explotacion activa
335,2,ACO,poblacional,927.6741771249327,945.2682576132581,True,False,14.27921944908826,14.179959730971518,0.09925971811674117,3.0,15.0,9.0,1,0,35,Explotacion activa
336,2,ACO,poblacional,927.6741771249327,931.3984948288559,True,False,14.27921944908826,14.179959730971518,0.09925971811674117,3.0,15.0,9.0,2,0,36,Explotacion activa
337,2,ACO,poblacional,927.6741771249327,936.5178813105001,True,False,14.27921944908826,14.179959730971518,0.09925971811674117,3.0,15.0,9.0,3,0,37,Explotacion activa
338,2,ACO,poblacional,927.6741771249327,942.6948275152351,True,False,14.27921944908826,14.179959730971518,0.09925971811674117,3.0,15.0,9.0,4,0,38,Explotacion activa
339,2,ACO,poblacional,923.993630013994,923.993630013994,True,False,17.973623385241922,17.86050684191025,0.11311654333167098,10.72583399812504,14.27921944908826,0.09925971811674117,0,0,39,Explotacion activa
340,2,ACO,poblacional,910.1512331604181,910.1512331604181,True,False,31.882553483093716,31.702903695486157,0.17964978760755912,10.72583399812504,14.27921944908826,0.09925971811674117,0,0,40,Explotacion activa
341,2,ACO,poblacional,910.1512331604181,914.2053931367446,True,False,31.882553483093943,31.702903695486157,0.1796497876077865,11.762071717978984,14.27921944908826,0.09925971811674117,1,0,41,Explotacion activa
342,2,ACO,poblacional,910.1512331604181,919.3497006108287,True,False,31.882553483093716,31.702903695486157,0.17964978760755912,12.798309437832925,15.75698102354972,0.10480244820271307,2,0,42,Explotacion activa
343,2,ACO,poblacional,910.1512331604181,920.2684453037975,True,False,31.882553483093716,31.702903695486157,0.17964978760755912,13.83454715768687,19.364516395027096,0.11976986775925977,3,0,43,Explotacion activa
344,2,ACO,poblacional,910.1512331604181,914.3927451517941,True,False,31.882553483093716,31.702903695486157,0.17964978760755912,14.179959730971518,29.100767463523344,0.1663431387523814,4,0,44,Explotacion activa
345,2,ACO,poblacional,910.1512331604181,911.6074545559331,True,False,31.882553483093716,31.702903695486157,0.17964978760755912,14.179959730971518,31.882553483093716,0.17964978760755912,5,0,45,Explotacion activa
346,2,ACO,poblacional,910.1512331604181,911.9432888331421,True,False,31.882553483093716,31.702903695486157,0.17964978760755912,14.179959730971518,31.882553483093716,0.17964978760755912,6,0,46,Explotacion activa
347,2,ACO,poblacional,909.0399818885014,909.0399818885014,True,False,32.9782257422396,32.81415496740283,0.16407077483677313,14.179959730971518,31.882553483093716,0.17964978760755912,0,0,47,Explotacion activa
348,2,ACO,poblacional,909.0399818885014,923.7335000733864,True,False,32.978225742239374,32.81415496740283,0.16407077483654575,14.179959730971518,31.882553483093716,0.17964978760755912,1,0,48,Explotacion activa
349,2,ACO,poblacional,909.0399818885014,914.3532286274802,True,False,32.97822574223915,32.81415496740283,0.16407077483631838,14.179959730971518,31.882553483093716,0.17964978760755912,2,0,49,Explotacion activa
350,2,ACO,poblacional,909.0399818885014,909.0518069591557,True,False,32.97822574223915,32.81415496740283,0.16407077483631838,14.179959730971518,31.882553483093716,0.17964978760755912,3,0,50,Explotacion activa
351,2,ACO,poblacional,909.0399818885014,915.8075154904672,True,False,32.97822574223915,32.81415496740283,0.16407077483631838,14.179959730971518,31.882553483093716,0.17497608377632332,4,0,51,Explotacion activa
352,2,ACO,poblacional,909.0399818885014,910.1665578642676,True,False,32.9782257422396,32.81415496740283,0.16407077483677313,14.179959730971518,31.882553483093808,0.1703023799450875,5,0,52,Explotacion activa
353,2,ACO,poblacional,908.0572378348583,908.0572378348583,True,False,33.94335225013697,33.79689902104599,0.14645322909098013,14.179959730971518,31.99212070900846,0.16562867611385168,0,0,53,Explotacion activa
354,2,ACO,poblacional,908.0572378348583,913.3616438988608,True,False,33.94335225013742,33.79689902104599,0.14645322909143488,14.179959730971518,32.759091290410105,0.16407077483677313,1,0,54,Explotacion activa
355,2,ACO,poblacional,908.0572378348583,913.2842871215859,True,False,28.29864025255199,28.15785099756397,0.14078925498802164,14.179959730971518,32.430389612666545,0.16407077483677313,2,0,55,Explotacion activa
356,2,ACO,poblacional,907.358520075399,907.358520075399,True,False,23.927286460806954,23.808245234634114,0.11904122617283974,14.179959730971518,32.101687934922985,0.16407077483677313,0,0,56,Explotacion activa
357,2,ACO,poblacional,907.358520075399,908.8371663469653,True,False,23.927286460806954,23.808245234634114,0.11904122617283974,14.54801444206539,31.882553483093922,0.1640707748367504,1,0,57,Explotacion activa
358,2,ACO,poblacional,907.358520075399,908.9658242813625,True,False,23.92728646080718,23.808245234634114,0.11904122617306712,15.652178575347012,31.88255348309385,0.16407077483668217,2,0,58,Explotacion activa
359,2,ACO,poblacional,905.3020198997522,905.3020198997522,True,False,25.976825973725113,25.86474541028099,0.11208056344412398,16.75634270862863,31.882553483093783,0.16407077483661398,0,0,59,Explotacion activa
360,2,ACO,poblacional,905.3020198997522,905.6398233465579,True,False,25.97682597372534,25.86474541028099,0.11208056344435136,17.86050684191025,31.882553483093716,0.16407077483654575,1,0,60,Explotacion activa
361,2,ACO,poblacional,905.3020198997522,905.310962732235,True,False,25.955414372817017,25.826282958027036,0.12913141478998114,19.644828359727402,31.882553483093716,0.16407077483647753,2,0,61,Explotacion activa
362,2,ACO,poblacional,905.3020198997522,907.1984925207962,True,False,25.955414372817472,25.826282958027036,0.12913141479043588,21.429149877544567,31.882553483093716,0.16407077483640933,3,0,62,Explotacion activa
363,2,ACO,poblacional,904.5038942757818,904.5038942757818,True,False,23.28613426339666,23.170282849150908,0.1158514142457534,22.639305248426844,31.882553483093716,0.1640707748363411,0,0,63,Explotacion activa
364,2,ACO,poblacional,904.102837364788,904.102837364788,True,False,23.67348223243846,23.571339760144724,0.10214247229373541,23.25049423134967,31.882553483093716,0.16407077483631838,0,0,64,Explotacion activa
365,2,ACO,poblacional,904.102837364788,904.6642679779611,True,False,23.673482232438232,23.571339760144724,0.10214247229350804,23.370811304647816,31.882553483093716,0.16407077483631838,1,0,65,Explotacion activa
366,2,ACO,poblacional,904.102837364788,904.7610514439082,True,False,23.673482232438232,23.571339760144724,0.10214247229350804,23.49112837794596,31.882553483093716,0.16407077483631838,2,0,66,Explotacion activa
367,2,ACO,poblacional,903.625629420396,903.625629420396,True,False,24.136725712786983,24.04854770453676,0.0881780082502246,23.571339760144724,31.882553483093716,0.16407077483631838,0,0,67,Explotacion activa
368,2,ACO,poblacional,903.625629420396,906.0368750230863,True,False,20.456261929503626,20.368000593598026,0.08826133590559948,23.330705613548435,31.882553483093716,0.16407077483631838,1,0,68,Explotacion activa
369,2,ACO,poblacional,903.625629420396,906.2458070913332,True,False,6.558231758721831,6.52560374002212,0.03262801869971099,22.329598172485042,31.882553483093716,0.16407077483631838,2,0,69,Explotacion activa
370,2,ACO,poblacional,902.903887634607,902.903887634607,True,False,7.278750689756066,7.247345525811056,0.03140516394500992,20.368000593598026,31.882553483093716,0.16407077483631838,0,0,70,Explotacion activa
371,2,ACO,poblacional,902.903887634607,903.1164096761108,True,False,7.278750689756066,7.247345525811056,0.03140516394500992,18.61275496741658,31.882553483093716,0.15878551111285333,1,0,71,Explotacion activa
372,2,ACO,poblacional,902.903887634607,903.464484074485,True,False,7.278750689756066,7.247345525811056,0.03140516394500992,16.388287997534757,31.882553483093716,0.15350024738938825,2,0,72,Explotacion activa
373,2,ACO,poblacional,902.903887634607,903.3372117511385,True,False,7.278750689756066,7.247345525811056,0.03140516394500992,14.179959730971518,31.882553483093716,0.1482149836659232,3,0,73,Explotacion activa
374,2,ACO,poblacional,902.903887634607,903.0520470107017,True,False,7.278750689756066,7.247345525811056,0.03140516394500992,14.179959730971518,31.882553483093716,0.14645322909134392,4,0,74,Explotacion activa
375,2,ACO,poblacional,902.681342187223,902.681342187223,True,False,7.4972805734303165,7.469890973195106,0.02738960023521031,14.179959730971518,31.882553483093716,0.1464532290912075,0,0,75,Explotacion activa
376,2,ACO,poblacional,902.681342187223,903.0503612669761,True,False,6.3861938066504536,6.358639701278435,0.027554105372018967,14.179959730971518,31.882553483093716,0.14645322909107109,1,0,76,Explotacion activa
377,2,ACO,poblacional,902.681342187223,903.0521595367954,True,False,6.3861938066504536,6.358639701278435,0.027554105372018967,14.179959730971518,31.524162160039538,0.14588683168068428,2,0,77,Explotacion activa
378,2,ACO,poblacional,901.6381617836331,901.6381617836331,True,False,7.428960111918855,7.401820104868307,0.027140007050547865,14.179959730971518,30.448988190877007,0.1441876394497967,0,0,78,Explotacion activa
379,2,ACO,poblacional,901.6381617836331,903.1033739225139,True,False,7.428960111919082,7.401820104868307,0.02714000705077524,13.143722011117573,29.373814221714497,0.14248844721890916,1,0,79,Explotacion activa
380,2,ACO,poblacional,901.6381617836331,904.5758912308098,True,False,7.428960111919082,7.401820104868307,0.02714000705077524,10.72583399812504,28.29864025255199,0.14078925498802164,2,0,80,Explotacion activa
381,2,ACO,poblacional,901.6381617836331,902.4300017313876,True,False,7.428960111919537,7.401820104868307,0.027140007051229986,10.72583399812504,27.602095968903985,0.13729190292874585,3,0,81,Explotacion activa
382,2,ACO,poblacional,901.6381617836331,903.0046287290709,True,False,6.446892047446795,6.419076051225147,0.027815996221647765,10.710449017223459,26.905551685255997,0.13379455086947017,4,0,82,Explotacion activa
383,2,ACO,poblacional,901.6381617836331,902.1903836235214,True,False,6.446892047446795,6.419076051225147,0.027815996221647765,10.687371545871088,26.20900740160799,0.1302971988101944,5,0,83,Explotacion activa
384,2,ACO,poblacional,901.6381617836331,902.2697094644911,True,False,6.446892047446795,6.419076051225147,0.027815996221647765,10.687371545871088,25.976825973725294,0.12913141479034493,6,0,84,Explotacion activa
385,2,ACO,poblacional,901.6381617836331,903.0610158797737,True,False,5.748960083224574,5.720358291765933,0.028601791458640946,9.078631259533097,25.976825973725227,0.1291314147902085,7,0,85,Explotacion activa
386,2,ACO,poblacional,901.6381617836331,902.0824284463653,True,False,5.748960083224802,5.720358291765933,0.02860179145886832,7.456276799529746,25.97682597372516,0.1291314147900721,8,0,86,Explotacion activa
387,2,ACO,poblacional,900.6614076383163,900.6614076383163,True,False,6.726133257642914,6.697112437082751,0.029020820560162974,7.408627191700987,25.974684813634347,0.12812239592828972,0,0,87,Explotacion activa
388,2,ACO,poblacional,900.6614076383163,901.7794976859318,True,False,4.663815322742835,4.6406122614358765,0.02320306130695826,7.401820104868307,25.968261333362058,0.12509533934321548,1,0,88,Explotacion activa
389,2,ACO,poblacional,900.6614076383163,901.2918580298198,True,False,4.663815322742835,4.6406122614358765,0.02320306130695826,7.401820104868307,25.961837853089765,0.1220682827581413,2,0,89,Explotacion activa
390,2,ACO,poblacional,900.6614076383163,901.1204703572306,True,False,4.663815322742835,4.6406122614358765,0.02320306130695826,7.401820104868307,25.955414372817472,0.11904122617306712,3,0,90,Explotacion activa
391,2,ACO,poblacional,900.6614076383163,901.0538938485641,True,False,4.663815322742835,4.6406122614358765,0.02320306130695826,7.401820104868307,25.955414372817337,0.1190412261729989,4,0,91,Explotacion activa
392,2,ACO,poblacional,900.6614076383163,901.547979303422,True,False,3.864260728410841,3.8424866374655267,0.02177409094531413,7.340030273245406,25.9554143728172,0.1190412261729307,5,0,92,Explotacion activa
393,2,ACO,poblacional,900.6614076383163,900.8553774143196,True,False,3.463225448072535,3.4414297264717106,0.021795721600824436,7.247345525811056,25.955414372817064,0.11904122617286247,6,0,93,Explotacion activa
394,2,ACO,poblacional,900.6586089415632,900.6586089415632,True,False,3.463745717622828,3.4442284232247857,0.019517294398042395,7.247345525811056,25.591676640811006,0.11904122617283974,0,0,94,Explotacion activa
395,2,ACO,poblacional,900.6586089415632,900.7882077715549,True,False,3.4637457176230555,3.4442284232247857,0.01951729439826977,7.247345525811056,25.046070042802,0.11904122617283974,1,0,95,Explotacion activa
396,2,ACO,poblacional,900.6586089415632,900.9412123594807,True,False,2.985811608531776,2.967020478832751,0.018791129699025078,7.247345525811056,24.50046344479298,0.11904122617283974,2,0,96,Explotacion activa
397,2,ACO,poblacional,900.6586089415632,900.8879874330207,True,False,2.985811608531776,2.967020478832751,0.018791129699025078,7.247345525811056,24.115781787589004,0.1187222449801311,3,0,97,Explotacion activa
398,2,ACO,poblacional,900.4737333805875,900.4737333805875,True,False,3.169756784034007,3.1518960398084346,0.01786074422557249,7.247345525811056,24.052950011995062,0.1177653014020052,0,0,98,Explotacion activa
399,2,ACO,poblacional,900.1871152294616,900.1871152294616,True,False,2.732167448774476,2.7167724051454343,0.015395043629041538,7.082275599192564,23.99011823640112,0.1168083578238793,0,0,99,Explotacion activa
400,2,ACO,poblacional,900.1871152294616,900.4585283996241,True,False,2.732167448774476,2.7167724051454343,0.015395043629041538,6.697112437082751,23.92728646080718,0.1158514142457534,1,0,100,Explotacion activa
401,2,ACO,poblacional,900.1871152294616,900.3988238217596,True,False,2.732167448774476,2.7167724051454343,0.015395043629041538,6.577056349140309,23.927286460807114,0.11503095297152867,2,0,101,Explotacion activa
402,2,ACO,poblacional,900.1871152294616,900.5569331077543,True,False,2.732167448774476,2.7167724051454343,0.015395043629041538,6.482992664503331,23.927286460807046,0.11421049169730395,3,0,102,Explotacion activa
403,2,ACO,poblacional,900.1871152294616,900.3702682490857,True,False,2.732167448774476,2.7167724051454343,0.015395043629041538,6.419076051225147,23.927286460806975,0.11339003042307921,4,0,103,Explotacion activa
404,2,ACO,poblacional,900.1871152294616,900.4812209218373,True,False,2.510023728493479,2.4942269577613843,0.015796770732094956,6.419076051225147,23.927286460806954,0.11290934735420706,5,0,104,Explotacion activa
405,2,ACO,poblacional,900.1871152294616,900.5378188601854,True,False,2.5100237284937066,2.4942269577613843,0.01579677073232233,6.419076051225147,23.927286460806954,0.11259855338801117,6,0,105,Explotacion activa
406,2,ACO,poblacional,900.1871152294616,900.3835034063085,True,False,2.5100237284937066,2.4942269577613843,0.01579677073232233,6.406988781235805,23.927286460806954,0.11228775942181528,7,0,106,Explotacion activa
407,2,ACO,poblacional,900.1871152294616,900.252190881569,True,False,1.4612038800506753,1.451046554171512,0.010157325879163182,6.364683336273106,23.901906037970104,0.11208056344432862,8,0,107,Explotacion activa
408,2,ACO,poblacional,900.1871152294616,900.3306440654815,True,False,1.4612038800506753,1.451046554171512,0.010157325879163182,6.358639701278435,23.825764769459553,0.1120805634442604,9,0,108,Explotacion activa
409,2,ACO,poblacional,900.1871152294616,900.2804217444218,True,False,1.4612038800506753,1.451046554171512,0.010157325879163182,6.1671552784246835,23.749623500949006,0.11208056344419219,10,0,109,Explotacion activa
410,2,ACO,poblacional,900.1871152294616,900.3077720110651,True,False,1.4612038800506753,1.451046554171512,0.010157325879163182,5.720358291765933,23.67348223243846,0.11208056344412398,11,0,110,Explotacion activa
411,2,ACO,poblacional,900.1871152294616,900.3104418116337,True,False,1.4612038800506753,1.451046554171512,0.010157325879163182,5.720358291765933,23.673482232438392,0.10909913609900737,12,0,111,Explotacion activa
412,2,ACO,poblacional,900.1871152294616,900.2483094274927,True,False,1.4612038800506753,1.451046554171512,0.010157325879163182,5.288459879633908,23.673482232438325,0.10611770875389083,13,0,112,Explotacion activa
413,2,ACO,poblacional,900.1871152294616,900.2026038348017,True,False,1.4612038800506753,1.451046554171512,0.010157325879163182,4.6406122614358765,23.673482232438253,0.1031362814087742,14,0,113,Explotacion activa
414,2,ACO,poblacional,900.1240247857917,900.1240247857917,True,False,1.5237265321610494,1.5141369978414332,0.009589534319616178,4.6406122614358765,23.673482232438232,0.10214247229368993,0,0,114,Explotacion activa
415,2,ACO,poblacional,900.1240247857917,900.2313978337518,True,False,1.523726532160822,1.5141369978414332,0.009589534319388804,4.6406122614358765,23.673482232438232,0.10214247229362172,1,0,115,Explotacion activa
416,2,ACO,poblacional,900.1240247857917,900.1276282485725,True,False,0.5443828525243362,0.5373828525246154,0.006999999999720785,4.6406122614358765,23.673482232438232,0.10214247229355351,2,0,116,Explotacion activa
417,2,ACO,poblacional,900.1240247857917,900.2426767065056,True,False,0.5443828525243362,0.5373828525246154,0.006999999999720785,4.6406122614358765,23.634747435534074,0.10214247229350804,3,0,117,Explotacion activa
418,2,ACO,poblacional,900.1240247857917,900.1893172392492,True,False,0.5443828525243362,0.5373828525246154,0.006999999999720785,4.1617368870536655,23.5185430448216,0.10214247229350804,4,0,118,Explotacion activa
419,2,ACO,poblacional,900.1240247857917,900.1989336034042,True,False,0.5443828525243362,0.5373828525246154,0.006999999999720785,3.723009173193304,23.40233865410913,0.10214247229350804,5,0,119,Explotacion activa
420,2,ACO,poblacional,900.1240247857917,900.1712871725992,True,False,0.5443828525243362,0.5373828525246154,0.006999999999720785,3.4442284232247857,23.28613426339664,0.10214247229350802,6,0,120,Explotacion activa
421,2,ACO,poblacional,900.1240247857917,900.1367509911995,True,False,0.5443828525243362,0.5373828525246154,0.006999999999720785,3.4442284232247857,22.43717256322874,0.10127764604047797,7,0,121,Explotacion activa
422,2,ACO,poblacional,900.1240247857917,900.124431469333,True,False,0.5443828525250183,0.5373828525246154,0.007000000000402906,3.443108944523556,21.588210863060816,0.10041281978744789,8,0,122,Explotacion activa
423,2,ACO,poblacional,900.1240247857917,900.1580613072592,True,False,0.5422508224380636,0.5345841557715403,0.00766666666652327,3.4124763578053825,20.739249162892914,0.09954799353441784,9,0,123,Explotacion activa
424,2,ACO,poblacional,900.1240247857917,900.1745034815232,True,False,0.5422508224380636,0.5345841557715403,0.00766666666652327,3.2098027771410895,19.959734220651278,0.09925971811674117,10,0,124,Explotacion activa
425,2,ACO,poblacional,900.0881928309143,900.0881928309143,True,False,0.5774161106486417,0.570416110648921,0.006999999999720785,3.059458259320593,19.214942657372774,0.09925971811674117,0,0,125,Explotacion activa
426,2,ACO,poblacional,900.0881928309143,900.1216141896113,True,False,0.5774161106488691,0.570416110648921,0.006999999999948159,2.967020478832751,18.470151094094234,0.09925971811674117,1,0,126,Explotacion activa
427,2,ACO,poblacional,900.0881928309143,900.1190268622038,True,False,0.393207216339988,0.38554054967323736,0.007666666666750643,2.967020478832751,17.604182991626523,0.09925971811674117,2,0,127,Explotacion activa
428,2,ACO,poblacional,900.0881928309143,900.1609452890327,True,False,0.10725573188040016,0.09892239854730178,0.00833333333309838,2.8168716346203606,16.495861810780436,0.09925971811674117,3,0,128,Explotacion activa
429,2,ACO,poblacional,900.0881928309143,900.0978735503169,True,False,0.10725573188040016,0.09892239854730178,0.00833333333309838,2.7167724051454343,15.387540629934348,0.09925971811674117,4,0,129,Explotacion activa
430,2,ACO,poblacional,900.0881928309143,900.102802652077,True,False,0.10725573188040016,0.09892239854730178,0.00833333333309838,2.7167724051454343,14.27921944908826,0.09925971811674117,5,0,130,Explotacion activa
431,2,ACO,poblacional,900.0881928309143,900.0950429143371,True,False,0.10725573188040016,0.09892239854730178,0.00833333333309838,2.7167724051454343,14.27921944908826,0.09925971811674117,6,0,131,Explotacion activa
432,2,ACO,poblacional,900.0881928309143,900.0926885264421,True,False,0.10725573188040016,0.09892239854730178,0.00833333333309838,2.7167724051454343,14.27921944908826,0.09925971811674117,7,0,132,Explotacion activa
433,2,ACO,poblacional,900.0881928309143,900.0924977652404,True,False,0.10725573188040016,0.09892239854730178,0.00833333333309838,2.7167724051454343,14.27921944908826,0.09925971811674117,8,0,133,Explotacion activa
434,2,ACO,poblacional,900.0881928309143,900.1015719559997,True,False,0.10725573188040016,0.09892239854730178,0.00833333333309838,2.7167724051454343,14.27921944908826,0.09925971811674117,9,0,134,Explotacion activa
435,2,ACO,poblacional,900.0881928309143,900.1004747598098,True,False,0.10725573188040016,0.09892239854730178,0.00833333333309838,2.6054996814534093,14.27921944908826,0.09925971811674117,10,0,135,Explotacion activa
436,2,ACO,poblacional,900.0881928309143,900.1154523976713,True,False,0.10725573188040016,0.09892239854730178,0.00833333333309838,2.4942269577613843,14.27921944908826,0.09925971811674117,11,0,136,Explotacion activa
437,2,ACO,poblacional,900.0587461937944,900.0587461937944,True,False,0.13603570233351547,0.12836903566721958,0.007666666666295896,2.4942269577613843,14.27921944908826,0.09823988925996892,0,0,137,Explotacion activa
438,2,ACO,poblacional,900.0587461937944,900.1277164381673,True,False,0.13603570233351547,0.12836903566721958,0.007666666666295896,2.4942269577613843,14.27921944908826,0.09518040268965246,1,0,138,Explotacion activa
439,2,ACO,poblacional,900.0587461937944,900.1222260678945,True,False,0.13603570233351547,0.12836903566721958,0.007666666666295896,2.2001999697853947,14.27921944908826,0.09212091611933598,2,0,139,Explotacion activa
440,2,ACO,poblacional,900.0330240576229,900.0330240576229,True,False,0.16109117183839317,0.15409117183867238,0.006999999999720785,1.5141369978414332,14.27921944908826,0.08906142954901952,0,0,140,Explotacion activa
441,2,ACO,poblacional,900.0330240576229,900.062030789868,True,False,0.16109117183839317,0.15409117183867238,0.006999999999720785,1.5141369978414332,14.27921944908826,0.08906142954901952,1,0,141,Explotacion activa
442,2,ACO,poblacional,900.0330240576229,900.0541935865582,True,False,0.16109117183839317,0.15409117183867238,0.006999999999720785,1.4889008203734648,14.27921944908826,0.08906142954901952,2,0,142,Explotacion activa
443,2,ACO,poblacional,900.0330240576229,900.0669691135917,True,False,0.09866739483527454,0.09100072816875127,0.00766666666652327,1.451046554171512,14.27921944908826,0.08906142954901952,3,0,143,Explotacion activa
444,2,ACO,poblacional,900.0330240576229,900.0633621031313,True,False,0.09866739483504716,0.09100072816875127,0.007666666666295896,1.451046554171512,13.5849886376927,0.08890141082033551,4,0,144,Explotacion activa
445,2,ACO,poblacional,900.0330240576229,900.0413392952379,True,False,0.09866739483504716,0.09100072816875127,0.007666666666295896,1.451046554171512,12.543642420599383,0.0886613827273095,5,0,145,Explotacion activa
446,2,ACO,poblacional,900.0330240576229,900.0373937502711,True,False,0.09866739483504716,0.09100072816875127,0.007666666666295896,1.451046554171512,11.502296203506019,0.08842135463428348,6,0,146,Explotacion activa
447,2,ACO,poblacional,900.0330240576229,900.0517530782918,True,False,0.09866739483504716,0.09100072816875127,0.007666666666295896,1.451046554171512,10.808065392110507,0.08825300314006199,7,0,147,Explotacion activa
448,2,ACO,poblacional,900.0261097517787,900.0261097517787,True,False,0.10491503401271984,0.09791503401299906,0.006999999999720785,1.451046554171512,10.808065392110507,0.08822800484344953,0,0,148,Explotacion activa
449,2,ACO,poblacional,900.0261097517787,900.0534419697482,True,False,0.10491503401249247,0.09791503401299906,0.0069999999994934115,1.451046554171512,10.808065392110507,0.08820300654683706,1,0,149,Explotacion activa
450,2,ACO,poblacional,900.0261097517787,900.0390942832939,True,False,0.10491503401249247,0.09791503401299906,0.0069999999994934115,1.451046554171512,10.808065392110507,0.0881780082502246,2,0,150,Explotacion activa
451,2,ACO,poblacional,900.0261097517787,900.0466271561957,True,False,0.10491503401271984,0.09791503401299906,0.006999999999720785,1.451046554171512,10.798575667103387,0.08639402397079714,3,0,151,Explotacion activa
452,2,ACO,poblacional,900.0261097517787,900.0368140425602,True,False,0.10491503401271984,0.09791503401299906,0.006999999999720785,1.0987943767624768,10.789085942096266,0.08461003969136976,4,0,152,Explotacion activa
453,2,ACO,poblacional,900.0261097517787,900.033032822276,True,False,0.10491503401317459,0.09791503401299906,0.0070000000001755325,0.570416110648921,10.779596217089146,0.0828260554119424,5,0,153,Explotacion activa
454,2,ACO,poblacional,900.0261097517787,900.0350529401196,True,False,0.06974974580191429,0.06208307913561839,0.007666666666295896,0.570416110648921,10.776432975420107,0.08223139398546664,6,0,154,Explotacion activa
455,2,ACO,poblacional,900.0255281111885,900.0255281111885,True,False,0.06940964149646334,0.06266471972583076,0.006744921770632573,0.5538994815867682,10.776432975420107,0.08223139398546664,0,0,155,Explotacion activa
456,2,ACO,poblacional,900.0182905245445,900.0182905245445,True,False,0.07598056147389798,0.06990230636984052,0.006078255104057462,0.5373828525246154,10.776432975420107,0.08223139398546664,0,0,156,Explotacion activa
457,2,ACO,poblacional,900.0182905245445,900.0414900168449,True,False,0.0759805614736706,0.06990230636984052,0.006078255103830088,0.5373828525246154,10.4485177352211,0.07727105645689065,1,0,157,Explotacion activa
458,2,ACO,poblacional,900.0182905245445,900.0217899422526,True,False,0.07598056147412535,0.06990230636984052,0.006078255104284835,0.5373828525246154,9.464772014624172,0.0623900438711641,2,0,158,Explotacion activa
459,2,ACO,poblacional,900.0182905245445,900.0297432702951,True,False,0.0759805614736706,0.06990230636984052,0.006078255103830088,0.5373828525246154,8.481026294027245,0.04750903128543754,3,0,159,Explotacion activa
460,2,ACO,poblacional,900.0182905245445,900.0210061526038,True,False,0.07598056147389798,0.06990230636984052,0.006078255104057462,0.5373828525246154,7.4972805734303165,0.03262801869971099,4,0,160,Explotacion activa
461,2,ACO,poblacional,900.016799288618,900.016799288618,True,False,0.07680513073353268,0.0713935422962777,0.005411588437254977,0.5373828525246154,7.476784434977082,0.032261162273300656,0,0,161,Explotacion activa
462,2,ACO,poblacional,900.0159930388996,900.0159930388996,True,False,0.07694471378511025,0.07219979201465776,0.004744921770452493,0.5373828525246154,7.456288296523848,0.03189430584689033,0,0,162,Explotacion activa
463,2,ACO,poblacional,900.0112596318053,900.0112596318053,True,False,0.08109648028903393,0.07693319910902119,0.004163281180012746,0.5373828525246154,7.4357921580706146,0.03152744942048002,0,0,163,Explotacion activa
464,2,ACO,poblacional,900.0112596318053,900.015195952405,True,False,0.08118150636585142,0.07693319910902119,0.0042483072568302305,0.5373828525246154,7.428960111919446,0.03140516394500992,1,0,164,Explotacion activa
465,2,ACO,poblacional,900.0112596318053,900.0127335372183,True,False,0.08126653244221416,0.07693319910902119,0.004333333333192968,0.5359835041480778,7.428960111919309,0.03140516394500992,2,0,165,Explotacion activa
466,2,ACO,poblacional,900.0112596318053,900.0123051503427,True,False,0.052316509836146,0.04748656198910339,0.004829947847042604,0.5345841557715403,7.428960111919173,0.03140516394500992,3,0,166,Explotacion activa
467,2,ACO,poblacional,900.0112596318053,900.0129882153745,True,False,0.05240153591273611,0.04748656198910339,0.004914973923632715,0.5345841557715403,7.428960111919082,0.03140516394500992,4,0,167,Explotacion activa
468,2,ACO,poblacional,900.0112596318053,900.012364137555,True,False,0.05248656198887147,0.04748656198910339,0.004999999999768079,0.4451579921125583,7.428960111919082,0.03140516394500992,5,0,168,Explotacion activa
469,2,ACO,poblacional,900.0082380680484,900.0082380680484,True,False,0.029530911345204913,0.024785989574525047,0.004744921770679866,0.31610573632286687,7.428960111919082,0.03140516394500992,0,0,169,Explotacion activa
470,2,ACO,poblacional,900.0082380680484,900.0154693365475,True,False,0.029530911345204913,0.024785989574525047,0.004744921770679866,0.15409117183867238,7.428960111919082,0.03140516394500992,1,0,170,Explotacion activa
471,2,ACO,poblacional,900.0082380680484,900.0120972017252,True,False,0.029530911345204913,0.024785989574525047,0.004744921770679866,0.15409117183867238,7.428960111919014,0.03140516394500992,2,0,171,Explotacion activa
472,2,ACO,poblacional,900.0082380680484,900.0093759581423,True,False,0.029530911345204913,0.024785989574525047,0.004744921770679866,0.15409117183867238,7.428960111918945,0.03140516394500992,3,0,172,Explotacion activa
473,2,ACO,poblacional,900.0082380680484,900.0105703493789,True,False,0.029530911345204913,0.024785989574525047,0.004744921770679866,0.15151895822152706,7.428960111918878,0.03140516394500992,4,0,173,Explotacion activa
474,2,ACO,poblacional,900.0076407915649,900.0076407915649,True,False,0.029546547238510357,0.025383266058042864,0.004163281180467493,0.13351346290151003,7.398918227486297,0.03140516394500992,0,0,174,Explotacion activa
475,2,ACO,poblacional,900.0076407915649,900.0095333240781,True,False,0.02963157331532784,0.025383266058042864,0.004248307257284978,0.12836903566721958,7.35385540083746,0.03140516394500992,1,0,175,Explotacion activa
476,2,ACO,poblacional,900.0076407915649,900.0117350302856,True,False,0.02971659939123583,0.025383266058042864,0.004333333333192968,0.12836903566721958,7.308792574188622,0.03140516394500992,2,0,176,Explotacion activa
477,2,ACO,poblacional,900.0076407915649,900.0080040356778,True,False,0.02321388198470231,0.01846896021379507,0.00474492177090724,0.12836903566721958,7.278750689756066,0.031166729606525202,3,0,177,Explotacion activa
478,2,ACO,poblacional,900.0051747806729,900.0051747806729,True,False,0.02501322620969404,0.020934971105816658,0.004078255103877382,0.11070105339526885,7.278750689756066,0.030451426591071126,0,0,178,Explotacion activa
479,2,ACO,poblacional,900.0051747806729,900.008935939429,True,False,0.02501322620969404,0.020934971105816658,0.004078255103877382,0.09892239854730178,7.278750689756066,0.02973612357561705,1,0,179,Explotacion activa
480,2,ACO,poblacional,900.0051747806729,900.0068892129693,True,False,0.025013226209921413,0.020934971105816658,0.0040782551041047554,0.09892239854730178,7.278750689756066,0.029020820560162974,2,0,180,Explotacion activa
481,2,ACO,poblacional,900.0051747806729,900.0089357286038,True,False,0.025098252286056777,0.020934971105816658,0.004163281180240119,0.09892239854730178,7.278750689756066,0.028895111829774573,3,0,181,Explotacion activa
482,2,ACO,poblacional,900.0051747806729,900.0075102938051,True,False,0.025183278363101635,0.020934971105816658,0.004248307257284978,0.09892239854730178,7.278750689756066,0.02876940309938618,4,0,182,Explotacion activa
483,2,ACO,poblacional,900.0051747806729,900.0066950872762,True,False,0.025268304439009626,0.020934971105816658,0.004333333333192968,0.09892239854730178,7.278750689756066,0.028643694368997785,5,0,183,Explotacion activa
484,2,ACO,poblacional,900.0049524470351,900.0049524470351,True,False,0.02513066263145447,0.020575664153398066,0.0045549984780564046,0.09892239854730178,7.278750689756066,0.028601791458822846,0,0,184,Explotacion activa
485,2,ACO,poblacional,900.0039616716665,900.0039616716665,True,False,0.01821718468875133,0.014328852877952158,0.0038883318107991727,0.09892239854730178,7.278750689756066,0.028601791458754633,0,0,185,Explotacion activa
486,2,ACO,poblacional,900.0039616716665,900.0041407202265,True,False,0.018217184688978705,0.014328852877952158,0.0038883318110265463,0.09892239854730178,7.278750689756066,0.02860179145868642,1,0,186,Explotacion activa
487,2,ACO,poblacional,900.0031647559564,900.0031647559564,True,False,0.018569767369854162,0.015125768588063693,0.0034439987817904694,0.09892239854730178,7.278750689756066,0.02852321193494162,0,0,187,Explotacion activa
488,2,ACO,poblacional,900.0031647559564,900.0032524531483,True,False,0.01879210100810269,0.015125768588063693,0.003666332420038998,0.09892239854730178,7.278750689756066,0.02828747336384367,1,0,188,Explotacion activa
489,2,ACO,poblacional,900.0031647559564,900.0037830052121,True,False,0.019014434645669098,0.015125768588063693,0.0038886660576054055,0.09892239854730178,7.278750689756066,0.028051734792745718,2,0,189,Explotacion activa
490,2,ACO,poblacional,900.0031647559564,900.0032499880259,True,False,0.0181898653860344,0.013634532661626508,0.00455533272440789,0.09892239854730178,7.278750689756066,0.027815996221647765,3,0,190,Explotacion activa
491,2,ACO,poblacional,900.0029219715251,900.0029219715251,True,False,0.01774581127563124,0.01307106737453978,0.00467474390109146,0.09821724337328987,7.112965460122115,0.027815996221647765,0,0,191,Explotacion activa
492,2,ACO,poblacional,900.0029219715251,900.0031868535849,True,False,0.013012404181495185,0.008337660280176351,0.004674743901318834,0.09791503401299906,6.94718023048817,0.027815996221647765,1,0,192,Explotacion activa
493,2,ACO,poblacional,900.0029219715251,900.0030622648956,True,False,0.013012404181495185,0.008337660280176351,0.004674743901318834,0.09791503401299906,6.781395000854226,0.027815996221647765,2,0,193,Explotacion activa
494,2,ACO,poblacional,900.0028243085486,900.0028243085486,True,False,0.012914741205008795,0.008435323256662741,0.004479417948346054,0.09791503401299906,6.692552957858697,0.027815996221647765,0,0,194,Explotacion activa
495,2,ACO,poblacional,900.0028243085486,900.0029617591665,True,False,0.013157525636302125,0.008435323256662741,0.004722202379639384,0.09791503401299906,6.64218250818237,0.027815996221647765,1,0,195,Explotacion activa
496,2,ACO,poblacional,900.001443816061,900.001443816061,True,False,0.014114135888348756,0.009815815744218526,0.00429832014413023,0.09791503401299906,6.591812058506046,0.027815996221647765,0,0,196,Explotacion activa
497,2,ACO,poblacional,900.001443816061,900.0033878097898,True,False,0.01429523369256458,0.009815815744218526,0.004479417948346054,0.09791503401299906,6.547097787594327,0.027789807136684882,1,0,197,Explotacion activa
498,2,ACO,poblacional,900.001443816061,900.0025392320227,True,False,0.011273669935690123,0.006794251987344069,0.004479417948346054,0.09791503401299906,6.513695874211816,0.027711239881796246,2,0,198,Explotacion activa
499,2,ACO,poblacional,900.001443816061,900.0035242344161,True,False,0.011273669935690123,0.006794251987344069,0.004479417948346054,0.09584074225972469,6.4802939608293055,0.027632672626907606,3,0,199,Explotacion activa
500,2,ACO,poblacional,900.0013663985037,900.0013663985037,True,False,0.011439036809633762,0.006871669544693759,0.004567367264940003,0.09100072816875127,6.446892047446795,0.027554105372018967,0,0,200,Explotacion activa
501,2,ACO,poblacional,900.001307277621,900.001307277621,True,False,0.01162270035797519,0.0069307904274182874,0.004691909930556903,0.09100072816875127,6.446892047446795,0.027554105372018967,0,0,201,Explotacion activa
502,2,ACO,poblacional,900.001307277621,900.0018812990508,True,False,0.011803798162191015,0.0069307904274182874,0.004873007734772727,0.09100072816875127,6.446892047446795,0.027554105372018967,1,0,202,Explotacion activa
503,2,ACO,poblacional,900.001307277621,900.0019373691341,True,False,0.011206521678900572,0.006333513943900471,0.004873007735000101,0.09100072816875127,6.446892047446795,0.027554105372018967,2,0,203,Explotacion activa
504,2,ACO,poblacional,900.001307277621,900.0016050755102,True,False,0.011449306110421276,0.006333513943900471,0.005115792166520805,0.09100072816875127,6.446892047446795,0.027521204344657234,3,0,204,Explotacion activa
505,2,ACO,poblacional,900.001307277621,900.0024619564795,True,False,0.011692090541714606,0.006333513943900471,0.005358576597814135,0.09100072816875127,6.446892047446795,0.027471852803614635,4,0,205,Explotacion activa
506,2,ACO,poblacional,900.001307277621,900.0014809491788,True,False,0.011873188345248309,0.006333513943900471,0.005539674401347838,0.0881872223568052,6.446892047446795,0.02742250126257204,5,0,206,Explotacion activa
507,2,ACO,poblacional,900.001307277621,900.0014753597122,True,False,0.009407177453454096,0.0038675030518788844,0.005539674401575212,0.07833995201499422,6.44082222336716,0.027364640916812275,6,0,207,Explotacion activa
508,2,ACO,poblacional,900.001307277621,900.0016845485243,True,False,0.009407177453454096,0.0038675030518788844,0.005539674401575212,0.07693319910902119,6.422612751128258,0.02728976296161818,7,0,208,Explotacion activa
509,2,ACO,poblacional,900.001307277621,900.0013435503756,True,False,0.009407177453226723,0.0038675030518788844,0.005539674401347838,0.07693319910902119,6.4044032788893555,0.02721488500642408,8,0,209,Explotacion activa
510,2,ACO,poblacional,900.000950370837,900.000950370837,True,False,0.00920625109881712,0.00422440983584238,0.00498184126297474,0.07693319910902119,6.3861938066504536,0.027140007051229986,0,0,210,Explotacion activa
511,2,ACO,poblacional,900.000950370837,900.0012865064906,True,False,0.009516010981656109,0.00422440983584238,0.005291601145813729,0.07361981414296677,6.3861938066504536,0.02714000705109356,1,0,211,Explotacion activa
512,2,ACO,poblacional,900.000950370837,900.0012680268771,True,False,0.009825770864267724,0.00422440983584238,0.0056013610284253446,0.07187729212730573,6.3861938066504536,0.02714000705095714,2,0,212,Explotacion activa
513,2,ACO,poblacional,900.000950370837,900.0016996735915,True,False,0.010048104502516253,0.004002076198048599,0.006046028304467654,0.07124441870363397,6.3861938066504536,0.027140007050820713,3,0,213,Explotacion activa
514,2,ACO,poblacional,900.000950370837,900.0010178220589,True,False,0.009414235917915903,0.003011300829484753,0.00640293508843115,0.07020055355512794,6.2587470619653125,0.02714000705077524,4,0,214,Explotacion activa
515,2,ACO,poblacional,900.000779835345,900.000779835345,True,False,0.009290847326838048,0.003181836321459741,0.0061090110053783064,0.06990230636984052,6.067576944937628,0.02714000705077524,0,0,215,Explotacion activa
516,2,ACO,poblacional,900.0007533645011,900.0007533645011,True,False,0.008467460773204039,0.002411391455325429,0.00605606931787861,0.06990230636984052,5.876406827909925,0.02714000705077524,0,0,216,Explotacion activa
517,2,ACO,poblacional,900.0007533645011,900.0012832866814,True,False,0.008777220655815654,0.002411391455325429,0.006365829200490225,0.06990230636984052,5.7489600832247785,0.0271400070507525,1,0,217,Explotacion activa
518,2,ACO,poblacional,900.0007156521924,900.0007156521924,True,False,0.008915317326909644,0.0024491037639791102,0.006466213562930534,0.06990230636984052,5.748960083224711,0.02714000705068429,0,0,218,Explotacion activa
519,2,ACO,poblacional,900.0007156521924,900.00082325073,True,False,0.008915317326909644,0.0024491037639791102,0.006466213562930534,0.06990230636984052,5.748960083224643,0.027140007050616078,1,0,219,Explotacion activa
520,2,ACO,poblacional,900.0006565543118,900.0006565543118,True,False,0.008808760967781382,0.0022654172132661188,0.006543343754515263,0.06990230636984052,5.748960083224574,0.027140007050547865,0,0,220,Explotacion activa
521,2,ACO,poblacional,900.0005338551756,900.0005338551756,True,False,0.008686061832008818,0.00238811634949343,0.006297945482515388,0.06483599571903367,5.42341665508004,0.02595892332747094,0,0,221,Explotacion activa
522,2,ACO,poblacional,900.0005338551756,900.0007695744981,True,False,0.008995821714620433,0.00238811634949343,0.0066077053651270035,0.06243206348974581,5.097873226935506,0.024777839604394013,1,0,222,Explotacion activa
523,2,ACO,poblacional,900.0005338551756,900.0006331746238,True,False,0.009207918620973032,0.0022904533730070398,0.006917465247965993,0.06062342742096687,4.772329798791002,0.0235967558813172,2,0,223,Explotacion activa
524,2,ACO,poblacional,900.0004728456476,900.0004728456476,True,False,0.009194055993816619,0.002351462901060586,0.006842593092756033,0.05040586541840633,4.663815322742835,0.02320306130695826,0,0,224,Explotacion activa
525,2,ACO,poblacional,900.0004728456476,900.000540049079,True,False,0.007813563506260834,0.0009709704135048014,0.006842593092756033,0.04748656198910339,4.663815322742835,0.02320306130695826,1,0,225,Explotacion activa
526,2,ACO,poblacional,900.0004728456476,900.0005155571215,True,False,0.007968398621187589,0.0009709704135048014,0.006997428207682788,0.04748656198910339,4.663815322742835,0.02320306130695826,2,0,226,Explotacion activa
527,2,ACO,poblacional,900.0004728456476,900.0005085305813,True,False,0.008086640386409272,0.0009709704135048014,0.00711566997290447,0.04748656198910339,4.663815322742835,0.02320306130695826,3,0,227,Explotacion activa
528,2,ACO,poblacional,900.0004728456476,900.0005367301001,True,False,0.008086640386636645,0.0009709704135048014,0.007115669973131844,0.034224584430467046,4.663815322742835,0.02320306130695826,4,0,228,Explotacion activa
529,2,ACO,poblacional,900.0003944848434,900.0003944848434,True,False,0.007930862024863927,0.000971913660350765,0.006958948364513162,0.025383266058042864,4.663815322742835,0.02320306130695826,0,0,229,Explotacion activa
530,2,ACO,poblacional,900.0003305901399,900.0003305901399,True,False,0.007807846438709021,0.000976687481056615,0.006831158957652406,0.025383266058042864,4.663815322742835,0.02320306130695826,0,0,230,Explotacion activa
531,2,ACO,poblacional,900.0003305901399,900.000424994576,True,False,0.007807846438936394,0.000976687481056615,0.006831158957879779,0.025383266058042864,4.663815322742835,0.02320306130695826,1,0,231,Explotacion activa
532,2,ACO,poblacional,900.0003305901399,900.0004488898293,True,False,0.007807846438709021,0.000976687481056615,0.006831158957652406,0.025144355464635733,4.663815322742835,0.02320306130695826,2,0,232,Explotacion activa
533,2,ACO,poblacional,900.0003305901399,900.0004410780089,True,False,0.007807846438936394,0.000976687481056615,0.006831158957879779,0.024785989574525047,4.663815322742835,0.02320306130695826,3,0,233,Explotacion activa
534,2,ACO,poblacional,900.000296097276,900.000296097276,True,False,0.007773353574748398,0.0010111803450172374,0.006762173229731161,0.024785989574525047,4.503904403876422,0.022921593365731473,0,0,234,Explotacion activa
535,2,ACO,poblacional,900.000296097276,900.0004105669728,True,False,0.007773353574748398,0.0010111803450172374,0.006762173229731161,0.024785989574525047,4.264038025576838,0.02249939145389135,1,0,235,Explotacion activa
536,2,ACO,poblacional,900.000296097276,900.0003746342874,True,False,0.008083113457587388,0.0010111803450172374,0.00707193311257015,0.024785989574525047,4.024171647277231,0.022077189542051186,2,0,236,Explotacion activa
537,2,ACO,poblacional,900.000296097276,900.0003348996563,True,False,0.008392873340199003,0.0010111803450172374,0.007381692995181766,0.024785989574525047,3.8242092273320534,0.021793558535273403,3,0,237,Explotacion activa
538,2,ACO,poblacional,900.0002119350961,900.0002119350961,True,False,0.008618471043178033,0.0010953425248771964,0.007523128518300837,0.024785989574525047,3.7040547240957244,0.02178706933862031,0,0,238,Explotacion activa
539,2,ACO,poblacional,900.0002119350961,900.0002208816353,True,False,0.008416624449864685,0.000738435740913701,0.007678188708950984,0.023630684033912514,3.5839002208593844,0.02178058014196722,1,0,239,Explotacion activa
540,2,ACO,poblacional,900.0002119350961,900.0003003737502,True,False,0.008416624449864685,0.000738435740913701,0.007678188708950984,0.020934971105816658,3.4637457176230555,0.02177409094531413,2,0,240,Explotacion activa
541,2,ACO,poblacional,900.0002097960339,900.0002097960339,True,False,0.008585020879650074,0.0007405748031032999,0.007844446076546774,0.020934971105816658,3.463745717622987,0.021097051981200796,0,0,241,Explotacion activa
542,2,ACO,poblacional,900.0001978826155,900.0001978826155,True,False,0.008743642953163544,0.0007524882215648176,0.007991154731598726,0.020934971105816658,3.463745717622919,0.02042001301708746,0,0,242,Explotacion activa
543,2,ACO,poblacional,900.0001978826155,900.0002192908756,True,False,0.008914178445138532,0.0007524882215648176,0.008161690223573714,0.020934971105816658,3.4637457176228508,0.01974297405297419,1,0,243,Explotacion activa
544,2,ACO,poblacional,900.0001895188196,900.0001895188196,True,False,0.008836619037879245,0.0005903165254039777,0.008246302512475268,0.020934971105816658,3.4636416637127696,0.019517294398224295,0,0,244,Explotacion activa
545,2,ACO,poblacional,900.0001895188196,900.000190841068,True,False,0.008810148193902023,0.0005638456814267556,0.008246302512475268,0.020934971105816658,3.4634855828476816,0.019517294398156082,1,0,245,Explotacion activa
546,2,ACO,poblacional,900.0001638979439,900.0001638979439,True,False,0.00890272307935902,0.0005894665571304358,0.008313256522228585,0.020934971105816658,3.4633295019825936,0.01951729439808787,0,0,246,Explotacion activa
547,2,ACO,poblacional,900.0001638979439,900.000224130943,True,False,0.00898770990693265,0.0005517542484767546,0.008435955658455896,0.020934971105816658,3.4338785816686754,0.019444677928140648,1,0,247,Explotacion activa
548,2,ACO,poblacional,900.0001638979439,900.0002122314628,True,False,0.009110409043159962,0.0005517542484767546,0.008558654794683207,0.0207193869343655,3.3458379824571223,0.019226828518435463,2,0,248,Explotacion activa
549,2,ACO,poblacional,900.0001565546365,900.0001565546365,True,False,0.009159578724279527,0.000499999675298568,0.008659579048980959,0.019943652971517175,3.2577973832455607,0.01900897910873026,0,0,249,Explotacion activa
550,2,ACO,poblacional,900.0001565546365,900.0001813753801,True,False,0.009121041767912175,0.00037730053907125694,0.008743741228840918,0.01846896021379507,3.169756784034007,0.018791129699025078,1,0,250,Explotacion activa
551,2,ACO,poblacional,900.0001565546365,900.0001826626306,True,False,0.009158898644159308,0.00037730053907125694,0.008781598105088051,0.016128726075783098,3.1145732313833356,0.018791129699025078,2,0,251,Explotacion activa
552,2,ACO,poblacional,900.0001504826159,900.0001504826159,True,False,0.00915282662356276,0.00038337255966780504,0.008769454063894955,0.015125768588063693,3.059389678732664,0.018791129699025078,0,0,252,Explotacion activa
553,2,ACO,poblacional,900.0001504826159,900.0001600639987,True,False,0.009091817095509214,0.00032236303161425894,0.008769454063894955,0.015125768588063693,3.004206126081998,0.018791129699025078,1,0,253,Explotacion activa
554,2,ACO,poblacional,900.0001463672131,900.0001463672131,True,False,0.009087701692692463,0.0003264784344310101,0.008761223258261452,0.015125768588063693,2.985811608531776,0.018605052604334545,0,0,254,Explotacion activa
555,2,ACO,poblacional,900.0001463672131,900.0001567930212,True,False,0.009171863872552422,0.0003264784344310101,0.008845385438121411,0.014727310733007926,2.985811608531776,0.018325936962298783,1,0,255,Explotacion activa
556,2,ACO,poblacional,900.0001463672131,900.000158948518,True,False,0.00925602605241238,0.0003264784344310101,0.00892954761798137,0.014328852877952158,2.985811608531776,0.018046821320262998,2,0,256,Explotacion activa
557,2,ACO,poblacional,900.0001355007851,900.0001355007851,True,False,0.009329321804216306,0.00033734486248704343,0.008991976941729263,0.014328852877952158,2.9604471925560403,0.017654346876247427,0,0,257,Explotacion activa
558,2,ACO,poblacional,900.0001272622823,900.0001272622823,True,False,0.00927474697289199,0.00026722256109223963,0.00900752441179975,0.013912260748156763,2.8843539446288546,0.017035154828272413,0,0,258,Explotacion activa
559,2,ACO,poblacional,900.0001272622823,900.0001553178818,True,False,0.009210852269461611,0.00020332785766186134,0.00900752441179975,0.013465493075500492,2.8082606967016615,0.016415962780297343,1,0,259,Explotacion activa
560,2,ACO,poblacional,900.0001272622823,900.0001454068911,True,False,0.009279837997382856,0.00020332785766186134,0.009076510139720995,0.01307106737453978,2.732167448774476,0.01579677073232233,2,0,260,Explotacion activa
561,2,ACO,poblacional,900.0001200131874,900.0001200131874,True,False,0.009272588902490497,0.00021057695255422004,0.009062011949936277,0.010792391233314894,2.732167448774476,0.01579677073232233,0,0,261,Explotacion activa
562,2,ACO,poblacional,900.0001165882549,900.0001165882549,True,False,0.009269163969975125,0.0002140018850695924,0.009055162084905533,0.009815815744218526,2.732167448774476,0.01579677073232233,0,0,262,Explotacion activa
563,2,ACO,poblacional,900.0001137008289,900.0001137008289,True,False,0.00923178368009303,0.00018239644703044178,0.009049387233062589,0.009677766495462935,2.732167448774476,0.01579677073232233,0,0,263,Explotacion activa
564,2,ACO,poblacional,900.000091413018,900.000091413018,True,False,0.009293658049045916,0.0002046842579375152,0.009088973791108401,0.008711421754173903,2.732167448774476,0.015796770732276855,0,0,264,Explotacion activa
565,2,ACO,poblacional,900.000091413018,900.0000925975044,True,False,0.009377820228905875,0.0002046842579375152,0.00917313597096836,0.008435323256662741,2.732167448774476,0.015796770732208643,1,0,265,Explotacion activa
566,2,ACO,poblacional,900.000091413018,900.0000958021651,True,False,0.009461982408765834,0.0002046842579375152,0.00925729815082832,0.008415790661365464,2.732167448774476,0.01579677073214043,2,0,266,Explotacion activa
567,2,ACO,poblacional,900.0000842946984,900.0000842946984,True,False,0.009466441766221578,0.00012764039774992852,0.00933880136847165,0.008347426577824989,2.732167448774476,0.015756598021789605,0,0,267,Explotacion activa
568,2,ACO,poblacional,900.0000842946984,900.0000998172292,True,False,0.009490268603144614,0.00012764039774992852,0.009362628205394685,0.008337660280176351,2.732167448774476,0.015636079890873587,1,0,268,Explotacion activa
569,2,ACO,poblacional,900.0000842946984,900.0001117902581,True,False,0.009490268603144614,0.00012764039774992852,0.009362628205394685,0.007915599324348935,2.732167448774476,0.015515561759957556,2,0,269,Explotacion activa
570,2,ACO,poblacional,900.0000778412119,900.0000778412119,True,False,0.00949840364614829,0.00013195482199535036,0.00936644882415294,0.0069307904274182874,2.732167448774476,0.015395043629041538,0,0,270,Explotacion activa
571,2,ACO,poblacional,900.0000731477496,900.0000731477496,True,False,0.009481796765385297,0.00012473486583530757,0.00935706189954999,0.0069307904274182874,2.732167448774476,0.015395043629041538,0,0,271,Explotacion activa
572,2,ACO,poblacional,900.0000731477496,900.0000886114404,True,False,0.009507417641088978,0.00012473486583530757,0.00938268277525367,0.0069071420743284755,2.732167448774476,0.015395043629041538,1,0,272,Explotacion activa
573,2,ACO,poblacional,900.0000731477496,900.000075025146,True,False,0.00952467472097851,0.00011637107002115954,0.00940830365095735,0.0068639277889587895,2.732167448774476,0.015395043629041538,2,0,273,Explotacion activa
574,2,ACO,poblacional,900.0000731477496,900.0000742356787,True,False,0.00953467391536833,0.00011637107002115954,0.00941830284534717,0.006809735498814007,2.6877387047183183,0.015395043629041538,3,0,274,Explotacion activa
575,2,ACO,poblacional,900.0000731477496,900.000087830076,True,False,0.009523739654468955,9.075019431747933e-05,0.009432989460151475,0.006794251987344069,2.621095588634091,0.015395043629041538,4,0,275,Explotacion activa
576,2,ACO,poblacional,900.0000686106405,900.0000686106405,True,False,0.009519202545334338,9.528730345209624e-05,0.009423915241882241,0.006702104378655348,2.554452472549858,0.015395043629041538,0,0,276,Explotacion activa
577,2,ACO,poblacional,900.0000658812056,900.0000658812056,True,False,0.009516473110465995,9.801673832043889e-05,0.009418456372145556,0.006379587748244828,2.5100237284937066,0.015395043629041538,0,0,277,Explotacion activa
578,2,ACO,poblacional,900.0000658812056,900.0000673579551,True,False,0.009521273844256939,9.067343091828661e-05,0.009430600413338652,0.006333513943900471,2.5100237284937066,0.015395043629041538,1,0,278,Explotacion activa
579,2,ACO,poblacional,900.0000630672038,900.0000630672038,True,False,0.009518459842411175,9.348743276405003e-05,0.009424972409647125,0.006333513943900471,2.5100237284937066,0.015395043629041538,0,0,279,Explotacion activa
580,2,ACO,poblacional,900.0000630672038,900.000066189463,True,False,0.009526690648044678,9.348743276405003e-05,0.009433203215280628,0.006333513943900471,2.5100237284937066,0.015395043629041538,1,0,280,Explotacion activa
581,2,ACO,poblacional,900.0000604147676,900.0000604147676,True,False,0.009517966191310734,9.006784830489778e-05,0.009427898343005836,0.006333513943900471,2.510023728493638,0.015395043629041538,0,0,281,Explotacion activa
582,2,ACO,poblacional,900.00005447852,900.00005447852,True,False,0.009512029943721245,9.600409589438641e-05,0.009416025847826859,0.0054898723006772225,2.5100237284935702,0.015395043629041538,0,0,282,Explotacion activa
583,2,ACO,poblacional,900.0000517283247,900.0000517283247,True,False,0.009526897201681095,9.463888841310109e-05,0.009432258313267994,0.00422440983584238,2.510023728493502,0.015395043629041538,0,0,283,Explotacion activa
584,2,ACO,poblacional,900.0000517283247,900.0000588723382,True,False,0.009543374207282795,9.463888841310109e-05,0.009448735318869694,0.00422440983584238,2.312764289226976,0.014347500079065777,1,0,284,Explotacion activa
585,2,ACO,poblacional,900.0000517283247,900.000053931073,True,False,0.009543374207282795,9.463888841310109e-05,0.009448735318869694,0.00422440983584238,2.0168751303272643,0.01277618475410236,2,0,285,Explotacion activa
586,2,ACO,poblacional,900.0000517283247,900.0000567290022,True,False,0.009532507779226762,8.377246035706776e-05,0.009448735318869694,0.004179943108283623,1.7209859714275242,0.011204869429138793,3,0,286,Explotacion activa
587,2,ACO,poblacional,900.0000517283247,900.0000546224998,True,False,0.00953876746621063,7.55339575562175e-05,0.009463233508654412,0.004024309561827976,1.5237265321610267,0.010157325879163182,4,0,287,Explotacion activa
588,2,ACO,poblacional,900.0000517283247,900.0000532977364,True,False,0.009545617331241374,7.55339575562175e-05,0.009470083373685156,0.003921332310346769,1.5237265321609583,0.010157325879163182,5,0,288,Explotacion activa
589,2,ACO,poblacional,900.000042775543,900.000042775543,True,False,0.009542439401343472,8.448673929706274e-05,0.00945795266204641,0.0038675030518788844,1.5237265321608902,0.010157325879163182,0,0,289,Explotacion activa
590,2,ACO,poblacional,900.000042775543,900.0000525797091,True,False,0.009557478117358187,7.723764440470404e-05,0.009480240472953483,0.0038675030518788844,1.523726532160822,0.010157325879163182,1,0,290,Explotacion activa
591,2,ACO,poblacional,900.000042775543,900.0000446401309,True,False,0.009576340995749888,7.38127118893317e-05,0.009502528283860556,0.0038675030518788844,1.5049697365277772,0.010157325879163182,2,0,291,Explotacion activa
592,2,ACO,poblacional,900.000042775543,900.0000442903856,True,False,0.00959574138073549,7.092528596785996e-05,0.00952481609476763,0.003593236359711223,1.4862129408947324,0.010157325879163182,3,0,292,Explotacion activa
593,2,ACO,poblacional,900.000042775543,900.0000448722246,True,False,0.009600123628160873,4.863747506078653e-05,0.009551486153100086,0.003164782772262241,1.4674561452616897,0.010157325879163182,4,0,293,Explotacion activa
594,2,ACO,poblacional,900.0000403196985,900.0000403196985,True,False,0.009602951641340951,5.109331948460749e-05,0.009551858321856344,0.0030454079278797513,1.4612038800506753,0.010157325879163182,0,0,294,Explotacion activa
595,2,ACO,poblacional,900.0000403196985,900.0000412653856,True,False,0.009602951641340951,5.109331948460749e-05,0.009551858321856344,0.0027302022967319317,1.4612038800506753,0.010157325879163182,1,0,295,Explotacion activa
596,2,ACO,poblacional,900.0000403196985,900.0000442224422,True,False,0.009604786103409424,4.397499981223518e-05,0.009560811103597189,0.0024491037639791102,1.4612038800506753,0.010157325879163182,2,0,296,Explotacion activa
597,2,ACO,poblacional,900.0000403196985,900.0000445952609,True,False,0.00961373888515027,4.397499981223518e-05,0.009569763885338034,0.0024491037639791102,1.4612038800506753,0.010157325879163182,3,0,297,Explotacion activa
598,2,ACO,poblacional,900.0000403196985,900.0000449814872,True,False,0.00961812721914157,4.397499981223518e-05,0.009574152219329335,0.002426476378786901,1.4612038800506753,0.010157325879163182,4,0,298,Explotacion activa
599,2,ACO,poblacional,900.000035651419,900.000035651419,True,False,0.009607005453176498,4.2189792907265655e-05,0.009564815660269232,0.002411391455325429,1.4612038800506753,0.010157325879163182,0,0,299,Explotacion activa
600,2,ACO,poblacional,900.000035651419,900.0000401206231,True,False,0.009602311990875023,3.749633060579072e-05,0.009564815660269232,0.002411391455325429,1.4612038800506753,0.010157325879163182,1,0,300,Explotacion activa
601,3,PSO,poblacional,900.000035651419,900.000035651419,False,False,,,,,,,0,0,0,Llenando ventana
602,3,PSO,poblacional,900.000035651419,900.000035651419,False,False,,,,,,,0,0,0,Llenando ventana
603,3,PSO,poblacional,900.000035651419,900.000035651419,False,False,,,,,,,0,0,0,Llenando ventana
604,3,PSO,poblacional,900.000035651419,900.000035651419,False,False,,,,,,,0,0,0,Llenando ventana
605,3,PSO,poblacional,900.000035651419,900.000035651419,False,False,,,,,,,0,0,0,Llenando ventana
606,3,PSO,poblacional,900.000035651419,900.000035651419,False,False,,,,,,,0,0,0,Llenando ventana
607,3,PSO,poblacional,900.000035651419,900.000035651419,False,False,,,,,,,0,0,0,Llenando ventana
608,3,PSO,poblacional,900.000035651419,900.000035651419,False,False,,,,,,,0,0,0,Llenando ventana
609,3,PSO,poblacional,900.000035651419,900.000035651419,False,False,,,,,,,0,0,0,Llenando ventana
610,3,PSO,poblacional,900.000035651419,900.000035651419,False,False,,,,,,,0,0,0,Llenando ventana
611,3,PSO,poblacional,900.000035651419,900.000035651419,False,False,,,,,,,0,0,0,Llenando ventana
612,3,PSO,poblacional,900.000035651419,900.000035651419,False,False,,,,,,,0,0,0,Llenando ventana
613,3,PSO,poblacional,900.000035651419,900.000035651419,False,False,,,,,,,0,0,0,Llenando ventana
614,3,PSO,poblacional,900.000035651419,900.000035651419,False,False,,,,,,,0,0,0,Llenando ventana
615,3,PSO,poblacional,900.000035651419,900.000035651419,False,False,,,,,,,0,0,0,Llenando ventana
616,3,PSO,poblacional,900.000035651419,900.000035651419,False,False,,,,,,,0,0,0,Llenando ventana
617,3,PSO,poblacional,900.000035651419,900.000035651419,False,False,,,,,,,0,0,0,Llenando ventana
618,3,PSO,poblacional,900.000035651419,900.000035651419,False,False,,,,,,,0,0,0,Llenando ventana
619,3,PSO,poblacional,900.000035651419,900.000035651419,False,False,,,,,,,0,0,0,Llenando ventana
620,3,PSO,poblacional,900.000035651419,900.000035651419,False,False,,,,,,,0,0,0,Llenando ventana
621,3,PSO,poblacional,900.000035651419,900.000035651419,False,False,,,,,,,0,0,0,Llenando ventana
622,3,PSO,poblacional,900.000035651419,900.000035651419,False,False,,,,,,,0,0,0,Llenando ventana
623,3,PSO,poblacional,900.000035651419,900.000035651419,False,False,,,,,,,0,0,0,Llenando ventana
624,3,PSO,poblacional,900.000035651419,900.000035651419,False,False,,,,,,,0,0,0,Llenando ventana
625,3,PSO,poblacional,900.000035651419,900.000035651419,False,False,,,,,,,0,0,0,Llenando ventana
626,3,PSO,poblacional,900.000035651419,900.000035651419,False,False,,,,,,,0,0,0,Llenando ventana
627,3,PSO,poblacional,900.000035651419,900.000035651419,False,False,,,,,,,0,0,0,Llenando ventana
628,3,PSO,poblacional,900.000035651419,900.000035651419,False,False,,,,,,,0,0,0,Llenando ventana
629,3,PSO,poblacional,900.000035651419,900.000035651419,False,False,,,,,,,0,0,0,Llenando ventana
630,3,PSO,poblacional,900.000035651419,900.000035651419,False,False,,,0.00966666666670335,,,,0,0,0,Llenando ventana
631,3,PSO,poblacional,900.000035651419,900.000035651419,False,False,,,0.00966666666670335,,,,0,0,0,Llenando ventana
632,3,PSO,poblacional,900.000035651419,900.000035651419,False,False,,,0.00966666666670335,,,,0,0,0,Llenando ventana
633,3,PSO,poblacional,900.000035651419,900.000035651419,False,False,,,0.00966666666670335,,,,0,0,0,Llenando ventana
634,3,PSO,poblacional,900.000035651419,900.000035651419,False,False,,,0.00966666666670335,,,,0,0,0,Llenando ventana
635,3,PSO,poblacional,900.0000337926771,900.0000337926771,False,False,,,0.009657372957008192,,,,0,0,0,Llenando ventana
636,3,PSO,poblacional,900.0000337926771,900.0000343203918,False,False,,,0.009657372957008192,,,,0,0,0,Llenando ventana
637,3,PSO,poblacional,900.0000337926771,900.0000359130852,False,False,,,0.009657372957008192,,,,0,0,0,Llenando ventana
638,3,PSO,poblacional,900.0000337926771,900.000035061327,False,False,,,0.009657372957008192,,,,0,0,0,Llenando ventana
639,3,PSO,poblacional,900.0000337926771,900.0000338722452,False,False,,,0.009657372957008192,,,,0,0,0,Llenando ventana
640,3,PSO,poblacional,900.0000337926771,900.0000339609659,False,False,,,0.009657372957008192,,,,0,0,0,Llenando ventana
641,3,PSO,poblacional,900.0000337926771,900.0000339911844,False,False,,,0.009657372957008192,,,,0,0,0,Llenando ventana
642,3,PSO,poblacional,900.0000337926771,900.0000341011114,False,False,,,0.009657372957008192,,,,0,0,0,Llenando ventana
643,3,PSO,poblacional,900.0000337926771,900.0000342205165,False,False,,,0.009657372957008192,,,,0,0,0,Llenando ventana
644,3,PSO,poblacional,900.0000337926771,900.0000340435873,False,False,,,0.009657372957008192,,,,0,0,0,Llenando ventana
645,3,PSO,poblacional,900.0000337926771,900.0000338209927,False,False,,,0.009657372957008192,,,,0,0,0,Llenando ventana
646,3,PSO,poblacional,900.0000337926771,900.0000337947358,False,False,,,0.009657372957008192,,,,0,0,0,Llenando ventana
647,3,PSO,poblacional,900.0000316816661,900.0000316816661,False,False,,,0.009652394127897423,,,,0,0,0,Llenando ventana
648,3,PSO,poblacional,900.0000316816661,900.0000323821923,False,False,,,0.009652394127897423,,,,0,0,0,Llenando ventana
649,3,PSO,poblacional,900.0000315438053,900.0000315438053,False,False,,,0.009652118406393129,,,,0,0,0,Llenando ventana
650,3,PSO,poblacional,900.0000314604404,900.0000314604404,False,False,,,0.009651951676460158,,,,0,0,0,Llenando ventana
651,3,PSO,poblacional,900.0000312094991,900.0000312094991,False,False,,,0.00965144979386423,,,,0,0,0,Llenando ventana
652,3,PSO,poblacional,900.0000312094991,900.0000312452512,False,False,,,0.00965144979386423,,,,0,0,0,Llenando ventana
653,3,PSO,poblacional,900.0000312094991,900.0000312808032,False,False,,,0.00965144979386423,,,,0,0,0,Llenando ventana
654,3,PSO,poblacional,900.000031208966,900.000031208966,False,False,,,0.009651448727709067,,,,0,0,0,Llenando ventana
655,3,PSO,poblacional,900.000031208966,900.0000314789924,False,False,,,0.009651448727709067,,,,0,0,0,Llenando ventana
656,3,PSO,poblacional,900.0000311487732,900.0000311487732,False,False,,,0.009651328342215493,,,,0,0,0,Llenando ventana
657,3,PSO,poblacional,900.0000311487732,900.0000312666948,False,False,,,0.009651328342215493,,,,0,0,0,Llenando ventana
658,3,PSO,poblacional,900.0000309927503,900.0000309927503,False,False,,,0.009651016296402304,,,,0,0,0,Llenando ventana
659,3,PSO,poblacional,900.0000306370318,900.0000306370318,False,False,,,0.009650304859405878,,,,0,0,0,Llenando ventana
660,3,PSO,poblacional,900.0000305881175,900.0000305881175,False,False,,,0.00965020703074515,,,,0,0,0,Llenando ventana
661,3,PSO,poblacional,900.0000305881175,900.0000306082952,False,False,,,0.009652318041730723,,,,0,0,0,Llenando ventana
662,3,PSO,poblacional,900.0000305090837,900.0000305090837,False,False,,,0.009653766446945156,,,,0,0,0,Llenando ventana
663,3,PSO,poblacional,900.0000305090837,900.0000305994698,False,False,,,0.009653766446945156,,,,0,0,0,Llenando ventana
664,3,PSO,poblacional,900.0000305090837,900.0000307035502,False,False,,,0.009653766446945156,,,,0,0,0,Llenando ventana
665,3,PSO,poblacional,900.0000305090837,900.000030537081,False,False,,,0.009653766446945156,,,,0,0,0,Llenando ventana
666,3,PSO,poblacional,900.000030488562,900.000030488562,False,False,,,0.009653725403495628,,,,0,0,0,Llenando ventana
667,3,PSO,poblacional,900.0000296920238,900.0000296920238,False,False,,,0.009652132327119034,,,,0,0,0,Llenando ventana
668,3,PSO,poblacional,900.0000295329395,900.0000295329395,False,False,,,0.009651814158587513,,,,0,0,0,Llenando ventana
669,3,PSO,poblacional,900.0000289846924,900.0000289846924,False,False,,,0.009650717664499098,,,,0,0,0,Llenando ventana
670,3,PSO,poblacional,900.00002859839,900.00002859839,False,False,,,0.009649945059663878,,,,0,0,0,Llenando ventana
671,3,PSO,poblacional,900.0000284074262,900.0000284074262,False,False,,,0.009649563131915784,,,,0,0,0,Llenando ventana
672,3,PSO,poblacional,900.000028189981,900.000028189981,False,False,,,0.009649128241562721,,,,0,0,0,Llenando ventana
673,3,PSO,poblacional,900.0000280482241,900.0000280482241,False,False,,,0.009650955738720768,,,,0,0,0,Llenando ventana
674,3,PSO,poblacional,900.0000278913781,900.0000278913781,False,False,,,0.009652753057707741,,,,0,0,0,Llenando ventana
675,3,PSO,poblacional,900.00002781865,900.00002781865,False,False,,,0.009654718612523538,,,,0,0,0,Llenando ventana
676,3,PSO,poblacional,900.0000275460701,900.0000275460701,False,False,,,0.009656448311602617,,,,0,0,0,Llenando ventana
677,3,PSO,poblacional,900.0000274944967,900.0000274944967,False,False,,,0.00965684704749492,,,,0,0,0,Llenando ventana
678,3,PSO,poblacional,900.0000274944967,900.0000275964812,False,False,,,0.00965684704749492,,,,0,0,0,Llenando ventana
679,3,PSO,poblacional,900.0000271001775,900.0000271001775,False,False,,,0.00965605840895023,,,,0,0,0,Llenando ventana
680,3,PSO,poblacional,900.0000268637939,900.0000268637939,False,False,,,0.009655586707935981,,,,0,0,0,Llenando ventana
681,3,PSO,poblacional,900.0000266449172,900.0000266449172,False,False,,,0.009655148954493598,,,,0,0,0,Llenando ventana
682,3,PSO,poblacional,900.0000262985104,900.0000262985104,False,False,,,0.00965457652648638,,,,0,0,0,Llenando ventana
683,3,PSO,poblacional,900.0000257199362,900.0000257199362,False,False,,,0.00965341937796893,,,,0,0,0,Llenando ventana
684,3,PSO,poblacional,900.0000248305354,900.0000248305354,False,False,,,0.009651674034444113,,,,0,0,0,Llenando ventana
685,3,PSO,poblacional,900.0000240001133,900.0000240001133,False,False,,,0.009650724627249474,,,,0,0,0,Llenando ventana
686,3,PSO,poblacional,900.0000240001133,900.0000240277332,False,False,,,0.009650822455910202,,,,0,0,0,Llenando ventana
687,3,PSO,poblacional,900.0000235314097,900.0000235314097,False,False,,,0.009649885048816031,,,,0,0,0,Llenando ventana
688,3,PSO,poblacional,900.000023240598,900.000023240598,False,False,,,0.00964946149304069,,,,0,0,0,Llenando ventana
689,3,PSO,poblacional,900.000023240598,900.0000235359817,False,False,,,0.00964946149304069,,,,0,0,0,Llenando ventana
690,3,PSO,poblacional,900.000023240598,900.0000233601206,False,False,,,0.00964946149304069,,,,0,0,0,Llenando ventana
691,3,PSO,poblacional,900.0000188424023,900.0000188424023,False,False,,,0.009630138716602232,,,,0,0,0,Llenando ventana
692,3,PSO,poblacional,900.0000188424023,900.0000198804447,False,False,,,0.00963017976005176,,,,0,0,0,Llenando ventana
693,3,PSO,poblacional,900.0000159650564,900.0000159650564,False,False,,,0.009626018144672344,,,,0,0,0,Llenando ventana
694,3,PSO,poblacional,900.0000127032439,900.0000127032439,False,False,,,0.009619812688242746,,,,0,0,0,Llenando ventana
695,3,PSO,poblacional,900.0000108855432,900.0000108855432,False,False,,,0.009617273781032054,,,,0,0,0,Llenando ventana
696,3,PSO,poblacional,900.0000108855432,900.0000118859022,False,False,,,0.009618046385867274,,,,0,0,0,Llenando ventana
697,3,PSO,poblacional,900.0000098212868,900.0000098212868,False,False,,,0.009616299800654815,,,,0,0,0,Llenando ventana
698,3,PSO,poblacional,900.000007257374,900.000007257374,False,False,,,0.009611606865519207,,,,0,0,0,Llenando ventana
699,3,PSO,poblacional,900.0000068244898,900.0000068244898,False,False,,,0.009611024610876484,,,,0,0,0,Llenando ventana
700,3,PSO,poblacional,900.0000068244898,900.0000068579737,False,False,,,0.009611338302875083,,,,0,0,0,Llenando ventana
701,3,PSO,poblacional,900.0000053860409,900.0000053860409,False,False,,,0.009608606861320368,,,,0,0,0,Llenando ventana
702,3,PSO,poblacional,900.0000050933423,900.0000050933423,False,False,,,0.00960856662391052,,,,0,0,0,Llenando ventana
703,3,PSO,poblacional,900.000002711324,900.000002711324,False,False,,,0.009603905733911233,,,,0,0,0,Llenando ventana
704,3,PSO,poblacional,900.0000011519722,900.0000011519722,False,False,,,0.009600787030421998,,,,0,0,0,Llenando ventana
705,3,PSO,poblacional,900.0000011519722,900.0000018444331,False,False,,,0.009601575668966689,,,,0,0,0,Llenando ventana
706,3,PSO,poblacional,900.0000011519722,900.0000016058063,False,False,,,0.009602048436136101,,,,0,0,0,Llenando ventana
707,3,PSO,poblacional,900.0000011519722,900.0000013305786,False,False,,,0.009602486189578485,,,,0,0,0,Llenando ventana
708,3,PSO,poblacional,900.000000793752,900.000000793752,False,False,,,0.009602462562497749,,,,0,0,0,Llenando ventana
709,3,PSO,poblacional,900.0000007926051,900.0000007926051,False,False,,,0.009603617417269561,,,,0,0,0,Llenando ventana
710,3,PSO,poblacional,900.0000007926051,900.0000013219319,False,False,,,0.00960539621883072,,,,0,0,0,Llenando ventana
711,3,PSO,poblacional,900.0000007926051,900.0000010101264,False,False,,,0.009607057063021784,,,,0,0,0,Llenando ventana
712,3,PSO,poblacional,900.0000003418675,900.0000003418675,False,False,,,0.009606155587789544,,,,0,0,0,Llenando ventana
713,3,PSO,poblacional,900.0000003418675,900.0000007422965,False,False,,,0.009607092994883715,,,,0,0,0,Llenando ventana
714,3,PSO,poblacional,900.0000003418675,900.0000004173253,False,False,,,0.009607674618337114,,,,0,0,0,Llenando ventana
715,3,PSO,poblacional,900.0000003418675,900.0000003919757,False,False,,,0.009607674618337114,,,,0,0,0,Llenando ventana
716,3,PSO,poblacional,900.0000003153584,900.0000003153584,False,False,,,0.009607621600252969,,,,0,0,0,Llenando ventana
717,3,PSO,poblacional,900.0000003153584,900.0000003487042,False,False,,,0.009612019796009008,,,,0,0,0,Llenando ventana
718,3,PSO,poblacional,900.0000003153584,900.0000003978539,False,False,,,0.009616417991765047,,,,0,0,0,Llenando ventana
719,3,PSO,poblacional,900.0000003153584,900.000000359389,False,False,,,0.009620816187521086,,,,0,0,0,Llenando ventana
720,3,PSO,poblacional,900.0000002979209,900.0000002979209,False,False,,,0.009626315891523518,,,,0,0,0,Llenando ventana
721,3,PSO,poblacional,900.0000002161256,900.0000002161256,False,False,,,0.009629414113419443,,,,0,0,0,Llenando ventana
722,3,PSO,poblacional,900.0000002161256,900.0000002390009,False,False,,,0.009635168805175454,,,,0,0,0,Llenando ventana
723,3,PSO,poblacional,900.0000001676175,900.0000001676175,False,False,,,0.00963966758990864,,,,0,0,0,Llenando ventana
724,3,PSO,poblacional,900.0000001676175,900.000000183511,False,False,,,0.009642231502652976,,,,0,0,0,Llenando ventana
725,3,PSO,poblacional,900.0000001660432,900.0000001660432,False,False,,,0.009644792266726654,,,,0,0,0,Llenando ventana
726,3,PSO,poblacional,900.0000001660432,900.0000002386054,False,False,,,0.009646203718375546,,,,0,0,0,Llenando ventana
727,3,PSO,poblacional,900.0000001399382,900.0000001399382,False,False,,,0.009648533526728897,,,,0,0,0,Llenando ventana
728,3,PSO,poblacional,900.0000000806095,900.0000000806095,False,False,,,0.009649495146049958,,,,0,0,0,Llenando ventana
729,3,PSO,poblacional,900.0000000806095,900.0000001518713,False,False,,,0.009651877164401412,,,,0,0,0,Llenando ventana
730,3,PSO,poblacional,900.0000000765012,900.0000000765012,False,False,,,0.009654250966150357,,,,0,0,0,Llenando ventana
731,3,PSO,poblacional,900.0000000765012,900.0000000856197,False,False,,,0.009656632984501812,,,,0,0,0,Llenando ventana
732,3,PSO,poblacional,900.0000000721304,900.0000000721304,False,False,,,0.009661388279596395,,,,0,0,0,Llenando ventana
733,3,PSO,poblacional,900.0000000721304,900.0000000848496,False,False,,,0.00966315477023727,,,,0,0,0,Llenando ventana
734,3,PSO,poblacional,900.0000000721304,900.0000000724361,False,False,,,0.00966360550785339,,,,0,0,0,Llenando ventana
735,3,PSO,poblacional,900.000000037169,900.000000037169,False,False,,,0.009663803581702268,,,,0,0,0,Llenando ventana
736,3,PSO,poblacional,900.0000000369198,900.0000000369198,False,False,,,0.009663803083299172,,,,0,0,0,Llenando ventana
737,3,PSO,poblacional,900.0000000353015,900.0000000353015,False,False,,,0.009663799846634902,,,,0,0,0,Llenando ventana
738,3,PSO,poblacional,900.0000000274109,900.0000000274109,False,False,,,0.009664234803153704,,,,0,0,0,Llenando ventana
739,3,PSO,poblacional,900.0000000215294,900.0000000215294,False,False,,,0.009664673777820099,,,,0,0,0,Llenando ventana
740,3,PSO,poblacional,900.0000000117689,900.0000000117689,False,False,,,0.009665104994269313,,,,0,0,0,Llenando ventana
741,3,PSO,poblacional,900.0000000117689,900.0000000237891,False,False,,,0.009665761083624602,,,,0,0,0,Llenando ventana
742,3,PSO,poblacional,900.0000000117689,900.0000000144838,False,False,,,0.009665814101708747,,,,0,0,0,Llenando ventana
743,3,PSO,poblacional,900.0000000117689,900.0000000180613,False,False,,,0.009665814101708747,,,,0,0,0,Llenando ventana
744,3,PSO,poblacional,900.0000000100046,900.0000000100046,False,False,,,0.009665810573096678,,,,0,0,0,Llenando ventana
745,3,PSO,poblacional,900.0000000100046,900.0000000108274,False,False,,,0.009665810573096678,,,,0,0,0,Llenando ventana
746,3,PSO,poblacional,900.0000000100046,900.0000000124326,False,False,,,0.009665845448125765,,,,0,0,0,Llenando ventana
747,3,PSO,poblacional,900.0000000072962,900.0000000072962,False,False,,,0.009665921826695012,,,,0,0,0,Llenando ventana
748,3,PSO,poblacional,900.0000000072962,900.0000000077566,False,False,,,0.009666003621987329,,,,0,0,0,Llenando ventana
749,3,PSO,poblacional,900.0000000072962,900.0000000073578,False,False,,,0.009666085417279646,,,,0,0,0,Llenando ventana
750,3,PSO,poblacional,900.0000000067155,900.0000000067155,False,False,,,0.009666166876854732,,,,0,0,0,Llenando ventana
751,3,PSO,poblacional,900.0000000043522,900.0000000043522,False,False,,,0.009666165298881424,,,,0,0,0,Llenando ventana
752,3,PSO,poblacional,900.0000000043522,900.0000000057382,False,False,,,0.009666165298881424,,,,0,0,0,Llenando ventana
753,3,PSO,poblacional,900.0000000043522,900.0000000063012,False,False,,,0.009666217508879527,,,,0,0,0,Llenando ventana
754,3,PSO,poblacional,900.000000001137,900.000000001137,False,False,,,0.009666270407137745,,,,0,0,0,Llenando ventana
755,3,PSO,poblacional,900.000000001137,900.0000000032252,False,False,,,0.009666329735750878,,,,0,0,0,Llenando ventana
756,3,PSO,poblacional,900.000000001137,900.000000001758,False,False,,,0.009666389064364012,,,,0,0,0,Llenando ventana
757,3,PSO,poblacional,900.000000001137,900.0000000018958,False,False,,,0.009666411053899537,,,,0,0,0,Llenando ventana
758,3,PSO,poblacional,900.000000001126,900.000000001126,False,False,,,0.009666419773452617,,,,0,0,0,Llenando ventana
759,3,PSO,poblacional,900.000000001126,900.0000000015373,False,False,,,0.009666419773452617,,,,0,0,0,Llenando ventana
760,3,PSO,poblacional,900.000000000997,900.000000000997,False,False,,,0.009666419515610869,,,,0,0,0,Llenando ventana
761,3,PSO,poblacional,900.0000000009245,900.0000000009245,False,False,,,0.009666454331977548,,,,0,0,0,Llenando ventana
762,3,PSO,poblacional,900.0000000009245,900.0000000011729,False,False,,,0.009666489293408631,,,,0,0,0,Llenando ventana
763,3,PSO,poblacional,900.0000000006696,900.0000000006696,False,False,,,0.009666523745067934,,,,0,0,0,Llenando ventana
764,3,PSO,poblacional,900.0000000006172,900.0000000006172,False,False,,,0.009666577777011298,,,,0,0,0,Llenando ventana
765,3,PSO,poblacional,900.0000000005895,900.0000000005895,False,False,,,0.009666587482115574,,,,0,0,0,Llenando ventana
766,3,PSO,poblacional,900.0000000005895,900.0000000006829,False,False,,,0.009666597242699027,,,,0,0,0,Llenando ventana
767,3,PSO,poblacional,900.0000000004098,900.0000000004098,False,False,,,0.009666612664545937,,,,0,0,0,Llenando ventana
768,3,PSO,poblacional,900.0000000004098,900.0000000004927,False,False,,,0.009666624427495663,,,,0,0,0,Llenando ventana
769,3,PSO,poblacional,900.0000000004098,900.0000000004983,False,False,,,0.009666634303130195,,,,0,0,0,Llenando ventana
770,3,PSO,poblacional,900.0000000003793,900.0000000003793,False,False,,,0.009666637457144134,,,,0,0,0,Llenando ventana
771,3,PSO,poblacional,900.0000000003793,900.0000000004493,False,False,,,0.009666637770578745,,,,0,0,0,Llenando ventana
772,3,PSO,poblacional,900.000000000249,900.000000000249,False,False,,,0.009666637510008513,,,,0,0,0,Llenando ventana
773,3,PSO,poblacional,900.000000000249,900.0000000003474,False,False,,,0.009666640725185971,,,,0,0,0,Llenando ventana
774,3,PSO,poblacional,900.000000000249,900.0000000002643,False,False,,,0.009666642926731583,,,,0,0,0,Llenando ventana
775,3,PSO,poblacional,900.0000000002358,900.0000000002358,False,False,,,0.009666642900356237,,,,0,0,0,Llenando ventana
776,3,PSO,poblacional,900.0000000001531,900.0000000001531,False,False,,,0.00966664389648031,,,,0,0,0,Llenando ventana
777,3,PSO,poblacional,900.0000000001116,900.0000000001116,False,False,,,0.009666647028666375,,,,0,0,0,Llenando ventana
778,3,PSO,poblacional,900.0000000001016,900.0000000001016,False,False,,,0.009666648520124,,,,0,0,0,Llenando ventana
779,3,PSO,poblacional,900.0000000001016,900.0000000001605,False,False,,,0.009666648520124,,,,0,0,0,Llenando ventana
780,3,PSO,poblacional,900.0000000000749,900.0000000000749,False,False,,,0.009666651681868643,,,,0,0,0,Llenando ventana
781,3,PSO,poblacional,900.0000000000515,900.0000000000515,False,False,,,0.009666654850207124,,,,0,0,0,Llenando ventana
782,3,PSO,poblacional,900.0000000000515,900.0000000000588,False,False,,,0.009666658065384581,,,,0,0,0,Llenando ventana
783,3,PSO,poblacional,900.0000000000515,900.0000000000565,False,False,,,0.009666663731081826,,,,0,0,0,Llenando ventana
784,3,PSO,poblacional,900.0000000000515,900.0000000000637,False,False,,,0.009666663753137072,,,,0,0,0,Llenando ventana
785,3,PSO,poblacional,900.0000000000182,900.0000000000182,False,False,,,0.009666663686516586,,,,0,0,0,Llenando ventana
786,3,PSO,poblacional,900.0000000000182,900.0000000000272,False,False,,,0.009666663941402476,,,,0,0,0,Llenando ventana
787,3,PSO,poblacional,900.0000000000182,900.0000000000366,False,False,,,0.009666664089422738,,,,0,0,0,Llenando ventana
788,3,PSO,poblacional,900.0000000000114,900.0000000000114,False,False,,,0.009666664075780318,,,,0,0,0,Llenando ventana
789,3,PSO,poblacional,900.0000000000114,900.0000000000222,False,False,,,0.009666664330666208,,,,0,0,0,Llenando ventana
790,3,PSO,poblacional,900.0000000000114,900.0000000000243,False,False,,,0.009666664585552098,,,,0,0,0,Llenando ventana
791,3,PSO,poblacional,900.0000000000114,900.0000000000133,False,False,,,0.009666664840437988,,,,0,0,0,Llenando ventana
792,3,PSO,poblacional,900.0000000000114,900.0000000000181,False,False,,,0.0096666649716326,,,,0,0,0,Llenando ventana
793,3,PSO,poblacional,900.0000000000114,900.000000000019,False,False,,,0.009666665151257803,,,,0,0,0,Llenando ventana
794,3,PSO,poblacional,900.0000000000114,900.0000000000128,False,False,,,0.009666665330883006,,,,0,0,0,Llenando ventana
795,3,PSO,poblacional,900.0000000000114,900.0000000000169,False,False,,,0.009666665478903269,,,,0,0,0,Llenando ventana
796,3,PSO,poblacional,900.0000000000114,900.0000000000116,False,False,,,0.009666665540066788,,,,0,0,0,Llenando ventana
797,3,PSO,poblacional,900.0000000000113,900.0000000000113,False,False,,,0.009666665539839414,,,,0,0,0,Llenando ventana
798,3,PSO,poblacional,900.0000000000102,900.0000000000102,False,False,,,0.009666665668078167,,,,0,0,0,Llenando ventana
799,3,PSO,poblacional,900.0000000000102,900.0000000000105,False,False,,,0.009666665798363283,,,,0,0,0,Llenando ventana
800,3,PSO,poblacional,900.0000000000078,900.0000000000078,False,False,,,0.009666665923873552,,,,0,0,0,Llenando ventana
801,3,PSO,poblacional,900.0000000000075,900.0000000000075,False,False,,,0.009666665962186016,,,,0,0,0,Llenando ventana
802,3,PSO,poblacional,900.0000000000075,900.0000000000078,False,False,,,0.009666666044836347,,,,0,0,0,Llenando ventana
803,3,PSO,poblacional,900.0000000000075,900.0000000000078,False,False,,,0.009666666127486678,,,,0,0,0,Llenando ventana
804,3,PSO,poblacional,900.0000000000067,900.0000000000067,False,False,,,0.009666666208545394,,,,0,0,0,Llenando ventana
805,3,PSO,poblacional,900.0000000000067,900.0000000000082,False,False,,,0.009666666373846056,,,,0,0,0,Llenando ventana
806,3,PSO,poblacional,900.0000000000067,900.0000000000072,False,False,,,0.009666666410225844,,,,0,0,0,Llenando ventana
807,3,PSO,poblacional,900.0000000000059,900.0000000000059,False,False,,,0.009666666441944471,,,,0,0,0,Llenando ventana
808,3,PSO,poblacional,900.0000000000059,900.0000000000065,False,False,,,0.009666666475254715,,,,0,0,0,Llenando ventana
809,3,PSO,poblacional,900.0000000000044,900.0000000000044,False,False,,,0.009666666472639918,,,,0,0,0,Llenando ventana
810,3,PSO,poblacional,900.0000000000028,900.0000000000028,False,False,,,0.009666666469456686,,,,0,0,0,Llenando ventana
811,3,PSO,poblacional,900.0000000000028,900.0000000000033,False,False,,,0.00966666650276693,,,,0,0,0,Llenando ventana
812,3,PSO,poblacional,900.0000000000028,900.0000000000028,False,False,,,0.009666666536077173,,,,0,0,0,Llenando ventana
813,3,PSO,poblacional,900.0000000000023,900.0000000000023,False,False,,,0.009666666568250548,,,,0,0,0,Llenando ventana
814,3,PSO,poblacional,900.0000000000022,900.0000000000022,False,False,,,0.00966666662100124,,,,0,0,0,Llenando ventana
815,3,PSO,poblacional,900.0000000000022,900.0000000000023,False,False,,,0.009666666627822451,,,,0,0,0,Llenando ventana
816,3,PSO,poblacional,900.0000000000018,900.0000000000018,False,False,,,0.00966666663396154,,,,0,0,0,Llenando ventana
817,3,PSO,poblacional,900.0000000000011,900.0000000000011,False,False,,,0.009666666639077448,,,,0,0,0,Llenando ventana
818,3,PSO,poblacional,900.0000000000008,900.0000000000008,False,False,,,0.009666666638395327,,,,0,0,0,Llenando ventana
819,3,PSO,poblacional,900.0000000000008,900.000000000001,False,False,,,0.009666666638395327,,,,0,0,0,Llenando ventana
820,3,PSO,poblacional,900.0000000000008,900.0000000000014,False,False,,,0.009666666638395327,,,,0,0,0,Llenando ventana
821,3,PSO,poblacional,900.0000000000007,900.0000000000007,False,False,,,0.009666666638167953,,,,0,0,0,Llenando ventana
822,3,PSO,poblacional,900.0000000000007,900.0000000000014,False,False,,,0.009666666638167953,,,,0,0,0,Llenando ventana
823,3,PSO,poblacional,900.0000000000006,900.0000000000006,False,False,,,0.009666666638167953,,,,0,0,0,Llenando ventana
824,3,PSO,poblacional,900.0000000000006,900.0000000000007,False,False,,,0.009666666640214316,,,,0,0,0,Llenando ventana
825,3,PSO,poblacional,900.0000000000006,900.0000000000006,False,False,,,0.009666666640214316,,,,0,0,0,Llenando ventana
826,3,PSO,poblacional,900.0000000000005,900.0000000000005,False,False,,,0.009666666642374366,,,,0,0,0,Llenando ventana
827,3,PSO,poblacional,900.0000000000005,900.0000000000005,False,False,,,0.00966666664476179,,,,0,0,0,Llenando ventana
828,3,PSO,poblacional,900.0000000000005,900.0000000000005,False,False,,,0.009666666647149214,,,,0,0,0,Llenando ventana
829,3,PSO,poblacional,900.0000000000003,900.0000000000003,False,False,,,0.009666666647603961,,,,0,0,0,Llenando ventana
830,3,PSO,poblacional,900.0000000000003,900.0000000000003,False,False,,,0.009666666649195577,,,,0,0,0,Llenando ventana
831,3,PSO,poblacional,900.0000000000002,900.0000000000002,False,False,,,0.009666666648968203,,,,0,0,0,Llenando ventana
832,3,PSO,poblacional,900.0000000000002,900.0000000000002,False,False,,,0.009666666648968203,,,,0,0,0,Llenando ventana
833,3,PSO,poblacional,900.0000000000001,900.0000000000001,False,False,,,0.009666666650332445,,,,0,0,0,Llenando ventana
834,3,PSO,poblacional,900.0000000000001,900.0000000000001,False,False,,,0.009666666650332445,,,,0,0,0,Llenando ventana
835,3,PSO,poblacional,900.0000000000001,900.0000000000001,False,False,,,0.00966666665192406,,,,0,0,0,Llenando ventana
836,3,PSO,poblacional,900.0000000000001,900.0000000000001,False,False,,,0.009666666653515676,,,,0,0,0,Llenando ventana
837,3,PSO,poblacional,900.0000000000001,900.0000000000001,False,False,,,0.009666666655107292,,,,0,0,0,Llenando ventana
838,3,PSO,poblacional,900.0000000000001,900.0000000000001,False,False,,,0.00966666665806315,,,,0,0,0,Llenando ventana
839,3,PSO,poblacional,900.0000000000001,900.0000000000001,False,False,,,0.00966666665988214,,,,0,0,0,Llenando ventana
840,3,PSO,poblacional,900.0000000000001,900.0000000000001,False,False,,,0.00966666666056426,,,,0,0,0,Llenando ventana
841,3,PSO,poblacional,900.0000000000001,900.0000000000001,False,False,,,0.00966666666056426,,,,0,0,0,Llenando ventana
842,3,PSO,poblacional,900.0000000000001,900.0000000000001,False,False,,,0.009666666661246381,,,,0,0,0,Llenando ventana
843,3,PSO,poblacional,900.0000000000001,900.0000000000001,False,False,,,0.009666666661928502,,,,0,0,0,Llenando ventana
844,3,PSO,poblacional,900.0000000000001,900.0000000000001,False,False,,,0.009666666662610623,,,,0,0,0,Llenando ventana
845,3,PSO,poblacional,900.0000000000001,900.0000000000001,False,False,,,0.009666666663292744,,,,0,0,0,Llenando ventana
846,3,PSO,poblacional,900.0000000000001,900.0000000000001,False,False,,,0.009666666664656987,,,,0,0,0,Llenando ventana
847,3,PSO,poblacional,900.0000000000001,900.0000000000001,False,False,,,0.009666666665111734,,,,0,0,0,Llenando ventana
848,3,PSO,poblacional,900.0000000000001,900.0000000000001,False,False,,,0.00966666666522542,,,,0,0,0,Llenando ventana
849,3,PSO,poblacional,900.0000000000001,900.0000000000001,False,False,,,0.009666666665339108,,,,0,0,0,Llenando ventana
850,3,PSO,poblacional,900.0000000000001,900.0000000000001,False,False,,,0.009666666665452794,,,,0,0,0,Llenando ventana
851,4,ACO,poblacional,900.0000000000001,2709.5660426835966,False,False,,,,,,,0,0,1,Llenando ventana
852,4,ACO,poblacional,900.0000000000001,1221.9226972181773,False,False,,,,,,,1,0,2,Llenando ventana
853,4,ACO,poblacional,900.0000000000001,1041.051331978621,False,False,,,,,,,2,0,3,Llenando ventana
854,4,ACO,poblacional,900.0000000000001,1069.101748754399,False,False,,,,,,,3,0,4,Llenando ventana
855,4,ACO,poblacional,900.0000000000001,1003.842845572574,False,False,,,,,,,4,0,5,Llenando ventana
856,4,ACO,poblacional,900.0000000000001,962.1777358745057,False,False,,,,,,,5,0,6,Llenando ventana
857,4,ACO,poblacional,900.0000000000001,936.4079166465342,False,False,,,,,,,6,0,7,Llenando ventana
858,4,ACO,poblacional,900.0000000000001,945.3765859143172,False,False,,,,,,,7,0,8,Llenando ventana
859,4,ACO,poblacional,900.0000000000001,930.9849989577427,False,False,,,,,,,8,0,9,Llenando ventana
860,4,ACO,poblacional,900.0000000000001,930.7999860778556,False,False,,,,,,,9,0,10,Llenando ventana
861,4,ACO,poblacional,900.0000000000001,927.1876313606481,False,False,,,,,,,10,0,11,Llenando ventana
862,4,ACO,poblacional,900.0000000000001,913.9399496732822,False,False,,,,,,,11,0,12,Llenando ventana
863,4,ACO,poblacional,900.0000000000001,928.058464918213,False,False,,,,,,,12,0,13,Llenando ventana
864,4,ACO,poblacional,900.0000000000001,912.217660944711,False,False,,,,,,,13,0,14,Llenando ventana
865,4,ACO,poblacional,900.0000000000001,914.7460218682932,False,False,,,,,,,14,0,15,Llenando ventana
866,4,ACO,poblacional,900.0000000000001,912.2910488416267,False,False,,,,,,,15,0,16,Llenando ventana
867,4,ACO,poblacional,900.0000000000001,906.5447458035401,False,False,,,,,,,16,0,17,Llenando ventana
868,4,ACO,poblacional,900.0000000000001,906.4375670416481,False,False,,,,,,,17,0,18,Llenando ventana
869,4,ACO,poblacional,900.0000000000001,905.3647697882079,False,False,,,,,,,18,0,19,Llenando ventana
870,4,ACO,poblacional,900.0000000000001,906.175085340585,False,False,,,,,,,19,0,20,Llenando ventana
871,4,ACO,poblacional,900.0000000000001,910.9243853463154,False,False,,,,,,,20,0,21,Llenando ventana
872,4,ACO,poblacional,900.0000000000001,902.2151700866724,False,False,,,,,,,21,0,22,Llenando ventana
873,4,ACO,poblacional,900.0000000000001,903.9390208353143,False,False,,,,,,,22,0,23,Llenando ventana
874,4,ACO,poblacional,900.0000000000001,902.5989226965376,False,False,,,,,,,23,0,24,Llenando ventana
875,4,ACO,poblacional,900.0000000000001,902.6151364327457,False,False,,,,,,,24,0,25,Llenando ventana
876,4,ACO,poblacional,900.0000000000001,902.6806904554969,False,False,,,,,,,25,0,26,Llenando ventana
877,4,ACO,poblacional,900.0000000000001,902.3545548536345,False,False,,,,,,,26,0,27,Llenando ventana
878,4,ACO,poblacional,900.0000000000001,901.6361305956464,False,False,,,,,,,27,0,28,Llenando ventana
879,4,ACO,poblacional,900.0000000000001,902.4619529960779,False,False,,,,,,,28,0,29,Llenando ventana
880,4,ACO,poblacional,900.0000000000001,901.4755349443549,True,False,0.00966666666670335,0.0,0.00966666666670335,3.0,15.0,9.0,29,0,30,Explotacion activa
881,4,ACO,poblacional,900.0000000000001,901.6727641372793,True,False,0.00966666666670335,0.0,0.00966666666670335,3.0,15.0,9.0,30,0,31,Explotacion activa
882,4,ACO,poblacional,900.0000000000001,902.6807774883716,True,False,0.00966666666670335,0.0,0.00966666666670335,3.0,15.0,9.0,31,0,32,Explotacion activa
883,4,ACO,poblacional,900.0000000000001,901.3135107652606,True,False,0.00966666666670335,0.0,0.00966666666670335,3.0,15.0,9.0,32,0,33,Explotacion activa
884,4,ACO,poblacional,900.0000000000001,901.5914012736762,True,False,0.00966666666670335,0.0,0.00966666666670335,3.0,15.0,9.0,33,0,34,Explotacion activa
885,4,ACO,poblacional,900.0000000000001,902.408472649159,True,False,0.00966666666670335,0.0,0.00966666666670335,3.0,15.0,9.0,34,0,35,Explotacion activa
886,4,ACO,poblacional,900.0000000000001,902.703261968212,True,False,0.00966666666670335,0.0,0.00966666666670335,3.0,15.0,9.0,35,0,36,Explotacion activa
887,4,ACO,poblacional,900.0000000000001,901.2866864155816,True,False,0.00966666666670335,0.0,0.00966666666670335,3.0,15.0,9.0,36,0,37,Explotacion activa
888,4,ACO,poblacional,900.0000000000001,901.6666977799512,True,False,0.00966666666670335,0.0,0.00966666666670335,3.0,15.0,9.0,37,0,38,Explotacion activa
889,4,ACO,poblacional,900.0000000000001,901.2298465347321,True,False,0.00966666666670335,0.0,0.00966666666670335,0.0,0.00966666666670335,0.00966666666670335,38,1,39,Explotacion activa
890,4,ACO,poblacional,900.0000000000001,901.7273377803035,True,False,0.00966666666670335,0.0,0.00966666666670335,0.0,0.00966666666670335,0.00966666666670335,39,2,40,Explotacion activa
891,4,ACO,poblacional,900.0000000000001,900.6164979877872,True,True,0.00966666666670335,0.0,0.00966666666670335,0.0,0.00966666666670335,0.00966666666670335,40,3,41,ESTANCAMIENTO (Fire)
892,5,GWO,poblacional,900.0000000000001,900.0000000000001,False,False,,,,,,,0,0,1,Llenando ventana
893,5,GWO,poblacional,900.0000000000001,900.0000000000001,False,False,,,,,,,1,0,2,Llenando ventana
894,5,GWO,poblacional,900.0000000000001,900.0000000000001,False,False,,,,,,,2,0,3,Llenando ventana
895,5,GWO,poblacional,900.0000000000001,900.0000000000001,False,False,,,,,,,3,0,4,Llenando ventana
896,5,GWO,poblacional,900.0000000000001,900.0000000000001,False,False,,,,,,,4,0,5,Llenando ventana
897,5,GWO,poblacional,900.0000000000001,900.0000000000001,False,False,,,,,,,5,0,6,Llenando ventana
898,5,GWO,poblacional,900.0000000000001,900.0000000000001,False,False,,,,,,,6,0,7,Llenando ventana
899,5,GWO,poblacional,900.0000000000001,900.0000000000001,False,False,,,,,,,7,0,8,Llenando ventana
900,5,GWO,poblacional,900.0000000000001,900.0000000000001,False,False,,,,,,,8,0,9,Llenando ventana
901,5,GWO,poblacional,900.0000000000001,900.0000000000001,False,False,,,,,,,9,0,10,Llenando ventana
902,5,GWO,poblacional,900.0000000000001,900.0000000000001,False,False,,,,,,,10,0,11,Llenando ventana
903,5,GWO,poblacional,900.0000000000001,900.0000000000001,False,False,,,,,,,11,0,12,Llenando ventana
904,5,GWO,poblacional,900.0000000000001,900.0000000000001,False,False,,,,,,,12,0,13,Llenando ventana
905,5,GWO,poblacional,900.0000000000001,900.0000000000001,False,False,,,,,,,13,0,14,Llenando ventana
906,5,GWO,poblacional,900.0000000000001,900.0000000000001,False,False,,,,,,,14,0,15,Llenando ventana
907,5,GWO,poblacional,900.0000000000001,900.0000000000001,False,False,,,,,,,15,0,16,Llenando ventana
908,5,GWO,poblacional,900.0000000000001,900.0000000000001,False,False,,,,,,,16,0,17,Llenando ventana
909,5,GWO,poblacional,900.0000000000001,900.0000000000001,False,False,,,,,,,17,0,18,Llenando ventana
910,5,GWO,poblacional,900.0000000000001,900.0000000000001,False,False,,,,,,,18,0,19,Llenando ventana
911,5,GWO,poblacional,900.0000000000001,900.0000000000001,False,False,,,,,,,19,0,20,Llenando ventana
912,5,GWO,poblacional,900.0000000000001,900.0000000000001,False,False,,,,,,,20,0,21,Llenando ventana
913,5,GWO,poblacional,900.0000000000001,900.0000000000001,False,False,,,,,,,21,0,22,Llenando ventana
914,5,GWO,poblacional,900.0000000000001,900.0000000000001,False,False,,,,,,,22,0,23,Llenando ventana
915,5,GWO,poblacional,900.0000000000001,900.0000000000001,False,False,,,,,,,23,0,24,Llenando ventana
916,5,GWO,poblacional,900.0000000000001,900.0000000000001,False,False,,,,,,,24,0,25,Llenando ventana
917,5,GWO,poblacional,900.0000000000001,900.0000000000001,False,False,,,,,,,25,0,26,Llenando ventana
918,5,GWO,poblacional,900.0000000000001,900.0000000000001,False,False,,,,,,,26,0,27,Llenando ventana
919,5,GWO,poblacional,900.0000000000001,900.0000000000001,False,False,,,,,,,27,0,28,Llenando ventana
920,5,GWO,poblacional,900.0000000000001,900.0000000000001,False,False,,,,,,,28,0,29,Llenando ventana
921,5,GWO,poblacional,900.0000000000001,900.0000000000001,True,False,0.00966666666670335,0.0,0.00966666666670335,3.0,15.0,9.0,29,0,30,Explotacion activa
922,5,GWO,poblacional,900.0000000000001,900.0000000000001,True,False,0.00966666666670335,0.0,0.00966666666670335,3.0,15.0,9.0,30,0,31,Explotacion activa
923,5,GWO,poblacional,900.0000000000001,900.0000000000001,True,False,0.00966666666670335,0.0,0.00966666666670335,3.0,15.0,9.0,31,0,32,Explotacion activa
924,5,GWO,poblacional,900.0000000000001,900.0000000000001,True,False,0.00966666666670335,0.0,0.00966666666670335,3.0,15.0,9.0,32,0,33,Explotacion activa
925,5,GWO,poblacional,900.0000000000001,900.0000000000001,True,False,0.00966666666670335,0.0,0.00966666666670335,3.0,15.0,9.0,33,0,34,Explotacion activa
926,5,GWO,poblacional,900.0000000000001,900.0000000000001,True,False,0.00966666666670335,0.0,0.00966666666670335,3.0,15.0,9.0,34,0,35,Explotacion activa
927,5,GWO,poblacional,900.0000000000001,900.0000000000001,True,False,0.00966666666670335,0.0,0.00966666666670335,3.0,15.0,9.0,35,0,36,Explotacion activa
928,5,GWO,poblacional,900.0000000000001,900.0000000000001,True,False,0.00966666666670335,0.0,0.00966666666670335,3.0,15.0,9.0,36,0,37,Explotacion activa
929,5,GWO,poblacional,900.0000000000001,900.0000000000001,True,False,0.00966666666670335,0.0,0.00966666666670335,3.0,15.0,9.0,37,0,38,Explotacion activa
930,5,GWO,poblacional,900.0000000000001,900.0000000000001,True,False,0.00966666666670335,0.0,0.00966666666670335,0.0,0.00966666666670335,0.00966666666670335,38,1,39,Explotacion activa
931,5,GWO,poblacional,900.0000000000001,900.0000000000001,True,False,0.00966666666670335,0.0,0.00966666666670335,0.0,0.00966666666670335,0.00966666666670335,39,2,40,Explotacion activa
932,5,GWO,poblacional,900.0000000000001,900.0000000000001,True,True,0.00966666666670335,0.0,0.00966666666670335,0.0,0.00966666666670335,0.00966666666670335,40,3,41,ESTANCAMIENTO (Fire)
933,6,EHO,poblacional,900.0000000000001,900.0000000000001,False,False,,,,,,,0,0,1,Llenando ventana
934,6,EHO,poblacional,900.0000000000001,900.0000000000001,False,False,,,,,,,1,0,2,Llenando ventana
935,6,EHO,poblacional,900.0000000000001,900.0000000000001,False,False,,,,,,,2,0,3,Llenando ventana
936,6,EHO,poblacional,900.0000000000001,900.0000000000001,False,False,,,,,,,3,0,4,Llenando ventana
937,6,EHO,poblacional,900.0000000000001,900.0000000000001,False,False,,,,,,,4,0,5,Llenando ventana
938,6,EHO,poblacional,900.0000000000001,900.0000000000001,False,False,,,,,,,5,0,6,Llenando ventana
939,6,EHO,poblacional,900.0000000000001,900.0000000000001,False,False,,,,,,,6,0,7,Llenando ventana
940,6,EHO,poblacional,900.0000000000001,900.0000000000001,False,False,,,,,,,7,0,8,Llenando ventana
941,6,EHO,poblacional,900.0000000000001,900.0000000000001,False,False,,,,,,,8,0,9,Llenando ventana
942,6,EHO,poblacional,900.0000000000001,900.0000000000001,False,False,,,,,,,9,0,10,Llenando ventana
943,6,EHO,poblacional,900.0000000000001,900.0000000000001,False,False,,,,,,,10,0,11,Llenando ventana
944,6,EHO,poblacional,900.0000000000001,900.0000000000001,False,False,,,,,,,11,0,12,Llenando ventana
945,6,EHO,poblacional,900.0000000000001,900.0000000000001,False,False,,,,,,,12,0,13,Llenando ventana
946,6,EHO,poblacional,900.0000000000001,900.0000000000001,False,False,,,,,,,13,0,14,Llenando ventana
947,6,EHO,poblacional,900.0000000000001,900.0000000000001,False,False,,,,,,,14,0,15,Llenando ventana
948,6,EHO,poblacional,900.0000000000001,900.0000000000001,False,False,,,,,,,15,0,16,Llenando ventana
949,6,EHO,poblacional,900.0000000000001,900.0000000000001,False,False,,,,,,,16,0,17,Llenando ventana
950,6,EHO,poblacional,900.0000000000001,900.0000000000001,False,False,,,,,,,17,0,18,Llenando ventana
951,6,EHO,poblacional,900.0000000000001,900.0000000000001,False,False,,,,,,,18,0,19,Llenando ventana
952,6,EHO,poblacional,900.0000000000001,900.0000000000001,False,False,,,,,,,19,0,20,Llenando ventana
953,6,EHO,poblacional,900.0000000000001,900.0000000000001,False,False,,,,,,,20,0,21,Llenando ventana
954,6,EHO,poblacional,900.0000000000001,900.0000000000001,False,False,,,,,,,21,0,22,Llenando ventana
955,6,EHO,poblacional,900.0000000000001,900.0000000000001,False,False,,,,,,,22,0,23,Llenando ventana
956,6,EHO,poblacional,900.0000000000001,900.0000000000001,False,False,,,,,,,23,0,24,Llenando ventana
957,6,EHO,poblacional,900.0000000000001,900.0000000000001,False,False,,,,,,,24,0,25,Llenando ventana
958,6,EHO,poblacional,900.0000000000001,900.0000000000001,False,False,,,,,,,25,0,26,Llenando ventana
959,6,EHO,poblacional,900.0000000000001,900.0000000000001,False,False,,,,,,,26,0,27,Llenando ventana
960,6,EHO,poblacional,900.0000000000001,900.0000000000001,False,False,,,,,,,27,0,28,Llenando ventana
961,6,EHO,poblacional,900.0000000000001,900.0000000000001,False,False,,,,,,,28,0,29,Llenando ventana
962,6,EHO,poblacional,900.0000000000001,900.0000000000001,True,False,0.00966666666670335,0.0,0.00966666666670335,3.0,15.0,9.0,29,0,30,Explotacion activa
963,6,EHO,poblacional,900.0000000000001,900.0000000000001,True,False,0.00966666666670335,0.0,0.00966666666670335,3.0,15.0,9.0,30,0,31,Explotacion activa
964,6,EHO,poblacional,900.0000000000001,900.0000000000001,True,False,0.00966666666670335,0.0,0.00966666666670335,3.0,15.0,9.0,31,0,32,Explotacion activa
965,6,EHO,poblacional,900.0000000000001,900.0000000000001,True,False,0.00966666666670335,0.0,0.00966666666670335,3.0,15.0,9.0,32,0,33,Explotacion activa
966,6,EHO,poblacional,900.0000000000001,900.0000000000001,True,False,0.00966666666670335,0.0,0.00966666666670335,3.0,15.0,9.0,33,0,34,Explotacion activa
967,6,EHO,poblacional,900.0000000000001,900.0000000000001,True,False,0.00966666666670335,0.0,0.00966666666670335,3.0,15.0,9.0,34,0,35,Explotacion activa
968,6,EHO,poblacional,900.0000000000001,900.0000000000001,True,False,0.00966666666670335,0.0,0.00966666666670335,3.0,15.0,9.0,35,0,36,Explotacion activa
969,6,EHO,poblacional,900.0000000000001,900.0000000000001,True,False,0.00966666666670335,0.0,0.00966666666670335,3.0,15.0,9.0,36,0,37,Explotacion activa
970,6,EHO,poblacional,900.0000000000001,900.0000000000001,True,False,0.00966666666670335,0.0,0.00966666666670335,3.0,15.0,9.0,37,0,38,Explotacion activa
971,6,EHO,poblacional,900.0000000000001,900.0000000000001,True,False,0.00966666666670335,0.0,0.00966666666670335,0.0,0.00966666666670335,0.00966666666670335,38,1,39,Explotacion activa
972,6,EHO,poblacional,900.0000000000001,900.0000000000001,True,False,0.00966666666670335,0.0,0.00966666666670335,0.0,0.00966666666670335,0.00966666666670335,39,2,40,Explotacion activa
973,6,EHO,poblacional,900.0000000000001,900.0000000000001,True,True,0.00966666666670335,0.0,0.00966666666670335,0.0,0.00966666666670335,0.00966666666670335,40,3,41,ESTANCAMIENTO (Fire)
974,7,WOA,poblacional,900.0000000000001,900.0000000000001,False,False,,,,,,,0,0,1,Llenando ventana
975,7,WOA,poblacional,900.0000000000001,900.0000000000001,False,False,,,,,,,1,0,2,Llenando ventana
976,7,WOA,poblacional,900.0000000000001,900.0000000000001,False,False,,,,,,,2,0,3,Llenando ventana
977,7,WOA,poblacional,900.0000000000001,900.0000000000001,False,False,,,,,,,3,0,4,Llenando ventana
978,7,WOA,poblacional,900.0000000000001,900.0000000000001,False,False,,,,,,,4,0,5,Llenando ventana
979,7,WOA,poblacional,900.0000000000001,900.0000000000001,False,False,,,,,,,5,0,6,Llenando ventana
980,7,WOA,poblacional,900.0000000000001,900.0000000000001,False,False,,,,,,,6,0,7,Llenando ventana
981,7,WOA,poblacional,900.0000000000001,900.0000000000001,False,False,,,,,,,7,0,8,Llenando ventana
982,7,WOA,poblacional,900.0000000000001,900.0000000000001,False,False,,,,,,,8,0,9,Llenando ventana
983,7,WOA,poblacional,900.0000000000001,900.0000000000001,False,False,,,,,,,9,0,10,Llenando ventana
984,7,WOA,poblacional,900.0000000000001,900.0000000000001,False,False,,,,,,,10,0,11,Llenando ventana
985,7,WOA,poblacional,900.0000000000001,900.0000000000001,False,False,,,,,,,11,0,12,Llenando ventana
986,7,WOA,poblacional,900.0000000000001,900.0000000000001,False,False,,,,,,,12,0,13,Llenando ventana
987,7,WOA,poblacional,900.0000000000001,900.0000000000001,False,False,,,,,,,13,0,14,Llenando ventana
988,7,WOA,poblacional,900.0000000000001,900.0000000000001,False,False,,,,,,,14,0,15,Llenando ventana
989,7,WOA,poblacional,900.0000000000001,900.0000000000001,False,False,,,,,,,15,0,16,Llenando ventana
990,7,WOA,poblacional,900.0000000000001,900.0000000000001,False,False,,,,,,,16,0,17,Llenando ventana
991,7,WOA,poblacional,900.0000000000001,900.0000000000001,False,False,,,,,,,17,0,18,Llenando ventana
992,7,WOA,poblacional,900.0000000000001,900.0000000000001,False,False,,,,,,,18,0,19,Llenando ventana
993,7,WOA,poblacional,900.0000000000001,900.0000000000001,False,False,,,,,,,19,0,20,Llenando ventana
994,7,WOA,poblacional,900.0000000000001,900.0000000000001,False,False,,,,,,,20,0,21,Llenando ventana
995,7,WOA,poblacional,900.0000000000001,900.0000000000001,False,False,,,,,,,21,0,22,Llenando ventana
996,7,WOA,poblacional,900.0000000000001,900.0000000000001,False,False,,,,,,,22,0,23,Llenando ventana
997,7,WOA,poblacional,900.0000000000001,900.0000000000001,False,False,,,,,,,23,0,24,Llenando ventana
998,7,WOA,poblacional,900.0000000000001,900.0000000000001,False,False,,,,,,,24,0,25,Llenando ventana
999,7,WOA,poblacional,900.0000000000001,900.0000000000001,False,False,,,,,,,25,0,26,Llenando ventana
1000,7,WOA,poblacional,900.0000000000001,900.0000000000001,False,False,,,,,,,26,0,27,Llenando ventana
1001,7,WOA,poblacional,900.0000000000001,900.0000000000001,False,False,,,,,,,27,0,28,Llenando ventana
1002,7,WOA,poblacional,900.0000000000001,900.0000000000001,False,False,,,,,,,28,0,29,Llenando ventana
1003,7,WOA,poblacional,900.0000000000001,900.0000000000001,True,False,0.00966666666670335,0.0,0.00966666666670335,3.0,15.0,9.0,29,0,30,Explotacion activa
1004,7,WOA,poblacional,900.0000000000001,900.0000000000001,True,False,0.00966666666670335,0.0,0.00966666666670335,3.0,15.0,9.0,30,0,31,Explotacion activa
1005,7,WOA,poblacional,900.0000000000001,900.0000000000001,True,False,0.00966666666670335,0.0,0.00966666666670335,3.0,15.0,9.0,31,0,32,Explotacion activa
1006,7,WOA,poblacional,900.0000000000001,900.0000000000001,True,False,0.00966666666670335,0.0,0.00966666666670335,3.0,15.0,9.0,32,0,33,Explotacion activa
1007,7,WOA,poblacional,900.0000000000001,900.0000000000001,True,False,0.00966666666670335,0.0,0.00966666666670335,3.0,15.0,9.0,33,0,34,Explotacion activa
1008,7,WOA,poblacional,900.0000000000001,900.0000000000001,True,False,0.00966666666670335,0.0,0.00966666666670335,3.0,15.0,9.0,34,0,35,Explotacion activa
1009,7,WOA,poblacional,900.0000000000001,900.0000000000001,True,False,0.00966666666670335,0.0,0.00966666666670335,3.0,15.0,9.0,35,0,36,Explotacion activa
1010,7,WOA,poblacional,900.0000000000001,900.0000000000001,True,False,0.00966666666670335,0.0,0.00966666666670335,3.0,15.0,9.0,36,0,37,Explotacion activa
1011,7,WOA,poblacional,900.0000000000001,900.0000000000001,True,False,0.00966666666670335,0.0,0.00966666666670335,3.0,15.0,9.0,37,0,38,Explotacion activa
1012,7,WOA,poblacional,900.0000000000001,900.0000000000001,True,False,0.00966666666670335,0.0,0.00966666666670335,0.0,0.00966666666670335,0.00966666666670335,38,1,39,Explotacion activa
1013,7,WOA,poblacional,900.0000000000001,900.0000000000001,True,False,0.00966666666670335,0.0,0.00966666666670335,0.0,0.00966666666670335,0.00966666666670335,39,2,40,Explotacion activa
1014,7,WOA,poblacional,900.0000000000001,900.0000000000001,True,True,0.00966666666670335,0.0,0.00966666666670335,0.0,0.00966666666670335,0.00966666666670335,40,3,41,ESTANCAMIENTO (Fire)
