iteracion,epoch,mh,tipo,fitness_best,fitness_instantaneo,dtw_ready,dtw_fire,D1_vs_ramp,D2_vs_const,dtw_delta,theta_c,theta_r,theta_delta,no_improve_len,trigger_streak,window_n,estado_dtw
1,1,GA,poblacional,52632.0,52632.0,False,False,,,,,,,0,0,1,Llenando ventana
2,1,GA,poblacional,53873.0,53873.0,False,False,,,,,,,0,0,2,Llenando ventana
3,1,GA,poblacional,53873.0,53873.0,False,False,,,,,,,1,0,3,Llenando ventana
4,1,GA,poblacional,53873.0,53873.0,False,False,,,,,,,2,0,4,Llenando ventana
5,1,GA,poblacional,53873.0,53873.0,False,False,,,,,,,3,0,5,Llenando ventana
6,1,GA,poblacional,53994.0,53994.0,False,False,,,,,,,0,0,6,Llenando ventana
7,1,GA,poblacional,54356.0,54356.0,False,False,,,,,,,0,0,7,Llenando ventana
8,1,GA,poblacional,54356.0,54356.0,False,False,,,,,,,1,0,8,Llenando ventana
9,1,GA,poblacional,54589.0,54589.0,False,False,,,,,,,0,0,9,Llenando ventana
10,1,GA,poblacional,54589.0,54589.0,False,False,,,,,,,1,0,10,Llenando ventana
11,1,GA,poblacional,54589.0,54589.0,False,False,,,,,,,2,0,11,Llenando ventana
12,1,GA,poblacional,54589.0,54589.0,False,False,,,,,,,3,0,12,Llenando ventana
13,1,GA,poblacional,54589.0,54589.0,False,False,,,,,,,4,0,13,Llenando ventana
14,1,GA,poblacional,54589.0,54589.0,False,False,,,,,,,5,0,14,Llenando ventana
15,1,GA,poblacional,54589.0,54589.0,False,False,,,,,,,6,0,15,Llenando ventana
16,1,GA,poblacional,54589.0,54589.0,False,False,,,,,,,7,0,16,Llenando ventana
17,1,GA,poblacional,54589.0,54589.0,False,False,,,,,,,8,0,17,Llenando ventana
18,1,GA,poblacional,54589.0,54589.0,False,False,,,,,,,9,0,18,Llenando ventana
19,1,GA,poblacional,54589.0,54589.0,False,False,,,,,,,10,0,19,Llenando ventana
20,1,GA,poblacional,54589.0,54589.0,False,False,,,,,,,11,0,20,Llenando ventana
21,1,GA,poblacional,54589.0,54589.0,False,False,,,,,,,12,0,21,Llenando ventana
22,1,GA,poblacional,54589.0,54589.0,False,False,,,,,,,13,0,22,Llenando ventana
23,1,GA,poblacional,54589.0,54589.0,False,False,,,,,,,14,0,23,Llenando ventana
24,1,GA,poblacional,54589.0,54589.0,False,False,,,,,,,15,0,24,Llenando ventana
25,1,GA,poblacional,54589.0,54589.0,False,False,,,,,,,16,0,25,Llenando ventana
26,1,GA,poblacional,54589.0,54589.0,False,False,,,,,,,17,0,26,Llenando ventana
27,1,GA,poblacional,54589.0,54589.0,False,False,,,,,,,18,0,27,Llenando ventana
28,1,GA,poblacional,54589.0,54589.0,False,False,,,,,,,19,0,28,Llenando ventana
29,1,GA,poblacional,54646.0,54646.0,False,False,,,,,,,0,0,29,Llenando ventana
30,1,GA,poblacional,54646.0,54646.0,False,False,,,,,,,1,0,30,Llenando ventana
31,1,GA,poblacional,55168.0,55168.0,False,False,,,,,,,0,0,31,Llenando ventana
32,1,GA,poblacional,55168.0,55168.0,False,False,,,,,,,1,0,32,Llenando ventana
33,1,GA,poblacional,55168.0,55168.0,False,False,,,,,,,2,0,33,Llenando ventana
34,1,GA,poblacional,55168.0,55168.0,False,False,,,,,,,3,0,34,Llenando ventana
35,1,GA,poblacional,55168.0,55168.0,False,False,,,,,,,4,0,35,Llenando ventana
36,1,GA,poblacional,55168.0,55168.0,False,False,,,,,,,5,0,36,Llenando ventana
37,1,GA,poblacional,55168.0,55168.0,False,False,,,,,,,6,0,37,Llenando ventana
38,1,GA,poblacional,55168.0,55168.0,False,False,,,,,,,7,0,38,Llenando ventana
39,1,GA,poblacional,55168.0,55168.0,False,False,,,,,,,8,0,39,Llenando ventana
40,1,GA,poblacional,55168.0,55168.0,True,False,2538.69999999999,2536.0,2.6999999999898137,4.0,20.0,12.0,9,0,40,Explotacion activa
41,1,GA,poblacional,55168.0,55168.0,True,False,1297.899999999987,1295.0,2.8999999999869033,4.0,20.0,12.0,10,0,41,Explotacion activa
42,1,GA,poblacional,55168.0,55168.0,True,False,1297.899999999987,1295.0,2.8999999999869033,4.0,20.0,12.0,11,0,42,Explotacion activa
43,1,GA,poblacional,55168.0,55168.0,True,False,1297.9000000000015,1295.0,2.900000000001455,4.0,20.0,12.0,12,0,43,Explotacion activa
44,1,GA,poblacional,55168.0,55168.0,True,False,1297.900000000016,1295.0,2.900000000016007,4.0,20.0,12.0,13,0,44,Explotacion activa
45,1,GA,poblacional,55168.0,55168.0,True,False,1177.099999999984,1174.0,3.099999999983993,4.0,20.0,12.0,14,0,45,Explotacion activa
46,1,GA,poblacional,55168.0,55168.0,True,False,815.2999999999956,812.0,3.2999999999956344,4.0,20.0,12.0,15,0,46,Explotacion activa
47,1,GA,poblacional,55168.0,55168.0,True,False,815.2999999999956,812.0,3.2999999999956344,4.0,20.0,12.0,16,0,47,Explotacion activa
48,1,GA,poblacional,55168.0,55168.0,True,False,582.4999999999927,579.0,3.499999999992724,4.0,20.0,12.0,17,0,48,Explotacion activa
49,1,GA,poblacional,55168.0,55168.0,True,False,582.4999999999927,579.0,3.499999999992724,812.0,1297.8999999999912,3.2999999999956344,18,1,49,Explotacion activa
50,1,GA,poblacional,55168.0,55168.0,True,False,582.4999999999927,579.0,3.499999999992724,812.0,1297.899999999987,3.2999999999956344,19,2,50,Explotacion activa
51,1,GA,poblacional,55168.0,55168.0,True,False,582.4999999999782,579.0,3.499999999978172,648.9,1297.899999999987,3.4399999999834106,20,3,51,Explotacion activa
52,1,GA,poblacional,55168.0,55168.0,True,False,582.4999999999782,579.0,3.499999999978172,579.0,1297.899999999987,3.499999999978172,21,4,52,Explotacion activa
53,1,GA,poblacional,55168.0,55168.0,True,False,582.4999999999927,579.0,3.499999999992724,579.0,1297.899999999987,3.4999999999796274,22,5,53,Explotacion activa
54,1,GA,poblacional,55168.0,55168.0,True,False,582.4999999999927,579.0,3.499999999992724,579.0,1273.7399999999861,3.4999999999898135,23,6,54,Explotacion activa
55,1,GA,poblacional,55168.0,55168.0,True,False,582.4999999999927,579.0,3.499999999992724,579.0,1237.4999999999854,3.499999999992724,24,7,55,Explotacion activa
56,1,GA,poblacional,55168.0,55168.0,True,False,582.4999999999782,579.0,3.499999999978172,579.0,1201.2599999999845,3.499999999992724,25,0,56,Explotacion activa
57,1,GA,poblacional,55168.0,55168.0,True,False,582.4999999999782,579.0,3.499999999978172,579.0,1140.9199999999846,3.4999999999912688,26,0,57,Explotacion activa
58,1,GA,poblacional,55168.0,55168.0,True,False,582.4999999999927,579.0,3.499999999992724,579.0,1032.3799999999885,3.499999999992724,27,1,58,Explotacion activa
59,1,GA,poblacional,55168.0,55168.0,True,False,582.4999999999927,579.0,3.499999999992724,579.0,923.8399999999917,3.499999999992724,28,2,59,Explotacion activa
60,1,GA,poblacional,55168.0,55168.0,True,False,582.4999999999927,579.0,3.499999999992724,579.0,815.2999999999956,3.499999999992724,29,3,60,Explotacion activa
61,1,GA,poblacional,55168.0,55168.0,True,False,582.4999999999782,579.0,3.499999999978172,579.0,815.2999999999956,3.499999999992724,30,0,61,Explotacion activa
62,1,GA,poblacional,55168.0,55168.0,True,False,582.4999999999782,579.0,3.499999999978172,579.0,815.2999999999956,3.499999999992724,31,0,62,Explotacion activa
63,1,GA,poblacional,55168.0,55168.0,True,False,582.4999999999927,579.0,3.499999999992724,579.0,815.2999999999956,3.499999999992724,32,1,63,Explotacion activa
64,1,GA,poblacional,55168.0,55168.0,True,False,582.4999999999927,579.0,3.499999999992724,579.0,768.7399999999944,3.499999999992724,33,2,64,Explotacion activa
65,1,GA,poblacional,55168.0,55168.0,True,False,582.4999999999927,579.0,3.499999999992724,579.0,698.8999999999942,3.499999999992724,34,3,65,Explotacion activa
66,1,GA,poblacional,55168.0,55168.0,True,False,582.4999999999927,579.0,3.499999999992724,579.0,629.0599999999931,3.499999999992724,35,4,66,Explotacion activa
67,1,GA,poblacional,55168.0,55168.0,True,False,582.4999999999927,579.0,3.499999999992724,579.0,582.4999999999927,3.499999999992724,36,5,67,Explotacion activa
68,1,GA,poblacional,55168.0,55168.0,True,False,525.7000000000044,522.0,3.7000000000043656,579.0,582.4999999999927,3.499999999992724,37,6,68,Explotacion activa
69,1,GA,poblacional,55168.0,55168.0,True,False,525.7000000000044,522.0,3.7000000000043656,579.0,582.4999999999927,3.499999999992724,38,7,69,Explotacion activa
70,1,GA,poblacional,55168.0,55168.0,True,False,3.900000000001455,0.0,3.900000000001455,579.0,582.4999999999927,3.499999999992724,39,8,70,Explotacion activa
71,1,GA,poblacional,55168.0,55168.0,True,False,3.900000000001455,0.0,3.900000000001455,579.0,582.4999999999927,3.499999999992724,40,9,71,Explotacion activa
72,1,GA,poblacional,55168.0,55168.0,True,False,3.900000000001455,0.0,3.900000000001455,579.0,582.4999999999927,3.499999999992724,41,10,72,Explotacion activa
73,1,GA,poblacional,55168.0,55168.0,True,False,3.900000000001455,0.0,3.900000000001455,579.0,582.4999999999927,3.499999999992724,42,11,73,Explotacion activa
74,1,GA,poblacional,55168.0,55168.0,True,False,3.900000000001455,0.0,3.900000000001455,579.0,582.4999999999927,3.499999999992724,43,12,74,Explotacion activa
75,1,GA,poblacional,55168.0,55168.0,True,False,3.900000000001455,0.0,3.900000000001455,579.0,582.4999999999927,3.499999999992724,44,13,75,Explotacion activa
76,1,GA,poblacional,55168.0,55168.0,True,True,3.900000000001455,0.0,3.900000000001455,579.0,582.4999999999927,3.499999999992724,45,14,76,ESTANCAMIENTO (Fire)
77,2,TS,trayectoria,55168.0,55168.0,False,False,,,,,,,0,0,1,Llenando ventana
78,2,TS,trayectoria,55168.0,55168.0,False,False,,,,,,,1,0,2,Llenando ventana
79,2,TS,trayectoria,55168.0,55168.0,False,False,,,,,,,2,0,3,Llenando ventana
80,2,TS,trayectoria,55168.0,55168.0,False,False,,,,,,,3,0,4,Llenando ventana
81,2,TS,trayectoria,55168.0,55168.0,False,False,,,,,,,4,0,5,Llenando ventana
82,2,TS,trayectoria,55168.0,55168.0,False,False,,,,,,,5,0,6,Llenando ventana
83,2,TS,trayectoria,55168.0,55168.0,False,False,,,,,,,6,0,7,Llenando ventana
84,2,TS,trayectoria,55168.0,55168.0,False,False,,,,,,,7,0,8,Llenando ventana
85,2,TS,trayectoria,55168.0,55168.0,False,False,,,,,,,8,0,9,Llenando ventana
86,2,TS,trayectoria,55168.0,55168.0,False,False,,,,,,,9,0,10,Llenando ventana
87,2,TS,trayectoria,55168.0,55168.0,False,False,,,,,,,10,0,11,Llenando ventana
88,2,TS,trayectoria,55168.0,55168.0,False,False,,,,,,,11,0,12,Llenando ventana
89,2,TS,trayectoria,55168.0,55168.0,False,False,,,,,,,12,0,13,Llenando ventana
90,2,TS,trayectoria,55168.0,55168.0,False,False,,,,,,,13,0,14,Llenando ventana
91,2,TS,trayectoria,55168.0,55168.0,False,False,,,,,,,14,0,15,Llenando ventana
92,2,TS,trayectoria,55168.0,55168.0,False,False,,,,,,,15,0,16,Llenando ventana
93,2,TS,trayectoria,55168.0,55168.0,False,False,,,,,,,16,0,17,Llenando ventana
94,2,TS,trayectoria,55168.0,55168.0,False,False,,,,,,,17,0,18,Llenando ventana
95,2,TS,trayectoria,55168.0,55168.0,False,False,,,,,,,18,0,19,Llenando ventana
96,2,TS,trayectoria,55168.0,55168.0,False,False,,,,,,,19,0,20,Llenando ventana
97,2,TS,trayectoria,55168.0,55168.0,False,False,,,,,,,20,0,21,Llenando ventana
98,2,TS,trayectoria,55168.0,55168.0,False,False,,,,,,,21,0,22,Llenando ventana
99,2,TS,trayectoria,55168.0,55168.0,False,False,,,,,,,22,0,23,Llenando ventana
100,2,TS,trayectoria,55168.0,55168.0,False,False,,,,,,,23,0,24,Llenando ventana
101,2,TS,trayectoria,55168.0,55168.0,False,False,,,,,,,24,0,25,Llenando ventana
102,2,TS,trayectoria,55168.0,55168.0,False,False,,,,,,,25,0,26,Llenando ventana
103,2,TS,trayectoria,55168.0,55168.0,False,False,,,,,,,26,0,27,Llenando ventana
104,2,TS,trayectoria,55168.0,55168.0,False,False,,,,,,,27,0,28,Llenando ventana
105,2,TS,trayectoria,55168.0,55168.0,False,False,,,,,,,28,0,29,Llenando ventana
106,2,TS,trayectoria,55168.0,55168.0,False,False,,,,,,,29,0,30,Llenando ventana
107,2,TS,trayectoria,55168.0,55168.0,False,False,,,,,,,30,0,31,Llenando ventana
108,2,TS,trayectoria,55168.0,55168.0,False,False,,,,,,,31,0,32,Llenando ventana
109,2,TS,trayectoria,55168.0,55168.0,False,False,,,,,,,32,0,33,Llenando ventana
110,2,TS,trayectoria,55168.0,55168.0,False,False,,,,,,,33,0,34,Llenando ventana
111,2,TS,trayectoria,55168.0,55168.0,False,False,,,,,,,34,0,35,Llenando ventana
112,2,TS,trayectoria,55168.0,55168.0,False,False,,,,,,,35,0,36,Llenando ventana
113,2,TS,trayectoria,55168.0,55168.0,False,False,,,,,,,36,0,37,Llenando ventana
114,2,TS,trayectoria,55168.0,55168.0,False,False,,,,,,,37,0,38,Llenando ventana
115,2,TS,trayectoria,55168.0,55168.0,False,False,,,,,,,38,0,39,Llenando ventana
116,2,TS,trayectoria,55168.0,55168.0,True,False,3.900000000001455,0.0,3.900000000001455,4.0,20.0,12.0,39,0,40,Explotacion activa
117,2,TS,trayectoria,55168.0,55168.0,True,False,3.900000000001455,0.0,3.900000000001455,4.0,20.0,12.0,40,0,41,Explotacion activa
118,2,TS,trayectoria,55168.0,55168.0,True,False,3.900000000001455,0.0,3.900000000001455,4.0,20.0,12.0,41,0,42,Explotacion activa
119,2,TS,trayectoria,55168.0,55168.0,True,False,3.900000000001455,0.0,3.900000000001455,4.0,20.0,12.0,42,0,43,Explotacion activa
120,2,TS,trayectoria,55168.0,55168.0,True,False,3.900000000001455,0.0,3.900000000001455,4.0,20.0,12.0,43,0,44,Explotacion activa
121,2,TS,trayectoria,55168.0,55168.0,True,False,3.900000000001455,0.0,3.900000000001455,4.0,20.0,12.0,44,0,45,Explotacion activa
122,2,TS,trayectoria,55168.0,55168.0,True,False,3.900000000001455,0.0,3.900000000001455,4.0,20.0,12.0,45,0,46,Explotacion activa
123,2,TS,trayectoria,55168.0,55168.0,True,False,3.900000000001455,0.0,3.900000000001455,4.0,20.0,12.0,46,0,47,Explotacion activa
124,2,TS,trayectoria,55168.0,55168.0,True,False,3.900000000001455,0.0,3.900000000001455,4.0,20.0,12.0,47,0,48,Explotacion activa
125,2,TS,trayectoria,55168.0,55168.0,True,False,3.900000000001455,0.0,3.900000000001455,0.0,3.900000000001455,3.900000000001455,48,1,49,Explotacion activa
126,2,TS,trayectoria,55168.0,55168.0,True,False,3.900000000001455,0.0,3.900000000001455,0.0,3.900000000001455,3.900000000001455,49,2,50,Explotacion activa
127,2,TS,trayectoria,55168.0,55168.0,True,False,3.900000000001455,0.0,3.900000000001455,0.0,3.900000000001455,3.900000000001455,50,3,51,Explotacion activa
128,2,TS,trayectoria,55168.0,55168.0,True,False,3.900000000001455,0.0,3.900000000001455,0.0,3.900000000001455,3.900000000001455,51,4,52,Explotacion activa
129,2,TS,trayectoria,55168.0,55168.0,True,False,3.900000000001455,0.0,3.900000000001455,0.0,3.900000000001455,3.900000000001455,52,5,53,Explotacion activa
130,2,TS,trayectoria,55168.0,55168.0,True,False,3.900000000001455,0.0,3.900000000001455,0.0,3.900000000001455,3.900000000001455,53,6,54,Explotacion activa
131,2,TS,trayectoria,55168.0,55168.0,True,False,3.900000000001455,0.0,3.900000000001455,0.0,3.900000000001455,3.900000000001455,54,7,55,Explotacion activa
132,2,TS,trayectoria,55168.0,55168.0,True,True,3.900000000001455,0.0,3.900000000001455,0.0,3.900000000001455,3.900000000001455,55,8,56,ESTANCAMIENTO (Fire)
133,3,GA,poblacional,55168.0,55168.0,False,False,,,,,,,0,0,1,Llenando ventana
134,3,GA,poblacional,55168.0,55168.0,False,False,,,,,,,1,0,2,Llenando ventana
135,3,GA,poblacional,55168.0,55168.0,False,False,,,,,,,2,0,3,Llenando ventana
136,3,GA,poblacional,55168.0,55168.0,False,False,,,,,,,3,0,4,Llenando ventana
137,3,GA,poblacional,55168.0,55168.0,False,False,,,,,,,4,0,5,Llenando ventana
138,3,GA,poblacional,55168.0,55168.0,False,False,,,,,,,5,0,6,Llenando ventana
139,3,GA,poblacional,55168.0,55168.0,False,False,,,,,,,6,0,7,Llenando ventana
140,3,GA,poblacional,55168.0,55168.0,False,False,,,,,,,7,0,8,Llenando ventana
141,3,GA,poblacional,55168.0,55168.0,False,False,,,,,,,8,0,9,Llenando ventana
142,3,GA,poblacional,55168.0,55168.0,False,False,,,,,,,9,0,10,Llenando ventana
143,3,GA,poblacional,55168.0,55168.0,False,False,,,,,,,10,0,11,Llenando ventana
144,3,GA,poblacional,55168.0,55168.0,False,False,,,,,,,11,0,12,Llenando ventana
145,3,GA,poblacional,55168.0,55168.0,False,False,,,,,,,12,0,13,Llenando ventana
146,3,GA,poblacional,55168.0,55168.0,False,False,,,,,,,13,0,14,Llenando ventana
147,3,GA,poblacional,55168.0,55168.0,False,False,,,,,,,14,0,15,Llenando ventana
148,3,GA,poblacional,55168.0,55168.0,False,False,,,,,,,15,0,16,Llenando ventana
149,3,GA,poblacional,55168.0,55168.0,False,False,,,,,,,16,0,17,Llenando ventana
150,3,GA,poblacional,55168.0,55168.0,False,False,,,,,,,17,0,18,Llenando ventana
151,3,GA,poblacional,55168.0,55168.0,False,False,,,,,,,18,0,19,Llenando ventana
152,3,GA,poblacional,55168.0,55168.0,False,False,,,,,,,19,0,20,Llenando ventana
153,3,GA,poblacional,55168.0,55168.0,False,False,,,,,,,20,0,21,Llenando ventana
154,3,GA,poblacional,55168.0,55168.0,False,False,,,,,,,21,0,22,Llenando ventana
155,3,GA,poblacional,55168.0,55168.0,False,False,,,,,,,22,0,23,Llenando ventana
156,3,GA,poblacional,55168.0,55168.0,False,False,,,,,,,23,0,24,Llenando ventana
157,3,GA,poblacional,55168.0,55168.0,False,False,,,,,,,24,0,25,Llenando ventana
158,3,GA,poblacional,55168.0,55168.0,False,False,,,,,,,25,0,26,Llenando ventana
159,3,GA,poblacional,55168.0,55168.0,False,False,,,,,,,26,0,27,Llenando ventana
160,3,GA,poblacional,55168.0,55168.0,False,False,,,,,,,27,0,28,Llenando ventana
161,3,GA,poblacional,55168.0,55168.0,False,False,,,,,,,28,0,29,Llenando ventana
162,3,GA,poblacional,55168.0,55168.0,False,False,,,,,,,29,0,30,Llenando ventana
163,3,GA,poblacional,55168.0,55168.0,False,False,,,,,,,30,0,31,Llenando ventana
164,3,GA,poblacional,55168.0,55168.0,False,False,,,,,,,31,0,32,Llenando ventana
165,3,GA,poblacional,55168.0,55168.0,False,False,,,,,,,32,0,33,Llenando ventana
166,3,GA,poblacional,55168.0,55168.0,False,False,,,,,,,33,0,34,Llenando ventana
167,3,GA,poblacional,55168.0,55168.0,False,False,,,,,,,34,0,35,Llenando ventana
168,3,GA,poblacional,55168.0,55168.0,False,False,,,,,,,35,0,36,Llenando ventana
169,3,GA,poblacional,55168.0,55168.0,False,False,,,,,,,36,0,37,Llenando ventana
170,3,GA,poblacional,55168.0,55168.0,False,False,,,,,,,37,0,38,Llenando ventana
171,3,GA,poblacional,55168.0,55168.0,False,False,,,,,,,38,0,39,Llenando ventana
172,3,GA,poblacional,55168.0,55168.0,True,False,3.900000000001455,0.0,3.900000000001455,4.0,20.0,12.0,39,0,40,Explotacion activa
173,3,GA,poblacional,55168.0,55168.0,True,False,3.900000000001455,0.0,3.900000000001455,4.0,20.0,12.0,40,0,41,Explotacion activa
174,3,GA,poblacional,55168.0,55168.0,True,False,3.900000000001455,0.0,3.900000000001455,4.0,20.0,12.0,41,0,42,Explotacion activa
175,3,GA,poblacional,55168.0,55168.0,True,False,3.900000000001455,0.0,3.900000000001455,4.0,20.0,12.0,42,0,43,Explotacion activa
176,3,GA,poblacional,55168.0,55168.0,True,False,3.900000000001455,0.0,3.900000000001455,4.0,20.0,12.0,43,0,44,Explotacion activa
177,3,GA,poblacional,55168.0,55168.0,True,False,3.900000000001455,0.0,3.900000000001455,4.0,20.0,12.0,44,0,45,Explotacion activa
178,3,GA,poblacional,55168.0,55168.0,True,False,3.900000000001455,0.0,3.900000000001455,4.0,20.0,12.0,45,0,46,Explotacion activa
179,3,GA,poblacional,55168.0,55168.0,True,False,3.900000000001455,0.0,3.900000000001455,4.0,20.0,12.0,46,0,47,Explotacion activa
180,3,GA,poblacional,55168.0,55168.0,True,False,3.900000000001455,0.0,3.900000000001455,4.0,20.0,12.0,47,0,48,Explotacion activa
181,3,GA,poblacional,55168.0,55168.0,True,False,3.900000000001455,0.0,3.900000000001455,0.0,3.900000000001455,3.900000000001455,48,1,49,Explotacion activa
182,3,GA,poblacional,55168.0,55168.0,True,False,3.900000000001455,0.0,3.900000000001455,0.0,3.900000000001455,3.900000000001455,49,2,50,Explotacion activa
183,3,GA,poblacional,55168.0,55168.0,True,False,3.900000000001455,0.0,3.900000000001455,0.0,3.900000000001455,3.900000000001455,50,3,51,Explotacion activa
184,3,GA,poblacional,55168.0,55168.0,True,False,3.900000000001455,0.0,3.900000000001455,0.0,3.900000000001455,3.900000000001455,51,4,52,Explotacion activa
185,3,GA,poblacional,55168.0,55168.0,True,False,3.900000000001455,0.0,3.900000000001455,0.0,3.900000000001455,3.900000000001455,52,5,53,Explotacion activa
186,3,GA,poblacional,55168.0,55168.0,True,False,3.900000000001455,0.0,3.900000000001455,0.0,3.900000000001455,3.900000000001455,53,6,54,Explotacion activa
187,3,GA,poblacional,55168.0,55168.0,True,False,3.900000000001455,0.0,3.900000000001455,0.0,3.900000000001455,3.900000000001455,54,7,55,Explotacion activa
188,3,GA,poblacional,55168.0,55168.0,True,False,3.900000000001455,0.0,3.900000000001455,0.0,3.900000000001455,3.900000000001455,55,8,56,Explotacion activa
189,3,GA,poblacional,55168.0,55168.0,True,False,3.900000000001455,0.0,3.900000000001455,0.0,3.900000000001455,3.900000000001455,56,9,57,Explotacion activa
190,3,GA,poblacional,55168.0,55168.0,True,False,3.900000000001455,0.0,3.900000000001455,0.0,3.900000000001455,3.900000000001455,57,10,58,Explotacion activa
191,3,GA,poblacional,55168.0,55168.0,True,False,3.900000000001455,0.0,3.900000000001455,0.0,3.900000000001455,3.900000000001455,58,11,59,Explotacion activa
192,3,GA,poblacional,55168.0,55168.0,True,False,3.900000000001455,0.0,3.900000000001455,0.0,3.900000000001455,3.900000000001455,59,12,60,Explotacion activa
193,3,GA,poblacional,55168.0,55168.0,True,False,3.900000000001455,0.0,3.900000000001455,0.0,3.900000000001455,3.900000000001455,60,13,61,Explotacion activa
194,3,GA,poblacional,55168.0,55168.0,True,True,3.900000000001455,0.0,3.900000000001455,0.0,3.900000000001455,3.900000000001455,61,14,62,ESTANCAMIENTO (Fire)
195,4,ILS,trayectoria,55222.0,55222.0,False,False,,,,,,,0,0,1,Llenando ventana
196,4,ILS,trayectoria,55222.0,55222.0,False,False,,,,,,,1,0,2,Llenando ventana
197,4,ILS,trayectoria,55222.0,55222.0,False,False,,,,,,,2,0,3,Llenando ventana
198,4,ILS,trayectoria,55222.0,55222.0,False,False,,,,,,,3,0,4,Llenando ventana
199,4,ILS,trayectoria,55222.0,55222.0,False,False,,,,,,,4,0,5,Llenando ventana
200,4,ILS,trayectoria,55222.0,55222.0,False,False,,,,,,,5,0,6,Llenando ventana
201,4,ILS,trayectoria,55222.0,55222.0,False,False,,,,,,,6,0,7,Llenando ventana
202,4,ILS,trayectoria,55222.0,55222.0,False,False,,,,,,,7,0,8,Llenando ventana
203,4,ILS,trayectoria,55222.0,55222.0,False,False,,,,,,,8,0,9,Llenando ventana
204,4,ILS,trayectoria,55222.0,55222.0,False,False,,,,,,,9,0,10,Llenando ventana
205,4,ILS,trayectoria,55222.0,55222.0,False,False,,,,,,,10,0,11,Llenando ventana
206,4,ILS,trayectoria,55222.0,55222.0,False,False,,,,,,,11,0,12,Llenando ventana
207,4,ILS,trayectoria,55222.0,55222.0,False,False,,,,,,,12,0,13,Llenando ventana
208,4,ILS,trayectoria,55222.0,55222.0,False,False,,,,,,,13,0,14,Llenando ventana
209,4,ILS,trayectoria,55222.0,55222.0,False,False,,,,,,,14,0,15,Llenando ventana
210,4,ILS,trayectoria,55222.0,55222.0,False,False,,,,,,,15,0,16,Llenando ventana
211,4,ILS,trayectoria,55222.0,55222.0,False,False,,,,,,,16,0,17,Llenando ventana
212,4,ILS,trayectoria,55222.0,55222.0,False,False,,,,,,,17,0,18,Llenando ventana
213,4,ILS,trayectoria,55222.0,55222.0,False,False,,,,,,,18,0,19,Llenando ventana
214,4,ILS,trayectoria,55222.0,55222.0,False,False,,,,,,,19,0,20,Llenando ventana
215,4,ILS,trayectoria,55222.0,55222.0,False,False,,,,,,,20,0,21,Llenando ventana
216,4,ILS,trayectoria,55222.0,55222.0,False,False,,,,,,,21,0,22,Llenando ventana
217,4,ILS,trayectoria,55222.0,55222.0,False,False,,,,,,,22,0,23,Llenando ventana
218,4,ILS,trayectoria,55222.0,55222.0,False,False,,,,,,,23,0,24,Llenando ventana
219,4,ILS,trayectoria,55222.0,55222.0,False,False,,,,,,,24,0,25,Llenando ventana
220,4,ILS,trayectoria,55300.0,55300.0,False,False,,,,,,,0,0,26,Llenando ventana
221,4,ILS,trayectoria,55300.0,55300.0,False,False,,,,,,,1,0,27,Llenando ventana
222,4,ILS,trayectoria,55300.0,55300.0,False,False,,,,,,,2,0,28,Llenando ventana
223,4,ILS,trayectoria,55300.0,55300.0,False,False,,,,,,,3,0,29,Llenando ventana
224,4,ILS,trayectoria,55300.0,55300.0,False,False,,,,,,,4,0,30,Llenando ventana
225,4,ILS,trayectoria,55300.0,55300.0,False,False,,,,,,,5,0,31,Llenando ventana
226,4,ILS,trayectoria,55300.0,55300.0,False,False,,,,,,,6,0,32,Llenando ventana
227,4,ILS,trayectoria,55300.0,55300.0,False,False,,,,,,,7,0,33,Llenando ventana
228,4,ILS,trayectoria,55300.0,55300.0,False,False,,,,,,,8,0,34,Llenando ventana
229,4,ILS,trayectoria,55300.0,55300.0,False,False,,,,,,,9,0,35,Llenando ventana
230,4,ILS,trayectoria,55300.0,55300.0,False,False,,,,,,,10,0,36,Llenando ventana
231,4,ILS,trayectoria,55300.0,55300.0,False,False,,,,,,,11,0,37,Llenando ventana
232,4,ILS,trayectoria,55300.0,55300.0,False,False,,,,,,,12,0,38,Llenando ventana
233,4,ILS,trayectoria,55300.0,55300.0,False,False,,,,,,,13,0,39,Llenando ventana
234,4,ILS,trayectoria,55300.0,55300.0,True,False,81.69999999998981,78.0,3.6999999999898137,4.0,20.0,12.0,14,0,40,Explotacion activa
235,4,ILS,trayectoria,55300.0,55300.0,True,False,81.69999999998981,78.0,3.6999999999898137,4.0,20.0,12.0,15,0,41,Explotacion activa
236,4,ILS,trayectoria,55300.0,55300.0,True,False,81.69999999998981,78.0,3.6999999999898137,4.0,20.0,12.0,16,0,42,Explotacion activa
237,4,ILS,trayectoria,55300.0,55300.0,True,False,81.69999999998981,78.0,3.6999999999898137,4.0,20.0,12.0,17,0,43,Explotacion activa
238,4,ILS,trayectoria,55300.0,55300.0,True,False,81.69999999998981,78.0,3.6999999999898137,4.0,20.0,12.0,18,0,44,Explotacion activa
239,4,ILS,trayectoria,55300.0,55300.0,True,False,81.69999999998981,78.0,3.6999999999898137,4.0,20.0,12.0,19,0,45,Explotacion activa
240,4,ILS,trayectoria,55300.0,55300.0,True,False,81.69999999998981,78.0,3.6999999999898137,4.0,20.0,12.0,20,0,46,Explotacion activa
241,4,ILS,trayectoria,55300.0,55300.0,True,False,81.69999999998981,78.0,3.6999999999898137,4.0,20.0,12.0,21,0,47,Explotacion activa
242,4,ILS,trayectoria,55300.0,55300.0,True,False,81.69999999998981,78.0,3.6999999999898137,4.0,20.0,12.0,22,0,48,Explotacion activa
243,4,ILS,trayectoria,55300.0,55300.0,True,False,81.69999999998981,78.0,3.6999999999898137,78.0,81.69999999998981,3.6999999999898137,23,1,49,Explotacion activa
244,4,ILS,trayectoria,55300.0,55300.0,True,False,81.69999999998981,78.0,3.6999999999898137,78.0,81.69999999998981,3.6999999999898137,24,2,50,Explotacion activa
245,4,ILS,trayectoria,55300.0,55300.0,True,False,81.69999999998981,78.0,3.6999999999898137,78.0,81.69999999998981,3.6999999999898137,25,3,51,Explotacion activa
246,4,ILS,trayectoria,55300.0,55300.0,True,False,81.69999999998981,78.0,3.6999999999898137,78.0,81.69999999998981,3.6999999999898137,26,4,52,Explotacion activa
247,4,ILS,trayectoria,55300.0,55300.0,True,False,81.69999999998981,78.0,3.6999999999898137,78.0,81.69999999998981,3.6999999999898137,27,5,53,Explotacion activa
248,4,ILS,trayectoria,55300.0,55300.0,True,False,81.69999999998981,78.0,3.6999999999898137,78.0,81.69999999998981,3.6999999999898137,28,6,54,Explotacion activa
249,4,ILS,trayectoria,55300.0,55300.0,True,False,81.69999999998981,78.0,3.6999999999898137,78.0,81.69999999998981,3.6999999999898137,29,7,55,Explotacion activa
250,4,ILS,trayectoria,55300.0,55300.0,True,False,81.69999999998981,78.0,3.6999999999898137,78.0,81.69999999998981,3.6999999999898137,30,8,56,Explotacion activa
251,4,ILS,trayectoria,55300.0,55300.0,True,False,81.69999999998981,78.0,3.6999999999898137,78.0,81.69999999998981,3.6999999999898137,31,9,57,Explotacion activa
252,4,ILS,trayectoria,55300.0,55300.0,True,False,81.69999999998981,78.0,3.6999999999898137,78.0,81.69999999998981,3.6999999999898137,32,10,58,Explotacion activa
253,4,ILS,trayectoria,55300.0,55300.0,True,False,81.69999999998981,78.0,3.6999999999898137,78.0,81.69999999998981,3.6999999999898137,33,11,59,Explotacion activa
254,4,ILS,trayectoria,55300.0,55300.0,True,False,81.69999999998981,78.0,3.6999999999898137,78.0,81.69999999998981,3.6999999999898137,34,12,60,Explotacion activa
255,4,ILS,trayectoria,55300.0,55300.0,True,False,81.69999999998981,78.0,3.6999999999898137,78.0,81.69999999998981,3.6999999999898137,35,13,61,Explotacion activa
256,4,ILS,trayectoria,55300.0,55300.0,True,True,81.69999999998981,78.0,3.6999999999898137,78.0,81.69999999998981,3.6999999999898137,36,14,62,ESTANCAMIENTO (Fire)
257,5,EHO,poblacional,55300.0,55300.0,False,False,,,,,,,0,0,1,Llenando ventana
258,5,EHO,poblacional,55300.0,55300.0,False,False,,,,,,,1,0,2,Llenando ventana
259,5,EHO,poblacional,55300.0,55300.0,False,False,,,,,,,2,0,3,Llenando ventana
260,5,EHO,poblacional,55300.0,55300.0,False,False,,,,,,,3,0,4,Llenando ventana
261,5,EHO,poblacional,55300.0,55300.0,False,False,,,,,,,4,0,5,Llenando ventana
262,5,EHO,poblacional,55300.0,55300.0,False,False,,,,,,,5,0,6,Llenando ventana
263,5,EHO,poblacional,55300.0,55300.0,False,False,,,,,,,6,0,7,Llenando ventana
264,5,EHO,poblacional,55300.0,55300.0,False,False,,,,,,,7,0,8,Llenando ventana
265,5,EHO,poblacional,55300.0,55300.0,False,False,,,,,,,8,0,9,Llenando ventana
266,5,EHO,poblacional,55300.0,55300.0,False,False,,,,,,,9,0,10,Llenando ventana
267,5,EHO,poblacional,55300.0,55300.0,False,False,,,,,,,10,0,11,Llenando ventana
268,5,EHO,poblacional,55300.0,55300.0,False,False,,,,,,,11,0,12,Llenando ventana
269,5,EHO,poblacional,55300.0,55300.0,False,False,,,,,,,12,0,13,Llenando ventana
270,5,EHO,poblacional,55300.0,55300.0,False,False,,,,,,,13,0,14,Llenando ventana
271,5,EHO,poblacional,55300.0,55300.0,False,False,,,,,,,14,0,15,Llenando ventana
272,5,EHO,poblacional,55300.0,55300.0,False,False,,,,,,,15,0,16,Llenando ventana
273,5,EHO,poblacional,55300.0,55300.0,False,False,,,,,,,16,0,17,Llenando ventana
274,5,EHO,poblacional,55300.0,55300.0,False,False,,,,,,,17,0,18,Llenando ventana
275,5,EHO,poblacional,55300.0,55300.0,False,False,,,,,,,18,0,19,Llenando ventana
276,5,EHO,poblacional,55300.0,55300.0,False,False,,,,,,,19,0,20,Llenando ventana
277,5,EHO,poblacional,55300.0,55300.0,False,False,,,,,,,20,0,21,Llenando ventana
278,5,EHO,poblacional,55300.0,55300.0,False,False,,,,,,,21,0,22,Llenando ventana
279,5,EHO,poblacional,55300.0,55300.0,False,False,,,,,,,22,0,23,Llenando ventana
280,5,EHO,poblacional,55300.0,55300.0,False,False,,,,,,,23,0,24,Llenando ventana
281,5,EHO,poblacional,55300.0,55300.0,False,False,,,,,,,24,0,25,Llenando ventana
282,5,EHO,poblacional,55300.0,55300.0,False,False,,,,,,,25,0,26,Llenando ventana
283,5,EHO,poblacional,55300.0,55300.0,False,False,,,,,,,26,0,27,Llenando ventana
284,5,EHO,poblacional,55300.0,55300.0,False,False,,,,,,,27,0,28,Llenando ventana
285,5,EHO,poblacional,55300.0,55300.0,False,False,,,,,,,28,0,29,Llenando ventana
286,5,EHO,poblacional,55300.0,55300.0,False,False,,,,,,,29,0,30,Llenando ventana
287,5,EHO,poblacional,55300.0,55300.0,False,False,,,,,,,30,0,31,Llenando ventana
288,5,EHO,poblacional,55300.0,55300.0,False,False,,,,,,,31,0,32,Llenando ventana
289,5,EHO,poblacional,55300.0,55300.0,False,False,,,,,,,32,0,33,Llenando ventana
290,5,EHO,poblacional,55300.0,55300.0,False,False,,,,,,,33,0,34,Llenando ventana
291,5,EHO,poblacional,55300.0,55300.0,False,False,,,,,,,34,0,35,Llenando ventana
292,5,EHO,poblacional,55300.0,55300.0,False,False,,,,,,,35,0,36,Llenando ventana
293,5,EHO,poblacional,55300.0,55300.0,False,False,,,,,,,36,0,37,Llenando ventana
294,5,EHO,poblacional,55300.0,55300.0,False,False,,,,,,,37,0,38,Llenando ventana
295,5,EHO,poblacional,55300.0,55300.0,False,False,,,,,,,38,0,39,Llenando ventana
296,5,EHO,poblacional,55300.0,55300.0,True,False,3.900000000001455,0.0,3.900000000001455,4.0,20.0,12.0,39,0,40,Explotacion activa
297,5,EHO,poblacional,55300.0,55300.0,True,False,3.900000000001455,0.0,3.900000000001455,4.0,20.0,12.0,40,0,41,Explotacion activa
298,5,EHO,poblacional,55300.0,55300.0,True,False,3.900000000001455,0.0,3.900000000001455,4.0,20.0,12.0,41,0,42,Explotacion activa
299,5,EHO,poblacional,55300.0,55300.0,True,False,3.900000000001455,0.0,3.900000000001455,4.0,20.0,12.0,42,0,43,Explotacion activa
300,5,EHO,poblacional,55300.0,55300.0,True,False,3.900000000001455,0.0,3.900000000001455,4.0,20.0,12.0,43,0,44,Explotacion activa
301,5,EHO,poblacional,55300.0,55300.0,True,False,3.900000000001455,0.0,3.900000000001455,4.0,20.0,12.0,44,0,45,Explotacion activa
302,5,EHO,poblacional,55300.0,55300.0,True,False,3.900000000001455,0.0,3.900000000001455,4.0,20.0,12.0,45,0,46,Explotacion activa
303,5,EHO,poblacional,55300.0,55300.0,True,False,3.900000000001455,0.0,3.900000000001455,4.0,20.0,12.0,46,0,47,Explotacion activa
304,5,EHO,poblacional,55300.0,55300.0,True,False,3.900000000001455,0.0,3.900000000001455,4.0,20.0,12.0,47,0,48,Explotacion activa
305,5,EHO,poblacional,55300.0,55300.0,True,False,3.900000000001455,0.0,3.900000000001455,0.0,3.900000000001455,3.900000000001455,48,1,49,Explotacion activa
306,5,EHO,poblacional,55300.0,55300.0,True,False,3.900000000001455,0.0,3.900000000001455,0.0,3.900000000001455,3.900000000001455,49,2,50,Explotacion activa
307,5,EHO,poblacional,55300.0,55300.0,True,False,3.900000000001455,0.0,3.900000000001455,0.0,3.900000000001455,3.900000000001455,50,3,51,Explotacion activa
308,5,EHO,poblacional,55300.0,55300.0,True,False,3.900000000001455,0.0,3.900000000001455,0.0,3.900000000001455,3.900000000001455,51,4,52,Explotacion activa
309,5,EHO,poblacional,55300.0,55300.0,True,False,3.900000000001455,0.0,3.900000000001455,0.0,3.900000000001455,3.900000000001455,52,5,53,Explotacion activa
310,5,EHO,poblacional,55300.0,55300.0,True,False,3.900000000001455,0.0,3.900000000001455,0.0,3.900000000001455,3.900000000001455,53,6,54,Explotacion activa
311,5,EHO,poblacional,55300.0,55300.0,True,False,3.900000000001455,0.0,3.900000000001455,0.0,3.900000000001455,3.900000000001455,54,7,55,Explotacion activa
312,5,EHO,poblacional,55300.0,55300.0,True,True,3.900000000001455,0.0,3.900000000001455,0.0,3.900000000001455,3.900000000001455,55,8,56,ESTANCAMIENTO (Fire)
313,6,VNS,trayectoria,55300.0,55300.0,False,False,,,,,,,0,0,1,Llenando ventana
314,6,VNS,trayectoria,55300.0,55300.0,False,False,,,,,,,1,0,2,Llenando ventana
315,6,VNS,trayectoria,55300.0,55300.0,False,False,,,,,,,2,0,3,Llenando ventana
316,6,VNS,trayectoria,55300.0,55300.0,False,False,,,,,,,3,0,4,Llenando ventana
317,6,VNS,trayectoria,55300.0,55300.0,False,False,,,,,,,4,0,5,Llenando ventana
318,6,VNS,trayectoria,55300.0,55300.0,False,False,,,,,,,5,0,6,Llenando ventana
319,6,VNS,trayectoria,55300.0,55300.0,False,False,,,,,,,6,0,7,Llenando ventana
320,6,VNS,trayectoria,55300.0,55300.0,False,False,,,,,,,7,0,8,Llenando ventana
321,6,VNS,trayectoria,55300.0,55300.0,False,False,,,,,,,8,0,9,Llenando ventana
322,6,VNS,trayectoria,55300.0,55300.0,False,False,,,,,,,9,0,10,Llenando ventana
323,6,VNS,trayectoria,55300.0,55300.0,False,False,,,,,,,10,0,11,Llenando ventana
324,6,VNS,trayectoria,55300.0,55300.0,False,False,,,,,,,11,0,12,Llenando ventana
325,6,VNS,trayectoria,55300.0,55300.0,False,False,,,,,,,12,0,13,Llenando ventana
326,6,VNS,trayectoria,55300.0,55300.0,False,False,,,,,,,13,0,14,Llenando ventana
327,6,VNS,trayectoria,55300.0,55300.0,False,False,,,,,,,14,0,15,Llenando ventana
328,6,VNS,trayectoria,55300.0,55300.0,False,False,,,,,,,15,0,16,Llenando ventana
329,6,VNS,trayectoria,55300.0,55300.0,False,False,,,,,,,16,0,17,Llenando ventana
330,6,VNS,trayectoria,55341.0,55341.0,False,False,,,,,,,0,0,18,Llenando ventana
331,6,VNS,trayectoria,55341.0,55341.0,False,False,,,,,,,1,0,19,Llenando ventana
332,6,VNS,trayectoria,55341.0,55341.0,False,False,,,,,,,2,0,20,Llenando ventana
333,6,VNS,trayectoria,55341.0,55341.0,False,False,,,,,,,3,0,21,Llenando ventana
334,6,VNS,trayectoria,55341.0,55341.0,False,False,,,,,,,4,0,22,Llenando ventana
335,6,VNS,trayectoria,55341.0,55341.0,False,False,,,,,,,5,0,23,Llenando ventana
336,6,VNS,trayectoria,55341.0,55341.0,False,False,,,,,,,6,0,24,Llenando ventana
337,6,VNS,trayectoria,55341.0,55341.0,False,False,,,,,,,7,0,25,Llenando ventana
338,6,VNS,trayectoria,55341.0,55341.0,False,False,,,,,,,8,0,26,Llenando ventana
339,6,VNS,trayectoria,55341.0,55341.0,False,False,,,,,,,9,0,27,Llenando ventana
340,6,VNS,trayectoria,55341.0,55341.0,False,False,,,,,,,10,0,28,Llenando ventana
341,6,VNS,trayectoria,55341.0,55341.0,False,False,,,,,,,11,0,29,Llenando ventana
342,6,VNS,trayectoria,55341.0,55341.0,False,False,,,,,,,12,0,30,Llenando ventana
343,6,VNS,trayectoria,55341.0,55341.0,False,False,,,,,,,13,0,31,Llenando ventana
344,6,VNS,trayectoria,55341.0,55341.0,False,False,,,,,,,14,0,32,Llenando ventana
345,6,VNS,trayectoria,55341.0,55341.0,False,False,,,,,,,15,0,33,Llenando ventana
346,6,VNS,trayectoria,55341.0,55341.0,False,False,,,,,,,16,0,34,Llenando ventana
347,6,VNS,trayectoria,55341.0,55341.0,False,False,,,,,,,17,0,35,Llenando ventana
348,6,VNS,trayectoria,55341.0,55341.0,False,False,,,,,,,18,0,36,Llenando ventana
349,6,VNS,trayectoria,55341.0,55341.0,False,False,,,,,,,19,0,37,Llenando ventana
350,6,VNS,trayectoria,55341.0,55341.0,False,False,,,,,,,20,0,38,Llenando ventana
351,6,VNS,trayectoria,55341.0,55341.0,False,False,,,,,,,21,0,39,Llenando ventana
352,6,VNS,trayectoria,55341.0,55341.0,True,False,44.699999999989814,41.0,3.6999999999898137,4.0,20.0,12.0,22,0,40,Explotacion activa
353,6,VNS,trayectoria,55341.0,55341.0,True,False,44.699999999989814,41.0,3.6999999999898137,4.0,20.0,12.0,23,0,41,Explotacion activa
354,6,VNS,trayectoria,55341.0,55341.0,True,False,44.699999999989814,41.0,3.6999999999898137,4.0,20.0,12.0,24,0,42,Explotacion activa
355,6,VNS,trayectoria,55341.0,55341.0,True,False,44.699999999989814,41.0,3.6999999999898137,4.0,20.0,12.0,25,0,43,Explotacion activa
356,6,VNS,trayectoria,55341.0,55341.0,True,False,44.699999999989814,41.0,3.6999999999898137,4.0,20.0,12.0,26,0,44,Explotacion activa
357,6,VNS,trayectoria,55341.0,55341.0,True,False,44.699999999989814,41.0,3.6999999999898137,4.0,20.0,12.0,27,0,45,Explotacion activa
358,6,VNS,trayectoria,55341.0,55341.0,True,False,44.699999999989814,41.0,3.6999999999898137,4.0,20.0,12.0,28,0,46,Explotacion activa
359,6,VNS,trayectoria,55341.0,55341.0,True,False,44.699999999989814,41.0,3.6999999999898137,4.0,20.0,12.0,29,0,47,Explotacion activa
360,6,VNS,trayectoria,55341.0,55341.0,True,False,44.699999999989814,41.0,3.6999999999898137,4.0,20.0,12.0,30,0,48,Explotacion activa
361,6,VNS,trayectoria,55341.0,55341.0,True,False,44.699999999989814,41.0,3.6999999999898137,41.0,44.699999999989814,3.6999999999898137,31,1,49,Explotacion activa
362,6,VNS,trayectoria,55341.0,55341.0,True,False,44.699999999989814,41.0,3.6999999999898137,41.0,44.699999999989814,3.6999999999898137,32,2,50,Explotacion activa
363,6,VNS,trayectoria,55341.0,55341.0,True,False,44.699999999989814,41.0,3.6999999999898137,41.0,44.699999999989814,3.6999999999898137,33,3,51,Explotacion activa
364,6,VNS,trayectoria,55341.0,55341.0,True,False,44.699999999989814,41.0,3.6999999999898137,41.0,44.699999999989814,3.6999999999898137,34,4,52,Explotacion activa
365,6,VNS,trayectoria,55341.0,55341.0,True,False,44.699999999989814,41.0,3.6999999999898137,41.0,44.699999999989814,3.6999999999898137,35,5,53,Explotacion activa
366,6,VNS,trayectoria,55341.0,55341.0,True,False,44.699999999989814,41.0,3.6999999999898137,41.0,44.699999999989814,3.6999999999898137,36,6,54,Explotacion activa
367,6,VNS,trayectoria,55341.0,55341.0,True,False,44.700000000004366,41.0,3.7000000000043656,41.0,44.699999999989814,3.6999999999898137,37,7,55,Explotacion activa
368,6,VNS,trayectoria,55341.0,55341.0,True,True,44.700000000004366,41.0,3.7000000000043656,41.0,44.699999999989814,3.6999999999898137,38,8,56,ESTANCAMIENTO (Fire)
369,7,GWO,poblacional,55341.0,55341.0,False,False,,,,,,,0,0,1,Llenando ventana
370,7,GWO,poblacional,55341.0,55341.0,False,False,,,,,,,1,0,2,Llenando ventana
371,7,GWO,poblacional,55341.0,55341.0,False,False,,,,,,,2,0,3,Llenando ventana
372,7,GWO,poblacional,55341.0,55341.0,False,False,,,,,,,3,0,4,Llenando ventana
373,7,GWO,poblacional,55341.0,55341.0,False,False,,,,,,,4,0,5,Llenando ventana
374,7,GWO,poblacional,55341.0,55341.0,False,False,,,,,,,5,0,6,Llenando ventana
375,7,GWO,poblacional,55341.0,55341.0,False,False,,,,,,,6,0,7,Llenando ventana
376,7,GWO,poblacional,55341.0,55341.0,False,False,,,,,,,7,0,8,Llenando ventana
377,7,GWO,poblacional,55341.0,55341.0,False,False,,,,,,,8,0,9,Llenando ventana
378,7,GWO,poblacional,55341.0,55341.0,False,False,,,,,,,9,0,10,Llenando ventana
379,7,GWO,poblacional,55341.0,55341.0,False,False,,,,,,,10,0,11,Llenando ventana
380,7,GWO,poblacional,55341.0,55341.0,False,False,,,,,,,11,0,12,Llenando ventana
381,7,GWO,poblacional,55341.0,55341.0,False,False,,,,,,,12,0,13,Llenando ventana
382,7,GWO,poblacional,55341.0,55341.0,False,False,,,,,,,13,0,14,Llenando ventana
383,7,GWO,poblacional,55341.0,55341.0,False,False,,,,,,,0,0,15,Llenando ventana
384,7,GWO,poblacional,55341.0,55341.0,False,False,,,,,,,1,0,16,Llenando ventana
385,7,GWO,poblacional,55341.0,55341.0,False,False,,,,,,,2,0,17,Llenando ventana
386,7,GWO,poblacional,55341.0,55341.0,False,False,,,,,,,3,0,18,Llenando ventana
387,7,GWO,poblacional,55341.0,55341.0,False,False,,,,,,,4,0,19,Llenando ventana
388,7,GWO,poblacional,55341.0,55341.0,False,False,,,,,,,5,0,20,Llenando ventana
389,7,GWO,poblacional,55341.0,55341.0,False,False,,,,,,,6,0,21,Llenando ventana
390,7,GWO,poblacional,55341.0,55341.0,False,False,,,,,,,7,0,22,Llenando ventana
391,7,GWO,poblacional,55341.0,55341.0,False,False,,,,,,,8,0,23,Llenando ventana
392,7,GWO,poblacional,55341.0,55341.0,False,False,,,,,,,9,0,24,Llenando ventana
393,7,GWO,poblacional,55341.0,55341.0,False,False,,,,,,,10,0,25,Llenando ventana
394,7,GWO,poblacional,55341.0,55341.0,False,False,,,,,,,11,0,26,Llenando ventana
395,7,GWO,poblacional,55341.0,55341.0,False,False,,,,,,,12,0,27,Llenando ventana
396,7,GWO,poblacional,55341.0,55341.0,False,False,,,,,,,13,0,28,Llenando ventana
397,7,GWO,poblacional,55341.0,55341.0,False,False,,,,,,,14,0,29,Llenando ventana
398,7,GWO,poblacional,55341.0,55341.0,False,False,,,,,,,15,0,30,Llenando ventana
399,7,GWO,poblacional,55341.0,55341.0,False,False,,,,,,,16,0,31,Llenando ventana
400,7,GWO,poblacional,55341.0,55341.0,False,False,,,,,,,17,0,32,Llenando ventana
401,7,GWO,poblacional,55341.0,55341.0,False,False,,,,,,,18,0,33,Llenando ventana
402,7,GWO,poblacional,55341.0,55341.0,False,False,,,,,,,19,0,34,Llenando ventana
403,7,GWO,poblacional,55341.0,55341.0,False,False,,,,,,,20,0,35,Llenando ventana
404,7,GWO,poblacional,55341.0,55341.0,False,False,,,,,,,21,0,36,Llenando ventana
405,7,GWO,poblacional,55341.0,55341.0,False,False,,,,,,,22,0,37,Llenando ventana
406,7,GWO,poblacional,55341.0,55341.0,False,False,,,,,,,23,0,38,Llenando ventana
407,7,GWO,poblacional,55341.0,55341.0,False,False,,,,,,,24,0,39,Llenando ventana
408,7,GWO,poblacional,55341.0,55341.0,True,False,234.6999999999898,231.0,3.6999999999898137,4.0,20.0,12.0,25,0,40,Explotacion activa
409,7,GWO,poblacional,55341.0,55341.0,True,False,234.6999999999898,231.0,3.6999999999898137,4.0,20.0,12.0,26,0,41,Explotacion activa
410,7,GWO,poblacional,55341.0,55341.0,True,False,234.6999999999898,231.0,3.6999999999898137,4.0,20.0,12.0,27,0,42,Explotacion activa
411,7,GWO,poblacional,55341.0,55341.0,True,False,234.6999999999898,231.0,3.6999999999898137,4.0,20.0,12.0,28,0,43,Explotacion activa
412,7,GWO,poblacional,55341.0,55341.0,True,False,234.6999999999898,231.0,3.6999999999898137,4.0,20.0,12.0,29,0,44,Explotacion activa
413,7,GWO,poblacional,55341.0,55341.0,True,False,234.6999999999898,231.0,3.6999999999898137,4.0,20.0,12.0,30,0,45,Explotacion activa
414,7,GWO,poblacional,55341.0,55341.0,True,False,234.6999999999898,231.0,3.6999999999898137,4.0,20.0,12.0,31,0,46,Explotacion activa
415,7,GWO,poblacional,55341.0,55341.0,True,False,234.6999999999898,231.0,3.6999999999898137,4.0,20.0,12.0,32,0,47,Explotacion activa
416,7,GWO,poblacional,55341.0,55341.0,True,False,234.6999999999898,231.0,3.6999999999898137,4.0,20.0,12.0,33,0,48,Explotacion activa
417,7,GWO,poblacional,55341.0,55341.0,True,False,234.6999999999898,231.0,3.6999999999898137,231.0,234.6999999999898,3.6999999999898137,34,1,49,Explotacion activa
418,7,GWO,poblacional,55341.0,55341.0,True,False,234.6999999999898,231.0,3.6999999999898137,231.0,234.6999999999898,3.6999999999898137,35,2,50,Explotacion activa
419,7,GWO,poblacional,55341.0,55341.0,True,False,234.6999999999898,231.0,3.6999999999898137,231.0,234.6999999999898,3.6999999999898137,36,3,51,Explotacion activa
420,7,GWO,poblacional,55341.0,55341.0,True,False,234.70000000000437,231.0,3.7000000000043656,231.0,234.6999999999898,3.6999999999898137,37,4,52,Explotacion activa
421,7,GWO,poblacional,55341.0,55341.0,True,False,234.70000000000437,231.0,3.7000000000043656,231.0,234.6999999999898,3.6999999999898137,38,5,53,Explotacion activa
422,7,GWO,poblacional,55341.0,55341.0,True,False,3.900000000001455,0.0,3.900000000001455,231.0,234.6999999999898,3.6999999999898137,39,6,54,Explotacion activa
423,7,GWO,poblacional,55341.0,55341.0,True,False,3.900000000001455,0.0,3.900000000001455,231.0,234.6999999999898,3.6999999999898137,40,7,55,Explotacion activa
424,7,GWO,poblacional,55341.0,55341.0,True,False,3.900000000001455,0.0,3.900000000001455,231.0,234.6999999999898,3.699999999992724,41,8,56,Explotacion activa
425,7,GWO,poblacional,55341.0,55341.0,True,False,3.900000000001455,0.0,3.900000000001455,231.0,234.6999999999898,3.7000000000029103,42,9,57,Explotacion activa
426,7,GWO,poblacional,55341.0,55341.0,True,False,3.900000000001455,0.0,3.900000000001455,231.0,234.6999999999898,3.7000000000043656,43,10,58,Explotacion activa
427,7,GWO,poblacional,55341.0,55341.0,True,False,3.900000000001455,0.0,3.900000000001455,161.70000000000005,234.6999999999898,3.760000000003492,44,11,59,Explotacion activa
428,7,GWO,poblacional,55341.0,55341.0,True,False,3.900000000001455,0.0,3.900000000001455,0.0,234.6999999999898,3.900000000001455,45,12,60,Explotacion activa
429,7,GWO,poblacional,55341.0,55341.0,True,False,3.900000000001455,0.0,3.900000000001455,0.0,234.6999999999898,3.900000000001455,46,13,61,Explotacion activa
430,7,GWO,poblacional,55341.0,55341.0,True,True,3.900000000001455,0.0,3.900000000001455,0.0,234.6999999999898,3.900000000001455,47,14,62,ESTANCAMIENTO (Fire)
431,8,ILS,trayectoria,55341.0,55341.0,False,False,,,,,,,0,0,1,Llenando ventana
432,8,ILS,trayectoria,55341.0,55341.0,False,False,,,,,,,1,0,2,Llenando ventana
433,8,ILS,trayectoria,55341.0,55341.0,False,False,,,,,,,2,0,3,Llenando ventana
434,8,ILS,trayectoria,55341.0,55341.0,False,False,,,,,,,3,0,4,Llenando ventana
435,8,ILS,trayectoria,55341.0,55341.0,False,False,,,,,,,4,0,5,Llenando ventana
436,8,ILS,trayectoria,55341.0,55341.0,False,False,,,,,,,5,0,6,Llenando ventana
437,8,ILS,trayectoria,55341.0,55341.0,False,False,,,,,,,6,0,7,Llenando ventana
438,8,ILS,trayectoria,55341.0,55341.0,False,False,,,,,,,7,0,8,Llenando ventana
439,8,ILS,trayectoria,55341.0,55341.0,False,False,,,,,,,8,0,9,Llenando ventana
440,8,ILS,trayectoria,55341.0,55341.0,False,False,,,,,,,9,0,10,Llenando ventana
441,8,ILS,trayectoria,55341.0,55341.0,False,False,,,,,,,10,0,11,Llenando ventana
442,8,ILS,trayectoria,55341.0,55341.0,False,False,,,,,,,11,0,12,Llenando ventana
443,8,ILS,trayectoria,55341.0,55341.0,False,False,,,,,,,12,0,13,Llenando ventana
444,8,ILS,trayectoria,55341.0,55341.0,False,False,,,,,,,13,0,14,Llenando ventana
445,8,ILS,trayectoria,55572.0,55572.0,False,False,,,,,,,14,0,15,Llenando ventana
446,8,ILS,trayectoria,55572.0,55572.0,False,False,,,,,,,15,0,16,Llenando ventana
447,8,ILS,trayectoria,55572.0,55572.0,False,False,,,,,,,16,0,17,Llenando ventana
448,8,ILS,trayectoria,55572.0,55572.0,False,False,,,,,,,17,0,18,Llenando ventana
449,8,ILS,trayectoria,55572.0,55572.0,False,False,,,,,,,18,0,19,Llenando ventana
450,8,ILS,trayectoria,55572.0,55572.0,False,False,,,,,,,19,0,20,Llenando ventana
451,8,ILS,trayectoria,55572.0,55572.0,False,False,,,,,,,20,0,21,Llenando ventana
452,8,ILS,trayectoria,55572.0,55572.0,False,False,,,,,,,21,0,22,Llenando ventana
453,8,ILS,trayectoria,55572.0,55572.0,False,False,,,,,,,22,0,23,Llenando ventana
454,8,ILS,trayectoria,55572.0,55572.0,False,False,,,,,,,23,0,24,Llenando ventana
455,8,ILS,trayectoria,55572.0,55572.0,False,False,,,,,,,24,0,25,Llenando ventana
456,8,ILS,trayectoria,55572.0,55572.0,False,False,,,,,,,25,0,26,Llenando ventana
457,8,ILS,trayectoria,55572.0,55572.0,False,False,,,,,,,26,0,27,Llenando ventana
458,8,ILS,trayectoria,55572.0,55572.0,False,False,,,,,,,27,0,28,Llenando ventana
459,8,ILS,trayectoria,55572.0,55572.0,False,False,,,,,,,28,0,29,Llenando ventana
460,8,ILS,trayectoria,55572.0,55572.0,False,False,,,,,,,29,0,30,Llenando ventana
461,8,ILS,trayectoria,55572.0,55572.0,False,False,,,,,,,30,0,31,Llenando ventana
462,8,ILS,trayectoria,55572.0,55572.0,False,False,,,,,,,31,0,32,Llenando ventana
463,8,ILS,trayectoria,55572.0,55572.0,False,False,,,,,,,32,0,33,Llenando ventana
464,8,ILS,trayectoria,55572.0,55572.0,False,False,,,,,,,33,0,34,Llenando ventana
465,8,ILS,trayectoria,55572.0,55572.0,False,False,,,,,,,34,0,35,Llenando ventana
466,8,ILS,trayectoria,55572.0,55572.0,False,False,,,,,,,35,0,36,Llenando ventana
467,8,ILS,trayectoria,55572.0,55572.0,False,False,,,,,,,36,0,37,Llenando ventana
468,8,ILS,trayectoria,55572.0,55572.0,False,False,,,,,,,37,0,38,Llenando ventana
469,8,ILS,trayectoria,55572.0,55572.0,False,False,,,,,,,38,0,39,Llenando ventana
470,8,ILS,trayectoria,55572.0,55572.0,True,False,3.900000000001455,0.0,3.900000000001455,4.0,20.0,12.0,39,0,40,Explotacion activa
471,8,ILS,trayectoria,55572.0,55572.0,True,False,3.900000000001455,0.0,3.900000000001455,4.0,20.0,12.0,40,0,41,Explotacion activa
472,8,ILS,trayectoria,55572.0,55572.0,True,False,3.900000000001455,0.0,3.900000000001455,4.0,20.0,12.0,41,0,42,Explotacion activa
473,8,ILS,trayectoria,55572.0,55572.0,True,False,3.900000000001455,0.0,3.900000000001455,4.0,20.0,12.0,42,0,43,Explotacion activa
474,8,ILS,trayectoria,55572.0,55572.0,True,False,3.900000000001455,0.0,3.900000000001455,4.0,20.0,12.0,43,0,44,Explotacion activa
475,8,ILS,trayectoria,55572.0,55572.0,True,False,3.900000000001455,0.0,3.900000000001455,4.0,20.0,12.0,44,0,45,Explotacion activa
476,8,ILS,trayectoria,55572.0,55572.0,True,False,3.900000000001455,0.0,3.900000000001455,4.0,20.0,12.0,45,0,46,Explotacion activa
477,8,ILS,trayectoria,55572.0,55572.0,True,False,3.900000000001455,0.0,3.900000000001455,4.0,20.0,12.0,46,0,47,Explotacion activa
478,8,ILS,trayectoria,55572.0,55572.0,True,False,3.900000000001455,0.0,3.900000000001455,4.0,20.0,12.0,47,0,48,Explotacion activa
479,8,ILS,trayectoria,55572.0,55572.0,True,False,3.900000000001455,0.0,3.900000000001455,0.0,3.900000000001455,3.900000000001455,48,1,49,Explotacion activa
480,8,ILS,trayectoria,55572.0,55572.0,True,False,3.900000000001455,0.0,3.900000000001455,0.0,3.900000000001455,3.900000000001455,49,2,50,Explotacion activa
481,8,ILS,trayectoria,55572.0,55572.0,True,False,3.900000000001455,0.0,3.900000000001455,0.0,3.900000000001455,3.900000000001455,50,3,51,Explotacion activa
482,8,ILS,trayectoria,55572.0,55572.0,True,False,3.900000000001455,0.0,3.900000000001455,0.0,3.900000000001455,3.900000000001455,51,4,52,Explotacion activa
483,8,ILS,trayectoria,55572.0,55572.0,True,False,3.900000000001455,0.0,3.900000000001455,0.0,3.900000000001455,3.900000000001455,52,5,53,Explotacion activa
484,8,ILS,trayectoria,55572.0,55572.0,True,False,3.900000000001455,0.0,3.900000000001455,0.0,3.900000000001455,3.900000000001455,53,6,54,Explotacion activa
485,8,ILS,trayectoria,55572.0,55572.0,True,False,3.900000000001455,0.0,3.900000000001455,0.0,3.900000000001455,3.900000000001455,54,7,55,Explotacion activa
486,8,ILS,trayectoria,55572.0,55572.0,True,True,3.900000000001455,0.0,3.900000000001455,0.0,3.900000000001455,3.900000000001455,55,8,56,ESTANCAMIENTO (Fire)
487,8,ILS,trayectoria,55572.0,55572.0,False,False,,,3.900000000001455,,,,0,0,1,Llenando ventana
488,8,ILS,trayectoria,55572.0,55572.0,False,False,,,3.900000000001455,,,,1,0,2,Llenando ventana
489,8,ILS,trayectoria,55572.0,55572.0,False,False,,,3.900000000001455,,,,2,0,3,Llenando ventana
490,8,ILS,trayectoria,55572.0,55572.0,False,False,,,3.900000000001455,,,,3,0,4,Llenando ventana
491,8,ILS,trayectoria,55572.0,55572.0,False,False,,,3.900000000001455,,,,4,0,5,Llenando ventana
492,8,ILS,trayectoria,55572.0,55572.0,False,False,,,3.900000000001455,,,,5,0,6,Llenando ventana
493,9,WOA,poblacional,55572.0,55572.0,False,False,,,,,,,6,0,7,Llenando ventana
494,9,WOA,poblacional,55572.0,55572.0,False,False,,,,,,,7,0,8,Llenando ventana
495,9,WOA,poblacional,55572.0,55572.0,False,False,,,,,,,8,0,9,Llenando ventana
496,9,WOA,poblacional,55572.0,55572.0,False,False,,,,,,,9,0,10,Llenando ventana
497,9,WOA,poblacional,55572.0,55572.0,False,False,,,,,,,10,0,11,Llenando ventana
498,9,WOA,poblacional,55572.0,55572.0,False,False,,,,,,,11,0,12,Llenando ventana
499,9,WOA,poblacional,55572.0,55572.0,False,False,,,,,,,12,0,13,Llenando ventana
500,9,WOA,poblacional,55572.0,55572.0,False,False,,,,,,,13,0,14,Llenando ventana
501,9,WOA,poblacional,55572.0,55572.0,False,False,,,,,,,14,0,15,Llenando ventana
502,9,WOA,poblacional,55572.0,55572.0,False,False,,,,,,,15,0,16,Llenando ventana
503,9,WOA,poblacional,55572.0,55572.0,False,False,,,,,,,16,0,17,Llenando ventana
504,9,WOA,poblacional,55572.0,55572.0,False,False,,,,,,,17,0,18,Llenando ventana
505,9,WOA,poblacional,55572.0,55572.0,False,False,,,,,,,18,0,19,Llenando ventana
506,9,WOA,poblacional,55572.0,55572.0,False,False,,,,,,,19,0,20,Llenando ventana
507,9,WOA,poblacional,55572.0,55572.0,False,False,,,,,,,20,0,21,Llenando ventana
508,9,WOA,poblacional,55572.0,55572.0,False,False,,,,,,,21,0,22,Llenando ventana
509,9,WOA,poblacional,55572.0,55572.0,False,False,,,,,,,22,0,23,Llenando ventana
510,9,WOA,poblacional,55572.0,55572.0,False,False,,,,,,,23,0,24,Llenando ventana
511,9,WOA,poblacional,55572.0,55572.0,False,False,,,,,,,24,0,25,Llenando ventana
512,9,WOA,poblacional,55572.0,55572.0,False,False,,,,,,,25,0,26,Llenando ventana
513,9,WOA,poblacional,55572.0,55572.0,False,False,,,,,,,26,0,27,Llenando ventana
514,9,WOA,poblacional,55572.0,55572.0,False,False,,,,,,,27,0,28,Llenando ventana
515,9,WOA,poblacional,55572.0,55572.0,False,False,,,,,,,28,0,29,Llenando ventana
516,9,WOA,poblacional,55572.0,55572.0,False,False,,,,,,,29,0,30,Llenando ventana
517,9,WOA,poblacional,55572.0,55572.0,False,False,,,,,,,30,0,31,Llenando ventana
518,9,WOA,poblacional,55572.0,55572.0,False,False,,,,,,,31,0,32,Llenando ventana
519,9,WOA,poblacional,55572.0,55572.0,False,False,,,,,,,32,0,33,Llenando ventana
520,9,WOA,poblacional,55572.0,55572.0,False,False,,,,,,,33,0,34,Llenando ventana
521,9,WOA,poblacional,55572.0,55572.0,False,False,,,,,,,34,0,35,Llenando ventana
522,9,WOA,poblacional,55572.0,55572.0,False,False,,,,,,,35,0,36,Llenando ventana
523,9,WOA,poblacional,55572.0,55572.0,False,False,,,,,,,36,0,37,Llenando ventana
524,9,WOA,poblacional,55572.0,55572.0,False,False,,,,,,,37,0,38,Llenando ventana
525,9,WOA,poblacional,55572.0,55572.0,False,False,,,,,,,38,0,39,Llenando ventana
526,9,WOA,poblacional,55572.0,55572.0,True,False,3.900000000001455,0.0,3.900000000001455,4.0,20.0,12.0,39,0,40,Explotacion activa
527,9,WOA,poblacional,55572.0,55572.0,True,False,3.900000000001455,0.0,3.900000000001455,4.0,20.0,12.0,40,0,41,Explotacion activa
528,9,WOA,poblacional,55572.0,55572.0,True,False,3.900000000001455,0.0,3.900000000001455,4.0,20.0,12.0,41,0,42,Explotacion activa
529,9,WOA,poblacional,55572.0,55572.0,True,False,3.900000000001455,0.0,3.900000000001455,4.0,20.0,12.0,42,0,43,Explotacion activa
530,9,WOA,poblacional,55572.0,55572.0,True,False,3.900000000001455,0.0,3.900000000001455,4.0,20.0,12.0,43,0,44,Explotacion activa
531,9,WOA,poblacional,55572.0,55572.0,True,False,3.900000000001455,0.0,3.900000000001455,4.0,20.0,12.0,44,0,45,Explotacion activa
532,9,WOA,poblacional,55572.0,55572.0,True,False,3.900000000001455,0.0,3.900000000001455,4.0,20.0,12.0,45,0,46,Explotacion activa
533,9,WOA,poblacional,55572.0,55572.0,True,False,3.900000000001455,0.0,3.900000000001455,4.0,20.0,12.0,46,0,47,Explotacion activa
534,9,WOA,poblacional,55572.0,55572.0,True,False,3.900000000001455,0.0,3.900000000001455,4.0,20.0,12.0,47,0,48,Explotacion activa
535,9,WOA,poblacional,55572.0,55572.0,True,False,3.900000000001455,0.0,3.900000000001455,0.0,3.900000000001455,3.900000000001455,48,1,49,Explotacion activa
536,9,WOA,poblacional,55572.0,55572.0,True,False,3.900000000001455,0.0,3.900000000001455,0.0,3.900000000001455,3.900000000001455,49,2,50,Explotacion activa
537,9,WOA,poblacional,55572.0,55572.0,True,False,3.900000000001455,0.0,3.900000000001455,0.0,3.900000000001455,3.900000000001455,50,3,51,Explotacion activa
538,9,WOA,poblacional,55572.0,55572.0,True,False,3.900000000001455,0.0,3.900000000001455,0.0,3.900000000001455,3.900000000001455,51,4,52,Explotacion activa
539,9,WOA,poblacional,55572.0,55572.0,True,False,3.900000000001455,0.0,3.900000000001455,0.0,3.900000000001455,3.900000000001455,52,5,53,Explotacion activa
540,9,WOA,poblacional,55572.0,55572.0,True,False,3.900000000001455,0.0,3.900000000001455,0.0,3.900000000001455,3.900000000001455,53,6,54,Explotacion activa
541,9,WOA,poblacional,55572.0,55572.0,True,False,3.900000000001455,0.0,3.900000000001455,0.0,3.900000000001455,3.900000000001455,54,7,55,Explotacion activa
542,9,WOA,poblacional,55572.0,55572.0,True,True,3.900000000001455,0.0,3.900000000001455,0.0,3.900000000001455,3.900000000001455,55,8,56,ESTANCAMIENTO (Fire)
543,9,WOA,poblacional,55572.0,55572.0,False,False,,,3.900000000001455,,,,0,0,1,Llenando ventana
544,9,WOA,poblacional,55572.0,55572.0,False,False,,,3.900000000001455,,,,1,0,2,Llenando ventana
545,9,WOA,poblacional,55572.0,55572.0,False,False,,,3.900000000001455,,,,2,0,3,Llenando ventana
546,9,WOA,poblacional,55572.0,55572.0,False,False,,,3.900000000001455,,,,3,0,4,Llenando ventana
547,9,WOA,poblacional,55572.0,55572.0,False,False,,,3.900000000001455,,,,4,0,5,Llenando ventana
548,9,WOA,poblacional,55572.0,55572.0,False,False,,,3.900000000001455,,,,5,0,6,Llenando ventana
549,9,WOA,poblacional,55572.0,55572.0,False,False,,,3.900000000001455,,,,6,0,7,Llenando ventana
550,9,WOA,poblacional,55572.0,55572.0,False,False,,,3.900000000001455,,,,7,0,8,Llenando ventana
551,9,WOA,poblacional,55572.0,55572.0,False,False,,,3.900000000001455,,,,8,0,9,Llenando ventana
552,9,WOA,poblacional,55572.0,55572.0,False,False,,,3.900000000001455,,,,9,0,10,Llenando ventana
553,9,WOA,poblacional,55572.0,55572.0,False,False,,,3.900000000001455,,,,10,0,11,Llenando ventana
554,9,WOA,poblacional,55572.0,55572.0,False,False,,,3.900000000001455,,,,11,0,12,Llenando ventana
555,10,TS,trayectoria,55572.0,55572.0,False,False,,,,,,,12,0,13,Llenando ventana
556,10,TS,trayectoria,55572.0,55572.0,False,False,,,,,,,13,0,14,Llenando ventana
557,10,TS,trayectoria,55572.0,55572.0,False,False,,,,,,,14,0,15,Llenando ventana
558,10,TS,trayectoria,55572.0,55572.0,False,False,,,,,,,15,0,16,Llenando ventana
559,10,TS,trayectoria,55572.0,55572.0,False,False,,,,,,,16,0,17,Llenando ventana
560,10,TS,trayectoria,55572.0,55572.0,False,False,,,,,,,17,0,18,Llenando ventana
561,10,TS,trayectoria,55572.0,55572.0,False,False,,,,,,,18,0,19,Llenando ventana
562,10,TS,trayectoria,55572.0,55572.0,False,False,,,,,,,19,0,20,Llenando ventana
563,10,TS,trayectoria,55572.0,55572.0,False,False,,,,,,,20,0,21,Llenando ventana
564,10,TS,trayectoria,55572.0,55572.0,False,False,,,,,,,21,0,22,Llenando ventana
565,10,TS,trayectoria,55572.0,55572.0,False,False,,,,,,,22,0,23,Llenando ventana
566,10,TS,trayectoria,55572.0,55572.0,False,False,,,,,,,23,0,24,Llenando ventana
567,10,TS,trayectoria,55572.0,55572.0,False,False,,,,,,,24,0,25,Llenando ventana
568,10,TS,trayectoria,55572.0,55572.0,False,False,,,,,,,25,0,26,Llenando ventana
569,10,TS,trayectoria,55572.0,55572.0,False,False,,,,,,,26,0,27,Llenando ventana
570,10,TS,trayectoria,55572.0,55572.0,False,False,,,,,,,27,0,28,Llenando ventana
571,10,TS,trayectoria,55572.0,55572.0,False,False,,,,,,,28,0,29,Llenando ventana
572,10,TS,trayectoria,55572.0,55572.0,False,False,,,,,,,29,0,30,Llenando ventana
573,10,TS,trayectoria,55572.0,55572.0,False,False,,,,,,,30,0,31,Llenando ventana
574,10,TS,trayectoria,55572.0,55572.0,False,False,,,,,,,31,0,32,Llenando ventana
575,10,TS,trayectoria,55572.0,55572.0,False,False,,,,,,,32,0,33,Llenando ventana
576,10,TS,trayectoria,55572.0,55572.0,False,False,,,,,,,33,0,34,Llenando ventana
577,10,TS,trayectoria,55572.0,55572.0,False,False,,,,,,,34,0,35,Llenando ventana
578,10,TS,trayectoria,55572.0,55572.0,False,False,,,,,,,35,0,36,Llenando ventana
579,10,TS,trayectoria,55572.0,55572.0,False,False,,,,,,,36,0,37,Llenando ventana
580,10,TS,trayectoria,55572.0,55572.0,False,False,,,,,,,37,0,38,Llenando ventana
581,10,TS,trayectoria,55572.0,55572.0,False,False,,,,,,,38,0,39,Llenando ventana
582,10,TS,trayectoria,55572.0,55572.0,True,False,3.900000000001455,0.0,3.900000000001455,4.0,20.0,12.0,39,0,40,Explotacion activa
583,10,TS,trayectoria,55572.0,55572.0,True,False,3.900000000001455,0.0,3.900000000001455,4.0,20.0,12.0,40,0,41,Explotacion activa
584,10,TS,trayectoria,55572.0,55572.0,True,False,3.900000000001455,0.0,3.900000000001455,4.0,20.0,12.0,41,0,42,Explotacion activa
585,10,TS,trayectoria,55572.0,55572.0,True,False,3.900000000001455,0.0,3.900000000001455,4.0,20.0,12.0,42,0,43,Explotacion activa
586,10,TS,trayectoria,55572.0,55572.0,True,False,3.900000000001455,0.0,3.900000000001455,4.0,20.0,12.0,43,0,44,Explotacion activa
587,10,TS,trayectoria,55572.0,55572.0,True,False,3.900000000001455,0.0,3.900000000001455,4.0,20.0,12.0,44,0,45,Explotacion activa
588,10,TS,trayectoria,55572.0,55572.0,True,False,3.900000000001455,0.0,3.900000000001455,4.0,20.0,12.0,45,0,46,Explotacion activa
589,10,TS,trayectoria,55572.0,55572.0,True,False,3.900000000001455,0.0,3.900000000001455,4.0,20.0,12.0,46,0,47,Explotacion activa
590,10,TS,trayectoria,55572.0,55572.0,True,False,3.900000000001455,0.0,3.900000000001455,4.0,20.0,12.0,47,0,48,Explotacion activa
591,10,TS,trayectoria,55572.0,55572.0,True,False,3.900000000001455,0.0,3.900000000001455,0.0,3.900000000001455,3.900000000001455,48,1,49,Explotacion activa
592,10,TS,trayectoria,55572.0,55572.0,True,False,3.900000000001455,0.0,3.900000000001455,0.0,3.900000000001455,3.900000000001455,49,2,50,Explotacion activa
593,10,TS,trayectoria,55572.0,55572.0,True,False,3.900000000001455,0.0,3.900000000001455,0.0,3.900000000001455,3.900000000001455,50,3,51,Explotacion activa
594,10,TS,trayectoria,55572.0,55572.0,True,False,3.900000000001455,0.0,3.900000000001455,0.0,3.900000000001455,3.900000000001455,51,4,52,Explotacion activa
595,10,TS,trayectoria,55572.0,55572.0,True,False,3.900000000001455,0.0,3.900000000001455,0.0,3.900000000001455,3.900000000001455,52,5,53,Explotacion activa
596,10,TS,trayectoria,55572.0,55572.0,True,False,3.900000000001455,0.0,3.900000000001455,0.0,3.900000000001455,3.900000000001455,53,6,54,Explotacion activa
597,10,TS,trayectoria,55572.0,55572.0,True,False,3.900000000001455,0.0,3.900000000001455,0.0,3.900000000001455,3.900000000001455,54,7,55,Explotacion activa
598,10,TS,trayectoria,55572.0,55572.0,True,True,3.900000000001455,0.0,3.900000000001455,0.0,3.900000000001455,3.900000000001455,55,8,56,ESTANCAMIENTO (Fire)
599,10,TS,trayectoria,55572.0,55572.0,False,False,,,3.900000000001455,,,,0,0,1,Llenando ventana
600,10,TS,trayectoria,55572.0,55572.0,False,False,,,3.900000000001455,,,,1,0,2,Llenando ventana
601,10,TS,trayectoria,55572.0,55572.0,False,False,,,3.900000000001455,,,,2,0,3,Llenando ventana
602,10,TS,trayectoria,55572.0,55572.0,False,False,,,3.900000000001455,,,,3,0,4,Llenando ventana
603,10,TS,trayectoria,55572.0,55572.0,False,False,,,3.900000000001455,,,,4,0,5,Llenando ventana
604,10,TS,trayectoria,55572.0,55572.0,False,False,,,3.900000000001455,,,,5,0,6,Llenando ventana
605,10,TS,trayectoria,55572.0,55572.0,False,False,,,3.900000000001455,,,,6,0,7,Llenando ventana
606,10,TS,trayectoria,55572.0,55572.0,False,False,,,3.900000000001455,,,,7,0,8,Llenando ventana
607,10,TS,trayectoria,55572.0,55572.0,False,False,,,3.900000000001455,,,,8,0,9,Llenando ventana
608,10,TS,trayectoria,55572.0,55572.0,False,False,,,3.900000000001455,,,,9,0,10,Llenando ventana
609,10,TS,trayectoria,55572.0,55572.0,False,False,,,3.900000000001455,,,,10,0,11,Llenando ventana
610,10,TS,trayectoria,55572.0,55572.0,False,False,,,3.900000000001455,,,,11,0,12,Llenando ventana
611,11,ACO,poblacional,55572.0,46582.0,False,False,,,,,,,12,0,13,Llenando ventana
612,11,ACO,poblacional,55572.0,48704.0,False,False,,,,,,,13,0,14,Llenando ventana
613,11,ACO,poblacional,55572.0,48072.0,False,False,,,,,,,14,0,15,Llenando ventana
614,11,ACO,poblacional,55572.0,48472.0,False,False,,,,,,,15,0,16,Llenando ventana
615,11,ACO,poblacional,55572.0,48622.0,False,False,,,,,,,16,0,17,Llenando ventana
616,11,ACO,poblacional,55572.0,49697.0,False,False,,,,,,,17,0,18,Llenando ventana
617,11,ACO,poblacional,55572.0,49189.0,False,False,,,,,,,18,0,19,Llenando ventana
618,11,ACO,poblacional,55572.0,50495.0,False,False,,,,,,,19,0,20,Llenando ventana
619,11,ACO,poblacional,55572.0,49342.0,False,False,,,,,,,20,0,21,Llenando ventana
620,11,ACO,poblacional,55572.0,50895.0,False,False,,,,,,,21,0,22,Llenando ventana
621,11,ACO,poblacional,55572.0,49795.0,False,False,,,,,,,22,0,23,Llenando ventana
622,11,ACO,poblacional,55572.0,49968.0,False,False,,,,,,,23,0,24,Llenando ventana
623,11,ACO,poblacional,55572.0,50791.0,False,False,,,,,,,24,0,25,Llenando ventana
624,11,ACO,poblacional,55572.0,50672.0,False,False,,,,,,,25,0,26,Llenando ventana
625,11,ACO,poblacional,55572.0,50787.0,False,False,,,,,,,26,0,27,Llenando ventana
626,11,ACO,poblacional,55572.0,51220.0,False,False,,,,,,,27,0,28,Llenando ventana
627,11,ACO,poblacional,55572.0,51590.0,False,False,,,,,,,28,0,29,Llenando ventana
628,11,ACO,poblacional,55572.0,51715.0,False,False,,,,,,,29,0,30,Llenando ventana
629,11,ACO,poblacional,55572.0,51605.0,False,False,,,,,,,30,0,31,Llenando ventana
630,11,ACO,poblacional,55572.0,52296.0,False,False,,,,,,,31,0,32,Llenando ventana
631,11,ACO,poblacional,55572.0,52067.0,False,False,,,,,,,32,0,33,Llenando ventana
632,11,ACO,poblacional,55572.0,51785.0,False,False,,,,,,,33,0,34,Llenando ventana
633,11,ACO,poblacional,55572.0,52248.0,False,False,,,,,,,34,0,35,Llenando ventana
634,11,ACO,poblacional,55572.0,53262.0,False,False,,,,,,,35,0,36,Llenando ventana
635,11,ACO,poblacional,55572.0,51909.0,False,False,,,,,,,36,0,37,Llenando ventana
636,11,ACO,poblacional,55572.0,52494.0,False,False,,,,,,,37,0,38,Llenando ventana
637,11,ACO,poblacional,55572.0,52633.0,False,False,,,,,,,38,0,39,Llenando ventana
638,11,ACO,poblacional,55572.0,52002.0,True,False,3.900000000001455,0.0,3.900000000001455,4.0,20.0,12.0,39,0,40,Explotacion activa
639,11,ACO,poblacional,55572.0,52478.0,True,False,3.900000000001455,0.0,3.900000000001455,4.0,20.0,12.0,40,0,41,Explotacion activa
640,11,ACO,poblacional,55572.0,52333.0,True,False,3.900000000001455,0.0,3.900000000001455,4.0,20.0,12.0,41,0,42,Explotacion activa
641,11,ACO,poblacional,55572.0,52114.0,True,False,3.900000000001455,0.0,3.900000000001455,4.0,20.0,12.0,42,0,43,Explotacion activa
642,11,ACO,poblacional,55572.0,52824.0,True,False,3.900000000001455,0.0,3.900000000001455,4.0,20.0,12.0,43,0,44,Explotacion activa
643,11,ACO,poblacional,55572.0,52512.0,True,False,3.900000000001455,0.0,3.900000000001455,4.0,20.0,12.0,44,0,45,Explotacion activa
644,11,ACO,poblacional,55572.0,53507.0,True,False,3.900000000001455,0.0,3.900000000001455,4.0,20.0,12.0,45,0,46,Explotacion activa
645,11,ACO,poblacional,55572.0,52671.0,True,False,3.900000000001455,0.0,3.900000000001455,4.0,20.0,12.0,46,0,47,Explotacion activa
646,11,ACO,poblacional,55572.0,52555.0,True,False,3.900000000001455,0.0,3.900000000001455,4.0,20.0,12.0,47,0,48,Explotacion activa
647,11,ACO,poblacional,55572.0,52924.0,True,False,3.900000000001455,0.0,3.900000000001455,0.0,3.900000000001455,3.900000000001455,48,1,49,Explotacion activa
648,11,ACO,poblacional,55572.0,51976.0,True,False,3.900000000001455,0.0,3.900000000001455,0.0,3.900000000001455,3.900000000001455,49,2,50,Explotacion activa
649,11,ACO,poblacional,55572.0,52842.0,True,False,3.900000000001455,0.0,3.900000000001455,0.0,3.900000000001455,3.900000000001455,50,3,51,Explotacion activa
650,11,ACO,poblacional,55572.0,52920.0,True,False,3.900000000001455,0.0,3.900000000001455,0.0,3.900000000001455,3.900000000001455,51,4,52,Explotacion activa
651,11,ACO,poblacional,55572.0,52723.0,True,False,3.900000000001455,0.0,3.900000000001455,0.0,3.900000000001455,3.900000000001455,52,5,53,Explotacion activa
652,11,ACO,poblacional,55572.0,52317.0,True,False,3.900000000001455,0.0,3.900000000001455,0.0,3.900000000001455,3.900000000001455,53,6,54,Explotacion activa
653,11,ACO,poblacional,55572.0,52046.0,True,False,3.900000000001455,0.0,3.900000000001455,0.0,3.900000000001455,3.900000000001455,54,7,55,Explotacion activa
654,11,ACO,poblacional,55572.0,51963.0,True,False,3.900000000001455,0.0,3.900000000001455,0.0,3.900000000001455,3.900000000001455,55,8,56,Explotacion activa
655,11,ACO,poblacional,55572.0,52600.0,True,False,3.900000000001455,0.0,3.900000000001455,0.0,3.900000000001455,3.900000000001455,56,9,57,Explotacion activa
656,11,ACO,poblacional,55572.0,52544.0,True,False,3.900000000001455,0.0,3.900000000001455,0.0,3.900000000001455,3.900000000001455,57,10,58,Explotacion activa
657,11,ACO,poblacional,55572.0,52942.0,True,False,3.900000000001455,0.0,3.900000000001455,0.0,3.900000000001455,3.900000000001455,58,11,59,Explotacion activa
658,11,ACO,poblacional,55572.0,52832.0,True,False,3.900000000001455,0.0,3.900000000001455,0.0,3.900000000001455,3.900000000001455,59,12,60,Explotacion activa
659,11,ACO,poblacional,55572.0,52440.0,True,False,3.900000000001455,0.0,3.900000000001455,0.0,3.900000000001455,3.900000000001455,60,13,61,Explotacion activa
660,11,ACO,poblacional,55572.0,53081.0,True,True,3.900000000001455,0.0,3.900000000001455,0.0,3.900000000001455,3.900000000001455,61,14,62,ESTANCAMIENTO (Fire)
661,11,ACO,poblacional,55572.0,52282.0,False,False,,,3.900000000001455,,,,0,0,1,Llenando ventana
662,11,ACO,poblacional,55572.0,52749.0,False,False,,,3.900000000001455,,,,1,0,2,Llenando ventana
663,11,ACO,poblacional,55572.0,53259.0,False,False,,,3.900000000001455,,,,2,0,3,Llenando ventana
664,11,ACO,poblacional,55572.0,52154.0,False,False,,,3.900000000001455,,,,3,0,4,Llenando ventana
665,11,ACO,poblacional,55572.0,52670.0,False,False,,,3.900000000001455,,,,4,0,5,Llenando ventana
666,11,ACO,poblacional,55572.0,52620.0,False,False,,,3.900000000001455,,,,5,0,6,Llenando ventana
667,12,SA,trayectoria,55572.0,53802.0,False,False,,,,,,,6,0,7,Llenando ventana
668,12,SA,trayectoria,55572.0,52903.0,False,False,,,,,,,7,0,8,Llenando ventana
669,12,SA,trayectoria,55572.0,52621.0,False,False,,,,,,,8,0,9,Llenando ventana
670,12,SA,trayectoria,55572.0,53106.0,False,False,,,,,,,9,0,10,Llenando ventana
671,12,SA,trayectoria,55572.0,53006.0,False,False,,,,,,,10,0,11,Llenando ventana
672,12,SA,trayectoria,55572.0,53524.0,False,False,,,,,,,11,0,12,Llenando ventana
673,12,SA,trayectoria,55572.0,52341.0,False,False,,,,,,,12,0,13,Llenando ventana
674,12,SA,trayectoria,55572.0,52316.0,False,False,,,,,,,13,0,14,Llenando ventana
675,12,SA,trayectoria,55572.0,52877.0,False,False,,,,,,,14,0,15,Llenando ventana
676,12,SA,trayectoria,55572.0,52541.0,False,False,,,,,,,15,0,16,Llenando ventana
677,12,SA,trayectoria,55572.0,52954.0,False,False,,,,,,,16,0,17,Llenando ventana
678,12,SA,trayectoria,55572.0,51861.0,False,False,,,,,,,17,0,18,Llenando ventana
679,12,SA,trayectoria,55572.0,52998.0,False,False,,,,,,,18,0,19,Llenando ventana
680,12,SA,trayectoria,55572.0,51427.0,False,False,,,,,,,19,0,20,Llenando ventana
681,12,SA,trayectoria,55572.0,52621.0,False,False,,,,,,,20,0,21,Llenando ventana
682,12,SA,trayectoria,55572.0,53212.0,False,False,,,,,,,21,0,22,Llenando ventana
683,12,SA,trayectoria,55572.0,53074.0,False,False,,,,,,,22,0,23,Llenando ventana
684,12,SA,trayectoria,55572.0,52669.0,False,False,,,,,,,23,0,24,Llenando ventana
685,12,SA,trayectoria,55572.0,53297.0,False,False,,,,,,,24,0,25,Llenando ventana
686,12,SA,trayectoria,55572.0,53469.0,False,False,,,,,,,25,0,26,Llenando ventana
687,12,SA,trayectoria,55572.0,53286.0,False,False,,,,,,,26,0,27,Llenando ventana
688,12,SA,trayectoria,55572.0,53338.0,False,False,,,,,,,27,0,28,Llenando ventana
689,12,SA,trayectoria,55572.0,52766.0,False,False,,,,,,,28,0,29,Llenando ventana
690,12,SA,trayectoria,55572.0,53104.0,False,False,,,,,,,29,0,30,Llenando ventana
691,12,SA,trayectoria,55572.0,53837.0,False,False,,,,,,,30,0,31,Llenando ventana
692,12,SA,trayectoria,55572.0,53059.0,False,False,,,,,,,31,0,32,Llenando ventana
693,12,SA,trayectoria,55572.0,53632.0,False,False,,,,,,,32,0,33,Llenando ventana
694,12,SA,trayectoria,55572.0,52591.0,False,False,,,,,,,33,0,34,Llenando ventana
695,12,SA,trayectoria,55572.0,52340.0,False,False,,,,,,,34,0,35,Llenando ventana
696,12,SA,trayectoria,55572.0,51764.0,False,False,,,,,,,35,0,36,Llenando ventana
697,12,SA,trayectoria,55572.0,52222.0,False,False,,,,,,,36,0,37,Llenando ventana
698,12,SA,trayectoria,55572.0,52330.0,False,False,,,,,,,37,0,38,Llenando ventana
699,12,SA,trayectoria,55572.0,52875.0,False,False,,,,,,,38,0,39,Llenando ventana
700,12,SA,trayectoria,55572.0,52939.0,True,False,3.900000000001455,0.0,3.900000000001455,4.0,20.0,12.0,39,0,40,Explotacion activa
701,12,SA,trayectoria,55572.0,52936.0,True,False,3.900000000001455,0.0,3.900000000001455,4.0,20.0,12.0,40,0,41,Explotacion activa
702,12,SA,trayectoria,55572.0,53211.0,True,False,3.900000000001455,0.0,3.900000000001455,4.0,20.0,12.0,41,0,42,Explotacion activa
703,12,SA,trayectoria,55572.0,53152.0,True,False,3.900000000001455,0.0,3.900000000001455,4.0,20.0,12.0,42,0,43,Explotacion activa
704,12,SA,trayectoria,55572.0,53254.0,True,False,3.900000000001455,0.0,3.900000000001455,4.0,20.0,12.0,43,0,44,Explotacion activa
705,12,SA,trayectoria,55572.0,53579.0,True,False,3.900000000001455,0.0,3.900000000001455,4.0,20.0,12.0,44,0,45,Explotacion activa
706,12,SA,trayectoria,55572.0,53074.0,True,False,3.900000000001455,0.0,3.900000000001455,4.0,20.0,12.0,45,0,46,Explotacion activa
707,12,SA,trayectoria,55572.0,53630.0,True,False,3.900000000001455,0.0,3.900000000001455,4.0,20.0,12.0,46,0,47,Explotacion activa
708,12,SA,trayectoria,55572.0,53214.0,True,False,3.900000000001455,0.0,3.900000000001455,4.0,20.0,12.0,47,0,48,Explotacion activa
709,12,SA,trayectoria,55572.0,52535.0,True,False,3.900000000001455,0.0,3.900000000001455,0.0,3.900000000001455,3.900000000001455,48,1,49,Explotacion activa
710,12,SA,trayectoria,55572.0,52859.0,True,False,3.900000000001455,0.0,3.900000000001455,0.0,3.900000000001455,3.900000000001455,49,2,50,Explotacion activa
711,12,SA,trayectoria,55572.0,52254.0,True,False,3.900000000001455,0.0,3.900000000001455,0.0,3.900000000001455,3.900000000001455,50,3,51,Explotacion activa
712,12,SA,trayectoria,55572.0,52764.0,True,False,3.900000000001455,0.0,3.900000000001455,0.0,3.900000000001455,3.900000000001455,51,4,52,Explotacion activa
713,12,SA,trayectoria,55572.0,52017.0,True,False,3.900000000001455,0.0,3.900000000001455,0.0,3.900000000001455,3.900000000001455,52,5,53,Explotacion activa
714,12,SA,trayectoria,55572.0,52113.0,True,False,3.900000000001455,0.0,3.900000000001455,0.0,3.900000000001455,3.900000000001455,53,6,54,Explotacion activa
715,12,SA,trayectoria,55572.0,53576.0,True,False,3.900000000001455,0.0,3.900000000001455,0.0,3.900000000001455,3.900000000001455,54,7,55,Explotacion activa
716,12,SA,trayectoria,55572.0,52577.0,True,True,3.900000000001455,0.0,3.900000000001455,0.0,3.900000000001455,3.900000000001455,55,8,56,ESTANCAMIENTO (Fire)
717,12,SA,trayectoria,55572.0,53094.0,False,False,,,3.900000000001455,,,,0,0,1,Llenando ventana
718,12,SA,trayectoria,55572.0,53058.0,False,False,,,3.900000000001455,,,,1,0,2,Llenando ventana
719,12,SA,trayectoria,55572.0,53495.0,False,False,,,3.900000000001455,,,,2,0,3,Llenando ventana
720,12,SA,trayectoria,55572.0,53298.0,False,False,,,3.900000000001455,,,,3,0,4,Llenando ventana
721,12,SA,trayectoria,55572.0,52508.0,False,False,,,3.900000000001455,,,,4,0,5,Llenando ventana
722,12,SA,trayectoria,55572.0,52933.0,False,False,,,3.900000000001455,,,,5,0,6,Llenando ventana
723,13,GWO,poblacional,55572.0,55572.0,False,False,,,,,,,6,0,7,Llenando ventana
724,13,GWO,poblacional,55572.0,55572.0,False,False,,,,,,,7,0,8,Llenando ventana
725,13,GWO,poblacional,55572.0,55572.0,False,False,,,,,,,8,0,9,Llenando ventana
726,13,GWO,poblacional,55572.0,55572.0,False,False,,,,,,,9,0,10,Llenando ventana
727,13,GWO,poblacional,55572.0,55572.0,False,False,,,,,,,10,0,11,Llenando ventana
728,13,GWO,poblacional,55572.0,55572.0,False,False,,,,,,,11,0,12,Llenando ventana
729,13,GWO,poblacional,55572.0,55572.0,False,False,,,,,,,12,0,13,Llenando ventana
730,13,GWO,poblacional,55572.0,55572.0,False,False,,,,,,,13,0,14,Llenando ventana
731,13,GWO,poblacional,55572.0,55572.0,False,False,,,,,,,14,0,15,Llenando ventana
732,13,GWO,poblacional,55572.0,55572.0,False,False,,,,,,,15,0,16,Llenando ventana
733,13,GWO,poblacional,55572.0,55572.0,False,False,,,,,,,16,0,17,Llenando ventana
734,13,GWO,poblacional,55572.0,55572.0,False,False,,,,,,,17,0,18,Llenando ventana
735,13,GWO,poblacional,55572.0,55572.0,False,False,,,,,,,18,0,19,Llenando ventana
736,13,GWO,poblacional,55572.0,55572.0,False,False,,,,,,,19,0,20,Llenando ventana
737,13,GWO,poblacional,55572.0,55572.0,False,False,,,,,,,20,0,21,Llenando ventana
738,13,GWO,poblacional,55572.0,55572.0,False,False,,,,,,,21,0,22,Llenando ventana
739,13,GWO,poblacional,55572.0,55572.0,False,False,,,,,,,22,0,23,Llenando ventana
740,13,GWO,poblacional,55572.0,55572.0,False,False,,,,,,,23,0,24,Llenando ventana
741,13,GWO,poblacional,55572.0,55572.0,False,False,,,,,,,24,0,25,Llenando ventana
742,13,GWO,poblacional,55572.0,55572.0,False,False,,,,,,,25,0,26,Llenando ventana
743,13,GWO,poblacional,55572.0,55572.0,False,False,,,,,,,26,0,27,Llenando ventana
744,13,GWO,poblacional,55572.0,55572.0,False,False,,,,,,,27,0,28,Llenando ventana
745,13,GWO,poblacional,55572.0,55572.0,False,False,,,,,,,28,0,29,Llenando ventana
746,13,GWO,poblacional,55572.0,55572.0,False,False,,,,,,,29,0,30,Llenando ventana
747,13,GWO,poblacional,55572.0,55572.0,False,False,,,,,,,30,0,31,Llenando ventana
748,13,GWO,poblacional,55572.0,55572.0,False,False,,,,,,,31,0,32,Llenando ventana
749,13,GWO,poblacional,55572.0,55572.0,False,False,,,,,,,32,0,33,Llenando ventana
750,13,GWO,poblacional,55572.0,55572.0,False,False,,,,,,,33,0,34,Llenando ventana
751,13,GWO,poblacional,55572.0,55572.0,False,False,,,,,,,34,0,35,Llenando ventana
752,13,GWO,poblacional,55572.0,55572.0,False,False,,,,,,,35,0,36,Llenando ventana
753,13,GWO,poblacional,55572.0,55572.0,False,False,,,,,,,36,0,37,Llenando ventana
754,13,GWO,poblacional,55572.0,55572.0,False,False,,,,,,,37,0,38,Llenando ventana
755,13,GWO,poblacional,55572.0,55572.0,False,False,,,,,,,38,0,39,Llenando ventana
756,13,GWO,poblacional,55572.0,55572.0,True,False,3.900000000001455,0.0,3.900000000001455,4.0,20.0,12.0,39,0,40,Explotacion activa
757,13,GWO,poblacional,55572.0,55572.0,True,False,3.900000000001455,0.0,3.900000000001455,4.0,20.0,12.0,40,0,41,Explotacion activa
758,13,GWO,poblacional,55572.0,55572.0,True,False,3.900000000001455,0.0,3.900000000001455,4.0,20.0,12.0,41,0,42,Explotacion activa
759,13,GWO,poblacional,55572.0,55572.0,True,False,3.900000000001455,0.0,3.900000000001455,4.0,20.0,12.0,42,0,43,Explotacion activa
760,13,GWO,poblacional,55572.0,55572.0,True,False,3.900000000001455,0.0,3.900000000001455,4.0,20.0,12.0,43,0,44,Explotacion activa
761,13,GWO,poblacional,55572.0,55572.0,True,False,3.900000000001455,0.0,3.900000000001455,4.0,20.0,12.0,44,0,45,Explotacion activa
762,13,GWO,poblacional,55572.0,55572.0,True,False,3.900000000001455,0.0,3.900000000001455,4.0,20.0,12.0,45,0,46,Explotacion activa
763,13,GWO,poblacional,55572.0,55572.0,True,False,3.900000000001455,0.0,3.900000000001455,4.0,20.0,12.0,46,0,47,Explotacion activa
764,13,GWO,poblacional,55572.0,55572.0,True,False,3.900000000001455,0.0,3.900000000001455,4.0,20.0,12.0,47,0,48,Explotacion activa
765,13,GWO,poblacional,55572.0,55572.0,True,False,3.900000000001455,0.0,3.900000000001455,0.0,3.900000000001455,3.900000000001455,48,1,49,Explotacion activa
766,13,GWO,poblacional,55572.0,55572.0,True,False,3.900000000001455,0.0,3.900000000001455,0.0,3.900000000001455,3.900000000001455,49,2,50,Explotacion activa
767,13,GWO,poblacional,55572.0,55572.0,True,False,3.900000000001455,0.0,3.900000000001455,0.0,3.900000000001455,3.900000000001455,50,3,51,Explotacion activa
768,13,GWO,poblacional,55572.0,55572.0,True,False,3.900000000001455,0.0,3.900000000001455,0.0,3.900000000001455,3.900000000001455,51,4,52,Explotacion activa
769,13,GWO,poblacional,55572.0,55572.0,True,False,3.900000000001455,0.0,3.900000000001455,0.0,3.900000000001455,3.900000000001455,52,5,53,Explotacion activa
770,13,GWO,poblacional,55572.0,55572.0,True,False,3.900000000001455,0.0,3.900000000001455,0.0,3.900000000001455,3.900000000001455,53,6,54,Explotacion activa
771,13,GWO,poblacional,55572.0,55572.0,True,False,3.900000000001455,0.0,3.900000000001455,0.0,3.900000000001455,3.900000000001455,54,7,55,Explotacion activa
772,13,GWO,poblacional,55572.0,55572.0,True,False,3.900000000001455,0.0,3.900000000001455,0.0,3.900000000001455,3.900000000001455,55,8,56,Explotacion activa
773,13,GWO,poblacional,55572.0,55572.0,True,False,3.900000000001455,0.0,3.900000000001455,0.0,3.900000000001455,3.900000000001455,56,9,57,Explotacion activa
774,13,GWO,poblacional,55572.0,55572.0,True,False,3.900000000001455,0.0,3.900000000001455,0.0,3.900000000001455,3.900000000001455,57,10,58,Explotacion activa
775,13,GWO,poblacional,55572.0,55572.0,True,False,3.900000000001455,0.0,3.900000000001455,0.0,3.900000000001455,3.900000000001455,58,11,59,Explotacion activa
776,13,GWO,poblacional,55572.0,55572.0,True,False,3.900000000001455,0.0,3.900000000001455,0.0,3.900000000001455,3.900000000001455,59,12,60,Explotacion activa
777,13,GWO,poblacional,55572.0,55572.0,True,False,3.900000000001455,0.0,3.900000000001455,0.0,3.900000000001455,3.900000000001455,60,13,61,Explotacion activa
778,13,GWO,poblacional,55572.0,55572.0,True,True,3.900000000001455,0.0,3.900000000001455,0.0,3.900000000001455,3.900000000001455,61,14,62,ESTANCAMIENTO (Fire)
779,13,GWO,poblacional,55572.0,55572.0,False,False,,,3.900000000001455,,,,0,0,1,Llenando ventana
780,13,GWO,poblacional,55572.0,55572.0,False,False,,,3.900000000001455,,,,1,0,2,Llenando ventana
781,13,GWO,poblacional,55572.0,55572.0,False,False,,,3.900000000001455,,,,2,0,3,Llenando ventana
782,13,GWO,poblacional,55572.0,55572.0,False,False,,,3.900000000001455,,,,3,0,4,Llenando ventana
783,13,GWO,poblacional,55572.0,55572.0,False,False,,,3.900000000001455,,,,4,0,5,Llenando ventana
784,13,GWO,poblacional,55572.0,55572.0,False,False,,,3.900000000001455,,,,5,0,6,Llenando ventana
785,14,ILS,trayectoria,55572.0,55572.0,False,False,,,,,,,6,0,7,Llenando ventana
786,14,ILS,trayectoria,55572.0,55572.0,False,False,,,,,,,7,0,8,Llenando ventana
787,14,ILS,trayectoria,55572.0,55572.0,False,False,,,,,,,8,0,9,Llenando ventana
788,14,ILS,trayectoria,55572.0,55572.0,False,False,,,,,,,9,0,10,Llenando ventana
789,14,ILS,trayectoria,55572.0,55572.0,False,False,,,,,,,10,0,11,Llenando ventana
790,14,ILS,trayectoria,55572.0,55572.0,False,False,,,,,,,11,0,12,Llenando ventana
791,14,ILS,trayectoria,55572.0,55572.0,False,False,,,,,,,12,0,13,Llenando ventana
792,14,ILS,trayectoria,55572.0,55572.0,False,False,,,,,,,13,0,14,Llenando ventana
793,14,ILS,trayectoria,55572.0,55572.0,False,False,,,,,,,14,0,15,Llenando ventana
794,14,ILS,trayectoria,55572.0,55572.0,False,False,,,,,,,15,0,16,Llenando ventana
795,14,ILS,trayectoria,55572.0,55572.0,False,False,,,,,,,16,0,17,Llenando ventana
796,14,ILS,trayectoria,55572.0,55572.0,False,False,,,,,,,17,0,18,Llenando ventana
797,14,ILS,trayectoria,55572.0,55572.0,False,False,,,,,,,18,0,19,Llenando ventana
798,14,ILS,trayectoria,55572.0,55572.0,False,False,,,,,,,19,0,20,Llenando ventana
799,14,ILS,trayectoria,55572.0,55572.0,False,False,,,,,,,20,0,21,Llenando ventana
800,14,ILS,trayectoria,55572.0,55572.0,False,False,,,,,,,21,0,22,Llenando ventana
801,14,ILS,trayectoria,55572.0,55572.0,False,False,,,,,,,22,0,23,Llenando ventana
802,14,ILS,trayectoria,55572.0,55572.0,False,False,,,,,,,23,0,24,Llenando ventana
803,14,ILS,trayectoria,55572.0,55572.0,False,False,,,,,,,24,0,25,Llenando ventana
804,14,ILS,trayectoria,55572.0,55572.0,False,False,,,,,,,25,0,26,Llenando ventana
805,14,ILS,trayectoria,55572.0,55572.0,False,False,,,,,,,26,0,27,Llenando ventana
806,14,ILS,trayectoria,55572.0,55572.0,False,False,,,,,,,27,0,28,Llenando ventana
807,14,ILS,trayectoria,55572.0,55572.0,False,False,,,,,,,28,0,29,Llenando ventana
808,14,ILS,trayectoria,55572.0,55572.0,False,False,,,,,,,29,0,30,Llenando ventana
809,14,ILS,trayectoria,55572.0,55572.0,False,False,,,,,,,30,0,31,Llenando ventana
810,14,ILS,trayectoria,55572.0,55572.0,False,False,,,,,,,31,0,32,Llenando ventana
811,14,ILS,trayectoria,55572.0,55572.0,False,False,,,,,,,32,0,33,Llenando ventana
812,14,ILS,trayectoria,55572.0,55572.0,False,False,,,,,,,33,0,34,Llenando ventana
813,14,ILS,trayectoria,55572.0,55572.0,False,False,,,,,,,34,0,35,Llenando ventana
814,14,ILS,trayectoria,55572.0,55572.0,False,False,,,,,,,35,0,36,Llenando ventana
815,14,ILS,trayectoria,55572.0,55572.0,False,False,,,,,,,36,0,37,Llenando ventana
816,14,ILS,trayectoria,55572.0,55572.0,False,False,,,,,,,37,0,38,Llenando ventana
817,14,ILS,trayectoria,55572.0,55572.0,False,False,,,,,,,38,0,39,Llenando ventana
818,14,ILS,trayectoria,55572.0,55572.0,True,False,3.900000000001455,0.0,3.900000000001455,4.0,20.0,12.0,39,0,40,Explotacion activa
819,14,ILS,trayectoria,55572.0,55572.0,True,False,3.900000000001455,0.0,3.900000000001455,4.0,20.0,12.0,40,0,41,Explotacion activa
820,14,ILS,trayectoria,55572.0,55572.0,True,False,3.900000000001455,0.0,3.900000000001455,4.0,20.0,12.0,41,0,42,Explotacion activa
821,14,ILS,trayectoria,55572.0,55572.0,True,False,3.900000000001455,0.0,3.900000000001455,4.0,20.0,12.0,42,0,43,Explotacion activa
822,14,ILS,trayectoria,55572.0,55572.0,True,False,3.900000000001455,0.0,3.900000000001455,4.0,20.0,12.0,43,0,44,Explotacion activa
823,14,ILS,trayectoria,55572.0,55572.0,True,False,3.900000000001455,0.0,3.900000000001455,4.0,20.0,12.0,44,0,45,Explotacion activa
824,14,ILS,trayectoria,55572.0,55572.0,True,False,3.900000000001455,0.0,3.900000000001455,4.0,20.0,12.0,45,0,46,Explotacion activa
825,14,ILS,trayectoria,55572.0,55572.0,True,False,3.900000000001455,0.0,3.900000000001455,4.0,20.0,12.0,46,0,47,Explotacion activa
826,14,ILS,trayectoria,55572.0,55572.0,True,False,3.900000000001455,0.0,3.900000000001455,4.0,20.0,12.0,47,0,48,Explotacion activa
827,14,ILS,trayectoria,55572.0,55572.0,True,False,3.900000000001455,0.0,3.900000000001455,0.0,3.900000000001455,3.900000000001455,48,1,49,Explotacion activa
828,14,ILS,trayectoria,55572.0,55572.0,True,False,3.900000000001455,0.0,3.900000000001455,0.0,3.900000000001455,3.900000000001455,49,2,50,Explotacion activa
829,14,ILS,trayectoria,55572.0,55572.0,True,False,3.900000000001455,0.0,3.900000000001455,0.0,3.900000000001455,3.900000000001455,50,3,51,Explotacion activa
830,14,ILS,trayectoria,55572.0,55572.0,True,False,3.900000000001455,0.0,3.900000000001455,0.0,3.900000000001455,3.900000000001455,51,4,52,Explotacion activa
831,14,ILS,trayectoria,55572.0,55572.0,True,False,3.900000000001455,0.0,3.900000000001455,0.0,3.900000000001455,3.900000000001455,52,5,53,Explotacion activa
832,14,ILS,trayectoria,55572.0,55572.0,True,False,3.900000000001455,0.0,3.900000000001455,0.0,3.900000000001455,3.900000000001455,53,6,54,Explotacion activa
833,14,ILS,trayectoria,55572.0,55572.0,True,False,3.900000000001455,0.0,3.900000000001455,0.0,3.900000000001455,3.900000000001455,54,7,55,Explotacion activa
834,14,ILS,trayectoria,55572.0,55572.0,True,False,3.900000000001455,0.0,3.900000000001455,0.0,3.900000000001455,3.900000000001455,55,8,56,Explotacion activa
835,14,ILS,trayectoria,55572.0,55572.0,True,False,3.900000000001455,0.0,3.900000000001455,0.0,3.900000000001455,3.900000000001455,56,9,57,Explotacion activa
836,14,ILS,trayectoria,55572.0,55572.0,True,False,3.900000000001455,0.0,3.900000000001455,0.0,3.900000000001455,3.900000000001455,57,10,58,Explotacion activa
837,14,ILS,trayectoria,55572.0,55572.0,True,False,3.900000000001455,0.0,3.900000000001455,0.0,3.900000000001455,3.900000000001455,58,11,59,Explotacion activa
838,14,ILS,trayectoria,55572.0,55572.0,True,False,3.900000000001455,0.0,3.900000000001455,0.0,3.900000000001455,3.900000000001455,59,12,60,Explotacion activa
839,14,ILS,trayectoria,55572.0,55572.0,True,False,3.900000000001455,0.0,3.900000000001455,0.0,3.900000000001455,3.900000000001455,60,13,61,Explotacion activa
840,14,ILS,trayectoria,55572.0,55572.0,True,True,3.900000000001455,0.0,3.900000000001455,0.0,3.900000000001455,3.900000000001455,61,14,62,ESTANCAMIENTO (Fire)
841,14,ILS,trayectoria,55572.0,55572.0,False,False,,,3.900000000001455,,,,0,0,0,Llenando ventana
842,14,ILS,trayectoria,55572.0,55572.0,False,False,,,3.900000000001455,,,,0,0,0,Llenando ventana
843,14,ILS,trayectoria,55572.0,55572.0,False,False,,,3.900000000001455,,,,0,0,0,Llenando ventana
844,14,ILS,trayectoria,55572.0,55572.0,False,False,,,3.900000000001455,,,,0,0,0,Llenando ventana
845,14,ILS,trayectoria,55572.0,55572.0,False,False,,,3.900000000001455,,,,0,0,0,Llenando ventana
846,14,ILS,trayectoria,55572.0,55572.0,False,False,,,3.900000000001455,,,,0,0,0,Llenando ventana
847,15,ACO,poblacional,55572.0,47779.0,False,False,,,,,,,0,0,0,Llenando ventana
848,15,ACO,poblacional,55572.0,48258.0,False,False,,,,,,,0,0,0,Llenando ventana
849,15,ACO,poblacional,55572.0,48215.0,False,False,,,,,,,0,0,0,Llenando ventana
850,15,ACO,poblacional,55572.0,49202.0,False,False,,,,,,,0,0,0,Llenando ventana
851,15,ACO,poblacional,55572.0,49167.0,False,False,,,,,,,0,0,0,Llenando ventana
852,15,ACO,poblacional,55572.0,48995.0,False,False,,,,,,,0,0,0,Llenando ventana
853,15,ACO,poblacional,55572.0,49638.0,False,False,,,,,,,0,0,0,Llenando ventana
854,15,ACO,poblacional,55572.0,50470.0,False,False,,,,,,,0,0,0,Llenando ventana
855,15,ACO,poblacional,55572.0,49680.0,False,False,,,,,,,0,0,0,Llenando ventana
856,15,ACO,poblacional,55572.0,50393.0,False,False,,,,,,,0,0,0,Llenando ventana
857,15,ACO,poblacional,55572.0,50813.0,False,False,,,,,,,0,0,0,Llenando ventana
858,15,ACO,poblacional,55572.0,50407.0,False,False,,,,,,,0,0,0,Llenando ventana
859,15,ACO,poblacional,55572.0,50351.0,False,False,,,,,,,0,0,0,Llenando ventana
860,15,ACO,poblacional,55572.0,50871.0,False,False,,,,,,,0,0,0,Llenando ventana
861,15,ACO,poblacional,55572.0,50784.0,False,False,,,,,,,0,0,0,Llenando ventana
862,15,ACO,poblacional,55572.0,50853.0,False,False,,,,,,,0,0,0,Llenando ventana
863,15,ACO,poblacional,55572.0,52592.0,False,False,,,,,,,0,0,0,Llenando ventana
864,15,ACO,poblacional,55572.0,52417.0,False,False,,,,,,,0,0,0,Llenando ventana
865,15,ACO,poblacional,55572.0,51738.0,False,False,,,,,,,0,0,0,Llenando ventana
866,15,ACO,poblacional,55572.0,52647.0,False,False,,,,,,,0,0,0,Llenando ventana
867,15,ACO,poblacional,55572.0,51943.0,False,False,,,,,,,0,0,0,Llenando ventana
868,15,ACO,poblacional,55572.0,52456.0,False,False,,,,,,,0,0,0,Llenando ventana
869,15,ACO,poblacional,55572.0,52660.0,False,False,,,,,,,0,0,0,Llenando ventana
870,15,ACO,poblacional,55572.0,52570.0,False,False,,,,,,,0,0,0,Llenando ventana
871,15,ACO,poblacional,55572.0,53332.0,False,False,,,,,,,0,0,0,Llenando ventana
872,15,ACO,poblacional,55572.0,53002.0,False,False,,,,,,,0,0,0,Llenando ventana
873,15,ACO,poblacional,55572.0,52516.0,False,False,,,,,,,0,0,0,Llenando ventana
874,15,ACO,poblacional,55572.0,52952.0,False,False,,,,,,,0,0,0,Llenando ventana
875,15,ACO,poblacional,55572.0,52646.0,False,False,,,,,,,0,0,0,Llenando ventana
876,15,ACO,poblacional,55572.0,53123.0,False,False,,,,,,,0,0,0,Llenando ventana
877,15,ACO,poblacional,55572.0,52594.0,False,False,,,,,,,0,0,0,Llenando ventana
878,15,ACO,poblacional,55572.0,53598.0,False,False,,,,,,,0,0,0,Llenando ventana
879,15,ACO,poblacional,55572.0,52722.0,False,False,,,,,,,0,0,0,Llenando ventana
880,15,ACO,poblacional,55572.0,52014.0,False,False,,,,,,,0,0,0,Llenando ventana
881,15,ACO,poblacional,55572.0,52150.0,False,False,,,,,,,0,0,0,Llenando ventana
882,15,ACO,poblacional,55572.0,53052.0,False,False,,,,,,,0,0,0,Llenando ventana
883,15,ACO,poblacional,55572.0,52503.0,False,False,,,,,,,0,0,0,Llenando ventana
884,15,ACO,poblacional,55572.0,52159.0,False,False,,,,,,,0,0,0,Llenando ventana
885,15,ACO,poblacional,55572.0,52427.0,False,False,,,,,,,0,0,0,Llenando ventana
886,15,ACO,poblacional,55572.0,53053.0,False,False,,,3.900000000001455,,,,0,0,0,Llenando ventana
887,15,ACO,poblacional,55572.0,51884.0,False,False,,,3.900000000001455,,,,0,0,0,Llenando ventana
888,15,ACO,poblacional,55572.0,53067.0,False,False,,,3.900000000001455,,,,0,0,0,Llenando ventana
889,15,ACO,poblacional,55572.0,52831.0,False,False,,,3.900000000001455,,,,0,0,0,Llenando ventana
890,15,ACO,poblacional,55572.0,52522.0,False,False,,,3.900000000001455,,,,0,0,0,Llenando ventana
891,15,ACO,poblacional,55572.0,52366.0,False,False,,,3.900000000001455,,,,0,0,0,Llenando ventana
892,15,ACO,poblacional,55572.0,52543.0,False,False,,,3.900000000001455,,,,0,0,0,Llenando ventana
893,15,ACO,poblacional,55572.0,52802.0,False,False,,,3.900000000001455,,,,0,0,0,Llenando ventana
894,15,ACO,poblacional,55572.0,52568.0,False,False,,,3.900000000001455,,,,0,0,0,Llenando ventana
895,15,ACO,poblacional,55572.0,52001.0,False,False,,,3.900000000001455,,,,0,0,0,Llenando ventana
896,15,ACO,poblacional,55572.0,52126.0,False,False,,,3.900000000001455,,,,0,0,0,Llenando ventana
897,15,ACO,poblacional,55572.0,52029.0,False,False,,,3.900000000001455,,,,0,0,0,Llenando ventana
898,15,ACO,poblacional,55572.0,53433.0,False,False,,,3.900000000001455,,,,0,0,0,Llenando ventana
899,15,ACO,poblacional,55572.0,52908.0,False,False,,,3.900000000001455,,,,0,0,0,Llenando ventana
900,15,ACO,poblacional,55572.0,52951.0,False,False,,,3.900000000001455,,,,0,0,0,Llenando ventana
901,15,ACO,poblacional,55572.0,52304.0,False,False,,,3.900000000001455,,,,0,0,0,Llenando ventana
902,15,ACO,poblacional,55572.0,52361.0,False,False,,,3.900000000001455,,,,0,0,0,Llenando ventana
903,16,ILS,trayectoria,55572.0,55572.0,False,False,,,,,,,0,0,0,Llenando ventana
904,16,ILS,trayectoria,55572.0,55572.0,False,False,,,,,,,0,0,0,Llenando ventana
905,16,ILS,trayectoria,55572.0,55572.0,False,False,,,,,,,0,0,0,Llenando ventana
906,16,ILS,trayectoria,55572.0,55572.0,False,False,,,,,,,0,0,0,Llenando ventana
907,16,ILS,trayectoria,55572.0,55572.0,False,False,,,,,,,0,0,0,Llenando ventana
908,16,ILS,trayectoria,55572.0,55572.0,False,False,,,,,,,0,0,0,Llenando ventana
909,16,ILS,trayectoria,55572.0,55572.0,False,False,,,,,,,0,0,0,Llenando ventana
910,16,ILS,trayectoria,55572.0,55572.0,False,False,,,,,,,0,0,0,Llenando ventana
911,16,ILS,trayectoria,55572.0,55572.0,False,False,,,,,,,0,0,0,Llenando ventana
912,16,ILS,trayectoria,55572.0,55572.0,False,False,,,,,,,0,0,0,Llenando ventana
913,16,ILS,trayectoria,55572.0,55572.0,False,False,,,,,,,0,0,0,Llenando ventana
914,16,ILS,trayectoria,55572.0,55572.0,False,False,,,,,,,0,0,0,Llenando ventana
915,16,ILS,trayectoria,55572.0,55572.0,False,False,,,,,,,0,0,0,Llenando ventana
916,16,ILS,trayectoria,55572.0,55572.0,False,False,,,,,,,0,0,0,Llenando ventana
917,16,ILS,trayectoria,55572.0,55572.0,False,False,,,,,,,0,0,0,Llenando ventana
918,16,ILS,trayectoria,55572.0,55572.0,False,False,,,,,,,0,0,0,Llenando ventana
919,16,ILS,trayectoria,55572.0,55572.0,False,False,,,,,,,0,0,0,Llenando ventana
920,16,ILS,trayectoria,55572.0,55572.0,False,False,,,,,,,0,0,0,Llenando ventana
921,16,ILS,trayectoria,55572.0,55572.0,False,False,,,,,,,0,0,0,Llenando ventana
922,16,ILS,trayectoria,55572.0,55572.0,False,False,,,,,,,0,0,0,Llenando ventana
923,16,ILS,trayectoria,55572.0,55572.0,False,False,,,,,,,0,0,0,Llenando ventana
924,16,ILS,trayectoria,55572.0,55572.0,False,False,,,,,,,0,0,0,Llenando ventana
925,16,ILS,trayectoria,55572.0,55572.0,False,False,,,,,,,0,0,0,Llenando ventana
926,16,ILS,trayectoria,55572.0,55572.0,False,False,,,,,,,0,0,0,Llenando ventana
927,16,ILS,trayectoria,55572.0,55572.0,False,False,,,,,,,0,0,0,Llenando ventana
928,16,ILS,trayectoria,55572.0,55572.0,False,False,,,,,,,0,0,0,Llenando ventana
929,16,ILS,trayectoria,55572.0,55572.0,False,False,,,,,,,0,0,0,Llenando ventana
930,16,ILS,trayectoria,55572.0,55572.0,False,False,,,,,,,0,0,0,Llenando ventana
931,16,ILS,trayectoria,55572.0,55572.0,False,False,,,,,,,0,0,0,Llenando ventana
932,16,ILS,trayectoria,55572.0,55572.0,False,False,,,,,,,0,0,0,Llenando ventana
933,16,ILS,trayectoria,55572.0,55572.0,False,False,,,,,,,0,0,0,Llenando ventana
934,16,ILS,trayectoria,55572.0,55572.0,False,False,,,,,,,0,0,0,Llenando ventana
935,16,ILS,trayectoria,55572.0,55572.0,False,False,,,,,,,0,0,0,Llenando ventana
936,16,ILS,trayectoria,55572.0,55572.0,False,False,,,,,,,0,0,0,Llenando ventana
937,16,ILS,trayectoria,55572.0,55572.0,False,False,,,,,,,0,0,0,Llenando ventana
938,16,ILS,trayectoria,55572.0,55572.0,False,False,,,,,,,0,0,0,Llenando ventana
939,16,ILS,trayectoria,55572.0,55572.0,False,False,,,,,,,0,0,0,Llenando ventana
940,16,ILS,trayectoria,55572.0,55572.0,False,False,,,,,,,0,0,0,Llenando ventana
941,16,ILS,trayectoria,55572.0,55572.0,False,False,,,,,,,0,0,0,Llenando ventana
942,16,ILS,trayectoria,55572.0,55572.0,False,False,,,3.900000000001455,,,,0,0,0,Llenando ventana
943,16,ILS,trayectoria,55572.0,55572.0,False,False,,,3.900000000001455,,,,0,0,0,Llenando ventana
944,16,ILS,trayectoria,55572.0,55572.0,False,False,,,3.900000000001455,,,,0,0,0,Llenando ventana
945,16,ILS,trayectoria,55572.0,55572.0,False,False,,,3.900000000001455,,,,0,0,0,Llenando ventana
946,16,ILS,trayectoria,55572.0,55572.0,False,False,,,3.900000000001455,,,,0,0,0,Llenando ventana
947,16,ILS,trayectoria,55572.0,55572.0,False,False,,,3.900000000001455,,,,0,0,0,Llenando ventana
948,16,ILS,trayectoria,55572.0,55572.0,False,False,,,3.900000000001455,,,,0,0,0,Llenando ventana
949,16,ILS,trayectoria,55572.0,55572.0,False,False,,,3.900000000001455,,,,0,0,0,Llenando ventana
950,16,ILS,trayectoria,55572.0,55572.0,False,False,,,3.900000000001455,,,,0,0,0,Llenando ventana
951,16,ILS,trayectoria,55572.0,55572.0,False,False,,,3.900000000001455,,,,0,0,0,Llenando ventana
952,16,ILS,trayectoria,55572.0,55572.0,False,False,,,3.900000000001455,,,,0,0,0,Llenando ventana
953,16,ILS,trayectoria,55572.0,55572.0,False,False,,,3.900000000001455,,,,0,0,0,Llenando ventana
954,16,ILS,trayectoria,55572.0,55572.0,False,False,,,3.900000000001455,,,,0,0,0,Llenando ventana
955,16,ILS,trayectoria,55572.0,55572.0,False,False,,,3.900000000001455,,,,0,0,0,Llenando ventana
956,16,ILS,trayectoria,55572.0,55572.0,False,False,,,3.900000000001455,,,,0,0,0,Llenando ventana
957,16,ILS,trayectoria,55572.0,55572.0,False,False,,,3.900000000001455,,,,0,0,0,Llenando ventana
958,16,ILS,trayectoria,55572.0,55572.0,False,False,,,3.900000000001455,,,,0,0,0,Llenando ventana
959,16,ILS,trayectoria,55572.0,55572.0,False,False,,,3.900000000001455,,,,0,0,0,Llenando ventana
960,16,ILS,trayectoria,55572.0,55572.0,False,False,,,3.900000000001455,,,,0,0,0,Llenando ventana
961,16,ILS,trayectoria,55572.0,55572.0,False,False,,,3.900000000001455,,,,0,0,0,Llenando ventana
962,16,ILS,trayectoria,55572.0,55572.0,False,False,,,3.900000000001455,,,,0,0,0,Llenando ventana
963,16,ILS,trayectoria,55572.0,55572.0,False,False,,,3.900000000001455,,,,0,0,0,Llenando ventana
964,16,ILS,trayectoria,55572.0,55572.0,False,False,,,3.900000000001455,,,,0,0,0,Llenando ventana
965,17,GA,poblacional,55572.0,55572.0,False,False,,,,,,,0,0,0,Llenando ventana
966,17,GA,poblacional,55572.0,55572.0,False,False,,,,,,,0,0,0,Llenando ventana
967,17,GA,poblacional,55572.0,55572.0,False,False,,,,,,,0,0,0,Llenando ventana
968,17,GA,poblacional,55572.0,55572.0,False,False,,,,,,,0,0,0,Llenando ventana
969,17,GA,poblacional,55572.0,55572.0,False,False,,,,,,,0,0,0,Llenando ventana
970,17,GA,poblacional,55572.0,55572.0,False,False,,,,,,,0,0,0,Llenando ventana
971,17,GA,poblacional,55572.0,55572.0,False,False,,,,,,,0,0,0,Llenando ventana
972,17,GA,poblacional,55572.0,55572.0,False,False,,,,,,,0,0,0,Llenando ventana
973,17,GA,poblacional,55572.0,55572.0,False,False,,,,,,,0,0,0,Llenando ventana
974,17,GA,poblacional,55572.0,55572.0,False,False,,,,,,,0,0,0,Llenando ventana
975,17,GA,poblacional,55572.0,55572.0,False,False,,,,,,,0,0,0,Llenando ventana
976,17,GA,poblacional,55572.0,55572.0,False,False,,,,,,,0,0,0,Llenando ventana
977,17,GA,poblacional,55572.0,55572.0,False,False,,,,,,,0,0,0,Llenando ventana
978,17,GA,poblacional,55572.0,55572.0,False,False,,,,,,,0,0,0,Llenando ventana
979,17,GA,poblacional,55572.0,55572.0,False,False,,,,,,,0,0,0,Llenando ventana
980,17,GA,poblacional,55572.0,55572.0,False,False,,,,,,,0,0,0,Llenando ventana
981,17,GA,poblacional,55572.0,55572.0,False,False,,,,,,,0,0,0,Llenando ventana
982,17,GA,poblacional,55572.0,55572.0,False,False,,,,,,,0,0,0,Llenando ventana
983,17,GA,poblacional,55572.0,55572.0,False,False,,,,,,,0,0,0,Llenando ventana
984,17,GA,poblacional,55572.0,55572.0,False,False,,,,,,,0,0,0,Llenando ventana
985,17,GA,poblacional,55572.0,55572.0,False,False,,,,,,,0,0,0,Llenando ventana
986,17,GA,poblacional,55572.0,55572.0,False,False,,,,,,,0,0,0,Llenando ventana
987,17,GA,poblacional,55572.0,55572.0,False,False,,,,,,,0,0,0,Llenando ventana
988,17,GA,poblacional,55572.0,55572.0,False,False,,,,,,,0,0,0,Llenando ventana
989,17,GA,poblacional,55572.0,55572.0,False,False,,,,,,,0,0,0,Llenando ventana
990,17,GA,poblacional,55572.0,55572.0,False,False,,,,,,,0,0,0,Llenando ventana
991,17,GA,poblacional,55572.0,55572.0,False,False,,,,,,,0,0,0,Llenando ventana
992,17,GA,poblacional,55572.0,55572.0,False,False,,,,,,,0,0,0,Llenando ventana
993,17,GA,poblacional,55572.0,55572.0,False,False,,,,,,,0,0,0,Llenando ventana
994,17,GA,poblacional,55572.0,55572.0,False,False,,,,,,,0,0,0,Llenando ventana
995,17,GA,poblacional,55572.0,55572.0,False,False,,,,,,,0,0,0,Llenando ventana
996,17,GA,poblacional,55572.0,55572.0,False,False,,,,,,,0,0,0,Llenando ventana
997,17,GA,poblacional,55572.0,55572.0,False,False,,,,,,,0,0,0,Llenando ventana
998,17,GA,poblacional,55572.0,55572.0,False,False,,,,,,,0,0,0,Llenando ventana
999,17,GA,poblacional,55572.0,55572.0,False,False,,,,,,,0,0,0,Llenando ventana
1000,17,GA,poblacional,55572.0,55572.0,False,False,,,,,,,0,0,0,Llenando ventana
1001,17,GA,poblacional,55572.0,55572.0,False,False,,,,,,,0,0,0,Llenando ventana
1002,17,GA,poblacional,55572.0,55572.0,False,False,,,,,,,0,0,0,Llenando ventana
1003,17,GA,poblacional,55572.0,55572.0,False,False,,,,,,,0,0,0,Llenando ventana
1004,17,GA,poblacional,55572.0,55572.0,False,False,,,3.900000000001455,,,,0,0,0,Llenando ventana
1005,17,GA,poblacional,55572.0,55572.0,False,False,,,3.900000000001455,,,,0,0,0,Llenando ventana
1006,17,GA,poblacional,55572.0,55572.0,False,False,,,3.900000000001455,,,,0,0,0,Llenando ventana
1007,17,GA,poblacional,55572.0,55572.0,False,False,,,3.900000000001455,,,,0,0,0,Llenando ventana
1008,17,GA,poblacional,55572.0,55572.0,False,False,,,3.900000000001455,,,,0,0,0,Llenando ventana
1009,17,GA,poblacional,55572.0,55572.0,False,False,,,3.900000000001455,,,,0,0,0,Llenando ventana
1010,17,GA,poblacional,55572.0,55572.0,False,False,,,3.900000000001455,,,,0,0,0,Llenando ventana
1011,17,GA,poblacional,55572.0,55572.0,False,False,,,3.900000000001455,,,,0,0,0,Llenando ventana
1012,17,GA,poblacional,55572.0,55572.0,False,False,,,3.900000000001455,,,,0,0,0,Llenando ventana
1013,17,GA,poblacional,55572.0,55572.0,False,False,,,3.900000000001455,,,,0,0,0,Llenando ventana
1014,17,GA,poblacional,55572.0,55572.0,False,False,,,3.900000000001455,,,,0,0,0,Llenando ventana
1015,17,GA,poblacional,55572.0,55572.0,False,False,,,3.900000000001455,,,,0,0,0,Llenando ventana
1016,17,GA,poblacional,55572.0,55572.0,False,False,,,3.900000000001455,,,,0,0,0,Llenando ventana
1017,17,GA,poblacional,55572.0,55572.0,False,False,,,3.900000000001455,,,,0,0,0,Llenando ventana
1018,17,GA,poblacional,55572.0,55572.0,False,False,,,3.900000000001455,,,,0,0,0,Llenando ventana
1019,17,GA,poblacional,55572.0,55572.0,False,False,,,3.900000000001455,,,,0,0,0,Llenando ventana
1020,17,GA,poblacional,55572.0,55572.0,False,False,,,3.900000000001455,,,,0,0,0,Llenando ventana
1021,17,GA,poblacional,55572.0,55572.0,False,False,,,3.900000000001455,,,,0,0,0,Llenando ventana
1022,17,GA,poblacional,55572.0,55572.0,False,False,,,3.900000000001455,,,,0,0,0,Llenando ventana
1023,17,GA,poblacional,55572.0,55572.0,False,False,,,3.900000000001455,,,,0,0,0,Llenando ventana
1024,17,GA,poblacional,55572.0,55572.0,False,False,,,3.900000000001455,,,,0,0,0,Llenando ventana
1025,17,GA,poblacional,55572.0,55572.0,False,False,,,3.900000000001455,,,,0,0,0,Llenando ventana
1026,17,GA,poblacional,55572.0,55572.0,False,False,,,3.900000000001455,,,,0,0,0,Llenando ventana
