iteracion,epoch,mh,tipo,fitness_best,fitness_instantaneo,dtw_ready,dtw_fire,D1_vs_ramp,D2_vs_const,dtw_delta,theta_c,theta_r,theta_delta,no_improve_len,trigger_streak,window_n,estado_dtw
1,1,WOA,poblacional,920.4241877738694,920.4241877738694,False,False,,,,,,,0,0,1,Llenando ventana
2,1,WOA,poblacional,903.25,903.25,False,False,,,,,,,0,0,2,Llenando ventana
3,1,WOA,poblacional,903.25,903.25,False,False,,,,,,,1,0,3,Llenando ventana
4,1,WOA,poblacional,903.25,903.25,False,False,,,,,,,2,0,4,Llenando ventana
5,1,WOA,poblacional,899.25,899.25,False,False,,,,,,,0,0,5,Llenando ventana
6,1,WOA,poblacional,880.0,880.0,False,False,,,,,,,0,0,6,Llenando ventana
7,1,WOA,poblacional,880.0,880.0,False,False,,,,,,,1,0,7,Llenando ventana
8,1,WOA,poblacional,880.0,880.0,False,False,,,,,,,2,0,8,Llenando ventana
9,1,WOA,poblacional,880.0,880.0,False,False,,,,,,,3,0,9,Llenando ventana
10,1,WOA,poblacional,880.0,880.0,False,False,,,,,,,4,0,10,Llenando ventana
11,1,WOA,poblacional,880.0,880.0,False,False,,,,,,,5,0,11,Llenando ventana
12,1,WOA,poblacional,880.0,880.0,False,False,,,,,,,6,0,12,Llenando ventana
13,1,WOA,poblacional,880.0,880.0,False,False,,,,,,,7,0,13,Llenando ventana
14,1,WOA,poblacional,880.0,880.0,False,False,,,,,,,8,0,14,Llenando ventana
15,1,WOA,poblacional,880.0,880.0,False,False,,,,,,,9,0,15,Llenando ventana
16,1,WOA,poblacional,880.0,880.0,False,False,,,,,,,10,0,16,Llenando ventana
17,1,WOA,poblacional,880.0,880.0,False,False,,,,,,,11,0,17,Llenando ventana
18,1,WOA,poblacional,880.0,880.0,False,False,,,,,,,12,0,18,Llenando ventana
19,1,WOA,poblacional,880.0,880.0,False,False,,,,,,,13,0,19,Llenando ventana
20,1,WOA,poblacional,880.0,880.0,False,False,,,,,,,14,0,20,Llenando ventana
21,1,WOA,poblacional,880.0,880.0,False,False,,,,,,,15,0,21,Llenando ventana
22,1,WOA,poblacional,880.0,880.0,False,False,,,,,,,16,0,22,Llenando ventana
23,1,WOA,poblacional,880.0,880.0,False,False,,,,,,,17,0,23,Llenando ventana
24,1,WOA,poblacional,880.0,880.0,False,False,,,,,,,18,0,24,Llenando ventana
25,1,WOA,poblacional,880.0,880.0,False,False,,,,,,,19,0,25,Llenando ventana
26,1,WOA,poblacional,880.0,880.0,False,False,,,,,,,20,0,26,Llenando ventana
27,1,WOA,poblacional,880.0,880.0,False,False,,,,,,,21,0,27,Llenando ventana
28,1,WOA,poblacional,880.0,880.0,False,False,,,,,,,22,0,28,Llenando ventana
29,1,WOA,poblacional,880.0,880.0,False,False,,,,,,,23,0,29,Llenando ventana
30,1,WOA,poblacional,880.0,880.0,False,False,,,,,,,24,0,30,Llenando ventana
31,1,WOA,poblacional,880.0,880.0,False,False,,,,,,,25,0,31,Llenando ventana
32,1,WOA,poblacional,880.0,880.0,False,False,,,,,,,26,0,32,Llenando ventana
33,1,WOA,poblacional,880.0,880.0,False,False,,,,,,,27,0,33,Llenando ventana
34,1,WOA,poblacional,880.0,880.0,False,False,,,,,,,28,0,34,Llenando ventana
35,1,WOA,poblacional,880.0,880.0,False,False,,,,,,,29,0,35,Llenando ventana
36,1,WOA,poblacional,880.0,880.0,False,False,,,,,,,30,0,36,Llenando ventana
37,1,WOA,poblacional,880.0,880.0,False,False,,,,,,,31,0,37,Llenando ventana
38,1,WOA,poblacional,880.0,880.0,False,False,,,,,,,32,0,38,Llenando ventana
39,1,WOA,poblacional,880.0,880.0,False,False,,,,,,,33,0,39,Llenando ventana
40,1,WOA,poblacional,880.0,880.0,False,False,,,,,,,34,0,40,Llenando ventana
41,1,WOA,poblacional,880.0,880.0,False,False,,,,,,,35,0,41,Llenando ventana
42,1,WOA,poblacional,880.0,880.0,False,False,,,,,,,36,0,42,Llenando ventana
43,1,WOA,poblacional,880.0,880.0,False,False,,,,,,,37,0,43,Llenando ventana
44,1,WOA,poblacional,880.0,880.0,False,False,,,,,,,38,0,44,Llenando ventana
45,1,WOA,poblacional,880.0,880.0,False,False,,,,,,,39,0,45,Llenando ventana
46,1,WOA,poblacional,880.0,880.0,False,False,,,,,,,40,0,46,Llenando ventana
47,1,WOA,poblacional,880.0,880.0,False,False,,,,,,,41,0,47,Llenando ventana
48,1,WOA,poblacional,880.0,880.0,False,False,,,,,,,42,0,48,Llenando ventana
49,1,WOA,poblacional,880.0,880.0,False,False,,,,,,,43,0,49,Llenando ventana
50,1,WOA,poblacional,880.0,880.0,False,False,,,,,,,44,0,50,Llenando ventana
51,1,WOA,poblacional,880.0,880.0,False,False,,,,,,,45,0,51,Llenando ventana
52,1,WOA,poblacional,880.0,880.0,False,False,,,,,,,46,0,52,Llenando ventana
53,1,WOA,poblacional,880.0,880.0,False,False,,,,,,,47,0,53,Llenando ventana
54,1,WOA,poblacional,880.0,880.0,False,False,,,,,,,48,0,54,Llenando ventana
55,1,WOA,poblacional,880.0,880.0,False,False,,,,,,,49,0,55,Llenando ventana
56,1,WOA,poblacional,880.0,880.0,False,False,,,,,,,50,0,56,Llenando ventana
57,1,WOA,poblacional,880.0,880.0,False,False,,,,,,,51,0,57,Llenando ventana
58,1,WOA,poblacional,880.0,880.0,False,False,,,,,,,52,0,58,Llenando ventana
59,1,WOA,poblacional,880.0,880.0,False,False,,,,,,,53,0,59,Llenando ventana
60,1,WOA,poblacional,880.0,880.0,False,False,,,,,,,54,0,60,Llenando ventana
61,1,WOA,poblacional,880.0,880.0,False,False,,,,,,,55,0,61,Llenando ventana
62,1,WOA,poblacional,880.0,880.0,False,False,,,,,,,56,0,62,Llenando ventana
63,1,WOA,poblacional,880.0,880.0,False,False,,,,,,,57,0,63,Llenando ventana
64,1,WOA,poblacional,880.0,880.0,False,False,,,,,,,58,0,64,Llenando ventana
65,1,WOA,poblacional,880.0,880.0,False,False,,,,,,,59,0,65,Llenando ventana
66,1,WOA,poblacional,880.0,880.0,False,False,,,,,,,60,0,66,Llenando ventana
67,1,WOA,poblacional,880.0,880.0,False,False,,,,,,,61,0,67,Llenando ventana
68,1,WOA,poblacional,880.0,880.0,False,False,,,,,,,62,0,68,Llenando ventana
69,1,WOA,poblacional,880.0,880.0,False,False,,,,,,,63,0,69,Llenando ventana
70,1,WOA,poblacional,880.0,880.0,False,False,,,,,,,64,0,70,Llenando ventana
71,1,WOA,poblacional,880.0,880.0,False,False,,,,,,,65,0,71,Llenando ventana
72,1,WOA,poblacional,880.0,880.0,False,False,,,,,,,66,0,72,Llenando ventana
73,1,WOA,poblacional,880.0,880.0,False,False,,,,,,,67,0,73,Llenando ventana
74,1,WOA,poblacional,880.0,880.0,False,False,,,,,,,68,0,74,Llenando ventana
75,1,WOA,poblacional,880.0,880.0,True,False,47.22418777386929,40.42418777386945,6.799999999999841,7.5,37.5,22.5,69,0,75,Explotacion activa
76,1,WOA,poblacional,880.0,880.0,True,False,30.249999999999886,23.25,6.999999999999886,7.5,37.5,22.5,70,0,76,Explotacion activa
77,1,WOA,poblacional,880.0,880.0,True,False,30.249999999999886,23.25,6.999999999999886,7.5,37.5,22.5,71,0,77,Explotacion activa
78,1,WOA,poblacional,880.0,880.0,True,False,30.249999999999886,23.25,6.999999999999886,7.5,37.5,22.5,72,0,78,Explotacion activa
79,1,WOA,poblacional,880.0,880.0,True,False,26.449999999999932,19.25,7.199999999999932,7.5,37.5,22.5,73,0,79,Explotacion activa
80,1,WOA,poblacional,880.0,880.0,True,False,7.399999999999977,0.0,7.399999999999977,7.5,37.5,22.5,74,0,80,Explotacion activa
81,1,WOA,poblacional,880.0,880.0,True,False,7.399999999999977,0.0,7.399999999999977,7.5,37.5,22.5,75,0,81,Explotacion activa
82,1,WOA,poblacional,880.0,880.0,True,False,7.399999999999977,0.0,7.399999999999977,7.5,37.5,22.5,76,0,82,Explotacion activa
83,1,WOA,poblacional,880.0,880.0,True,False,7.399999999999977,0.0,7.399999999999977,7.5,37.5,22.5,77,0,83,Explotacion activa
84,1,WOA,poblacional,880.0,880.0,True,False,7.399999999999977,0.0,7.399999999999977,0.0,30.249999999999886,7.399999999999977,78,1,84,Explotacion activa
85,1,WOA,poblacional,880.0,880.0,True,False,7.399999999999977,0.0,7.399999999999977,0.0,30.249999999999886,7.399999999999977,79,2,85,Explotacion activa
86,1,WOA,poblacional,880.0,880.0,True,False,7.399999999999977,0.0,7.399999999999977,0.0,29.109999999999896,7.399999999999977,80,3,86,Explotacion activa
87,1,WOA,poblacional,880.0,880.0,True,False,7.399999999999977,0.0,7.399999999999977,0.0,27.969999999999906,7.399999999999977,81,4,87,Explotacion activa
88,1,WOA,poblacional,880.0,880.0,True,False,7.399999999999977,0.0,7.399999999999977,0.0,26.829999999999927,7.399999999999977,82,5,88,Explotacion activa
89,1,WOA,poblacional,880.0,880.0,True,False,7.399999999999977,0.0,7.399999999999977,0.0,22.639999999999922,7.399999999999977,83,6,89,Explotacion activa
90,1,WOA,poblacional,880.0,880.0,True,False,7.399999999999977,0.0,7.399999999999977,0.0,16.924999999999955,7.399999999999977,84,7,90,Explotacion activa
91,1,WOA,poblacional,880.0,880.0,True,False,7.399999999999977,0.0,7.399999999999977,0.0,11.209999999999955,7.399999999999977,85,8,91,Explotacion activa
92,1,WOA,poblacional,880.0,880.0,True,False,7.399999999999977,0.0,7.399999999999977,0.0,7.399999999999977,7.399999999999977,86,9,92,Explotacion activa
93,1,WOA,poblacional,880.0,880.0,True,False,7.399999999999977,0.0,7.399999999999977,0.0,7.399999999999977,7.399999999999977,87,10,93,Explotacion activa
94,1,WOA,poblacional,880.0,880.0,True,False,7.399999999999977,0.0,7.399999999999977,0.0,7.399999999999977,7.399999999999977,88,11,94,Explotacion activa
95,1,WOA,poblacional,880.0,880.0,True,False,7.399999999999977,0.0,7.399999999999977,0.0,7.399999999999977,7.399999999999977,89,12,95,Explotacion activa
96,1,WOA,poblacional,880.0,880.0,True,False,7.399999999999977,0.0,7.399999999999977,0.0,7.399999999999977,7.399999999999977,90,13,96,Explotacion activa
97,1,WOA,poblacional,880.0,880.0,True,False,7.399999999999977,0.0,7.399999999999977,0.0,7.399999999999977,7.399999999999977,91,14,97,Explotacion activa
98,1,WOA,poblacional,880.0,880.0,True,False,7.399999999999977,0.0,7.399999999999977,0.0,7.399999999999977,7.399999999999977,92,15,98,Explotacion activa
99,1,WOA,poblacional,880.0,880.0,True,False,7.399999999999977,0.0,7.399999999999977,0.0,7.399999999999977,7.399999999999977,93,16,99,Explotacion activa
100,1,WOA,poblacional,880.0,880.0,True,False,7.399999999999977,0.0,7.399999999999977,0.0,7.399999999999977,7.399999999999977,94,17,100,Explotacion activa
101,1,WOA,poblacional,880.0,880.0,True,False,7.399999999999977,0.0,7.399999999999977,0.0,7.399999999999977,7.399999999999977,95,18,101,Explotacion activa
102,1,WOA,poblacional,880.0,880.0,True,False,7.399999999999977,0.0,7.399999999999977,0.0,7.399999999999977,7.399999999999977,96,19,102,Explotacion activa
103,1,WOA,poblacional,880.0,880.0,True,False,7.399999999999977,0.0,7.399999999999977,0.0,7.399999999999977,7.399999999999977,97,20,103,Explotacion activa
104,1,WOA,poblacional,880.0,880.0,True,False,7.399999999999977,0.0,7.399999999999977,0.0,7.399999999999977,7.399999999999977,98,21,104,Explotacion activa
105,1,WOA,poblacional,880.0,880.0,True,False,7.399999999999977,0.0,7.399999999999977,0.0,7.399999999999977,7.399999999999977,99,22,105,Explotacion activa
106,1,WOA,poblacional,880.0,880.0,True,False,7.399999999999977,0.0,7.399999999999977,0.0,7.399999999999977,7.399999999999977,100,23,106,Explotacion activa
107,1,WOA,poblacional,880.0,880.0,True,False,7.399999999999977,0.0,7.399999999999977,0.0,7.399999999999977,7.399999999999977,101,24,107,Explotacion activa
108,1,WOA,poblacional,880.0,880.0,True,True,7.399999999999977,0.0,7.399999999999977,0.0,7.399999999999977,7.399999999999977,102,25,108,ESTANCAMIENTO (Fire)
109,2,GWO,poblacional,880.0,880.0,False,False,,,,,,,0,0,1,Llenando ventana
110,2,GWO,poblacional,860.7841981801168,860.7841981801168,False,False,,,,,,,0,0,2,Llenando ventana
111,2,GWO,poblacional,860.7841981801168,860.7841981801168,False,False,,,,,,,1,0,3,Llenando ventana
112,2,GWO,poblacional,860.7841981801168,860.7841981801168,False,False,,,,,,,2,0,4,Llenando ventana
113,2,GWO,poblacional,860.7841981801168,860.7841981801168,False,False,,,,,,,3,0,5,Llenando ventana
114,2,GWO,poblacional,860.7841981801168,860.7841981801168,False,False,,,,,,,4,0,6,Llenando ventana
115,2,GWO,poblacional,860.7841981801168,860.7841981801168,False,False,,,,,,,5,0,7,Llenando ventana
116,2,GWO,poblacional,860.7841981801168,860.7841981801168,False,False,,,,,,,6,0,8,Llenando ventana
117,2,GWO,poblacional,860.7841981801168,860.7841981801168,False,False,,,,,,,7,0,9,Llenando ventana
118,2,GWO,poblacional,860.7841981801168,860.7841981801168,False,False,,,,,,,8,0,10,Llenando ventana
119,2,GWO,poblacional,860.7841981801168,860.7841981801168,False,False,,,,,,,9,0,11,Llenando ventana
120,2,GWO,poblacional,860.7841981801168,860.7841981801168,False,False,,,,,,,10,0,12,Llenando ventana
121,2,GWO,poblacional,846.4002213359199,846.4002213359199,False,False,,,,,,,0,0,13,Llenando ventana
122,2,GWO,poblacional,846.4002213359199,846.4002213359199,False,False,,,,,,,1,0,14,Llenando ventana
123,2,GWO,poblacional,846.4002213359199,846.4002213359199,False,False,,,,,,,2,0,15,Llenando ventana
124,2,GWO,poblacional,846.4002213359199,846.4002213359199,False,False,,,,,,,3,0,16,Llenando ventana
125,2,GWO,poblacional,846.4002213359199,846.4002213359199,False,False,,,,,,,4,0,17,Llenando ventana
126,2,GWO,poblacional,846.4002213359199,846.4002213359199,False,False,,,,,,,5,0,18,Llenando ventana
127,2,GWO,poblacional,846.4002213359199,846.4002213359199,False,False,,,,,,,6,0,19,Llenando ventana
128,2,GWO,poblacional,846.4002213359199,846.4002213359199,False,False,,,,,,,7,0,20,Llenando ventana
129,2,GWO,poblacional,844.6302908835194,844.6302908835194,False,False,,,,,,,0,0,21,Llenando ventana
130,2,GWO,poblacional,844.6302908835194,844.6302908835194,False,False,,,,,,,1,0,22,Llenando ventana
131,2,GWO,poblacional,844.3927089970417,844.3927089970417,False,False,,,,,,,0,0,23,Llenando ventana
132,2,GWO,poblacional,844.3927089970417,844.3927089970417,False,False,,,,,,,1,0,24,Llenando ventana
133,2,GWO,poblacional,844.3927089970417,844.3927089970417,False,False,,,,,,,2,0,25,Llenando ventana
134,2,GWO,poblacional,844.3927089970417,844.3927089970417,False,False,,,,,,,3,0,26,Llenando ventana
135,2,GWO,poblacional,844.3927089970417,844.3927089970417,False,False,,,,,,,4,0,27,Llenando ventana
136,2,GWO,poblacional,844.3927089970417,844.3927089970417,False,False,,,,,,,5,0,28,Llenando ventana
137,2,GWO,poblacional,844.3927089970417,844.3927089970417,False,False,,,,,,,6,0,29,Llenando ventana
138,2,GWO,poblacional,844.3927089970417,844.3927089970417,False,False,,,,,,,7,0,30,Llenando ventana
139,2,GWO,poblacional,844.3927089970417,844.3927089970417,False,False,,,,,,,8,0,31,Llenando ventana
140,2,GWO,poblacional,844.3927089970417,844.3927089970417,False,False,,,,,,,9,0,32,Llenando ventana
141,2,GWO,poblacional,844.3927089970417,844.3927089970417,False,False,,,,,,,10,0,33,Llenando ventana
142,2,GWO,poblacional,844.3927089970417,844.3927089970417,False,False,,,,,,,11,0,34,Llenando ventana
143,2,GWO,poblacional,844.3927089970417,844.3927089970417,False,False,,,,,,,12,0,35,Llenando ventana
144,2,GWO,poblacional,844.3927089970417,844.3927089970417,False,False,,,,,,,13,0,36,Llenando ventana
145,2,GWO,poblacional,844.3927089970417,844.3927089970417,False,False,,,,,,,14,0,37,Llenando ventana
146,2,GWO,poblacional,844.3927089970417,844.3927089970417,False,False,,,,,,,15,0,38,Llenando ventana
147,2,GWO,poblacional,844.3927089970417,844.3927089970417,False,False,,,,,,,16,0,39,Llenando ventana
148,2,GWO,poblacional,844.3927089970417,844.3927089970417,False,False,,,,,,,17,0,40,Llenando ventana
149,2,GWO,poblacional,844.3927089970417,844.3927089970417,False,False,,,,,,,18,0,41,Llenando ventana
150,2,GWO,poblacional,844.3927089970417,844.3927089970417,False,False,,,,,,,19,0,42,Llenando ventana
151,2,GWO,poblacional,844.3927089970417,844.3927089970417,False,False,,,,,,,20,0,43,Llenando ventana
152,2,GWO,poblacional,844.3927089970417,844.3927089970417,False,False,,,,,,,21,0,44,Llenando ventana
153,2,GWO,poblacional,844.3927089970417,844.3927089970417,False,False,,,,,,,22,0,45,Llenando ventana
154,2,GWO,poblacional,844.3927089970417,844.3927089970417,False,False,,,,,,,23,0,46,Llenando ventana
155,2,GWO,poblacional,844.3927089970417,844.3927089970417,False,False,,,,,,,24,0,47,Llenando ventana
156,2,GWO,poblacional,830.5229556530865,830.5229556530865,False,False,,,,,,,0,0,48,Llenando ventana
157,2,GWO,poblacional,830.5229556530865,830.5229556530865,False,False,,,,,,,1,0,49,Llenando ventana
158,2,GWO,poblacional,830.5229556530865,830.5229556530865,False,False,,,,,,,2,0,50,Llenando ventana
159,2,GWO,poblacional,830.5229556530865,830.5229556530865,False,False,,,,,,,3,0,51,Llenando ventana
160,2,GWO,poblacional,830.5229556530865,830.5229556530865,False,False,,,,,,,4,0,52,Llenando ventana
161,2,GWO,poblacional,830.5229556530865,830.5229556530865,False,False,,,,,,,5,0,53,Llenando ventana
162,2,GWO,poblacional,830.5229556530865,830.5229556530865,False,False,,,,,,,6,0,54,Llenando ventana
163,2,GWO,poblacional,830.5229556530865,830.5229556530865,False,False,,,,,,,7,0,55,Llenando ventana
164,2,GWO,poblacional,830.5229556530865,830.5229556530865,False,False,,,,,,,8,0,56,Llenando ventana
165,2,GWO,poblacional,830.5229556530865,830.5229556530865,False,False,,,,,,,9,0,57,Llenando ventana
166,2,GWO,poblacional,830.5229556530865,830.5229556530865,False,False,,,,,,,10,0,58,Llenando ventana
167,2,GWO,poblacional,830.5229556530865,830.5229556530865,False,False,,,,,,,11,0,59,Llenando ventana
168,2,GWO,poblacional,830.5229556530865,830.5229556530865,False,False,,,,,,,12,0,60,Llenando ventana
169,2,GWO,poblacional,830.5229556530865,830.5229556530865,False,False,,,,,,,13,0,61,Llenando ventana
170,2,GWO,poblacional,830.5229556530865,830.5229556530865,False,False,,,,,,,14,0,62,Llenando ventana
171,2,GWO,poblacional,830.5229556530865,830.5229556530865,False,False,,,,,,,15,0,63,Llenando ventana
172,2,GWO,poblacional,824.6989673691932,824.6989673691932,False,False,,,,,,,0,0,64,Llenando ventana
173,2,GWO,poblacional,824.6989673691932,824.6989673691932,False,False,,,,,,,1,0,65,Llenando ventana
174,2,GWO,poblacional,824.6989673691932,824.6989673691932,False,False,,,,,,,2,0,66,Llenando ventana
175,2,GWO,poblacional,824.6989673691932,824.6989673691932,False,False,,,,,,,3,0,67,Llenando ventana
176,2,GWO,poblacional,824.6989673691932,824.6989673691932,False,False,,,,,,,4,0,68,Llenando ventana
177,2,GWO,poblacional,824.6989673691932,824.6989673691932,False,False,,,,,,,5,0,69,Llenando ventana
178,2,GWO,poblacional,824.6989673691932,824.6989673691932,False,False,,,,,,,6,0,70,Llenando ventana
179,2,GWO,poblacional,824.6989673691932,824.6989673691932,False,False,,,,,,,7,0,71,Llenando ventana
180,2,GWO,poblacional,824.6989673691932,824.6989673691932,False,False,,,,,,,8,0,72,Llenando ventana
181,2,GWO,poblacional,824.6989673691932,824.6989673691932,False,False,,,,,,,9,0,73,Llenando ventana
182,2,GWO,poblacional,824.6989673691932,824.6989673691932,False,False,,,,,,,10,0,74,Llenando ventana
183,2,GWO,poblacional,824.6989673691932,824.6989673691932,True,False,61.501032630806776,55.301032630806844,6.199999999999932,7.5,37.5,22.5,11,0,75,Explotacion activa
184,2,GWO,poblacional,824.6989673691932,824.6989673691932,True,False,42.48523081092344,36.08523081092369,6.39999999999975,7.5,37.5,22.5,12,0,76,Explotacion activa
185,2,GWO,poblacional,824.6989673691932,824.6989673691932,True,False,42.48523081092344,36.08523081092369,6.39999999999975,7.5,37.5,22.5,13,0,77,Explotacion activa
186,2,GWO,poblacional,824.6989673691932,824.6989673691932,True,False,42.48523081092344,36.08523081092369,6.39999999999975,7.5,37.5,22.5,14,0,78,Explotacion activa
187,2,GWO,poblacional,824.6989673691932,824.6989673691932,True,False,42.48523081092344,36.08523081092369,6.39999999999975,7.5,37.5,22.5,15,0,79,Explotacion activa
188,2,GWO,poblacional,824.6989673691932,824.6989673691932,True,False,42.48523081092344,36.08523081092369,6.39999999999975,7.5,37.5,22.5,16,0,80,Explotacion activa
189,2,GWO,poblacional,824.6989673691932,824.6989673691932,True,False,42.48523081092344,36.08523081092369,6.39999999999975,7.5,37.5,22.5,17,0,81,Explotacion activa
190,2,GWO,poblacional,824.6989673691932,824.6989673691932,True,False,42.48523081092344,36.08523081092369,6.39999999999975,7.5,37.5,22.5,18,0,82,Explotacion activa
191,2,GWO,poblacional,824.6989673691932,824.6989673691932,True,False,42.48523081092344,36.08523081092369,6.39999999999975,7.5,37.5,22.5,19,0,83,Explotacion activa
192,2,GWO,poblacional,824.6989673691932,824.6989673691932,True,False,42.48523081092344,36.08523081092369,6.39999999999975,36.08523081092369,42.48523081092344,6.39999999999975,20,1,84,Explotacion activa
193,2,GWO,poblacional,824.6989673691932,824.6989673691932,True,False,42.48523081092344,36.08523081092369,6.39999999999975,36.08523081092369,42.48523081092344,6.39999999999975,21,2,85,Explotacion activa
194,2,GWO,poblacional,824.6989673691932,824.6989673691932,True,False,42.48523081092344,36.08523081092369,6.39999999999975,36.08523081092369,42.48523081092344,6.39999999999975,22,3,86,Explotacion activa
195,2,GWO,poblacional,824.6989673691932,824.6989673691932,True,False,28.301253966726563,21.701253966726767,6.599999999999795,36.08523081092369,42.48523081092344,6.39999999999975,23,4,87,Explotacion activa
196,2,GWO,poblacional,824.6989673691932,824.6989673691932,True,False,28.301253966726563,21.701253966726767,6.599999999999795,36.08523081092369,42.48523081092344,6.39999999999975,24,5,88,Explotacion activa
197,2,GWO,poblacional,824.6989673691932,824.6989673691932,True,False,28.301253966726563,21.701253966726767,6.599999999999795,36.08523081092369,42.48523081092344,6.39999999999975,25,6,89,Explotacion activa
198,2,GWO,poblacional,824.6989673691932,824.6989673691932,True,False,28.301253966726563,21.701253966726767,6.599999999999795,36.08523081092369,42.48523081092344,6.39999999999975,26,7,90,Explotacion activa
199,2,GWO,poblacional,824.6989673691932,824.6989673691932,True,False,28.301253966726563,21.701253966726767,6.599999999999795,33.2084354420843,42.48523081092344,6.439999999999759,27,8,91,Explotacion activa
200,2,GWO,poblacional,824.6989673691932,824.6989673691932,True,False,28.301253966726563,21.701253966726767,6.599999999999795,23.139651651146455,42.48523081092344,6.5799999999997905,28,9,92,Explotacion activa
201,2,GWO,poblacional,824.6989673691932,824.6989673691932,True,False,28.301253966726563,21.701253966726767,6.599999999999795,21.701253966726767,42.48523081092344,6.599999999999795,29,10,93,Explotacion activa
202,2,GWO,poblacional,824.6989673691932,824.6989673691932,True,False,28.301253966727018,21.701253966726767,6.60000000000025,21.701253966726767,42.48523081092344,6.599999999999795,30,11,94,Explotacion activa
203,2,GWO,poblacional,824.6989673691932,824.6989673691932,True,False,26.73132351432605,19.93132351432621,6.799999999999841,21.701253966726767,42.48523081092344,6.599999999999795,31,12,95,Explotacion activa
204,2,GWO,poblacional,824.6989673691932,824.6989673691932,True,False,26.73132351432605,19.93132351432621,6.799999999999841,21.701253966726767,42.48523081092344,6.599999999999795,32,13,96,Explotacion activa
205,2,GWO,poblacional,824.6989673691932,824.6989673691932,True,False,26.693741627848453,19.693741627848567,6.999999999999886,21.701253966726767,42.48523081092344,6.599999999999795,33,14,97,Explotacion activa
206,2,GWO,poblacional,824.6989673691932,824.6989673691932,True,False,26.693741627848453,19.693741627848567,6.999999999999886,21.701253966726767,42.48523081092344,6.599999999999795,34,15,98,Explotacion activa
207,2,GWO,poblacional,824.6989673691932,824.6989673691932,True,False,26.693741627848453,19.693741627848567,6.999999999999886,21.701253966726767,42.48523081092344,6.599999999999795,35,16,99,Explotacion activa
208,2,GWO,poblacional,824.6989673691932,824.6989673691932,True,False,26.693741627848453,19.693741627848567,6.999999999999886,21.701253966726767,42.48523081092344,6.599999999999795,36,17,100,Explotacion activa
209,2,GWO,poblacional,824.6989673691932,824.6989673691932,True,False,26.693741627848453,19.693741627848567,6.999999999999886,21.701253966726767,42.48523081092344,6.599999999999886,37,18,101,Explotacion activa
210,2,GWO,poblacional,824.6989673691932,824.6989673691932,True,False,26.693741627848453,19.693741627848567,6.999999999999886,21.701253966726767,42.48523081092344,6.600000000000205,38,19,102,Explotacion activa
211,2,GWO,poblacional,824.6989673691932,824.6989673691932,True,False,26.693741627848453,19.693741627848567,6.999999999999886,20.63929569528643,42.48523081092344,6.720000000000004,39,20,103,Explotacion activa
212,2,GWO,poblacional,824.6989673691932,824.6989673691932,True,False,26.693741627848453,19.693741627848567,6.999999999999886,19.93132351432621,42.48523081092344,6.799999999999841,40,21,104,Explotacion activa
213,2,GWO,poblacional,824.6989673691932,824.6989673691932,True,False,26.693741627848453,19.693741627848567,6.999999999999886,19.93132351432621,42.48523081092344,6.799999999999841,41,22,105,Explotacion activa
214,2,GWO,poblacional,824.6989673691932,824.6989673691932,True,False,26.693741627848453,19.693741627848567,6.999999999999886,19.76501619379186,42.48523081092344,6.9399999999998725,42,23,106,Explotacion activa
215,2,GWO,poblacional,824.6989673691932,824.6989673691932,True,False,26.693741627848453,19.693741627848567,6.999999999999886,19.693741627848567,42.48523081092344,6.999999999999886,43,24,107,Explotacion activa
216,2,GWO,poblacional,824.6989673691932,824.6989673691932,True,True,26.693741627848453,19.693741627848567,6.999999999999886,19.693741627848567,42.48523081092344,6.999999999999886,44,25,108,ESTANCAMIENTO (Fire)
217,3,WOA,poblacional,824.6989673691932,824.6989673691932,False,False,,,,,,,0,0,1,Llenando ventana
218,3,WOA,poblacional,824.6989673691932,824.6989673691932,False,False,,,,,,,1,0,2,Llenando ventana
219,3,WOA,poblacional,823.4404574984367,823.4404574984367,False,False,,,,,,,0,0,3,Llenando ventana
220,3,WOA,poblacional,823.4404574984367,823.4404574984367,False,False,,,,,,,1,0,4,Llenando ventana
221,3,WOA,poblacional,823.1993093453566,823.1993093453566,False,False,,,,,,,0,0,5,Llenando ventana
222,3,WOA,poblacional,823.1098452974422,823.1098452974422,False,False,,,,,,,0,0,6,Llenando ventana
223,3,WOA,poblacional,822.9567331151943,822.9567331151943,False,False,,,,,,,0,0,7,Llenando ventana
224,3,WOA,poblacional,822.7140365715295,822.7140365715295,False,False,,,,,,,0,0,8,Llenando ventana
225,3,WOA,poblacional,822.5257477499187,822.5257477499187,False,False,,,,,,,0,0,9,Llenando ventana
226,3,WOA,poblacional,822.5104697929686,822.5104697929686,False,False,,,,,,,0,0,10,Llenando ventana
227,3,WOA,poblacional,822.5067806286629,822.5067806286629,False,False,,,,,,,0,0,11,Llenando ventana
228,3,WOA,poblacional,822.5033914025846,822.5033914025846,False,False,,,,,,,0,0,12,Llenando ventana
229,3,WOA,poblacional,822.4881217650794,822.4881217650794,False,False,,,,,,,0,0,13,Llenando ventana
230,3,WOA,poblacional,822.4881217650794,822.4881217650794,False,False,,,,,,,1,0,14,Llenando ventana
231,3,WOA,poblacional,822.4873553138269,822.4873553138269,False,False,,,,,,,0,0,15,Llenando ventana
232,3,WOA,poblacional,822.4868162904754,822.4868162904754,False,False,,,,,,,0,0,16,Llenando ventana
233,3,WOA,poblacional,822.4868162904754,822.4868162904754,False,False,,,,,,,1,0,17,Llenando ventana
234,3,WOA,poblacional,822.4868162904754,822.4868162904754,False,False,,,,,,,2,0,18,Llenando ventana
235,3,WOA,poblacional,822.4842681814268,822.4842681814268,False,False,,,,,,,0,0,19,Llenando ventana
236,3,WOA,poblacional,822.4832702247254,822.4832702247254,False,False,,,,,,,0,0,20,Llenando ventana
237,3,WOA,poblacional,822.4199281697979,822.4199281697979,False,False,,,,,,,0,0,21,Llenando ventana
238,3,WOA,poblacional,822.3836755279223,822.3836755279223,False,False,,,,,,,0,0,22,Llenando ventana
239,3,WOA,poblacional,822.3080554634137,822.3080554634137,False,False,,,,,,,0,0,23,Llenando ventana
240,3,WOA,poblacional,822.2604048255588,822.2604048255588,False,False,,,,,,,0,0,24,Llenando ventana
241,3,WOA,poblacional,822.212556295033,822.212556295033,False,False,,,,,,,0,0,25,Llenando ventana
242,3,WOA,poblacional,822.0352277934423,822.0352277934423,False,False,,,,,,,0,0,26,Llenando ventana
243,3,WOA,poblacional,822.0352277934423,822.0352277934423,False,False,,,,,,,1,0,27,Llenando ventana
244,3,WOA,poblacional,822.019580651137,822.019580651137,False,False,,,,,,,0,0,28,Llenando ventana
245,3,WOA,poblacional,822.0104308137362,822.0104308137362,False,False,,,,,,,0,0,29,Llenando ventana
246,3,WOA,poblacional,821.95401804973,821.95401804973,False,False,,,,,,,0,0,30,Llenando ventana
247,3,WOA,poblacional,821.8572367318087,821.8572367318087,False,False,,,,,,,0,0,31,Llenando ventana
248,3,WOA,poblacional,821.8007969245796,821.8007969245796,False,False,,,,,,,0,0,32,Llenando ventana
249,3,WOA,poblacional,821.78669477281,821.78669477281,False,False,,,,,,,0,0,33,Llenando ventana
250,3,WOA,poblacional,821.7729229519039,821.7729229519039,False,False,,,,,,,0,0,34,Llenando ventana
251,3,WOA,poblacional,821.7589465189296,821.7589465189296,False,False,,,,,,,0,0,35,Llenando ventana
252,3,WOA,poblacional,821.7404846934957,821.7404846934957,False,False,,,,,,,0,0,36,Llenando ventana
253,3,WOA,poblacional,821.7385555278993,821.7385555278993,False,False,,,,,,,0,0,37,Llenando ventana
254,3,WOA,poblacional,821.7324836333219,821.7324836333219,False,False,,,,,,,0,0,38,Llenando ventana
255,3,WOA,poblacional,821.7283136373788,821.7283136373788,False,False,,,,,,,0,0,39,Llenando ventana
256,3,WOA,poblacional,821.7271052323316,821.7271052323316,False,False,,,,,,,0,0,40,Llenando ventana
257,3,WOA,poblacional,821.7181346204121,821.7181346204121,False,False,,,,,,,0,0,41,Llenando ventana
258,3,WOA,poblacional,821.6986202207614,821.6986202207614,False,False,,,,,,,0,0,42,Llenando ventana
259,3,WOA,poblacional,821.687241273107,821.687241273107,False,False,,,,,,,0,0,43,Llenando ventana
260,3,WOA,poblacional,821.6831998033651,821.6831998033651,False,False,,,,,,,0,0,44,Llenando ventana
261,3,WOA,poblacional,821.6685838602139,821.6685838602139,False,False,,,,,,,0,0,45,Llenando ventana
262,3,WOA,poblacional,821.6417104940659,821.6417104940659,False,False,,,,,,,0,0,46,Llenando ventana
263,3,WOA,poblacional,821.5719225614474,821.5719225614474,False,False,,,,,,,0,0,47,Llenando ventana
264,3,WOA,poblacional,821.5719225614474,821.5719225614474,False,False,,,,,,,1,0,48,Llenando ventana
265,3,WOA,poblacional,821.5711587641227,821.5711587641227,False,False,,,,,,,0,0,49,Llenando ventana
266,3,WOA,poblacional,821.5700016629943,821.5700016629943,False,False,,,,,,,0,0,50,Llenando ventana
267,3,WOA,poblacional,821.5684956375842,821.5684956375842,False,False,,,,,,,0,0,51,Llenando ventana
268,3,WOA,poblacional,821.5684956375842,821.5684956375842,False,False,,,,,,,1,0,52,Llenando ventana
269,3,WOA,poblacional,821.566399383999,821.566399383999,False,False,,,,,,,0,0,53,Llenando ventana
270,3,WOA,poblacional,821.5599285704233,821.5599285704233,False,False,,,,,,,0,0,54,Llenando ventana
271,3,WOA,poblacional,821.552281231861,821.552281231861,False,False,,,,,,,0,0,55,Llenando ventana
272,3,WOA,poblacional,821.5098109862874,821.5098109862874,False,False,,,,,,,0,0,56,Llenando ventana
273,3,WOA,poblacional,821.4863882945092,821.4863882945092,False,False,,,,,,,0,0,57,Llenando ventana
274,3,WOA,poblacional,821.480119014473,821.480119014473,False,False,,,,,,,0,0,58,Llenando ventana
275,3,WOA,poblacional,821.4598178895726,821.4598178895726,False,False,,,,,,,0,0,59,Llenando ventana
276,3,WOA,poblacional,821.4419919626525,821.4419919626525,False,False,,,,,,,0,0,60,Llenando ventana
277,3,WOA,poblacional,821.4193663099935,821.4193663099935,False,False,,,,,,,0,0,61,Llenando ventana
278,3,WOA,poblacional,821.4172584502684,821.4172584502684,False,False,,,,,,,0,0,62,Llenando ventana
279,3,WOA,poblacional,821.4172584502684,821.4172584502684,False,False,,,,,,,1,0,63,Llenando ventana
280,3,WOA,poblacional,821.4152491257214,821.4152491257214,False,False,,,,,,,0,0,64,Llenando ventana
281,3,WOA,poblacional,821.4140484935668,821.4140484935668,False,False,,,,,,,0,0,65,Llenando ventana
282,3,WOA,poblacional,821.413749208935,821.413749208935,False,False,,,,,,,0,0,66,Llenando ventana
283,3,WOA,poblacional,821.4135621695765,821.4135621695765,False,False,,,,,,,0,0,67,Llenando ventana
284,3,WOA,poblacional,821.3959949132317,821.3959949132317,False,False,,,,,,,0,0,68,Llenando ventana
285,3,WOA,poblacional,821.3864911381456,821.3864911381456,False,False,,,,,,,0,0,69,Llenando ventana
286,3,WOA,poblacional,821.3784706184066,821.3784706184066,False,False,,,,,,,0,0,70,Llenando ventana
287,3,WOA,poblacional,821.3784706184066,821.3784706184066,False,False,,,,,,,1,0,71,Llenando ventana
288,3,WOA,poblacional,821.3683204340705,821.3683204340705,False,False,,,,,,,0,0,72,Llenando ventana
289,3,WOA,poblacional,821.3546129882226,821.3546129882226,False,False,,,,,,,0,0,73,Llenando ventana
290,3,WOA,poblacional,821.3342579925605,821.3342579925605,False,False,,,,,,,0,0,74,Llenando ventana
291,3,WOA,poblacional,821.3335521631042,821.3335521631042,True,False,7.259971621891168,3.365415206088983,3.8945564158021853,7.5,37.5,22.5,0,0,75,Explotacion activa
292,3,WOA,poblacional,821.3332310961704,821.3332310961704,True,False,7.356431872878716,3.365736273022776,3.9906955998559397,7.5,37.5,22.5,0,0,76,Explotacion activa
293,3,WOA,poblacional,821.3326230613635,821.3326230613635,True,False,6.200532649394063,2.1078344370731656,4.092698212320897,7.5,37.5,22.5,0,0,77,Explotacion activa
294,3,WOA,poblacional,821.3193158510394,821.3193158510394,True,False,6.284006756991289,2.1211416473972804,4.162865109594009,7.5,37.5,22.5,0,0,78,Explotacion activa
295,3,WOA,poblacional,821.3189519398678,821.3189519398678,True,False,6.242494692739683,1.8803574054887804,4.362137287250903,7.5,37.5,22.5,0,0,79,Explotacion activa
296,3,WOA,poblacional,821.314976103593,821.314976103593,True,False,6.325765648608467,1.7948691938491947,4.530896454759272,7.5,37.5,22.5,0,0,80,Explotacion activa
297,3,WOA,poblacional,821.3105979037033,821.3105979037033,True,False,6.168275266470573,1.6461352114910142,4.522140054979559,7.5,37.5,22.5,0,0,81,Explotacion activa
298,3,WOA,poblacional,821.2952156698813,821.2952156698813,True,False,5.911729391488734,1.418820901648246,4.492908489840488,7.5,37.5,22.5,0,0,82,Explotacion activa
299,3,WOA,poblacional,821.2948403894088,821.2948403894088,True,False,5.724143336108455,1.230907360509832,4.493235975598623,7.5,37.5,22.5,0,0,83,Explotacion activa
300,3,WOA,poblacional,821.2914255340305,821.2914255340305,True,False,5.705450523780087,1.2190442589380837,4.486406264842003,1.5779409185381836,6.296534424476443,4.493006735567929,0,0,84,Explotacion activa
301,3,WOA,poblacional,821.282155803785,821.282155803785,True,False,5.692491629229153,1.2246248248778784,4.467866804351274,1.418820901648246,6.284006756991289,4.492908489840488,0,0,85,Explotacion activa
302,3,WOA,poblacional,821.282155803785,821.282155803785,True,False,5.694198621247779,1.2212355987995807,4.472963022448198,1.287281422851356,6.271553137715808,4.490957822340943,1,0,86,Explotacion activa
303,3,WOA,poblacional,821.2815599131249,821.2815599131249,True,False,5.6803290064852945,1.206561851954575,4.473767154530719,1.2283943462570506,6.259099518440325,4.4890071548413975,0,0,87,Explotacion activa
304,3,WOA,poblacional,821.2815599131249,821.2815599131249,True,False,5.777110324406635,1.206561851954575,4.57054847245206,1.2242859022700485,6.246645899164844,4.492941238416302,1,0,88,Explotacion activa
305,3,WOA,poblacional,821.2815599131249,821.2815599131249,True,False,5.873125191075474,1.2057954007020726,4.667329790373401,1.2219134440152402,6.234102284070559,4.493170478446996,2,0,89,Explotacion activa
306,3,WOA,poblacional,821.2815588939732,821.2815588939732,True,False,5.969366466493625,1.2052573965022475,4.7641090699913775,1.2201399288688322,6.221513671066873,4.507688015289091,0,0,90,Explotacion activa
307,3,WOA,poblacional,821.281406275896,821.281406275896,True,False,6.065995166337757,1.2054100145794564,4.8605851517583005,1.216547777541382,6.208925058063187,4.523891334935501,0,0,91,Explotacion activa
308,3,WOA,poblacional,821.281406275896,821.281406275896,True,False,6.162776484259098,1.2054100145794564,4.957366469679641,1.207810092652926,6.197306911101714,4.530020814781301,1,0,92,Explotacion activa
309,3,WOA,poblacional,821.281406275896,821.281406275896,True,False,6.257009693131863,1.202861905530881,5.054147787600982,1.206561851954575,6.225709875401435,4.554687665374945,2,0,93,Explotacion activa
310,3,WOA,poblacional,821.281406275896,821.281406275896,True,False,6.352793054351764,1.2018639488294411,5.150929105522323,1.2063319165788244,6.246849192857337,4.599582867828462,3,0,94,Explotacion activa
311,3,WOA,poblacional,821.281406275896,821.281406275896,True,False,6.384703917970569,1.1385218939019524,5.246182024068617,1.2057954007020726,6.257009693131863,4.667329790373401,4,0,95,Explotacion activa
312,3,WOA,poblacional,821.281406275896,821.281406275896,True,False,6.366750950896403,1.1022692520263035,5.2644816988700995,1.2055256304162412,6.275907637833461,4.735075286105984,5,0,96,Explotacion activa
313,3,WOA,poblacional,821.281406275896,821.281406275896,True,False,6.387912204309146,1.0266491875177053,5.36126301679144,1.2054100145794564,6.30071031363816,4.802699502698147,6,0,97,Explotacion activa
314,3,WOA,poblacional,821.281406275896,821.281406275896,True,False,6.4370428843756144,0.9789985496628333,5.458044334712781,1.2053947527717355,6.328468389182797,4.870263283550434,7,0,98,Explotacion activa
315,3,WOA,poblacional,821.281406275896,821.281406275896,True,False,6.485975671771143,0.9311500191370214,5.554825652634122,1.2052879201176894,6.347387573203105,4.938010206095373,8,0,99,Explotacion activa
316,3,WOA,poblacional,821.2814047209133,821.2814047209133,True,False,6.405426933119202,0.7538230725290305,5.651603860590171,1.2040596510165642,6.359772002624084,5.005757128640312,0,0,100,Explotacion activa
317,3,WOA,poblacional,821.2814047209133,821.2814047209133,True,False,6.502208251040543,0.7538230725290305,5.748385178511512,1.202662314190593,6.370341544311236,5.0735040511852505,1,0,101,Explotacion activa
318,3,WOA,poblacional,821.2814043248368,821.2814043248368,True,False,6.583342030579956,0.738176326300163,5.845165704279793,1.2019637444995852,6.3829086212631525,5.141250973730188,0,0,102,Explotacion activa
319,3,WOA,poblacional,821.2814043248368,821.2814043248368,True,False,6.670973511100556,0.7290264888994216,5.941947022201134,1.1638587158729479,6.386628889773715,5.208080856650099,1,0,103,Explotacion activa
320,3,WOA,poblacional,821.2814043248368,821.2814043248368,True,False,6.669795790438684,0.6726137248932673,5.997182065545417,1.1276461013392576,6.393166622952163,5.2516719265090614,2,0,104,Explotacion activa
321,3,WOA,poblacional,821.2814043248368,821.2814043248368,True,False,6.585158261672177,0.5758324069719265,6.009325854700251,1.1022692520263035,6.405426933119202,5.2644816988700995,3,0,105,Explotacion activa
322,3,WOA,poblacional,821.2814043248368,821.2814043248368,True,False,6.53705844632907,0.5193925997427868,6.017665846586283,1.0493352068702846,6.4275580989986905,5.332228621415038,4,0,106,Explotacion activa
323,3,WOA,poblacional,821.2814042963254,821.2814042963254,True,False,6.525373076142614,0.5052904764846744,6.02008259965794,1.0075889323757565,6.456615999333826,5.399975543959976,0,0,107,Explotacion activa
324,3,WOA,poblacional,821.2814041694922,821.2814041694922,True,False,6.529542352242288,0.4915187824116174,6.038023569830671,0.9742136966102521,6.487598929698083,5.467722466504915,0,0,108,Explotacion activa
325,3,WOA,poblacional,821.2814041694922,821.2814041694922,True,False,6.554594718569433,0.4775423494373854,6.077052369132048,0.9407197252421837,6.498961735186663,5.535469389049854,1,0,109,Explotacion activa
326,3,WOA,poblacional,821.2814041694922,821.2814041694922,True,False,6.558890788444273,0.4590805240034115,6.099810264440862,0.842486545833026,6.513790663591578,5.603214756612147,2,0,110,Explotacion activa
327,3,WOA,poblacional,821.2814041694922,821.2814041694922,True,False,6.56504456233165,0.4571513584070317,6.107893203924618,0.7538230725290305,6.526206931362549,5.67096012417444,3,0,111,Explotacion activa
328,3,WOA,poblacional,821.2814041243319,821.2814041243319,True,False,6.5882045088964105,0.4510795089900057,6.137124999906405,0.7538230725290305,6.529125424632321,5.7387070467193775,0,0,112,Explotacion activa
329,3,WOA,poblacional,821.2814041243319,821.2814041243319,True,False,6.6377812452492435,0.44690951304698956,6.190871732202254,0.74443502479171,6.534052008694357,5.806453493972481,1,0,113,Explotacion activa
330,3,WOA,poblacional,821.2814040640761,821.2814040640761,True,False,6.706360712564788,0.4457011682554821,6.260659544309306,0.7354313750799406,6.542319328001179,5.874200099656195,0,0,114,Explotacion activa
331,3,WOA,poblacional,821.2814040640761,821.2814040640761,True,False,6.767178033263804,0.4367305563359878,6.330447476927816,0.7290264888994216,6.554594718569433,5.941947022201134,1,0,115,Explotacion activa
332,3,WOA,poblacional,821.2814040548559,821.2814040548559,True,False,6.817451557011395,0.4172161659055291,6.400235391105866,0.6895375540951135,6.557601967481821,5.980611552542132,0,0,116,Explotacion activa
333,3,WOA,poblacional,821.2814040538506,821.2814040538506,True,False,6.875860540970166,0.4058372192564548,6.470023321713711,0.633901197724731,6.561352297999224,6.002039581207351,0,0,117,Explotacion activa
334,3,WOA,poblacional,821.2814040538506,821.2814040538506,True,False,6.930320863032421,0.40179574951457653,6.528525113517844,0.5701884262490126,6.56687430915648,6.010159853888854,1,0,118,Explotacion activa
335,3,WOA,poblacional,821.281404053588,821.281404053588,True,False,6.91570491961852,0.3871798066259089,6.528525112992611,0.5306805611886147,6.579682536930295,6.015997848209077,0,0,119,Explotacion activa
336,3,WOA,poblacional,821.281404053588,821.281404053588,True,False,6.893024060640869,0.3603064404779843,6.5327176201628845,0.5123415381137306,6.584250146126067,6.018874223122111,1,0,120,Explotacion activa
337,3,WOA,poblacional,821.2814040501362,821.2814040501362,True,False,6.836177751722175,0.29051851131123385,6.5456592404109415,0.502536137670063,6.585767511117024,6.023670793692486,0,0,121,Explotacion activa
338,3,WOA,poblacional,821.2814040501362,821.2814040501362,True,False,6.851472428846705,0.29051851131123385,6.560953917535471,0.4928959518189231,6.5878998841739875,6.036229472813398,1,0,122,Explotacion activa
339,3,WOA,poblacional,821.2814040501362,821.2814040501362,True,False,6.893178877095579,0.2897547139865537,6.603424163109025,0.4831329226270782,6.61795055070811,6.061440849411497,2,0,123,Explotacion activa
340,3,WOA,poblacional,821.2814040497334,821.2814040497334,True,False,6.934492021137885,0.2885976132608903,6.645894407876995,0.4720038018071932,6.647385608806076,6.083879737724692,0,0,124,Explotacion activa
341,3,WOA,poblacional,821.2814040497334,821.2814040497334,True,False,6.975456241301345,0.2870915878507958,6.688364653450549,0.4590805240034115,6.669795790438684,6.099810264440862,1,0,125,Explotacion activa
342,3,WOA,poblacional,821.2814040497068,821.2814040497068,True,False,7.017926486848296,0.2870915878773985,6.7308348989708975,0.4577301080859456,6.6706201949019945,6.105468322079491,0,0,126,Explotacion activa
343,3,WOA,poblacional,821.2814040496519,821.2814040496519,True,False,7.058300478781803,0.2849953343471725,6.77330514443463,0.4547226186402213,6.6851283916862485,6.119585922317333,0,0,127,Explotacion activa
344,3,WOA,poblacional,821.2814040496037,821.2814040496037,True,False,7.094299910731365,0.27852452081958745,6.815775389911778,0.45066250939570407,6.712442444634689,6.1424996731359895,0,0,128,Explotacion activa
345,3,WOA,poblacional,821.2814040496025,821.2814040496025,True,False,7.129122817741518,0.27087718225845947,6.858245635483058,0.4477435122355928,6.7550145691240004,6.180122385743084,0,0,129,Explotacion activa
346,3,WOA,poblacional,821.2814040495672,821.2814040495672,True,False,7.171593063279715,0.2284069367202619,6.943186126559453,0.44630534065123584,6.7923147951375995,6.22576563825578,0,0,130,Explotacion activa
347,3,WOA,poblacional,821.281404049544,821.281404049544,True,False,7.184928662448215,0.2049842449652033,6.979944417483011,0.44390704587158325,6.8211967959535516,6.274617130833008,0,0,131,Explotacion activa
348,3,WOA,poblacional,821.28140404953,821.28140404953,True,False,7.1909411072349485,0.19871496494295116,6.992226142291997,0.4376276175279372,6.834305132251098,6.323468683665965,0,0,132,Explotacion activa
349,3,WOA,poblacional,821.28140404953,821.28140404953,True,False,7.1712385515983215,0.17841384004259453,6.992824711555727,0.42502192207771256,6.8453545579968935,6.372320225434645,1,0,133,Explotacion activa
350,3,WOA,poblacional,821.2814040495296,821.2814040495296,True,False,7.153786703394758,0.16058791312298126,6.9931987902717765,0.4138024819108068,6.858788862483744,6.421171770288219,0,0,134,Explotacion activa
351,3,WOA,poblacional,821.2814040495296,821.2814040495296,True,False,7.151516046397774,0.13796226046395077,7.013553785933823,0.4058372192564548,6.875860540970166,6.470023321713711,1,0,135,Explotacion activa
352,3,WOA,poblacional,821.2814040495296,821.2814040495296,True,False,7.169763182334691,0.13585440073882182,7.033908781595869,0.40300819043714,6.887875004739658,6.510974575608941,2,0,136,Explotacion activa
353,3,WOA,poblacional,821.2814040495296,821.2814040495296,True,False,7.190118177996737,0.13585440073882182,7.0542637772579155,0.39594937235910943,6.893085987222753,6.528525113202704,3,0,137,Explotacion activa
354,3,WOA,poblacional,821.2814040495294,821.2814040495294,True,False,7.197226968803307,0.1338450761919603,7.063381892611346,0.3844924700111164,6.895431481347873,6.528944364182348,0,0,138,Explotacion activa
355,3,WOA,poblacional,821.2814040495294,821.2814040495294,True,False,7.2163267053209665,0.13264444403739617,7.08368226128357,0.3656811137075692,6.911199711113932,6.531879118833876,1,0,139,Explotacion activa
356,3,WOA,poblacional,821.2814040495294,821.2814040495294,True,False,7.236382416351148,0.13234515940553138,7.104037256945617,0.3254124758946091,6.92301289132547,6.539188430286913,2,0,140,Explotacion activa
357,3,WOA,poblacional,821.2814040495289,821.2814040495289,True,False,7.2565503726541465,0.1321581200476203,7.124392252606526,0.29051851131123385,6.931155094653514,6.548718175835847,0,0,141,Explotacion activa
358,3,WOA,poblacional,821.2814040495289,821.2814040495289,True,False,7.259338111971374,0.11459086370280147,7.1447472482685725,0.29051851131123385,6.934074905327338,6.559424449823018,1,0,142,Explotacion activa
359,3,WOA,poblacional,821.2814040495285,821.2814040495285,True,False,7.270189332547034,0.10508708861709692,7.165102243929937,0.2900602329164258,6.959070553235961,6.586436064879604,0,0,143,Explotacion activa
360,3,WOA,poblacional,821.2814040495285,821.2814040495285,True,False,7.282523808470046,0.09706656887806275,7.185457239591983,0.28940758376885467,6.98819731496543,6.616165236539416,1,0,144,Explotacion activa
361,3,WOA,poblacional,821.2814040495273,821.2814040495273,True,False,7.3023351422746146,0.09706656887931331,7.205268573395301,0.2885976132608903,7.017926486848296,6.645894407876995,0,0,145,Explotacion activa
362,3,WOA,poblacional,821.2814040495273,821.2814040495273,True,False,7.304144967107845,0.08691638454320127,7.217228582564644,0.28754339549244606,7.046188281201751,6.675623579778482,1,0,146,Explotacion activa
363,3,WOA,poblacional,821.2814040495273,821.2814040495273,True,False,7.2983891938094985,0.0732089386953021,7.225180255114196,0.2870915878667574,7.072700251561628,6.705352751658689,2,0,147,Explotacion activa
364,3,WOA,poblacional,821.2814040495273,821.2814040495273,True,False,7.286790597926938,0.052853943033255746,7.233936654893682,0.28688196250043346,7.097782201432381,6.735081923517271,3,0,148,Explotacion activa
365,3,WOA,poblacional,821.2814040495252,821.2814040495252,True,False,7.301467002290565,0.05214811357893723,7.2493188887116276,0.2854145850478972,7.122158236339487,6.764811095341884,0,0,149,Explotacion activa
366,3,WOA,poblacional,821.2814040495252,821.2814040495252,True,False,7.3165281691788095,0.05182704664514404,7.2647011225336655,0.28175992758338,7.140319432069646,6.794540267173204,1,0,150,Explotacion activa
367,3,WOA,poblacional,821.2814040494947,821.2814040494947,True,False,7.331302368163392,0.05121901186885225,7.28008335629454,0.27699505310736183,7.15197017779717,6.8242694390260334,0,0,151,Explotacion activa
368,3,WOA,poblacional,821.2814040494947,821.2814040494947,True,False,7.333377391661315,0.0379118015447375,7.295465590116578,0.2716419161145723,7.153559637695059,6.85399861092593,1,0,152,Explotacion activa
369,3,WOA,poblacional,821.2814040494695,821.2814040494695,True,False,7.348395714286653,0.037547890398286654,7.310847823888366,0.24539503493554088,7.163372590758717,6.9092099301288945,0,0,153,Explotacion activa
370,3,WOA,poblacional,821.2814040494695,821.2814040494695,True,False,7.359802111833915,0.0335720541235105,7.326230057710404,0.2213801291937443,7.17020579311378,6.9542136138365205,1,0,154,Explotacion activa
371,3,WOA,poblacional,821.2814040494695,821.2814040494695,True,False,7.37080614576621,0.029193854233767524,7.341612291532442,0.2049842449652033,7.1712385515983215,6.979944417483011,2,0,155,Explotacion activa
372,3,WOA,poblacional,821.2814040494695,821.2814040494695,True,False,7.375229190798791,0.013811620411729564,7.3614175703870615,0.2005957489496268,7.171486709775297,6.988541624849302,3,0,156,Explotacion activa
373,3,WOA,poblacional,821.2814040494695,821.2814040494695,True,False,7.384123640571829,0.01343633993928961,7.3706873006325395,0.19059451498280847,7.1769273029471155,6.992465569997489,4,0,157,Explotacion activa
374,3,WOA,poblacional,821.2814040494674,821.2814040494674,True,False,7.389978515436837,0.010021484563139893,7.3799570308736975,0.17663124735063318,7.185447614003067,6.992862119427332,0,0,158,Explotacion activa
375,3,WOA,poblacional,821.2814040494638,821.2814040494638,True,False,7.398652355018612,0.0007517543211861266,7.397900600697426,0.1641530985069039,7.189080274887033,6.993123974528567,0,0,159,Explotacion activa
376,3,WOA,poblacional,821.2814040494638,821.2814040494638,True,False,7.399248245678791,0.0007517543211861266,7.398496491357605,0.14927508679346602,7.190529642615843,7.0033762881028,1,0,160,Explotacion activa
377,3,WOA,poblacional,821.2814040494638,821.2814040494638,True,False,7.399388320410708,0.00015586366100706073,7.399232456749701,0.13754068851892498,7.19219827954862,7.017624785066232,2,0,161,Explotacion activa
378,3,WOA,poblacional,821.2814040494638,821.2814040494638,True,False,7.399540938487917,0.00015586366100706073,7.39938507482691,0.13606518671133472,7.196598382646471,7.0318732820296646,3,0,162,Explotacion activa
379,3,WOA,poblacional,821.2814040494638,821.2814040494638,True,False,7.399693556565126,0.00015586366100706073,7.399537692904119,0.13585440073882182,7.208686810713902,7.046121778993097,4,0,163,Explotacion activa
380,3,WOA,poblacional,821.2814040494638,821.2814040494638,True,False,7.399845155490652,0.0001548445093249029,7.3996903109813275,0.13525160337476336,7.222343418630021,7.056999211863944,5,0,164,Explotacion activa
381,3,WOA,poblacional,821.2814040494638,821.2814040494638,True,False,7.399986888689341,2.226432116003707e-06,7.399984662257225,0.1338450761919603,7.236382416351148,7.063381892611346,6,0,165,Explotacion activa
382,3,WOA,poblacional,821.2814040494638,821.2814040494638,True,False,7.399986888689341,2.226432116003707e-06,7.399984662257225,0.13300463368376542,7.250499985763247,7.0775921506819035,7,0,166,Explotacion activa
383,3,WOA,poblacional,821.2814040494638,821.2814040494638,True,False,7.399988443671987,2.226432116003707e-06,7.399986217239871,0.13252473018465025,7.257665468381037,7.091824259548389,8,0,167,Explotacion activa
384,3,WOA,poblacional,821.2814040494638,821.2814040494638,True,False,7.3999899986546325,2.226432116003707e-06,7.3999877722225165,0.13232645546974026,7.259401462963353,7.106072756511708,9,0,168,Explotacion activa
385,3,WOA,poblacional,821.2814040494638,821.2814040494638,True,False,7.399991553637278,2.226432116003707e-06,7.399989327205162,0.1321955279192025,7.259844919907209,7.120321253474344,10,0,169,Explotacion activa
386,3,WOA,poblacional,821.2814040494638,821.2814040494638,True,False,7.399993108619924,2.226432116003707e-06,7.399990882187808,0.12337449187521088,7.265080477219101,7.134569750437549,11,0,170,Explotacion activa
387,3,WOA,poblacional,821.2814040494638,821.2814040494638,True,False,7.39999466360257,2.226432116003707e-06,7.399992437170454,0.11269010868566054,7.272656227731636,7.148818247400845,12,0,171,Explotacion activa
388,3,WOA,poblacional,821.2814040494638,821.2814040494638,True,False,7.3999962185852155,2.226432116003707e-06,7.3999939921530995,0.10603746612566736,7.281290360877745,7.1630667443638005,13,0,172,Explotacion activa
389,3,WOA,poblacional,821.2814040494638,821.2814040494638,True,False,7.399997773567861,2.226432116003707e-06,7.399995547135745,0.10027477677442674,7.285083882144181,7.177315241327165,14,0,173,Explotacion activa
390,3,WOA,poblacional,821.2814040494638,821.2814040494638,True,False,7.399998932473977,6.714494702464435e-07,7.399998261024507,0.09706656887893814,7.290270176691706,7.191400639732978,15,1,174,Explotacion activa
391,3,WOA,poblacional,821.2814040494638,821.2814040494638,True,False,7.399999328550507,6.714494702464435e-07,7.399998657101037,0.09706656887806275,7.2983891938094985,7.205268573395301,16,2,175,Explotacion activa
392,3,WOA,poblacional,821.2814040494638,821.2814040494638,True,False,7.399999147484209,2.753729404503247e-07,7.399998872111269,0.08996143984365969,7.3005436597462445,7.213640579813841,17,3,176,Explotacion activa
393,3,WOA,poblacional,821.2814040494638,821.2814040494638,True,False,7.399999274317338,2.753729404503247e-07,7.3999989989443975,0.08143340620404158,7.3018142582841845,7.220409251584465,18,4,177,Explotacion activa
394,3,WOA,poblacional,821.2814040494638,821.2814040494638,True,False,7.399999401150467,2.753729404503247e-07,7.399999125777526,0.07117343912909743,7.302516124757938,7.226055895092145,19,5,178,Explotacion activa
395,3,WOA,poblacional,821.2814040494638,821.2814040494638,True,False,7.399999527983596,2.753729404503247e-07,7.399999252610655,0.056924942165665,7.303783002141199,7.232185374937785,20,6,179,Explotacion activa
396,3,WOA,poblacional,821.2814040494638,821.2814040494638,True,False,7.399999654816725,2.753729404503247e-07,7.399999379443784,0.05250102830609649,7.310336568143327,7.241627771802655,21,7,180,Explotacion activa
397,3,WOA,poblacional,821.2814040494638,821.2814040494638,True,False,7.399999735591109,2.468615321049583e-07,7.399999488729577,0.05208390019217859,7.319483008975726,7.252395335476035,22,8,181,Explotacion activa
398,3,WOA,poblacional,821.2814040494638,821.2814040494638,True,False,7.3999996690137095,1.200284032165655e-07,7.399999548985306,0.05185915333852335,7.329824948264934,7.263162899151461,23,9,182,Explotacion activa
399,3,WOA,poblacional,821.2814040494638,821.2814040494638,True,False,7.399999729269439,1.200284032165655e-07,7.399999609241036,0.051462225779368966,7.332547382262146,7.27393046279019,24,10,183,Explotacion activa
400,3,WOA,poblacional,821.2814040494637,821.2814040494637,True,False,7.399999789525054,1.2002851690340322e-07,7.3999996694965375,0.047226848771617765,7.337882888448917,7.284698026441151,0,0,184,Explotacion activa
401,3,WOA,poblacional,821.2814040494636,821.2814040494636,True,False,7.39999984978067,1.2002863059024094e-07,7.3999997297520395,0.0379118015447375,7.348395714286653,7.295465590116578,0,0,185,Explotacion activa
402,3,WOA,poblacional,821.2814040494636,821.2814040494636,True,False,7.399999864876008,7.486823960789479e-08,7.399999790007769,0.037657063742221906,7.354021025301097,7.306233153756829,1,0,186,Explotacion activa
403,3,WOA,poblacional,821.2814040494635,821.2814040494635,True,False,7.399999925131624,7.486835329473251e-08,7.399999850263271,0.035957555888376194,7.357779968460795,7.317000717417181,0,0,187,Explotacion activa
404,3,WOA,poblacional,821.2814040494634,821.2814040494634,True,False,7.39999997616701,1.4612737686547916e-08,7.399999961554272,0.03313423413453619,7.360902515227144,7.327768281092608,0,0,188,Explotacion activa
405,3,WOA,poblacional,821.2814040494634,821.2814040494634,True,False,7.39999998538724,1.4612737686547916e-08,7.399999970774502,0.0300694942117161,7.368605338979751,7.338535844768034,1,0,189,Explotacion activa
406,3,WOA,poblacional,821.281404049463,821.281404049463,True,False,7.399999983335988,5.392848834162578e-09,7.399999977943139,0.021502737322748544,7.3730176682825,7.351514930959752,0,0,190,Explotacion activa
407,3,WOA,poblacional,821.2814040494628,821.2814040494628,True,False,7.399999985782188,4.387743501865771e-09,7.399999981394444,0.013736564317241571,7.377008080753399,7.363271516436157,0,0,191,Explotacion activa
408,3,WOA,poblacional,821.2814040494621,821.2814040494621,True,False,7.399999989233265,4.3884256228921e-09,7.39999998484484,0.013473867986533605,7.383234195594525,7.369760327607992,0,0,192,Explotacion activa
409,3,WOA,poblacional,821.2814040494611,821.2814040494611,True,False,7.399999992421385,4.126832209294662e-09,7.399999988294553,0.011387426713599776,7.387636565490834,7.376249138777235,0,0,193,Explotacion activa
410,3,WOA,poblacional,821.2814040494599,821.2814040494599,True,False,7.3999999958718945,4.1280827645096e-09,7.399999991743812,0.0072405654905537235,7.392580667311369,7.385340101820816,0,0,194,Explotacion activa
411,3,WOA,poblacional,821.2814040494591,821.2814040494591,True,False,7.3999999985172735,6.771188054699451e-10,7.399999997840155,0.0007517543211861266,7.398652355018612,7.397900600697426,0,0,195,Explotacion activa
412,3,WOA,poblacional,821.2814040494565,821.2814040494565,True,False,7.399999998917451,6.797336027375422e-10,7.399999998237718,0.0007517543211861266,7.399069478480738,7.3983177241595515,0,0,196,Explotacion activa
413,3,WOA,poblacional,821.2814040494521,821.2814040494521,True,False,7.399999999315924,6.840537025709637e-10,7.39999999863187,0.000513398057114501,7.3993042755715575,7.398790877514443,0,0,197,Explotacion activa
414,3,WOA,poblacional,821.2814040494259,821.2814040494259,True,False,7.399999999635838,3.0752289603697136e-10,7.399999999328315,0.00015586366100706073,7.3994035822184285,7.3992477185574215,0,0,198,Explotacion activa
415,3,WOA,poblacional,821.2814040494171,821.2814040494171,True,False,7.399999999681995,3.162767825415358e-10,7.399999999365718,0.00015586366100706073,7.399510414872475,7.399354551211468,0,0,199,Explotacion activa
416,3,WOA,poblacional,821.2814040494171,821.2814040494171,True,False,7.399999999710303,2.8967406251467764e-10,7.399999999420629,0.00015586366100706073,7.399617247526521,7.399461383865514,1,0,200,Explotacion activa
417,3,WOA,poblacional,821.2814040494171,821.2814040494171,True,False,7.399999999765214,2.347633198951371e-10,7.399999999530451,0.00015565983067062915,7.399723876350231,7.39956821651956,2,0,201,Explotacion activa
418,3,WOA,poblacional,821.2814040494171,821.2814040494171,True,False,7.3999999997475925,1.865601007011719e-10,7.399999999561032,0.00015494642449311868,7.3998299955980995,7.399675049173607,3,0,202,Explotacion activa
419,3,WOA,poblacional,821.2814040494171,821.2814040494171,True,False,7.399999999746456,1.8542323232395574e-10,7.399999999561032,6.327366299956317e-05,7.3999301954098655,7.399866921746866,4,0,203,Explotacion activa
420,3,WOA,poblacional,821.2814040494171,821.2814040494171,True,False,7.399999999711099,1.5006662579253316e-10,7.399999999561032,2.226432116003707e-06,7.399986888689341,7.399984662257225,5,0,204,Explotacion activa
421,3,WOA,poblacional,821.2814040494171,821.2814040494171,True,False,7.399999999688134,1.268745108973235e-10,7.39999999956126,2.226432116003707e-06,7.399986888689341,7.399984662257225,6,0,205,Explotacion activa
422,3,WOA,poblacional,821.2814040494171,821.2814040494171,True,False,7.399999999674151,1.1289102985756472e-10,7.39999999956126,2.226432116003707e-06,7.399987977177193,7.399985750745077,7,0,206,Explotacion activa
423,3,WOA,poblacional,821.2814040494106,821.2814040494106,True,False,7.399999999667671,1.1937117960769683e-10,7.3999999995482995,2.226432116003707e-06,7.399989065665045,7.399986839232929,0,0,207,Explotacion activa
424,3,WOA,poblacional,821.2814040493943,821.2814040493943,True,False,7.399999999651982,1.3528733688872308e-10,7.3999999995166945,2.226432116003707e-06,7.399990154152897,7.399987927720781,0,0,208,Explotacion activa
425,3,WOA,poblacional,821.2814040492976,821.2814040492976,True,False,7.399999999092984,2.319211489520967e-10,7.3999999988610625,2.226432116003707e-06,7.399991242640749,7.399989016208633,0,0,209,Explotacion activa
426,3,WOA,poblacional,821.2814040491803,821.2814040491803,True,False,7.399999998831504,3.4924596548080444e-10,7.399999998482258,2.226432116003707e-06,7.399992331128601,7.399990104696485,0,0,210,Explotacion activa
427,3,WOA,poblacional,821.2814040476163,821.2814040476163,True,False,7.399999987140859,1.913235792017076e-09,7.399999985227623,2.226432116003707e-06,7.399993419616453,7.399991193184337,0,0,211,Explotacion activa
428,3,WOA,poblacional,821.2814040449572,821.2814040449572,True,False,7.399999976818094,4.5722572394879535e-09,7.399999972245837,2.226432116003707e-06,7.399994508104305,7.399992281672189,0,0,212,Explotacion activa
429,3,WOA,poblacional,821.281404037967,821.281404037967,True,False,7.399999939510849,1.1562406143639237e-08,7.399999927948443,2.226432116003707e-06,7.3999955965921576,7.3999933701600416,0,0,213,Explotacion activa
430,3,WOA,poblacional,821.2814040086471,821.2814040086471,True,False,7.399999753882298,4.088235527888173e-08,7.399999712999943,2.226432116003707e-06,7.399996685080009,7.399994458647893,0,0,214,Explotacion activa
431,3,WOA,poblacional,821.2814039367922,821.2814039367922,True,False,7.399999384282523,1.1273664313193876e-07,7.39999927154588,2.226432116003707e-06,7.399997773567861,7.399995547135745,0,0,215,Explotacion activa
432,3,WOA,poblacional,821.2814037144511,821.2814037144511,True,False,7.3999981085418085,3.3507774332974805e-07,7.399997773464065,1.137944263973618e-06,7.399998008049624,7.3999971055655696,0,0,216,Explotacion activa
433,3,WOA,poblacional,821.2814034626139,821.2814034626139,True,False,7.399997650231057,5.869146662007552e-07,7.399997063316391,6.714494702464435e-07,7.39999790755744,7.399997347375461,0,0,217,Explotacion activa
434,3,WOA,poblacional,821.2814029419565,821.2814029419565,True,False,7.3999952478937985,1.107572074943164e-06,7.3999941403217235,6.714494702464435e-07,7.399997807065256,7.399997134331159,0,0,218,Explotacion activa
435,3,WOA,poblacional,821.2814020145963,821.2814020145963,True,False,7.3999914736133405,2.0349309579614783e-06,7.399989438682383,7.586739911857857e-07,7.399997748900501,7.399996760080262,0,0,219,Explotacion activa
436,3,WOA,poblacional,821.2814004140624,821.2814004140624,True,False,7.399985160913388,3.635464850049175e-06,7.399981525448538,8.895107725948037e-07,7.399997711899459,7.399996305226068,0,0,220,Explotacion activa
437,3,WOA,poblacional,821.281392121434,821.281392121434,True,False,7.399930023623256,1.1928093272217666e-05,7.3999180955299835,1.0203475540038186e-06,7.399997674898418,7.399995850371875,0,0,221,Explotacion activa
438,3,WOA,poblacional,821.2813846840783,821.2813846840783,True,False,7.3999225862675075,1.936544902036985e-05,7.399903220818487,1.2003079632449966e-06,7.399997507066473,7.399995406454343,0,0,222,Explotacion activa
439,3,WOA,poblacional,821.2813698350182,821.2813698350182,True,False,7.3998618421835545,3.421450708174234e-05,7.399827627676473,1.4785156281504884e-06,7.399997077572721,7.399994984410137,0,0,223,Explotacion activa
440,3,WOA,poblacional,821.2813220504405,821.2813220504405,True,False,7.399583508983142,8.199908472761308e-05,7.399501509898414,1.75672329305598e-06,7.399996648078968,7.39999456236593,0,0,224,Explotacion activa
441,3,WOA,poblacional,821.2812680590828,821.2812680590828,True,False,7.3994860701385505,0.00013599041187717376,7.399350079726673,2.0349309579614783e-06,7.3999962185852155,7.3999941403217235,0,0,225,Explotacion activa
442,3,WOA,poblacional,821.28114510403,821.28114510403,True,False,7.3988803692272995,0.0002589454646795275,7.39862142376262,2.0923813053741462e-06,7.39999592737779,7.399994095871136,0,0,226,Explotacion activa
443,3,WOA,poblacional,821.2810349021561,821.2810349021561,True,False,7.39877016732828,0.0003691473134495027,7.3984010200148305,2.149831652786816e-06,7.399995636170365,7.399994051420549,0,0,227,Explotacion activa
444,3,WOA,poblacional,821.2807607962951,821.2807607962951,True,False,7.397438005810159,0.0006432531744167136,7.396794752635742,2.207282000199484e-06,7.3999953449629405,7.399994006969962,0,0,228,Explotacion activa
445,3,WOA,poblacional,821.2798770950598,821.2798770950598,True,False,7.39228713695411,0.0015269544097691323,7.390760182544341,2.226432116003707e-06,7.399995131035553,7.3999936811565705,0,0,229,Explotacion activa
446,3,WOA,poblacional,821.2789504078345,821.2789504078345,True,False,7.391059547799387,0.0024536416350429135,7.388605906164344,2.226432116003707e-06,7.399994955748184,7.399993214661777,0,0,230,Explotacion activa
447,3,WOA,poblacional,821.2788543961899,821.2788543961899,True,False,7.3909635361548,0.002549653279629638,7.38841388287517,2.226432116003707e-06,7.3999947804608155,7.399992748166983,0,0,231,Explotacion activa
448,3,WOA,poblacional,821.2788138084165,821.2788138084165,True,False,7.390922948379284,0.0025902410508251705,7.388332707328459,2.226432116003707e-06,7.399994508104305,7.399992281672189,0,0,232,Explotacion activa
449,3,WOA,poblacional,821.2788138084165,821.2788138084165,True,False,7.39092294837576,0.0025902410473008786,7.388332707328459,2.226432116003707e-06,7.399994041609512,7.399991815177396,1,0,233,Explotacion activa
450,3,WOA,poblacional,821.2764322572024,821.2764322572024,True,False,7.378357349239309,0.004971792261471819,7.373385556977837,2.226432116003707e-06,7.399993575114718,7.399991348682602,0,0,234,Explotacion activa
451,3,WOA,poblacional,821.2749330961635,821.2749330961635,True,False,7.376858188200458,0.006470953300322435,7.370387234900136,2.226432116003707e-06,7.399993108619924,7.399990882187808,0,0,235,Explotacion activa
452,3,WOA,poblacional,821.2738770346112,821.2738770346112,True,False,7.375802126648182,0.007527014852598768,7.368275111795583,2.226432116003707e-06,7.39999264212513,7.3999904491361805,0,0,236,Explotacion activa
453,3,WOA,poblacional,821.2731852391446,821.2731852391446,True,False,7.375110331181531,0.008218810319249314,7.366891520862282,2.226432116003707e-06,7.399992175630336,7.399990016084553,0,0,237,Explotacion activa
454,3,WOA,poblacional,821.2729540577362,821.2729540577362,True,False,7.3748791497731645,0.00844999172761618,7.366429158045548,2.226432116003707e-06,7.399991709135543,7.399989583032925,0,0,238,Explotacion activa
455,3,WOA,poblacional,821.272926950707,821.272926950707,True,False,7.374852042743896,0.008477098756884516,7.366374943987012,2.226432116003707e-06,7.3999915376324905,7.399989416386939,0,0,239,Explotacion activa
456,3,WOA,poblacional,821.2725700719354,821.2725700719354,True,False,7.3744951639723695,0.008833977528411197,7.365661186443958,2.226432116003707e-06,7.399991513625309,7.399989382943772,0,0,240,Explotacion activa
457,3,WOA,poblacional,821.2714867105873,821.2714867105873,True,False,7.373411802624219,0.009917338876562098,7.3634944637476565,2.226432116003707e-06,7.399991489618128,7.399989349500606,0,0,241,Explotacion activa
458,3,WOA,poblacional,821.2711306944163,821.2711306944163,True,False,7.373055786453278,0.010273355047502264,7.362782431405776,2.226432116003707e-06,7.39999132611747,7.399989171706897,0,0,242,Explotacion activa
459,3,WOA,poblacional,821.2705219276162,821.2705219276162,True,False,7.372447019653123,0.0108821218476578,7.361564897805465,2.226432116003707e-06,7.399990883629857,7.399988705212104,0,0,243,Explotacion activa
460,3,WOA,poblacional,821.2702064679597,821.2702064679597,True,False,7.37213155999666,0.011197581504120535,7.36093397849254,2.226432116003707e-06,7.399990441142245,7.39998823871731,0,0,244,Explotacion activa
461,3,WOA,poblacional,821.2700958573671,821.2700958573671,True,False,7.372020949404032,0.011308192096748826,7.360712757307283,2.226432116003707e-06,7.3999899986546325,7.3999877722225165,0,0,245,Explotacion activa
462,3,WOA,poblacional,821.269967460744,821.269967460744,True,False,7.3718925527809915,0.011436588719789142,7.360455964061202,2.226432116003707e-06,7.399989532159839,7.399987305727723,0,0,246,Explotacion activa
463,3,WOA,poblacional,821.269930375618,821.269930375618,True,False,7.371855467654882,0.011473673845898702,7.360381793808983,2.226432116003707e-06,7.399989065665045,7.399986839232929,0,0,247,Explotacion activa
464,3,WOA,poblacional,821.269930375618,821.269930375618,True,False,7.371855467654882,0.011473673845898702,7.360381793808983,2.226432116003707e-06,7.399988599170252,7.399986372738136,1,0,248,Explotacion activa
465,3,WOA,poblacional,821.269930375618,821.269930375618,True,False,7.371855467654882,0.011473673845898702,7.360381793808983,2.226432116003707e-06,7.399988132675458,7.399985906243342,2,0,249,Explotacion activa
466,3,WOA,poblacional,821.2699290350397,821.2699290350397,True,False,7.371854127076631,0.011475014424149776,7.360379112652481,2.226432116003707e-06,7.399987666180664,7.399985439748548,0,0,250,Explotacion activa
467,3,WOA,poblacional,821.2690424521726,821.2690424521726,True,False,7.370967544209748,0.012361597291260296,7.3586059469184875,2.226432116003707e-06,7.39998719968587,7.399984973253754,0,0,251,Explotacion activa
468,3,WOA,poblacional,821.2685915423867,821.2685915423867,True,False,7.370516634424121,0.012812507077114788,7.357704127347006,2.226432116003707e-06,7.399986888689341,7.399984662257225,0,0,252,Explotacion activa
469,3,WOA,poblacional,821.2685915423867,821.2685915423867,True,False,7.370516634424121,0.012812507077114788,7.357704127347006,2.226432116003707e-06,7.399986888689341,7.399984662257225,1,0,253,Explotacion activa
470,3,WOA,poblacional,821.2685915423867,821.2685915423867,True,False,7.370516634424348,0.012812507077114788,7.357704127347233,2.226432116003707e-06,7.399986888689341,7.399984662257225,2,0,254,Explotacion activa
471,3,WOA,poblacional,821.2685915423867,821.2685915423867,True,False,7.370516634424575,0.012812507077114788,7.357704127347461,2.226432116003707e-06,7.399986888689341,7.399984662257225,3,0,255,Explotacion activa
472,3,WOA,poblacional,821.2685915423867,821.2685915423867,True,False,7.370516634424575,0.012812507077114788,7.357704127347461,2.6491419362173434e-06,7.399986370356555,7.399983721214619,4,0,256,Explotacion activa
473,3,WOA,poblacional,821.2685915423867,821.2685915423867,True,False,7.3705166344252575,0.012812507077114788,7.357704127348143,3.07185175643099e-06,7.39998585202377,7.399982780172013,5,0,257,Explotacion activa
474,3,WOA,poblacional,821.2685915423867,821.2685915423867,True,False,7.370516634425599,0.0128125070770011,7.3577041273485975,3.494561576644626e-06,7.399985333690983,7.399981839129407,6,0,258,Explotacion activa
475,3,WOA,poblacional,821.2685915423867,821.2685915423867,True,False,7.370516634426849,0.012812507076887414,7.357704127349962,5.293990534482838e-06,7.399974133455362,7.399968839464828,7,0,259,Explotacion activa
476,3,WOA,poblacional,821.2685915423867,821.2685915423867,True,False,7.3705166344288955,0.012812507076887414,7.357704127352008,7.78177906113342e-06,7.399957592268322,7.399949810489261,8,0,260,Explotacion activa
477,3,WOA,poblacional,821.2685904871986,821.2685904871986,True,False,7.370515579243147,0.012813562264909706,7.357702016978237,1.0269567587783944e-05,7.399941051081282,7.399930781513694,0,0,261,Explotacion activa
478,3,WOA,poblacional,821.2685904871986,821.2685904871986,True,False,7.370515579244625,0.012813562264796019,7.357702016979829,1.2671828847032894e-05,7.399929279887681,7.399916608058834,1,0,262,Explotacion activa
479,3,WOA,poblacional,821.2685858508962,821.2685858508962,True,False,7.370510942947476,0.012818198567174477,7.3576927443803015,1.4903035571478529e-05,7.399927048680956,7.399912145645385,0,0,263,Explotacion activa
480,3,WOA,poblacional,821.2685858508962,821.2685858508962,True,False,7.370510942955775,0.012818198566833416,7.357692744388942,1.7134242295924165e-05,7.399924817474232,7.399907683231936,1,0,264,Explotacion activa
481,3,WOA,poblacional,821.2685858508962,821.2685858508962,True,False,7.370510943008071,0.012818198566606043,7.357692744441465,1.936544902036985e-05,7.3999225862675075,7.399903220818487,2,0,265,Explotacion activa
482,3,WOA,poblacional,821.2685858508962,821.2685858508962,True,False,7.370510943024897,0.012818198565923922,7.357692744458973,2.3820166438781555e-05,7.399904363042322,7.3998805428758825,3,0,266,Explotacion activa
483,3,WOA,poblacional,821.2685858508962,821.2685858508962,True,False,7.3705109430238736,0.01281819856490074,7.357692744458973,2.827488385719326e-05,7.399886139817136,7.399857864933279,4,0,267,Explotacion activa
484,3,WOA,poblacional,821.2685851593548,821.2685851593548,True,False,7.370510251481164,0.012818890105108949,7.357691361376055,3.272960127560507e-05,7.399867916591949,7.399835186990674,0,0,268,Explotacion activa
485,3,WOA,poblacional,821.2685850387171,821.2685850387171,True,False,7.3705101308427174,0.01281901074196412,7.357691120100753,4.3771422610916285e-05,7.399858504844974,7.399800164337444,0,0,269,Explotacion activa
486,3,WOA,poblacional,821.2685850387171,821.2685850387171,True,False,7.370510130840103,0.012819010739349324,7.357691120100753,5.810679590467771e-05,7.399853498837103,7.3997589693289,1,0,270,Explotacion activa
487,3,WOA,poblacional,821.2685845861258,821.2685845861258,True,False,7.3705096782445025,0.012819463326309233,7.357690214918193,7.24421691984388e-05,7.399848492829233,7.399717774320356,0,0,271,Explotacion activa
488,3,WOA,poblacional,821.2685845861258,821.2685845861258,True,False,7.370509678218241,0.012819463300047573,7.357690214918193,8.739821744256884e-05,7.3998299955980995,7.399675049173607,1,0,272,Explotacion activa
489,3,WOA,poblacional,821.2685842797257,821.2685842797257,True,False,7.370509371809362,0.012819769691418514,7.357689602117944,0.00010359561558743728,7.399784515920442,7.399629263750444,0,0,273,Explotacion activa
490,3,WOA,poblacional,821.2685842797257,821.2685842797257,True,False,7.3705093718223225,0.012819769691418514,7.357689602130904,0.00011979301373230531,7.399739036242783,7.399583478327282,1,0,274,Explotacion activa
491,3,WOA,poblacional,821.2685842797257,821.2685842797257,True,False,7.370509371855064,0.012819769691418514,7.357689602163646,0.00013599041187717376,7.399693556565126,7.399537692904119,2,0,275,Explotacion activa
492,3,WOA,poblacional,821.2685842797257,821.2685842797257,True,False,7.370509372048332,0.012819769691418514,7.357689602356913,0.00014164664111149245,7.399660542290531,7.399526838002407,3,0,276,Explotacion activa
493,3,WOA,poblacional,821.2685842797257,821.2685842797257,True,False,7.3705093722829815,0.012819769691418514,7.357689602591563,0.00014730287034581113,7.399627528015936,7.399515983100696,4,0,277,Explotacion activa
494,3,WOA,poblacional,821.2685842777288,821.2685842777288,True,False,7.370509373414052,0.012819771688327819,7.357689601725724,0.00015295909958012996,7.39959451374134,7.399505128198984,0,0,278,Explotacion activa
495,3,WOA,poblacional,821.2685842777288,821.2685842777288,True,False,7.370509378732322,0.012819771688327819,7.357689607043994,0.00015504833966133446,7.399574994884096,7.399478222884113,1,0,279,Explotacion activa
496,3,WOA,poblacional,821.2685842769831,821.2685842769831,True,False,7.370509391966948,0.012819772433999788,7.357689619532948,0.00015535408516598181,7.399562223735529,7.399443292362662,0,0,280,Explotacion activa
497,3,WOA,poblacional,821.2685842754678,821.2685842754678,True,False,7.370509449085034,0.012819773942851498,7.357689675142183,0.00015565983067062915,7.399549452586962,7.3994083618412105,0,0,281,Explotacion activa
498,3,WOA,poblacional,821.2685842729794,821.2685842729794,True,False,7.370509590289998,0.012819776414858097,7.35768981387514,0.00015586366100706073,7.39953545165298,7.399381575316886,0,0,282,Explotacion activa
499,3,WOA,poblacional,821.2685842728317,821.2685842728317,True,False,7.370510034727886,0.012819776465903487,7.357690258261982,0.00015586366100706073,7.39951899114817,7.3993710767868155,0,0,283,Explotacion activa
500,3,WOA,poblacional,821.2685842728317,821.2685842728317,True,False,7.370510538285089,0.012819776348578671,7.35769076193651,0.00015586366100706073,7.39950253064336,7.399360578256744,1,0,284,Explotacion activa
501,3,WOA,poblacional,821.2685842662598,821.2685842662598,True,False,7.3705115714640215,0.012819781356483873,7.357691790107538,0.00015586366100706073,7.3994860701385505,7.399350079726673,0,0,285,Explotacion activa
502,3,WOA,poblacional,821.268584265244,821.268584265244,True,False,7.370513422509362,0.012819779713140633,7.357693642796221,0.00015586366100706073,7.399456745220197,7.399314792833581,0,0,286,Explotacion activa
503,3,WOA,poblacional,821.2685842647318,821.2685842647318,True,False,7.370516616074724,0.01281977323526462,7.357696842839459,0.00015586366100706073,7.399427420301845,7.399279505940489,0,0,287,Explotacion activa
504,3,WOA,poblacional,821.2685842625269,821.2685842625269,True,False,7.370533169806777,0.012819746120158015,7.357713423686619,0.00015586366100706073,7.399398095383492,7.399244219047398,0,0,288,Explotacion activa
505,3,WOA,poblacional,821.2685842621852,821.2685842621852,True,False,7.370547972321674,0.012819674607044362,7.35772829771463,0.00017648002174155438,7.399360305464325,7.399110250152285,0,0,289,Explotacion activa
506,3,WOA,poblacional,821.2685842621852,821.2685842621852,True,False,7.370577448100789,0.012819452265944165,7.357757995834845,0.00020740456284329412,7.3993182830447495,7.39892694025616,1,0,290,Explotacion activa
507,3,WOA,poblacional,821.2685842613232,821.2685842613232,True,False,7.3706727645568435,0.012819201290653837,7.35785356326619,0.00023832910394503386,7.399276260625174,7.398743630360036,0,0,291,Explotacion activa
508,3,WOA,poblacional,821.2685842608755,821.2685842608755,True,False,7.370780226167199,0.012818681080943861,7.357961545086255,0.0002699656495565244,7.399211458033642,7.398608930522118,0,0,292,Explotacion activa
509,3,WOA,poblacional,821.2685842608755,821.2685842608755,True,False,7.37102520891267,0.012817753720810288,7.3582074551918595,0.00030302620418751663,7.399101095098194,7.398571450800614,1,0,293,Explotacion activa
510,3,WOA,poblacional,821.2685842594822,821.2685842594822,True,False,7.371244010733221,0.012816154580264083,7.358427856152957,0.00033608675881851045,7.398990732162747,7.398533971079109,0,0,294,Explotacion activa
511,3,WOA,poblacional,821.2685842586354,821.2685842586354,True,False,7.371783928979994,0.012807862798581482,7.3589760661814125,0.0003691473134495027,7.3988803692272995,7.398496491357605,0,0,295,Explotacion activa
512,3,WOA,poblacional,821.2685842586354,821.2685842586354,True,False,7.373543894094951,0.01280042544283333,7.360743468652117,0.00045137907173966517,7.398847308657594,7.3984678499547725,1,0,296,Explotacion activa
513,3,WOA,poblacional,821.2685842586001,821.2685842586001,True,False,7.375382419450034,0.0127855764180822,7.362596843031952,0.0005336108300298276,7.398814248087888,7.39843920855194,0,0,297,Explotacion activa
514,3,WOA,poblacional,821.2685842582558,821.2685842582558,True,False,7.375526657817318,0.012737792184680075,7.362788865632638,0.0006158425883199902,7.398781187518182,7.398410567149108,0,0,298,Explotacion activa
515,3,WOA,poblacional,821.2685842582558,821.2685842582558,True,False,7.375553842006298,0.012683800826948755,7.362870041179349,0.0006649534037705965,7.398746604866346,7.398300936151349,1,0,299,Explotacion activa
516,3,WOA,poblacional,821.2685842562263,821.2685842562263,True,False,7.375430884923958,0.012560847803683828,7.362870037120274,0.0006975037478014201,7.398711261173446,7.398150810356128,0,0,300,Explotacion activa
517,4,EHO,poblacional,821.2685842562263,821.2685842562263,False,False,,,,,,,0,0,1,Llenando ventana
518,4,EHO,poblacional,821.2685842562263,821.2685842562263,False,False,,,,,,,1,0,2,Llenando ventana
519,4,EHO,poblacional,821.2685842562263,821.2685842562263,False,False,,,,,,,2,0,3,Llenando ventana
520,4,EHO,poblacional,821.2685842562263,821.2685842562263,False,False,,,,,,,3,0,4,Llenando ventana
521,4,EHO,poblacional,821.2685842562263,821.2685842562263,False,False,,,,,,,4,0,5,Llenando ventana
522,4,EHO,poblacional,821.2685842562263,821.2685842562263,False,False,,,,,,,5,0,6,Llenando ventana
523,4,EHO,poblacional,821.2685842562263,821.2685842562263,False,False,,,,,,,6,0,7,Llenando ventana
524,4,EHO,poblacional,821.2685842562263,821.2685842562263,False,False,,,,,,,7,0,8,Llenando ventana
525,4,EHO,poblacional,821.2685842562263,821.2685842562263,False,False,,,,,,,8,0,9,Llenando ventana
526,4,EHO,poblacional,821.2685842562263,821.2685842562263,False,False,,,,,,,9,0,10,Llenando ventana
527,4,EHO,poblacional,821.2685842562263,821.2685842562263,False,False,,,,,,,10,0,11,Llenando ventana
528,4,EHO,poblacional,821.2495187248601,821.2495187248601,False,False,,,,,,,0,0,12,Llenando ventana
529,4,EHO,poblacional,821.2495187248601,821.2495187248601,False,False,,,,,,,1,0,13,Llenando ventana
530,4,EHO,poblacional,821.2495187248601,821.2495187248601,False,False,,,,,,,2,0,14,Llenando ventana
531,4,EHO,poblacional,821.1953790058808,821.1953790058808,False,False,,,,,,,0,0,15,Llenando ventana
532,4,EHO,poblacional,821.192477360501,821.192477360501,False,False,,,,,,,0,0,16,Llenando ventana
533,4,EHO,poblacional,821.1399630249063,821.1399630249063,False,False,,,,,,,0,0,17,Llenando ventana
534,4,EHO,poblacional,821.0614838987517,821.0614838987517,False,False,,,,,,,0,0,18,Llenando ventana
535,4,EHO,poblacional,821.0614838987517,821.0614838987517,False,False,,,,,,,1,0,19,Llenando ventana
536,4,EHO,poblacional,821.0369075141432,821.0369075141432,False,False,,,,,,,0,0,20,Llenando ventana
537,4,EHO,poblacional,821.0019153702376,821.0019153702376,False,False,,,,,,,0,0,21,Llenando ventana
538,4,EHO,poblacional,821.0010527613799,821.0010527613799,False,False,,,,,,,0,0,22,Llenando ventana
539,4,EHO,poblacional,821.0010233899877,821.0010233899877,False,False,,,,,,,0,0,23,Llenando ventana
540,4,EHO,poblacional,821.0002493967227,821.0002493967227,False,False,,,,,,,0,0,24,Llenando ventana
541,4,EHO,poblacional,821.0002493967227,821.0002493967227,False,False,,,,,,,1,0,25,Llenando ventana
542,4,EHO,poblacional,821.0002493967227,821.0002493967227,False,False,,,,,,,2,0,26,Llenando ventana
543,4,EHO,poblacional,821.0002493967227,821.0002493967227,False,False,,,,,,,3,0,27,Llenando ventana
544,4,EHO,poblacional,821.0002493967227,821.0002493967227,False,False,,,,,,,4,0,28,Llenando ventana
545,4,EHO,poblacional,821.0001762266929,821.0001762266929,False,False,,,,,,,0,0,29,Llenando ventana
546,4,EHO,poblacional,821.0001762266929,821.0001762266929,False,False,,,,,,,1,0,30,Llenando ventana
547,4,EHO,poblacional,821.0000817437443,821.0000817437443,False,False,,,,,,,0,0,31,Llenando ventana
548,4,EHO,poblacional,821.0000817437443,821.0000817437443,False,False,,,,,,,1,0,32,Llenando ventana
549,4,EHO,poblacional,821.0000018989753,821.0000018989753,False,False,,,,,,,0,0,33,Llenando ventana
550,4,EHO,poblacional,821.0000018989753,821.0000018989753,False,False,,,,,,,1,0,34,Llenando ventana
551,4,EHO,poblacional,821.0000018989753,821.0000018989753,False,False,,,,,,,2,0,35,Llenando ventana
552,4,EHO,poblacional,821.0000018989753,821.0000018989753,False,False,,,,,,,3,0,36,Llenando ventana
553,4,EHO,poblacional,821.0000018989753,821.0000018989753,False,False,,,,,,,4,0,37,Llenando ventana
554,4,EHO,poblacional,821.0000018989753,821.0000018989753,False,False,,,,,,,5,0,38,Llenando ventana
555,4,EHO,poblacional,821.0000014477766,821.0000014477766,False,False,,,,,,,0,0,39,Llenando ventana
556,4,EHO,poblacional,821.0000012746193,821.0000012746193,False,False,,,,,,,0,0,40,Llenando ventana
557,4,EHO,poblacional,821.0000011867286,821.0000011867286,False,False,,,,,,,0,0,41,Llenando ventana
558,4,EHO,poblacional,821.0000011867286,821.0000011867286,False,False,,,,,,,1,0,42,Llenando ventana
559,4,EHO,poblacional,821.0000011867286,821.0000011867286,False,False,,,,,,,2,0,43,Llenando ventana
560,4,EHO,poblacional,821.0000007857961,821.0000007857961,False,False,,,,,,,0,0,44,Llenando ventana
561,4,EHO,poblacional,821.0000007857961,821.0000007857961,False,False,,,,,,,1,0,45,Llenando ventana
562,4,EHO,poblacional,821.00000029645,821.00000029645,False,False,,,,,,,0,0,46,Llenando ventana
563,4,EHO,poblacional,821.00000029645,821.00000029645,False,False,,,,,,,1,0,47,Llenando ventana
564,4,EHO,poblacional,821.0000001504986,821.0000001504986,False,False,,,,,,,0,0,48,Llenando ventana
565,4,EHO,poblacional,821.0000001504986,821.0000001504986,False,False,,,,,,,1,0,49,Llenando ventana
566,4,EHO,poblacional,821.0000000482129,821.0000000482129,False,False,,,,,,,0,0,50,Llenando ventana
567,4,EHO,poblacional,821.0000000282545,821.0000000282545,False,False,,,,,,,0,0,51,Llenando ventana
568,4,EHO,poblacional,821.0000000282545,821.0000000282545,False,False,,,,,,,1,0,52,Llenando ventana
569,4,EHO,poblacional,821.0000000282545,821.0000000282545,False,False,,,,,,,2,0,53,Llenando ventana
570,4,EHO,poblacional,821.0000000274123,821.0000000274123,False,False,,,,,,,0,0,54,Llenando ventana
571,4,EHO,poblacional,821.0000000222053,821.0000000222053,False,False,,,,,,,0,0,55,Llenando ventana
572,4,EHO,poblacional,821.00000001011,821.00000001011,False,False,,,,,,,0,0,56,Llenando ventana
573,4,EHO,poblacional,821.00000001011,821.00000001011,False,False,,,,,,,1,0,57,Llenando ventana
574,4,EHO,poblacional,821.0000000098056,821.0000000098056,False,False,,,,,,,0,0,58,Llenando ventana
575,4,EHO,poblacional,821.0000000098056,821.0000000098056,False,False,,,,,,,1,0,59,Llenando ventana
576,4,EHO,poblacional,821.0000000097315,821.0000000097315,False,False,,,,,,,0,0,60,Llenando ventana
577,4,EHO,poblacional,821.0000000049512,821.0000000049512,False,False,,,,,,,0,0,61,Llenando ventana
578,4,EHO,poblacional,821.000000001034,821.000000001034,False,False,,,,,,,0,0,62,Llenando ventana
579,4,EHO,poblacional,821.0000000005363,821.0000000005363,False,False,,,,,,,0,0,63,Llenando ventana
580,4,EHO,poblacional,821.0000000003679,821.0000000003679,False,False,,,,,,,0,0,64,Llenando ventana
581,4,EHO,poblacional,821.000000000251,821.000000000251,False,False,,,,,,,0,0,65,Llenando ventana
582,4,EHO,poblacional,821.000000000251,821.000000000251,False,False,,,,,,,1,0,66,Llenando ventana
583,4,EHO,poblacional,821.000000000251,821.000000000251,False,False,,,,,,,2,0,67,Llenando ventana
584,4,EHO,poblacional,821.000000000185,821.000000000185,False,False,,,,,,,0,0,68,Llenando ventana
585,4,EHO,poblacional,821.0000000001558,821.0000000001558,False,False,,,,,,,0,0,69,Llenando ventana
586,4,EHO,poblacional,821.0000000000267,821.0000000000267,False,False,,,,,,,0,0,70,Llenando ventana
587,4,EHO,poblacional,821.0000000000267,821.0000000000267,False,False,,,,,,,1,0,71,Llenando ventana
588,4,EHO,poblacional,821.0000000000267,821.0000000000267,False,False,,,,,,,2,0,72,Llenando ventana
589,4,EHO,poblacional,821.0000000000065,821.0000000000065,False,False,,,,,,,0,0,73,Llenando ventana
590,4,EHO,poblacional,821.0000000000065,821.0000000000065,False,False,,,,,,,1,0,74,Llenando ventana
591,4,EHO,poblacional,821.0000000000065,821.0000000000065,True,False,6.582061860698332,0.2685842562198104,6.313477604478521,7.5,37.5,22.5,2,0,75,Explotacion activa
592,4,EHO,poblacional,821.0000000000055,821.0000000000055,True,False,6.5820618606973085,0.2685842562208336,6.313477604476475,7.5,37.5,22.5,0,0,76,Explotacion activa
593,4,EHO,poblacional,821.0000000000051,821.0000000000051,True,False,6.582061860696967,0.26858425622117466,6.313477604475793,7.5,37.5,22.5,0,0,77,Explotacion activa
594,4,EHO,poblacional,821.0000000000047,821.0000000000047,True,False,6.582061860696513,0.2685842562216294,6.313477604474883,7.5,37.5,22.5,0,0,78,Explotacion activa
595,4,EHO,poblacional,821.0000000000047,821.0000000000047,True,False,6.620192923428931,0.2685842562216294,6.3516086672073016,7.5,37.5,22.5,1,0,79,Explotacion activa
596,4,EHO,poblacional,821.0000000000044,821.0000000000044,True,False,6.620192923428704,0.2685842562218568,6.351608667206847,7.5,37.5,22.5,0,0,80,Explotacion activa
597,4,EHO,poblacional,821.0000000000036,821.0000000000036,True,False,6.620192923427908,0.2685842562226526,6.351608667205255,7.5,37.5,22.5,0,0,81,Explotacion activa
598,4,EHO,poblacional,821.0000000000007,821.0000000000007,True,False,6.6986720495795,0.26858425622560844,6.430087793353891,7.5,37.5,22.5,0,0,82,Explotacion activa
599,4,EHO,poblacional,821.0000000000007,821.0000000000007,True,False,6.734275652143083,0.26858425622560844,6.465691395917474,7.5,37.5,22.5,1,0,83,Explotacion activa
600,4,EHO,poblacional,821.0000000000007,821.0000000000007,True,False,6.812754778297631,0.26858425622560844,6.544170522072022,0.26858425622149296,6.643736661274102,6.375152405051279,2,0,84,Explotacion activa
601,4,EHO,poblacional,821.0000000000007,821.0000000000007,True,False,6.891233904452179,0.26858425622560844,6.62264964822657,0.2685842562216294,6.6986720495795,6.430087793353891,3,0,85,Explotacion activa
602,4,EHO,poblacional,821.0000000000007,821.0000000000007,True,False,6.950647499240517,0.2495187248593993,6.701128774381118,0.2685842562213111,6.723594571374008,6.4550103151483995,4,0,86,Explotacion activa
603,4,EHO,poblacional,821.0000000000003,821.0000000000003,True,False,7.029126625394724,0.24951872485974036,6.779607900534984,0.2685842562210382,6.765667302604902,6.497083046379293,0,0,87,Explotacion activa
604,4,EHO,poblacional,821.0000000000002,821.0000000000002,True,False,7.107605751549158,0.24951872485985405,6.858087026689304,0.2685842562207313,6.820602690913086,6.5520184346874775,0,0,88,Explotacion activa
605,4,EHO,poblacional,821.0000000000002,821.0000000000002,True,False,7.13194515872442,0.195379005880568,6.936566152843852,0.268584256220015,6.875538079221269,6.606953822995661,1,0,89,Explotacion activa
606,4,EHO,poblacional,821.0000000000001,821.0000000000001,True,False,7.207522639499075,0.19247736050090225,7.015045278998173,0.25905149053983223,6.920940701846348,6.661889211303844,0,0,90,Explotacion activa
607,4,EHO,poblacional,821.0000000000001,821.0000000000001,True,False,7.26003697509384,0.13996302490613743,7.120073950187702,0.24951872485983131,6.966343324471358,6.716824599611892,1,0,91,Explotacion activa
608,4,EHO,poblacional,821.0000000000001,821.0000000000001,True,False,7.303523957342804,0.06148389875158955,7.242040058591215,0.24951872485975174,7.021278712779304,6.771759987919597,2,0,92,Explotacion activa
609,4,EHO,poblacional,821.0,821.0,True,False,7.338516101248274,0.061483898751703236,7.277032202496571,0.24951872485953572,7.076214101087385,6.826695376227576,0,0,93,Explotacion activa
610,4,EHO,poblacional,821.0,821.0,True,False,7.363092485856782,0.03690751414319493,7.326184971713587,0.23327680916574992,7.114907573701737,6.881630764535669,1,0,94,Explotacion activa
611,4,EHO,poblacional,821.0,821.0,True,False,7.398084629762366,0.0019153702376115689,7.396169259524754,0.195379005880568,7.13194515872442,6.936566152843852,2,0,95,Explotacion activa
612,4,EHO,poblacional,821.0,821.0,True,False,7.3982319881394005,0.0010527613799240498,7.3971792267594765,0.193347854114802,7.184849395266679,6.991501541151877,3,0,96,Explotacion activa
613,4,EHO,poblacional,821.0,821.0,True,False,7.398976610012255,0.001023389987722112,7.397953220024533,0.1714716262629963,7.228528373736981,7.057056747473984,4,0,97,Explotacion activa
614,4,EHO,poblacional,821.0,821.0,True,False,7.399330045645115,0.00024939672266555135,7.39908064892245,0.13211511229069398,7.264385673318736,7.1322705610280535,5,0,98,Explotacion activa
615,4,EHO,poblacional,821.0,821.0,True,False,7.399424528593727,0.00024939672266555135,7.399175131871061,0.07717972398259001,7.294826560893012,7.217646836910512,6,0,99,Explotacion activa
616,4,EHO,poblacional,821.0,821.0,True,False,7.399519011542338,0.00024939672266555135,7.399269614819673,0.06148389875164639,7.321020029295539,7.259536130543893,7,0,100,Explotacion activa
617,4,EHO,poblacional,821.0,821.0,True,False,7.39961349449095,0.00024939672266555135,7.399364097768284,0.05656862182991062,7.343431378169976,7.286862756339974,8,0,101,Explotacion activa
618,4,EHO,poblacional,821.0,821.0,True,False,7.3997079774395615,0.00024939672266555135,7.399458580716896,0.039365152604034385,7.360634847395931,7.321269694791885,9,0,102,Explotacion activa
619,4,EHO,poblacional,821.0,821.0,True,False,7.399729290358437,0.00017622669292904902,7.399553063665508,0.015912227799844927,7.384087772200132,7.368175544400287,10,0,103,Explotacion activa
620,4,EHO,poblacional,821.0,821.0,True,False,7.399823773307048,0.00017622669292904902,7.399647546614119,0.0016565875803053126,7.398128837275476,7.3964722496951705,11,0,104,Explotacion activa
621,4,EHO,poblacional,821.0,821.0,True,False,7.3998384114865985,8.1743744317464e-05,7.399756667742281,0.0010527613799240498,7.3982319881394005,7.3971792267594765,12,0,105,Explotacion activa
622,4,EHO,poblacional,821.0,821.0,True,False,7.39991825625566,8.1743744317464e-05,7.399836512511342,0.0010322014053826933,7.398753223450399,7.397721022045016,13,0,106,Explotacion activa
623,4,EHO,poblacional,821.0,821.0,True,False,7.399995654294116,1.8989752561537898e-06,7.39999375531886,0.0007137926816994874,7.399117984265399,7.398404191583699,14,0,107,Explotacion activa
624,4,EHO,poblacional,821.0,821.0,True,False,7.399996100095223,1.8989752561537898e-06,7.399994201119966,0.00024939672266555135,7.399339493939976,7.399090097217311,15,1,108,Explotacion activa
625,4,EHO,poblacional,821.0,821.0,True,False,7.399996100095223,1.8989752561537898e-06,7.399994201119966,0.00024939672266555135,7.3994056320040045,7.399156235281339,16,2,109,Explotacion activa
626,4,EHO,poblacional,821.0,821.0,True,False,7.399996100095223,1.8989752561537898e-06,7.399994201119966,0.00024939672266555135,7.399471770068033,7.399222373345367,17,3,110,Explotacion activa
627,4,EHO,poblacional,821.0,821.0,True,False,7.3999965894413435,1.8989752561537898e-06,7.399994690466087,0.00024939672266555135,7.399537908132061,7.399288511409395,18,4,111,Explotacion activa
628,4,EHO,poblacional,821.0,821.0,True,False,7.399996901960094,1.8989752561537898e-06,7.399995002984838,0.00024939672266555135,7.399604046196089,7.399354649473423,19,5,112,Explotacion activa
629,4,EHO,poblacional,821.0,821.0,True,False,7.399996940107599,1.447776639906806e-06,7.399995492330959,0.00024939672266555135,7.399670184260117,7.399420787537451,20,6,113,Explotacion activa
630,4,EHO,poblacional,821.0,821.0,True,False,7.399997256296388,1.2746193078783108e-06,7.39999598167708,0.0002274457137446006,7.399714371315224,7.3994869256014795,21,7,114,Explotacion activa
631,4,EHO,poblacional,821.0,821.0,True,False,7.399997657751783,1.186728582069918e-06,7.399996471023201,0.00017622669292904902,7.399729290358437,7.399553063665508,22,8,115,Explotacion activa
632,4,EHO,poblacional,821.0,821.0,True,False,7.399998147097904,1.186728582069918e-06,7.399996960369322,0.00017622669292904902,7.399795428422465,7.399619201729536,23,9,116,Explotacion activa
633,4,EHO,poblacional,821.0,821.0,True,False,7.399998636444025,1.186728582069918e-06,7.399997449715443,0.000138433513484415,7.3998296285788685,7.399691195065384,24,10,117,Explotacion activa
634,4,EHO,poblacional,821.0,821.0,True,False,7.39999872485771,7.857961463741958e-07,7.399997939061564,8.1743744317464e-05,7.399846395963505,7.399764652219187,25,11,118,Explotacion activa
635,4,EHO,poblacional,821.0,821.0,True,False,7.399999214203831,7.857961463741958e-07,7.3999984284076845,8.1743744317464e-05,7.399902287301847,7.39982054355753,26,12,119,Explotacion activa
636,4,EHO,poblacional,821.0,821.0,True,False,7.399999557598562,2.964500254165614e-07,7.399999261148537,4.18213597868089e-05,7.399956955274888,7.399915133915101,27,13,120,Explotacion activa
637,4,EHO,poblacional,821.0,821.0,True,False,7.399999703549952,2.964500254165614e-07,7.399999407099926,1.8989752561537898e-06,7.399995743454338,7.399993844479082,28,14,121,Explotacion activa
638,4,EHO,poblacional,821.0,821.0,True,False,7.399999747215588,1.504986357758753e-07,7.3999995967169525,1.8989752561537898e-06,7.399996055515112,7.399994156539856,29,15,122,Explotacion activa
639,4,EHO,poblacional,821.0,821.0,True,False,7.3999998495013415,1.504986357758753e-07,7.399999699002706,1.8989752561537898e-06,7.399996100095223,7.399994201119966,30,16,123,Explotacion activa
640,4,EHO,poblacional,821.0,821.0,True,False,7.399999943325952,4.8212882575171534e-08,7.399999895113069,1.8989752561537898e-06,7.399996100095223,7.399994201119966,31,17,124,Explotacion activa
641,4,EHO,poblacional,821.0,821.0,True,False,7.399999935462802,2.825447609211551e-08,7.399999907208326,1.8989752561537898e-06,7.399996100095223,7.399994201119966,32,18,125,Explotacion activa
642,4,EHO,poblacional,821.0,821.0,True,False,7.399999947558058,2.825447609211551e-08,7.399999919303582,1.8989752561537898e-06,7.399996442637507,7.399994543662251,33,19,126,Explotacion activa
643,4,EHO,poblacional,821.0,821.0,True,False,7.399999959653314,2.825447609211551e-08,7.399999931398838,1.8989752561537898e-06,7.399996714448844,7.399994815473588,34,20,127,Explotacion activa
644,4,EHO,poblacional,821.0,821.0,True,False,7.399999970906379,2.741228399827378e-08,7.399999943494095,1.8538553945290908e-06,7.399996905774844,7.39999505191945,35,21,128,Explotacion activa
645,4,EHO,poblacional,821.0,821.0,True,False,7.399999977794664,2.2205313143786043e-08,7.399999955589351,1.5380163631562023e-06,7.399996932478098,7.399995394461735,36,22,129,Explotacion activa
646,4,EHO,poblacional,821.0,821.0,True,False,7.399999971525858,1.0110056791745592e-08,7.399999961415801,1.3611979738925584e-06,7.399997098201993,7.399995737004019,37,23,130,Explotacion activa
647,4,EHO,poblacional,821.0,821.0,True,False,7.399999976306162,1.0110056791745592e-08,7.399999966196106,1.2570411627166322e-06,7.399997336587466,7.399996079546304,38,24,131,Explotacion activa
648,4,EHO,poblacional,821.0,821.0,True,True,7.399999980782013,9.805603440327104e-09,7.39999997097641,1.1955176546507571e-06,7.399997617606243,7.399996422088589,39,25,132,ESTANCAMIENTO (Fire)
649,5,GWO,poblacional,821.0,821.0,False,False,,,,,,,0,0,1,Llenando ventana
650,5,GWO,poblacional,821.0,821.0,False,False,,,,,,,1,0,2,Llenando ventana
651,5,GWO,poblacional,821.0,821.0,False,False,,,,,,,2,0,3,Llenando ventana
652,5,GWO,poblacional,821.0,821.0,False,False,,,,,,,3,0,4,Llenando ventana
653,5,GWO,poblacional,821.0,821.0,False,False,,,,,,,4,0,5,Llenando ventana
654,5,GWO,poblacional,821.0,821.0,False,False,,,,,,,5,0,6,Llenando ventana
655,5,GWO,poblacional,821.0,821.0,False,False,,,,,,,6,0,7,Llenando ventana
656,5,GWO,poblacional,821.0,821.0,False,False,,,,,,,7,0,8,Llenando ventana
657,5,GWO,poblacional,821.0,821.0,False,False,,,,,,,8,0,9,Llenando ventana
658,5,GWO,poblacional,821.0,821.0,False,False,,,,,,,9,0,10,Llenando ventana
659,5,GWO,poblacional,821.0,821.0,False,False,,,,,,,10,0,11,Llenando ventana
660,5,GWO,poblacional,821.0,821.0,False,False,,,,,,,11,0,12,Llenando ventana
661,5,GWO,poblacional,821.0,821.0,False,False,,,,,,,12,0,13,Llenando ventana
662,5,GWO,poblacional,821.0,821.0,False,False,,,,,,,13,0,14,Llenando ventana
663,5,GWO,poblacional,821.0,821.0,False,False,,,,,,,14,0,15,Llenando ventana
664,5,GWO,poblacional,821.0,821.0,False,False,,,,,,,15,0,16,Llenando ventana
665,5,GWO,poblacional,821.0,821.0,False,False,,,,,,,16,0,17,Llenando ventana
666,5,GWO,poblacional,821.0,821.0,False,False,,,,,,,17,0,18,Llenando ventana
667,5,GWO,poblacional,821.0,821.0,False,False,,,,,,,18,0,19,Llenando ventana
668,5,GWO,poblacional,821.0,821.0,False,False,,,,,,,19,0,20,Llenando ventana
669,5,GWO,poblacional,821.0,821.0,False,False,,,,,,,20,0,21,Llenando ventana
670,5,GWO,poblacional,821.0,821.0,False,False,,,,,,,21,0,22,Llenando ventana
671,5,GWO,poblacional,821.0,821.0,False,False,,,,,,,22,0,23,Llenando ventana
672,5,GWO,poblacional,821.0,821.0,False,False,,,,,,,23,0,24,Llenando ventana
673,5,GWO,poblacional,821.0,821.0,False,False,,,,,,,24,0,25,Llenando ventana
674,5,GWO,poblacional,821.0,821.0,False,False,,,,,,,25,0,26,Llenando ventana
675,5,GWO,poblacional,821.0,821.0,False,False,,,,,,,26,0,27,Llenando ventana
676,5,GWO,poblacional,821.0,821.0,False,False,,,,,,,27,0,28,Llenando ventana
677,5,GWO,poblacional,821.0,821.0,False,False,,,,,,,28,0,29,Llenando ventana
678,5,GWO,poblacional,821.0,821.0,False,False,,,,,,,29,0,30,Llenando ventana
679,5,GWO,poblacional,821.0,821.0,False,False,,,,,,,30,0,31,Llenando ventana
680,5,GWO,poblacional,821.0,821.0,False,False,,,,,,,31,0,32,Llenando ventana
681,5,GWO,poblacional,821.0,821.0,False,False,,,,,,,32,0,33,Llenando ventana
682,5,GWO,poblacional,821.0,821.0,False,False,,,,,,,33,0,34,Llenando ventana
683,5,GWO,poblacional,821.0,821.0,False,False,,,,,,,34,0,35,Llenando ventana
684,5,GWO,poblacional,821.0,821.0,False,False,,,,,,,35,0,36,Llenando ventana
685,5,GWO,poblacional,821.0,821.0,False,False,,,,,,,36,0,37,Llenando ventana
686,5,GWO,poblacional,821.0,821.0,False,False,,,,,,,37,0,38,Llenando ventana
687,5,GWO,poblacional,821.0,821.0,False,False,,,,,,,38,0,39,Llenando ventana
688,5,GWO,poblacional,821.0,821.0,False,False,,,,,,,39,0,40,Llenando ventana
689,5,GWO,poblacional,821.0,821.0,False,False,,,,,,,40,0,41,Llenando ventana
690,5,GWO,poblacional,821.0,821.0,False,False,,,,,,,41,0,42,Llenando ventana
691,5,GWO,poblacional,821.0,821.0,False,False,,,,,,,42,0,43,Llenando ventana
692,5,GWO,poblacional,821.0,821.0,False,False,,,,,,,43,0,44,Llenando ventana
693,5,GWO,poblacional,821.0,821.0,False,False,,,,,,,44,0,45,Llenando ventana
694,5,GWO,poblacional,821.0,821.0,False,False,,,,,,,45,0,46,Llenando ventana
695,5,GWO,poblacional,821.0,821.0,False,False,,,,,,,46,0,47,Llenando ventana
696,5,GWO,poblacional,821.0,821.0,False,False,,,,,,,47,0,48,Llenando ventana
697,5,GWO,poblacional,821.0,821.0,False,False,,,,,,,48,0,49,Llenando ventana
698,5,GWO,poblacional,821.0,821.0,False,False,,,,,,,49,0,50,Llenando ventana
699,5,GWO,poblacional,821.0,821.0,False,False,,,,,,,50,0,51,Llenando ventana
700,5,GWO,poblacional,821.0,821.0,False,False,,,,,,,51,0,52,Llenando ventana
701,5,GWO,poblacional,821.0,821.0,False,False,,,,,,,52,0,53,Llenando ventana
702,5,GWO,poblacional,821.0,821.0,False,False,,,,,,,53,0,54,Llenando ventana
703,5,GWO,poblacional,821.0,821.0,False,False,,,,,,,54,0,55,Llenando ventana
704,5,GWO,poblacional,821.0,821.0,False,False,,,,,,,55,0,56,Llenando ventana
705,5,GWO,poblacional,821.0,821.0,False,False,,,,,,,56,0,57,Llenando ventana
706,5,GWO,poblacional,821.0,821.0,False,False,,,,,,,57,0,58,Llenando ventana
707,5,GWO,poblacional,821.0,821.0,False,False,,,,,,,58,0,59,Llenando ventana
708,5,GWO,poblacional,821.0,821.0,False,False,,,,,,,59,0,60,Llenando ventana
709,5,GWO,poblacional,820.0972037577113,820.0972037577113,False,False,,,,,,,0,0,61,Llenando ventana
710,5,GWO,poblacional,820.0972037577113,820.0972037577113,False,False,,,,,,,1,0,62,Llenando ventana
711,5,GWO,poblacional,820.0972037577113,820.0972037577113,False,False,,,,,,,2,0,63,Llenando ventana
712,5,GWO,poblacional,820.0972037577113,820.0972037577113,False,False,,,,,,,3,0,64,Llenando ventana
713,5,GWO,poblacional,820.0972037577113,820.0972037577113,False,False,,,,,,,4,0,65,Llenando ventana
714,5,GWO,poblacional,820.0972037577113,820.0972037577113,False,False,,,,,,,5,0,66,Llenando ventana
715,5,GWO,poblacional,820.0972037577113,820.0972037577113,False,False,,,,,,,6,0,67,Llenando ventana
716,5,GWO,poblacional,820.0972037577113,820.0972037577113,False,False,,,,,,,7,0,68,Llenando ventana
717,5,GWO,poblacional,819.441901822443,819.441901822443,False,False,,,,,,,0,0,69,Llenando ventana
718,5,GWO,poblacional,819.441901822443,819.441901822443,False,False,,,,,,,1,0,70,Llenando ventana
719,5,GWO,poblacional,819.441901822443,819.441901822443,False,False,,,,,,,2,0,71,Llenando ventana
720,5,GWO,poblacional,819.441901822443,819.441901822443,False,False,,,,,,,3,0,72,Llenando ventana
721,5,GWO,poblacional,819.441901822443,819.441901822443,False,False,,,,,,,4,0,73,Llenando ventana
722,5,GWO,poblacional,819.441901822443,819.441901822443,False,False,,,,,,,5,0,74,Llenando ventana
723,5,GWO,poblacional,819.441901822443,819.441901822443,True,False,8.558098177556872,1.5580981775569853,6.999999999999886,7.5,37.5,22.5,6,0,75,Explotacion activa
724,5,GWO,poblacional,819.441901822443,819.441901822443,True,False,8.558098177556872,1.5580981775569853,6.999999999999886,7.5,37.5,22.5,7,0,76,Explotacion activa
725,5,GWO,poblacional,819.441901822443,819.441901822443,True,False,8.558098177556872,1.5580981775569853,6.999999999999886,7.5,37.5,22.5,8,0,77,Explotacion activa
726,5,GWO,poblacional,819.441901822443,819.441901822443,True,False,8.558098177556872,1.5580981775569853,6.999999999999886,7.5,37.5,22.5,9,0,78,Explotacion activa
727,5,GWO,poblacional,819.441901822443,819.441901822443,True,False,8.558098177556872,1.5580981775569853,6.999999999999886,7.5,37.5,22.5,10,0,79,Explotacion activa
728,5,GWO,poblacional,819.441901822443,819.441901822443,True,False,8.558098177556872,1.5580981775569853,6.999999999999886,7.5,37.5,22.5,11,0,80,Explotacion activa
729,5,GWO,poblacional,819.441901822443,819.441901822443,True,False,8.558098177556872,1.5580981775569853,6.999999999999886,7.5,37.5,22.5,12,0,81,Explotacion activa
730,5,GWO,poblacional,819.441901822443,819.441901822443,True,False,8.558098177556872,1.5580981775569853,6.999999999999886,7.5,37.5,22.5,13,0,82,Explotacion activa
731,5,GWO,poblacional,819.441901822443,819.441901822443,True,False,8.558098177556872,1.5580981775569853,6.999999999999886,7.5,37.5,22.5,14,0,83,Explotacion activa
732,5,GWO,poblacional,819.441901822443,819.441901822443,True,False,8.558098177556872,1.5580981775569853,6.999999999999886,1.5580981775569853,8.558098177556872,6.999999999999886,15,1,84,Explotacion activa
733,5,GWO,poblacional,819.441901822443,819.441901822443,True,False,8.558098177556872,1.5580981775569853,6.999999999999886,1.5580981775569853,8.558098177556872,6.999999999999886,16,2,85,Explotacion activa
734,5,GWO,poblacional,819.441901822443,819.441901822443,True,False,8.558098177556872,1.5580981775569853,6.999999999999886,1.5580981775569853,8.558098177556872,6.999999999999886,17,3,86,Explotacion activa
735,5,GWO,poblacional,819.441901822443,819.441901822443,True,False,8.558098177556872,1.5580981775569853,6.999999999999886,1.5580981775569853,8.558098177556872,6.999999999999886,18,4,87,Explotacion activa
736,5,GWO,poblacional,819.441901822443,819.441901822443,True,False,8.558098177556872,1.5580981775569853,6.999999999999886,1.5580981775569853,8.558098177556872,6.999999999999886,19,5,88,Explotacion activa
737,5,GWO,poblacional,819.441901822443,819.441901822443,True,False,8.558098177556872,1.5580981775569853,6.999999999999886,1.5580981775569853,8.558098177556872,6.999999999999886,20,6,89,Explotacion activa
738,5,GWO,poblacional,819.441901822443,819.441901822443,True,False,8.558098177556872,1.5580981775569853,6.999999999999886,1.5580981775569853,8.558098177556872,6.999999999999886,21,7,90,Explotacion activa
739,5,GWO,poblacional,819.441901822443,819.441901822443,True,False,8.558098177556872,1.5580981775569853,6.999999999999886,1.5580981775569853,8.558098177556872,6.999999999999886,22,8,91,Explotacion activa
740,5,GWO,poblacional,819.441901822443,819.441901822443,True,False,8.558098177556872,1.5580981775569853,6.999999999999886,1.5580981775569853,8.558098177556872,6.999999999999886,23,9,92,Explotacion activa
741,5,GWO,poblacional,819.441901822443,819.441901822443,True,False,8.558098177556872,1.5580981775569853,6.999999999999886,1.5580981775569853,8.558098177556872,6.999999999999886,24,10,93,Explotacion activa
742,5,GWO,poblacional,819.441901822443,819.441901822443,True,False,8.558098177556872,1.5580981775569853,6.999999999999886,1.5580981775569853,8.558098177556872,6.999999999999886,25,11,94,Explotacion activa
743,5,GWO,poblacional,819.441901822443,819.441901822443,True,False,8.558098177556872,1.5580981775569853,6.999999999999886,1.5580981775569853,8.558098177556872,6.999999999999886,26,12,95,Explotacion activa
744,5,GWO,poblacional,819.441901822443,819.441901822443,True,False,8.558098177556872,1.5580981775569853,6.999999999999886,1.5580981775569853,8.558098177556872,6.999999999999886,27,13,96,Explotacion activa
745,5,GWO,poblacional,819.441901822443,819.441901822443,True,False,8.558098177556872,1.5580981775569853,6.999999999999886,1.5580981775569853,8.558098177556872,6.999999999999886,28,14,97,Explotacion activa
746,5,GWO,poblacional,819.441901822443,819.441901822443,True,False,8.558098177556872,1.5580981775569853,6.999999999999886,1.5580981775569853,8.558098177556872,6.999999999999886,29,15,98,Explotacion activa
747,5,GWO,poblacional,819.441901822443,819.441901822443,True,False,8.558098177556872,1.5580981775569853,6.999999999999886,1.5580981775569853,8.558098177556872,6.999999999999886,30,16,99,Explotacion activa
748,5,GWO,poblacional,819.441901822443,819.441901822443,True,False,8.558098177556872,1.5580981775569853,6.999999999999886,1.5580981775569853,8.558098177556872,6.999999999999886,31,17,100,Explotacion activa
749,5,GWO,poblacional,819.441901822443,819.441901822443,True,False,8.558098177556872,1.5580981775569853,6.999999999999886,1.5580981775569853,8.558098177556872,6.999999999999886,32,18,101,Explotacion activa
750,5,GWO,poblacional,819.441901822443,819.441901822443,True,False,8.558098177556872,1.5580981775569853,6.999999999999886,1.5580981775569853,8.558098177556872,6.999999999999886,33,19,102,Explotacion activa
751,5,GWO,poblacional,819.441901822443,819.441901822443,True,False,8.558098177556872,1.5580981775569853,6.999999999999886,1.5580981775569853,8.558098177556872,6.999999999999886,34,20,103,Explotacion activa
752,5,GWO,poblacional,819.441901822443,819.441901822443,True,False,8.558098177556872,1.5580981775569853,6.999999999999886,1.5580981775569853,8.558098177556872,6.999999999999886,35,21,104,Explotacion activa
753,5,GWO,poblacional,819.441901822443,819.441901822443,True,False,8.558098177556872,1.5580981775569853,6.999999999999886,1.5580981775569853,8.558098177556872,6.999999999999886,36,22,105,Explotacion activa
754,5,GWO,poblacional,819.441901822443,819.441901822443,True,False,8.558098177556872,1.5580981775569853,6.999999999999886,1.5580981775569853,8.558098177556872,6.999999999999886,37,23,106,Explotacion activa
755,5,GWO,poblacional,819.441901822443,819.441901822443,True,False,8.558098177556872,1.5580981775569853,6.999999999999886,1.5580981775569853,8.558098177556872,6.999999999999886,38,24,107,Explotacion activa
756,5,GWO,poblacional,819.441901822443,819.441901822443,True,True,8.558098177556872,1.5580981775569853,6.999999999999886,1.5580981775569853,8.558098177556872,6.999999999999886,39,25,108,ESTANCAMIENTO (Fire)
757,6,WOA,poblacional,819.441901822443,819.441901822443,False,False,,,,,,,0,0,1,Llenando ventana
758,6,WOA,poblacional,810.2452257157256,810.2452257157256,False,False,,,,,,,0,0,2,Llenando ventana
759,6,WOA,poblacional,809.7412454344772,809.7412454344772,False,False,,,,,,,0,0,3,Llenando ventana
760,6,WOA,poblacional,809.6438193023228,809.6438193023228,False,False,,,,,,,0,0,4,Llenando ventana
761,6,WOA,poblacional,808.6742538099865,808.6742538099865,False,False,,,,,,,0,0,5,Llenando ventana
762,6,WOA,poblacional,807.9949574297046,807.9949574297046,False,False,,,,,,,0,0,6,Llenando ventana
763,6,WOA,poblacional,807.7149158018254,807.7149158018254,False,False,,,,,,,0,0,7,Llenando ventana
764,6,WOA,poblacional,807.4412299330171,807.4412299330171,False,False,,,,,,,0,0,8,Llenando ventana
765,6,WOA,poblacional,806.7266362688198,806.7266362688198,False,False,,,,,,,0,0,9,Llenando ventana
766,6,WOA,poblacional,806.4409239071206,806.4409239071206,False,False,,,,,,,0,0,10,Llenando ventana
767,6,WOA,poblacional,806.3514766751655,806.3514766751655,False,False,,,,,,,0,0,11,Llenando ventana
768,6,WOA,poblacional,806.3232040599814,806.3232040599814,False,False,,,,,,,0,0,12,Llenando ventana
769,6,WOA,poblacional,806.1159362967112,806.1159362967112,False,False,,,,,,,0,0,13,Llenando ventana
770,6,WOA,poblacional,806.1159362967112,806.1159362967112,False,False,,,,,,,1,0,14,Llenando ventana
771,6,WOA,poblacional,806.1159362967112,806.1159362967112,False,False,,,,,,,2,0,15,Llenando ventana
772,6,WOA,poblacional,806.1108617112093,806.1108617112093,False,False,,,,,,,0,0,16,Llenando ventana
773,6,WOA,poblacional,806.107442515208,806.107442515208,False,False,,,,,,,0,0,17,Llenando ventana
774,6,WOA,poblacional,806.1069146061906,806.1069146061906,False,False,,,,,,,0,0,18,Llenando ventana
775,6,WOA,poblacional,806.0998415483981,806.0998415483981,False,False,,,,,,,0,0,19,Llenando ventana
776,6,WOA,poblacional,806.0947925355505,806.0947925355505,False,False,,,,,,,0,0,20,Llenando ventana
777,6,WOA,poblacional,806.0861997668967,806.0861997668967,False,False,,,,,,,0,0,21,Llenando ventana
778,6,WOA,poblacional,806.0834724938792,806.0834724938792,False,False,,,,,,,0,0,22,Llenando ventana
779,6,WOA,poblacional,806.0795326307535,806.0795326307535,False,False,,,,,,,0,0,23,Llenando ventana
780,6,WOA,poblacional,806.0699513678038,806.0699513678038,False,False,,,,,,,0,0,24,Llenando ventana
781,6,WOA,poblacional,806.0578520514284,806.0578520514284,False,False,,,,,,,0,0,25,Llenando ventana
782,6,WOA,poblacional,806.0492948982038,806.0492948982038,False,False,,,,,,,0,0,26,Llenando ventana
783,6,WOA,poblacional,806.0472736016209,806.0472736016209,False,False,,,,,,,0,0,27,Llenando ventana
784,6,WOA,poblacional,806.040484749919,806.040484749919,False,False,,,,,,,0,0,28,Llenando ventana
785,6,WOA,poblacional,806.028035565099,806.028035565099,False,False,,,,,,,0,0,29,Llenando ventana
786,6,WOA,poblacional,806.0255790549083,806.0255790549083,False,False,,,,,,,0,0,30,Llenando ventana
787,6,WOA,poblacional,806.0147355286563,806.0147355286563,False,False,,,,,,,0,0,31,Llenando ventana
788,6,WOA,poblacional,806.0128568670609,806.0128568670609,False,False,,,,,,,0,0,32,Llenando ventana
789,6,WOA,poblacional,806.0097646570728,806.0097646570728,False,False,,,,,,,0,0,33,Llenando ventana
790,6,WOA,poblacional,806.0065667015564,806.0065667015564,False,False,,,,,,,0,0,34,Llenando ventana
791,6,WOA,poblacional,806.002960857159,806.002960857159,False,False,,,,,,,0,0,35,Llenando ventana
792,6,WOA,poblacional,806.0024414548839,806.0024414548839,False,False,,,,,,,0,0,36,Llenando ventana
793,6,WOA,poblacional,806.0020192050644,806.0020192050644,False,False,,,,,,,0,0,37,Llenando ventana
794,6,WOA,poblacional,806.0020192050644,806.0020192050644,False,False,,,,,,,1,0,38,Llenando ventana
795,6,WOA,poblacional,806.001977018829,806.001977018829,False,False,,,,,,,0,0,39,Llenando ventana
796,6,WOA,poblacional,806.0018637962014,806.0018637962014,False,False,,,,,,,0,0,40,Llenando ventana
797,6,WOA,poblacional,806.0018533877707,806.0018533877707,False,False,,,,,,,0,0,41,Llenando ventana
798,6,WOA,poblacional,806.0017963597761,806.0017963597761,False,False,,,,,,,0,0,42,Llenando ventana
799,6,WOA,poblacional,806.0017768971401,806.0017768971401,False,False,,,,,,,0,0,43,Llenando ventana
800,6,WOA,poblacional,806.0015216991446,806.0015216991446,False,False,,,,,,,0,0,44,Llenando ventana
801,6,WOA,poblacional,806.0015145390639,806.0015145390639,False,False,,,,,,,0,0,45,Llenando ventana
802,6,WOA,poblacional,806.0014715516685,806.0014715516685,False,False,,,,,,,0,0,46,Llenando ventana
803,6,WOA,poblacional,806.0012878462492,806.0012878462492,False,False,,,,,,,0,0,47,Llenando ventana
804,6,WOA,poblacional,806.0012381567044,806.0012381567044,False,False,,,,,,,0,0,48,Llenando ventana
805,6,WOA,poblacional,806.0011444153444,806.0011444153444,False,False,,,,,,,0,0,49,Llenando ventana
806,6,WOA,poblacional,806.0010809480574,806.0010809480574,False,False,,,,,,,0,0,50,Llenando ventana
807,6,WOA,poblacional,806.0009199549698,806.0009199549698,False,False,,,,,,,0,0,51,Llenando ventana
808,6,WOA,poblacional,806.0007944658639,806.0007944658639,False,False,,,,,,,0,0,52,Llenando ventana
809,6,WOA,poblacional,806.0005438577622,806.0005438577622,False,False,,,,,,,0,0,53,Llenando ventana
810,6,WOA,poblacional,806.0004444989819,806.0004444989819,False,False,,,,,,,0,0,54,Llenando ventana
811,6,WOA,poblacional,806.0004388665812,806.0004388665812,False,False,,,,,,,0,0,55,Llenando ventana
812,6,WOA,poblacional,806.0003953831164,806.0003953831164,False,False,,,,,,,0,0,56,Llenando ventana
813,6,WOA,poblacional,806.0002239391948,806.0002239391948,False,False,,,,,,,0,0,57,Llenando ventana
814,6,WOA,poblacional,806.0001577822935,806.0001577822935,False,False,,,,,,,0,0,58,Llenando ventana
815,6,WOA,poblacional,806.0001545102533,806.0001545102533,False,False,,,,,,,0,0,59,Llenando ventana
816,6,WOA,poblacional,806.0001125008363,806.0001125008363,False,False,,,,,,,0,0,60,Llenando ventana
817,6,WOA,poblacional,806.0001006626322,806.0001006626322,False,False,,,,,,,0,0,61,Llenando ventana
818,6,WOA,poblacional,806.0000990641654,806.0000990641654,False,False,,,,,,,0,0,62,Llenando ventana
819,6,WOA,poblacional,806.0000990641654,806.0000990641654,False,False,,,,,,,1,0,63,Llenando ventana
820,6,WOA,poblacional,806.0000971969796,806.0000971969796,False,False,,,,,,,0,0,64,Llenando ventana
821,6,WOA,poblacional,806.000091193658,806.000091193658,False,False,,,,,,,0,0,65,Llenando ventana
822,6,WOA,poblacional,806.0000909130775,806.0000909130775,False,False,,,,,,,0,0,66,Llenando ventana
823,6,WOA,poblacional,806.000086634664,806.000086634664,False,False,,,,,,,0,0,67,Llenando ventana
824,6,WOA,poblacional,806.000084143737,806.000084143737,False,False,,,,,,,0,0,68,Llenando ventana
825,6,WOA,poblacional,806.000084143737,806.000084143737,False,False,,,,,,,1,0,69,Llenando ventana
826,6,WOA,poblacional,806.0000782564463,806.0000782564463,False,False,,,,,,,0,0,70,Llenando ventana
827,6,WOA,poblacional,806.0000775339415,806.0000775339415,False,False,,,,,,,0,0,71,Llenando ventana
828,6,WOA,poblacional,806.0000724001599,806.0000724001599,False,False,,,,,,,0,0,72,Llenando ventana
829,6,WOA,poblacional,806.0000637077483,806.0000637077483,False,False,,,,,,,0,0,73,Llenando ventana
830,6,WOA,poblacional,806.000051567114,806.000051567114,False,False,,,,,,,0,0,74,Llenando ventana
831,6,WOA,poblacional,806.0000491260478,806.0000491260478,True,False,18.37978639648111,13.441852696395244,4.937933700085864,7.5,37.5,22.5,0,0,75,Explotacion activa
832,6,WOA,poblacional,806.0000474604923,806.0000474604923,True,False,9.38310862420849,4.245178255233327,5.137930368975162,7.5,37.5,22.5,0,0,76,Explotacion activa
833,6,WOA,poblacional,806.0000474604923,806.0000474604923,True,False,9.079128342959848,3.7411979739848675,5.33793036897498,7.5,37.5,22.5,1,0,77,Explotacion activa
834,6,WOA,poblacional,806.000044599945,806.000044599945,True,False,9.17655161456696,3.6437747023777547,5.532776912189206,7.5,37.5,22.5,0,0,78,Explotacion activa
835,6,WOA,poblacional,806.0000383997454,806.0000383997454,True,False,8.406979922031383,2.674215410241004,5.7327645117903785,7.5,37.5,22.5,0,0,79,Explotacion activa
836,6,WOA,poblacional,806.0000315656847,806.0000315656847,True,False,7.927676707688647,1.9949258640199332,5.932750843668714,7.5,37.5,22.5,0,0,80,Explotacion activa
837,6,WOA,poblacional,806.000027420805,806.000027420805,True,False,7.847630934929839,1.714888381020387,6.132742553909452,7.5,37.5,22.5,0,0,81,Explotacion activa
838,6,WOA,poblacional,806.0000269105831,806.0000269105831,True,False,7.773944555899334,1.4412030224340242,6.33274153346531,7.5,37.5,22.5,0,0,82,Explotacion activa
839,6,WOA,poblacional,806.0000265583025,806.0000265583025,True,False,7.259350539421462,0.726609710517323,6.532740828904139,7.5,37.5,22.5,0,0,83,Explotacion activa
840,6,WOA,poblacional,806.0000255762503,806.0000255762503,True,False,7.173637195670381,0.44089833087025454,6.732738864800126,1.632782773444478,9.108355324441982,6.192742247776209,0,0,84,Explotacion activa
841,6,WOA,poblacional,806.0000245805244,806.0000245805244,True,False,7.263083431899304,0.35145209464110394,6.9116313372582,1.4412030224340242,9.079128342959848,6.33274153346531,0,0,85,Explotacion activa
842,6,WOA,poblacional,806.0000234322771,806.0000234322771,True,False,7.291354898836062,0.3231806277043461,6.968174271131716,0.9409877040923332,8.877483816681307,6.472741040272489,0,0,86,Explotacion activa
843,6,WOA,poblacional,806.0000199632425,806.0000199632425,True,False,7.239226895113006,0.11591633346870367,7.123310561644303,0.6123251586584956,8.675839290402768,6.612740043262534,0,0,87,Explotacion activa
844,6,WOA,poblacional,806.0000169409905,806.0000169409905,True,False,7.251673057680932,0.11591935572073453,7.135753701960198,0.43195370724733945,8.47419476412423,6.750628112045933,0,0,88,Explotacion activa
845,6,WOA,poblacional,806.000015038532,806.000015038532,True,False,7.261862053745062,0.1159212581792417,7.145940795565821,0.36934134188693407,8.311119279162835,6.875852842766585,0,0,89,Explotacion activa
846,6,WOA,poblacional,806.000015012782,806.000015012782,True,False,7.264667168744495,0.1108466984272809,7.153820470317214,0.337316361172725,8.167328314860015,6.939902804194958,0,0,90,Explotacion activa
847,6,WOA,poblacional,806.000014080237,806.000014080237,True,False,7.2736962250181705,0.10742843497109789,7.166267790047073,0.28172875379932516,8.023537350557193,6.999201529234233,0,0,91,Explotacion activa
848,6,WOA,poblacional,806.0000138772226,806.0000138772226,True,False,7.285617297806311,0.10690072896795755,7.178716568838354,0.13664719513175205,7.919672130412766,7.107796932593044,0,0,92,Explotacion activa
849,6,WOA,poblacional,806.0000134688906,806.0000134688906,True,False,7.2909930165018295,0.09982807950746064,7.191164936994369,0.1159201167041374,7.895658398585124,7.13077644583384,0,0,93,Explotacion activa
850,6,WOA,poblacional,806.0000121242214,806.0000121242214,True,False,7.298391843804893,0.0947804113291113,7.203611432475782,0.11591844904512527,7.871644666757481,7.138809830041884,0,0,94,Explotacion activa
851,6,WOA,poblacional,806.0000107633472,806.0000107633472,True,False,7.302246899096872,0.08618900354952075,7.216057895547351,0.11591633346870367,7.847630934929839,7.145940795565821,0,0,95,Explotacion activa
852,6,WOA,poblacional,806.0000094926336,806.0000094926336,True,False,7.311967540185719,0.08346300124560457,7.228504538940115,0.11236758893970773,7.825525021220687,7.151456567891796,0,0,96,Explotacion activa
853,6,WOA,poblacional,806.0000089400502,806.0000089400502,True,False,7.320476309296623,0.07952369070335408,7.240952618593269,0.1094793930448077,7.803419107511536,7.158799398209157,0,0,97,Explotacion activa
854,6,WOA,poblacional,806.0000088574733,806.0000088574733,True,False,7.330057489669457,0.06994251033052024,7.260114979338937,0.10737566437078386,7.781313193802384,7.167512667926201,0,0,98,Explotacion activa
855,6,WOA,poblacional,806.0000086697851,806.0000086697851,True,False,7.338415148331819,0.05784338164335168,7.2805717666884675,0.10700627016858562,7.68683867438583,7.176226813080097,0,0,99,Explotacion activa
856,6,WOA,poblacional,806.0000085009069,806.0000085009069,True,False,7.342307011049002,0.04928639729689621,7.293020613752105,0.1033644042377091,7.558125783474168,7.184940752916361,0,0,100,Explotacion activa
857,6,WOA,poblacional,806.0000083517245,806.0000083517245,True,False,7.35273475010365,0.04726524989632708,7.305469500207323,0.09881854587179077,7.436976711262787,7.1936542360906515,0,0,101,Explotacion activa
858,6,WOA,poblacional,806.000008252091,806.000008252091,True,False,7.35952350217201,0.04047649782796725,7.319047004344043,0.09528517814694623,7.358844626965174,7.2023667829276405,0,0,102,Explotacion activa
859,6,WOA,poblacional,806.0000079188576,806.0000079188576,True,False,7.3660418478878,0.028027646241412185,7.338014201646388,0.08962556666135697,7.363434509601484,7.211079310318723,0,0,103,Explotacion activa
860,6,WOA,poblacional,806.0000077537744,806.0000077537744,True,False,7.374428698866041,0.025571301133936686,7.348857397732104,0.08537120285834589,7.368557903181272,7.21979188856518,0,0,104,Explotacion activa
861,6,WOA,poblacional,806.0000061769044,806.0000061769044,True,False,7.385270648248138,0.014729351751839204,7.370541296496299,0.08346300124560457,7.374428698866041,7.228504538940115,0,0,105,Explotacion activa
862,6,WOA,poblacional,806.0000050523366,806.0000050523366,True,False,7.3871481852756915,0.01285181472428576,7.374296370551406,0.08070548386602922,7.382018063433509,7.237218194697323,0,0,106,Explotacion activa
863,6,WOA,poblacional,806.0000047931792,806.0000047931792,True,False,7.390240136106399,0.009759863893577858,7.3804802722128215,0.07569121855422054,7.386021663059159,7.248617562891536,0,0,107,Explotacion activa
864,6,WOA,poblacional,806.0000047367174,806.0000047367174,True,False,7.393438035161012,0.00656196483896565,7.386876070322046,0.06873259746180338,7.387457380358763,7.26216065807389,0,0,108,Explotacion activa
865,6,WOA,poblacional,806.0000041465956,806.0000041465956,True,False,7.397043289436624,0.0029567105633532265,7.394086578873271,0.06026320738078538,7.389621745940258,7.2764804092185615,0,0,109,Explotacion activa
866,6,WOA,poblacional,806.0000032405338,806.0000032405338,True,False,7.397104515169417,0.0024382143500361053,7.394666300819381,0.053564889470123944,7.3918390856337055,7.2867961902202865,0,0,110,Explotacion activa
867,6,WOA,poblacional,806.0000026135654,806.0000026135654,True,False,7.396936836376881,0.002016591499000242,7.394920244877881,0.04888216781678238,7.394137795404186,7.295510391043149,0,0,111,Explotacion activa
868,6,WOA,poblacional,806.0000025900576,806.0000025900576,True,False,7.3971920108646145,0.0020166150067097988,7.395175395857905,0.04746736463638399,7.396586956255294,7.304224611561802,0,0,112,Explotacion activa
869,6,WOA,poblacional,806.0000025682949,806.0000025682949,True,False,7.397282227074811,0.0019744505341350305,7.395307776540676,0.04319199865531118,7.397000708212727,7.313616002689355,0,0,113,Explotacion activa
870,6,WOA,poblacional,806.0000025488717,806.0000025488717,True,False,7.397419593125733,0.0018612473296570897,7.395558345796076,0.036741842352000724,7.397061657156462,7.3247371635347465,0,0,114,Explotacion activa
871,6,WOA,poblacional,806.0000023400112,806.0000023400112,True,False,7.397625157660855,0.001851047759487301,7.395774109901367,0.028027646241412185,7.397104515169417,7.338014201646388,0,0,115,Explotacion activa
872,6,WOA,poblacional,806.0000019359355,806.0000019359355,True,False,7.397755208310741,0.0017944238405789292,7.395960784470162,0.026308204666179332,7.397165762156055,7.345604438906389,0,0,116,Explotacion activa
873,6,WOA,poblacional,806.0000012692163,806.0000012692163,True,False,7.397862013529448,0.0017756279237346462,7.396086385605713,0.021234521381097687,7.397228097348693,7.357530957237782,0,0,117,Explotacion activa
874,6,WOA,poblacional,806.0000009436978,806.0000009436978,True,False,7.3978570981172425,0.0015207554467906448,7.396336342670452,0.01454159804908386,7.397295963679904,7.370916803901809,0,0,118,Explotacion activa
875,6,WOA,poblacional,806.0000007045942,806.0000007045942,True,False,7.3981003070346105,0.0015138344697334105,7.396586472564877,0.013227322129796448,7.397392119915549,7.373545355740385,0,0,119,Explotacion activa
876,6,WOA,poblacional,806.0000006483275,806.0000006483275,True,False,7.3983078714742305,0.0014709033409872063,7.396836968133243,0.011305839308931809,7.397522375393294,7.377388321382114,0,0,120,Explotacion activa
877,6,WOA,poblacional,806.0000006015493,806.0000006015493,True,False,7.398374727378496,0.0012872446998244413,7.397087482678671,0.009120284082655413,7.397651167790832,7.381759431834666,0,0,121,Explotacion activa
878,6,WOA,poblacional,806.0000004526642,806.0000004526642,True,False,7.398575497050274,0.0012377040402498096,7.397337793010024,0.00688175474442687,7.397742203245753,7.3862364905111235,0,0,122,Explotacion activa
879,6,WOA,poblacional,806.0000004244706,806.0000004244706,True,False,7.3987323355984245,0.0011439908737429505,7.3975883447246815,0.004398812273598191,7.397816342194642,7.391202375452781,0,0,123,Explotacion activa
880,6,WOA,poblacional,806.0000003717925,806.0000003717925,True,False,7.3989194237350375,0.0010805762649397366,7.397838847470098,0.0028011616993580896,7.397858572740904,7.394260495457104,0,0,124,Explotacion activa
881,6,WOA,poblacional,806.0000003681319,806.0000003681319,True,False,7.3990804131619825,0.0009195868379947569,7.398160826323988,0.0024382143500361053,7.397862013529448,7.394666300819381,0,0,125,Explotacion activa
882,6,WOA,poblacional,806.0000003681319,806.0000003681319,True,False,7.399205902267909,0.0007940977320686216,7.39841180453584,0.00214309480970769,7.398028818983062,7.394844061660331,1,0,126,Explotacion activa
883,6,WOA,poblacional,806.0000003641626,806.0000003641626,True,False,7.399239123927373,0.000543493599593603,7.398695630327779,0.002016605603625976,7.398183332810459,7.39502230526989,0,0,127,Explotacion activa
884,6,WOA,poblacional,806.0000003536944,806.0000003536944,True,False,7.399311198600458,0.00044414528747438453,7.398867053312983,0.002012377402513721,7.398314557064657,7.395188633926182,0,0,128,Explotacion activa
885,6,WOA,poblacional,806.0000003438287,806.0000003438287,True,False,7.399477000255615,0.00043852275257449946,7.399038477503041,0.001982878727108073,7.3983613561976425,7.395281300404122,0,0,129,Explotacion activa
886,6,WOA,poblacional,806.0000002976406,806.0000002976406,True,False,7.399604914524161,0.0003950854758159039,7.3992098290483455,0.00191784893189606,7.398475112214385,7.395433061168376,0,0,130,Explotacion activa
887,6,WOA,poblacional,806.000000257127,806.000000257127,True,False,7.399776317932151,0.00022368206782630295,7.399552635864325,0.001859207415623132,7.398606864759904,7.395601498617134,0,0,131,Explotacion activa
888,6,WOA,poblacional,806.0000001640377,806.0000001640377,True,False,7.399806916407556,0.00015761825579829747,7.399649298151758,0.0018520677165042797,7.39871665174361,7.395752533490838,0,0,132,Explotacion activa
889,6,WOA,poblacional,806.000000161388,806.000000161388,True,False,7.399845651134683,0.000154348865294196,7.399691302269389,0.0018170734081422778,7.398844588480392,7.395886114642645,0,0,133,Explotacion activa
890,6,WOA,poblacional,806.0000001556685,806.0000001556685,True,False,7.399854402737333,0.00011234516773583891,7.399742057569597,0.0017887850655256444,7.398967720563121,7.395998464810828,0,0,134,Explotacion activa
891,6,WOA,poblacional,806.0000001556685,806.0000001556685,True,False,7.39984754638715,0.00010050696369034995,7.39974703942346,0.0017756279237346462,7.3990804131619825,7.396086385605713,1,0,135,Explotacion activa
892,6,WOA,poblacional,806.0000001555097,806.0000001555097,True,False,7.3998459477614915,9.8908655672858e-05,7.399747039105819,0.0015972171898738453,7.3991682555361304,7.39626135555103,0,0,136,Explotacion activa
893,6,WOA,poblacional,806.0000001337337,806.0000001337337,True,False,7.39985770056694,9.893043170450255e-05,7.399758770135236,0.001517987055967751,7.399219190931694,7.396436394628222,0,0,137,Explotacion activa
894,6,WOA,poblacional,806.0000001333957,806.0000001333957,True,False,7.39985727805265,9.706358389394154e-05,7.399760214468756,0.00150954135685879,7.399246331394681,7.396611522121714,0,0,138,Explotacion activa
895,6,WOA,poblacional,806.0000001320061,806.0000001320061,True,False,7.399861540904794,9.106165191496984e-05,7.399770479252879,0.0014794895667364471,7.399296783665841,7.39678686901957,0,0,139,Explotacion activa
896,6,WOA,poblacional,806.0000001286281,806.0000001286281,True,False,7.3998733975805635,9.078444941224006e-05,7.399782613131151,0.0013790740204058238,7.3993940994280365,7.396962225405957,0,0,140,Explotacion activa
897,6,WOA,poblacional,806.0000001144984,806.0000001144984,True,False,7.399881245671509,8.652016549604014e-05,7.399794725506013,0.001277336567909515,7.399502583109324,7.3971375447449415,0,0,141,Explotacion activa
898,6,WOA,poblacional,806.0000000722979,806.0000000722979,True,False,7.399890853178249,8.407143911881576e-05,7.39980678173913,0.0012426581062072728,7.399592123097307,7.397312761976889,0,0,142,Explotacion activa
899,6,WOA,poblacional,806.0000000384201,806.0000000384201,True,False,7.399902959934707,8.41053168869621e-05,7.39981885461782,0.001181476140345694,7.399707756568955,7.397488124038818,0,0,143,Explotacion activa
900,6,WOA,poblacional,806.0000000242804,806.0000000242804,True,False,7.399909199138506,7.823216583346948e-05,7.399830966972672,0.0011249664911019864,7.399785497474772,7.397663495548306,0,0,144,Explotacion activa
901,6,WOA,poblacional,806.0000000119956,806.0000000119956,True,False,7.399920604983095,7.752194596832851e-05,7.399843083037126,0.0010805762649397366,7.399806916407556,7.397838847470098,0,0,145,Explotacion activa
902,6,WOA,poblacional,806.0000000100604,806.0000000100604,True,False,7.399927609900487,7.239009948989406e-05,7.3998552198009975,0.0009678836660782509,7.399834030716545,7.398064232667821,0,0,146,Explotacion activa
903,6,WOA,poblacional,806.0000000079939,806.0000000079939,True,False,7.399936300245599,6.369975437792164e-05,7.399872600491221,0.0008693911956243025,7.399845769785406,7.398261217608729,0,0,147,Explotacion activa
904,6,WOA,poblacional,806.0000000059471,806.0000000059471,True,False,7.399935036928127,5.156116696980462e-05,7.399883475761158,0.0007690373188211193,7.399846107624057,7.398440187115034,0,0,148,Explotacion activa
905,6,WOA,poblacional,806.0000000059024,806.0000000059024,True,False,7.399939429877918,4.912014537694631e-05,7.399890309732541,0.0005936144260886066,7.399847226662018,7.398638865169391,0,0,149,Explotacion activa
906,6,WOA,poblacional,806.0000000044924,806.0000000044924,True,False,7.399944596973228,4.745599983380089e-05,7.399897140973394,0.0004938194435339938,7.399850974562241,7.398781341820381,0,0,150,Explotacion activa
907,6,WOA,poblacional,806.0000000011275,806.0000000011275,True,False,7.399951427669066,4.745936473682377e-05,7.399903968304329,0.0004430207804944075,7.399854977800397,7.398901338150995,0,0,151,Explotacion activa
908,6,WOA,poblacional,806.0000000010456,806.0000000010456,True,False,7.399955401100556,4.459889942154405e-05,7.399910802201134,0.00043908500606448797,7.399856990521118,7.399021335084035,0,0,152,Explotacion activa
909,6,WOA,poblacional,806.0000000008266,806.0000000008266,True,False,7.399961601081145,3.839891883217206e-05,7.399923202162313,0.00041246038651934205,7.399857531561224,7.399141288430224,0,0,153,Explotacion activa
910,6,WOA,poblacional,806.000000000603,806.000000000603,True,False,7.399963887525928,3.156508171286987e-05,7.399932322444215,0.0003436644534190235,7.399858852668297,7.399312671093139,0,0,154,Explotacion activa
911,6,WOA,poblacional,806.000000000523,806.000000000523,True,False,7.399963211600834,2.742028209468117e-05,7.39993579131874,0.00022368206782630295,7.399861540904794,7.399552635864325,0,0,155,Explotacion activa
912,6,WOA,poblacional,806.0000000004353,806.0000000004353,True,False,7.399966170325797,2.691014776701195e-05,7.39993926017803,0.00017743739940669916,7.399869840577833,7.399620299465528,0,0,156,Explotacion activa
913,6,WOA,poblacional,806.0000000003139,806.0000000003139,True,False,7.399969286958367,2.655798857631453e-05,7.3999427289697906,0.00015631049959665688,7.399876536816942,7.39966609979881,0,0,157,Explotacion activa
914,6,WOA,poblacional,806.0000000002626,806.0000000002626,True,False,7.399971773889547,2.5575987706361047e-05,7.399946197901841,0.00015014849553836022,7.399882206422182,7.39969637779941,0,0,158,Explotacion activa
915,6,WOA,poblacional,806.0000000000465,806.0000000000465,True,False,7.399974246982083,2.4580477884228458e-05,7.399949666504199,0.0001207459072475103,7.399888931676901,7.3997319065095555,0,0,159,Explotacion activa
916,6,WOA,poblacional,806.0000000000465,806.0000000000465,True,False,7.399976567769386,2.343223059142474e-05,7.399953135538794,0.00010642606571309443,7.399896906556478,7.399744548337708,1,0,160,Explotacion activa
917,6,WOA,poblacional,806.0000000000456,806.0000000000456,True,False,7.399980036803072,1.99631969053371e-05,7.399960073606167,0.00010019165729318047,7.399904207775466,7.3997470391693465,0,0,161,Explotacion activa
918,6,WOA,poblacional,806.0000000000432,806.0000000000432,True,False,7.3999821189024715,1.6940947261900874e-05,7.39996517795521,9.908808490308728e-05,7.3999085752181255,7.399747039391696,0,0,162,Explotacion activa
919,6,WOA,poblacional,806.0000000000432,806.0000000000432,True,False,7.399981793313941,1.5038488754726131e-05,7.399966754825186,9.891736608551583e-05,7.399916042645259,7.399754077850526,1,0,163,Explotacion activa
920,6,WOA,poblacional,806.0000000000426,806.0000000000426,True,False,7.3999833444333944,1.5012739368103212e-05,7.399968331694026,9.835513413918307e-05,7.399922706458312,7.399759203435292,0,0,164,Explotacion activa
921,6,WOA,poblacional,806.0000000000425,806.0000000000425,True,False,7.399983988758208,1.408019443260855e-05,7.399969908563776,9.706358389394154e-05,7.399927609900487,7.399760214468756,0,0,165,Explotacion activa
922,6,WOA,poblacional,806.0000000000408,806.0000000000408,True,False,7.399985362612142,1.3877181800125982e-05,7.399971485430342,9.286223150866136e-05,7.399932808819836,7.399767399817643,0,0,166,Explotacion activa
923,6,WOA,poblacional,806.0000000000384,806.0000000000384,True,False,7.399985429025378,1.3468852216647065e-05,7.399971960173161,9.095077091387793e-05,7.3999355422551165,7.399775332804188,0,0,167,Explotacion activa
924,6,WOA,poblacional,806.000000000038,806.000000000038,True,False,7.39998438272039,1.2124183399464528e-05,7.399972258536991,9.035802102062006e-05,7.399936613208832,7.399783824368638,0,0,168,Explotacion activa
925,6,WOA,poblacional,806.0000000000376,806.0000000000376,True,False,7.3999832211129615,1.0763309546746314e-05,7.399972457803415,8.737302227928012e-05,7.399938803951454,7.39979230303104,0,0,169,Explotacion activa
926,6,WOA,poblacional,806.0000000000368,806.0000000000368,True,False,7.399982616865373,9.492596745985793e-06,7.399973124268627,8.531274119150112e-05,7.399942013425573,7.399800753622571,0,0,170,Explotacion activa
927,6,WOA,poblacional,806.000000000035,806.000000000035,True,False,7.399982394446511,8.940015163716453e-06,7.399973454431347,8.409854133333284e-05,7.399945963112396,7.399809196314868,0,0,171,Explotacion activa
928,6,WOA,poblacional,806.0000000000339,806.0000000000339,True,False,7.399983888738461,8.857439411258383e-06,7.39997503129905,8.40748268956304e-05,7.399950744599482,7.399817647329951,0,0,172,Explotacion activa
929,6,WOA,poblacional,806.0000000000323,806.0000000000323,True,False,7.399985277918631,8.669752787682228e-06,7.399976608165844,8.056787514760799e-05,7.3999538117279595,7.399826122030731,0,0,173,Explotacion activa
930,6,WOA,poblacional,806.0000000000275,806.0000000000275,True,False,7.399986685905674,8.500879403072759e-06,7.399978185026271,7.801909987392719e-05,7.399957261094732,7.3998346017920085,0,0,174,Explotacion activa
931,6,WOA,poblacional,806.0000000000218,806.0000000000218,True,False,7.399988113587597,8.35170271784591e-06,7.399979761884879,7.752194596832851e-05,7.399961601081145,7.399843083037126,0,0,175,Explotacion activa
932,6,WOA,poblacional,806.000000000021,806.000000000021,True,False,7.399989590823225,8.252069960690278e-06,7.399981338753264,7.392965343342438e-05,7.399962728444928,7.399851578771836,0,0,176,Explotacion activa
933,6,WOA,poblacional,806.0000000000205,806.0000000000205,True,False,7.399990834459231,7.918837127363076e-06,7.399982915622104,6.891396144510507e-05,7.399963481970872,7.399862172077087,0,0,177,Explotacion activa
934,6,WOA,poblacional,806.0000000000201,806.0000000000201,True,False,7.399992246245688,7.753754289296921e-06,7.399984492491399,6.248589563710992e-05,7.399964115805915,7.399873688018215,0,0,178,Explotacion activa
935,6,WOA,poblacional,806.0000000000201,806.0000000000201,True,False,7.399993823115665,6.176884312480979e-06,7.399987646231352,5.3988884451428015e-05,7.399965713765823,7.39988130070717,1,0,179,Explotacion activa
936,6,WOA,poblacional,806.0000000000133,806.0000000000133,True,False,7.399993766791454,5.052323331256048e-06,7.3999887144681225,5.0340656173375464e-05,7.399967728642082,7.399886892746849,0,0,180,Explotacion activa
937,6,WOA,poblacional,806.0000000000125,806.0000000000125,True,False,7.399994413695026,4.7931666813383345e-06,7.399989620528345,4.87879892489218e-05,7.399969784344603,7.399891675980712,0,0,181,Explotacion activa
938,6,WOA,poblacional,806.0000000000117,806.0000000000117,True,False,7.399995263294272,4.736705704999622e-06,7.399990526588567,4.762544280083603e-05,7.399971525196429,7.399896457849309,0,0,182,Explotacion activa
939,6,WOA,poblacional,806.000000000011,806.000000000011,True,False,7.399995466269161,4.146584615227766e-06,7.3999913196845455,4.745734579501004e-05,7.399973257745069,7.399901237371955,0,0,183,Explotacion activa
940,6,WOA,poblacional,806.0000000000108,806.0000000000108,True,False,7.399995226926308,3.2405230285803555e-06,7.399991986403279,4.659886971012382e-05,7.3999749432182735,7.399906018473371,0,0,184,Explotacion activa
941,6,WOA,poblacional,806.0000000000098,806.0000000000098,True,False,7.399995266676001,2.613555579955573e-06,7.399992653120421,4.459889942154405e-05,7.399976567769386,7.399910802201134,0,0,185,Explotacion activa
942,6,WOA,poblacional,806.0000000000092,806.0000000000092,True,False,7.399995909886911,2.590048438833037e-06,7.399993319838472,4.0258913008983635e-05,7.399978996092966,7.399919482173959,0,0,186,Explotacion activa
943,6,WOA,poblacional,806.0000000000092,806.0000000000092,True,False,7.399996554843369,2.568285708548501e-06,7.399993986557661,3.5665383984451194e-05,7.39998073940742,7.399926850275074,1,0,187,Explotacion activa
944,6,WOA,poblacional,806.000000000009,806.000000000009,True,False,7.399997202139161,2.548862767071114e-06,7.399994653276394,3.115060175105099e-05,7.3999818258727945,7.399932669331667,0,0,188,Explotacion activa
945,6,WOA,poblacional,806.0000000000086,806.0000000000086,True,False,7.399997659997439,2.340002538403496e-06,7.3999953199949005,2.8249242018318892e-05,7.399982053784766,7.3999350975438345,0,0,189,Explotacion activa
946,6,WOA,poblacional,806.0000000000084,806.0000000000084,True,False,7.399998064072861,1.935927116392122e-06,7.3999961281457445,2.716521493084656e-05,7.399982256674491,7.399937525748385,0,0,190,Explotacion activa
947,6,WOA,poblacional,806.0000000000081,806.0000000000081,True,False,7.399998730791708,1.2692082691501128e-06,7.399997461583439,2.6839715928872465e-05,7.399982438930283,7.399939953936382,0,0,191,Explotacion activa
948,6,WOA,poblacional,806.0000000000077,806.0000000000077,True,False,7.399999056309866,9.436901109438622e-07,7.399998112619755,2.659320449538427e-05,7.399982594623486,7.3999423820906145,0,0,192,Explotacion activa
949,6,WOA,poblacional,806.0000000000075,806.0000000000075,True,False,7.399999203732591,7.045866823318647e-07,7.399998499145909,2.5968788054342437e-05,7.399982979413926,7.39994481032902,0,0,193,Explotacion activa
950,6,WOA,poblacional,806.0000000000064,806.0000000000064,True,False,7.399999268383681,6.483211336671957e-07,7.399998620062547,2.5277334759721268e-05,7.399983258109091,7.399947238482548,0,0,194,Explotacion activa
951,6,WOA,poblacional,806.0000000000057,806.0000000000057,True,False,7.399999242541185,6.015436611050973e-07,7.399998640997524,2.4580477884228458e-05,7.3999833444333944,7.399949666504199,0,0,195,Explotacion activa
952,6,WOA,poblacional,806.0000000000052,806.0000000000052,True,False,7.399999113387025,4.5265892367751803e-07,7.399998660728102,2.3776704779265853e-05,7.399983725446941,7.399952094828416,0,0,196,Explotacion activa
953,6,WOA,poblacional,806.0000000000052,806.0000000000052,True,False,7.399999177569725,4.244653837304213e-07,7.399998753104342,2.204461711698969e-05,7.3999839287463605,7.399955910765743,1,0,197,Explotacion activa
954,6,WOA,poblacional,806.000000000005,806.000000000005,True,False,7.399999205918448,3.717874506037333e-07,7.399998834130997,1.9660971940993473e-05,7.399984028154426,7.399960584041071,0,0,198,Explotacion activa
955,6,WOA,poblacional,806.0000000000049,806.0000000000049,True,False,7.3999992953470155,3.681269618027727e-07,7.399998927220054,1.7545397190588107e-05,7.399984303927954,7.399964157085401,0,0,199,Explotacion activa
956,6,WOA,poblacional,806.0000000000044,806.0000000000044,True,False,7.399999388435845,3.681274165501236e-07,7.399999020308428,1.5989718008313503e-05,7.399984830319511,7.399965966390198,0,0,200,Explotacion activa
957,6,WOA,poblacional,806.0000000000038,806.0000000000038,True,False,7.399999477555184,3.641588364189374e-07,7.399999113396348,1.5033338877401548e-05,7.399985294857333,7.399967070198954,0,0,201,Explotacion activa
958,6,WOA,poblacional,806.0000000000035,806.0000000000035,True,False,7.39999956017607,3.536908934620442e-07,7.399999206485177,1.5015314306765504e-05,7.399985354142791,7.399968174007142,0,0,202,Explotacion activa
959,6,WOA,poblacional,806.000000000003,806.000000000003,True,False,7.399999643399042,3.4382571811875096e-07,7.399999299573324,1.4453212406806413e-05,7.399985402460084,7.399969277815876,0,0,203,Explotacion activa
960,6,WOA,poblacional,806.0000000000028,806.0000000000028,True,False,7.399999690300092,2.976377118102391e-07,7.39999939266238,1.4019290642863779e-05,7.399985806089466,7.399970381623746,0,0,204,Explotacion activa
961,6,WOA,poblacional,806.0000000000028,806.0000000000028,True,False,7.399999694934536,2.571241566329263e-07,7.399999437810379,1.3877181800125982e-05,7.399986685905674,7.399971485430342,1,0,205,Explotacion activa
962,6,WOA,poblacional,806.0000000000027,806.0000000000027,True,False,7.399999604624327,1.6403498648287496e-07,7.39999944058934,1.3591351091690738e-05,7.39998768528302,7.399971817750315,0,0,206,Explotacion activa
963,6,WOA,poblacional,806.000000000002,806.000000000002,True,False,7.3999996087299,1.6138596947712358e-07,7.39999944734393,1.2930984689774052e-05,7.3999887044818475,7.399972079518693,0,0,207,Explotacion activa
964,6,WOA,poblacional,806.0000000000017,806.0000000000017,True,False,7.399999631269452,1.5566683941869996e-07,7.399999475602613,1.1988096014192705e-05,7.399989715186825,7.3999722784636335,0,0,208,Explotacion activa
965,6,WOA,poblacional,806.0000000000015,806.0000000000015,True,False,7.399999673469779,1.556670667923754e-07,7.399999517802712,1.103548431728995e-05,7.39999058573203,7.39997241795013,0,0,209,Explotacion activa
966,6,WOA,poblacional,806.0000000000013,806.0000000000013,True,False,7.399999715511285,1.5550847365375375e-07,7.3999995600028114,1.0127953146366053e-05,7.39999154035246,7.399972791036021,0,0,210,Explotacion activa
967,6,WOA,poblacional,806.0000000000008,806.0000000000008,True,False,7.399999735935353,1.3373289675655542e-07,7.399999602202456,9.382080429531924e-06,7.399992550354841,7.3999731903011705,0,0,211,Explotacion activa
968,6,WOA,poblacional,806.0000000000006,806.0000000000006,True,False,7.399999777797689,1.333951331616845e-07,7.3999996444025555,8.995273321943387e-06,7.399993614736877,7.3999734214150745,0,0,212,Explotacion activa
969,6,WOA,poblacional,806.0000000000006,806.0000000000006,True,False,7.399999818608649,1.3200553894421319e-07,7.39999968660311,8.89046971224161e-06,7.39999380058598,7.399974400551969,1,0,213,Explotacion activa
970,6,WOA,poblacional,806.0000000000006,806.0000000000006,True,False,7.399999857431226,1.286275619349908e-07,7.399999728803664,8.801133424185536e-06,7.399994000289473,7.399975504359088,2,0,214,Explotacion activa
971,6,WOA,poblacional,806.0000000000006,806.0000000000006,True,False,7.399999885502098,1.1449787962192204e-07,7.399999771004218,8.669752787682228e-06,7.399994413695026,7.399976608165844,3,0,215,Explotacion activa
972,6,WOA,poblacional,806.0000000000006,806.0000000000006,True,False,7.399999927702652,7.229732545965817e-08,7.399999855405326,8.551541418455599e-06,7.399994982956923,7.399977711968143,4,0,216,Explotacion activa
973,6,WOA,poblacional,806.0000000000006,806.0000000000006,True,False,7.39999996158042,3.8419557313318364e-08,7.399999923160863,8.44120872898202e-06,7.399995241473493,7.399978815769714,5,0,217,Explotacion activa
974,6,WOA,poblacional,806.0000000000006,806.0000000000006,True,False,7.399999975720107,2.4279870558530092e-08,7.399999951440236,8.341739442130346e-06,7.399995263632445,7.3999799195717175,6,0,218,Explotacion activa
975,6,WOA,poblacional,806.0000000000006,806.0000000000006,True,False,7.399999986186685,1.1994984561169986e-08,7.399999974191701,8.271996512121404e-06,7.399995265999655,7.399981023379587,7,0,219,Explotacion activa
976,6,WOA,poblacional,806.0000000000006,806.0000000000006,True,False,7.399999987616411,1.0059807209472638e-08,7.399999977556604,8.085453544026677e-06,7.399995366472581,7.399982127187684,8,0,220,Explotacion activa
977,6,WOA,poblacional,806.0000000000006,806.0000000000006,True,False,7.3999999889148285,7.993321560206823e-09,7.399999980921507,7.885820559749846e-06,7.399995554992711,7.399983230995963,9,0,221,Explotacion activa
978,6,WOA,poblacional,806.0000000000006,806.0000000000006,True,False,7.399999990232914,5.946503733866848e-09,7.39999998428641,7.770262573103538e-06,7.3999958655251366,7.399984334804469,10,0,222,Explotacion activa
979,6,WOA,poblacional,806.0000000000006,806.0000000000006,True,False,7.399999993553138,5.901824806642253e-09,7.399999987651313,6.8076323032073535e-06,7.399996296860786,7.399986384735371,11,0,223,Explotacion activa
980,6,WOA,poblacional,806.0000000000006,806.0000000000006,True,False,7.399999995508097,4.491880645218771e-09,7.399999991016216,5.839516018113495e-06,7.399996749032107,7.399987966702383,12,0,224,Explotacion activa
981,6,WOA,poblacional,806.0000000000006,806.0000000000006,True,False,7.399999998813314,1.1269776223343797e-09,7.399999997686336,5.052323331256048e-06,7.399997202139161,7.3999887144681225,13,0,225,Explotacion activa
982,6,WOA,poblacional,806.0000000000006,806.0000000000006,True,False,7.399999998954968,1.0450094123370945e-09,7.399999997909958,4.870913676313648e-06,7.399997522639955,7.399989348710278,14,0,226,Explotacion activa
983,6,WOA,poblacional,806.0000000000006,806.0000000000006,True,False,7.399999999173929,8.260485628852621e-10,7.39999999834788,4.77058229080285e-06,7.399997821627608,7.399989982952434,15,1,227,Explotacion activa
984,6,WOA,poblacional,806.0000000000006,806.0000000000006,True,False,7.399999999213833,6.024265530868433e-10,7.399999998611406,4.6776935960224355e-06,7.399998130744746,7.399990605898165,16,2,228,Explotacion activa
985,6,WOA,poblacional,806.0000000000006,806.0000000000006,True,False,7.399999999349916,5.223910193308257e-10,7.399999998827525,4.264608833182135e-06,7.399998597447938,7.3999911610653495,17,3,229,Explotacion activa
986,6,WOA,poblacional,806.0000000000006,806.0000000000006,True,False,7.399999999478382,4.347384674474597e-10,7.399999999043644,3.693553821904061e-06,7.399998893550787,7.399991653043912,18,4,230,Explotacion activa
987,6,WOA,poblacional,806.0000000000006,806.0000000000006,True,False,7.399999999573083,3.133209247607738e-10,7.399999999259762,3.1151295388553972e-06,7.3999990677252985,7.399992119746708,19,5,231,Explotacion activa
988,6,WOA,poblacional,806.0000000000006,806.0000000000006,True,False,7.399999999737929,2.6204816094832495e-10,7.399999999475881,2.676252324818052e-06,7.399999107679309,7.399992586448707,20,6,232,Explotacion activa
989,6,WOA,poblacional,806.0000000000006,806.0000000000006,True,False,7.399999999917668,4.5929482439532876e-11,7.3999999998717385,2.5994512952820513e-06,7.399999151896646,7.399993053151252,21,7,233,Explotacion activa
990,6,WOA,poblacional,806.0000000000006,806.0000000000006,True,False,7.399999999922443,4.5929482439532876e-11,7.399999999876513,2.583519619747676e-06,7.399999185418585,7.399993519854229,22,8,234,Explotacion activa
991,6,WOA,poblacional,806.0000000000006,806.0000000000006,True,False,7.399999999922443,4.501998773775995e-11,7.399999999877423,2.568285708548501e-06,7.399999203732591,7.399993986557661,23,9,235,Explotacion activa
992,6,WOA,poblacional,806.0000000000006,806.0000000000006,True,False,7.3999999999207375,4.263256414560601e-11,7.399999999878105,2.55468964951433e-06,7.399999205262691,7.399994453260774,24,10,236,Explotacion activa
993,6,WOA,poblacional,806.0000000000006,806.0000000000006,True,False,7.399999999922329,4.263256414560601e-11,7.399999999879697,2.465318675604067e-06,7.399999220567542,7.399994919963797,25,11,237,Explotacion activa
994,6,WOA,poblacional,806.0000000000006,806.0000000000006,True,False,7.399999999925399,4.206412995699793e-11,7.399999999883335,2.2995949962023583e-06,7.399999245125434,7.399995400809985,26,12,238,Explotacion activa
995,6,WOA,poblacional,806.0000000000006,806.0000000000006,True,False,7.399999999927559,4.1950443119276315e-11,7.399999999885608,2.0167422007943952e-06,7.399999263215181,7.399995966515576,27,13,239,Explotacion activa
996,6,WOA,poblacional,806.0000000000006,806.0000000000006,True,False,7.399999999929037,4.0245140553452075e-11,7.3999999998887915,1.6025676927711174e-06,7.399999281865348,7.399996794864592,28,14,240,Explotacion activa
997,6,WOA,poblacional,806.0000000000006,806.0000000000006,True,False,7.3999999999334705,3.785771696129814e-11,7.399999999895613,1.2041046375088616e-06,7.3999993139647815,7.399997591790703,29,15,241,Explotacion activa
998,6,WOA,poblacional,806.0000000000006,806.0000000000006,True,False,7.399999999939837,3.7402969610411674e-11,7.399999999902434,9.762419267644878e-07,7.399999379126962,7.399998047516124,30,16,242,Explotacion activa
999,6,WOA,poblacional,806.0000000000006,806.0000000000006,True,False,7.399999999946317,3.7061909097246826e-11,7.399999999909255,8.002280537766633e-07,7.399999441907449,7.399998344535447,31,17,243,Explotacion activa
1000,6,WOA,poblacional,806.0000000000006,806.0000000000006,True,False,7.3999999999487045,3.6266101233195513e-11,7.399999999912438,6.877070177324637e-07,7.3999995023414495,7.399998535420901,32,18,244,Explotacion activa
1001,6,WOA,poblacional,806.0000000000006,806.0000000000006,True,False,7.399999999947568,3.444711182964966e-11,7.3999999999131205,6.483211336671957e-07,7.39999956017607,7.399998620062547,33,19,245,Explotacion activa
1002,6,WOA,poblacional,806.0000000000006,806.0000000000006,True,False,7.399999999946431,3.3310243452433497e-11,7.3999999999131205,6.155769028737267e-07,7.39999959128985,7.399998634717031,34,20,246,Explotacion activa
1003,6,WOA,poblacional,806.0000000000006,806.0000000000006,True,False,7.39999999995166,3.171862772433087e-11,7.399999999919942,5.419897661340658e-07,7.399999606266556,7.3999986488897544,35,21,247,Explotacion activa
1004,6,WOA,poblacional,806.0000000000006,806.0000000000006,True,False,7.399999999953707,2.6943780540023e-11,7.399999999926763,4.4983956968280833e-07,7.399999610983855,7.399998669965726,36,22,248,Explotacion activa
1005,6,WOA,poblacional,806.0000000000006,806.0000000000006,True,False,7.399999999954844,2.1259438653942198e-11,7.399999999933584,4.3010409171984056e-07,7.3999996267615415,7.399998734629094,37,23,249,Explotacion activa
1006,6,WOA,poblacional,806.0000000000006,806.0000000000006,True,False,7.399999999960869,2.0463630789890885e-11,7.399999999940405,3.981264171670773e-07,7.399999637334247,7.399998793617669,38,24,250,Explotacion activa
1007,6,WOA,poblacional,806.0000000000006,806.0000000000006,True,True,7.399999999967122,1.9895196601282805e-11,7.399999999947227,3.7105544379301133e-07,7.399999649413189,7.3999988527488085,39,25,251,ESTANCAMIENTO (Fire)
