iteracion,epoch,mh,tipo,fitness_best,fitness_instantaneo,dtw_ready,dtw_fire,D1_vs_ramp,D2_vs_const,dtw_delta,theta_c,theta_r,theta_delta,no_improve_len,trigger_streak,window_n,estado_dtw
1,1,PSO,poblacional,107201.0,107201.0,False,False,,,,,,,0,0,1,Llenando ventana
2,1,PSO,poblacional,107201.0,107201.0,False,False,,,,,,,0,0,2,Llenando ventana
3,1,PSO,poblacional,107243.0,107243.0,False,False,,,,,,,0,0,3,Llenando ventana
4,1,PSO,poblacional,107243.0,107243.0,False,False,,,,,,,0,0,4,Llenando ventana
5,1,PSO,poblacional,107243.0,107243.0,False,False,,,,,,,1,0,5,Llenando ventana
6,1,PSO,poblacional,107243.0,107243.0,False,False,,,,,,,2,0,6,Llenando ventana
7,1,PSO,poblacional,107260.0,107260.0,False,False,,,,,,,3,0,7,Llenando ventana
8,1,PSO,poblacional,107379.0,107379.0,False,False,,,,,,,4,0,8,Llenando ventana
9,1,PSO,poblacional,107566.0,107566.0,False,False,,,,,,,5,0,9,Llenando ventana
10,1,PSO,poblacional,107566.0,107566.0,False,False,,,,,,,6,0,10,Llenando ventana
11,1,PSO,poblacional,107566.0,107566.0,False,False,,,,,,,7,0,11,Llenando ventana
12,1,PSO,poblacional,108411.0,108411.0,False,False,,,,,,,8,0,12,Llenando ventana
13,1,PSO,poblacional,108411.0,108411.0,False,False,,,,,,,9,0,13,Llenando ventana
14,1,PSO,poblacional,108411.0,108411.0,False,False,,,,,,,10,0,14,Llenando ventana
15,1,PSO,poblacional,108411.0,108411.0,False,False,,,,,,,11,0,15,Llenando ventana
16,1,PSO,poblacional,108484.0,108484.0,False,False,,,,,,,12,0,16,Llenando ventana
17,1,PSO,poblacional,108484.0,108484.0,False,False,,,,,,,13,0,17,Llenando ventana
18,1,PSO,poblacional,108484.0,108484.0,False,False,,,,,,,14,0,18,Llenando ventana
19,1,PSO,poblacional,108484.0,108484.0,False,False,,,,,,,15,0,19,Llenando ventana
20,1,PSO,poblacional,108484.0,108484.0,False,False,,,,,,,16,0,20,Llenando ventana
21,1,PSO,poblacional,108484.0,108484.0,False,False,,,,,,,17,0,21,Llenando ventana
22,1,PSO,poblacional,108484.0,108484.0,False,False,,,,,,,18,0,22,Llenando ventana
23,1,PSO,poblacional,108484.0,108484.0,False,False,,,,,,,19,0,23,Llenando ventana
24,1,PSO,poblacional,108484.0,108484.0,False,False,,,,,,,20,0,24,Llenando ventana
25,1,PSO,poblacional,108484.0,108484.0,False,False,,,,,,,21,0,25,Llenando ventana
26,1,PSO,poblacional,108712.0,108712.0,False,False,,,,,,,0,0,26,Llenando ventana
27,1,PSO,poblacional,108712.0,108712.0,False,False,,,,,,,1,0,27,Llenando ventana
28,1,PSO,poblacional,108712.0,108712.0,False,False,,,,,,,2,0,28,Llenando ventana
29,1,PSO,poblacional,108712.0,108712.0,False,False,,,,,,,3,0,29,Llenando ventana
30,1,PSO,poblacional,108712.0,108712.0,False,False,,,,,,,4,0,30,Llenando ventana
31,1,PSO,poblacional,108712.0,108712.0,False,False,,,,,,,5,0,31,Llenando ventana
32,1,PSO,poblacional,108712.0,108712.0,False,False,,,,,,,6,0,32,Llenando ventana
33,1,PSO,poblacional,108712.0,108712.0,False,False,,,,,,,7,0,33,Llenando ventana
34,1,PSO,poblacional,108712.0,108712.0,False,False,,,,,,,8,0,34,Llenando ventana
35,1,PSO,poblacional,108712.0,108712.0,False,False,,,,,,,9,0,35,Llenando ventana
36,1,PSO,poblacional,108712.0,108712.0,False,False,,,,,,,10,0,36,Llenando ventana
37,1,PSO,poblacional,108712.0,108712.0,False,False,,,,,,,11,0,37,Llenando ventana
38,1,PSO,poblacional,108927.0,108927.0,False,False,,,,,,,12,0,38,Llenando ventana
39,1,PSO,poblacional,108927.0,108927.0,False,False,,,,,,,13,0,39,Llenando ventana
40,1,PSO,poblacional,108927.0,108927.0,False,False,,,,,,,14,0,40,Llenando ventana
41,1,PSO,poblacional,108927.0,108927.0,False,False,,,,,,,15,0,41,Llenando ventana
42,1,PSO,poblacional,108995.0,108995.0,False,False,,,,,,,16,0,42,Llenando ventana
43,1,PSO,poblacional,108995.0,108995.0,False,False,,,,,,,17,0,43,Llenando ventana
44,1,PSO,poblacional,108995.0,108995.0,False,False,,,,,,,18,0,44,Llenando ventana
45,1,PSO,poblacional,108995.0,108995.0,False,False,,,,,,,19,0,45,Llenando ventana
46,1,PSO,poblacional,108995.0,108995.0,False,False,,,,,,,20,0,46,Llenando ventana
47,1,PSO,poblacional,108995.0,108995.0,False,False,,,,,,,21,0,47,Llenando ventana
48,1,PSO,poblacional,108995.0,108995.0,False,False,,,,,,,22,0,48,Llenando ventana
49,1,PSO,poblacional,108995.0,108995.0,False,False,,,,,,,23,0,49,Llenando ventana
50,1,PSO,poblacional,108995.0,108995.0,False,False,,,,,,,24,0,50,Llenando ventana
51,1,PSO,poblacional,108995.0,108995.0,False,False,,,,,,,25,0,51,Llenando ventana
52,1,PSO,poblacional,108995.0,108995.0,False,False,,,,,,,26,0,52,Llenando ventana
53,1,PSO,poblacional,108995.0,108995.0,False,False,,,,,,,27,0,53,Llenando ventana
54,1,PSO,poblacional,108995.0,108995.0,False,False,,,,,,,0,0,54,Llenando ventana
55,1,PSO,poblacional,108995.0,108995.0,False,False,,,,,,,1,0,55,Llenando ventana
56,1,PSO,poblacional,108995.0,108995.0,False,False,,,,,,,2,0,56,Llenando ventana
57,1,PSO,poblacional,108995.0,108995.0,False,False,,,,,,,3,0,57,Llenando ventana
58,1,PSO,poblacional,108995.0,108995.0,False,False,,,,,,,4,0,58,Llenando ventana
59,1,PSO,poblacional,108995.0,108995.0,False,False,,,,,,,5,0,59,Llenando ventana
60,1,PSO,poblacional,108995.0,108995.0,False,False,,,,,,,0,0,60,Llenando ventana
61,1,PSO,poblacional,108995.0,108995.0,False,False,,,,,,,0,0,61,Llenando ventana
62,1,PSO,poblacional,109316.0,109316.0,False,False,,,,,,,1,0,62,Llenando ventana
63,1,PSO,poblacional,109316.0,109316.0,False,False,,,,,,,2,0,63,Llenando ventana
64,1,PSO,poblacional,109316.0,109316.0,False,False,,,,,,,3,0,64,Llenando ventana
65,1,PSO,poblacional,109316.0,109316.0,False,False,,,,,,,4,0,65,Llenando ventana
66,1,PSO,poblacional,109316.0,109316.0,False,False,,,,,,,5,0,66,Llenando ventana
67,1,PSO,poblacional,109316.0,109316.0,False,False,,,,,,,6,0,67,Llenando ventana
68,1,PSO,poblacional,109316.0,109316.0,False,False,,,,,,,7,0,68,Llenando ventana
69,1,PSO,poblacional,109316.0,109316.0,False,False,,,,,,,8,0,69,Llenando ventana
70,1,PSO,poblacional,109316.0,109316.0,False,False,,,,,,,9,0,70,Llenando ventana
71,1,PSO,poblacional,109316.0,109316.0,False,False,,,,,,,10,0,71,Llenando ventana
72,1,PSO,poblacional,109316.0,109316.0,False,False,,,,,,,11,0,72,Llenando ventana
73,1,PSO,poblacional,109316.0,109316.0,False,False,,,,,,,12,0,73,Llenando ventana
74,1,PSO,poblacional,109316.0,109316.0,False,False,,,,,,,13,0,74,Llenando ventana
75,1,PSO,poblacional,109316.0,109316.0,True,False,1510.999999999971,1505.0,5.999999999970896,7.5,37.5,22.5,14,0,75,Explotacion activa
76,1,PSO,poblacional,109316.0,109316.0,True,False,1208.2000000000407,1202.0,6.200000000040745,7.5,37.5,22.5,15,0,76,Explotacion activa
77,1,PSO,poblacional,109316.0,109316.0,True,False,1161.399999999965,1155.0,6.399999999965075,7.5,37.5,22.5,16,0,77,Explotacion activa
78,1,PSO,poblacional,109316.0,109316.0,True,False,591.5999999999476,585.0,6.599999999947613,7.5,37.5,22.5,17,0,78,Explotacion activa
79,1,PSO,poblacional,109316.0,109316.0,True,False,591.5999999999476,585.0,6.599999999947613,7.5,37.5,22.5,18,0,79,Explotacion activa
80,1,PSO,poblacional,109316.0,109316.0,True,False,591.5999999999476,585.0,6.599999999947613,7.5,37.5,22.5,19,0,80,Explotacion activa
81,1,PSO,poblacional,109316.0,109316.0,True,False,591.5999999999476,585.0,6.599999999947613,7.5,37.5,22.5,20,0,81,Explotacion activa
82,1,PSO,poblacional,109316.0,109316.0,True,False,591.5999999999476,585.0,6.599999999947613,7.5,37.5,22.5,21,0,82,Explotacion activa
83,1,PSO,poblacional,109316.0,109316.0,True,False,591.5999999999476,585.0,6.599999999947613,7.5,37.5,22.5,22,0,83,Explotacion activa
84,1,PSO,poblacional,109316.0,109316.0,True,False,591.5999999999476,585.0,6.599999999947613,585.0,762.5399999999528,6.599999999947613,23,1,84,Explotacion activa
85,1,PSO,poblacional,109316.0,109316.0,True,False,591.5999999999476,585.0,6.599999999947613,585.0,591.5999999999476,6.599999999947613,24,2,85,Explotacion activa
86,1,PSO,poblacional,109316.0,109316.0,True,False,591.5999999999476,585.0,6.599999999947613,585.0,591.5999999999476,6.599999999947613,25,3,86,Explotacion activa
87,1,PSO,poblacional,109316.0,109316.0,True,False,591.5999999999476,585.0,6.599999999947613,585.0,591.5999999999476,6.599999999947613,26,4,87,Explotacion activa
88,1,PSO,poblacional,109517.0,109517.0,True,False,591.5999999999476,585.0,6.599999999947613,585.0,591.5999999999476,6.599999999947613,27,5,88,Explotacion activa
89,1,PSO,poblacional,109517.0,109517.0,True,False,591.5999999999476,585.0,6.599999999947613,585.0,591.5999999999476,6.599999999947613,28,6,89,Explotacion activa
90,1,PSO,poblacional,109517.0,109517.0,True,False,591.5999999999476,585.0,6.599999999947613,585.0,591.5999999999476,6.599999999947613,29,7,90,Explotacion activa
91,1,PSO,poblacional,109517.0,109517.0,True,False,591.5999999999476,585.0,6.599999999947613,585.0,591.5999999999476,6.599999999947613,30,8,91,Explotacion activa
92,1,PSO,poblacional,109517.0,109517.0,True,False,591.5999999999476,585.0,6.599999999947613,585.0,591.5999999999476,6.599999999947613,31,9,92,Explotacion activa
93,1,PSO,poblacional,109517.0,109517.0,True,False,591.5999999999476,585.0,6.599999999947613,585.0,591.5999999999476,6.599999999947613,32,10,93,Explotacion activa
94,1,PSO,poblacional,109517.0,109517.0,True,False,591.5999999999476,585.0,6.599999999947613,585.0,591.5999999999476,6.599999999947613,33,11,94,Explotacion activa
95,1,PSO,poblacional,109517.0,109517.0,True,False,591.5999999999767,585.0,6.599999999976717,585.0,591.5999999999476,6.599999999947613,34,12,95,Explotacion activa
96,1,PSO,poblacional,109517.0,109517.0,True,False,636.3999999999942,630.0,6.399999999994179,585.0,591.5999999999476,6.599999999947613,0,0,96,Explotacion activa
97,1,PSO,poblacional,109517.0,109517.0,True,False,636.3999999999651,630.0,6.399999999965075,585.0,591.5999999999476,6.599999999947613,1,0,97,Explotacion activa
98,1,PSO,poblacional,109517.0,109517.0,True,False,636.3999999999651,630.0,6.399999999965075,585.0,591.5999999999506,6.599999999947613,2,0,98,Explotacion activa
99,1,PSO,poblacional,109517.0,109517.0,True,False,636.3999999999651,630.0,6.399999999965075,585.0,591.5999999999709,6.599999999947613,3,0,99,Explotacion activa
100,1,PSO,poblacional,109517.0,109517.0,True,False,627.5999999999476,621.0,6.599999999947613,585.0,609.5999999999622,6.599999999947613,4,0,100,Explotacion activa
101,1,PSO,poblacional,109517.0,109517.0,True,False,627.5999999999476,621.0,6.599999999947613,585.0,627.5999999999476,6.599999999947613,5,0,101,Explotacion activa
102,1,PSO,poblacional,109517.0,109517.0,True,False,627.5999999999476,621.0,6.599999999947613,585.0,627.5999999999476,6.599999999947613,6,0,102,Explotacion activa
103,1,PSO,poblacional,109517.0,109517.0,True,False,627.5999999999476,621.0,6.599999999947613,585.0,627.5999999999476,6.599999999947613,7,0,103,Explotacion activa
104,1,PSO,poblacional,109517.0,109517.0,True,False,627.5999999999476,621.0,6.599999999947613,585.0,627.5999999999476,6.599999999947613,8,0,104,Explotacion activa
105,1,PSO,poblacional,109517.0,109517.0,True,False,787.3999999999651,781.0,6.399999999965075,585.0,627.5999999999476,6.599999999947613,0,0,105,Explotacion activa
106,1,PSO,poblacional,109517.0,109517.0,True,False,884.1999999999534,878.0,6.199999999953434,585.0,627.5999999999476,6.599999999947613,0,0,106,Explotacion activa
107,1,PSO,poblacional,109517.0,109517.0,True,False,884.1999999999243,878.0,6.19999999992433,585.0,631.1199999999545,6.599999999947613,1,0,107,Explotacion activa
108,1,PSO,poblacional,109517.0,109517.0,True,False,884.1999999999243,878.0,6.19999999992433,585.0,636.3999999999651,6.599999999947613,2,0,108,Explotacion activa
109,1,PSO,poblacional,109517.0,109517.0,True,False,884.1999999999243,878.0,6.19999999992433,585.0,636.3999999999651,6.599999999947613,3,0,109,Explotacion activa
110,1,PSO,poblacional,109517.0,109517.0,True,False,884.1999999999243,878.0,6.19999999992433,585.0,636.3999999999651,6.599999999947613,4,0,110,Explotacion activa
111,1,PSO,poblacional,109517.0,109517.0,True,False,884.1999999999243,878.0,6.19999999992433,585.0,636.3999999999709,6.599999999947613,5,0,111,Explotacion activa
112,1,PSO,poblacional,109517.0,109517.0,True,False,884.1999999999243,878.0,6.19999999992433,585.0,636.3999999999912,6.599999999947613,6,0,112,Explotacion activa
113,1,PSO,poblacional,109517.0,109517.0,True,False,884.1999999999243,878.0,6.19999999992433,585.0,726.9999999999764,6.599999999947613,7,0,113,Explotacion activa
114,1,PSO,poblacional,109517.0,109517.0,True,False,884.1999999999243,878.0,6.19999999992433,585.0,816.4399999999525,6.599999999947613,8,0,114,Explotacion activa
115,1,PSO,poblacional,109517.0,109517.0,True,False,884.1999999999243,878.0,6.19999999992433,585.0,884.1999999999243,6.599999999947613,9,0,115,Explotacion activa
116,1,PSO,poblacional,109517.0,109517.0,True,False,884.1999999999243,878.0,6.19999999992433,585.0,884.1999999999243,6.599999999947613,10,0,116,Explotacion activa
117,1,PSO,poblacional,109517.0,109517.0,True,False,884.1999999999243,878.0,6.19999999992433,585.0,884.1999999999243,6.599999999947613,11,0,117,Explotacion activa
118,1,PSO,poblacional,109517.0,109517.0,True,False,884.1999999999243,878.0,6.19999999992433,585.0,884.1999999999243,6.599999999947613,12,0,118,Explotacion activa
119,1,PSO,poblacional,109517.0,109517.0,True,False,884.1999999999243,878.0,6.19999999992433,585.0,884.1999999999243,6.599999999947613,13,0,119,Explotacion activa
120,1,PSO,poblacional,109517.0,109517.0,True,False,884.1999999999243,878.0,6.19999999992433,585.0,884.1999999999243,6.599999999947613,14,0,120,Explotacion activa
121,1,PSO,poblacional,109517.0,109517.0,True,False,884.1999999999243,878.0,6.19999999992433,585.0,884.1999999999243,6.599999999947613,15,0,121,Explotacion activa
122,1,PSO,poblacional,109517.0,109517.0,True,False,884.1999999999243,878.0,6.19999999992433,585.0,884.1999999999243,6.599999999947613,16,0,122,Explotacion activa
123,1,PSO,poblacional,109517.0,109517.0,True,False,884.1999999999243,878.0,6.19999999992433,585.0,884.1999999999243,6.599999999947613,17,0,123,Explotacion activa
124,1,PSO,poblacional,109517.0,109517.0,True,False,884.1999999999243,878.0,6.19999999992433,585.0,884.1999999999243,6.599999999947613,18,0,124,Explotacion activa
125,1,PSO,poblacional,109517.0,109517.0,True,False,884.1999999999825,878.0,6.199999999982538,585.0,884.1999999999243,6.599999999947613,19,0,125,Explotacion activa
126,1,PSO,poblacional,109517.0,109517.0,True,False,884.1999999999825,878.0,6.199999999982538,585.0,884.1999999999243,6.599999999947613,20,0,126,Explotacion activa
127,1,PSO,poblacional,109517.0,109517.0,True,False,902.0,896.0,6.0,585.0,884.1999999999243,6.599999999947613,0,0,127,Explotacion activa
128,2,SA,trayectoria,111279.0,111279.0,True,False,900.1999999999243,894.0,6.19999999992433,585.0,884.1999999999243,6.599999999947613,1,0,128,Explotacion activa
129,2,SA,trayectoria,111582.0,109117.0,True,False,1414.999999999971,1409.0,5.999999999970896,585.0,884.1999999999243,6.599999999947613,0,0,129,Explotacion activa
130,2,SA,trayectoria,111629.0,111002.0,True,False,1477.7999999999884,1472.0,5.7999999999883585,585.0,884.1999999999243,6.599999999947613,0,0,130,Explotacion activa
131,2,SA,trayectoria,112199.0,110788.0,True,False,1477.7999999999884,1472.0,5.7999999999883585,585.0,884.1999999999243,6.599999999947613,1,0,131,Explotacion activa
132,2,SA,trayectoria,112199.0,110111.0,True,False,1477.7999999999884,1472.0,5.7999999999883585,588.5999999999999,884.1999999999243,6.599999999947613,2,0,132,Explotacion activa
133,2,SA,trayectoria,112199.0,109611.0,True,False,1477.7999999999884,1472.0,5.7999999999883585,599.4,884.1999999999243,6.599999999947613,3,0,133,Explotacion activa
134,2,SA,trayectoria,112199.0,109878.0,True,False,1450.999999999971,1445.0,5.999999999970896,610.1999999999999,884.1999999999243,6.599999999947613,4,0,134,Explotacion activa
135,2,SA,trayectoria,112199.0,110367.0,True,False,904.1999999999243,898.0,6.19999999992433,621.0,884.1999999999243,6.599999999947613,5,0,135,Explotacion activa
136,2,SA,trayectoria,112199.0,109180.0,True,False,904.1999999999243,898.0,6.19999999992433,621.0,884.1999999999243,6.599999999947613,6,0,136,Explotacion activa
137,2,SA,trayectoria,112199.0,110613.0,True,False,904.1999999999243,898.0,6.19999999992433,621.0,884.1999999999243,6.599999999947613,7,0,137,Explotacion activa
138,2,SA,trayectoria,112199.0,110336.0,True,False,968.9999999999418,963.0,5.999999999941792,621.0,884.1999999999243,6.599999999947613,0,0,138,Explotacion activa
139,2,SA,trayectoria,112199.0,109942.0,True,False,968.9999999999127,963.0,5.9999999999126885,621.0,884.1999999999243,6.599999999947613,1,0,139,Explotacion activa
140,2,SA,trayectoria,112199.0,109387.0,True,False,968.9999999999127,963.0,5.9999999999126885,621.0,884.1999999999389,6.599999999947613,2,0,140,Explotacion activa
141,2,SA,trayectoria,112199.0,109845.0,True,False,968.9999999999127,963.0,5.9999999999126885,621.0,884.1999999999592,6.599999999947613,3,0,141,Explotacion activa
142,2,SA,trayectoria,112199.0,109151.0,True,False,968.9999999999127,963.0,5.9999999999126885,621.0,884.1999999999796,6.599999999947613,4,0,142,Explotacion activa
143,2,SA,trayectoria,112199.0,109297.0,True,False,1241.7999999999302,1236.0,5.799999999930151,621.0,884.1999999999825,6.599999999947613,0,0,143,Explotacion activa
144,2,SA,trayectoria,112199.0,111009.0,True,False,1520.5999999999185,1515.0,5.599999999918509,621.0,888.999999999965,6.599999999947613,0,0,144,Explotacion activa
145,2,SA,trayectoria,112199.0,110031.0,True,False,1782.399999999936,1777.0,5.399999999935972,621.0,900.1999999999243,6.599999999947613,0,0,145,Explotacion activa
146,2,SA,trayectoria,112199.0,110689.0,True,False,1782.3999999999069,1777.0,5.399999999906868,621.0,901.4599999999773,6.599999999947613,1,0,146,Explotacion activa
147,2,SA,trayectoria,112199.0,110326.0,True,False,1782.3999999999069,1777.0,5.399999999906868,621.0,902.8799999999698,6.599999999947613,2,0,147,Explotacion activa
148,2,SA,trayectoria,112199.0,109690.0,True,False,1782.3999999999069,1777.0,5.399999999906868,621.0,904.1999999999243,6.599999999947613,3,0,148,Explotacion activa
149,2,SA,trayectoria,112199.0,111150.0,True,False,2365.1999999999243,2360.0,5.19999999992433,622.8,904.1999999999243,6.559999999956926,0,0,149,Explotacion activa
150,2,SA,trayectoria,112199.0,110872.0,True,False,2506.9999999999127,2502.0,4.9999999999126885,625.5,904.1999999999243,6.499999999970896,0,0,150,Explotacion activa
151,2,SA,trayectoria,112199.0,109641.0,True,False,2727.79999999993,2723.0,4.799999999930151,628.2,917.1599999999218,6.439999999984865,0,0,151,Explotacion activa
152,2,SA,trayectoria,112199.0,110998.0,True,False,2843.5999999999185,2839.0,4.599999999918509,630.0,962.5199999999138,6.399999999991269,0,0,152,Explotacion activa
153,2,SA,trayectoria,112208.0,110376.0,True,False,2843.5999999998894,2839.0,4.5999999998894054,630.0,968.9999999999127,6.399999999982538,1,0,153,Explotacion activa
154,2,SA,trayectoria,112208.0,110275.0,True,False,2843.5999999998894,2839.0,4.5999999998894054,630.0,968.9999999999127,6.399999999973806,2,0,154,Explotacion activa
155,2,SA,trayectoria,112208.0,109906.0,True,False,2843.5999999998894,2839.0,4.5999999998894054,630.0,968.9999999999127,6.399999999965075,3,0,155,Explotacion activa
156,2,SA,trayectoria,112208.0,110025.0,True,False,2843.5999999999185,2839.0,4.599999999918509,630.0,968.9999999999127,6.399999999965075,4,0,156,Explotacion activa
157,2,SA,trayectoria,112208.0,109885.0,True,False,2843.5999999998894,2839.0,4.5999999998894054,630.0,968.9999999999243,6.399999999965075,5,0,157,Explotacion activa
158,2,SA,trayectoria,112208.0,110818.0,True,False,2843.5999999998894,2839.0,4.5999999998894054,630.0,988.239999999943,6.399999999965075,6,0,158,Explotacion activa
159,2,SA,trayectoria,112208.0,110690.0,True,False,2843.5999999998894,2839.0,4.5999999998894054,630.0,1122.9199999999598,6.399999999965075,7,0,159,Explotacion activa
160,2,SA,trayectoria,112208.0,110033.0,True,False,2843.5999999998894,2839.0,4.5999999998894054,630.0,1184.8000000000027,6.399999999965075,8,0,160,Explotacion activa
161,2,SA,trayectoria,112208.0,110146.0,True,False,2843.5999999999185,2839.0,4.599999999918509,630.0,1214.9200000000185,6.399999999965075,9,0,161,Explotacion activa
162,2,SA,trayectoria,112208.0,108941.0,True,False,2843.5999999998894,2839.0,4.5999999998894054,645.0999999999997,1238.4399999999412,6.399999999965075,10,0,162,Explotacion activa
163,2,SA,trayectoria,112208.0,109609.0,True,False,2843.5999999998894,2839.0,4.5999999998894054,690.3999999999997,1345.7199999999536,6.399999999965075,11,0,163,Explotacion activa
164,2,SA,trayectoria,112208.0,109787.0,True,False,2843.5999999998894,2839.0,4.5999999998894054,735.6999999999999,1425.7999999999709,6.399999999965075,12,0,164,Explotacion activa
165,2,SA,trayectoria,112208.0,109880.0,True,False,2843.5999999998894,2839.0,4.5999999998894054,781.0,1450.9999999999707,6.399999999965075,13,0,165,Explotacion activa
166,2,SA,trayectoria,112208.0,108436.0,True,False,2843.5999999999185,2839.0,4.599999999918509,810.1,1469.759999999983,6.399999999965075,14,0,166,Explotacion activa
167,2,SA,trayectoria,112208.0,110083.0,True,False,2843.5999999999185,2839.0,4.599999999918509,839.1999999999998,1477.7999999999884,6.399999999965075,15,0,167,Explotacion activa
168,2,SA,trayectoria,112208.0,109972.0,True,False,2843.5999999999185,2839.0,4.599999999918509,868.2999999999998,1477.7999999999884,6.399999999965075,16,0,168,Explotacion activa
169,2,SA,trayectoria,112208.0,110563.0,True,False,2862.399999999994,2858.0,4.399999999994179,878.0,1477.7999999999884,6.359999999980209,0,0,169,Explotacion activa
170,2,SA,trayectoria,112208.0,109399.0,True,False,2822.399999999907,2818.0,4.399999999906868,878.0,1477.7999999999884,6.30000000000291,0,0,170,Explotacion activa
171,2,SA,trayectoria,112208.0,110327.0,True,False,2947.1999999999534,2943.0,4.199999999953434,878.0,1484.4399999999846,6.240000000025609,0,0,171,Explotacion activa
172,2,SA,trayectoria,112208.0,110557.0,True,False,3018.999999999942,3015.0,3.9999999999417923,878.0,1507.6799999999723,6.200000000034924,0,0,172,Explotacion activa
173,2,SA,trayectoria,112208.0,109701.0,True,False,3018.9999999999127,3015.0,3.9999999999126885,878.0,1516.7599999999395,6.200000000017463,1,0,173,Explotacion activa
174,2,SA,trayectoria,112208.0,110897.0,True,False,3114.79999999993,3111.0,3.799999999930151,878.0,1599.1399999999144,6.2,0,0,174,Explotacion activa
175,2,SA,trayectoria,112208.0,109850.0,True,False,3212.5999999999185,3209.0,3.5999999999185093,878.0,1782.3999999999069,6.199999999982538,0,0,175,Explotacion activa
176,2,SA,trayectoria,112208.0,110687.0,True,False,3212.5999999999185,3209.0,3.5999999999185093,878.0,1782.3999999999069,6.199999999982538,1,0,176,Explotacion activa
177,2,SA,trayectoria,112208.0,108856.0,True,False,3212.5999999999185,3209.0,3.5999999999185093,878.0,1782.3999999999069,6.199999999982538,2,0,177,Explotacion activa
178,2,SA,trayectoria,112208.0,110555.0,True,False,3212.5999999999185,3209.0,3.5999999999185093,878.0,1782.3999999999098,6.199999999982538,3,0,178,Explotacion activa
179,2,SA,trayectoria,112208.0,109722.0,True,False,3052.8000000000175,3049.0,3.8000000000174623,878.0,1782.39999999993,6.199999999976717,4,0,179,Explotacion activa
180,2,SA,trayectoria,112208.0,111011.0,True,False,2978.79999999993,2975.0,3.799999999930151,878.0,2073.79999999993,6.199999999967986,0,0,180,Explotacion activa
181,2,SA,trayectoria,112210.0,109755.0,True,False,2978.799999999872,2975.0,3.799999999871943,878.0,2393.5599999999204,6.199999999959255,1,0,181,Explotacion activa
182,2,SA,trayectoria,112210.0,110757.0,True,False,2978.799999999872,2975.0,3.799999999871943,878.0,2492.819999999913,6.199999999950523,2,0,182,Explotacion activa
183,2,SA,trayectoria,112210.0,111122.0,True,False,2978.799999999872,2975.0,3.799999999871943,878.0,2639.479999999922,6.1999999999417925,3,0,183,Explotacion activa
184,2,SA,trayectoria,112210.0,110800.0,True,False,3018.5999999999185,3015.0,3.5999999999185093,878.0,2756.179999999923,6.199999999933061,0,0,184,Explotacion activa
185,2,SA,trayectoria,112210.0,109393.0,True,False,3018.5999999998894,3015.0,3.5999999998894054,878.0,2822.399999999907,6.19999999992433,1,0,185,Explotacion activa
186,2,SA,trayectoria,112210.0,112159.0,True,False,3192.3999999998778,3189.0,3.399999999877764,878.0,2837.2399999998943,6.19999999992433,0,0,186,Explotacion activa
187,2,SA,trayectoria,112237.0,111369.0,True,False,3192.3999999998487,3189.0,3.39999999984866,878.0,2843.5999999998894,6.19999999992433,1,0,187,Explotacion activa
188,2,SA,trayectoria,112784.0,112004.0,True,False,3274.199999999895,3271.0,3.199999999895226,878.0,2843.5999999998894,6.19999999992433,0,0,188,Explotacion activa
189,2,SA,trayectoria,112784.0,110784.0,True,False,3280.9999999998836,3278.0,2.9999999998835847,878.0,2843.5999999998894,6.19999999992433,0,0,189,Explotacion activa
190,2,SA,trayectoria,112784.0,109817.0,True,False,3280.9999999998545,3278.0,2.999999999854481,878.0,2843.5999999998894,6.19999999992433,1,0,190,Explotacion activa
191,2,SA,trayectoria,112784.0,110565.0,True,False,3280.9999999998254,3278.0,2.999999999825377,878.0,2843.5999999998894,6.19999999992433,2,0,191,Explotacion activa
192,2,SA,trayectoria,112784.0,109704.0,True,False,3280.9999999998254,3278.0,2.999999999825377,878.0,2843.5999999998894,6.19999999992433,3,0,192,Explotacion activa
193,2,SA,trayectoria,112784.0,109839.0,True,False,3285.799999999872,3283.0,2.799999999871943,878.0,2843.5999999998894,6.19999999992433,0,0,193,Explotacion activa
194,2,SA,trayectoria,112784.0,109637.0,True,False,3285.799999999843,3283.0,2.7999999998428393,878.0,2843.5999999998894,6.19999999992433,1,0,194,Explotacion activa
195,2,SA,trayectoria,112784.0,110507.0,True,False,3285.799999999843,3283.0,2.7999999998428393,878.0,2843.5999999998894,6.19999999992433,2,0,195,Explotacion activa
196,2,SA,trayectoria,112784.0,110404.0,True,False,3377.5999999998603,3375.0,2.5999999998603016,878.0,2843.5999999998894,6.19999999992433,0,0,196,Explotacion activa
197,2,SA,trayectoria,112784.0,110245.0,True,False,3377.599999999831,3375.0,2.599999999831198,878.0,2843.5999999998894,6.19999999992433,1,0,197,Explotacion activa
198,2,SA,trayectoria,112784.0,110895.0,True,False,3496.399999999965,3494.0,2.3999999999650754,878.0,2843.5999999998894,6.19999999992433,0,0,198,Explotacion activa
199,2,SA,trayectoria,112784.0,110223.0,True,False,3496.399999999965,3494.0,2.3999999999650754,878.0,2843.5999999998894,6.19999999992433,1,0,199,Explotacion activa
200,2,SA,trayectoria,112784.0,109666.0,True,False,3525.2000000000407,3523.0,2.2000000000407454,878.0,2843.5999999998894,6.19999999992433,0,0,200,Explotacion activa
201,2,SA,trayectoria,112784.0,109792.0,True,False,3507.399999999936,3505.0,2.3999999999359716,878.0,2843.5999999998953,6.19999999992433,1,0,201,Explotacion activa
202,2,SA,trayectoria,112784.0,109895.0,True,False,3667.1999999999825,3665.0,2.1999999999825377,878.0,2843.599999999916,6.19999999992433,0,0,202,Explotacion activa
203,2,SA,trayectoria,112784.0,111470.0,True,False,3152.399999999965,3150.0,2.3999999999650754,878.0,2843.5999999999185,6.19999999992433,1,0,203,Explotacion activa
204,2,SA,trayectoria,112784.0,109070.0,True,False,3089.599999999802,3087.0,2.599999999802094,878.0,2843.5999999999185,6.19999999992433,2,0,204,Explotacion activa
205,2,SA,trayectoria,112784.0,111740.0,True,False,3089.599999999802,3087.0,2.599999999802094,878.0,2843.5999999999185,6.19999999992433,3,0,205,Explotacion activa
206,2,SA,trayectoria,112784.0,111479.0,True,False,3093.3999999998196,3091.0,2.3999999998195563,878.0,2843.5999999999185,6.19999999992433,0,0,206,Explotacion activa
207,2,SA,trayectoria,112784.0,111037.0,True,False,3093.3999999998487,3091.0,2.39999999984866,878.0,2843.5999999999185,6.19999999992433,1,0,207,Explotacion activa
208,2,SA,trayectoria,112784.0,110607.0,True,False,3093.399999999907,3091.0,2.3999999999068677,878.0,2843.5999999999185,6.19999999992433,2,0,208,Explotacion activa
209,2,SA,trayectoria,112784.0,110242.0,True,False,3093.399999999907,3091.0,2.3999999999068677,878.0,2843.5999999999185,6.19999999992433,3,0,209,Explotacion activa
210,2,SA,trayectoria,112784.0,111270.0,True,False,3093.399999999965,3091.0,2.3999999999650754,878.0,2852.9999999999563,6.19999999992433,4,0,210,Explotacion activa
211,2,SA,trayectoria,112784.0,110816.0,True,False,3093.4000000000233,3091.0,2.400000000023283,878.0,2879.359999999985,6.19999999992433,5,0,211,Explotacion activa
212,2,SA,trayectoria,112784.0,110878.0,True,False,3028.5999999998603,3026.0,2.5999999998603016,878.0,2938.7199999999566,6.19999999992433,6,0,212,Explotacion activa
213,2,SA,trayectoria,112784.0,110942.0,True,False,3028.5999999999185,3026.0,2.5999999999185093,878.0,2966.1599999999044,6.19999999992433,7,0,213,Explotacion activa
214,2,SA,trayectoria,112784.0,108723.0,True,False,3028.5999999999185,3026.0,2.5999999999185093,878.0,2978.799999999872,6.19999999992433,8,0,214,Explotacion activa
215,2,SA,trayectoria,112784.0,109946.0,True,False,3028.5999999999767,3026.0,2.599999999976717,878.0,2978.799999999872,6.19999999992433,9,0,215,Explotacion activa
216,2,SA,trayectoria,112784.0,110511.0,True,False,3028.600000000035,3026.0,2.6000000000349246,878.0,2978.799999999872,6.19999999992433,10,0,216,Explotacion activa
217,2,SA,trayectoria,112784.0,109881.0,True,False,2755.7999999999884,2753.0,2.7999999999883585,878.0,2978.799999999872,6.19999999992433,11,0,217,Explotacion activa
218,2,SA,trayectoria,112784.0,110748.0,True,False,2476.999999999971,2474.0,2.999999999970896,878.0,2978.799999999872,6.19999999992433,12,0,218,Explotacion activa
219,2,SA,trayectoria,112784.0,111087.0,True,False,2215.1999999999243,2212.0,3.19999999992433,878.0,2978.799999999872,6.19999999992433,13,0,219,Explotacion activa
220,2,SA,trayectoria,112784.0,111430.0,True,False,2215.1999999999243,2212.0,3.19999999992433,878.0,2978.799999999872,6.19999999992433,14,0,220,Explotacion activa
221,2,SA,trayectoria,112784.0,111619.0,True,False,2215.1999999999534,2212.0,3.199999999953434,878.0,2978.799999999872,6.19999999992433,15,0,221,Explotacion activa
222,2,SA,trayectoria,112784.0,111336.0,True,False,2215.1999999999825,2212.0,3.1999999999825377,878.0,2975.63999999988,6.19999999992433,16,0,222,Explotacion activa
223,2,SA,trayectoria,112829.0,112825.0,True,False,1632.3999999999942,1629.0,3.3999999999941792,878.0,2966.1599999999044,6.19999999992433,17,0,223,Explotacion activa
224,2,SA,trayectoria,112829.0,111907.0,True,False,1490.5999999999767,1487.0,3.599999999976717,878.0,2956.679999999929,6.19999999992433,18,0,224,Explotacion activa
225,2,SA,trayectoria,112829.0,111481.0,True,False,1269.7999999999884,1266.0,3.7999999999883585,878.0,2947.1999999999534,6.19999999992433,19,0,225,Explotacion activa
226,2,SA,trayectoria,112829.0,111459.0,True,False,1230.7999999998428,1227.0,3.7999999998428393,878.0,2921.7599999999647,6.19999999992433,0,0,226,Explotacion activa
227,2,SA,trayectoria,112829.0,111650.0,True,False,1230.7999999998137,1227.0,3.7999999998137355,878.0,2896.319999999977,6.19999999992433,1,0,227,Explotacion activa
228,2,SA,trayectoria,112829.0,111387.0,True,False,1230.7999999998137,1227.0,3.7999999998137355,878.0,2870.8799999999896,6.19999999992433,2,0,228,Explotacion activa
229,2,SA,trayectoria,112829.0,111797.0,True,False,1283.5999999998312,1280.0,3.599999999831198,878.0,2858.639999999979,6.19999999992433,0,0,229,Explotacion activa
230,2,SA,trayectoria,112829.0,111096.0,True,False,1411.3999999998196,1408.0,3.3999999998195563,878.0,2852.9999999999563,6.19999999992433,0,0,230,Explotacion activa
231,2,SA,trayectoria,112829.0,112046.0,True,False,1411.3999999997905,1408.0,3.3999999997904524,878.0,2847.3599999999333,6.19999999992433,1,0,231,Explotacion activa
232,2,SA,trayectoria,112989.0,112989.0,True,False,1411.3999999997905,1408.0,3.3999999997904524,878.0,2843.5999999999185,6.19999999992433,2,0,232,Explotacion activa
233,2,SA,trayectoria,113086.0,112654.0,True,False,1411.3999999997905,1408.0,3.3999999997904524,878.0,2843.5999999999185,6.19999999992433,3,0,233,Explotacion activa
234,2,SA,trayectoria,113086.0,112959.0,True,False,1411.3999999998196,1408.0,3.3999999998195563,878.0,2843.5999999999185,6.19999999992433,4,0,234,Explotacion activa
235,2,SA,trayectoria,113086.0,111860.0,True,False,1411.3999999998196,1408.0,3.3999999998195563,878.0,2843.5999999999185,6.19999999992433,5,0,235,Explotacion activa
236,2,SA,trayectoria,113086.0,112037.0,True,False,1411.3999999998778,1408.0,3.399999999877764,882.8,2843.5999999999185,6.19999999992433,6,0,236,Explotacion activa
237,2,SA,trayectoria,113086.0,112328.0,True,False,1411.3999999998778,1408.0,3.399999999877764,887.6,2843.5999999999185,6.19999999992433,7,0,237,Explotacion activa
238,2,SA,trayectoria,113086.0,112687.0,True,False,1411.3999999998778,1408.0,3.399999999877764,892.4,2843.5999999999185,6.19999999992433,8,0,238,Explotacion activa
239,2,SA,trayectoria,113086.0,112072.0,True,False,1411.3999999999069,1408.0,3.3999999999068677,894.4,2843.5999999999185,6.19999999992433,9,0,239,Explotacion activa
240,2,SA,trayectoria,113086.0,111940.0,True,False,1411.3999999999069,1408.0,3.3999999999068677,895.0,2843.5999999999185,6.19999999992433,10,0,240,Explotacion activa
241,2,SA,trayectoria,113086.0,111975.0,True,False,1411.399999999965,1408.0,3.3999999999650754,895.6,2843.5999999999185,6.19999999992433,11,0,241,Explotacion activa
242,2,SA,trayectoria,113086.0,111285.0,True,False,1411.399999999965,1408.0,3.3999999999650754,896.2,2843.5999999999185,6.19999999992433,12,0,242,Explotacion activa
243,2,SA,trayectoria,113086.0,110881.0,True,False,1392.6000000000058,1389.0,3.6000000000058208,896.8,2843.5999999999185,6.19999999992433,13,0,243,Explotacion activa
244,2,SA,trayectoria,113086.0,111917.0,True,False,1387.7999999999593,1384.0,3.7999999999592546,897.4,2843.5999999999185,6.19999999992433,14,0,244,Explotacion activa
245,2,SA,trayectoria,113086.0,112384.0,True,False,1263.0,1259.0,4.0,898.0,2843.5999999999185,6.19999999992433,15,0,245,Explotacion activa
246,2,SA,trayectoria,113086.0,113013.0,True,False,1191.1999999999534,1187.0,4.199999999953434,898.0,2843.5999999999185,6.19999999992433,16,0,246,Explotacion activa
247,2,SA,trayectoria,113086.0,112580.0,True,False,1191.1999999999534,1187.0,4.199999999953434,898.0,2843.5999999999185,6.19999999992433,17,0,247,Explotacion activa
248,2,SA,trayectoria,113086.0,111874.0,True,False,1095.4000000000233,1091.0,4.400000000023283,898.0,2843.5999999999185,6.19999999992433,18,0,248,Explotacion activa
249,2,SA,trayectoria,113086.0,111796.0,True,False,997.5999999998603,993.0,4.599999999860302,898.0,2843.5999999999126,6.19999999992433,19,0,249,Explotacion activa
250,2,SA,trayectoria,113086.0,111951.0,True,False,997.5999999998603,993.0,4.599999999860302,898.0,2843.599999999904,6.19999999992433,20,0,250,Explotacion activa
251,2,SA,trayectoria,113086.0,112889.0,True,False,997.5999999999185,993.0,4.599999999918509,898.0,2843.5999999998953,6.19999999992433,21,0,251,Explotacion activa
252,2,SA,trayectoria,113086.0,112880.0,True,False,997.5999999999185,993.0,4.599999999918509,904.5000000000001,2843.5999999998894,6.19999999992433,22,0,252,Explotacion activa
253,2,SA,trayectoria,113086.0,112318.0,True,False,997.6000000000349,993.0,4.600000000034925,923.9999999999999,2843.5999999998894,6.19999999992433,23,0,253,Explotacion activa
254,2,SA,trayectoria,113104.0,113016.0,True,False,974.7999999998719,970.0,4.799999999871943,943.4999999999998,2843.5999999998894,6.19999999992433,24,0,254,Explotacion activa
255,2,SA,trayectoria,113104.0,112911.0,True,False,974.7999999998719,970.0,4.799999999871943,963.0,2843.5999999998894,6.199999999924327,25,0,255,Explotacion activa
256,2,SA,trayectoria,113619.0,113619.0,True,False,974.7999999999302,970.0,4.799999999930151,963.0,2843.5999999998894,6.139999999947029,26,0,256,Explotacion activa
257,2,SA,trayectoria,113682.0,113682.0,True,False,974.7999999999302,970.0,4.799999999930151,963.0,2843.5999999998894,6.07999999996973,27,0,257,Explotacion activa
258,2,SA,trayectoria,113682.0,113382.0,True,False,993.7999999999302,989.0,4.799999999930151,963.0,2843.5999999998894,6.019999999992432,0,0,258,Explotacion activa
259,2,SA,trayectoria,113682.0,113382.0,True,False,993.7999999999302,989.0,4.799999999930151,963.0,2843.5999999998894,5.999999999994179,1,0,259,Explotacion activa
260,2,SA,trayectoria,113682.0,113547.0,True,False,819.9999999999709,815.0,4.999999999970896,963.0,2843.5999999998894,5.999999999985448,2,0,260,Explotacion activa
261,2,SA,trayectoria,113682.0,113547.0,True,False,820.0,815.0,5.0,949.9999999999998,2843.5999999998894,5.999999999976717,3,0,261,Explotacion activa
262,2,SA,trayectoria,113682.0,113627.0,True,False,738.1999999999534,733.0,5.199999999953434,904.5000000000001,2843.5999999998894,5.999999999970896,4,0,262,Explotacion activa
263,2,SA,trayectoria,113682.0,113627.0,True,False,731.399999999936,726.0,5.399999999935972,898.0,2843.5999999998894,5.999999999970896,5,0,263,Explotacion activa
264,2,SA,trayectoria,113682.0,113627.0,True,False,731.399999999936,726.0,5.399999999935972,898.0,2843.5999999998894,5.999999999970896,6,0,264,Explotacion activa
265,2,SA,trayectoria,113747.0,113677.0,True,False,731.3999999999651,726.0,5.399999999965075,898.0,2843.5999999998894,5.999999999970896,7,0,265,Explotacion activa
266,2,SA,trayectoria,113747.0,113677.0,True,False,731.3999999999942,726.0,5.399999999994179,896.6,2843.5999999998894,5.999999999970896,8,0,266,Explotacion activa
267,2,SA,trayectoria,113747.0,113677.0,True,False,726.5999999999185,721.0,5.599999999918509,895.2,2843.5999999998894,5.999999999970896,9,0,267,Explotacion activa
268,2,SA,trayectoria,113747.0,113677.0,True,False,726.5999999999476,721.0,5.599999999947613,892.4,2843.5999999998894,5.999999999970896,10,0,268,Explotacion activa
269,2,SA,trayectoria,113747.0,113740.0,True,False,726.5999999999476,721.0,5.599999999947613,881.1999999999999,2843.5999999998894,5.999999999965075,11,0,269,Explotacion activa
270,2,SA,trayectoria,114020.0,114020.0,True,False,634.7999999999593,629.0,5.799999999959255,878.0,2843.5999999998894,5.999999999956344,12,0,270,Explotacion activa
271,2,SA,trayectoria,114299.0,114299.0,True,False,634.7999999999884,629.0,5.7999999999883585,878.0,2843.5999999998894,5.9999999999476135,13,0,271,Explotacion activa
272,2,SA,trayectoria,114561.0,114561.0,True,False,650.7999999999593,645.0,5.799999999959255,878.0,2843.5999999998894,5.999999999938882,0,0,272,Explotacion activa
273,2,SA,trayectoria,114561.0,114561.0,True,False,692.6000000000058,687.0,5.600000000005821,878.0,2843.5999999998894,5.999999999930151,0,0,273,Explotacion activa
274,2,SA,trayectoria,114561.0,114561.0,True,False,663.7999999999593,658.0,5.799999999959255,878.0,2843.5999999998894,5.999999999921419,1,0,274,Explotacion activa
275,2,SA,trayectoria,114561.0,114492.0,True,False,663.7999999999884,658.0,5.7999999999883585,878.0,2843.5999999998894,5.9999999999126885,2,0,275,Explotacion activa
276,2,SA,trayectoria,115144.0,115144.0,True,False,590.7999999999302,585.0,5.799999999930151,878.0,2843.5999999998894,5.9999999999126885,0,0,276,Explotacion activa
277,2,SA,trayectoria,115286.0,115286.0,True,False,590.7999999999302,585.0,5.799999999930151,878.0,2843.5999999998894,5.9999999999126885,1,0,277,Explotacion activa
278,2,SA,trayectoria,115507.0,115507.0,True,False,590.7999999999593,585.0,5.799999999959255,878.0,2843.5999999998894,5.9999999999126885,2,0,278,Explotacion activa
279,2,SA,trayectoria,115623.0,115435.0,True,False,590.7999999999593,585.0,5.799999999959255,878.0,2843.5999999998894,5.9999999999126885,3,0,279,Explotacion activa
280,2,SA,trayectoria,115623.0,115435.0,True,False,586.9999999999127,581.0,5.9999999999126885,878.0,2843.5999999998894,5.9999999999126885,4,0,280,Explotacion activa
281,2,SA,trayectoria,115623.0,115435.0,False,False,,,4.5999999998894054,,,,0,0,1,Llenando ventana
282,2,SA,trayectoria,115623.0,115435.0,False,False,,,4.5999999998894054,,,,1,0,2,Llenando ventana
283,2,SA,trayectoria,115623.0,115479.0,False,False,,,4.599999999918509,,,,2,0,3,Llenando ventana
284,2,SA,trayectoria,115623.0,115519.0,False,False,,,4.5999999998894054,,,,3,0,4,Llenando ventana
285,2,SA,trayectoria,115623.0,115519.0,False,False,,,4.5999999998894054,,,,4,0,5,Llenando ventana
286,2,SA,trayectoria,115623.0,115519.0,False,False,,,4.5999999998894054,,,,5,0,6,Llenando ventana
287,2,SA,trayectoria,115623.0,115519.0,False,False,,,4.5999999998894054,,,,6,0,7,Llenando ventana
288,2,SA,trayectoria,115623.0,115524.0,False,False,,,4.599999999918509,,,,7,0,8,Llenando ventana
289,2,SA,trayectoria,115623.0,115350.0,False,False,,,4.5999999998894054,,,,8,0,9,Llenando ventana
290,2,SA,trayectoria,115623.0,115350.0,False,False,,,4.5999999998894054,,,,9,0,10,Llenando ventana
291,2,SA,trayectoria,115623.0,115294.0,False,False,,,4.5999999998894054,,,,10,0,11,Llenando ventana
292,2,SA,trayectoria,115623.0,115598.0,False,False,,,4.5999999998894054,,,,11,0,12,Llenando ventana
293,2,SA,trayectoria,115623.0,115598.0,False,False,,,4.599999999918509,,,,0,0,13,Llenando ventana
294,2,SA,trayectoria,115623.0,115598.0,False,False,,,4.599999999918509,,,,1,0,14,Llenando ventana
295,2,SA,trayectoria,115623.0,115571.0,False,False,,,4.599999999918509,,,,2,0,15,Llenando ventana
296,2,SA,trayectoria,115642.0,115642.0,False,False,,,4.399999999994179,,,,3,0,16,Llenando ventana
297,2,SA,trayectoria,115647.0,115647.0,False,False,,,4.399999999906868,,,,4,0,17,Llenando ventana
298,2,SA,trayectoria,115772.0,115772.0,False,False,,,4.199999999953434,,,,5,0,18,Llenando ventana
299,2,SA,trayectoria,115844.0,115844.0,False,False,,,3.9999999999417923,,,,6,0,19,Llenando ventana
300,2,SA,trayectoria,115844.0,115844.0,False,False,,,3.9999999999126885,,,,7,0,20,Llenando ventana
301,2,SA,trayectoria,115940.0,115940.0,False,False,,,3.799999999930151,,,,8,0,21,Llenando ventana
302,2,SA,trayectoria,116038.0,116038.0,False,False,,,3.5999999999185093,,,,9,0,22,Llenando ventana
303,2,SA,trayectoria,116038.0,116038.0,False,False,,,3.5999999999185093,,,,10,0,23,Llenando ventana
304,2,SA,trayectoria,116038.0,116038.0,False,False,,,3.5999999999185093,,,,11,0,24,Llenando ventana
305,2,SA,trayectoria,116038.0,116038.0,False,False,,,3.5999999999185093,,,,12,0,25,Llenando ventana
306,2,SA,trayectoria,116038.0,116038.0,False,False,,,3.8000000000174623,,,,13,0,26,Llenando ventana
307,2,SA,trayectoria,116061.0,116061.0,False,False,,,3.799999999930151,,,,14,0,27,Llenando ventana
308,2,SA,trayectoria,116061.0,116061.0,False,False,,,3.799999999871943,,,,15,0,28,Llenando ventana
309,2,SA,trayectoria,116061.0,116061.0,False,False,,,3.799999999871943,,,,16,0,29,Llenando ventana
310,2,SA,trayectoria,116061.0,116061.0,False,False,,,3.799999999871943,,,,17,0,30,Llenando ventana
311,2,SA,trayectoria,116101.0,116101.0,False,False,,,3.5999999999185093,,,,18,0,31,Llenando ventana
312,2,SA,trayectoria,116101.0,116101.0,False,False,,,3.5999999998894054,,,,19,0,32,Llenando ventana
313,2,SA,trayectoria,116275.0,116275.0,False,False,,,3.399999999877764,,,,20,0,33,Llenando ventana
314,2,SA,trayectoria,116275.0,116275.0,False,False,,,3.39999999984866,,,,21,0,34,Llenando ventana
315,2,SA,trayectoria,116357.0,116357.0,False,False,,,3.199999999895226,,,,22,0,35,Llenando ventana
316,2,SA,trayectoria,116364.0,116364.0,False,False,,,2.9999999998835847,,,,23,0,36,Llenando ventana
317,2,SA,trayectoria,116364.0,116364.0,False,False,,,2.999999999854481,,,,24,0,37,Llenando ventana
318,2,SA,trayectoria,116364.0,116364.0,False,False,,,2.999999999825377,,,,25,0,38,Llenando ventana
319,2,SA,trayectoria,116364.0,116364.0,False,False,,,2.999999999825377,,,,26,0,39,Llenando ventana
320,2,SA,trayectoria,116369.0,116355.0,False,False,,,2.799999999871943,,,,27,0,40,Llenando ventana
321,2,SA,trayectoria,116369.0,116355.0,False,False,,,2.7999999998428393,,,,28,0,41,Llenando ventana
322,2,SA,trayectoria,116369.0,116355.0,False,False,,,2.7999999998428393,,,,29,0,42,Llenando ventana
323,2,SA,trayectoria,116461.0,116447.0,False,False,,,2.5999999998603016,,,,30,0,43,Llenando ventana
324,2,SA,trayectoria,116461.0,116447.0,False,False,,,2.599999999831198,,,,31,0,44,Llenando ventana
325,2,SA,trayectoria,116580.0,116580.0,False,False,,,2.3999999999650754,,,,32,0,45,Llenando ventana
326,2,SA,trayectoria,116580.0,116580.0,False,False,,,2.3999999999650754,,,,33,0,46,Llenando ventana
327,2,SA,trayectoria,116609.0,116609.0,False,False,,,2.2000000000407454,,,,34,0,47,Llenando ventana
328,2,SA,trayectoria,116609.0,116609.0,False,False,,,2.3999999999359716,,,,35,0,48,Llenando ventana
329,2,SA,trayectoria,116769.0,116769.0,False,False,,,2.1999999999825377,,,,36,0,49,Llenando ventana
330,2,SA,trayectoria,116769.0,116769.0,False,False,,,2.3999999999650754,,,,37,0,50,Llenando ventana
331,2,SA,trayectoria,116769.0,116769.0,False,False,,,2.599999999802094,,,,38,0,51,Llenando ventana
332,2,SA,trayectoria,116769.0,116769.0,False,False,,,2.599999999802094,,,,39,0,52,Llenando ventana
333,2,SA,trayectoria,116773.0,116773.0,False,False,,,2.3999999998195563,,,,40,0,53,Llenando ventana
334,2,SA,trayectoria,116773.0,116773.0,False,False,,,2.39999999984866,,,,41,0,54,Llenando ventana
335,2,SA,trayectoria,116773.0,116773.0,False,False,,,2.3999999999068677,,,,42,0,55,Llenando ventana
336,2,SA,trayectoria,116773.0,116773.0,False,False,,,2.3999999999068677,,,,43,0,56,Llenando ventana
337,2,SA,trayectoria,116773.0,116773.0,False,False,,,2.3999999999650754,,,,44,0,57,Llenando ventana
338,2,SA,trayectoria,116773.0,116773.0,False,False,,,2.400000000023283,,,,45,0,58,Llenando ventana
339,2,SA,trayectoria,116773.0,116773.0,False,False,,,2.5999999998603016,,,,46,0,59,Llenando ventana
340,2,SA,trayectoria,116773.0,116761.0,False,False,,,2.5999999999185093,,,,47,0,60,Llenando ventana
341,2,SA,trayectoria,116773.0,116761.0,False,False,,,2.5999999999185093,,,,48,0,61,Llenando ventana
342,2,SA,trayectoria,116773.0,116761.0,False,False,,,2.599999999976717,,,,49,0,62,Llenando ventana
343,2,SA,trayectoria,116773.0,116761.0,False,False,,,2.6000000000349246,,,,50,0,63,Llenando ventana
344,2,SA,trayectoria,116773.0,116761.0,False,False,,,2.7999999999883585,,,,51,0,64,Llenando ventana
345,2,SA,trayectoria,116773.0,116761.0,False,False,,,2.999999999970896,,,,52,0,65,Llenando ventana
346,2,SA,trayectoria,116773.0,116761.0,False,False,,,3.19999999992433,,,,53,0,66,Llenando ventana
347,2,SA,trayectoria,116773.0,116761.0,False,False,,,3.19999999992433,,,,54,0,67,Llenando ventana
348,2,SA,trayectoria,116773.0,116761.0,False,False,,,3.199999999953434,,,,55,0,68,Llenando ventana
349,2,SA,trayectoria,116773.0,116761.0,False,False,,,3.1999999999825377,,,,56,0,69,Llenando ventana
350,2,SA,trayectoria,116773.0,116761.0,False,False,,,3.3999999999941792,,,,57,0,70,Llenando ventana
351,2,SA,trayectoria,116773.0,116761.0,False,False,,,3.599999999976717,,,,58,0,71,Llenando ventana
352,2,SA,trayectoria,116773.0,116761.0,False,False,,,3.7999999999883585,,,,59,0,72,Llenando ventana
353,2,SA,trayectoria,116850.0,116850.0,False,False,,,3.7999999998428393,,,,60,0,73,Llenando ventana
354,2,SA,trayectoria,116850.0,116850.0,False,False,,,3.7999999998137355,,,,61,0,74,Llenando ventana
355,2,SA,trayectoria,116850.0,116850.0,True,False,24.199999999982538,17.0,7.199999999982538,7.5,37.5,22.5,62,0,75,Explotacion activa
356,2,SA,trayectoria,116903.0,116903.0,True,False,24.199999999982538,17.0,7.199999999982538,7.5,37.5,22.5,63,0,76,Explotacion activa
357,2,SA,trayectoria,117031.0,117031.0,True,False,24.199999999982538,17.0,7.199999999982538,7.5,37.5,22.5,64,0,77,Explotacion activa
358,2,SA,trayectoria,117031.0,117031.0,True,False,24.199999999982538,17.0,7.199999999982538,7.5,37.5,22.5,65,0,78,Explotacion activa
359,2,SA,trayectoria,117031.0,117031.0,True,False,24.199999999982538,17.0,7.199999999982538,7.5,37.5,22.5,66,0,79,Explotacion activa
360,2,SA,trayectoria,117031.0,117031.0,True,False,24.199999999982538,17.0,7.199999999982538,7.5,37.5,22.5,67,0,80,Explotacion activa
361,2,SA,trayectoria,117031.0,117031.0,True,False,24.199999999982538,17.0,7.199999999982538,7.5,37.5,22.5,68,0,81,Explotacion activa
362,2,SA,trayectoria,117031.0,117031.0,True,False,24.199999999982538,17.0,7.199999999982538,7.5,37.5,22.5,69,0,82,Explotacion activa
363,2,SA,trayectoria,117031.0,117031.0,True,False,24.199999999982538,17.0,7.199999999982538,7.5,37.5,22.5,70,0,83,Explotacion activa
364,2,SA,trayectoria,117031.0,117031.0,True,False,24.199999999982538,17.0,7.199999999982538,17.0,24.199999999982538,7.199999999982538,71,1,84,Explotacion activa
365,2,SA,trayectoria,117031.0,117031.0,True,False,24.199999999982538,17.0,7.199999999982538,17.0,24.199999999982538,7.199999999982538,72,2,85,Explotacion activa
366,2,SA,trayectoria,117031.0,117031.0,True,False,24.199999999982538,17.0,7.199999999982538,17.0,24.199999999982538,7.199999999982538,73,3,86,Explotacion activa
367,2,SA,trayectoria,117031.0,117031.0,True,False,7.399999999994179,0.0,7.399999999994179,17.0,24.199999999982538,7.199999999982538,74,4,87,Explotacion activa
368,2,SA,trayectoria,117031.0,117031.0,True,False,7.399999999994179,0.0,7.399999999994179,17.0,24.199999999982538,7.199999999982538,75,5,88,Explotacion activa
369,2,SA,trayectoria,117031.0,117031.0,True,False,7.399999999994179,0.0,7.399999999994179,17.0,24.199999999982538,7.199999999982538,76,6,89,Explotacion activa
370,2,SA,trayectoria,117031.0,117031.0,True,False,7.399999999994179,0.0,7.399999999994179,17.0,24.199999999982538,7.199999999982538,77,7,90,Explotacion activa
371,2,SA,trayectoria,117031.0,117031.0,True,False,7.399999999994179,0.0,7.399999999994179,13.599999999999998,24.199999999982538,7.239999999984866,78,8,91,Explotacion activa
372,2,SA,trayectoria,117031.0,117031.0,True,False,7.399999999994179,0.0,7.399999999994179,1.699999999999994,24.199999999982538,7.379999999993014,79,9,92,Explotacion activa
373,2,SA,trayectoria,117031.0,117031.0,True,False,7.399999999994179,0.0,7.399999999994179,0.0,24.199999999982538,7.399999999994179,80,10,93,Explotacion activa
374,2,SA,trayectoria,117031.0,117031.0,True,False,7.399999999994179,0.0,7.399999999994179,0.0,24.199999999982538,7.399999999994179,81,11,94,Explotacion activa
375,2,SA,trayectoria,117031.0,117031.0,True,False,7.399999999994179,0.0,7.399999999994179,0.0,24.199999999982538,7.399999999994179,82,12,95,Explotacion activa
376,2,SA,trayectoria,117031.0,117031.0,True,False,7.399999999994179,0.0,7.399999999994179,0.0,24.199999999982538,7.399999999994179,83,13,96,Explotacion activa
377,2,SA,trayectoria,117031.0,117031.0,True,False,7.399999999994179,0.0,7.399999999994179,0.0,24.199999999982538,7.399999999994179,84,14,97,Explotacion activa
378,2,SA,trayectoria,117031.0,117031.0,True,False,7.399999999994179,0.0,7.399999999994179,0.0,24.199999999982538,7.399999999994179,85,15,98,Explotacion activa
379,2,SA,trayectoria,117031.0,117031.0,True,False,7.399999999994179,0.0,7.399999999994179,0.0,24.199999999982538,7.399999999994179,86,16,99,Explotacion activa
380,2,SA,trayectoria,117031.0,117031.0,True,False,7.399999999994179,0.0,7.399999999994179,0.0,24.199999999982538,7.399999999994179,87,17,100,Explotacion activa
381,2,SA,trayectoria,117031.0,117031.0,True,False,7.399999999994179,0.0,7.399999999994179,0.0,24.199999999982538,7.399999999994179,88,18,101,Explotacion activa
382,2,SA,trayectoria,117031.0,117031.0,True,False,7.399999999994179,0.0,7.399999999994179,0.0,24.199999999982538,7.399999999994179,89,19,102,Explotacion activa
383,2,SA,trayectoria,117031.0,117031.0,True,False,7.399999999994179,0.0,7.399999999994179,0.0,24.199999999982538,7.399999999994179,90,20,103,Explotacion activa
384,2,SA,trayectoria,117031.0,117031.0,True,False,7.399999999994179,0.0,7.399999999994179,0.0,24.199999999982538,7.399999999994179,91,21,104,Explotacion activa
385,2,SA,trayectoria,117090.0,117090.0,True,False,7.399999999994179,0.0,7.399999999994179,0.0,24.199999999982538,7.399999999994179,92,22,105,Explotacion activa
386,2,SA,trayectoria,117090.0,117090.0,True,False,7.399999999994179,0.0,7.399999999994179,0.0,24.199999999982538,7.399999999994179,93,23,106,Explotacion activa
387,2,SA,trayectoria,117090.0,117090.0,True,False,7.399999999994179,0.0,7.399999999994179,0.0,24.199999999982538,7.399999999994179,94,24,107,Explotacion activa
388,2,SA,trayectoria,117090.0,117090.0,True,True,7.399999999994179,0.0,7.399999999994179,0.0,24.199999999982538,7.399999999994179,95,25,108,ESTANCAMIENTO (Fire)
389,2,SA,trayectoria,117090.0,117090.0,False,False,,,5.199999999953434,,,,0,0,1,Llenando ventana
390,2,SA,trayectoria,117090.0,117090.0,False,False,,,5.399999999935972,,,,1,0,2,Llenando ventana
391,2,SA,trayectoria,117090.0,117090.0,False,False,,,5.399999999935972,,,,2,0,3,Llenando ventana
392,2,SA,trayectoria,117090.0,117090.0,False,False,,,5.399999999965075,,,,3,0,4,Llenando ventana
393,2,SA,trayectoria,117090.0,117090.0,False,False,,,5.399999999994179,,,,4,0,5,Llenando ventana
394,2,SA,trayectoria,117090.0,117090.0,False,False,,,5.599999999918509,,,,5,0,6,Llenando ventana
395,2,SA,trayectoria,117090.0,117090.0,False,False,,,5.599999999947613,,,,6,0,7,Llenando ventana
396,2,SA,trayectoria,117090.0,117090.0,False,False,,,5.599999999947613,,,,7,0,8,Llenando ventana
397,2,SA,trayectoria,117090.0,117090.0,False,False,,,5.799999999959255,,,,8,0,9,Llenando ventana
398,2,SA,trayectoria,117090.0,117090.0,False,False,,,5.7999999999883585,,,,9,0,10,Llenando ventana
399,2,SA,trayectoria,117225.0,117225.0,False,False,,,5.799999999959255,,,,10,0,11,Llenando ventana
400,2,SA,trayectoria,117267.0,117267.0,False,False,,,5.600000000005821,,,,11,0,12,Llenando ventana
401,2,SA,trayectoria,117267.0,117267.0,False,False,,,5.799999999959255,,,,12,0,13,Llenando ventana
402,2,SA,trayectoria,117267.0,117267.0,False,False,,,5.7999999999883585,,,,13,0,14,Llenando ventana
403,2,SA,trayectoria,117354.0,117354.0,False,False,,,5.799999999930151,,,,14,0,15,Llenando ventana
404,2,SA,trayectoria,117354.0,117354.0,False,False,,,5.799999999930151,,,,15,0,16,Llenando ventana
405,2,SA,trayectoria,117354.0,117354.0,False,False,,,5.799999999959255,,,,16,0,17,Llenando ventana
406,2,SA,trayectoria,117354.0,117354.0,False,False,,,5.799999999959255,,,,17,0,18,Llenando ventana
407,2,SA,trayectoria,117354.0,117354.0,False,False,,,5.9999999999126885,,,,18,0,19,Llenando ventana
408,3,GWO,poblacional,117354.0,117354.0,False,False,,,,,,,19,0,20,Llenando ventana
409,3,GWO,poblacional,117354.0,117354.0,False,False,,,,,,,20,0,21,Llenando ventana
410,3,GWO,poblacional,117354.0,117354.0,False,False,,,,,,,21,0,22,Llenando ventana
411,3,GWO,poblacional,117354.0,117354.0,False,False,,,,,,,22,0,23,Llenando ventana
412,3,GWO,poblacional,117354.0,117354.0,False,False,,,,,,,23,0,24,Llenando ventana
413,3,GWO,poblacional,117354.0,117354.0,False,False,,,,,,,24,0,25,Llenando ventana
414,3,GWO,poblacional,117354.0,117354.0,False,False,,,,,,,25,0,26,Llenando ventana
415,3,GWO,poblacional,117354.0,117354.0,False,False,,,,,,,26,0,27,Llenando ventana
416,3,GWO,poblacional,117354.0,117354.0,False,False,,,,,,,27,0,28,Llenando ventana
417,3,GWO,poblacional,117354.0,117354.0,False,False,,,,,,,28,0,29,Llenando ventana
418,3,GWO,poblacional,117354.0,117354.0,False,False,,,,,,,29,0,30,Llenando ventana
419,3,GWO,poblacional,117354.0,117354.0,False,False,,,,,,,30,0,31,Llenando ventana
420,3,GWO,poblacional,117354.0,117354.0,False,False,,,,,,,31,0,32,Llenando ventana
421,3,GWO,poblacional,117354.0,117354.0,False,False,,,,,,,32,0,33,Llenando ventana
422,3,GWO,poblacional,117354.0,117354.0,False,False,,,,,,,33,0,34,Llenando ventana
423,3,GWO,poblacional,117354.0,117354.0,False,False,,,,,,,34,0,35,Llenando ventana
424,3,GWO,poblacional,117354.0,117354.0,False,False,,,,,,,35,0,36,Llenando ventana
425,3,GWO,poblacional,117354.0,117354.0,False,False,,,,,,,36,0,37,Llenando ventana
426,3,GWO,poblacional,117354.0,117354.0,False,False,,,,,,,37,0,38,Llenando ventana
427,3,GWO,poblacional,117354.0,117354.0,False,False,,,,,,,38,0,39,Llenando ventana
428,3,GWO,poblacional,117354.0,117354.0,False,False,,,,,,,39,0,40,Llenando ventana
429,3,GWO,poblacional,117354.0,117354.0,False,False,,,,,,,40,0,41,Llenando ventana
430,3,GWO,poblacional,117354.0,117354.0,False,False,,,,,,,41,0,42,Llenando ventana
431,3,GWO,poblacional,117354.0,117354.0,False,False,,,,,,,42,0,43,Llenando ventana
432,3,GWO,poblacional,117354.0,117354.0,False,False,,,,,,,43,0,44,Llenando ventana
433,3,GWO,poblacional,117354.0,117354.0,False,False,,,,,,,44,0,45,Llenando ventana
434,3,GWO,poblacional,117354.0,117354.0,False,False,,,,,,,45,0,46,Llenando ventana
435,3,GWO,poblacional,117354.0,117354.0,False,False,,,,,,,46,0,47,Llenando ventana
436,3,GWO,poblacional,117354.0,117354.0,False,False,,,,,,,47,0,48,Llenando ventana
437,3,GWO,poblacional,117354.0,117354.0,False,False,,,,,,,48,0,49,Llenando ventana
438,3,GWO,poblacional,117354.0,117354.0,False,False,,,,,,,49,0,50,Llenando ventana
439,3,GWO,poblacional,117354.0,117354.0,False,False,,,,,,,50,0,51,Llenando ventana
440,3,GWO,poblacional,117354.0,117354.0,False,False,,,,,,,51,0,52,Llenando ventana
441,3,GWO,poblacional,117354.0,117354.0,False,False,,,,,,,52,0,53,Llenando ventana
442,3,GWO,poblacional,117354.0,117354.0,False,False,,,,,,,53,0,54,Llenando ventana
443,3,GWO,poblacional,117354.0,117354.0,False,False,,,,,,,54,0,55,Llenando ventana
444,3,GWO,poblacional,117354.0,117354.0,False,False,,,,,,,55,0,56,Llenando ventana
445,3,GWO,poblacional,117354.0,117354.0,False,False,,,,,,,56,0,57,Llenando ventana
446,3,GWO,poblacional,117354.0,117354.0,False,False,,,,,,,57,0,58,Llenando ventana
447,3,GWO,poblacional,117354.0,117354.0,False,False,,,,,,,58,0,59,Llenando ventana
448,3,GWO,poblacional,117354.0,117354.0,False,False,,,,,,,59,0,60,Llenando ventana
449,3,GWO,poblacional,117354.0,117354.0,False,False,,,,,,,60,0,61,Llenando ventana
450,3,GWO,poblacional,117354.0,117354.0,False,False,,,,,,,61,0,62,Llenando ventana
451,3,GWO,poblacional,117354.0,117354.0,False,False,,,,,,,62,0,63,Llenando ventana
452,3,GWO,poblacional,117354.0,117354.0,False,False,,,,,,,63,0,64,Llenando ventana
453,3,GWO,poblacional,117354.0,117354.0,False,False,,,,,,,64,0,65,Llenando ventana
454,3,GWO,poblacional,117354.0,117354.0,False,False,,,,,,,65,0,66,Llenando ventana
455,3,GWO,poblacional,117354.0,117354.0,False,False,,,,,,,66,0,67,Llenando ventana
456,3,GWO,poblacional,117354.0,117354.0,False,False,,,,,,,67,0,68,Llenando ventana
457,3,GWO,poblacional,117354.0,117354.0,False,False,,,,,,,68,0,69,Llenando ventana
458,3,GWO,poblacional,117354.0,117354.0,False,False,,,,,,,69,0,70,Llenando ventana
459,3,GWO,poblacional,117354.0,117354.0,False,False,,,,,,,70,0,71,Llenando ventana
460,3,GWO,poblacional,117354.0,117354.0,False,False,,,,,,,71,0,72,Llenando ventana
461,3,GWO,poblacional,117354.0,117354.0,False,False,,,,,,,72,0,73,Llenando ventana
462,3,GWO,poblacional,117354.0,117354.0,False,False,,,,,,,73,0,74,Llenando ventana
463,3,GWO,poblacional,117354.0,117354.0,True,False,7.399999999994179,0.0,7.399999999994179,7.5,37.5,22.5,74,0,75,Explotacion activa
464,3,GWO,poblacional,117354.0,117354.0,True,False,7.399999999994179,0.0,7.399999999994179,7.5,37.5,22.5,75,0,76,Explotacion activa
465,3,GWO,poblacional,117354.0,117354.0,True,False,7.399999999994179,0.0,7.399999999994179,7.5,37.5,22.5,76,0,77,Explotacion activa
466,3,GWO,poblacional,117354.0,117354.0,True,False,7.399999999994179,0.0,7.399999999994179,7.5,37.5,22.5,77,0,78,Explotacion activa
467,3,GWO,poblacional,117354.0,117354.0,True,False,7.399999999994179,0.0,7.399999999994179,7.5,37.5,22.5,78,0,79,Explotacion activa
468,3,GWO,poblacional,117354.0,117354.0,True,False,7.399999999994179,0.0,7.399999999994179,7.5,37.5,22.5,79,0,80,Explotacion activa
469,3,GWO,poblacional,117354.0,117354.0,True,False,7.399999999994179,0.0,7.399999999994179,7.5,37.5,22.5,80,0,81,Explotacion activa
470,3,GWO,poblacional,117354.0,117354.0,True,False,7.399999999994179,0.0,7.399999999994179,7.5,37.5,22.5,81,0,82,Explotacion activa
471,3,GWO,poblacional,117354.0,117354.0,True,False,7.399999999994179,0.0,7.399999999994179,7.5,37.5,22.5,82,0,83,Explotacion activa
472,3,GWO,poblacional,117354.0,117354.0,True,False,7.399999999994179,0.0,7.399999999994179,0.0,7.399999999994179,7.399999999994179,83,1,84,Explotacion activa
473,3,GWO,poblacional,117354.0,117354.0,True,False,7.399999999994179,0.0,7.399999999994179,0.0,7.399999999994179,7.399999999994179,84,2,85,Explotacion activa
474,3,GWO,poblacional,117354.0,117354.0,True,False,7.399999999994179,0.0,7.399999999994179,0.0,7.399999999994179,7.399999999994179,85,3,86,Explotacion activa
475,3,GWO,poblacional,117354.0,117354.0,True,False,7.399999999994179,0.0,7.399999999994179,0.0,7.399999999994179,7.399999999994179,86,4,87,Explotacion activa
476,3,GWO,poblacional,117354.0,117354.0,True,False,7.399999999994179,0.0,7.399999999994179,0.0,7.399999999994179,7.399999999994179,87,5,88,Explotacion activa
477,3,GWO,poblacional,117354.0,117354.0,True,False,7.399999999994179,0.0,7.399999999994179,0.0,7.399999999994179,7.399999999994179,88,6,89,Explotacion activa
478,3,GWO,poblacional,117354.0,117354.0,True,False,7.399999999994179,0.0,7.399999999994179,0.0,7.399999999994179,7.399999999994179,89,7,90,Explotacion activa
479,3,GWO,poblacional,117354.0,117354.0,True,False,7.399999999994179,0.0,7.399999999994179,0.0,7.399999999994179,7.399999999994179,90,8,91,Explotacion activa
480,3,GWO,poblacional,117354.0,117354.0,True,False,7.399999999994179,0.0,7.399999999994179,0.0,7.399999999994179,7.399999999994179,91,9,92,Explotacion activa
481,3,GWO,poblacional,117354.0,117354.0,True,False,7.399999999994179,0.0,7.399999999994179,0.0,7.399999999994179,7.399999999994179,92,10,93,Explotacion activa
482,3,GWO,poblacional,117354.0,117354.0,True,False,7.399999999994179,0.0,7.399999999994179,0.0,7.399999999994179,7.399999999994179,93,11,94,Explotacion activa
483,3,GWO,poblacional,117354.0,117354.0,True,False,7.399999999994179,0.0,7.399999999994179,0.0,7.399999999994179,7.399999999994179,94,12,95,Explotacion activa
484,3,GWO,poblacional,117354.0,117354.0,True,False,7.399999999994179,0.0,7.399999999994179,0.0,7.399999999994179,7.399999999994179,95,13,96,Explotacion activa
485,3,GWO,poblacional,117354.0,117354.0,True,False,7.399999999994179,0.0,7.399999999994179,0.0,7.399999999994179,7.399999999994179,96,14,97,Explotacion activa
486,3,GWO,poblacional,117354.0,117354.0,True,False,7.399999999994179,0.0,7.399999999994179,0.0,7.399999999994179,7.399999999994179,97,15,98,Explotacion activa
487,3,GWO,poblacional,117354.0,117354.0,True,False,7.399999999994179,0.0,7.399999999994179,0.0,7.399999999994179,7.399999999994179,98,16,99,Explotacion activa
488,3,GWO,poblacional,117354.0,117354.0,True,False,7.399999999994179,0.0,7.399999999994179,0.0,7.399999999994179,7.399999999994179,99,17,100,Explotacion activa
489,3,GWO,poblacional,117354.0,117354.0,True,False,7.399999999994179,0.0,7.399999999994179,0.0,7.399999999994179,7.399999999994179,100,18,101,Explotacion activa
490,3,GWO,poblacional,117354.0,117354.0,True,False,7.399999999994179,0.0,7.399999999994179,0.0,7.399999999994179,7.399999999994179,101,19,102,Explotacion activa
491,3,GWO,poblacional,117354.0,117354.0,True,False,7.399999999994179,0.0,7.399999999994179,0.0,7.399999999994179,7.399999999994179,102,20,103,Explotacion activa
492,3,GWO,poblacional,117354.0,117354.0,True,False,7.399999999994179,0.0,7.399999999994179,0.0,7.399999999994179,7.399999999994179,103,21,104,Explotacion activa
493,3,GWO,poblacional,117354.0,117354.0,True,False,7.399999999994179,0.0,7.399999999994179,0.0,7.399999999994179,7.399999999994179,104,22,105,Explotacion activa
494,3,GWO,poblacional,117354.0,117354.0,True,False,7.399999999994179,0.0,7.399999999994179,0.0,7.399999999994179,7.399999999994179,105,23,106,Explotacion activa
495,3,GWO,poblacional,117354.0,117354.0,True,False,7.399999999994179,0.0,7.399999999994179,0.0,7.399999999994179,7.399999999994179,106,24,107,Explotacion activa
496,3,GWO,poblacional,117354.0,117354.0,True,True,7.399999999994179,0.0,7.399999999994179,0.0,7.399999999994179,7.399999999994179,107,25,108,ESTANCAMIENTO (Fire)
497,3,GWO,poblacional,117354.0,117354.0,False,False,,,7.399999999994179,,,,0,0,1,Llenando ventana
498,3,GWO,poblacional,117354.0,117354.0,False,False,,,7.399999999994179,,,,1,0,2,Llenando ventana
499,3,GWO,poblacional,117354.0,117354.0,False,False,,,7.399999999994179,,,,2,0,3,Llenando ventana
500,3,GWO,poblacional,117354.0,117354.0,False,False,,,7.399999999994179,,,,3,0,4,Llenando ventana
501,3,GWO,poblacional,117354.0,117354.0,False,False,,,7.399999999994179,,,,4,0,5,Llenando ventana
502,3,GWO,poblacional,117354.0,117354.0,False,False,,,7.399999999994179,,,,0,0,6,Llenando ventana
503,3,GWO,poblacional,117354.0,117354.0,False,False,,,7.399999999994179,,,,1,0,7,Llenando ventana
504,3,GWO,poblacional,117354.0,117354.0,False,False,,,7.399999999994179,,,,2,0,8,Llenando ventana
505,3,GWO,poblacional,117354.0,117354.0,False,False,,,7.399999999994179,,,,3,0,9,Llenando ventana
506,3,GWO,poblacional,117354.0,117354.0,False,False,,,7.399999999994179,,,,4,0,10,Llenando ventana
507,3,GWO,poblacional,117354.0,117354.0,False,False,,,7.399999999994179,,,,5,0,11,Llenando ventana
508,3,GWO,poblacional,117354.0,117354.0,False,False,,,7.399999999994179,,,,0,0,12,Llenando ventana
509,3,GWO,poblacional,117354.0,117354.0,False,False,,,7.399999999994179,,,,1,0,13,Llenando ventana
510,3,GWO,poblacional,117354.0,117354.0,False,False,,,7.399999999994179,,,,2,0,14,Llenando ventana
511,3,GWO,poblacional,117354.0,117354.0,False,False,,,7.399999999994179,,,,3,0,15,Llenando ventana
512,3,GWO,poblacional,117354.0,117354.0,False,False,,,7.399999999994179,,,,4,0,16,Llenando ventana
513,3,GWO,poblacional,117354.0,117354.0,False,False,,,7.399999999994179,,,,5,0,17,Llenando ventana
514,3,GWO,poblacional,117354.0,117354.0,False,False,,,7.399999999994179,,,,6,0,18,Llenando ventana
515,3,GWO,poblacional,117354.0,117354.0,False,False,,,7.399999999994179,,,,7,0,19,Llenando ventana
516,4,TS,trayectoria,117367.0,117367.0,False,False,,,,,,,8,0,20,Llenando ventana
517,4,TS,trayectoria,117367.0,117367.0,False,False,,,,,,,9,0,21,Llenando ventana
518,4,TS,trayectoria,117367.0,117367.0,False,False,,,,,,,10,0,22,Llenando ventana
519,4,TS,trayectoria,117367.0,117367.0,False,False,,,,,,,11,0,23,Llenando ventana
520,4,TS,trayectoria,117367.0,117367.0,False,False,,,,,,,12,0,24,Llenando ventana
521,4,TS,trayectoria,117367.0,117367.0,False,False,,,,,,,13,0,25,Llenando ventana
522,4,TS,trayectoria,117367.0,117367.0,False,False,,,,,,,0,0,26,Llenando ventana
523,4,TS,trayectoria,117367.0,117367.0,False,False,,,,,,,1,0,27,Llenando ventana
524,4,TS,trayectoria,117367.0,117367.0,False,False,,,,,,,2,0,28,Llenando ventana
525,4,TS,trayectoria,117367.0,117367.0,False,False,,,,,,,3,0,29,Llenando ventana
526,4,TS,trayectoria,117367.0,117367.0,False,False,,,,,,,4,0,30,Llenando ventana
527,4,TS,trayectoria,117367.0,117367.0,False,False,,,,,,,5,0,31,Llenando ventana
528,4,TS,trayectoria,117384.0,117384.0,False,False,,,,,,,6,0,32,Llenando ventana
529,4,TS,trayectoria,117384.0,117384.0,False,False,,,,,,,7,0,33,Llenando ventana
530,4,TS,trayectoria,117384.0,117384.0,False,False,,,,,,,8,0,34,Llenando ventana
531,4,TS,trayectoria,117384.0,117384.0,False,False,,,,,,,9,0,35,Llenando ventana
532,4,TS,trayectoria,117384.0,117384.0,False,False,,,,,,,10,0,36,Llenando ventana
533,4,TS,trayectoria,117384.0,117384.0,False,False,,,,,,,11,0,37,Llenando ventana
534,4,TS,trayectoria,117384.0,117384.0,False,False,,,,,,,12,0,38,Llenando ventana
535,4,TS,trayectoria,117384.0,117384.0,False,False,,,,,,,13,0,39,Llenando ventana
536,4,TS,trayectoria,117384.0,117384.0,False,False,,,,,,,14,0,40,Llenando ventana
537,4,TS,trayectoria,117384.0,117384.0,False,False,,,,,,,15,0,41,Llenando ventana
538,4,TS,trayectoria,117384.0,117384.0,False,False,,,,,,,16,0,42,Llenando ventana
539,4,TS,trayectoria,117384.0,117384.0,False,False,,,,,,,17,0,43,Llenando ventana
540,4,TS,trayectoria,117384.0,117384.0,False,False,,,,,,,18,0,44,Llenando ventana
541,4,TS,trayectoria,117384.0,117384.0,False,False,,,,,,,19,0,45,Llenando ventana
542,4,TS,trayectoria,117384.0,117384.0,False,False,,,,,,,20,0,46,Llenando ventana
543,4,TS,trayectoria,117384.0,117384.0,False,False,,,,,,,21,0,47,Llenando ventana
544,4,TS,trayectoria,117384.0,117384.0,False,False,,,,,,,22,0,48,Llenando ventana
545,4,TS,trayectoria,117384.0,117384.0,False,False,,,,,,,23,0,49,Llenando ventana
546,4,TS,trayectoria,117384.0,117384.0,False,False,,,,,,,24,0,50,Llenando ventana
547,4,TS,trayectoria,117384.0,117384.0,False,False,,,,,,,25,0,51,Llenando ventana
548,4,TS,trayectoria,117384.0,117384.0,False,False,,,,,,,26,0,52,Llenando ventana
549,4,TS,trayectoria,117384.0,117384.0,False,False,,,,,,,27,0,53,Llenando ventana
550,4,TS,trayectoria,117384.0,117384.0,False,False,,,,,,,28,0,54,Llenando ventana
551,4,TS,trayectoria,117384.0,117384.0,False,False,,,,,,,29,0,55,Llenando ventana
552,4,TS,trayectoria,117384.0,117384.0,False,False,,,,,,,30,0,56,Llenando ventana
553,4,TS,trayectoria,117384.0,117384.0,False,False,,,,,,,31,0,57,Llenando ventana
554,4,TS,trayectoria,117384.0,117384.0,False,False,,,,,,,32,0,58,Llenando ventana
555,4,TS,trayectoria,117384.0,117384.0,False,False,,,,,,,33,0,59,Llenando ventana
556,4,TS,trayectoria,117384.0,117384.0,False,False,,,,,,,34,0,60,Llenando ventana
557,4,TS,trayectoria,117384.0,117384.0,False,False,,,,,,,35,0,61,Llenando ventana
558,4,TS,trayectoria,117384.0,117384.0,False,False,,,,,,,36,0,62,Llenando ventana
559,4,TS,trayectoria,117384.0,117384.0,False,False,,,,,,,37,0,63,Llenando ventana
560,4,TS,trayectoria,117384.0,117384.0,False,False,,,,,,,38,0,64,Llenando ventana
561,4,TS,trayectoria,117384.0,117384.0,False,False,,,,,,,39,0,65,Llenando ventana
562,4,TS,trayectoria,117384.0,117384.0,False,False,,,,,,,40,0,66,Llenando ventana
563,4,TS,trayectoria,117384.0,117384.0,False,False,,,,,,,41,0,67,Llenando ventana
564,4,TS,trayectoria,117384.0,117384.0,False,False,,,,,,,42,0,68,Llenando ventana
565,4,TS,trayectoria,117384.0,117384.0,False,False,,,,,,,43,0,69,Llenando ventana
566,4,TS,trayectoria,117384.0,117384.0,False,False,,,,,,,44,0,70,Llenando ventana
567,4,TS,trayectoria,117384.0,117384.0,False,False,,,,,,,45,0,71,Llenando ventana
568,4,TS,trayectoria,117384.0,117384.0,False,False,,,,,,,46,0,72,Llenando ventana
569,4,TS,trayectoria,117384.0,117384.0,False,False,,,,,,,47,0,73,Llenando ventana
570,4,TS,trayectoria,117384.0,117384.0,False,False,,,,,,,48,0,74,Llenando ventana
571,4,TS,trayectoria,117384.0,117384.0,True,False,202.79999999995925,196.0,6.799999999959255,7.5,37.5,22.5,49,0,75,Explotacion activa
572,4,TS,trayectoria,117384.0,117384.0,True,False,202.79999999995925,196.0,6.799999999959255,7.5,37.5,22.5,50,0,76,Explotacion activa
573,4,TS,trayectoria,117384.0,117384.0,True,False,202.79999999995925,196.0,6.799999999959255,7.5,37.5,22.5,51,0,77,Explotacion activa
574,4,TS,trayectoria,117384.0,117384.0,True,False,202.79999999998836,196.0,6.7999999999883585,7.5,37.5,22.5,52,0,78,Explotacion activa
575,4,TS,trayectoria,117384.0,117384.0,True,False,202.79999999998836,196.0,6.7999999999883585,7.5,37.5,22.5,53,0,79,Explotacion activa
576,4,TS,trayectoria,117384.0,117384.0,True,False,70.9999999999709,64.0,6.999999999970896,7.5,37.5,22.5,54,0,80,Explotacion activa
577,4,TS,trayectoria,117384.0,117384.0,True,False,70.9999999999709,64.0,6.999999999970896,7.5,37.5,22.5,55,0,81,Explotacion activa
578,4,TS,trayectoria,117384.0,117384.0,True,False,70.9999999999709,64.0,6.999999999970896,7.5,37.5,22.5,56,0,82,Explotacion activa
579,4,TS,trayectoria,117384.0,117384.0,True,False,70.9999999999709,64.0,6.999999999970896,7.5,37.5,22.5,57,0,83,Explotacion activa
580,4,TS,trayectoria,117384.0,117384.0,True,False,70.9999999999709,64.0,6.999999999970896,64.0,202.79999999995925,6.999999999970896,58,1,84,Explotacion activa
581,4,TS,trayectoria,117384.0,117384.0,True,False,70.9999999999709,64.0,6.999999999970896,64.0,202.79999999995925,6.999999999970896,59,2,85,Explotacion activa
582,4,TS,trayectoria,117384.0,117384.0,True,False,36.19999999998254,29.0,7.199999999982538,64.0,202.79999999995925,6.999999999970896,60,3,86,Explotacion activa
583,4,TS,trayectoria,117384.0,117384.0,True,False,36.19999999998254,29.0,7.199999999982538,64.0,202.79999999995925,6.999999999970896,61,4,87,Explotacion activa
584,4,TS,trayectoria,117384.0,117384.0,True,False,36.19999999998254,29.0,7.199999999982538,64.0,202.79999999995925,6.999999999970896,62,5,88,Explotacion activa
585,4,TS,trayectoria,117384.0,117384.0,True,False,36.19999999998254,29.0,7.199999999982538,64.0,176.43999999996146,6.999999999970896,63,6,89,Explotacion activa
586,4,TS,trayectoria,117384.0,117384.0,True,False,36.19999999998254,29.0,7.199999999982538,46.5,136.89999999996508,7.099999999976717,64,7,90,Explotacion activa
587,4,TS,trayectoria,117384.0,117384.0,True,False,36.19999999998254,29.0,7.199999999982538,29.0,97.35999999996847,7.199999999982538,65,8,91,Explotacion activa
588,4,TS,trayectoria,117384.0,117384.0,True,False,58.0,51.0,7.0,31.199999999999992,70.9999999999709,7.179999999984283,0,0,92,Explotacion activa
589,4,TS,trayectoria,117384.0,117384.0,True,False,57.999999999970896,51.0,6.999999999970896,37.79999999999999,70.9999999999709,7.119999999989522,1,0,93,Explotacion activa
590,4,TS,trayectoria,117384.0,117384.0,True,False,57.999999999970896,51.0,6.999999999970896,44.400000000000006,70.9999999999709,7.059999999994761,2,0,94,Explotacion activa
591,4,TS,trayectoria,117384.0,117384.0,True,False,57.999999999970896,51.0,6.999999999970896,51.0,70.9999999999709,7.0,3,0,95,Explotacion activa
592,4,TS,trayectoria,117384.0,117384.0,True,False,57.999999999970896,51.0,6.999999999970896,51.0,70.9999999999709,6.999999999991269,4,0,96,Explotacion activa
593,4,TS,trayectoria,117384.0,117384.0,True,False,57.999999999970896,51.0,6.999999999970896,51.0,70.9999999999709,6.9999999999825375,5,0,97,Explotacion activa
594,4,TS,trayectoria,117384.0,117384.0,True,False,57.999999999970896,51.0,6.999999999970896,51.0,70.9999999999709,6.999999999973807,6,0,98,Explotacion activa
595,4,TS,trayectoria,117384.0,117384.0,True,False,58.0,51.0,7.0,51.0,70.9999999999709,6.999999999994179,7,0,99,Explotacion activa
596,4,TS,trayectoria,117384.0,117384.0,True,False,29.199999999982538,22.0,7.199999999982538,51.0,70.9999999999709,7.0,8,0,100,Explotacion activa
597,4,TS,trayectoria,117384.0,117384.0,True,False,29.199999999982538,22.0,7.199999999982538,46.599999999999994,70.9999999999709,7.039999999996508,9,0,101,Explotacion activa
598,4,TS,trayectoria,117384.0,117384.0,True,False,29.199999999982538,22.0,7.199999999982538,31.199999999999992,70.9999999999709,7.179999999984283,10,0,102,Explotacion activa
599,4,TS,trayectoria,117384.0,117384.0,True,False,29.199999999982538,22.0,7.199999999982538,29.0,70.9999999999709,7.199999999982538,11,0,103,Explotacion activa
600,4,TS,trayectoria,117384.0,117384.0,True,False,29.199999999982538,22.0,7.199999999982538,29.0,70.9999999999709,7.199999999982538,12,0,104,Explotacion activa
601,4,TS,trayectoria,117384.0,117384.0,True,False,29.199999999982538,22.0,7.199999999982538,29.0,70.9999999999709,7.199999999982538,13,0,105,Explotacion activa
602,4,TS,trayectoria,117384.0,117384.0,True,False,29.199999999982538,22.0,7.199999999982538,29.0,70.9999999999709,7.199999999982538,14,0,106,Explotacion activa
603,4,TS,trayectoria,117384.0,117384.0,True,False,29.199999999982538,22.0,7.199999999982538,29.0,70.9999999999709,7.199999999982538,15,1,107,Explotacion activa
604,4,TS,trayectoria,117384.0,117384.0,True,False,29.199999999982538,22.0,7.199999999982538,29.0,70.9999999999709,7.199999999982538,16,2,108,Explotacion activa
605,4,TS,trayectoria,117384.0,117384.0,True,False,29.199999999982538,22.0,7.199999999982538,29.0,68.39999999997669,7.199999999982538,17,3,109,Explotacion activa
606,4,TS,trayectoria,117384.0,117384.0,True,False,29.199999999982538,22.0,7.199999999982538,25.5,64.49999999998545,7.199999999982538,18,4,110,Explotacion activa
607,4,TS,trayectoria,117384.0,117384.0,True,False,29.199999999982538,22.0,7.199999999982538,22.0,60.59999999999417,7.199999999982538,19,5,111,Explotacion activa
608,4,TS,trayectoria,117384.0,117384.0,True,False,29.199999999982538,22.0,7.199999999982538,22.0,58.0,7.199999999982538,20,6,112,Explotacion activa
609,4,TS,trayectoria,117384.0,117384.0,True,False,29.199999999982538,22.0,7.199999999982538,22.0,58.0,7.199999999982538,21,7,113,Explotacion activa
610,4,TS,trayectoria,117384.0,117384.0,True,False,29.199999999982538,22.0,7.199999999982538,22.0,58.0,7.199999999982538,22,8,114,Explotacion activa
611,4,TS,trayectoria,117384.0,117384.0,True,False,29.199999999982538,22.0,7.199999999982538,22.0,58.0,7.199999999982538,23,9,115,Explotacion activa
612,4,TS,trayectoria,117384.0,117384.0,True,False,29.199999999982538,22.0,7.199999999982538,22.0,57.99999999999127,7.199999999982538,24,10,116,Explotacion activa
613,4,TS,trayectoria,117384.0,117384.0,True,False,29.199999999982538,22.0,7.199999999982538,22.0,57.999999999982535,7.199999999982538,25,11,117,Explotacion activa
614,4,TS,trayectoria,117384.0,117384.0,True,False,29.199999999982538,22.0,7.199999999982538,22.0,57.99999999997381,7.199999999982538,26,12,118,Explotacion activa
615,4,TS,trayectoria,117384.0,117384.0,True,False,29.199999999982538,22.0,7.199999999982538,22.0,57.999999999970896,7.199999999982538,27,13,119,Explotacion activa
616,4,TS,trayectoria,117384.0,117384.0,True,False,29.199999999982538,22.0,7.199999999982538,22.0,57.999999999970896,7.199999999982538,28,14,120,Explotacion activa
617,4,TS,trayectoria,117384.0,117384.0,True,False,29.199999999982538,22.0,7.199999999982538,22.0,57.999999999970896,7.199999999982538,29,15,121,Explotacion activa
618,4,TS,trayectoria,117384.0,117384.0,True,False,29.199999999982538,22.0,7.199999999982538,22.0,57.999999999970896,7.199999999982538,30,16,122,Explotacion activa
619,4,TS,trayectoria,117384.0,117384.0,True,False,29.199999999982538,22.0,7.199999999982538,22.0,57.999999999970896,7.199999999982538,31,17,123,Explotacion activa
620,4,TS,trayectoria,117384.0,117384.0,True,False,29.199999999982538,22.0,7.199999999982538,22.0,57.999999999970896,7.199999999982538,32,18,124,Explotacion activa
621,4,TS,trayectoria,117384.0,117384.0,True,False,29.199999999982538,22.0,7.199999999982538,22.0,57.999999999970896,7.199999999982538,33,19,125,Explotacion activa
622,4,TS,trayectoria,117384.0,117384.0,True,False,29.199999999982538,22.0,7.199999999982538,22.0,57.999999999970896,7.199999999982538,34,20,126,Explotacion activa
623,4,TS,trayectoria,117384.0,117384.0,True,False,29.199999999982538,22.0,7.199999999982538,22.0,57.999999999970896,7.199999999982538,35,21,127,Explotacion activa
624,5,EHO,poblacional,117384.0,117384.0,True,False,29.199999999982538,22.0,7.199999999982538,22.0,57.999999999970896,7.199999999982538,36,22,128,Explotacion activa
625,5,EHO,poblacional,117384.0,117384.0,True,False,29.199999999982538,22.0,7.199999999982538,22.0,57.999999999970896,7.199999999982538,37,23,129,Explotacion activa
626,5,EHO,poblacional,117384.0,117384.0,True,False,29.199999999982538,22.0,7.199999999982538,22.0,57.999999999970896,7.199999999982538,38,24,130,Explotacion activa
627,5,EHO,poblacional,117384.0,117384.0,True,True,29.199999999982538,22.0,7.199999999982538,22.0,57.999999999970896,7.199999999982538,39,25,131,ESTANCAMIENTO (Fire)
628,5,EHO,poblacional,117384.0,117384.0,False,False,,,,,,,0,0,1,Llenando ventana
629,5,EHO,poblacional,117384.0,117384.0,False,False,,,,,,,1,0,2,Llenando ventana
630,5,EHO,poblacional,117384.0,117384.0,False,False,,,,,,,2,0,3,Llenando ventana
631,5,EHO,poblacional,117384.0,117384.0,False,False,,,,,,,3,0,4,Llenando ventana
632,5,EHO,poblacional,117384.0,117384.0,False,False,,,,,,,4,0,5,Llenando ventana
633,5,EHO,poblacional,117384.0,117384.0,False,False,,,,,,,5,0,6,Llenando ventana
634,5,EHO,poblacional,117384.0,117384.0,False,False,,,,,,,6,0,7,Llenando ventana
635,5,EHO,poblacional,117384.0,117384.0,False,False,,,,,,,7,0,8,Llenando ventana
636,5,EHO,poblacional,117384.0,117384.0,False,False,,,,,,,8,0,9,Llenando ventana
637,5,EHO,poblacional,117384.0,117384.0,False,False,,,,,,,9,0,10,Llenando ventana
638,5,EHO,poblacional,117384.0,117384.0,False,False,,,,,,,10,0,11,Llenando ventana
639,5,EHO,poblacional,117384.0,117384.0,False,False,,,,,,,11,0,12,Llenando ventana
640,5,EHO,poblacional,117384.0,117384.0,False,False,,,,,,,12,0,13,Llenando ventana
641,5,EHO,poblacional,117384.0,117384.0,False,False,,,,,,,13,0,14,Llenando ventana
642,5,EHO,poblacional,117384.0,117384.0,False,False,,,,,,,14,0,15,Llenando ventana
643,5,EHO,poblacional,117384.0,117384.0,False,False,,,,,,,15,0,16,Llenando ventana
644,5,EHO,poblacional,117384.0,117384.0,False,False,,,,,,,16,0,17,Llenando ventana
645,5,EHO,poblacional,117384.0,117384.0,False,False,,,,,,,17,0,18,Llenando ventana
646,5,EHO,poblacional,117384.0,117384.0,False,False,,,,,,,18,0,19,Llenando ventana
647,5,EHO,poblacional,117384.0,117384.0,False,False,,,,,,,19,0,20,Llenando ventana
648,5,EHO,poblacional,117384.0,117384.0,False,False,,,,,,,20,0,21,Llenando ventana
649,5,EHO,poblacional,117384.0,117384.0,False,False,,,,,,,21,0,22,Llenando ventana
650,5,EHO,poblacional,117384.0,117384.0,False,False,,,,,,,22,0,23,Llenando ventana
651,5,EHO,poblacional,117384.0,117384.0,False,False,,,,,,,23,0,24,Llenando ventana
652,5,EHO,poblacional,117384.0,117384.0,False,False,,,,,,,24,0,25,Llenando ventana
653,5,EHO,poblacional,117384.0,117384.0,False,False,,,,,,,25,0,26,Llenando ventana
654,5,EHO,poblacional,117384.0,117384.0,False,False,,,,,,,26,0,27,Llenando ventana
655,5,EHO,poblacional,117384.0,117384.0,False,False,,,,,,,27,0,28,Llenando ventana
656,5,EHO,poblacional,117384.0,117384.0,False,False,,,,,,,28,0,29,Llenando ventana
657,5,EHO,poblacional,117384.0,117384.0,False,False,,,,,,,29,0,30,Llenando ventana
658,5,EHO,poblacional,117384.0,117384.0,False,False,,,,,,,30,0,31,Llenando ventana
659,5,EHO,poblacional,117384.0,117384.0,False,False,,,,,,,31,0,32,Llenando ventana
660,5,EHO,poblacional,117384.0,117384.0,False,False,,,,,,,32,0,33,Llenando ventana
661,5,EHO,poblacional,117384.0,117384.0,False,False,,,,,,,33,0,34,Llenando ventana
662,5,EHO,poblacional,117384.0,117384.0,False,False,,,,,,,34,0,35,Llenando ventana
663,5,EHO,poblacional,117384.0,117384.0,False,False,,,,,,,35,0,36,Llenando ventana
664,5,EHO,poblacional,117384.0,117384.0,False,False,,,,,,,36,0,37,Llenando ventana
665,5,EHO,poblacional,117384.0,117384.0,False,False,,,,,,,37,0,38,Llenando ventana
666,5,EHO,poblacional,117384.0,117384.0,False,False,,,,,,,38,0,39,Llenando ventana
667,5,EHO,poblacional,117384.0,117384.0,False,False,,,,,,,39,0,40,Llenando ventana
668,5,EHO,poblacional,117384.0,117384.0,False,False,,,,,,,40,0,41,Llenando ventana
669,5,EHO,poblacional,117384.0,117384.0,False,False,,,,,,,41,0,42,Llenando ventana
670,5,EHO,poblacional,117384.0,117384.0,False,False,,,,,,,42,0,43,Llenando ventana
671,5,EHO,poblacional,117384.0,117384.0,False,False,,,,,,,43,0,44,Llenando ventana
672,5,EHO,poblacional,117384.0,117384.0,False,False,,,,,,,44,0,45,Llenando ventana
673,5,EHO,poblacional,117384.0,117384.0,False,False,,,,,,,45,0,46,Llenando ventana
674,5,EHO,poblacional,117384.0,117384.0,False,False,,,,,,,46,0,47,Llenando ventana
675,5,EHO,poblacional,117384.0,117384.0,False,False,,,,,,,47,0,48,Llenando ventana
676,5,EHO,poblacional,117384.0,117384.0,False,False,,,,,,,48,0,49,Llenando ventana
677,5,EHO,poblacional,117384.0,117384.0,False,False,,,,,,,49,0,50,Llenando ventana
678,5,EHO,poblacional,117384.0,117384.0,False,False,,,,,,,50,0,51,Llenando ventana
679,5,EHO,poblacional,117384.0,117384.0,False,False,,,,,,,51,0,52,Llenando ventana
680,5,EHO,poblacional,117384.0,117384.0,False,False,,,,,,,52,0,53,Llenando ventana
681,5,EHO,poblacional,117384.0,117384.0,False,False,,,,,,,53,0,54,Llenando ventana
682,5,EHO,poblacional,117384.0,117384.0,False,False,,,,,,,54,0,55,Llenando ventana
683,5,EHO,poblacional,117384.0,117384.0,False,False,,,,,,,55,0,56,Llenando ventana
684,5,EHO,poblacional,117384.0,117384.0,False,False,,,,,,,56,0,57,Llenando ventana
685,5,EHO,poblacional,117384.0,117384.0,False,False,,,,,,,57,0,58,Llenando ventana
686,5,EHO,poblacional,117384.0,117384.0,False,False,,,,,,,58,0,59,Llenando ventana
687,5,EHO,poblacional,117384.0,117384.0,False,False,,,,,,,59,0,60,Llenando ventana
688,5,EHO,poblacional,117384.0,117384.0,False,False,,,,,,,60,0,61,Llenando ventana
689,5,EHO,poblacional,117384.0,117384.0,False,False,,,,,,,61,0,62,Llenando ventana
690,5,EHO,poblacional,117384.0,117384.0,False,False,,,,,,,62,0,63,Llenando ventana
691,5,EHO,poblacional,117384.0,117384.0,False,False,,,,,,,63,0,64,Llenando ventana
692,5,EHO,poblacional,117384.0,117384.0,False,False,,,,,,,64,0,65,Llenando ventana
693,5,EHO,poblacional,117384.0,117384.0,False,False,,,,,,,65,0,66,Llenando ventana
694,5,EHO,poblacional,117384.0,117384.0,False,False,,,,,,,66,0,67,Llenando ventana
695,5,EHO,poblacional,117384.0,117384.0,False,False,,,,,,,67,0,68,Llenando ventana
696,5,EHO,poblacional,117384.0,117384.0,False,False,,,,,,,68,0,69,Llenando ventana
697,5,EHO,poblacional,117384.0,117384.0,False,False,,,,,,,69,0,70,Llenando ventana
698,5,EHO,poblacional,117384.0,117384.0,False,False,,,7.399999999994179,,,,70,0,71,Llenando ventana
699,5,EHO,poblacional,117384.0,117384.0,False,False,,,7.399999999994179,,,,71,0,72,Llenando ventana
700,5,EHO,poblacional,117384.0,117384.0,False,False,,,7.399999999994179,,,,72,0,73,Llenando ventana
701,5,EHO,poblacional,117384.0,117384.0,False,False,,,7.399999999994179,,,,73,0,74,Llenando ventana
702,5,EHO,poblacional,117384.0,117384.0,True,False,7.399999999994179,0.0,7.399999999994179,7.5,37.5,22.5,74,0,75,Explotacion activa
703,5,EHO,poblacional,117384.0,117384.0,True,False,7.399999999994179,0.0,7.399999999994179,7.5,37.5,22.5,75,0,76,Explotacion activa
704,5,EHO,poblacional,117384.0,117384.0,True,False,7.399999999994179,0.0,7.399999999994179,7.5,37.5,22.5,76,0,77,Explotacion activa
705,5,EHO,poblacional,117384.0,117384.0,True,False,7.399999999994179,0.0,7.399999999994179,7.5,37.5,22.5,77,0,78,Explotacion activa
706,5,EHO,poblacional,117384.0,117384.0,True,False,7.399999999994179,0.0,7.399999999994179,7.5,37.5,22.5,78,0,79,Explotacion activa
707,5,EHO,poblacional,117384.0,117384.0,True,False,7.399999999994179,0.0,7.399999999994179,7.5,37.5,22.5,79,0,80,Explotacion activa
708,5,EHO,poblacional,117384.0,117384.0,True,False,7.399999999994179,0.0,7.399999999994179,7.5,37.5,22.5,80,0,81,Explotacion activa
709,5,EHO,poblacional,117384.0,117384.0,True,False,7.399999999994179,0.0,7.399999999994179,7.5,37.5,22.5,81,0,82,Explotacion activa
710,5,EHO,poblacional,117384.0,117384.0,True,False,7.399999999994179,0.0,7.399999999994179,7.5,37.5,22.5,82,0,83,Explotacion activa
711,5,EHO,poblacional,117384.0,117384.0,True,False,7.399999999994179,0.0,7.399999999994179,0.0,7.399999999994179,7.399999999994179,83,1,84,Explotacion activa
712,5,EHO,poblacional,117384.0,117384.0,True,False,7.399999999994179,0.0,7.399999999994179,0.0,7.399999999994179,7.399999999994179,84,2,85,Explotacion activa
713,5,EHO,poblacional,117384.0,117384.0,True,False,7.399999999994179,0.0,7.399999999994179,0.0,7.399999999994179,7.399999999994179,85,3,86,Explotacion activa
714,5,EHO,poblacional,117384.0,117384.0,True,False,7.399999999994179,0.0,7.399999999994179,0.0,7.399999999994179,7.399999999994179,86,4,87,Explotacion activa
715,5,EHO,poblacional,117384.0,117384.0,True,False,7.399999999994179,0.0,7.399999999994179,0.0,7.399999999994179,7.399999999994179,87,5,88,Explotacion activa
716,5,EHO,poblacional,117384.0,117384.0,True,False,7.399999999994179,0.0,7.399999999994179,0.0,7.399999999994179,7.399999999994179,88,6,89,Explotacion activa
717,5,EHO,poblacional,117384.0,117384.0,True,False,7.399999999994179,0.0,7.399999999994179,0.0,7.399999999994179,7.399999999994179,89,7,90,Explotacion activa
718,5,EHO,poblacional,117384.0,117384.0,True,False,7.399999999994179,0.0,7.399999999994179,0.0,7.399999999994179,7.399999999994179,90,8,91,Explotacion activa
719,5,EHO,poblacional,117384.0,117384.0,True,False,7.399999999994179,0.0,7.399999999994179,0.0,7.399999999994179,7.399999999994179,91,9,92,Explotacion activa
720,5,EHO,poblacional,117384.0,117384.0,True,False,7.399999999994179,0.0,7.399999999994179,0.0,7.399999999994179,7.399999999994179,92,10,93,Explotacion activa
721,5,EHO,poblacional,117384.0,117384.0,True,False,7.399999999994179,0.0,7.399999999994179,0.0,7.399999999994179,7.399999999994179,93,11,94,Explotacion activa
722,5,EHO,poblacional,117384.0,117384.0,True,False,7.399999999994179,0.0,7.399999999994179,0.0,7.399999999994179,7.399999999994179,94,12,95,Explotacion activa
723,5,EHO,poblacional,117384.0,117384.0,True,False,7.399999999994179,0.0,7.399999999994179,0.0,7.399999999994179,7.399999999994179,95,13,96,Explotacion activa
724,5,EHO,poblacional,117384.0,117384.0,True,False,7.399999999994179,0.0,7.399999999994179,0.0,7.399999999994179,7.399999999994179,96,14,97,Explotacion activa
725,5,EHO,poblacional,117384.0,117384.0,True,False,7.399999999994179,0.0,7.399999999994179,0.0,7.399999999994179,7.399999999994179,97,15,98,Explotacion activa
726,5,EHO,poblacional,117384.0,117384.0,True,False,7.399999999994179,0.0,7.399999999994179,0.0,7.399999999994179,7.399999999994179,98,16,99,Explotacion activa
727,5,EHO,poblacional,117384.0,117384.0,True,False,7.399999999994179,0.0,7.399999999994179,0.0,7.399999999994179,7.399999999994179,99,17,100,Explotacion activa
728,5,EHO,poblacional,117384.0,117384.0,True,False,7.399999999994179,0.0,7.399999999994179,0.0,7.399999999994179,7.399999999994179,100,18,101,Explotacion activa
729,5,EHO,poblacional,117384.0,117384.0,True,False,7.399999999994179,0.0,7.399999999994179,0.0,7.399999999994179,7.399999999994179,101,19,102,Explotacion activa
730,5,EHO,poblacional,117384.0,117384.0,True,False,7.399999999994179,0.0,7.399999999994179,0.0,7.399999999994179,7.399999999994179,102,20,103,Explotacion activa
731,5,EHO,poblacional,117384.0,117384.0,True,False,7.399999999994179,0.0,7.399999999994179,0.0,7.399999999994179,7.399999999994179,103,21,104,Explotacion activa
732,6,ILS,trayectoria,117384.0,117384.0,True,False,7.399999999994179,0.0,7.399999999994179,0.0,7.399999999994179,7.399999999994179,104,22,105,Explotacion activa
733,6,ILS,trayectoria,117384.0,117384.0,True,False,7.399999999994179,0.0,7.399999999994179,0.0,7.399999999994179,7.399999999994179,105,23,106,Explotacion activa
734,6,ILS,trayectoria,117384.0,117384.0,True,False,7.399999999994179,0.0,7.399999999994179,0.0,7.399999999994179,7.399999999994179,106,24,107,Explotacion activa
735,6,ILS,trayectoria,117384.0,117384.0,True,True,7.399999999994179,0.0,7.399999999994179,0.0,7.399999999994179,7.399999999994179,107,25,108,ESTANCAMIENTO (Fire)
736,6,ILS,trayectoria,117384.0,117384.0,False,False,,,,,,,0,0,1,Llenando ventana
737,6,ILS,trayectoria,117516.0,117516.0,False,False,,,,,,,1,0,2,Llenando ventana
738,6,ILS,trayectoria,117516.0,117516.0,False,False,,,,,,,2,0,3,Llenando ventana
739,6,ILS,trayectoria,117516.0,117516.0,False,False,,,,,,,3,0,4,Llenando ventana
740,6,ILS,trayectoria,117516.0,117516.0,False,False,,,,,,,4,0,5,Llenando ventana
741,6,ILS,trayectoria,117516.0,117516.0,False,False,,,,,,,5,0,6,Llenando ventana
742,6,ILS,trayectoria,117516.0,117516.0,False,False,,,,,,,6,0,7,Llenando ventana
743,6,ILS,trayectoria,117551.0,117551.0,False,False,,,,,,,7,0,8,Llenando ventana
744,6,ILS,trayectoria,117551.0,117551.0,False,False,,,,,,,8,0,9,Llenando ventana
745,6,ILS,trayectoria,117551.0,117551.0,False,False,,,,,,,9,0,10,Llenando ventana
746,6,ILS,trayectoria,117551.0,117551.0,False,False,,,,,,,10,0,11,Llenando ventana
747,6,ILS,trayectoria,117551.0,117551.0,False,False,,,,,,,11,0,12,Llenando ventana
748,6,ILS,trayectoria,117551.0,117551.0,False,False,,,,,,,12,0,13,Llenando ventana
749,6,ILS,trayectoria,117551.0,117551.0,False,False,,,,,,,13,0,14,Llenando ventana
750,6,ILS,trayectoria,117551.0,117551.0,False,False,,,,,,,14,0,15,Llenando ventana
751,6,ILS,trayectoria,117551.0,117551.0,False,False,,,,,,,15,0,16,Llenando ventana
752,6,ILS,trayectoria,117551.0,117551.0,False,False,,,,,,,16,0,17,Llenando ventana
753,6,ILS,trayectoria,117551.0,117551.0,False,False,,,,,,,17,0,18,Llenando ventana
754,6,ILS,trayectoria,117551.0,117551.0,False,False,,,,,,,18,0,19,Llenando ventana
755,6,ILS,trayectoria,117551.0,117551.0,False,False,,,,,,,19,0,20,Llenando ventana
756,6,ILS,trayectoria,117551.0,117551.0,False,False,,,,,,,20,0,21,Llenando ventana
757,6,ILS,trayectoria,117580.0,117580.0,False,False,,,,,,,21,0,22,Llenando ventana
758,6,ILS,trayectoria,117580.0,117580.0,False,False,,,,,,,22,0,23,Llenando ventana
759,6,ILS,trayectoria,117580.0,117580.0,False,False,,,,,,,23,0,24,Llenando ventana
760,6,ILS,trayectoria,117580.0,117580.0,False,False,,,,,,,24,0,25,Llenando ventana
761,6,ILS,trayectoria,117580.0,117580.0,False,False,,,,,,,25,0,26,Llenando ventana
762,6,ILS,trayectoria,117580.0,117580.0,False,False,,,,,,,26,0,27,Llenando ventana
763,6,ILS,trayectoria,117580.0,117580.0,False,False,,,,,,,27,0,28,Llenando ventana
764,6,ILS,trayectoria,117580.0,117580.0,False,False,,,,,,,28,0,29,Llenando ventana
765,6,ILS,trayectoria,117580.0,117580.0,False,False,,,,,,,29,0,30,Llenando ventana
766,6,ILS,trayectoria,117580.0,117580.0,False,False,,,,,,,30,0,31,Llenando ventana
767,6,ILS,trayectoria,117580.0,117580.0,False,False,,,,,,,31,0,32,Llenando ventana
768,6,ILS,trayectoria,117580.0,117580.0,False,False,,,,,,,32,0,33,Llenando ventana
769,6,ILS,trayectoria,117580.0,117580.0,False,False,,,,,,,33,0,34,Llenando ventana
770,6,ILS,trayectoria,117580.0,117580.0,False,False,,,,,,,34,0,35,Llenando ventana
771,6,ILS,trayectoria,117580.0,117580.0,False,False,,,,,,,35,0,36,Llenando ventana
772,6,ILS,trayectoria,117580.0,117580.0,False,False,,,,,,,0,0,37,Llenando ventana
773,6,ILS,trayectoria,117580.0,117580.0,False,False,,,,,,,1,0,38,Llenando ventana
774,6,ILS,trayectoria,117580.0,117580.0,False,False,,,,,,,2,0,39,Llenando ventana
775,6,ILS,trayectoria,117580.0,117580.0,False,False,,,,,,,3,0,40,Llenando ventana
776,6,ILS,trayectoria,117580.0,117580.0,False,False,,,,,,,4,0,41,Llenando ventana
777,6,ILS,trayectoria,117580.0,117580.0,False,False,,,,,,,5,0,42,Llenando ventana
778,6,ILS,trayectoria,117580.0,117580.0,False,False,,,,,,,6,0,43,Llenando ventana
779,6,ILS,trayectoria,117580.0,117580.0,False,False,,,,,,,7,0,44,Llenando ventana
780,6,ILS,trayectoria,117580.0,117580.0,False,False,,,,,,,8,0,45,Llenando ventana
781,6,ILS,trayectoria,117580.0,117580.0,False,False,,,,,,,9,0,46,Llenando ventana
782,6,ILS,trayectoria,117580.0,117580.0,False,False,,,,,,,10,0,47,Llenando ventana
783,6,ILS,trayectoria,117580.0,117580.0,False,False,,,,,,,11,0,48,Llenando ventana
784,6,ILS,trayectoria,117580.0,117580.0,False,False,,,,,,,12,0,49,Llenando ventana
785,6,ILS,trayectoria,117580.0,117580.0,False,False,,,,,,,13,0,50,Llenando ventana
786,6,ILS,trayectoria,117580.0,117580.0,False,False,,,,,,,14,0,51,Llenando ventana
787,6,ILS,trayectoria,117580.0,117580.0,False,False,,,,,,,15,0,52,Llenando ventana
788,6,ILS,trayectoria,117580.0,117580.0,False,False,,,,,,,16,0,53,Llenando ventana
789,6,ILS,trayectoria,117580.0,117580.0,False,False,,,,,,,17,0,54,Llenando ventana
790,6,ILS,trayectoria,117580.0,117580.0,False,False,,,,,,,18,0,55,Llenando ventana
791,6,ILS,trayectoria,117580.0,117580.0,False,False,,,,,,,19,0,56,Llenando ventana
792,6,ILS,trayectoria,117580.0,117580.0,False,False,,,,,,,20,0,57,Llenando ventana
793,6,ILS,trayectoria,117580.0,117580.0,False,False,,,,,,,21,0,58,Llenando ventana
794,6,ILS,trayectoria,117580.0,117580.0,False,False,,,,,,,22,0,59,Llenando ventana
795,6,ILS,trayectoria,117580.0,117580.0,False,False,,,,,,,23,0,60,Llenando ventana
796,6,ILS,trayectoria,117580.0,117580.0,False,False,,,,,,,24,0,61,Llenando ventana
797,6,ILS,trayectoria,117580.0,117580.0,False,False,,,,,,,25,0,62,Llenando ventana
798,6,ILS,trayectoria,117580.0,117580.0,False,False,,,,,,,26,0,63,Llenando ventana
799,6,ILS,trayectoria,117580.0,117580.0,False,False,,,,,,,27,0,64,Llenando ventana
800,6,ILS,trayectoria,117580.0,117580.0,False,False,,,,,,,28,0,65,Llenando ventana
801,6,ILS,trayectoria,117580.0,117580.0,False,False,,,,,,,29,0,66,Llenando ventana
802,6,ILS,trayectoria,117580.0,117580.0,False,False,,,,,,,30,0,67,Llenando ventana
803,6,ILS,trayectoria,117580.0,117580.0,False,False,,,,,,,31,0,68,Llenando ventana
804,6,ILS,trayectoria,117580.0,117580.0,False,False,,,,,,,32,0,69,Llenando ventana
805,6,ILS,trayectoria,117580.0,117580.0,False,False,,,,,,,33,0,70,Llenando ventana
806,6,ILS,trayectoria,117580.0,117580.0,False,False,,,6.799999999959255,,,,34,0,71,Llenando ventana
807,6,ILS,trayectoria,117580.0,117580.0,False,False,,,6.799999999959255,,,,35,0,72,Llenando ventana
808,6,ILS,trayectoria,117580.0,117580.0,False,False,,,6.799999999959255,,,,36,0,73,Llenando ventana
809,6,ILS,trayectoria,117580.0,117580.0,False,False,,,6.7999999999883585,,,,37,0,74,Llenando ventana
810,6,ILS,trayectoria,117580.0,117580.0,True,False,293.19999999998254,286.0,7.199999999982538,7.5,37.5,22.5,38,0,75,Explotacion activa
811,6,ILS,trayectoria,117580.0,117580.0,True,False,293.19999999998254,286.0,7.199999999982538,7.5,37.5,22.5,39,0,76,Explotacion activa
812,6,ILS,trayectoria,117580.0,117580.0,True,False,293.19999999998254,286.0,7.199999999982538,7.5,37.5,22.5,40,0,77,Explotacion activa
813,6,ILS,trayectoria,117580.0,117580.0,True,False,293.19999999998254,286.0,7.199999999982538,7.5,37.5,22.5,41,0,78,Explotacion activa
814,6,ILS,trayectoria,117580.0,117580.0,True,False,293.19999999998254,286.0,7.199999999982538,7.5,37.5,22.5,42,0,79,Explotacion activa
815,6,ILS,trayectoria,117580.0,117580.0,True,False,293.19999999998254,286.0,7.199999999982538,7.5,37.5,22.5,43,0,80,Explotacion activa
816,6,ILS,trayectoria,117580.0,117580.0,True,False,293.19999999998254,286.0,7.199999999982538,7.5,37.5,22.5,44,0,81,Explotacion activa
817,6,ILS,trayectoria,117580.0,117580.0,True,False,293.19999999998254,286.0,7.199999999982538,7.5,37.5,22.5,45,0,82,Explotacion activa
818,6,ILS,trayectoria,117580.0,117580.0,True,False,293.19999999998254,286.0,7.199999999982538,7.5,37.5,22.5,46,0,83,Explotacion activa
819,6,ILS,trayectoria,117580.0,117580.0,True,False,293.19999999998254,286.0,7.199999999982538,286.0,293.19999999998254,7.199999999982538,47,1,84,Explotacion activa
820,6,ILS,trayectoria,117580.0,117580.0,True,False,293.19999999998254,286.0,7.199999999982538,286.0,293.19999999998254,7.199999999982538,48,2,85,Explotacion activa
821,6,ILS,trayectoria,117580.0,117580.0,True,False,293.19999999998254,286.0,7.199999999982538,286.0,293.19999999998254,7.199999999982538,49,3,86,Explotacion activa
822,6,ILS,trayectoria,117580.0,117580.0,True,False,293.19999999998254,286.0,7.199999999982538,286.0,293.19999999998254,7.199999999982538,50,4,87,Explotacion activa
823,6,ILS,trayectoria,117602.0,117602.0,True,False,293.19999999998254,286.0,7.199999999982538,286.0,293.19999999998254,7.199999999982538,51,5,88,Explotacion activa
824,6,ILS,trayectoria,117602.0,117602.0,True,False,293.19999999998254,286.0,7.199999999982538,286.0,293.19999999998254,7.199999999982538,52,6,89,Explotacion activa
825,6,ILS,trayectoria,117602.0,117602.0,True,False,293.19999999998254,286.0,7.199999999982538,286.0,293.19999999998254,7.199999999982538,53,7,90,Explotacion activa
826,6,ILS,trayectoria,117602.0,117602.0,True,False,293.19999999998254,286.0,7.199999999982538,286.0,293.19999999998254,7.199999999982538,54,8,91,Explotacion activa
827,6,ILS,trayectoria,117602.0,117602.0,True,False,293.19999999998254,286.0,7.199999999982538,286.0,293.19999999998254,7.199999999982538,55,9,92,Explotacion activa
828,6,ILS,trayectoria,117602.0,117602.0,True,False,293.19999999998254,286.0,7.199999999982538,286.0,293.19999999998254,7.199999999982538,56,10,93,Explotacion activa
829,6,ILS,trayectoria,117602.0,117602.0,True,False,293.19999999998254,286.0,7.199999999982538,286.0,293.19999999998254,7.199999999982538,57,11,94,Explotacion activa
830,6,ILS,trayectoria,117602.0,117602.0,True,False,293.19999999998254,286.0,7.199999999982538,286.0,293.19999999998254,7.199999999982538,58,12,95,Explotacion activa
831,6,ILS,trayectoria,117602.0,117602.0,True,False,293.19999999998254,286.0,7.199999999982538,286.0,293.19999999998254,7.199999999982538,59,13,96,Explotacion activa
832,6,ILS,trayectoria,117602.0,117602.0,True,False,293.19999999998254,286.0,7.199999999982538,286.0,293.19999999998254,7.199999999982538,60,14,97,Explotacion activa
833,6,ILS,trayectoria,117602.0,117602.0,True,False,293.19999999998254,286.0,7.199999999982538,286.0,293.19999999998254,7.199999999982538,61,15,98,Explotacion activa
834,6,ILS,trayectoria,117602.0,117602.0,True,False,293.19999999998254,286.0,7.199999999982538,286.0,293.19999999998254,7.199999999982538,62,16,99,Explotacion activa
835,6,ILS,trayectoria,117602.0,117602.0,True,False,293.19999999998254,286.0,7.199999999982538,286.0,293.19999999998254,7.199999999982538,63,17,100,Explotacion activa
836,6,ILS,trayectoria,117602.0,117602.0,True,False,293.19999999998254,286.0,7.199999999982538,286.0,293.19999999998254,7.199999999982538,64,18,101,Explotacion activa
837,6,ILS,trayectoria,117602.0,117602.0,True,False,293.19999999998254,286.0,7.199999999982538,286.0,293.19999999998254,7.199999999982538,65,19,102,Explotacion activa
838,6,ILS,trayectoria,117602.0,117602.0,True,False,293.19999999998254,286.0,7.199999999982538,286.0,293.19999999998254,7.199999999982538,66,20,103,Explotacion activa
839,6,ILS,trayectoria,117602.0,117602.0,True,False,293.19999999998254,286.0,7.199999999982538,286.0,293.19999999998254,7.199999999982538,67,21,104,Explotacion activa
840,6,ILS,trayectoria,117602.0,117602.0,True,False,293.19999999998254,286.0,7.199999999982538,286.0,293.19999999998254,7.199999999982538,68,22,105,Explotacion activa
841,6,ILS,trayectoria,117602.0,117602.0,True,False,293.19999999998254,286.0,7.199999999982538,286.0,293.19999999998254,7.199999999982538,69,23,106,Explotacion activa
842,6,ILS,trayectoria,117602.0,117602.0,True,False,330.0,323.0,7.0,286.0,293.19999999998254,7.199999999982538,0,0,107,Explotacion activa
843,6,ILS,trayectoria,117602.0,117602.0,True,False,329.9999999999709,323.0,6.999999999970896,286.0,293.19999999998254,7.199999999982538,1,0,108,Explotacion activa
844,6,ILS,trayectoria,117602.0,117602.0,True,False,329.9999999999709,323.0,6.999999999970896,286.0,293.19999999998254,7.199999999982538,2,0,109,Explotacion activa
845,6,ILS,trayectoria,117602.0,117602.0,True,False,329.9999999999709,323.0,6.999999999970896,286.0,293.19999999998254,7.199999999982538,3,0,110,Explotacion activa
846,6,ILS,trayectoria,117602.0,117602.0,True,False,44.19999999998254,37.0,7.199999999982538,286.0,293.19999999998254,7.199999999982538,4,0,111,Explotacion activa
847,6,ILS,trayectoria,117602.0,117602.0,True,False,44.19999999998254,37.0,7.199999999982538,286.0,293.19999999998254,7.199999999982538,5,0,112,Explotacion activa
848,6,ILS,trayectoria,117602.0,117602.0,True,False,44.19999999998254,37.0,7.199999999982538,286.0,293.19999999998254,7.199999999982538,6,0,113,Explotacion activa
849,6,ILS,trayectoria,117602.0,117602.0,True,False,44.19999999998254,37.0,7.199999999982538,286.0,293.19999999998254,7.199999999982538,7,0,114,Explotacion activa
850,6,ILS,trayectoria,117602.0,117602.0,True,False,44.19999999998254,37.0,7.199999999982538,286.0,293.19999999998254,7.199999999982538,8,0,115,Explotacion activa
851,6,ILS,trayectoria,117602.0,117602.0,True,False,44.19999999998254,37.0,7.199999999982538,286.0,293.19999999998254,7.199999999982538,9,0,116,Explotacion activa
852,6,ILS,trayectoria,117602.0,117602.0,True,False,44.19999999998254,37.0,7.199999999982538,286.0,293.19999999998254,7.199999999982538,10,0,117,Explotacion activa
853,6,ILS,trayectoria,117602.0,117602.0,True,False,44.19999999998254,37.0,7.199999999982538,286.0,293.19999999998254,7.199999999982538,11,0,118,Explotacion activa
854,6,ILS,trayectoria,117602.0,117602.0,True,False,44.19999999998254,37.0,7.199999999982538,286.0,293.19999999998254,7.199999999982538,12,0,119,Explotacion activa
855,6,ILS,trayectoria,117602.0,117602.0,True,False,44.19999999998254,37.0,7.199999999982538,286.0,293.19999999998254,7.199999999982538,13,0,120,Explotacion activa
856,6,ILS,trayectoria,117602.0,117602.0,True,False,44.19999999998254,37.0,7.199999999982538,286.0,293.19999999998254,7.199999999982538,14,0,121,Explotacion activa
857,6,ILS,trayectoria,117602.0,117602.0,True,False,44.19999999998254,37.0,7.199999999982538,286.0,293.19999999998254,7.199999999982538,15,1,122,Explotacion activa
858,6,ILS,trayectoria,117602.0,117602.0,True,False,44.19999999998254,37.0,7.199999999982538,286.0,293.19999999998254,7.199999999982538,16,2,123,Explotacion activa
859,6,ILS,trayectoria,117602.0,117602.0,True,False,44.19999999998254,37.0,7.199999999982538,286.0,293.19999999998254,7.199999999982538,17,3,124,Explotacion activa
860,6,ILS,trayectoria,117602.0,117602.0,True,False,44.19999999998254,37.0,7.199999999982538,286.0,293.19999999998254,7.199999999982538,18,4,125,Explotacion activa
861,6,ILS,trayectoria,117602.0,117602.0,True,False,44.19999999998254,37.0,7.199999999982538,111.69999999999973,293.19999999998254,7.199999999982538,19,5,126,Explotacion activa
862,6,ILS,trayectoria,117602.0,117602.0,True,False,44.19999999998254,37.0,7.199999999982538,37.0,293.19999999998254,7.199999999982538,20,6,127,Explotacion activa
863,7,WOA,poblacional,117602.0,117602.0,True,False,44.19999999998254,37.0,7.199999999982538,37.0,293.19999999998254,7.199999999982538,21,7,128,Explotacion activa
864,7,WOA,poblacional,117602.0,117602.0,True,False,44.19999999998254,37.0,7.199999999982538,37.0,293.19999999998254,7.199999999982538,22,8,129,Explotacion activa
865,7,WOA,poblacional,117602.0,117602.0,True,False,44.19999999998254,37.0,7.199999999982538,37.0,293.19999999998254,7.199999999982538,23,9,130,Explotacion activa
866,7,WOA,poblacional,117602.0,117602.0,True,False,44.19999999998254,37.0,7.199999999982538,37.0,293.19999999998254,7.199999999982538,24,10,131,Explotacion activa
867,7,WOA,poblacional,117602.0,117602.0,True,False,44.19999999998254,37.0,7.199999999982538,37.0,293.19999999998254,7.199999999982538,25,11,132,Explotacion activa
868,7,WOA,poblacional,117602.0,117602.0,True,False,44.19999999998254,37.0,7.199999999982538,37.0,293.19999999998254,7.199999999982538,26,12,133,Explotacion activa
869,7,WOA,poblacional,117602.0,117602.0,True,False,44.19999999998254,37.0,7.199999999982538,37.0,293.19999999998254,7.199999999982538,27,13,134,Explotacion activa
870,7,WOA,poblacional,117602.0,117602.0,True,False,44.19999999998254,37.0,7.199999999982538,37.0,293.19999999998254,7.199999999982538,28,14,135,Explotacion activa
871,7,WOA,poblacional,117602.0,117602.0,True,False,44.19999999998254,37.0,7.199999999982538,37.0,293.19999999998254,7.199999999982538,29,15,136,Explotacion activa
872,7,WOA,poblacional,117602.0,117602.0,True,False,44.19999999998254,37.0,7.199999999982538,37.0,293.19999999998254,7.199999999982538,30,16,137,Explotacion activa
873,7,WOA,poblacional,117602.0,117602.0,True,False,44.19999999998254,37.0,7.199999999982538,37.0,293.19999999998254,7.199999999982538,31,17,138,Explotacion activa
874,7,WOA,poblacional,117602.0,117602.0,True,False,44.19999999998254,37.0,7.199999999982538,37.0,293.19999999998254,7.199999999982538,32,18,139,Explotacion activa
875,7,WOA,poblacional,117602.0,117602.0,True,False,44.19999999998254,37.0,7.199999999982538,37.0,293.19999999998254,7.199999999982538,33,19,140,Explotacion activa
876,7,WOA,poblacional,117602.0,117602.0,True,False,44.19999999998254,37.0,7.199999999982538,37.0,293.19999999998254,7.199999999982538,34,20,141,Explotacion activa
877,7,WOA,poblacional,117602.0,117602.0,True,False,44.19999999998254,37.0,7.199999999982538,37.0,293.19999999998254,7.199999999982538,35,21,142,Explotacion activa
878,7,WOA,poblacional,117602.0,117602.0,True,False,44.19999999998254,37.0,7.199999999982538,37.0,293.19999999998254,7.199999999982538,36,22,143,Explotacion activa
879,7,WOA,poblacional,117602.0,117602.0,True,False,44.19999999998254,37.0,7.199999999982538,37.0,293.19999999998254,7.199999999982538,37,23,144,Explotacion activa
880,7,WOA,poblacional,117602.0,117602.0,True,False,44.19999999998254,37.0,7.199999999982538,37.0,293.19999999998254,7.199999999982538,38,24,145,Explotacion activa
881,7,WOA,poblacional,117602.0,117602.0,True,True,44.19999999998254,37.0,7.199999999982538,37.0,293.19999999998254,7.199999999982538,39,25,146,ESTANCAMIENTO (Fire)
882,7,WOA,poblacional,117602.0,117602.0,False,False,,,,,,,0,0,1,Llenando ventana
883,7,WOA,poblacional,117602.0,117602.0,False,False,,,,,,,1,0,2,Llenando ventana
884,7,WOA,poblacional,117602.0,117602.0,False,False,,,,,,,2,0,3,Llenando ventana
885,7,WOA,poblacional,117602.0,117602.0,False,False,,,,,,,3,0,4,Llenando ventana
886,7,WOA,poblacional,117602.0,117602.0,False,False,,,,,,,4,0,5,Llenando ventana
887,7,WOA,poblacional,117602.0,117602.0,False,False,,,,,,,5,0,6,Llenando ventana
888,7,WOA,poblacional,117602.0,117602.0,False,False,,,,,,,6,0,7,Llenando ventana
889,7,WOA,poblacional,117602.0,117602.0,False,False,,,,,,,7,0,8,Llenando ventana
890,7,WOA,poblacional,117602.0,117602.0,False,False,,,,,,,8,0,9,Llenando ventana
891,7,WOA,poblacional,117602.0,117602.0,False,False,,,,,,,9,0,10,Llenando ventana
892,7,WOA,poblacional,117602.0,117602.0,False,False,,,,,,,10,0,11,Llenando ventana
893,7,WOA,poblacional,117602.0,117602.0,False,False,,,,,,,11,0,12,Llenando ventana
894,7,WOA,poblacional,117602.0,117602.0,False,False,,,,,,,12,0,13,Llenando ventana
895,7,WOA,poblacional,117602.0,117602.0,False,False,,,,,,,13,0,14,Llenando ventana
896,7,WOA,poblacional,117602.0,117602.0,False,False,,,,,,,14,0,15,Llenando ventana
897,7,WOA,poblacional,117602.0,117602.0,False,False,,,,,,,15,0,16,Llenando ventana
898,7,WOA,poblacional,117602.0,117602.0,False,False,,,,,,,16,0,17,Llenando ventana
899,7,WOA,poblacional,117602.0,117602.0,False,False,,,,,,,17,0,18,Llenando ventana
900,7,WOA,poblacional,117602.0,117602.0,False,False,,,,,,,18,0,19,Llenando ventana
901,7,WOA,poblacional,117602.0,117602.0,False,False,,,,,,,19,0,20,Llenando ventana
902,7,WOA,poblacional,117602.0,117602.0,False,False,,,,,,,20,0,21,Llenando ventana
903,7,WOA,poblacional,117602.0,117602.0,False,False,,,,,,,21,0,22,Llenando ventana
904,7,WOA,poblacional,117602.0,117602.0,False,False,,,,,,,22,0,23,Llenando ventana
905,7,WOA,poblacional,117602.0,117602.0,False,False,,,,,,,23,0,24,Llenando ventana
906,7,WOA,poblacional,117602.0,117602.0,False,False,,,,,,,24,0,25,Llenando ventana
907,7,WOA,poblacional,117602.0,117602.0,False,False,,,,,,,25,0,26,Llenando ventana
908,7,WOA,poblacional,117602.0,117602.0,False,False,,,,,,,26,0,27,Llenando ventana
909,7,WOA,poblacional,117602.0,117602.0,False,False,,,,,,,27,0,28,Llenando ventana
910,7,WOA,poblacional,117602.0,117602.0,False,False,,,,,,,28,0,29,Llenando ventana
911,7,WOA,poblacional,117602.0,117602.0,False,False,,,,,,,29,0,30,Llenando ventana
912,7,WOA,poblacional,117602.0,117602.0,False,False,,,,,,,30,0,31,Llenando ventana
913,7,WOA,poblacional,117602.0,117602.0,False,False,,,,,,,31,0,32,Llenando ventana
914,7,WOA,poblacional,117602.0,117602.0,False,False,,,,,,,32,0,33,Llenando ventana
915,7,WOA,poblacional,117602.0,117602.0,False,False,,,,,,,33,0,34,Llenando ventana
916,7,WOA,poblacional,117602.0,117602.0,False,False,,,,,,,34,0,35,Llenando ventana
917,7,WOA,poblacional,117602.0,117602.0,False,False,,,,,,,35,0,36,Llenando ventana
918,7,WOA,poblacional,117602.0,117602.0,False,False,,,,,,,36,0,37,Llenando ventana
919,7,WOA,poblacional,117602.0,117602.0,False,False,,,,,,,37,0,38,Llenando ventana
920,7,WOA,poblacional,117602.0,117602.0,False,False,,,,,,,38,0,39,Llenando ventana
921,7,WOA,poblacional,117602.0,117602.0,False,False,,,,,,,39,0,40,Llenando ventana
922,7,WOA,poblacional,117602.0,117602.0,False,False,,,,,,,40,0,41,Llenando ventana
923,7,WOA,poblacional,117602.0,117602.0,False,False,,,,,,,41,0,42,Llenando ventana
924,7,WOA,poblacional,117602.0,117602.0,False,False,,,,,,,42,0,43,Llenando ventana
925,7,WOA,poblacional,117602.0,117602.0,False,False,,,,,,,43,0,44,Llenando ventana
926,7,WOA,poblacional,117602.0,117602.0,False,False,,,,,,,44,0,45,Llenando ventana
927,7,WOA,poblacional,117602.0,117602.0,False,False,,,,,,,45,0,46,Llenando ventana
928,7,WOA,poblacional,117602.0,117602.0,False,False,,,,,,,46,0,47,Llenando ventana
929,7,WOA,poblacional,117602.0,117602.0,False,False,,,,,,,47,0,48,Llenando ventana
930,7,WOA,poblacional,117602.0,117602.0,False,False,,,,,,,48,0,49,Llenando ventana
931,7,WOA,poblacional,117602.0,117602.0,False,False,,,,,,,49,0,50,Llenando ventana
932,7,WOA,poblacional,117602.0,117602.0,False,False,,,,,,,50,0,51,Llenando ventana
933,7,WOA,poblacional,117602.0,117602.0,False,False,,,,,,,51,0,52,Llenando ventana
934,7,WOA,poblacional,117602.0,117602.0,False,False,,,,,,,52,0,53,Llenando ventana
935,7,WOA,poblacional,117602.0,117602.0,False,False,,,,,,,53,0,54,Llenando ventana
936,7,WOA,poblacional,117602.0,117602.0,False,False,,,,,,,54,0,55,Llenando ventana
937,7,WOA,poblacional,117602.0,117602.0,False,False,,,7.399999999994179,,,,55,0,56,Llenando ventana
938,7,WOA,poblacional,117602.0,117602.0,False,False,,,7.399999999994179,,,,56,0,57,Llenando ventana
939,7,WOA,poblacional,117602.0,117602.0,False,False,,,7.399999999994179,,,,57,0,58,Llenando ventana
940,7,WOA,poblacional,117602.0,117602.0,False,False,,,7.399999999994179,,,,58,0,59,Llenando ventana
941,7,WOA,poblacional,117602.0,117602.0,False,False,,,7.399999999994179,,,,59,0,60,Llenando ventana
942,7,WOA,poblacional,117602.0,117602.0,False,False,,,7.399999999994179,,,,60,0,61,Llenando ventana
943,7,WOA,poblacional,117602.0,117602.0,False,False,,,7.399999999994179,,,,61,0,62,Llenando ventana
944,7,WOA,poblacional,117602.0,117602.0,False,False,,,7.399999999994179,,,,62,0,63,Llenando ventana
945,7,WOA,poblacional,117602.0,117602.0,False,False,,,7.399999999994179,,,,63,0,64,Llenando ventana
946,7,WOA,poblacional,117602.0,117602.0,False,False,,,7.399999999994179,,,,64,0,65,Llenando ventana
947,7,WOA,poblacional,117602.0,117602.0,False,False,,,7.399999999994179,,,,65,0,66,Llenando ventana
948,7,WOA,poblacional,117602.0,117602.0,False,False,,,7.399999999994179,,,,66,0,67,Llenando ventana
949,7,WOA,poblacional,117602.0,117602.0,False,False,,,7.399999999994179,,,,67,0,68,Llenando ventana
950,7,WOA,poblacional,117602.0,117602.0,False,False,,,7.399999999994179,,,,68,0,69,Llenando ventana
951,7,WOA,poblacional,117602.0,117602.0,False,False,,,7.399999999994179,,,,69,0,70,Llenando ventana
952,7,WOA,poblacional,117602.0,117602.0,False,False,,,7.399999999994179,,,,70,0,71,Llenando ventana
953,7,WOA,poblacional,117602.0,117602.0,False,False,,,7.399999999994179,,,,71,0,72,Llenando ventana
954,7,WOA,poblacional,117602.0,117602.0,False,False,,,7.399999999994179,,,,72,0,73,Llenando ventana
955,7,WOA,poblacional,117602.0,117602.0,False,False,,,7.399999999994179,,,,73,0,74,Llenando ventana
956,7,WOA,poblacional,117602.0,117602.0,True,False,7.399999999994179,0.0,7.399999999994179,7.5,37.5,22.5,74,0,75,Explotacion activa
957,7,WOA,poblacional,117602.0,117602.0,True,False,7.399999999994179,0.0,7.399999999994179,7.5,37.5,22.5,75,0,76,Explotacion activa
958,7,WOA,poblacional,117602.0,117602.0,True,False,7.399999999994179,0.0,7.399999999994179,7.5,37.5,22.5,76,0,77,Explotacion activa
959,7,WOA,poblacional,117602.0,117602.0,True,False,7.399999999994179,0.0,7.399999999994179,7.5,37.5,22.5,77,0,78,Explotacion activa
960,7,WOA,poblacional,117602.0,117602.0,True,False,7.399999999994179,0.0,7.399999999994179,7.5,37.5,22.5,78,0,79,Explotacion activa
961,7,WOA,poblacional,117602.0,117602.0,True,False,7.399999999994179,0.0,7.399999999994179,7.5,37.5,22.5,79,0,80,Explotacion activa
962,7,WOA,poblacional,117602.0,117602.0,True,False,7.399999999994179,0.0,7.399999999994179,7.5,37.5,22.5,80,0,81,Explotacion activa
963,7,WOA,poblacional,117602.0,117602.0,True,False,7.399999999994179,0.0,7.399999999994179,7.5,37.5,22.5,81,0,82,Explotacion activa
964,7,WOA,poblacional,117602.0,117602.0,True,False,7.399999999994179,0.0,7.399999999994179,7.5,37.5,22.5,82,0,83,Explotacion activa
965,7,WOA,poblacional,117602.0,117602.0,True,False,7.399999999994179,0.0,7.399999999994179,0.0,7.399999999994179,7.399999999994179,83,1,84,Explotacion activa
966,7,WOA,poblacional,117602.0,117602.0,True,False,7.399999999994179,0.0,7.399999999994179,0.0,7.399999999994179,7.399999999994179,84,2,85,Explotacion activa
967,7,WOA,poblacional,117602.0,117602.0,True,False,7.399999999994179,0.0,7.399999999994179,0.0,7.399999999994179,7.399999999994179,85,3,86,Explotacion activa
968,7,WOA,poblacional,117602.0,117602.0,True,False,7.399999999994179,0.0,7.399999999994179,0.0,7.399999999994179,7.399999999994179,86,4,87,Explotacion activa
969,7,WOA,poblacional,117602.0,117602.0,True,False,7.399999999994179,0.0,7.399999999994179,0.0,7.399999999994179,7.399999999994179,87,5,88,Explotacion activa
970,7,WOA,poblacional,117602.0,117602.0,True,False,7.399999999994179,0.0,7.399999999994179,0.0,7.399999999994179,7.399999999994179,88,6,89,Explotacion activa
971,8,VNS,trayectoria,117602.0,117602.0,True,False,7.399999999994179,0.0,7.399999999994179,0.0,7.399999999994179,7.399999999994179,89,7,90,Explotacion activa
972,8,VNS,trayectoria,117602.0,117602.0,True,False,7.399999999994179,0.0,7.399999999994179,0.0,7.399999999994179,7.399999999994179,90,8,91,Explotacion activa
973,8,VNS,trayectoria,117602.0,117602.0,True,False,7.399999999994179,0.0,7.399999999994179,0.0,7.399999999994179,7.399999999994179,91,9,92,Explotacion activa
974,8,VNS,trayectoria,117602.0,117602.0,True,False,7.399999999994179,0.0,7.399999999994179,0.0,7.399999999994179,7.399999999994179,92,10,93,Explotacion activa
975,8,VNS,trayectoria,117602.0,117602.0,True,False,7.399999999994179,0.0,7.399999999994179,0.0,7.399999999994179,7.399999999994179,93,11,94,Explotacion activa
976,8,VNS,trayectoria,117602.0,117602.0,True,False,7.399999999994179,0.0,7.399999999994179,0.0,7.399999999994179,7.399999999994179,94,12,95,Explotacion activa
977,8,VNS,trayectoria,117602.0,117602.0,True,False,7.399999999994179,0.0,7.399999999994179,0.0,7.399999999994179,7.399999999994179,95,13,96,Explotacion activa
978,8,VNS,trayectoria,117602.0,117602.0,True,False,7.399999999994179,0.0,7.399999999994179,0.0,7.399999999994179,7.399999999994179,96,14,97,Explotacion activa
979,8,VNS,trayectoria,117602.0,117602.0,True,False,7.399999999994179,0.0,7.399999999994179,0.0,7.399999999994179,7.399999999994179,97,15,98,Explotacion activa
980,8,VNS,trayectoria,117602.0,117602.0,True,False,7.399999999994179,0.0,7.399999999994179,0.0,7.399999999994179,7.399999999994179,98,16,99,Explotacion activa
981,8,VNS,trayectoria,117602.0,117602.0,True,False,7.399999999994179,0.0,7.399999999994179,0.0,7.399999999994179,7.399999999994179,99,17,100,Explotacion activa
982,8,VNS,trayectoria,117602.0,117602.0,True,False,7.399999999994179,0.0,7.399999999994179,0.0,7.399999999994179,7.399999999994179,100,18,101,Explotacion activa
983,8,VNS,trayectoria,117602.0,117602.0,True,False,7.399999999994179,0.0,7.399999999994179,0.0,7.399999999994179,7.399999999994179,101,19,102,Explotacion activa
984,8,VNS,trayectoria,117602.0,117602.0,True,False,7.399999999994179,0.0,7.399999999994179,0.0,7.399999999994179,7.399999999994179,102,20,103,Explotacion activa
985,8,VNS,trayectoria,117602.0,117602.0,True,False,7.399999999994179,0.0,7.399999999994179,0.0,7.399999999994179,7.399999999994179,103,21,104,Explotacion activa
986,8,VNS,trayectoria,117602.0,117602.0,True,False,7.399999999994179,0.0,7.399999999994179,0.0,7.399999999994179,7.399999999994179,104,22,105,Explotacion activa
987,8,VNS,trayectoria,117602.0,117602.0,True,False,7.399999999994179,0.0,7.399999999994179,0.0,7.399999999994179,7.399999999994179,105,23,106,Explotacion activa
988,8,VNS,trayectoria,117602.0,117602.0,True,False,7.399999999994179,0.0,7.399999999994179,0.0,7.399999999994179,7.399999999994179,106,24,107,Explotacion activa
989,8,VNS,trayectoria,117602.0,117602.0,True,True,7.399999999994179,0.0,7.399999999994179,0.0,7.399999999994179,7.399999999994179,107,25,108,ESTANCAMIENTO (Fire)
990,8,VNS,trayectoria,117602.0,117602.0,False,False,,,,,,,0,0,1,Llenando ventana
991,8,VNS,trayectoria,117602.0,117602.0,False,False,,,,,,,1,0,2,Llenando ventana
992,8,VNS,trayectoria,117602.0,117602.0,False,False,,,,,,,2,0,3,Llenando ventana
993,8,VNS,trayectoria,117602.0,117602.0,False,False,,,,,,,3,0,4,Llenando ventana
994,8,VNS,trayectoria,117602.0,117602.0,False,False,,,,,,,4,0,5,Llenando ventana
995,8,VNS,trayectoria,117602.0,117602.0,False,False,,,,,,,5,0,6,Llenando ventana
996,8,VNS,trayectoria,117602.0,117602.0,False,False,,,,,,,6,0,7,Llenando ventana
997,8,VNS,trayectoria,117602.0,117602.0,False,False,,,,,,,7,0,8,Llenando ventana
998,8,VNS,trayectoria,117602.0,117602.0,False,False,,,,,,,8,0,9,Llenando ventana
999,8,VNS,trayectoria,117602.0,117602.0,False,False,,,,,,,9,0,10,Llenando ventana
1000,8,VNS,trayectoria,117602.0,117602.0,False,False,,,,,,,10,0,11,Llenando ventana
1001,8,VNS,trayectoria,117602.0,117602.0,False,False,,,,,,,11,0,12,Llenando ventana
1002,8,VNS,trayectoria,117602.0,117602.0,False,False,,,,,,,12,0,13,Llenando ventana
1003,8,VNS,trayectoria,117602.0,117602.0,False,False,,,,,,,13,0,14,Llenando ventana
1004,8,VNS,trayectoria,117602.0,117602.0,False,False,,,,,,,14,0,15,Llenando ventana
1005,8,VNS,trayectoria,117602.0,117602.0,False,False,,,,,,,15,0,16,Llenando ventana
1006,8,VNS,trayectoria,117602.0,117602.0,False,False,,,,,,,16,0,17,Llenando ventana
1007,8,VNS,trayectoria,117602.0,117602.0,False,False,,,,,,,17,0,18,Llenando ventana
1008,8,VNS,trayectoria,117602.0,117602.0,False,False,,,,,,,18,0,19,Llenando ventana
1009,8,VNS,trayectoria,117602.0,117602.0,False,False,,,,,,,19,0,20,Llenando ventana
1010,8,VNS,trayectoria,117602.0,117602.0,False,False,,,,,,,20,0,21,Llenando ventana
1011,8,VNS,trayectoria,117602.0,117602.0,False,False,,,,,,,21,0,22,Llenando ventana
1012,8,VNS,trayectoria,117602.0,117602.0,False,False,,,,,,,22,0,23,Llenando ventana
1013,8,VNS,trayectoria,117602.0,117602.0,False,False,,,,,,,23,0,24,Llenando ventana
1014,8,VNS,trayectoria,117602.0,117602.0,False,False,,,,,,,24,0,25,Llenando ventana
1015,8,VNS,trayectoria,117602.0,117602.0,False,False,,,,,,,25,0,26,Llenando ventana
1016,8,VNS,trayectoria,117602.0,117602.0,False,False,,,,,,,26,0,27,Llenando ventana
1017,8,VNS,trayectoria,117602.0,117602.0,False,False,,,,,,,27,0,28,Llenando ventana
1018,8,VNS,trayectoria,117602.0,117602.0,False,False,,,,,,,28,0,29,Llenando ventana
1019,8,VNS,trayectoria,117602.0,117602.0,False,False,,,,,,,29,0,30,Llenando ventana
1020,8,VNS,trayectoria,117602.0,117602.0,False,False,,,,,,,30,0,31,Llenando ventana
1021,8,VNS,trayectoria,117602.0,117602.0,False,False,,,,,,,31,0,32,Llenando ventana
1022,8,VNS,trayectoria,117602.0,117602.0,False,False,,,,,,,32,0,33,Llenando ventana
1023,8,VNS,trayectoria,117602.0,117602.0,False,False,,,,,,,33,0,34,Llenando ventana
1024,8,VNS,trayectoria,117602.0,117602.0,False,False,,,,,,,34,0,35,Llenando ventana
1025,8,VNS,trayectoria,117602.0,117602.0,False,False,,,,,,,35,0,36,Llenando ventana
1026,8,VNS,trayectoria,117602.0,117602.0,False,False,,,,,,,36,0,37,Llenando ventana
1027,8,VNS,trayectoria,117602.0,117602.0,False,False,,,,,,,37,0,38,Llenando ventana
1028,8,VNS,trayectoria,117602.0,117602.0,False,False,,,,,,,38,0,39,Llenando ventana
1029,8,VNS,trayectoria,117602.0,117602.0,False,False,,,,,,,39,0,40,Llenando ventana
1030,8,VNS,trayectoria,117602.0,117602.0,False,False,,,,,,,40,0,41,Llenando ventana
1031,8,VNS,trayectoria,117602.0,117602.0,False,False,,,,,,,0,0,42,Llenando ventana
1032,8,VNS,trayectoria,117602.0,117602.0,False,False,,,,,,,1,0,43,Llenando ventana
1033,8,VNS,trayectoria,117602.0,117602.0,False,False,,,,,,,2,0,44,Llenando ventana
1034,8,VNS,trayectoria,117602.0,117602.0,False,False,,,,,,,3,0,45,Llenando ventana
1035,8,VNS,trayectoria,117602.0,117602.0,False,False,,,,,,,4,0,46,Llenando ventana
1036,8,VNS,trayectoria,117602.0,117602.0,False,False,,,,,,,5,0,47,Llenando ventana
1037,8,VNS,trayectoria,117602.0,117602.0,False,False,,,,,,,6,0,48,Llenando ventana
1038,8,VNS,trayectoria,117602.0,117602.0,False,False,,,,,,,7,0,49,Llenando ventana
1039,8,VNS,trayectoria,117602.0,117602.0,False,False,,,,,,,8,0,50,Llenando ventana
1040,8,VNS,trayectoria,117602.0,117602.0,False,False,,,,,,,9,0,51,Llenando ventana
1041,8,VNS,trayectoria,117602.0,117602.0,False,False,,,,,,,10,0,52,Llenando ventana
1042,8,VNS,trayectoria,117602.0,117602.0,False,False,,,,,,,11,0,53,Llenando ventana
1043,8,VNS,trayectoria,117602.0,117602.0,False,False,,,,,,,12,0,54,Llenando ventana
1044,8,VNS,trayectoria,117602.0,117602.0,False,False,,,,,,,13,0,55,Llenando ventana
1045,8,VNS,trayectoria,117602.0,117602.0,False,False,,,7.399999999994179,,,,14,0,56,Llenando ventana
1046,8,VNS,trayectoria,117602.0,117602.0,False,False,,,7.399999999994179,,,,15,0,57,Llenando ventana
1047,8,VNS,trayectoria,117602.0,117602.0,False,False,,,7.399999999994179,,,,16,0,58,Llenando ventana
1048,8,VNS,trayectoria,117602.0,117602.0,False,False,,,7.399999999994179,,,,17,0,59,Llenando ventana
1049,8,VNS,trayectoria,117602.0,117602.0,False,False,,,7.399999999994179,,,,18,0,60,Llenando ventana
1050,8,VNS,trayectoria,117602.0,117602.0,False,False,,,7.399999999994179,,,,19,0,61,Llenando ventana
1051,8,VNS,trayectoria,117602.0,117602.0,False,False,,,7.399999999994179,,,,20,0,62,Llenando ventana
1052,8,VNS,trayectoria,117602.0,117602.0,False,False,,,7.399999999994179,,,,21,0,63,Llenando ventana
1053,8,VNS,trayectoria,117602.0,117602.0,False,False,,,7.399999999994179,,,,22,0,64,Llenando ventana
1054,8,VNS,trayectoria,117602.0,117602.0,False,False,,,7.399999999994179,,,,23,0,65,Llenando ventana
1055,8,VNS,trayectoria,117602.0,117602.0,False,False,,,7.399999999994179,,,,24,0,66,Llenando ventana
1056,8,VNS,trayectoria,117602.0,117602.0,False,False,,,7.399999999994179,,,,25,0,67,Llenando ventana
1057,8,VNS,trayectoria,117602.0,117602.0,False,False,,,7.399999999994179,,,,26,0,68,Llenando ventana
1058,8,VNS,trayectoria,117602.0,117602.0,False,False,,,7.399999999994179,,,,27,0,69,Llenando ventana
1059,8,VNS,trayectoria,117602.0,117602.0,False,False,,,7.399999999994179,,,,28,0,70,Llenando ventana
1060,8,VNS,trayectoria,117602.0,117602.0,False,False,,,7.399999999994179,,,,29,0,71,Llenando ventana
1061,8,VNS,trayectoria,117602.0,117602.0,False,False,,,7.399999999994179,,,,30,0,72,Llenando ventana
1062,8,VNS,trayectoria,117602.0,117602.0,False,False,,,7.399999999994179,,,,31,0,73,Llenando ventana
1063,8,VNS,trayectoria,117602.0,117602.0,False,False,,,7.399999999994179,,,,32,0,74,Llenando ventana
1064,8,VNS,trayectoria,117602.0,117602.0,True,False,153.19999999998254,146.0,7.199999999982538,7.5,37.5,22.5,33,0,75,Explotacion activa
1065,8,VNS,trayectoria,117602.0,117602.0,True,False,153.19999999998254,146.0,7.199999999982538,7.5,37.5,22.5,34,0,76,Explotacion activa
1066,8,VNS,trayectoria,117602.0,117602.0,True,False,153.19999999998254,146.0,7.199999999982538,7.5,37.5,22.5,35,0,77,Explotacion activa
1067,8,VNS,trayectoria,117602.0,117602.0,True,False,153.19999999998254,146.0,7.199999999982538,7.5,37.5,22.5,36,0,78,Explotacion activa
1068,8,VNS,trayectoria,117602.0,117602.0,True,False,153.19999999998254,146.0,7.199999999982538,7.5,37.5,22.5,37,0,79,Explotacion activa
1069,8,VNS,trayectoria,117602.0,117602.0,True,False,153.19999999998254,146.0,7.199999999982538,7.5,37.5,22.5,38,0,80,Explotacion activa
1070,8,VNS,trayectoria,117602.0,117602.0,True,False,153.19999999998254,146.0,7.199999999982538,7.5,37.5,22.5,39,0,81,Explotacion activa
1071,8,VNS,trayectoria,117602.0,117602.0,True,False,153.19999999998254,146.0,7.199999999982538,7.5,37.5,22.5,40,0,82,Explotacion activa
1072,8,VNS,trayectoria,117602.0,117602.0,True,False,153.19999999998254,146.0,7.199999999982538,7.5,37.5,22.5,41,0,83,Explotacion activa
1073,8,VNS,trayectoria,117602.0,117602.0,True,False,153.19999999998254,146.0,7.199999999982538,146.0,153.19999999998254,7.199999999982538,42,1,84,Explotacion activa
1074,8,VNS,trayectoria,117602.0,117602.0,True,False,153.19999999998254,146.0,7.199999999982538,146.0,153.19999999998254,7.199999999982538,43,2,85,Explotacion activa
1075,8,VNS,trayectoria,117602.0,117602.0,True,False,153.19999999998254,146.0,7.199999999982538,146.0,153.19999999998254,7.199999999982538,44,3,86,Explotacion activa
1076,8,VNS,trayectoria,117602.0,117602.0,True,False,153.19999999998254,146.0,7.199999999982538,146.0,153.19999999998254,7.199999999982538,45,4,87,Explotacion activa
1077,8,VNS,trayectoria,117602.0,117602.0,True,False,153.19999999998254,146.0,7.199999999982538,146.0,153.19999999998254,7.199999999982538,46,5,88,Explotacion activa
1078,8,VNS,trayectoria,117602.0,117602.0,True,False,153.19999999998254,146.0,7.199999999982538,146.0,153.19999999998254,7.199999999982538,47,6,89,Explotacion activa
1079,9,WOA,poblacional,117602.0,117602.0,True,False,153.19999999998254,146.0,7.199999999982538,146.0,153.19999999998254,7.199999999982538,48,7,90,Explotacion activa
1080,9,WOA,poblacional,117602.0,117602.0,True,False,153.19999999998254,146.0,7.199999999982538,146.0,153.19999999998254,7.199999999982538,49,8,91,Explotacion activa
1081,9,WOA,poblacional,117602.0,117602.0,True,False,153.19999999998254,146.0,7.199999999982538,146.0,153.19999999998254,7.199999999982538,50,9,92,Explotacion activa
1082,9,WOA,poblacional,117602.0,117602.0,True,False,153.19999999998254,146.0,7.199999999982538,146.0,153.19999999998254,7.199999999982538,51,10,93,Explotacion activa
1083,9,WOA,poblacional,117602.0,117602.0,True,False,153.19999999998254,146.0,7.199999999982538,146.0,153.19999999998254,7.199999999982538,52,11,94,Explotacion activa
1084,9,WOA,poblacional,117602.0,117602.0,True,False,153.19999999998254,146.0,7.199999999982538,146.0,153.19999999998254,7.199999999982538,53,12,95,Explotacion activa
1085,9,WOA,poblacional,117602.0,117602.0,True,False,153.19999999998254,146.0,7.199999999982538,146.0,153.19999999998254,7.199999999982538,54,13,96,Explotacion activa
1086,9,WOA,poblacional,117602.0,117602.0,True,False,153.19999999998254,146.0,7.199999999982538,146.0,153.19999999998254,7.199999999982538,55,14,97,Explotacion activa
1087,9,WOA,poblacional,117602.0,117602.0,True,False,153.19999999998254,146.0,7.199999999982538,146.0,153.19999999998254,7.199999999982538,56,15,98,Explotacion activa
1088,9,WOA,poblacional,117602.0,117602.0,True,False,153.19999999998254,146.0,7.199999999982538,146.0,153.19999999998254,7.199999999982538,57,16,99,Explotacion activa
1089,9,WOA,poblacional,117602.0,117602.0,True,False,153.19999999998254,146.0,7.199999999982538,146.0,153.19999999998254,7.199999999982538,58,17,100,Explotacion activa
1090,9,WOA,poblacional,117602.0,117602.0,True,False,153.19999999998254,146.0,7.199999999982538,146.0,153.19999999998254,7.199999999982538,59,18,101,Explotacion activa
1091,9,WOA,poblacional,117602.0,117602.0,True,False,153.19999999998254,146.0,7.199999999982538,146.0,153.19999999998254,7.199999999982538,60,19,102,Explotacion activa
1092,9,WOA,poblacional,117602.0,117602.0,True,False,153.19999999998254,146.0,7.199999999982538,146.0,153.19999999998254,7.199999999982538,61,20,103,Explotacion activa
1093,9,WOA,poblacional,117602.0,117602.0,True,False,153.19999999998254,146.0,7.199999999982538,146.0,153.19999999998254,7.199999999982538,62,21,104,Explotacion activa
1094,9,WOA,poblacional,117602.0,117602.0,True,False,153.19999999998254,146.0,7.199999999982538,146.0,153.19999999998254,7.199999999982538,63,22,105,Explotacion activa
1095,9,WOA,poblacional,117602.0,117602.0,True,False,153.19999999998254,146.0,7.199999999982538,146.0,153.19999999998254,7.199999999982538,64,23,106,Explotacion activa
1096,9,WOA,poblacional,117602.0,117602.0,True,False,153.19999999998254,146.0,7.199999999982538,146.0,153.19999999998254,7.199999999982538,65,24,107,Explotacion activa
1097,9,WOA,poblacional,117602.0,117602.0,True,True,153.19999999998254,146.0,7.199999999982538,146.0,153.19999999998254,7.199999999982538,66,25,108,ESTANCAMIENTO (Fire)
1098,9,WOA,poblacional,117602.0,117602.0,False,False,,,,,,,0,0,1,Llenando ventana
1099,9,WOA,poblacional,117602.0,117602.0,False,False,,,,,,,1,0,2,Llenando ventana
1100,9,WOA,poblacional,117602.0,117602.0,False,False,,,,,,,2,0,3,Llenando ventana
1101,9,WOA,poblacional,117602.0,117602.0,False,False,,,,,,,3,0,4,Llenando ventana
1102,9,WOA,poblacional,117602.0,117602.0,False,False,,,,,,,4,0,5,Llenando ventana
1103,9,WOA,poblacional,117602.0,117602.0,False,False,,,,,,,5,0,6,Llenando ventana
1104,9,WOA,poblacional,117602.0,117602.0,False,False,,,,,,,6,0,7,Llenando ventana
1105,9,WOA,poblacional,117602.0,117602.0,False,False,,,,,,,7,0,8,Llenando ventana
1106,9,WOA,poblacional,117602.0,117602.0,False,False,,,,,,,8,0,9,Llenando ventana
1107,9,WOA,poblacional,117602.0,117602.0,False,False,,,,,,,9,0,10,Llenando ventana
1108,9,WOA,poblacional,117602.0,117602.0,False,False,,,,,,,10,0,11,Llenando ventana
1109,9,WOA,poblacional,117602.0,117602.0,False,False,,,,,,,11,0,12,Llenando ventana
1110,9,WOA,poblacional,117602.0,117602.0,False,False,,,,,,,12,0,13,Llenando ventana
1111,9,WOA,poblacional,117602.0,117602.0,False,False,,,,,,,13,0,14,Llenando ventana
1112,9,WOA,poblacional,117602.0,117602.0,False,False,,,,,,,14,0,15,Llenando ventana
1113,9,WOA,poblacional,117602.0,117602.0,False,False,,,,,,,15,0,16,Llenando ventana
1114,9,WOA,poblacional,117602.0,117602.0,False,False,,,,,,,16,0,17,Llenando ventana
1115,9,WOA,poblacional,117602.0,117602.0,False,False,,,,,,,17,0,18,Llenando ventana
1116,9,WOA,poblacional,117602.0,117602.0,False,False,,,,,,,18,0,19,Llenando ventana
1117,9,WOA,poblacional,117602.0,117602.0,False,False,,,,,,,19,0,20,Llenando ventana
1118,9,WOA,poblacional,117602.0,117602.0,False,False,,,,,,,20,0,21,Llenando ventana
1119,9,WOA,poblacional,117602.0,117602.0,False,False,,,,,,,21,0,22,Llenando ventana
1120,9,WOA,poblacional,117602.0,117602.0,False,False,,,,,,,22,0,23,Llenando ventana
1121,9,WOA,poblacional,117602.0,117602.0,False,False,,,,,,,23,0,24,Llenando ventana
1122,9,WOA,poblacional,117602.0,117602.0,False,False,,,,,,,24,0,25,Llenando ventana
1123,9,WOA,poblacional,117602.0,117602.0,False,False,,,,,,,25,0,26,Llenando ventana
1124,9,WOA,poblacional,117602.0,117602.0,False,False,,,,,,,26,0,27,Llenando ventana
1125,9,WOA,poblacional,117602.0,117602.0,False,False,,,,,,,27,0,28,Llenando ventana
1126,9,WOA,poblacional,117602.0,117602.0,False,False,,,,,,,28,0,29,Llenando ventana
1127,9,WOA,poblacional,117602.0,117602.0,False,False,,,,,,,29,0,30,Llenando ventana
1128,9,WOA,poblacional,117602.0,117602.0,False,False,,,,,,,30,0,31,Llenando ventana
1129,9,WOA,poblacional,117602.0,117602.0,False,False,,,,,,,31,0,32,Llenando ventana
1130,9,WOA,poblacional,117602.0,117602.0,False,False,,,,,,,32,0,33,Llenando ventana
1131,9,WOA,poblacional,117602.0,117602.0,False,False,,,,,,,33,0,34,Llenando ventana
1132,9,WOA,poblacional,117602.0,117602.0,False,False,,,,,,,34,0,35,Llenando ventana
1133,9,WOA,poblacional,117602.0,117602.0,False,False,,,,,,,35,0,36,Llenando ventana
1134,9,WOA,poblacional,117602.0,117602.0,False,False,,,,,,,36,0,37,Llenando ventana
1135,9,WOA,poblacional,117602.0,117602.0,False,False,,,,,,,37,0,38,Llenando ventana
1136,9,WOA,poblacional,117602.0,117602.0,False,False,,,,,,,38,0,39,Llenando ventana
1137,9,WOA,poblacional,117602.0,117602.0,False,False,,,,,,,39,0,40,Llenando ventana
1138,9,WOA,poblacional,117602.0,117602.0,False,False,,,,,,,40,0,41,Llenando ventana
1139,9,WOA,poblacional,117602.0,117602.0,False,False,,,,,,,41,0,42,Llenando ventana
1140,9,WOA,poblacional,117602.0,117602.0,False,False,,,,,,,42,0,43,Llenando ventana
1141,9,WOA,poblacional,117602.0,117602.0,False,False,,,,,,,43,0,44,Llenando ventana
1142,9,WOA,poblacional,117602.0,117602.0,False,False,,,,,,,44,0,45,Llenando ventana
1143,9,WOA,poblacional,117602.0,117602.0,False,False,,,,,,,45,0,46,Llenando ventana
1144,9,WOA,poblacional,117602.0,117602.0,False,False,,,,,,,46,0,47,Llenando ventana
1145,9,WOA,poblacional,117602.0,117602.0,False,False,,,,,,,47,0,48,Llenando ventana
1146,9,WOA,poblacional,117602.0,117602.0,False,False,,,,,,,48,0,49,Llenando ventana
1147,9,WOA,poblacional,117602.0,117602.0,False,False,,,,,,,49,0,50,Llenando ventana
1148,9,WOA,poblacional,117602.0,117602.0,False,False,,,,,,,50,0,51,Llenando ventana
1149,9,WOA,poblacional,117602.0,117602.0,False,False,,,,,,,51,0,52,Llenando ventana
1150,9,WOA,poblacional,117602.0,117602.0,False,False,,,,,,,52,0,53,Llenando ventana
1151,9,WOA,poblacional,117602.0,117602.0,False,False,,,,,,,53,0,54,Llenando ventana
1152,9,WOA,poblacional,117602.0,117602.0,False,False,,,,,,,54,0,55,Llenando ventana
1153,9,WOA,poblacional,117602.0,117602.0,False,False,,,7.399999999994179,,,,55,0,56,Llenando ventana
1154,9,WOA,poblacional,117602.0,117602.0,False,False,,,7.399999999994179,,,,56,0,57,Llenando ventana
1155,9,WOA,poblacional,117602.0,117602.0,False,False,,,7.399999999994179,,,,57,0,58,Llenando ventana
1156,9,WOA,poblacional,117602.0,117602.0,False,False,,,7.399999999994179,,,,58,0,59,Llenando ventana
1157,9,WOA,poblacional,117602.0,117602.0,False,False,,,7.399999999994179,,,,59,0,60,Llenando ventana
1158,9,WOA,poblacional,117602.0,117602.0,False,False,,,7.399999999994179,,,,60,0,61,Llenando ventana
1159,9,WOA,poblacional,117602.0,117602.0,False,False,,,7.399999999994179,,,,61,0,62,Llenando ventana
1160,9,WOA,poblacional,117602.0,117602.0,False,False,,,7.399999999994179,,,,62,0,63,Llenando ventana
1161,9,WOA,poblacional,117602.0,117602.0,False,False,,,7.399999999994179,,,,63,0,64,Llenando ventana
1162,9,WOA,poblacional,117602.0,117602.0,False,False,,,7.399999999994179,,,,64,0,65,Llenando ventana
1163,9,WOA,poblacional,117602.0,117602.0,False,False,,,7.399999999994179,,,,65,0,66,Llenando ventana
1164,9,WOA,poblacional,117602.0,117602.0,False,False,,,7.399999999994179,,,,66,0,67,Llenando ventana
1165,9,WOA,poblacional,117602.0,117602.0,False,False,,,7.399999999994179,,,,67,0,68,Llenando ventana
1166,9,WOA,poblacional,117602.0,117602.0,False,False,,,7.399999999994179,,,,68,0,69,Llenando ventana
1167,9,WOA,poblacional,117602.0,117602.0,False,False,,,7.399999999994179,,,,69,0,70,Llenando ventana
1168,9,WOA,poblacional,117602.0,117602.0,False,False,,,7.399999999994179,,,,70,0,71,Llenando ventana
1169,9,WOA,poblacional,117602.0,117602.0,False,False,,,7.399999999994179,,,,71,0,72,Llenando ventana
1170,9,WOA,poblacional,117602.0,117602.0,False,False,,,7.399999999994179,,,,72,0,73,Llenando ventana
1171,9,WOA,poblacional,117602.0,117602.0,False,False,,,7.399999999994179,,,,73,0,74,Llenando ventana
1172,9,WOA,poblacional,117602.0,117602.0,True,False,7.399999999994179,0.0,7.399999999994179,7.5,37.5,22.5,74,0,75,Explotacion activa
1173,9,WOA,poblacional,117602.0,117602.0,True,False,7.399999999994179,0.0,7.399999999994179,7.5,37.5,22.5,75,0,76,Explotacion activa
1174,9,WOA,poblacional,117602.0,117602.0,True,False,7.399999999994179,0.0,7.399999999994179,7.5,37.5,22.5,76,0,77,Explotacion activa
1175,9,WOA,poblacional,117602.0,117602.0,True,False,7.399999999994179,0.0,7.399999999994179,7.5,37.5,22.5,77,0,78,Explotacion activa
1176,9,WOA,poblacional,117602.0,117602.0,True,False,7.399999999994179,0.0,7.399999999994179,7.5,37.5,22.5,78,0,79,Explotacion activa
1177,9,WOA,poblacional,117602.0,117602.0,True,False,7.399999999994179,0.0,7.399999999994179,7.5,37.5,22.5,79,0,80,Explotacion activa
1178,9,WOA,poblacional,117602.0,117602.0,True,False,7.399999999994179,0.0,7.399999999994179,7.5,37.5,22.5,80,0,81,Explotacion activa
1179,9,WOA,poblacional,117602.0,117602.0,True,False,7.399999999994179,0.0,7.399999999994179,7.5,37.5,22.5,81,0,82,Explotacion activa
1180,9,WOA,poblacional,117602.0,117602.0,True,False,7.399999999994179,0.0,7.399999999994179,7.5,37.5,22.5,82,0,83,Explotacion activa
1181,9,WOA,poblacional,117602.0,117602.0,True,False,7.399999999994179,0.0,7.399999999994179,0.0,7.399999999994179,7.399999999994179,83,1,84,Explotacion activa
1182,9,WOA,poblacional,117602.0,117602.0,True,False,7.399999999994179,0.0,7.399999999994179,0.0,7.399999999994179,7.399999999994179,84,2,85,Explotacion activa
1183,9,WOA,poblacional,117602.0,117602.0,True,False,7.399999999994179,0.0,7.399999999994179,0.0,7.399999999994179,7.399999999994179,85,3,86,Explotacion activa
1184,9,WOA,poblacional,117602.0,117602.0,True,False,7.399999999994179,0.0,7.399999999994179,0.0,7.399999999994179,7.399999999994179,86,4,87,Explotacion activa
1185,9,WOA,poblacional,117602.0,117602.0,True,False,7.399999999994179,0.0,7.399999999994179,0.0,7.399999999994179,7.399999999994179,87,5,88,Explotacion activa
1186,9,WOA,poblacional,117602.0,117602.0,True,False,7.399999999994179,0.0,7.399999999994179,0.0,7.399999999994179,7.399999999994179,88,6,89,Explotacion activa
1187,10,VNS,trayectoria,117602.0,117602.0,True,False,7.399999999994179,0.0,7.399999999994179,0.0,7.399999999994179,7.399999999994179,89,7,90,Explotacion activa
1188,10,VNS,trayectoria,117602.0,117602.0,True,False,7.399999999994179,0.0,7.399999999994179,0.0,7.399999999994179,7.399999999994179,90,8,91,Explotacion activa
1189,10,VNS,trayectoria,117602.0,117602.0,True,False,7.399999999994179,0.0,7.399999999994179,0.0,7.399999999994179,7.399999999994179,91,9,92,Explotacion activa
1190,10,VNS,trayectoria,117602.0,117602.0,True,False,7.399999999994179,0.0,7.399999999994179,0.0,7.399999999994179,7.399999999994179,92,10,93,Explotacion activa
1191,10,VNS,trayectoria,117602.0,117602.0,True,False,7.399999999994179,0.0,7.399999999994179,0.0,7.399999999994179,7.399999999994179,93,11,94,Explotacion activa
1192,10,VNS,trayectoria,117602.0,117602.0,True,False,7.399999999994179,0.0,7.399999999994179,0.0,7.399999999994179,7.399999999994179,94,12,95,Explotacion activa
1193,10,VNS,trayectoria,117602.0,117602.0,True,False,7.399999999994179,0.0,7.399999999994179,0.0,7.399999999994179,7.399999999994179,95,13,96,Explotacion activa
1194,10,VNS,trayectoria,117602.0,117602.0,True,False,7.399999999994179,0.0,7.399999999994179,0.0,7.399999999994179,7.399999999994179,96,14,97,Explotacion activa
1195,10,VNS,trayectoria,117602.0,117602.0,True,False,7.399999999994179,0.0,7.399999999994179,0.0,7.399999999994179,7.399999999994179,97,15,98,Explotacion activa
1196,10,VNS,trayectoria,117602.0,117602.0,True,False,7.399999999994179,0.0,7.399999999994179,0.0,7.399999999994179,7.399999999994179,98,16,99,Explotacion activa
1197,10,VNS,trayectoria,117602.0,117602.0,True,False,7.399999999994179,0.0,7.399999999994179,0.0,7.399999999994179,7.399999999994179,99,17,100,Explotacion activa
1198,10,VNS,trayectoria,117602.0,117602.0,True,False,7.399999999994179,0.0,7.399999999994179,0.0,7.399999999994179,7.399999999994179,100,18,101,Explotacion activa
1199,10,VNS,trayectoria,117602.0,117602.0,True,False,7.399999999994179,0.0,7.399999999994179,0.0,7.399999999994179,7.399999999994179,101,19,102,Explotacion activa
1200,10,VNS,trayectoria,117602.0,117602.0,True,False,7.399999999994179,0.0,7.399999999994179,0.0,7.399999999994179,7.399999999994179,102,20,103,Explotacion activa
1201,10,VNS,trayectoria,117602.0,117602.0,True,False,7.399999999994179,0.0,7.399999999994179,0.0,7.399999999994179,7.399999999994179,103,21,104,Explotacion activa
1202,10,VNS,trayectoria,117602.0,117602.0,True,False,7.399999999994179,0.0,7.399999999994179,0.0,7.399999999994179,7.399999999994179,104,22,105,Explotacion activa
1203,10,VNS,trayectoria,117602.0,117602.0,True,False,7.399999999994179,0.0,7.399999999994179,0.0,7.399999999994179,7.399999999994179,105,23,106,Explotacion activa
1204,10,VNS,trayectoria,117602.0,117602.0,True,False,7.399999999994179,0.0,7.399999999994179,0.0,7.399999999994179,7.399999999994179,106,24,107,Explotacion activa
1205,10,VNS,trayectoria,117602.0,117602.0,True,True,7.399999999994179,0.0,7.399999999994179,0.0,7.399999999994179,7.399999999994179,107,25,108,ESTANCAMIENTO (Fire)
1206,10,VNS,trayectoria,117602.0,117602.0,False,False,,,,,,,0,0,1,Llenando ventana
1207,10,VNS,trayectoria,117602.0,117602.0,False,False,,,,,,,1,0,2,Llenando ventana
1208,10,VNS,trayectoria,117602.0,117602.0,False,False,,,,,,,2,0,3,Llenando ventana
1209,10,VNS,trayectoria,117602.0,117602.0,False,False,,,,,,,3,0,4,Llenando ventana
1210,10,VNS,trayectoria,117602.0,117602.0,False,False,,,,,,,4,0,5,Llenando ventana
1211,10,VNS,trayectoria,117602.0,117602.0,False,False,,,,,,,5,0,6,Llenando ventana
1212,10,VNS,trayectoria,117602.0,117602.0,False,False,,,,,,,6,0,7,Llenando ventana
1213,10,VNS,trayectoria,117602.0,117602.0,False,False,,,,,,,7,0,8,Llenando ventana
1214,10,VNS,trayectoria,117602.0,117602.0,False,False,,,,,,,8,0,9,Llenando ventana
1215,10,VNS,trayectoria,117602.0,117602.0,False,False,,,,,,,9,0,10,Llenando ventana
1216,10,VNS,trayectoria,117602.0,117602.0,False,False,,,,,,,10,0,11,Llenando ventana
1217,10,VNS,trayectoria,117602.0,117602.0,False,False,,,,,,,11,0,12,Llenando ventana
1218,10,VNS,trayectoria,117602.0,117602.0,False,False,,,,,,,12,0,13,Llenando ventana
1219,10,VNS,trayectoria,117602.0,117602.0,False,False,,,,,,,13,0,14,Llenando ventana
1220,10,VNS,trayectoria,117602.0,117602.0,False,False,,,,,,,14,0,15,Llenando ventana
1221,10,VNS,trayectoria,117602.0,117602.0,False,False,,,,,,,15,0,16,Llenando ventana
1222,10,VNS,trayectoria,117602.0,117602.0,False,False,,,,,,,16,0,17,Llenando ventana
1223,10,VNS,trayectoria,117888.0,117888.0,False,False,,,,,,,17,0,18,Llenando ventana
1224,10,VNS,trayectoria,117888.0,117888.0,False,False,,,,,,,18,0,19,Llenando ventana
1225,10,VNS,trayectoria,117888.0,117888.0,False,False,,,,,,,19,0,20,Llenando ventana
1226,10,VNS,trayectoria,117888.0,117888.0,False,False,,,,,,,20,0,21,Llenando ventana
1227,10,VNS,trayectoria,117888.0,117888.0,False,False,,,,,,,21,0,22,Llenando ventana
1228,10,VNS,trayectoria,117888.0,117888.0,False,False,,,,,,,22,0,23,Llenando ventana
1229,10,VNS,trayectoria,117888.0,117888.0,False,False,,,,,,,23,0,24,Llenando ventana
1230,10,VNS,trayectoria,117888.0,117888.0,False,False,,,,,,,24,0,25,Llenando ventana
1231,10,VNS,trayectoria,117888.0,117888.0,False,False,,,,,,,25,0,26,Llenando ventana
1232,10,VNS,trayectoria,117888.0,117888.0,False,False,,,,,,,26,0,27,Llenando ventana
1233,10,VNS,trayectoria,117888.0,117888.0,False,False,,,,,,,27,0,28,Llenando ventana
1234,10,VNS,trayectoria,117888.0,117888.0,False,False,,,,,,,28,0,29,Llenando ventana
1235,10,VNS,trayectoria,117888.0,117888.0,False,False,,,,,,,29,0,30,Llenando ventana
1236,10,VNS,trayectoria,117888.0,117888.0,False,False,,,,,,,30,0,31,Llenando ventana
1237,10,VNS,trayectoria,117888.0,117888.0,False,False,,,,,,,31,0,32,Llenando ventana
1238,10,VNS,trayectoria,117888.0,117888.0,False,False,,,,,,,32,0,33,Llenando ventana
1239,10,VNS,trayectoria,117888.0,117888.0,False,False,,,,,,,33,0,34,Llenando ventana
1240,10,VNS,trayectoria,117888.0,117888.0,False,False,,,,,,,34,0,35,Llenando ventana
1241,10,VNS,trayectoria,117888.0,117888.0,False,False,,,,,,,35,0,36,Llenando ventana
1242,10,VNS,trayectoria,117888.0,117888.0,False,False,,,,,,,36,0,37,Llenando ventana
1243,10,VNS,trayectoria,117888.0,117888.0,False,False,,,,,,,37,0,38,Llenando ventana
1244,10,VNS,trayectoria,117888.0,117888.0,False,False,,,,,,,38,0,39,Llenando ventana
1245,10,VNS,trayectoria,117888.0,117888.0,False,False,,,,,,,39,0,40,Llenando ventana
1246,10,VNS,trayectoria,117888.0,117888.0,False,False,,,,,,,40,0,41,Llenando ventana
1247,10,VNS,trayectoria,117888.0,117888.0,False,False,,,,,,,41,0,42,Llenando ventana
1248,10,VNS,trayectoria,117888.0,117888.0,False,False,,,,,,,42,0,43,Llenando ventana
1249,10,VNS,trayectoria,117888.0,117888.0,False,False,,,,,,,43,0,44,Llenando ventana
1250,10,VNS,trayectoria,117888.0,117888.0,False,False,,,,,,,44,0,45,Llenando ventana
1251,10,VNS,trayectoria,117888.0,117888.0,False,False,,,,,,,45,0,46,Llenando ventana
1252,10,VNS,trayectoria,117888.0,117888.0,False,False,,,,,,,46,0,47,Llenando ventana
1253,10,VNS,trayectoria,117888.0,117888.0,False,False,,,,,,,47,0,48,Llenando ventana
1254,10,VNS,trayectoria,117888.0,117888.0,False,False,,,,,,,48,0,49,Llenando ventana
1255,10,VNS,trayectoria,117888.0,117888.0,False,False,,,,,,,49,0,50,Llenando ventana
1256,10,VNS,trayectoria,117888.0,117888.0,False,False,,,,,,,50,0,51,Llenando ventana
1257,10,VNS,trayectoria,117888.0,117888.0,False,False,,,,,,,51,0,52,Llenando ventana
1258,10,VNS,trayectoria,117888.0,117888.0,False,False,,,,,,,52,0,53,Llenando ventana
1259,10,VNS,trayectoria,117888.0,117888.0,False,False,,,,,,,53,0,54,Llenando ventana
1260,10,VNS,trayectoria,117888.0,117888.0,False,False,,,,,,,54,0,55,Llenando ventana
1261,10,VNS,trayectoria,117888.0,117888.0,False,False,,,7.199999999982538,,,,55,0,56,Llenando ventana
1262,10,VNS,trayectoria,117888.0,117888.0,False,False,,,7.199999999982538,,,,56,0,57,Llenando ventana
1263,10,VNS,trayectoria,117888.0,117888.0,False,False,,,7.199999999982538,,,,57,0,58,Llenando ventana
1264,10,VNS,trayectoria,117888.0,117888.0,False,False,,,7.199999999982538,,,,58,0,59,Llenando ventana
1265,10,VNS,trayectoria,117888.0,117888.0,False,False,,,7.199999999982538,,,,59,0,60,Llenando ventana
1266,10,VNS,trayectoria,117888.0,117888.0,False,False,,,7.199999999982538,,,,60,0,61,Llenando ventana
1267,10,VNS,trayectoria,117888.0,117888.0,False,False,,,7.199999999982538,,,,61,0,62,Llenando ventana
1268,10,VNS,trayectoria,117888.0,117888.0,False,False,,,7.199999999982538,,,,62,0,63,Llenando ventana
1269,10,VNS,trayectoria,117888.0,117888.0,False,False,,,7.199999999982538,,,,63,0,64,Llenando ventana
1270,10,VNS,trayectoria,117888.0,117888.0,False,False,,,7.199999999982538,,,,64,0,65,Llenando ventana
1271,10,VNS,trayectoria,117888.0,117888.0,False,False,,,7.199999999982538,,,,65,0,66,Llenando ventana
1272,10,VNS,trayectoria,117888.0,117888.0,False,False,,,7.199999999982538,,,,66,0,67,Llenando ventana
1273,10,VNS,trayectoria,117888.0,117888.0,False,False,,,7.199999999982538,,,,67,0,68,Llenando ventana
1274,10,VNS,trayectoria,117888.0,117888.0,False,False,,,7.199999999982538,,,,68,0,69,Llenando ventana
1275,10,VNS,trayectoria,117888.0,117888.0,False,False,,,7.199999999982538,,,,69,0,70,Llenando ventana
1276,10,VNS,trayectoria,117888.0,117888.0,False,False,,,7.199999999982538,,,,70,0,71,Llenando ventana
1277,10,VNS,trayectoria,117888.0,117888.0,False,False,,,7.199999999982538,,,,71,0,72,Llenando ventana
1278,10,VNS,trayectoria,117888.0,117888.0,False,False,,,7.199999999982538,,,,72,0,73,Llenando ventana
1279,10,VNS,trayectoria,117888.0,117888.0,False,False,,,7.199999999982538,,,,73,0,74,Llenando ventana
1280,10,VNS,trayectoria,117888.0,117888.0,True,False,7.399999999994179,0.0,7.399999999994179,7.5,37.5,22.5,74,0,75,Explotacion activa
1281,10,VNS,trayectoria,117888.0,117888.0,True,False,7.399999999994179,0.0,7.399999999994179,7.5,37.5,22.5,75,0,76,Explotacion activa
1282,10,VNS,trayectoria,117888.0,117888.0,True,False,7.399999999994179,0.0,7.399999999994179,7.5,37.5,22.5,76,0,77,Explotacion activa
1283,10,VNS,trayectoria,117888.0,117888.0,True,False,7.399999999994179,0.0,7.399999999994179,7.5,37.5,22.5,77,0,78,Explotacion activa
1284,10,VNS,trayectoria,117888.0,117888.0,True,False,7.399999999994179,0.0,7.399999999994179,7.5,37.5,22.5,78,0,79,Explotacion activa
1285,10,VNS,trayectoria,117888.0,117888.0,True,False,7.399999999994179,0.0,7.399999999994179,7.5,37.5,22.5,79,0,80,Explotacion activa
1286,10,VNS,trayectoria,117888.0,117888.0,True,False,7.399999999994179,0.0,7.399999999994179,7.5,37.5,22.5,80,0,81,Explotacion activa
1287,10,VNS,trayectoria,117888.0,117888.0,True,False,7.399999999994179,0.0,7.399999999994179,7.5,37.5,22.5,81,0,82,Explotacion activa
1288,10,VNS,trayectoria,117888.0,117888.0,True,False,7.399999999994179,0.0,7.399999999994179,7.5,37.5,22.5,82,0,83,Explotacion activa
1289,10,VNS,trayectoria,117888.0,117888.0,True,False,7.399999999994179,0.0,7.399999999994179,0.0,7.399999999994179,7.399999999994179,83,1,84,Explotacion activa
1290,10,VNS,trayectoria,117888.0,117888.0,True,False,7.399999999994179,0.0,7.399999999994179,0.0,7.399999999994179,7.399999999994179,84,2,85,Explotacion activa
1291,10,VNS,trayectoria,117888.0,117888.0,True,False,7.399999999994179,0.0,7.399999999994179,0.0,7.399999999994179,7.399999999994179,85,3,86,Explotacion activa
1292,10,VNS,trayectoria,117888.0,117888.0,True,False,7.399999999994179,0.0,7.399999999994179,0.0,7.399999999994179,7.399999999994179,86,4,87,Explotacion activa
1293,10,VNS,trayectoria,117925.0,117925.0,True,False,7.399999999994179,0.0,7.399999999994179,0.0,7.399999999994179,7.399999999994179,87,5,88,Explotacion activa
1294,10,VNS,trayectoria,117925.0,117925.0,True,False,7.399999999994179,0.0,7.399999999994179,0.0,7.399999999994179,7.399999999994179,88,6,89,Explotacion activa
1295,10,VNS,trayectoria,117925.0,117925.0,True,False,7.399999999994179,0.0,7.399999999994179,0.0,7.399999999994179,7.399999999994179,89,7,90,Explotacion activa
1296,10,VNS,trayectoria,117925.0,117925.0,True,False,7.399999999994179,0.0,7.399999999994179,0.0,7.399999999994179,7.399999999994179,90,8,91,Explotacion activa
1297,10,VNS,trayectoria,117925.0,117925.0,True,False,7.399999999994179,0.0,7.399999999994179,0.0,7.399999999994179,7.399999999994179,91,9,92,Explotacion activa
1298,10,VNS,trayectoria,117925.0,117925.0,True,False,7.399999999994179,0.0,7.399999999994179,0.0,7.399999999994179,7.399999999994179,92,10,93,Explotacion activa
1299,10,VNS,trayectoria,117925.0,117925.0,True,False,7.399999999994179,0.0,7.399999999994179,0.0,7.399999999994179,7.399999999994179,93,11,94,Explotacion activa
1300,10,VNS,trayectoria,117925.0,117925.0,True,False,7.399999999994179,0.0,7.399999999994179,0.0,7.399999999994179,7.399999999994179,94,12,95,Explotacion activa
1301,10,VNS,trayectoria,117925.0,117925.0,True,False,7.399999999994179,0.0,7.399999999994179,0.0,7.399999999994179,7.399999999994179,95,13,96,Explotacion activa
1302,10,VNS,trayectoria,117925.0,117925.0,True,False,7.399999999994179,0.0,7.399999999994179,0.0,7.399999999994179,7.399999999994179,96,14,97,Explotacion activa
1303,10,VNS,trayectoria,117925.0,117925.0,True,False,7.399999999994179,0.0,7.399999999994179,0.0,7.399999999994179,7.399999999994179,97,15,98,Explotacion activa
1304,10,VNS,trayectoria,117925.0,117925.0,True,False,7.399999999994179,0.0,7.399999999994179,0.0,7.399999999994179,7.399999999994179,98,16,99,Explotacion activa
1305,10,VNS,trayectoria,117925.0,117925.0,True,False,7.399999999994179,0.0,7.399999999994179,0.0,7.399999999994179,7.399999999994179,99,17,100,Explotacion activa
1306,10,VNS,trayectoria,117925.0,117925.0,True,False,7.399999999994179,0.0,7.399999999994179,0.0,7.399999999994179,7.399999999994179,100,18,101,Explotacion activa
1307,10,VNS,trayectoria,117925.0,117925.0,True,False,7.399999999994179,0.0,7.399999999994179,0.0,7.399999999994179,7.399999999994179,101,19,102,Explotacion activa
1308,10,VNS,trayectoria,117925.0,117925.0,True,False,7.399999999994179,0.0,7.399999999994179,0.0,7.399999999994179,7.399999999994179,102,20,103,Explotacion activa
1309,10,VNS,trayectoria,117925.0,117925.0,True,False,7.399999999994179,0.0,7.399999999994179,0.0,7.399999999994179,7.399999999994179,103,21,104,Explotacion activa
1310,10,VNS,trayectoria,117925.0,117925.0,True,False,7.399999999994179,0.0,7.399999999994179,0.0,7.399999999994179,7.399999999994179,104,22,105,Explotacion activa
1311,10,VNS,trayectoria,117925.0,117925.0,True,False,7.399999999994179,0.0,7.399999999994179,0.0,7.399999999994179,7.399999999994179,105,23,106,Explotacion activa
1312,10,VNS,trayectoria,117925.0,117925.0,True,False,7.399999999994179,0.0,7.399999999994179,0.0,7.399999999994179,7.399999999994179,106,24,107,Explotacion activa
1313,10,VNS,trayectoria,117925.0,117925.0,True,True,7.399999999994179,0.0,7.399999999994179,0.0,7.399999999994179,7.399999999994179,107,25,108,ESTANCAMIENTO (Fire)
1314,10,VNS,trayectoria,117925.0,117925.0,False,False,,,7.199999999982538,,,,0,0,1,Llenando ventana
1315,10,VNS,trayectoria,117925.0,117925.0,False,False,,,7.199999999982538,,,,1,0,2,Llenando ventana
1316,10,VNS,trayectoria,117925.0,117925.0,False,False,,,7.199999999982538,,,,2,0,3,Llenando ventana
1317,10,VNS,trayectoria,117925.0,117925.0,False,False,,,7.199999999982538,,,,3,0,4,Llenando ventana
1318,10,VNS,trayectoria,117925.0,117925.0,False,False,,,7.199999999982538,,,,4,0,5,Llenando ventana
1319,10,VNS,trayectoria,117925.0,117925.0,False,False,,,7.199999999982538,,,,5,0,6,Llenando ventana
1320,10,VNS,trayectoria,117925.0,117925.0,False,False,,,7.199999999982538,,,,6,0,7,Llenando ventana
1321,10,VNS,trayectoria,117925.0,117925.0,False,False,,,7.199999999982538,,,,7,0,8,Llenando ventana
1322,10,VNS,trayectoria,117925.0,117925.0,False,False,,,7.199999999982538,,,,8,0,9,Llenando ventana
1323,10,VNS,trayectoria,117925.0,117925.0,False,False,,,7.199999999982538,,,,9,0,10,Llenando ventana
1324,10,VNS,trayectoria,117925.0,117925.0,False,False,,,7.199999999982538,,,,10,0,11,Llenando ventana
1325,10,VNS,trayectoria,117925.0,117925.0,False,False,,,7.199999999982538,,,,11,0,12,Llenando ventana
1326,10,VNS,trayectoria,117925.0,117925.0,False,False,,,7.199999999982538,,,,12,0,13,Llenando ventana
1327,10,VNS,trayectoria,117925.0,117925.0,False,False,,,7.199999999982538,,,,13,0,14,Llenando ventana
1328,10,VNS,trayectoria,117925.0,117925.0,False,False,,,7.199999999982538,,,,14,0,15,Llenando ventana
1329,10,VNS,trayectoria,117925.0,117925.0,False,False,,,7.199999999982538,,,,15,0,16,Llenando ventana
1330,10,VNS,trayectoria,117925.0,117925.0,False,False,,,7.199999999982538,,,,16,0,17,Llenando ventana
1331,10,VNS,trayectoria,117925.0,117925.0,False,False,,,7.199999999982538,,,,17,0,18,Llenando ventana
1332,10,VNS,trayectoria,117925.0,117925.0,False,False,,,7.199999999982538,,,,18,0,19,Llenando ventana
1333,11,GA,poblacional,117925.0,117925.0,False,False,,,,,,,19,0,20,Llenando ventana
1334,11,GA,poblacional,117925.0,117925.0,False,False,,,,,,,20,0,21,Llenando ventana
1335,11,GA,poblacional,117925.0,117925.0,False,False,,,,,,,21,0,22,Llenando ventana
1336,11,GA,poblacional,117925.0,117925.0,False,False,,,,,,,22,0,23,Llenando ventana
1337,11,GA,poblacional,117925.0,117925.0,False,False,,,,,,,23,0,24,Llenando ventana
1338,11,GA,poblacional,117925.0,117925.0,False,False,,,,,,,24,0,25,Llenando ventana
1339,11,GA,poblacional,117925.0,117925.0,False,False,,,,,,,25,0,26,Llenando ventana
1340,11,GA,poblacional,117925.0,117925.0,False,False,,,,,,,26,0,27,Llenando ventana
1341,11,GA,poblacional,117925.0,117925.0,False,False,,,,,,,27,0,28,Llenando ventana
1342,11,GA,poblacional,117925.0,117925.0,False,False,,,,,,,28,0,29,Llenando ventana
1343,11,GA,poblacional,117925.0,117925.0,False,False,,,,,,,29,0,30,Llenando ventana
1344,11,GA,poblacional,117925.0,117925.0,False,False,,,,,,,30,0,31,Llenando ventana
1345,11,GA,poblacional,117925.0,117925.0,False,False,,,,,,,31,0,32,Llenando ventana
1346,11,GA,poblacional,117925.0,117925.0,False,False,,,,,,,32,0,33,Llenando ventana
1347,11,GA,poblacional,117925.0,117925.0,False,False,,,,,,,33,0,34,Llenando ventana
1348,11,GA,poblacional,117925.0,117925.0,False,False,,,,,,,34,0,35,Llenando ventana
1349,11,GA,poblacional,117925.0,117925.0,False,False,,,,,,,35,0,36,Llenando ventana
1350,11,GA,poblacional,117925.0,117925.0,False,False,,,,,,,36,0,37,Llenando ventana
1351,11,GA,poblacional,117925.0,117925.0,False,False,,,,,,,37,0,38,Llenando ventana
1352,11,GA,poblacional,117925.0,117925.0,False,False,,,,,,,38,0,39,Llenando ventana
1353,11,GA,poblacional,117925.0,117925.0,False,False,,,,,,,39,0,40,Llenando ventana
1354,11,GA,poblacional,117925.0,117925.0,False,False,,,,,,,40,0,41,Llenando ventana
1355,11,GA,poblacional,117925.0,117925.0,False,False,,,,,,,41,0,42,Llenando ventana
1356,11,GA,poblacional,117925.0,117925.0,False,False,,,,,,,42,0,43,Llenando ventana
1357,11,GA,poblacional,117925.0,117925.0,False,False,,,,,,,43,0,44,Llenando ventana
1358,11,GA,poblacional,117925.0,117925.0,False,False,,,,,,,44,0,45,Llenando ventana
1359,11,GA,poblacional,117925.0,117925.0,False,False,,,,,,,45,0,46,Llenando ventana
1360,11,GA,poblacional,117925.0,117925.0,False,False,,,,,,,46,0,47,Llenando ventana
1361,11,GA,poblacional,117925.0,117925.0,False,False,,,,,,,47,0,48,Llenando ventana
1362,11,GA,poblacional,117925.0,117925.0,False,False,,,,,,,48,0,49,Llenando ventana
1363,11,GA,poblacional,117925.0,117925.0,False,False,,,,,,,49,0,50,Llenando ventana
1364,11,GA,poblacional,117925.0,117925.0,False,False,,,,,,,50,0,51,Llenando ventana
1365,11,GA,poblacional,117925.0,117925.0,False,False,,,,,,,51,0,52,Llenando ventana
1366,11,GA,poblacional,117925.0,117925.0,False,False,,,,,,,52,0,53,Llenando ventana
1367,11,GA,poblacional,117925.0,117925.0,False,False,,,,,,,53,0,54,Llenando ventana
1368,11,GA,poblacional,117925.0,117925.0,False,False,,,,,,,54,0,55,Llenando ventana
1369,11,GA,poblacional,117925.0,117925.0,False,False,,,,,,,55,0,56,Llenando ventana
1370,11,GA,poblacional,117925.0,117925.0,False,False,,,,,,,56,0,57,Llenando ventana
1371,11,GA,poblacional,117925.0,117925.0,False,False,,,,,,,57,0,58,Llenando ventana
1372,11,GA,poblacional,117925.0,117925.0,False,False,,,,,,,58,0,59,Llenando ventana
1373,11,GA,poblacional,117925.0,117925.0,False,False,,,,,,,59,0,60,Llenando ventana
1374,11,GA,poblacional,117925.0,117925.0,False,False,,,,,,,60,0,61,Llenando ventana
1375,11,GA,poblacional,117925.0,117925.0,False,False,,,,,,,61,0,62,Llenando ventana
1376,11,GA,poblacional,117925.0,117925.0,False,False,,,,,,,62,0,63,Llenando ventana
1377,11,GA,poblacional,117925.0,117925.0,False,False,,,,,,,63,0,64,Llenando ventana
1378,11,GA,poblacional,117925.0,117925.0,False,False,,,,,,,64,0,65,Llenando ventana
1379,11,GA,poblacional,117925.0,117925.0,False,False,,,,,,,65,0,66,Llenando ventana
1380,11,GA,poblacional,117925.0,117925.0,False,False,,,,,,,66,0,67,Llenando ventana
1381,11,GA,poblacional,117925.0,117925.0,False,False,,,,,,,67,0,68,Llenando ventana
1382,11,GA,poblacional,117925.0,117925.0,False,False,,,,,,,68,0,69,Llenando ventana
1383,11,GA,poblacional,117925.0,117925.0,False,False,,,,,,,69,0,70,Llenando ventana
1384,11,GA,poblacional,117925.0,117925.0,False,False,,,,,,,70,0,71,Llenando ventana
1385,11,GA,poblacional,117925.0,117925.0,False,False,,,,,,,71,0,72,Llenando ventana
1386,11,GA,poblacional,117925.0,117925.0,False,False,,,,,,,72,0,73,Llenando ventana
1387,11,GA,poblacional,117925.0,117925.0,False,False,,,,,,,73,0,74,Llenando ventana
1388,11,GA,poblacional,117925.0,117925.0,True,False,7.399999999994179,0.0,7.399999999994179,7.5,37.5,22.5,74,0,75,Explotacion activa
1389,11,GA,poblacional,117925.0,117925.0,True,False,7.399999999994179,0.0,7.399999999994179,7.5,37.5,22.5,75,0,76,Explotacion activa
1390,11,GA,poblacional,117925.0,117925.0,True,False,7.399999999994179,0.0,7.399999999994179,7.5,37.5,22.5,76,0,77,Explotacion activa
1391,11,GA,poblacional,117925.0,117925.0,True,False,7.399999999994179,0.0,7.399999999994179,7.5,37.5,22.5,77,0,78,Explotacion activa
1392,11,GA,poblacional,117925.0,117925.0,True,False,7.399999999994179,0.0,7.399999999994179,7.5,37.5,22.5,78,0,79,Explotacion activa
1393,11,GA,poblacional,117925.0,117925.0,True,False,7.399999999994179,0.0,7.399999999994179,7.5,37.5,22.5,79,0,80,Explotacion activa
1394,11,GA,poblacional,117925.0,117925.0,True,False,7.399999999994179,0.0,7.399999999994179,7.5,37.5,22.5,80,0,81,Explotacion activa
1395,11,GA,poblacional,117925.0,117925.0,True,False,7.399999999994179,0.0,7.399999999994179,7.5,37.5,22.5,81,0,82,Explotacion activa
1396,11,GA,poblacional,117925.0,117925.0,True,False,7.399999999994179,0.0,7.399999999994179,7.5,37.5,22.5,82,0,83,Explotacion activa
1397,11,GA,poblacional,117925.0,117925.0,True,False,7.399999999994179,0.0,7.399999999994179,0.0,7.399999999994179,7.399999999994179,83,1,84,Explotacion activa
1398,11,GA,poblacional,117925.0,117925.0,True,False,7.399999999994179,0.0,7.399999999994179,0.0,7.399999999994179,7.399999999994179,84,2,85,Explotacion activa
1399,11,GA,poblacional,117925.0,117925.0,True,False,7.399999999994179,0.0,7.399999999994179,0.0,7.399999999994179,7.399999999994179,85,3,86,Explotacion activa
1400,11,GA,poblacional,117925.0,117925.0,True,False,7.399999999994179,0.0,7.399999999994179,0.0,7.399999999994179,7.399999999994179,86,4,87,Explotacion activa
1401,11,GA,poblacional,117925.0,117925.0,True,False,7.399999999994179,0.0,7.399999999994179,0.0,7.399999999994179,7.399999999994179,87,5,88,Explotacion activa
1402,11,GA,poblacional,117925.0,117925.0,True,False,7.399999999994179,0.0,7.399999999994179,0.0,7.399999999994179,7.399999999994179,88,6,89,Explotacion activa
1403,11,GA,poblacional,117925.0,117925.0,True,False,7.399999999994179,0.0,7.399999999994179,0.0,7.399999999994179,7.399999999994179,89,7,90,Explotacion activa
1404,11,GA,poblacional,117925.0,117925.0,True,False,7.399999999994179,0.0,7.399999999994179,0.0,7.399999999994179,7.399999999994179,90,8,91,Explotacion activa
1405,11,GA,poblacional,117925.0,117925.0,True,False,7.399999999994179,0.0,7.399999999994179,0.0,7.399999999994179,7.399999999994179,91,9,92,Explotacion activa
1406,11,GA,poblacional,117925.0,117925.0,True,False,7.399999999994179,0.0,7.399999999994179,0.0,7.399999999994179,7.399999999994179,92,10,93,Explotacion activa
1407,11,GA,poblacional,117925.0,117925.0,True,False,7.399999999994179,0.0,7.399999999994179,0.0,7.399999999994179,7.399999999994179,93,11,94,Explotacion activa
1408,11,GA,poblacional,117925.0,117925.0,True,False,7.399999999994179,0.0,7.399999999994179,0.0,7.399999999994179,7.399999999994179,94,12,95,Explotacion activa
1409,11,GA,poblacional,117925.0,117925.0,True,False,7.399999999994179,0.0,7.399999999994179,0.0,7.399999999994179,7.399999999994179,95,13,96,Explotacion activa
1410,11,GA,poblacional,117925.0,117925.0,True,False,7.399999999994179,0.0,7.399999999994179,0.0,7.399999999994179,7.399999999994179,96,14,97,Explotacion activa
1411,11,GA,poblacional,117925.0,117925.0,True,False,7.399999999994179,0.0,7.399999999994179,0.0,7.399999999994179,7.399999999994179,97,15,98,Explotacion activa
1412,11,GA,poblacional,117925.0,117925.0,True,False,7.399999999994179,0.0,7.399999999994179,0.0,7.399999999994179,7.399999999994179,98,16,99,Explotacion activa
1413,11,GA,poblacional,117925.0,117925.0,True,False,7.399999999994179,0.0,7.399999999994179,0.0,7.399999999994179,7.399999999994179,99,17,100,Explotacion activa
1414,11,GA,poblacional,117925.0,117925.0,True,False,7.399999999994179,0.0,7.399999999994179,0.0,7.399999999994179,7.399999999994179,100,18,101,Explotacion activa
1415,11,GA,poblacional,117925.0,117925.0,True,False,7.399999999994179,0.0,7.399999999994179,0.0,7.399999999994179,7.399999999994179,101,19,102,Explotacion activa
1416,11,GA,poblacional,117925.0,117925.0,True,False,7.399999999994179,0.0,7.399999999994179,0.0,7.399999999994179,7.399999999994179,102,20,103,Explotacion activa
1417,11,GA,poblacional,117925.0,117925.0,True,False,7.399999999994179,0.0,7.399999999994179,0.0,7.399999999994179,7.399999999994179,103,21,104,Explotacion activa
1418,11,GA,poblacional,117925.0,117925.0,True,False,7.399999999994179,0.0,7.399999999994179,0.0,7.399999999994179,7.399999999994179,104,22,105,Explotacion activa
1419,11,GA,poblacional,117925.0,117925.0,True,False,7.399999999994179,0.0,7.399999999994179,0.0,7.399999999994179,7.399999999994179,105,23,106,Explotacion activa
1420,11,GA,poblacional,117925.0,117925.0,True,False,7.399999999994179,0.0,7.399999999994179,0.0,7.399999999994179,7.399999999994179,106,24,107,Explotacion activa
1421,11,GA,poblacional,117925.0,117925.0,True,True,7.399999999994179,0.0,7.399999999994179,0.0,7.399999999994179,7.399999999994179,107,25,108,ESTANCAMIENTO (Fire)
1422,11,GA,poblacional,117925.0,117925.0,False,False,,,7.399999999994179,,,,0,0,1,Llenando ventana
1423,11,GA,poblacional,117925.0,117925.0,False,False,,,7.399999999994179,,,,1,0,2,Llenando ventana
1424,11,GA,poblacional,117925.0,117925.0,False,False,,,7.399999999994179,,,,2,0,3,Llenando ventana
1425,11,GA,poblacional,117925.0,117925.0,False,False,,,7.399999999994179,,,,3,0,4,Llenando ventana
1426,11,GA,poblacional,117925.0,117925.0,False,False,,,7.399999999994179,,,,4,0,5,Llenando ventana
1427,11,GA,poblacional,117925.0,117925.0,False,False,,,7.399999999994179,,,,5,0,6,Llenando ventana
1428,11,GA,poblacional,117925.0,117925.0,False,False,,,7.399999999994179,,,,6,0,7,Llenando ventana
1429,11,GA,poblacional,117925.0,117925.0,False,False,,,7.399999999994179,,,,7,0,8,Llenando ventana
1430,11,GA,poblacional,117925.0,117925.0,False,False,,,7.399999999994179,,,,8,0,9,Llenando ventana
1431,11,GA,poblacional,117925.0,117925.0,False,False,,,7.399999999994179,,,,9,0,10,Llenando ventana
1432,11,GA,poblacional,117925.0,117925.0,False,False,,,7.399999999994179,,,,10,0,11,Llenando ventana
1433,11,GA,poblacional,117925.0,117925.0,False,False,,,7.399999999994179,,,,11,0,12,Llenando ventana
1434,11,GA,poblacional,117925.0,117925.0,False,False,,,7.399999999994179,,,,12,0,13,Llenando ventana
1435,11,GA,poblacional,117925.0,117925.0,False,False,,,7.399999999994179,,,,13,0,14,Llenando ventana
1436,11,GA,poblacional,117925.0,117925.0,False,False,,,7.399999999994179,,,,14,0,15,Llenando ventana
1437,11,GA,poblacional,117925.0,117925.0,False,False,,,7.399999999994179,,,,15,0,16,Llenando ventana
1438,11,GA,poblacional,117925.0,117925.0,False,False,,,7.399999999994179,,,,16,0,17,Llenando ventana
1439,11,GA,poblacional,117925.0,117925.0,False,False,,,7.399999999994179,,,,17,0,18,Llenando ventana
1440,11,GA,poblacional,117925.0,117925.0,False,False,,,7.399999999994179,,,,18,0,19,Llenando ventana
1441,12,VNS,trayectoria,117925.0,117925.0,False,False,,,,,,,19,0,20,Llenando ventana
1442,12,VNS,trayectoria,117925.0,117925.0,False,False,,,,,,,20,0,21,Llenando ventana
1443,12,VNS,trayectoria,117925.0,117925.0,False,False,,,,,,,21,0,22,Llenando ventana
1444,12,VNS,trayectoria,117925.0,117925.0,False,False,,,,,,,22,0,23,Llenando ventana
1445,12,VNS,trayectoria,117925.0,117925.0,False,False,,,,,,,23,0,24,Llenando ventana
1446,12,VNS,trayectoria,117925.0,117925.0,False,False,,,,,,,24,0,25,Llenando ventana
1447,12,VNS,trayectoria,117925.0,117925.0,False,False,,,,,,,25,0,26,Llenando ventana
1448,12,VNS,trayectoria,117925.0,117925.0,False,False,,,,,,,26,0,27,Llenando ventana
1449,12,VNS,trayectoria,117925.0,117925.0,False,False,,,,,,,27,0,28,Llenando ventana
1450,12,VNS,trayectoria,117925.0,117925.0,False,False,,,,,,,28,0,29,Llenando ventana
1451,12,VNS,trayectoria,117925.0,117925.0,False,False,,,,,,,29,0,30,Llenando ventana
1452,12,VNS,trayectoria,117925.0,117925.0,False,False,,,,,,,30,0,31,Llenando ventana
1453,12,VNS,trayectoria,117925.0,117925.0,False,False,,,,,,,31,0,32,Llenando ventana
1454,12,VNS,trayectoria,117925.0,117925.0,False,False,,,,,,,32,0,33,Llenando ventana
1455,12,VNS,trayectoria,117925.0,117925.0,False,False,,,,,,,33,0,34,Llenando ventana
1456,12,VNS,trayectoria,117925.0,117925.0,False,False,,,,,,,34,0,35,Llenando ventana
1457,12,VNS,trayectoria,117925.0,117925.0,False,False,,,,,,,35,0,36,Llenando ventana
1458,12,VNS,trayectoria,117925.0,117925.0,False,False,,,,,,,36,0,37,Llenando ventana
1459,12,VNS,trayectoria,117925.0,117925.0,False,False,,,,,,,37,0,38,Llenando ventana
1460,12,VNS,trayectoria,117925.0,117925.0,False,False,,,,,,,38,0,39,Llenando ventana
1461,12,VNS,trayectoria,117925.0,117925.0,False,False,,,,,,,39,0,40,Llenando ventana
1462,12,VNS,trayectoria,117925.0,117925.0,False,False,,,,,,,40,0,41,Llenando ventana
1463,12,VNS,trayectoria,117925.0,117925.0,False,False,,,,,,,41,0,42,Llenando ventana
1464,12,VNS,trayectoria,117925.0,117925.0,False,False,,,,,,,42,0,43,Llenando ventana
1465,12,VNS,trayectoria,117925.0,117925.0,False,False,,,,,,,43,0,44,Llenando ventana
1466,12,VNS,trayectoria,117925.0,117925.0,False,False,,,,,,,44,0,45,Llenando ventana
1467,12,VNS,trayectoria,117925.0,117925.0,False,False,,,,,,,45,0,46,Llenando ventana
1468,12,VNS,trayectoria,117925.0,117925.0,False,False,,,,,,,46,0,47,Llenando ventana
1469,12,VNS,trayectoria,117925.0,117925.0,False,False,,,,,,,47,0,48,Llenando ventana
1470,12,VNS,trayectoria,117925.0,117925.0,False,False,,,,,,,48,0,49,Llenando ventana
1471,12,VNS,trayectoria,117925.0,117925.0,False,False,,,,,,,49,0,50,Llenando ventana
1472,12,VNS,trayectoria,117925.0,117925.0,False,False,,,,,,,50,0,51,Llenando ventana
1473,12,VNS,trayectoria,117925.0,117925.0,False,False,,,,,,,51,0,52,Llenando ventana
1474,12,VNS,trayectoria,117925.0,117925.0,False,False,,,,,,,52,0,53,Llenando ventana
1475,12,VNS,trayectoria,117925.0,117925.0,False,False,,,,,,,53,0,54,Llenando ventana
1476,12,VNS,trayectoria,117925.0,117925.0,False,False,,,,,,,54,0,55,Llenando ventana
1477,12,VNS,trayectoria,117925.0,117925.0,False,False,,,,,,,55,0,56,Llenando ventana
1478,12,VNS,trayectoria,117925.0,117925.0,False,False,,,,,,,56,0,57,Llenando ventana
1479,12,VNS,trayectoria,117925.0,117925.0,False,False,,,,,,,57,0,58,Llenando ventana
1480,12,VNS,trayectoria,117925.0,117925.0,False,False,,,,,,,58,0,59,Llenando ventana
1481,12,VNS,trayectoria,117925.0,117925.0,False,False,,,,,,,59,0,60,Llenando ventana
1482,12,VNS,trayectoria,118071.0,118071.0,False,False,,,,,,,60,0,61,Llenando ventana
1483,12,VNS,trayectoria,118071.0,118071.0,False,False,,,,,,,61,0,62,Llenando ventana
1484,12,VNS,trayectoria,118071.0,118071.0,False,False,,,,,,,62,0,63,Llenando ventana
1485,12,VNS,trayectoria,118071.0,118071.0,False,False,,,,,,,63,0,64,Llenando ventana
1486,12,VNS,trayectoria,118071.0,118071.0,False,False,,,,,,,64,0,65,Llenando ventana
1487,12,VNS,trayectoria,118071.0,118071.0,False,False,,,,,,,65,0,66,Llenando ventana
1488,12,VNS,trayectoria,118071.0,118071.0,False,False,,,,,,,66,0,67,Llenando ventana
1489,12,VNS,trayectoria,118071.0,118071.0,False,False,,,,,,,67,0,68,Llenando ventana
1490,12,VNS,trayectoria,118071.0,118071.0,False,False,,,,,,,68,0,69,Llenando ventana
1491,12,VNS,trayectoria,118071.0,118071.0,False,False,,,,,,,69,0,70,Llenando ventana
1492,12,VNS,trayectoria,118071.0,118071.0,False,False,,,,,,,70,0,71,Llenando ventana
1493,12,VNS,trayectoria,118071.0,118071.0,False,False,,,,,,,71,0,72,Llenando ventana
1494,12,VNS,trayectoria,118071.0,118071.0,False,False,,,,,,,72,0,73,Llenando ventana
1495,12,VNS,trayectoria,118071.0,118071.0,False,False,,,,,,,73,0,74,Llenando ventana
1496,12,VNS,trayectoria,118071.0,118071.0,True,False,7.399999999994179,0.0,7.399999999994179,7.5,37.5,22.5,74,0,75,Explotacion activa
1497,12,VNS,trayectoria,118071.0,118071.0,True,False,7.399999999994179,0.0,7.399999999994179,7.5,37.5,22.5,75,0,76,Explotacion activa
1498,12,VNS,trayectoria,118071.0,118071.0,True,False,7.399999999994179,0.0,7.399999999994179,7.5,37.5,22.5,76,0,77,Explotacion activa
1499,12,VNS,trayectoria,118071.0,118071.0,True,False,7.399999999994179,0.0,7.399999999994179,7.5,37.5,22.5,77,0,78,Explotacion activa
1500,12,VNS,trayectoria,118071.0,118071.0,True,False,7.399999999994179,0.0,7.399999999994179,7.5,37.5,22.5,78,0,79,Explotacion activa
1501,12,VNS,trayectoria,118071.0,118071.0,True,False,7.399999999994179,0.0,7.399999999994179,7.5,37.5,22.5,79,0,80,Explotacion activa
1502,12,VNS,trayectoria,118071.0,118071.0,True,False,7.399999999994179,0.0,7.399999999994179,7.5,37.5,22.5,80,0,81,Explotacion activa
1503,12,VNS,trayectoria,118071.0,118071.0,True,False,7.399999999994179,0.0,7.399999999994179,7.5,37.5,22.5,81,0,82,Explotacion activa
1504,12,VNS,trayectoria,118071.0,118071.0,True,False,7.399999999994179,0.0,7.399999999994179,7.5,37.5,22.5,82,0,83,Explotacion activa
1505,12,VNS,trayectoria,118071.0,118071.0,True,False,7.399999999994179,0.0,7.399999999994179,0.0,7.399999999994179,7.399999999994179,83,1,84,Explotacion activa
1506,12,VNS,trayectoria,118071.0,118071.0,True,False,7.399999999994179,0.0,7.399999999994179,0.0,7.399999999994179,7.399999999994179,84,2,85,Explotacion activa
1507,12,VNS,trayectoria,118071.0,118071.0,True,False,7.399999999994179,0.0,7.399999999994179,0.0,7.399999999994179,7.399999999994179,85,3,86,Explotacion activa
1508,12,VNS,trayectoria,118071.0,118071.0,True,False,7.399999999994179,0.0,7.399999999994179,0.0,7.399999999994179,7.399999999994179,86,4,87,Explotacion activa
1509,12,VNS,trayectoria,118071.0,118071.0,True,False,7.399999999994179,0.0,7.399999999994179,0.0,7.399999999994179,7.399999999994179,87,5,88,Explotacion activa
1510,12,VNS,trayectoria,118071.0,118071.0,True,False,7.399999999994179,0.0,7.399999999994179,0.0,7.399999999994179,7.399999999994179,88,6,89,Explotacion activa
1511,12,VNS,trayectoria,118071.0,118071.0,True,False,7.399999999994179,0.0,7.399999999994179,0.0,7.399999999994179,7.399999999994179,89,7,90,Explotacion activa
1512,12,VNS,trayectoria,118071.0,118071.0,True,False,7.399999999994179,0.0,7.399999999994179,0.0,7.399999999994179,7.399999999994179,90,8,91,Explotacion activa
1513,12,VNS,trayectoria,118071.0,118071.0,True,False,7.399999999994179,0.0,7.399999999994179,0.0,7.399999999994179,7.399999999994179,91,9,92,Explotacion activa
1514,12,VNS,trayectoria,118071.0,118071.0,True,False,7.399999999994179,0.0,7.399999999994179,0.0,7.399999999994179,7.399999999994179,92,10,93,Explotacion activa
1515,12,VNS,trayectoria,118071.0,118071.0,True,False,7.399999999994179,0.0,7.399999999994179,0.0,7.399999999994179,7.399999999994179,93,11,94,Explotacion activa
1516,12,VNS,trayectoria,118071.0,118071.0,True,False,7.399999999994179,0.0,7.399999999994179,0.0,7.399999999994179,7.399999999994179,94,12,95,Explotacion activa
1517,12,VNS,trayectoria,118071.0,118071.0,True,False,7.399999999994179,0.0,7.399999999994179,0.0,7.399999999994179,7.399999999994179,95,13,96,Explotacion activa
1518,12,VNS,trayectoria,118071.0,118071.0,True,False,7.399999999994179,0.0,7.399999999994179,0.0,7.399999999994179,7.399999999994179,96,14,97,Explotacion activa
1519,12,VNS,trayectoria,118071.0,118071.0,True,False,7.399999999994179,0.0,7.399999999994179,0.0,7.399999999994179,7.399999999994179,97,15,98,Explotacion activa
1520,12,VNS,trayectoria,118071.0,118071.0,True,False,7.399999999994179,0.0,7.399999999994179,0.0,7.399999999994179,7.399999999994179,98,16,99,Explotacion activa
1521,12,VNS,trayectoria,118071.0,118071.0,True,False,7.399999999994179,0.0,7.399999999994179,0.0,7.399999999994179,7.399999999994179,99,17,100,Explotacion activa
1522,12,VNS,trayectoria,118071.0,118071.0,True,False,7.399999999994179,0.0,7.399999999994179,0.0,7.399999999994179,7.399999999994179,100,18,101,Explotacion activa
1523,12,VNS,trayectoria,118071.0,118071.0,True,False,7.399999999994179,0.0,7.399999999994179,0.0,7.399999999994179,7.399999999994179,101,19,102,Explotacion activa
1524,12,VNS,trayectoria,118071.0,118071.0,True,False,7.399999999994179,0.0,7.399999999994179,0.0,7.399999999994179,7.399999999994179,102,20,103,Explotacion activa
1525,12,VNS,trayectoria,118071.0,118071.0,True,False,7.399999999994179,0.0,7.399999999994179,0.0,7.399999999994179,7.399999999994179,103,21,104,Explotacion activa
1526,12,VNS,trayectoria,118071.0,118071.0,True,False,7.399999999994179,0.0,7.399999999994179,0.0,7.399999999994179,7.399999999994179,104,22,105,Explotacion activa
1527,12,VNS,trayectoria,118071.0,118071.0,True,False,7.399999999994179,0.0,7.399999999994179,0.0,7.399999999994179,7.399999999994179,105,23,106,Explotacion activa
1528,12,VNS,trayectoria,118071.0,118071.0,True,False,7.399999999994179,0.0,7.399999999994179,0.0,7.399999999994179,7.399999999994179,106,24,107,Explotacion activa
1529,12,VNS,trayectoria,118071.0,118071.0,True,True,7.399999999994179,0.0,7.399999999994179,0.0,7.399999999994179,7.399999999994179,107,25,108,ESTANCAMIENTO (Fire)
1530,12,VNS,trayectoria,118071.0,118071.0,False,False,,,7.199999999982538,,,,0,0,1,Llenando ventana
1531,12,VNS,trayectoria,118071.0,118071.0,False,False,,,7.199999999982538,,,,1,0,2,Llenando ventana
1532,12,VNS,trayectoria,118071.0,118071.0,False,False,,,7.199999999982538,,,,2,0,3,Llenando ventana
1533,12,VNS,trayectoria,118071.0,118071.0,False,False,,,7.199999999982538,,,,3,0,4,Llenando ventana
1534,12,VNS,trayectoria,118071.0,118071.0,False,False,,,7.199999999982538,,,,4,0,5,Llenando ventana
1535,12,VNS,trayectoria,118071.0,118071.0,False,False,,,7.199999999982538,,,,5,0,6,Llenando ventana
1536,12,VNS,trayectoria,118071.0,118071.0,False,False,,,7.199999999982538,,,,6,0,7,Llenando ventana
1537,12,VNS,trayectoria,118071.0,118071.0,False,False,,,7.199999999982538,,,,7,0,8,Llenando ventana
1538,12,VNS,trayectoria,118071.0,118071.0,False,False,,,7.199999999982538,,,,8,0,9,Llenando ventana
1539,12,VNS,trayectoria,118071.0,118071.0,False,False,,,7.199999999982538,,,,9,0,10,Llenando ventana
1540,12,VNS,trayectoria,118071.0,118071.0,False,False,,,7.199999999982538,,,,10,0,11,Llenando ventana
1541,12,VNS,trayectoria,118071.0,118071.0,False,False,,,7.199999999982538,,,,11,0,12,Llenando ventana
1542,12,VNS,trayectoria,118071.0,118071.0,False,False,,,7.199999999982538,,,,12,0,13,Llenando ventana
1543,12,VNS,trayectoria,118071.0,118071.0,False,False,,,7.199999999982538,,,,13,0,14,Llenando ventana
1544,12,VNS,trayectoria,118071.0,118071.0,False,False,,,7.199999999982538,,,,14,0,15,Llenando ventana
1545,12,VNS,trayectoria,118071.0,118071.0,False,False,,,7.199999999982538,,,,15,0,16,Llenando ventana
1546,12,VNS,trayectoria,118071.0,118071.0,False,False,,,7.199999999982538,,,,16,0,17,Llenando ventana
1547,12,VNS,trayectoria,118071.0,118071.0,False,False,,,7.199999999982538,,,,17,0,18,Llenando ventana
1548,12,VNS,trayectoria,118071.0,118071.0,False,False,,,7.199999999982538,,,,18,0,19,Llenando ventana
1549,13,ACO,poblacional,118071.0,101324.0,False,False,,,,,,,19,0,20,Llenando ventana
1550,13,ACO,poblacional,118071.0,105264.0,False,False,,,,,,,20,0,21,Llenando ventana
1551,13,ACO,poblacional,118071.0,104623.0,False,False,,,,,,,21,0,22,Llenando ventana
1552,13,ACO,poblacional,118071.0,104287.0,False,False,,,,,,,22,0,23,Llenando ventana
1553,13,ACO,poblacional,118071.0,106168.0,False,False,,,,,,,23,0,24,Llenando ventana
1554,13,ACO,poblacional,118071.0,107412.0,False,False,,,,,,,24,0,25,Llenando ventana
1555,13,ACO,poblacional,118071.0,106658.0,False,False,,,,,,,25,0,26,Llenando ventana
1556,13,ACO,poblacional,118071.0,106831.0,False,False,,,,,,,26,0,27,Llenando ventana
1557,13,ACO,poblacional,118071.0,107936.0,False,False,,,,,,,27,0,28,Llenando ventana
1558,13,ACO,poblacional,118071.0,107241.0,False,False,,,,,,,28,0,29,Llenando ventana
1559,13,ACO,poblacional,118071.0,108028.0,False,False,,,,,,,29,0,30,Llenando ventana
1560,13,ACO,poblacional,118071.0,109144.0,False,False,,,,,,,30,0,31,Llenando ventana
1561,13,ACO,poblacional,118071.0,108068.0,False,False,,,,,,,31,0,32,Llenando ventana
1562,13,ACO,poblacional,118071.0,112200.0,False,False,,,,,,,32,0,33,Llenando ventana
1563,13,ACO,poblacional,118071.0,109962.0,False,False,,,,,,,33,0,34,Llenando ventana
1564,13,ACO,poblacional,118071.0,111145.0,False,False,,,,,,,34,0,35,Llenando ventana
1565,13,ACO,poblacional,118071.0,111753.0,False,False,,,,,,,35,0,36,Llenando ventana
1566,13,ACO,poblacional,118071.0,110945.0,False,False,,,,,,,36,0,37,Llenando ventana
1567,13,ACO,poblacional,118071.0,111556.0,False,False,,,,,,,37,0,38,Llenando ventana
1568,13,ACO,poblacional,118071.0,111912.0,False,False,,,,,,,38,0,39,Llenando ventana
1569,13,ACO,poblacional,118071.0,112427.0,False,False,,,,,,,39,0,40,Llenando ventana
1570,13,ACO,poblacional,118071.0,112513.0,False,False,,,,,,,40,0,41,Llenando ventana
1571,13,ACO,poblacional,118071.0,113878.0,False,False,,,,,,,41,0,42,Llenando ventana
1572,13,ACO,poblacional,118071.0,112888.0,False,False,,,,,,,42,0,43,Llenando ventana
1573,13,ACO,poblacional,118071.0,113245.0,False,False,,,,,,,43,0,44,Llenando ventana
1574,13,ACO,poblacional,118071.0,113191.0,False,False,,,,,,,44,0,45,Llenando ventana
1575,13,ACO,poblacional,118071.0,113438.0,False,False,,,,,,,45,0,46,Llenando ventana
1576,13,ACO,poblacional,118071.0,113361.0,False,False,,,,,,,46,0,47,Llenando ventana
1577,13,ACO,poblacional,118071.0,112832.0,False,False,,,,,,,47,0,48,Llenando ventana
1578,13,ACO,poblacional,118071.0,113721.0,False,False,,,,,,,48,0,49,Llenando ventana
1579,13,ACO,poblacional,118071.0,114630.0,False,False,,,,,,,49,0,50,Llenando ventana
1580,13,ACO,poblacional,118071.0,113510.0,False,False,,,,,,,50,0,51,Llenando ventana
1581,13,ACO,poblacional,118071.0,113589.0,False,False,,,,,,,51,0,52,Llenando ventana
1582,13,ACO,poblacional,118071.0,112870.0,False,False,,,,,,,52,0,53,Llenando ventana
1583,13,ACO,poblacional,118071.0,113801.0,False,False,,,,,,,53,0,54,Llenando ventana
1584,13,ACO,poblacional,118071.0,113638.0,False,False,,,,,,,54,0,55,Llenando ventana
1585,13,ACO,poblacional,118071.0,112955.0,False,False,,,,,,,55,0,56,Llenando ventana
1586,13,ACO,poblacional,118071.0,114220.0,False,False,,,,,,,56,0,57,Llenando ventana
1587,13,ACO,poblacional,118071.0,113378.0,False,False,,,,,,,57,0,58,Llenando ventana
1588,13,ACO,poblacional,118071.0,113191.0,False,False,,,,,,,58,0,59,Llenando ventana
1589,13,ACO,poblacional,118071.0,113736.0,False,False,,,,,,,59,0,60,Llenando ventana
1590,13,ACO,poblacional,118071.0,113453.0,False,False,,,,,,,60,0,61,Llenando ventana
1591,13,ACO,poblacional,118071.0,113514.0,False,False,,,,,,,61,0,62,Llenando ventana
1592,13,ACO,poblacional,118071.0,112699.0,False,False,,,,,,,62,0,63,Llenando ventana
1593,13,ACO,poblacional,118071.0,113177.0,False,False,,,,,,,63,0,64,Llenando ventana
1594,13,ACO,poblacional,118071.0,113549.0,False,False,,,,,,,64,0,65,Llenando ventana
1595,13,ACO,poblacional,118071.0,114105.0,False,False,,,,,,,65,0,66,Llenando ventana
1596,13,ACO,poblacional,118071.0,113977.0,False,False,,,,,,,66,0,67,Llenando ventana
1597,13,ACO,poblacional,118071.0,113058.0,False,False,,,,,,,67,0,68,Llenando ventana
1598,13,ACO,poblacional,118071.0,113568.0,False,False,,,,,,,68,0,69,Llenando ventana
1599,13,ACO,poblacional,118071.0,113159.0,False,False,,,,,,,69,0,70,Llenando ventana
1600,13,ACO,poblacional,118071.0,114008.0,False,False,,,,,,,70,0,71,Llenando ventana
1601,13,ACO,poblacional,118071.0,114233.0,False,False,,,,,,,71,0,72,Llenando ventana
1602,13,ACO,poblacional,118071.0,114118.0,False,False,,,,,,,72,0,73,Llenando ventana
1603,13,ACO,poblacional,118071.0,113900.0,False,False,,,,,,,73,0,74,Llenando ventana
1604,13,ACO,poblacional,118071.0,113631.0,True,False,7.399999999994179,0.0,7.399999999994179,7.5,37.5,22.5,74,0,75,Explotacion activa
1605,13,ACO,poblacional,118071.0,113276.0,True,False,7.399999999994179,0.0,7.399999999994179,7.5,37.5,22.5,75,0,76,Explotacion activa
1606,13,ACO,poblacional,118071.0,113297.0,True,False,7.399999999994179,0.0,7.399999999994179,7.5,37.5,22.5,76,0,77,Explotacion activa
1607,13,ACO,poblacional,118071.0,114380.0,True,False,7.399999999994179,0.0,7.399999999994179,7.5,37.5,22.5,77,0,78,Explotacion activa
1608,13,ACO,poblacional,118071.0,113248.0,True,False,7.399999999994179,0.0,7.399999999994179,7.5,37.5,22.5,78,0,79,Explotacion activa
1609,13,ACO,poblacional,118071.0,112804.0,True,False,7.399999999994179,0.0,7.399999999994179,7.5,37.5,22.5,79,0,80,Explotacion activa
1610,13,ACO,poblacional,118071.0,113632.0,True,False,7.399999999994179,0.0,7.399999999994179,7.5,37.5,22.5,80,0,81,Explotacion activa
1611,13,ACO,poblacional,118071.0,113099.0,True,False,7.399999999994179,0.0,7.399999999994179,7.5,37.5,22.5,81,0,82,Explotacion activa
1612,13,ACO,poblacional,118071.0,113387.0,True,False,7.399999999994179,0.0,7.399999999994179,7.5,37.5,22.5,82,0,83,Explotacion activa
1613,13,ACO,poblacional,118071.0,112813.0,True,False,7.399999999994179,0.0,7.399999999994179,0.0,7.399999999994179,7.399999999994179,83,1,84,Explotacion activa
1614,13,ACO,poblacional,118071.0,113610.0,True,False,7.399999999994179,0.0,7.399999999994179,0.0,7.399999999994179,7.399999999994179,84,2,85,Explotacion activa
1615,13,ACO,poblacional,118071.0,112946.0,True,False,7.399999999994179,0.0,7.399999999994179,0.0,7.399999999994179,7.399999999994179,85,3,86,Explotacion activa
1616,13,ACO,poblacional,118071.0,114806.0,True,False,7.399999999994179,0.0,7.399999999994179,0.0,7.399999999994179,7.399999999994179,86,4,87,Explotacion activa
1617,13,ACO,poblacional,118071.0,113038.0,True,False,7.399999999994179,0.0,7.399999999994179,0.0,7.399999999994179,7.399999999994179,87,5,88,Explotacion activa
1618,13,ACO,poblacional,118071.0,113330.0,True,False,7.399999999994179,0.0,7.399999999994179,0.0,7.399999999994179,7.399999999994179,88,6,89,Explotacion activa
1619,13,ACO,poblacional,118071.0,113032.0,True,False,7.399999999994179,0.0,7.399999999994179,0.0,7.399999999994179,7.399999999994179,89,7,90,Explotacion activa
1620,13,ACO,poblacional,118071.0,113942.0,True,False,7.399999999994179,0.0,7.399999999994179,0.0,7.399999999994179,7.399999999994179,90,8,91,Explotacion activa
1621,13,ACO,poblacional,118071.0,114061.0,True,False,7.399999999994179,0.0,7.399999999994179,0.0,7.399999999994179,7.399999999994179,91,9,92,Explotacion activa
1622,13,ACO,poblacional,118071.0,112771.0,True,False,7.399999999994179,0.0,7.399999999994179,0.0,7.399999999994179,7.399999999994179,92,10,93,Explotacion activa
1623,13,ACO,poblacional,118071.0,112700.0,True,False,7.399999999994179,0.0,7.399999999994179,0.0,7.399999999994179,7.399999999994179,93,11,94,Explotacion activa
1624,13,ACO,poblacional,118071.0,113922.0,True,False,7.399999999994179,0.0,7.399999999994179,0.0,7.399999999994179,7.399999999994179,94,12,95,Explotacion activa
1625,13,ACO,poblacional,118071.0,113715.0,True,False,7.399999999994179,0.0,7.399999999994179,0.0,7.399999999994179,7.399999999994179,95,13,96,Explotacion activa
1626,13,ACO,poblacional,118071.0,112742.0,True,False,7.399999999994179,0.0,7.399999999994179,0.0,7.399999999994179,7.399999999994179,96,14,97,Explotacion activa
1627,13,ACO,poblacional,118071.0,113193.0,True,False,7.399999999994179,0.0,7.399999999994179,0.0,7.399999999994179,7.399999999994179,97,15,98,Explotacion activa
1628,13,ACO,poblacional,118071.0,113602.0,True,False,7.399999999994179,0.0,7.399999999994179,0.0,7.399999999994179,7.399999999994179,98,16,99,Explotacion activa
1629,13,ACO,poblacional,118071.0,112540.0,True,False,7.399999999994179,0.0,7.399999999994179,0.0,7.399999999994179,7.399999999994179,99,17,100,Explotacion activa
1630,13,ACO,poblacional,118071.0,112608.0,True,False,7.399999999994179,0.0,7.399999999994179,0.0,7.399999999994179,7.399999999994179,100,18,101,Explotacion activa
1631,13,ACO,poblacional,118071.0,112906.0,True,False,7.399999999994179,0.0,7.399999999994179,0.0,7.399999999994179,7.399999999994179,101,19,102,Explotacion activa
1632,13,ACO,poblacional,118071.0,112977.0,True,False,7.399999999994179,0.0,7.399999999994179,0.0,7.399999999994179,7.399999999994179,102,20,103,Explotacion activa
1633,13,ACO,poblacional,118071.0,112423.0,True,False,7.399999999994179,0.0,7.399999999994179,0.0,7.399999999994179,7.399999999994179,103,21,104,Explotacion activa
1634,13,ACO,poblacional,118071.0,112962.0,True,False,7.399999999994179,0.0,7.399999999994179,0.0,7.399999999994179,7.399999999994179,104,22,105,Explotacion activa
1635,13,ACO,poblacional,118071.0,113429.0,True,False,7.399999999994179,0.0,7.399999999994179,0.0,7.399999999994179,7.399999999994179,105,23,106,Explotacion activa
1636,13,ACO,poblacional,118071.0,113585.0,True,False,7.399999999994179,0.0,7.399999999994179,0.0,7.399999999994179,7.399999999994179,106,24,107,Explotacion activa
1637,13,ACO,poblacional,118071.0,112681.0,True,True,7.399999999994179,0.0,7.399999999994179,0.0,7.399999999994179,7.399999999994179,107,25,108,ESTANCAMIENTO (Fire)
1638,13,ACO,poblacional,118071.0,112748.0,False,False,,,7.399999999994179,,,,0,0,1,Llenando ventana
1639,13,ACO,poblacional,118071.0,112878.0,False,False,,,7.399999999994179,,,,1,0,2,Llenando ventana
1640,13,ACO,poblacional,118071.0,113397.0,False,False,,,7.399999999994179,,,,2,0,3,Llenando ventana
1641,13,ACO,poblacional,118071.0,112715.0,False,False,,,7.399999999994179,,,,3,0,4,Llenando ventana
1642,13,ACO,poblacional,118071.0,113552.0,False,False,,,7.399999999994179,,,,4,0,5,Llenando ventana
1643,13,ACO,poblacional,118071.0,112801.0,False,False,,,7.399999999994179,,,,5,0,6,Llenando ventana
1644,13,ACO,poblacional,118071.0,113590.0,False,False,,,7.399999999994179,,,,6,0,7,Llenando ventana
1645,13,ACO,poblacional,118071.0,112990.0,False,False,,,7.399999999994179,,,,7,0,8,Llenando ventana
1646,13,ACO,poblacional,118071.0,113096.0,False,False,,,7.399999999994179,,,,8,0,9,Llenando ventana
1647,13,ACO,poblacional,118071.0,114162.0,False,False,,,7.399999999994179,,,,9,0,10,Llenando ventana
1648,13,ACO,poblacional,118071.0,114780.0,False,False,,,7.399999999994179,,,,10,0,11,Llenando ventana
1649,13,ACO,poblacional,118071.0,113251.0,False,False,,,7.399999999994179,,,,11,0,12,Llenando ventana
1650,13,ACO,poblacional,118071.0,112273.0,False,False,,,7.399999999994179,,,,12,0,13,Llenando ventana
1651,13,ACO,poblacional,118071.0,113905.0,False,False,,,7.399999999994179,,,,13,0,14,Llenando ventana
1652,13,ACO,poblacional,118071.0,114554.0,False,False,,,7.399999999994179,,,,14,0,15,Llenando ventana
1653,13,ACO,poblacional,118071.0,113452.0,False,False,,,7.399999999994179,,,,15,0,16,Llenando ventana
1654,13,ACO,poblacional,118071.0,114083.0,False,False,,,7.399999999994179,,,,16,0,17,Llenando ventana
1655,13,ACO,poblacional,118071.0,113489.0,False,False,,,7.399999999994179,,,,17,0,18,Llenando ventana
1656,13,ACO,poblacional,118071.0,112402.0,False,False,,,7.399999999994179,,,,18,0,19,Llenando ventana
1657,14,VNS,trayectoria,118071.0,118071.0,False,False,,,,,,,19,0,20,Llenando ventana
1658,14,VNS,trayectoria,118071.0,118071.0,False,False,,,,,,,20,0,21,Llenando ventana
1659,14,VNS,trayectoria,118071.0,118071.0,False,False,,,,,,,21,0,22,Llenando ventana
1660,14,VNS,trayectoria,118071.0,118071.0,False,False,,,,,,,22,0,23,Llenando ventana
1661,14,VNS,trayectoria,118071.0,118071.0,False,False,,,,,,,23,0,24,Llenando ventana
1662,14,VNS,trayectoria,118071.0,118071.0,False,False,,,,,,,24,0,25,Llenando ventana
1663,14,VNS,trayectoria,118071.0,118071.0,False,False,,,,,,,25,0,26,Llenando ventana
1664,14,VNS,trayectoria,118071.0,118071.0,False,False,,,,,,,26,0,27,Llenando ventana
1665,14,VNS,trayectoria,118071.0,118071.0,False,False,,,,,,,27,0,28,Llenando ventana
1666,14,VNS,trayectoria,118071.0,118071.0,False,False,,,,,,,28,0,29,Llenando ventana
1667,14,VNS,trayectoria,118071.0,118071.0,False,False,,,,,,,29,0,30,Llenando ventana
1668,14,VNS,trayectoria,118071.0,118071.0,False,False,,,,,,,30,0,31,Llenando ventana
1669,14,VNS,trayectoria,118071.0,118071.0,False,False,,,,,,,31,0,32,Llenando ventana
1670,14,VNS,trayectoria,118071.0,118071.0,False,False,,,,,,,32,0,33,Llenando ventana
1671,14,VNS,trayectoria,118071.0,118071.0,False,False,,,,,,,33,0,34,Llenando ventana
1672,14,VNS,trayectoria,118071.0,118071.0,False,False,,,,,,,34,0,35,Llenando ventana
1673,14,VNS,trayectoria,118071.0,118071.0,False,False,,,,,,,35,0,36,Llenando ventana
1674,14,VNS,trayectoria,118071.0,118071.0,False,False,,,,,,,36,0,37,Llenando ventana
1675,14,VNS,trayectoria,118071.0,118071.0,False,False,,,,,,,37,0,38,Llenando ventana
1676,14,VNS,trayectoria,118071.0,118071.0,False,False,,,,,,,38,0,39,Llenando ventana
1677,14,VNS,trayectoria,118071.0,118071.0,False,False,,,,,,,39,0,40,Llenando ventana
1678,14,VNS,trayectoria,118071.0,118071.0,False,False,,,,,,,40,0,41,Llenando ventana
1679,14,VNS,trayectoria,118071.0,118071.0,False,False,,,,,,,41,0,42,Llenando ventana
1680,14,VNS,trayectoria,118071.0,118071.0,False,False,,,,,,,42,0,43,Llenando ventana
1681,14,VNS,trayectoria,118071.0,118071.0,False,False,,,,,,,43,0,44,Llenando ventana
1682,14,VNS,trayectoria,118071.0,118071.0,False,False,,,,,,,44,0,45,Llenando ventana
1683,14,VNS,trayectoria,118071.0,118071.0,False,False,,,,,,,45,0,46,Llenando ventana
1684,14,VNS,trayectoria,118071.0,118071.0,False,False,,,,,,,46,0,47,Llenando ventana
1685,14,VNS,trayectoria,118071.0,118071.0,False,False,,,,,,,47,0,48,Llenando ventana
1686,14,VNS,trayectoria,118071.0,118071.0,False,False,,,,,,,48,0,49,Llenando ventana
1687,14,VNS,trayectoria,118071.0,118071.0,False,False,,,,,,,49,0,50,Llenando ventana
1688,14,VNS,trayectoria,118071.0,118071.0,False,False,,,,,,,50,0,51,Llenando ventana
1689,14,VNS,trayectoria,118071.0,118071.0,False,False,,,,,,,51,0,52,Llenando ventana
1690,14,VNS,trayectoria,118071.0,118071.0,False,False,,,,,,,52,0,53,Llenando ventana
1691,14,VNS,trayectoria,118071.0,118071.0,False,False,,,,,,,53,0,54,Llenando ventana
1692,14,VNS,trayectoria,118071.0,118071.0,False,False,,,,,,,54,0,55,Llenando ventana
1693,14,VNS,trayectoria,118071.0,118071.0,False,False,,,,,,,55,0,56,Llenando ventana
1694,14,VNS,trayectoria,118071.0,118071.0,False,False,,,,,,,56,0,57,Llenando ventana
1695,14,VNS,trayectoria,118071.0,118071.0,False,False,,,,,,,57,0,58,Llenando ventana
1696,14,VNS,trayectoria,118071.0,118071.0,False,False,,,,,,,58,0,59,Llenando ventana
1697,14,VNS,trayectoria,118071.0,118071.0,False,False,,,,,,,59,0,60,Llenando ventana
1698,14,VNS,trayectoria,118071.0,118071.0,False,False,,,,,,,60,0,61,Llenando ventana
1699,14,VNS,trayectoria,118071.0,118071.0,False,False,,,,,,,61,0,62,Llenando ventana
1700,14,VNS,trayectoria,118071.0,118071.0,False,False,,,,,,,62,0,63,Llenando ventana
1701,14,VNS,trayectoria,118071.0,118071.0,False,False,,,,,,,63,0,64,Llenando ventana
1702,14,VNS,trayectoria,118071.0,118071.0,False,False,,,,,,,64,0,65,Llenando ventana
1703,14,VNS,trayectoria,118071.0,118071.0,False,False,,,,,,,65,0,66,Llenando ventana
1704,14,VNS,trayectoria,118071.0,118071.0,False,False,,,,,,,66,0,67,Llenando ventana
1705,14,VNS,trayectoria,118071.0,118071.0,False,False,,,,,,,67,0,68,Llenando ventana
1706,14,VNS,trayectoria,118071.0,118071.0,False,False,,,,,,,68,0,69,Llenando ventana
1707,14,VNS,trayectoria,118071.0,118071.0,False,False,,,,,,,69,0,70,Llenando ventana
1708,14,VNS,trayectoria,118071.0,118071.0,False,False,,,,,,,70,0,71,Llenando ventana
1709,14,VNS,trayectoria,118071.0,118071.0,False,False,,,,,,,71,0,72,Llenando ventana
1710,14,VNS,trayectoria,118071.0,118071.0,False,False,,,,,,,72,0,73,Llenando ventana
1711,14,VNS,trayectoria,118071.0,118071.0,False,False,,,,,,,73,0,74,Llenando ventana
1712,14,VNS,trayectoria,118071.0,118071.0,True,False,7.399999999994179,0.0,7.399999999994179,7.5,37.5,22.5,74,0,75,Explotacion activa
1713,14,VNS,trayectoria,118071.0,118071.0,True,False,7.399999999994179,0.0,7.399999999994179,7.5,37.5,22.5,75,0,76,Explotacion activa
1714,14,VNS,trayectoria,118071.0,118071.0,True,False,7.399999999994179,0.0,7.399999999994179,7.5,37.5,22.5,76,0,77,Explotacion activa
1715,14,VNS,trayectoria,118071.0,118071.0,True,False,7.399999999994179,0.0,7.399999999994179,7.5,37.5,22.5,77,0,78,Explotacion activa
1716,14,VNS,trayectoria,118071.0,118071.0,True,False,7.399999999994179,0.0,7.399999999994179,7.5,37.5,22.5,78,0,79,Explotacion activa
1717,14,VNS,trayectoria,118071.0,118071.0,True,False,7.399999999994179,0.0,7.399999999994179,7.5,37.5,22.5,79,0,80,Explotacion activa
1718,14,VNS,trayectoria,118071.0,118071.0,True,False,7.399999999994179,0.0,7.399999999994179,7.5,37.5,22.5,80,0,81,Explotacion activa
1719,14,VNS,trayectoria,118071.0,118071.0,True,False,7.399999999994179,0.0,7.399999999994179,7.5,37.5,22.5,81,0,82,Explotacion activa
1720,14,VNS,trayectoria,118071.0,118071.0,True,False,7.399999999994179,0.0,7.399999999994179,7.5,37.5,22.5,82,0,83,Explotacion activa
1721,14,VNS,trayectoria,118071.0,118071.0,True,False,7.399999999994179,0.0,7.399999999994179,0.0,7.399999999994179,7.399999999994179,83,1,84,Explotacion activa
1722,14,VNS,trayectoria,118071.0,118071.0,True,False,7.399999999994179,0.0,7.399999999994179,0.0,7.399999999994179,7.399999999994179,84,2,85,Explotacion activa
1723,14,VNS,trayectoria,118071.0,118071.0,True,False,7.399999999994179,0.0,7.399999999994179,0.0,7.399999999994179,7.399999999994179,85,3,86,Explotacion activa
1724,14,VNS,trayectoria,118071.0,118071.0,True,False,7.399999999994179,0.0,7.399999999994179,0.0,7.399999999994179,7.399999999994179,86,4,87,Explotacion activa
1725,14,VNS,trayectoria,118071.0,118071.0,True,False,7.399999999994179,0.0,7.399999999994179,0.0,7.399999999994179,7.399999999994179,87,5,88,Explotacion activa
1726,14,VNS,trayectoria,118071.0,118071.0,True,False,7.399999999994179,0.0,7.399999999994179,0.0,7.399999999994179,7.399999999994179,88,6,89,Explotacion activa
1727,14,VNS,trayectoria,118071.0,118071.0,True,False,7.399999999994179,0.0,7.399999999994179,0.0,7.399999999994179,7.399999999994179,89,7,90,Explotacion activa
1728,14,VNS,trayectoria,118071.0,118071.0,True,False,7.399999999994179,0.0,7.399999999994179,0.0,7.399999999994179,7.399999999994179,90,8,91,Explotacion activa
1729,14,VNS,trayectoria,118071.0,118071.0,True,False,7.399999999994179,0.0,7.399999999994179,0.0,7.399999999994179,7.399999999994179,91,9,92,Explotacion activa
1730,14,VNS,trayectoria,118071.0,118071.0,True,False,7.399999999994179,0.0,7.399999999994179,0.0,7.399999999994179,7.399999999994179,92,10,93,Explotacion activa
1731,14,VNS,trayectoria,118071.0,118071.0,True,False,7.399999999994179,0.0,7.399999999994179,0.0,7.399999999994179,7.399999999994179,93,11,94,Explotacion activa
1732,14,VNS,trayectoria,118071.0,118071.0,True,False,7.399999999994179,0.0,7.399999999994179,0.0,7.399999999994179,7.399999999994179,94,12,95,Explotacion activa
1733,14,VNS,trayectoria,118071.0,118071.0,True,False,7.399999999994179,0.0,7.399999999994179,0.0,7.399999999994179,7.399999999994179,95,13,96,Explotacion activa
1734,14,VNS,trayectoria,118071.0,118071.0,True,False,7.399999999994179,0.0,7.399999999994179,0.0,7.399999999994179,7.399999999994179,96,14,97,Explotacion activa
1735,14,VNS,trayectoria,118071.0,118071.0,True,False,7.399999999994179,0.0,7.399999999994179,0.0,7.399999999994179,7.399999999994179,97,15,98,Explotacion activa
1736,14,VNS,trayectoria,118071.0,118071.0,True,False,7.399999999994179,0.0,7.399999999994179,0.0,7.399999999994179,7.399999999994179,98,16,99,Explotacion activa
1737,14,VNS,trayectoria,118071.0,118071.0,True,False,7.399999999994179,0.0,7.399999999994179,0.0,7.399999999994179,7.399999999994179,99,17,100,Explotacion activa
1738,14,VNS,trayectoria,118071.0,118071.0,True,False,7.399999999994179,0.0,7.399999999994179,0.0,7.399999999994179,7.399999999994179,100,18,101,Explotacion activa
1739,14,VNS,trayectoria,118071.0,118071.0,True,False,7.399999999994179,0.0,7.399999999994179,0.0,7.399999999994179,7.399999999994179,101,19,102,Explotacion activa
1740,14,VNS,trayectoria,118071.0,118071.0,True,False,7.399999999994179,0.0,7.399999999994179,0.0,7.399999999994179,7.399999999994179,102,20,103,Explotacion activa
1741,14,VNS,trayectoria,118071.0,118071.0,True,False,7.399999999994179,0.0,7.399999999994179,0.0,7.399999999994179,7.399999999994179,103,21,104,Explotacion activa
1742,14,VNS,trayectoria,118071.0,118071.0,True,False,7.399999999994179,0.0,7.399999999994179,0.0,7.399999999994179,7.399999999994179,104,22,105,Explotacion activa
1743,14,VNS,trayectoria,118071.0,118071.0,True,False,7.399999999994179,0.0,7.399999999994179,0.0,7.399999999994179,7.399999999994179,105,23,106,Explotacion activa
1744,14,VNS,trayectoria,118071.0,118071.0,True,False,7.399999999994179,0.0,7.399999999994179,0.0,7.399999999994179,7.399999999994179,106,24,107,Explotacion activa
1745,14,VNS,trayectoria,118071.0,118071.0,True,True,7.399999999994179,0.0,7.399999999994179,0.0,7.399999999994179,7.399999999994179,107,25,108,ESTANCAMIENTO (Fire)
1746,14,VNS,trayectoria,118071.0,118071.0,False,False,,,7.399999999994179,,,,0,0,1,Llenando ventana
1747,14,VNS,trayectoria,118071.0,118071.0,False,False,,,7.399999999994179,,,,1,0,2,Llenando ventana
1748,14,VNS,trayectoria,118071.0,118071.0,False,False,,,7.399999999994179,,,,2,0,3,Llenando ventana
1749,14,VNS,trayectoria,118071.0,118071.0,False,False,,,7.399999999994179,,,,3,0,4,Llenando ventana
1750,14,VNS,trayectoria,118071.0,118071.0,False,False,,,7.399999999994179,,,,4,0,5,Llenando ventana
1751,14,VNS,trayectoria,118071.0,118071.0,False,False,,,7.399999999994179,,,,5,0,6,Llenando ventana
1752,14,VNS,trayectoria,118071.0,118071.0,False,False,,,7.399999999994179,,,,6,0,7,Llenando ventana
1753,14,VNS,trayectoria,118071.0,118071.0,False,False,,,7.399999999994179,,,,7,0,8,Llenando ventana
1754,14,VNS,trayectoria,118071.0,118071.0,False,False,,,7.399999999994179,,,,8,0,9,Llenando ventana
1755,14,VNS,trayectoria,118071.0,118071.0,False,False,,,7.399999999994179,,,,9,0,10,Llenando ventana
1756,14,VNS,trayectoria,118071.0,118071.0,False,False,,,7.399999999994179,,,,10,0,11,Llenando ventana
1757,14,VNS,trayectoria,118071.0,118071.0,False,False,,,7.399999999994179,,,,11,0,12,Llenando ventana
1758,14,VNS,trayectoria,118071.0,118071.0,False,False,,,7.399999999994179,,,,12,0,13,Llenando ventana
1759,14,VNS,trayectoria,118071.0,118071.0,False,False,,,7.399999999994179,,,,13,0,14,Llenando ventana
1760,14,VNS,trayectoria,118071.0,118071.0,False,False,,,7.399999999994179,,,,14,0,15,Llenando ventana
1761,14,VNS,trayectoria,118071.0,118071.0,False,False,,,7.399999999994179,,,,15,0,16,Llenando ventana
1762,14,VNS,trayectoria,118071.0,118071.0,False,False,,,7.399999999994179,,,,16,0,17,Llenando ventana
1763,14,VNS,trayectoria,118071.0,118071.0,False,False,,,7.399999999994179,,,,17,0,18,Llenando ventana
1764,14,VNS,trayectoria,118071.0,118071.0,False,False,,,7.399999999994179,,,,18,0,19,Llenando ventana
1765,15,GA,poblacional,118071.0,118071.0,False,False,,,,,,,19,0,20,Llenando ventana
1766,15,GA,poblacional,118071.0,118071.0,False,False,,,,,,,20,0,21,Llenando ventana
1767,15,GA,poblacional,118071.0,118071.0,False,False,,,,,,,21,0,22,Llenando ventana
1768,15,GA,poblacional,118071.0,118071.0,False,False,,,,,,,22,0,23,Llenando ventana
1769,15,GA,poblacional,118071.0,118071.0,False,False,,,,,,,23,0,24,Llenando ventana
1770,15,GA,poblacional,118071.0,118071.0,False,False,,,,,,,24,0,25,Llenando ventana
1771,15,GA,poblacional,118071.0,118071.0,False,False,,,,,,,25,0,26,Llenando ventana
1772,15,GA,poblacional,118071.0,118071.0,False,False,,,,,,,26,0,27,Llenando ventana
1773,15,GA,poblacional,118071.0,118071.0,False,False,,,,,,,27,0,28,Llenando ventana
1774,15,GA,poblacional,118071.0,118071.0,False,False,,,,,,,28,0,29,Llenando ventana
1775,15,GA,poblacional,118071.0,118071.0,False,False,,,,,,,29,0,30,Llenando ventana
1776,15,GA,poblacional,118071.0,118071.0,False,False,,,,,,,30,0,31,Llenando ventana
1777,15,GA,poblacional,118071.0,118071.0,False,False,,,,,,,31,0,32,Llenando ventana
1778,15,GA,poblacional,118071.0,118071.0,False,False,,,,,,,32,0,33,Llenando ventana
1779,15,GA,poblacional,118071.0,118071.0,False,False,,,,,,,33,0,34,Llenando ventana
1780,15,GA,poblacional,118071.0,118071.0,False,False,,,,,,,34,0,35,Llenando ventana
1781,15,GA,poblacional,118071.0,118071.0,False,False,,,,,,,35,0,36,Llenando ventana
1782,15,GA,poblacional,118071.0,118071.0,False,False,,,,,,,36,0,37,Llenando ventana
1783,15,GA,poblacional,118071.0,118071.0,False,False,,,,,,,37,0,38,Llenando ventana
1784,15,GA,poblacional,118071.0,118071.0,False,False,,,,,,,38,0,39,Llenando ventana
1785,15,GA,poblacional,118071.0,118071.0,False,False,,,,,,,39,0,40,Llenando ventana
1786,15,GA,poblacional,118071.0,118071.0,False,False,,,,,,,40,0,41,Llenando ventana
1787,15,GA,poblacional,118071.0,118071.0,False,False,,,,,,,41,0,42,Llenando ventana
1788,15,GA,poblacional,118071.0,118071.0,False,False,,,,,,,42,0,43,Llenando ventana
1789,15,GA,poblacional,118071.0,118071.0,False,False,,,,,,,43,0,44,Llenando ventana
1790,15,GA,poblacional,118071.0,118071.0,False,False,,,,,,,44,0,45,Llenando ventana
1791,15,GA,poblacional,118071.0,118071.0,False,False,,,,,,,45,0,46,Llenando ventana
1792,15,GA,poblacional,118071.0,118071.0,False,False,,,,,,,46,0,47,Llenando ventana
1793,15,GA,poblacional,118071.0,118071.0,False,False,,,,,,,47,0,48,Llenando ventana
1794,15,GA,poblacional,118071.0,118071.0,False,False,,,,,,,48,0,49,Llenando ventana
1795,15,GA,poblacional,118071.0,118071.0,False,False,,,,,,,49,0,50,Llenando ventana
1796,15,GA,poblacional,118071.0,118071.0,False,False,,,,,,,50,0,51,Llenando ventana
1797,15,GA,poblacional,118071.0,118071.0,False,False,,,,,,,51,0,52,Llenando ventana
1798,15,GA,poblacional,118071.0,118071.0,False,False,,,,,,,52,0,53,Llenando ventana
1799,15,GA,poblacional,118071.0,118071.0,False,False,,,,,,,53,0,54,Llenando ventana
1800,15,GA,poblacional,118071.0,118071.0,False,False,,,,,,,54,0,55,Llenando ventana
1801,15,GA,poblacional,118071.0,118071.0,False,False,,,,,,,55,0,56,Llenando ventana
1802,15,GA,poblacional,118071.0,118071.0,False,False,,,,,,,56,0,57,Llenando ventana
1803,15,GA,poblacional,118071.0,118071.0,False,False,,,,,,,57,0,58,Llenando ventana
1804,15,GA,poblacional,118071.0,118071.0,False,False,,,,,,,58,0,59,Llenando ventana
1805,15,GA,poblacional,118071.0,118071.0,False,False,,,,,,,59,0,60,Llenando ventana
1806,15,GA,poblacional,118071.0,118071.0,False,False,,,,,,,60,0,61,Llenando ventana
1807,15,GA,poblacional,118071.0,118071.0,False,False,,,,,,,61,0,62,Llenando ventana
1808,15,GA,poblacional,118071.0,118071.0,False,False,,,,,,,62,0,63,Llenando ventana
1809,15,GA,poblacional,118071.0,118071.0,False,False,,,,,,,63,0,64,Llenando ventana
1810,15,GA,poblacional,118071.0,118071.0,False,False,,,,,,,64,0,65,Llenando ventana
1811,15,GA,poblacional,118071.0,118071.0,False,False,,,,,,,65,0,66,Llenando ventana
1812,15,GA,poblacional,118071.0,118071.0,False,False,,,,,,,66,0,67,Llenando ventana
1813,15,GA,poblacional,118071.0,118071.0,False,False,,,,,,,67,0,68,Llenando ventana
1814,15,GA,poblacional,118071.0,118071.0,False,False,,,,,,,68,0,69,Llenando ventana
1815,15,GA,poblacional,118071.0,118071.0,False,False,,,,,,,69,0,70,Llenando ventana
1816,15,GA,poblacional,118071.0,118071.0,False,False,,,,,,,70,0,71,Llenando ventana
1817,15,GA,poblacional,118071.0,118071.0,False,False,,,,,,,71,0,72,Llenando ventana
1818,15,GA,poblacional,118071.0,118071.0,False,False,,,,,,,72,0,73,Llenando ventana
1819,15,GA,poblacional,118071.0,118071.0,False,False,,,,,,,73,0,74,Llenando ventana
1820,15,GA,poblacional,118071.0,118071.0,True,False,7.399999999994179,0.0,7.399999999994179,7.5,37.5,22.5,74,0,75,Explotacion activa
1821,15,GA,poblacional,118071.0,118071.0,True,False,7.399999999994179,0.0,7.399999999994179,7.5,37.5,22.5,75,0,76,Explotacion activa
1822,15,GA,poblacional,118071.0,118071.0,True,False,7.399999999994179,0.0,7.399999999994179,7.5,37.5,22.5,76,0,77,Explotacion activa
1823,15,GA,poblacional,118071.0,118071.0,True,False,7.399999999994179,0.0,7.399999999994179,7.5,37.5,22.5,77,0,78,Explotacion activa
1824,15,GA,poblacional,118071.0,118071.0,True,False,7.399999999994179,0.0,7.399999999994179,7.5,37.5,22.5,78,0,79,Explotacion activa
1825,15,GA,poblacional,118071.0,118071.0,True,False,7.399999999994179,0.0,7.399999999994179,7.5,37.5,22.5,79,0,80,Explotacion activa
1826,15,GA,poblacional,118071.0,118071.0,True,False,7.399999999994179,0.0,7.399999999994179,7.5,37.5,22.5,80,0,81,Explotacion activa
1827,15,GA,poblacional,118071.0,118071.0,True,False,7.399999999994179,0.0,7.399999999994179,7.5,37.5,22.5,81,0,82,Explotacion activa
1828,15,GA,poblacional,118071.0,118071.0,True,False,7.399999999994179,0.0,7.399999999994179,7.5,37.5,22.5,82,0,83,Explotacion activa
1829,15,GA,poblacional,118071.0,118071.0,True,False,7.399999999994179,0.0,7.399999999994179,0.0,7.399999999994179,7.399999999994179,83,1,84,Explotacion activa
1830,15,GA,poblacional,118071.0,118071.0,True,False,7.399999999994179,0.0,7.399999999994179,0.0,7.399999999994179,7.399999999994179,84,2,85,Explotacion activa
1831,15,GA,poblacional,118071.0,118071.0,True,False,7.399999999994179,0.0,7.399999999994179,0.0,7.399999999994179,7.399999999994179,85,3,86,Explotacion activa
1832,15,GA,poblacional,118071.0,118071.0,True,False,7.399999999994179,0.0,7.399999999994179,0.0,7.399999999994179,7.399999999994179,86,4,87,Explotacion activa
1833,15,GA,poblacional,118071.0,118071.0,True,False,7.399999999994179,0.0,7.399999999994179,0.0,7.399999999994179,7.399999999994179,87,5,88,Explotacion activa
1834,15,GA,poblacional,118071.0,118071.0,True,False,7.399999999994179,0.0,7.399999999994179,0.0,7.399999999994179,7.399999999994179,88,6,89,Explotacion activa
1835,15,GA,poblacional,118071.0,118071.0,True,False,7.399999999994179,0.0,7.399999999994179,0.0,7.399999999994179,7.399999999994179,89,7,90,Explotacion activa
1836,15,GA,poblacional,118071.0,118071.0,True,False,7.399999999994179,0.0,7.399999999994179,0.0,7.399999999994179,7.399999999994179,90,8,91,Explotacion activa
1837,15,GA,poblacional,118071.0,118071.0,True,False,7.399999999994179,0.0,7.399999999994179,0.0,7.399999999994179,7.399999999994179,91,9,92,Explotacion activa
1838,15,GA,poblacional,118071.0,118071.0,True,False,7.399999999994179,0.0,7.399999999994179,0.0,7.399999999994179,7.399999999994179,92,10,93,Explotacion activa
1839,15,GA,poblacional,118071.0,118071.0,True,False,7.399999999994179,0.0,7.399999999994179,0.0,7.399999999994179,7.399999999994179,93,11,94,Explotacion activa
1840,15,GA,poblacional,118071.0,118071.0,True,False,7.399999999994179,0.0,7.399999999994179,0.0,7.399999999994179,7.399999999994179,94,12,95,Explotacion activa
1841,15,GA,poblacional,118071.0,118071.0,True,False,7.399999999994179,0.0,7.399999999994179,0.0,7.399999999994179,7.399999999994179,95,13,96,Explotacion activa
1842,15,GA,poblacional,118071.0,118071.0,True,False,7.399999999994179,0.0,7.399999999994179,0.0,7.399999999994179,7.399999999994179,96,14,97,Explotacion activa
1843,15,GA,poblacional,118071.0,118071.0,True,False,7.399999999994179,0.0,7.399999999994179,0.0,7.399999999994179,7.399999999994179,97,15,98,Explotacion activa
1844,15,GA,poblacional,118071.0,118071.0,True,False,7.399999999994179,0.0,7.399999999994179,0.0,7.399999999994179,7.399999999994179,98,16,99,Explotacion activa
1845,15,GA,poblacional,118071.0,118071.0,True,False,7.399999999994179,0.0,7.399999999994179,0.0,7.399999999994179,7.399999999994179,99,17,100,Explotacion activa
1846,15,GA,poblacional,118071.0,118071.0,True,False,7.399999999994179,0.0,7.399999999994179,0.0,7.399999999994179,7.399999999994179,100,18,101,Explotacion activa
1847,15,GA,poblacional,118071.0,118071.0,True,False,7.399999999994179,0.0,7.399999999994179,0.0,7.399999999994179,7.399999999994179,101,19,102,Explotacion activa
1848,15,GA,poblacional,118071.0,118071.0,True,False,7.399999999994179,0.0,7.399999999994179,0.0,7.399999999994179,7.399999999994179,102,20,103,Explotacion activa
1849,15,GA,poblacional,118071.0,118071.0,True,False,7.399999999994179,0.0,7.399999999994179,0.0,7.399999999994179,7.399999999994179,103,21,104,Explotacion activa
1850,15,GA,poblacional,118071.0,118071.0,True,False,7.399999999994179,0.0,7.399999999994179,0.0,7.399999999994179,7.399999999994179,104,22,105,Explotacion activa
1851,15,GA,poblacional,118071.0,118071.0,True,False,7.399999999994179,0.0,7.399999999994179,0.0,7.399999999994179,7.399999999994179,105,23,106,Explotacion activa
1852,15,GA,poblacional,118071.0,118071.0,True,False,7.399999999994179,0.0,7.399999999994179,0.0,7.399999999994179,7.399999999994179,106,24,107,Explotacion activa
1853,15,GA,poblacional,118071.0,118071.0,True,True,7.399999999994179,0.0,7.399999999994179,0.0,7.399999999994179,7.399999999994179,107,25,108,ESTANCAMIENTO (Fire)
1854,15,GA,poblacional,118071.0,118071.0,False,False,,,7.399999999994179,,,,0,0,1,Llenando ventana
1855,15,GA,poblacional,118071.0,118071.0,False,False,,,7.399999999994179,,,,1,0,2,Llenando ventana
1856,15,GA,poblacional,118071.0,118071.0,False,False,,,7.399999999994179,,,,2,0,3,Llenando ventana
1857,15,GA,poblacional,118071.0,118071.0,False,False,,,7.399999999994179,,,,3,0,4,Llenando ventana
1858,15,GA,poblacional,118071.0,118071.0,False,False,,,7.399999999994179,,,,4,0,5,Llenando ventana
1859,15,GA,poblacional,118071.0,118071.0,False,False,,,7.399999999994179,,,,5,0,6,Llenando ventana
1860,15,GA,poblacional,118071.0,118071.0,False,False,,,7.399999999994179,,,,6,0,7,Llenando ventana
1861,15,GA,poblacional,118071.0,118071.0,False,False,,,7.399999999994179,,,,7,0,8,Llenando ventana
1862,15,GA,poblacional,118071.0,118071.0,False,False,,,7.399999999994179,,,,8,0,9,Llenando ventana
1863,15,GA,poblacional,118071.0,118071.0,False,False,,,7.399999999994179,,,,9,0,10,Llenando ventana
1864,15,GA,poblacional,118071.0,118071.0,False,False,,,7.399999999994179,,,,10,0,11,Llenando ventana
1865,15,GA,poblacional,118071.0,118071.0,False,False,,,7.399999999994179,,,,11,0,12,Llenando ventana
1866,15,GA,poblacional,118071.0,118071.0,False,False,,,7.399999999994179,,,,12,0,13,Llenando ventana
1867,15,GA,poblacional,118071.0,118071.0,False,False,,,7.399999999994179,,,,13,0,14,Llenando ventana
1868,15,GA,poblacional,118071.0,118071.0,False,False,,,7.399999999994179,,,,14,0,15,Llenando ventana
1869,15,GA,poblacional,118071.0,118071.0,False,False,,,7.399999999994179,,,,15,0,16,Llenando ventana
1870,15,GA,poblacional,118071.0,118071.0,False,False,,,7.399999999994179,,,,16,0,17,Llenando ventana
1871,15,GA,poblacional,118071.0,118071.0,False,False,,,7.399999999994179,,,,17,0,18,Llenando ventana
1872,15,GA,poblacional,118071.0,118071.0,False,False,,,7.399999999994179,,,,18,0,19,Llenando ventana
1873,16,VNS,trayectoria,118071.0,118071.0,False,False,,,,,,,19,0,20,Llenando ventana
1874,16,VNS,trayectoria,118071.0,118071.0,False,False,,,,,,,20,0,21,Llenando ventana
1875,16,VNS,trayectoria,118071.0,118071.0,False,False,,,,,,,21,0,22,Llenando ventana
1876,16,VNS,trayectoria,118071.0,118071.0,False,False,,,,,,,22,0,23,Llenando ventana
1877,16,VNS,trayectoria,118071.0,118071.0,False,False,,,,,,,23,0,24,Llenando ventana
1878,16,VNS,trayectoria,118071.0,118071.0,False,False,,,,,,,24,0,25,Llenando ventana
1879,16,VNS,trayectoria,118071.0,118071.0,False,False,,,,,,,25,0,26,Llenando ventana
1880,16,VNS,trayectoria,118071.0,118071.0,False,False,,,,,,,26,0,27,Llenando ventana
1881,16,VNS,trayectoria,118071.0,118071.0,False,False,,,,,,,27,0,28,Llenando ventana
1882,16,VNS,trayectoria,118071.0,118071.0,False,False,,,,,,,28,0,29,Llenando ventana
1883,16,VNS,trayectoria,118071.0,118071.0,False,False,,,,,,,29,0,30,Llenando ventana
1884,16,VNS,trayectoria,118071.0,118071.0,False,False,,,,,,,30,0,31,Llenando ventana
1885,16,VNS,trayectoria,118071.0,118071.0,False,False,,,,,,,31,0,32,Llenando ventana
1886,16,VNS,trayectoria,118071.0,118071.0,False,False,,,,,,,32,0,33,Llenando ventana
1887,16,VNS,trayectoria,118071.0,118071.0,False,False,,,,,,,33,0,34,Llenando ventana
1888,16,VNS,trayectoria,118071.0,118071.0,False,False,,,,,,,34,0,35,Llenando ventana
1889,16,VNS,trayectoria,118071.0,118071.0,False,False,,,,,,,35,0,36,Llenando ventana
1890,16,VNS,trayectoria,118071.0,118071.0,False,False,,,,,,,36,0,37,Llenando ventana
1891,16,VNS,trayectoria,118071.0,118071.0,False,False,,,,,,,37,0,38,Llenando ventana
1892,16,VNS,trayectoria,118071.0,118071.0,False,False,,,,,,,38,0,39,Llenando ventana
1893,16,VNS,trayectoria,118071.0,118071.0,False,False,,,,,,,39,0,40,Llenando ventana
1894,16,VNS,trayectoria,118071.0,118071.0,False,False,,,,,,,40,0,41,Llenando ventana
1895,16,VNS,trayectoria,118071.0,118071.0,False,False,,,,,,,41,0,42,Llenando ventana
1896,16,VNS,trayectoria,118071.0,118071.0,False,False,,,,,,,42,0,43,Llenando ventana
1897,16,VNS,trayectoria,118071.0,118071.0,False,False,,,,,,,43,0,44,Llenando ventana
1898,16,VNS,trayectoria,118071.0,118071.0,False,False,,,,,,,44,0,45,Llenando ventana
1899,16,VNS,trayectoria,118071.0,118071.0,False,False,,,,,,,45,0,46,Llenando ventana
1900,16,VNS,trayectoria,118071.0,118071.0,False,False,,,,,,,46,0,47,Llenando ventana
1901,16,VNS,trayectoria,118071.0,118071.0,False,False,,,,,,,47,0,48,Llenando ventana
1902,16,VNS,trayectoria,118071.0,118071.0,False,False,,,,,,,48,0,49,Llenando ventana
1903,16,VNS,trayectoria,118071.0,118071.0,False,False,,,,,,,49,0,50,Llenando ventana
1904,16,VNS,trayectoria,118071.0,118071.0,False,False,,,,,,,50,0,51,Llenando ventana
1905,16,VNS,trayectoria,118071.0,118071.0,False,False,,,,,,,51,0,52,Llenando ventana
1906,16,VNS,trayectoria,118071.0,118071.0,False,False,,,,,,,52,0,53,Llenando ventana
1907,16,VNS,trayectoria,118071.0,118071.0,False,False,,,,,,,53,0,54,Llenando ventana
1908,16,VNS,trayectoria,118071.0,118071.0,False,False,,,,,,,54,0,55,Llenando ventana
1909,16,VNS,trayectoria,118071.0,118071.0,False,False,,,,,,,55,0,56,Llenando ventana
1910,16,VNS,trayectoria,118071.0,118071.0,False,False,,,,,,,56,0,57,Llenando ventana
1911,16,VNS,trayectoria,118071.0,118071.0,False,False,,,,,,,57,0,58,Llenando ventana
1912,16,VNS,trayectoria,118071.0,118071.0,False,False,,,,,,,58,0,59,Llenando ventana
1913,16,VNS,trayectoria,118071.0,118071.0,False,False,,,,,,,59,0,60,Llenando ventana
1914,16,VNS,trayectoria,118071.0,118071.0,False,False,,,,,,,60,0,61,Llenando ventana
1915,16,VNS,trayectoria,118071.0,118071.0,False,False,,,,,,,61,0,62,Llenando ventana
1916,16,VNS,trayectoria,118071.0,118071.0,False,False,,,,,,,62,0,63,Llenando ventana
1917,16,VNS,trayectoria,118071.0,118071.0,False,False,,,,,,,63,0,64,Llenando ventana
1918,16,VNS,trayectoria,118071.0,118071.0,False,False,,,,,,,64,0,65,Llenando ventana
1919,16,VNS,trayectoria,118071.0,118071.0,False,False,,,,,,,65,0,66,Llenando ventana
1920,16,VNS,trayectoria,118071.0,118071.0,False,False,,,,,,,66,0,67,Llenando ventana
1921,16,VNS,trayectoria,118071.0,118071.0,False,False,,,,,,,67,0,68,Llenando ventana
1922,16,VNS,trayectoria,118071.0,118071.0,False,False,,,,,,,68,0,69,Llenando ventana
1923,16,VNS,trayectoria,118071.0,118071.0,False,False,,,,,,,69,0,70,Llenando ventana
1924,16,VNS,trayectoria,118071.0,118071.0,False,False,,,,,,,70,0,71,Llenando ventana
1925,16,VNS,trayectoria,118071.0,118071.0,False,False,,,,,,,71,0,72,Llenando ventana
1926,16,VNS,trayectoria,118071.0,118071.0,False,False,,,,,,,72,0,73,Llenando ventana
1927,16,VNS,trayectoria,118071.0,118071.0,False,False,,,,,,,73,0,74,Llenando ventana
1928,16,VNS,trayectoria,118071.0,118071.0,True,False,7.399999999994179,0.0,7.399999999994179,7.5,37.5,22.5,74,0,75,Explotacion activa
1929,16,VNS,trayectoria,118071.0,118071.0,True,False,7.399999999994179,0.0,7.399999999994179,7.5,37.5,22.5,75,0,76,Explotacion activa
1930,16,VNS,trayectoria,118071.0,118071.0,True,False,7.399999999994179,0.0,7.399999999994179,7.5,37.5,22.5,76,0,77,Explotacion activa
1931,16,VNS,trayectoria,118071.0,118071.0,True,False,7.399999999994179,0.0,7.399999999994179,7.5,37.5,22.5,77,0,78,Explotacion activa
1932,16,VNS,trayectoria,118071.0,118071.0,True,False,7.399999999994179,0.0,7.399999999994179,7.5,37.5,22.5,78,0,79,Explotacion activa
1933,16,VNS,trayectoria,118071.0,118071.0,True,False,7.399999999994179,0.0,7.399999999994179,7.5,37.5,22.5,79,0,80,Explotacion activa
1934,16,VNS,trayectoria,118071.0,118071.0,True,False,7.399999999994179,0.0,7.399999999994179,7.5,37.5,22.5,80,0,81,Explotacion activa
1935,16,VNS,trayectoria,118071.0,118071.0,True,False,7.399999999994179,0.0,7.399999999994179,7.5,37.5,22.5,81,0,82,Explotacion activa
1936,16,VNS,trayectoria,118071.0,118071.0,True,False,7.399999999994179,0.0,7.399999999994179,7.5,37.5,22.5,82,0,83,Explotacion activa
1937,16,VNS,trayectoria,118071.0,118071.0,True,False,7.399999999994179,0.0,7.399999999994179,0.0,7.399999999994179,7.399999999994179,83,1,84,Explotacion activa
1938,16,VNS,trayectoria,118071.0,118071.0,True,False,7.399999999994179,0.0,7.399999999994179,0.0,7.399999999994179,7.399999999994179,84,2,85,Explotacion activa
1939,16,VNS,trayectoria,118071.0,118071.0,True,False,7.399999999994179,0.0,7.399999999994179,0.0,7.399999999994179,7.399999999994179,85,3,86,Explotacion activa
1940,16,VNS,trayectoria,118071.0,118071.0,True,False,7.399999999994179,0.0,7.399999999994179,0.0,7.399999999994179,7.399999999994179,86,4,87,Explotacion activa
1941,16,VNS,trayectoria,118071.0,118071.0,True,False,7.399999999994179,0.0,7.399999999994179,0.0,7.399999999994179,7.399999999994179,87,5,88,Explotacion activa
1942,16,VNS,trayectoria,118071.0,118071.0,True,False,7.399999999994179,0.0,7.399999999994179,0.0,7.399999999994179,7.399999999994179,88,6,89,Explotacion activa
1943,16,VNS,trayectoria,118071.0,118071.0,True,False,7.399999999994179,0.0,7.399999999994179,0.0,7.399999999994179,7.399999999994179,89,7,90,Explotacion activa
1944,16,VNS,trayectoria,118071.0,118071.0,True,False,7.399999999994179,0.0,7.399999999994179,0.0,7.399999999994179,7.399999999994179,90,8,91,Explotacion activa
1945,16,VNS,trayectoria,118071.0,118071.0,True,False,7.399999999994179,0.0,7.399999999994179,0.0,7.399999999994179,7.399999999994179,91,9,92,Explotacion activa
1946,16,VNS,trayectoria,118071.0,118071.0,True,False,7.399999999994179,0.0,7.399999999994179,0.0,7.399999999994179,7.399999999994179,92,10,93,Explotacion activa
1947,16,VNS,trayectoria,118071.0,118071.0,True,False,7.399999999994179,0.0,7.399999999994179,0.0,7.399999999994179,7.399999999994179,93,11,94,Explotacion activa
1948,16,VNS,trayectoria,118071.0,118071.0,True,False,7.399999999994179,0.0,7.399999999994179,0.0,7.399999999994179,7.399999999994179,94,12,95,Explotacion activa
1949,16,VNS,trayectoria,118071.0,118071.0,True,False,7.399999999994179,0.0,7.399999999994179,0.0,7.399999999994179,7.399999999994179,95,13,96,Explotacion activa
1950,16,VNS,trayectoria,118071.0,118071.0,True,False,7.399999999994179,0.0,7.399999999994179,0.0,7.399999999994179,7.399999999994179,96,14,97,Explotacion activa
1951,16,VNS,trayectoria,118071.0,118071.0,True,False,7.399999999994179,0.0,7.399999999994179,0.0,7.399999999994179,7.399999999994179,97,15,98,Explotacion activa
1952,16,VNS,trayectoria,118071.0,118071.0,True,False,7.399999999994179,0.0,7.399999999994179,0.0,7.399999999994179,7.399999999994179,98,16,99,Explotacion activa
1953,16,VNS,trayectoria,118071.0,118071.0,True,False,7.399999999994179,0.0,7.399999999994179,0.0,7.399999999994179,7.399999999994179,99,17,100,Explotacion activa
1954,16,VNS,trayectoria,118071.0,118071.0,True,False,7.399999999994179,0.0,7.399999999994179,0.0,7.399999999994179,7.399999999994179,100,18,101,Explotacion activa
1955,16,VNS,trayectoria,118071.0,118071.0,True,False,7.399999999994179,0.0,7.399999999994179,0.0,7.399999999994179,7.399999999994179,101,19,102,Explotacion activa
1956,16,VNS,trayectoria,118071.0,118071.0,True,False,7.399999999994179,0.0,7.399999999994179,0.0,7.399999999994179,7.399999999994179,102,20,103,Explotacion activa
1957,16,VNS,trayectoria,118071.0,118071.0,True,False,7.399999999994179,0.0,7.399999999994179,0.0,7.399999999994179,7.399999999994179,103,21,104,Explotacion activa
1958,16,VNS,trayectoria,118071.0,118071.0,True,False,7.399999999994179,0.0,7.399999999994179,0.0,7.399999999994179,7.399999999994179,104,22,105,Explotacion activa
1959,16,VNS,trayectoria,118071.0,118071.0,True,False,7.399999999994179,0.0,7.399999999994179,0.0,7.399999999994179,7.399999999994179,105,23,106,Explotacion activa
1960,16,VNS,trayectoria,118071.0,118071.0,True,False,7.399999999994179,0.0,7.399999999994179,0.0,7.399999999994179,7.399999999994179,106,24,107,Explotacion activa
1961,16,VNS,trayectoria,118071.0,118071.0,True,True,7.399999999994179,0.0,7.399999999994179,0.0,7.399999999994179,7.399999999994179,107,25,108,ESTANCAMIENTO (Fire)
1962,16,VNS,trayectoria,118071.0,118071.0,False,False,,,7.399999999994179,,,,0,0,1,Llenando ventana
1963,16,VNS,trayectoria,118071.0,118071.0,False,False,,,7.399999999994179,,,,1,0,2,Llenando ventana
1964,16,VNS,trayectoria,118071.0,118071.0,False,False,,,7.399999999994179,,,,2,0,3,Llenando ventana
1965,16,VNS,trayectoria,118071.0,118071.0,False,False,,,7.399999999994179,,,,3,0,4,Llenando ventana
1966,16,VNS,trayectoria,118071.0,118071.0,False,False,,,7.399999999994179,,,,4,0,5,Llenando ventana
1967,16,VNS,trayectoria,118071.0,118071.0,False,False,,,7.399999999994179,,,,5,0,6,Llenando ventana
1968,16,VNS,trayectoria,118071.0,118071.0,False,False,,,7.399999999994179,,,,6,0,7,Llenando ventana
1969,16,VNS,trayectoria,118071.0,118071.0,False,False,,,7.399999999994179,,,,7,0,8,Llenando ventana
1970,16,VNS,trayectoria,118071.0,118071.0,False,False,,,7.399999999994179,,,,8,0,9,Llenando ventana
1971,16,VNS,trayectoria,118071.0,118071.0,False,False,,,7.399999999994179,,,,9,0,10,Llenando ventana
1972,16,VNS,trayectoria,118071.0,118071.0,False,False,,,7.399999999994179,,,,10,0,11,Llenando ventana
1973,16,VNS,trayectoria,118071.0,118071.0,False,False,,,7.399999999994179,,,,11,0,12,Llenando ventana
1974,16,VNS,trayectoria,118071.0,118071.0,False,False,,,7.399999999994179,,,,12,0,13,Llenando ventana
1975,16,VNS,trayectoria,118071.0,118071.0,False,False,,,7.399999999994179,,,,13,0,14,Llenando ventana
1976,16,VNS,trayectoria,118071.0,118071.0,False,False,,,7.399999999994179,,,,14,0,15,Llenando ventana
1977,16,VNS,trayectoria,118071.0,118071.0,False,False,,,7.399999999994179,,,,15,0,16,Llenando ventana
1978,16,VNS,trayectoria,118071.0,118071.0,False,False,,,7.399999999994179,,,,16,0,17,Llenando ventana
1979,16,VNS,trayectoria,118071.0,118071.0,False,False,,,7.399999999994179,,,,17,0,18,Llenando ventana
1980,16,VNS,trayectoria,118071.0,118071.0,False,False,,,7.399999999994179,,,,18,0,19,Llenando ventana
1981,17,ACO,poblacional,118071.0,102434.0,False,False,,,,,,,19,0,20,Llenando ventana
1982,17,ACO,poblacional,118071.0,104697.0,False,False,,,,,,,20,0,21,Llenando ventana
1983,17,ACO,poblacional,118071.0,105881.0,False,False,,,,,,,21,0,22,Llenando ventana
1984,17,ACO,poblacional,118071.0,105142.0,False,False,,,,,,,22,0,23,Llenando ventana
1985,17,ACO,poblacional,118071.0,107171.0,False,False,,,,,,,23,0,24,Llenando ventana
1986,17,ACO,poblacional,118071.0,106790.0,False,False,,,,,,,24,0,25,Llenando ventana
1987,17,ACO,poblacional,118071.0,107699.0,False,False,,,,,,,25,0,26,Llenando ventana
1988,17,ACO,poblacional,118071.0,106966.0,False,False,,,,,,,26,0,27,Llenando ventana
1989,17,ACO,poblacional,118071.0,107344.0,False,False,,,,,,,27,0,28,Llenando ventana
1990,17,ACO,poblacional,118071.0,108887.0,False,False,,,,,,,28,0,29,Llenando ventana
1991,17,ACO,poblacional,118071.0,109937.0,False,False,,,,,,,29,0,30,Llenando ventana
1992,17,ACO,poblacional,118071.0,110181.0,False,False,,,,,,,30,0,31,Llenando ventana
1993,17,ACO,poblacional,118071.0,109286.0,False,False,,,,,,,31,0,32,Llenando ventana
1994,17,ACO,poblacional,118071.0,110502.0,False,False,,,,,,,32,0,33,Llenando ventana
1995,17,ACO,poblacional,118071.0,109462.0,False,False,,,,,,,33,0,34,Llenando ventana
1996,17,ACO,poblacional,118071.0,111452.0,False,False,,,,,,,34,0,35,Llenando ventana
1997,17,ACO,poblacional,118071.0,111007.0,False,False,,,,,,,35,0,36,Llenando ventana
1998,17,ACO,poblacional,118071.0,112147.0,False,False,,,,,,,36,0,37,Llenando ventana
1999,17,ACO,poblacional,118071.0,111934.0,False,False,,,,,,,37,0,38,Llenando ventana
2000,17,ACO,poblacional,118071.0,112226.0,False,False,,,,,,,38,0,39,Llenando ventana
2001,17,ACO,poblacional,118071.0,113398.0,False,False,,,,,,,39,0,40,Llenando ventana
2002,17,ACO,poblacional,118071.0,112770.0,False,False,,,,,,,40,0,41,Llenando ventana
2003,17,ACO,poblacional,118071.0,113545.0,False,False,,,,,,,41,0,42,Llenando ventana
2004,17,ACO,poblacional,118071.0,113715.0,False,False,,,,,,,42,0,43,Llenando ventana
2005,17,ACO,poblacional,118071.0,113914.0,False,False,,,,,,,43,0,44,Llenando ventana
2006,17,ACO,poblacional,118071.0,113183.0,False,False,,,,,,,44,0,45,Llenando ventana
2007,17,ACO,poblacional,118071.0,113471.0,False,False,,,,,,,45,0,46,Llenando ventana
2008,17,ACO,poblacional,118071.0,113897.0,False,False,,,,,,,46,0,47,Llenando ventana
2009,17,ACO,poblacional,118071.0,113141.0,False,False,,,,,,,47,0,48,Llenando ventana
2010,17,ACO,poblacional,118071.0,112418.0,False,False,,,,,,,48,0,49,Llenando ventana
2011,17,ACO,poblacional,118071.0,113973.0,False,False,,,,,,,49,0,50,Llenando ventana
2012,17,ACO,poblacional,118071.0,113179.0,False,False,,,,,,,50,0,51,Llenando ventana
2013,17,ACO,poblacional,118071.0,112968.0,False,False,,,,,,,51,0,52,Llenando ventana
2014,17,ACO,poblacional,118071.0,113853.0,False,False,,,,,,,52,0,53,Llenando ventana
2015,17,ACO,poblacional,118071.0,112555.0,False,False,,,,,,,53,0,54,Llenando ventana
2016,17,ACO,poblacional,118071.0,113612.0,False,False,,,,,,,54,0,55,Llenando ventana
2017,17,ACO,poblacional,118071.0,112968.0,False,False,,,,,,,55,0,56,Llenando ventana
2018,17,ACO,poblacional,118071.0,114495.0,False,False,,,,,,,56,0,57,Llenando ventana
2019,17,ACO,poblacional,118071.0,113464.0,False,False,,,,,,,57,0,58,Llenando ventana
2020,17,ACO,poblacional,118071.0,113774.0,False,False,,,,,,,58,0,59,Llenando ventana
2021,17,ACO,poblacional,118071.0,113844.0,False,False,,,,,,,59,0,60,Llenando ventana
2022,17,ACO,poblacional,118071.0,113022.0,False,False,,,,,,,60,0,61,Llenando ventana
2023,17,ACO,poblacional,118071.0,112787.0,False,False,,,,,,,61,0,62,Llenando ventana
2024,17,ACO,poblacional,118071.0,113098.0,False,False,,,,,,,62,0,63,Llenando ventana
2025,17,ACO,poblacional,118071.0,113391.0,False,False,,,,,,,63,0,64,Llenando ventana
2026,17,ACO,poblacional,118071.0,113184.0,False,False,,,,,,,64,0,65,Llenando ventana
2027,17,ACO,poblacional,118071.0,112786.0,False,False,,,,,,,65,0,66,Llenando ventana
2028,17,ACO,poblacional,118071.0,113539.0,False,False,,,,,,,66,0,67,Llenando ventana
2029,17,ACO,poblacional,118071.0,113257.0,False,False,,,,,,,67,0,68,Llenando ventana
2030,17,ACO,poblacional,118071.0,113024.0,False,False,,,,,,,68,0,69,Llenando ventana
2031,17,ACO,poblacional,118071.0,114451.0,False,False,,,,,,,69,0,70,Llenando ventana
2032,17,ACO,poblacional,118071.0,112440.0,False,False,,,,,,,70,0,71,Llenando ventana
2033,17,ACO,poblacional,118071.0,113389.0,False,False,,,,,,,71,0,72,Llenando ventana
2034,17,ACO,poblacional,118071.0,112774.0,False,False,,,,,,,72,0,73,Llenando ventana
2035,17,ACO,poblacional,118071.0,111989.0,False,False,,,,,,,73,0,74,Llenando ventana
2036,17,ACO,poblacional,118071.0,113523.0,True,False,7.399999999994179,0.0,7.399999999994179,7.5,37.5,22.5,74,0,75,Explotacion activa
2037,17,ACO,poblacional,118071.0,113266.0,True,False,7.399999999994179,0.0,7.399999999994179,7.5,37.5,22.5,75,0,76,Explotacion activa
2038,17,ACO,poblacional,118071.0,112921.0,True,False,7.399999999994179,0.0,7.399999999994179,7.5,37.5,22.5,76,0,77,Explotacion activa
2039,17,ACO,poblacional,118071.0,113960.0,True,False,7.399999999994179,0.0,7.399999999994179,7.5,37.5,22.5,77,0,78,Explotacion activa
2040,17,ACO,poblacional,118071.0,113069.0,True,False,7.399999999994179,0.0,7.399999999994179,7.5,37.5,22.5,78,0,79,Explotacion activa
2041,17,ACO,poblacional,118071.0,114316.0,True,False,7.399999999994179,0.0,7.399999999994179,7.5,37.5,22.5,79,0,80,Explotacion activa
2042,17,ACO,poblacional,118071.0,113702.0,True,False,7.399999999994179,0.0,7.399999999994179,7.5,37.5,22.5,80,0,81,Explotacion activa
2043,17,ACO,poblacional,118071.0,113095.0,True,False,7.399999999994179,0.0,7.399999999994179,7.5,37.5,22.5,81,0,82,Explotacion activa
2044,17,ACO,poblacional,118071.0,113195.0,True,False,7.399999999994179,0.0,7.399999999994179,7.5,37.5,22.5,82,0,83,Explotacion activa
2045,17,ACO,poblacional,118071.0,112831.0,True,False,7.399999999994179,0.0,7.399999999994179,0.0,7.399999999994179,7.399999999994179,83,1,84,Explotacion activa
2046,17,ACO,poblacional,118071.0,113421.0,True,False,7.399999999994179,0.0,7.399999999994179,0.0,7.399999999994179,7.399999999994179,84,2,85,Explotacion activa
2047,17,ACO,poblacional,118071.0,113316.0,True,False,7.399999999994179,0.0,7.399999999994179,0.0,7.399999999994179,7.399999999994179,85,3,86,Explotacion activa
2048,17,ACO,poblacional,118071.0,113227.0,True,False,7.399999999994179,0.0,7.399999999994179,0.0,7.399999999994179,7.399999999994179,86,4,87,Explotacion activa
2049,17,ACO,poblacional,118071.0,113595.0,True,False,7.399999999994179,0.0,7.399999999994179,0.0,7.399999999994179,7.399999999994179,87,5,88,Explotacion activa
2050,17,ACO,poblacional,118071.0,112859.0,True,False,7.399999999994179,0.0,7.399999999994179,0.0,7.399999999994179,7.399999999994179,88,6,89,Explotacion activa
2051,17,ACO,poblacional,118071.0,112620.0,True,False,7.399999999994179,0.0,7.399999999994179,0.0,7.399999999994179,7.399999999994179,89,7,90,Explotacion activa
2052,17,ACO,poblacional,118071.0,112418.0,True,False,7.399999999994179,0.0,7.399999999994179,0.0,7.399999999994179,7.399999999994179,90,8,91,Explotacion activa
2053,17,ACO,poblacional,118071.0,113883.0,True,False,7.399999999994179,0.0,7.399999999994179,0.0,7.399999999994179,7.399999999994179,91,9,92,Explotacion activa
2054,17,ACO,poblacional,118071.0,113031.0,True,False,7.399999999994179,0.0,7.399999999994179,0.0,7.399999999994179,7.399999999994179,92,10,93,Explotacion activa
2055,17,ACO,poblacional,118071.0,112561.0,True,False,7.399999999994179,0.0,7.399999999994179,0.0,7.399999999994179,7.399999999994179,93,11,94,Explotacion activa
2056,17,ACO,poblacional,118071.0,112885.0,True,False,7.399999999994179,0.0,7.399999999994179,0.0,7.399999999994179,7.399999999994179,94,12,95,Explotacion activa
2057,17,ACO,poblacional,118071.0,112330.0,True,False,7.399999999994179,0.0,7.399999999994179,0.0,7.399999999994179,7.399999999994179,95,13,96,Explotacion activa
2058,17,ACO,poblacional,118071.0,114106.0,True,False,7.399999999994179,0.0,7.399999999994179,0.0,7.399999999994179,7.399999999994179,96,14,97,Explotacion activa
2059,17,ACO,poblacional,118071.0,113625.0,True,False,7.399999999994179,0.0,7.399999999994179,0.0,7.399999999994179,7.399999999994179,97,15,98,Explotacion activa
2060,17,ACO,poblacional,118071.0,113581.0,True,False,7.399999999994179,0.0,7.399999999994179,0.0,7.399999999994179,7.399999999994179,98,16,99,Explotacion activa
2061,17,ACO,poblacional,118071.0,112841.0,True,False,7.399999999994179,0.0,7.399999999994179,0.0,7.399999999994179,7.399999999994179,99,17,100,Explotacion activa
2062,17,ACO,poblacional,118071.0,112212.0,True,False,7.399999999994179,0.0,7.399999999994179,0.0,7.399999999994179,7.399999999994179,100,18,101,Explotacion activa
2063,17,ACO,poblacional,118071.0,113645.0,True,False,7.399999999994179,0.0,7.399999999994179,0.0,7.399999999994179,7.399999999994179,101,19,102,Explotacion activa
2064,17,ACO,poblacional,118071.0,112843.0,True,False,7.399999999994179,0.0,7.399999999994179,0.0,7.399999999994179,7.399999999994179,102,20,103,Explotacion activa
2065,17,ACO,poblacional,118071.0,112842.0,True,False,7.399999999994179,0.0,7.399999999994179,0.0,7.399999999994179,7.399999999994179,103,21,104,Explotacion activa
2066,17,ACO,poblacional,118071.0,113434.0,True,False,7.399999999994179,0.0,7.399999999994179,0.0,7.399999999994179,7.399999999994179,104,22,105,Explotacion activa
2067,17,ACO,poblacional,118071.0,113141.0,True,False,7.399999999994179,0.0,7.399999999994179,0.0,7.399999999994179,7.399999999994179,105,23,106,Explotacion activa
2068,17,ACO,poblacional,118071.0,113358.0,True,False,7.399999999994179,0.0,7.399999999994179,0.0,7.399999999994179,7.399999999994179,106,24,107,Explotacion activa
2069,17,ACO,poblacional,118071.0,113299.0,True,True,7.399999999994179,0.0,7.399999999994179,0.0,7.399999999994179,7.399999999994179,107,25,108,ESTANCAMIENTO (Fire)
2070,17,ACO,poblacional,118071.0,113092.0,False,False,,,7.399999999994179,,,,0,0,1,Llenando ventana
2071,17,ACO,poblacional,118071.0,113120.0,False,False,,,7.399999999994179,,,,1,0,2,Llenando ventana
2072,17,ACO,poblacional,118071.0,114104.0,False,False,,,7.399999999994179,,,,2,0,3,Llenando ventana
2073,17,ACO,poblacional,118071.0,113283.0,False,False,,,7.399999999994179,,,,3,0,4,Llenando ventana
2074,17,ACO,poblacional,118071.0,113846.0,False,False,,,7.399999999994179,,,,4,0,5,Llenando ventana
2075,17,ACO,poblacional,118071.0,114089.0,False,False,,,7.399999999994179,,,,5,0,6,Llenando ventana
2076,17,ACO,poblacional,118071.0,113293.0,False,False,,,7.399999999994179,,,,6,0,7,Llenando ventana
2077,17,ACO,poblacional,118071.0,113163.0,False,False,,,7.399999999994179,,,,7,0,8,Llenando ventana
2078,17,ACO,poblacional,118071.0,113260.0,False,False,,,7.399999999994179,,,,8,0,9,Llenando ventana
2079,17,ACO,poblacional,118071.0,114829.0,False,False,,,7.399999999994179,,,,9,0,10,Llenando ventana
2080,17,ACO,poblacional,118071.0,112991.0,False,False,,,7.399999999994179,,,,10,0,11,Llenando ventana
2081,17,ACO,poblacional,118071.0,113661.0,False,False,,,7.399999999994179,,,,11,0,12,Llenando ventana
2082,17,ACO,poblacional,118071.0,113594.0,False,False,,,7.399999999994179,,,,12,0,13,Llenando ventana
2083,17,ACO,poblacional,118071.0,113486.0,False,False,,,7.399999999994179,,,,13,0,14,Llenando ventana
2084,17,ACO,poblacional,118071.0,113734.0,False,False,,,7.399999999994179,,,,14,0,15,Llenando ventana
2085,17,ACO,poblacional,118071.0,112941.0,False,False,,,7.399999999994179,,,,15,0,16,Llenando ventana
2086,17,ACO,poblacional,118071.0,112092.0,False,False,,,7.399999999994179,,,,16,0,17,Llenando ventana
2087,17,ACO,poblacional,118071.0,113166.0,False,False,,,7.399999999994179,,,,17,0,18,Llenando ventana
2088,17,ACO,poblacional,118071.0,113739.0,False,False,,,7.399999999994179,,,,18,0,19,Llenando ventana
2089,18,SA,trayectoria,118071.0,111820.0,False,False,,,,,,,19,0,20,Llenando ventana
2090,18,SA,trayectoria,118071.0,110571.0,False,False,,,,,,,20,0,21,Llenando ventana
2091,18,SA,trayectoria,118071.0,108930.0,False,False,,,,,,,21,0,22,Llenando ventana
2092,18,SA,trayectoria,118071.0,109910.0,False,False,,,,,,,22,0,23,Llenando ventana
2093,18,SA,trayectoria,118071.0,109426.0,False,False,,,,,,,23,0,24,Llenando ventana
2094,18,SA,trayectoria,118071.0,110585.0,False,False,,,,,,,24,0,25,Llenando ventana
2095,18,SA,trayectoria,118071.0,108665.0,False,False,,,,,,,25,0,26,Llenando ventana
2096,18,SA,trayectoria,118071.0,109794.0,False,False,,,,,,,26,0,27,Llenando ventana
2097,18,SA,trayectoria,118071.0,110472.0,False,False,,,,,,,27,0,28,Llenando ventana
2098,18,SA,trayectoria,118071.0,109145.0,False,False,,,,,,,28,0,29,Llenando ventana
2099,18,SA,trayectoria,118071.0,108603.0,False,False,,,,,,,29,0,30,Llenando ventana
2100,18,SA,trayectoria,118071.0,110845.0,False,False,,,,,,,30,0,31,Llenando ventana
2101,18,SA,trayectoria,118071.0,110398.0,False,False,,,,,,,31,0,32,Llenando ventana
2102,18,SA,trayectoria,118071.0,109731.0,False,False,,,,,,,32,0,33,Llenando ventana
2103,18,SA,trayectoria,118071.0,110414.0,False,False,,,,,,,33,0,34,Llenando ventana
2104,18,SA,trayectoria,118071.0,110744.0,False,False,,,,,,,34,0,35,Llenando ventana
2105,18,SA,trayectoria,118071.0,109064.0,False,False,,,,,,,35,0,36,Llenando ventana
2106,18,SA,trayectoria,118071.0,110413.0,False,False,,,,,,,36,0,37,Llenando ventana
2107,18,SA,trayectoria,118071.0,110213.0,False,False,,,,,,,37,0,38,Llenando ventana
2108,18,SA,trayectoria,118071.0,109794.0,False,False,,,,,,,38,0,39,Llenando ventana
2109,18,SA,trayectoria,118071.0,109551.0,False,False,,,,,,,39,0,40,Llenando ventana
2110,18,SA,trayectoria,118071.0,109670.0,False,False,,,,,,,40,0,41,Llenando ventana
2111,18,SA,trayectoria,118071.0,109625.0,False,False,,,,,,,41,0,42,Llenando ventana
2112,18,SA,trayectoria,118071.0,110821.0,False,False,,,,,,,42,0,43,Llenando ventana
2113,18,SA,trayectoria,118071.0,110904.0,False,False,,,,,,,43,0,44,Llenando ventana
2114,18,SA,trayectoria,118071.0,108573.0,False,False,,,,,,,44,0,45,Llenando ventana
2115,18,SA,trayectoria,118071.0,109574.0,False,False,,,,,,,45,0,46,Llenando ventana
2116,18,SA,trayectoria,118071.0,110761.0,False,False,,,,,,,46,0,47,Llenando ventana
2117,18,SA,trayectoria,118071.0,110789.0,False,False,,,,,,,47,0,48,Llenando ventana
2118,18,SA,trayectoria,118071.0,110741.0,False,False,,,,,,,48,0,49,Llenando ventana
2119,18,SA,trayectoria,118071.0,110488.0,False,False,,,,,,,49,0,50,Llenando ventana
2120,18,SA,trayectoria,118071.0,111175.0,False,False,,,,,,,50,0,51,Llenando ventana
2121,18,SA,trayectoria,118071.0,110958.0,False,False,,,,,,,51,0,52,Llenando ventana
2122,18,SA,trayectoria,118071.0,110856.0,False,False,,,,,,,52,0,53,Llenando ventana
2123,18,SA,trayectoria,118071.0,110634.0,False,False,,,,,,,53,0,54,Llenando ventana
2124,18,SA,trayectoria,118071.0,110492.0,False,False,,,,,,,54,0,55,Llenando ventana
2125,18,SA,trayectoria,118071.0,110861.0,False,False,,,,,,,55,0,56,Llenando ventana
2126,18,SA,trayectoria,118071.0,110341.0,False,False,,,,,,,56,0,57,Llenando ventana
2127,18,SA,trayectoria,118071.0,110339.0,False,False,,,,,,,57,0,58,Llenando ventana
2128,18,SA,trayectoria,118071.0,111394.0,False,False,,,,,,,58,0,59,Llenando ventana
2129,18,SA,trayectoria,118071.0,110890.0,False,False,,,,,,,59,0,60,Llenando ventana
2130,18,SA,trayectoria,118071.0,111028.0,False,False,,,,,,,60,0,61,Llenando ventana
2131,18,SA,trayectoria,118071.0,111002.0,False,False,,,,,,,61,0,62,Llenando ventana
2132,18,SA,trayectoria,118071.0,109628.0,False,False,,,,,,,62,0,63,Llenando ventana
2133,18,SA,trayectoria,118071.0,109912.0,False,False,,,,,,,63,0,64,Llenando ventana
2134,18,SA,trayectoria,118071.0,112077.0,False,False,,,,,,,64,0,65,Llenando ventana
2135,18,SA,trayectoria,118071.0,110656.0,False,False,,,,,,,65,0,66,Llenando ventana
2136,18,SA,trayectoria,118071.0,110195.0,False,False,,,,,,,66,0,67,Llenando ventana
2137,18,SA,trayectoria,118071.0,110410.0,False,False,,,,,,,67,0,68,Llenando ventana
2138,18,SA,trayectoria,118071.0,110832.0,False,False,,,,,,,68,0,69,Llenando ventana
2139,18,SA,trayectoria,118071.0,110748.0,False,False,,,,,,,69,0,70,Llenando ventana
2140,18,SA,trayectoria,118071.0,110651.0,False,False,,,,,,,70,0,71,Llenando ventana
2141,18,SA,trayectoria,118071.0,108864.0,False,False,,,,,,,71,0,72,Llenando ventana
2142,18,SA,trayectoria,118071.0,109946.0,False,False,,,,,,,72,0,73,Llenando ventana
2143,18,SA,trayectoria,118071.0,110832.0,False,False,,,,,,,73,0,74,Llenando ventana
2144,18,SA,trayectoria,118071.0,111251.0,True,False,7.399999999994179,0.0,7.399999999994179,7.5,37.5,22.5,74,0,75,Explotacion activa
2145,18,SA,trayectoria,118071.0,111164.0,True,False,7.399999999994179,0.0,7.399999999994179,7.5,37.5,22.5,75,0,76,Explotacion activa
2146,18,SA,trayectoria,118071.0,110979.0,True,False,7.399999999994179,0.0,7.399999999994179,7.5,37.5,22.5,76,0,77,Explotacion activa
2147,18,SA,trayectoria,118071.0,111746.0,True,False,7.399999999994179,0.0,7.399999999994179,7.5,37.5,22.5,77,0,78,Explotacion activa
2148,18,SA,trayectoria,118071.0,112126.0,True,False,7.399999999994179,0.0,7.399999999994179,7.5,37.5,22.5,78,0,79,Explotacion activa
2149,18,SA,trayectoria,118071.0,110447.0,True,False,7.399999999994179,0.0,7.399999999994179,7.5,37.5,22.5,79,0,80,Explotacion activa
2150,18,SA,trayectoria,118071.0,111136.0,True,False,7.399999999994179,0.0,7.399999999994179,7.5,37.5,22.5,80,0,81,Explotacion activa
2151,18,SA,trayectoria,118071.0,111201.0,True,False,7.399999999994179,0.0,7.399999999994179,7.5,37.5,22.5,81,0,82,Explotacion activa
2152,18,SA,trayectoria,118071.0,112149.0,True,False,7.399999999994179,0.0,7.399999999994179,7.5,37.5,22.5,82,0,83,Explotacion activa
2153,18,SA,trayectoria,118071.0,111699.0,True,False,7.399999999994179,0.0,7.399999999994179,0.0,7.399999999994179,7.399999999994179,83,1,84,Explotacion activa
2154,18,SA,trayectoria,118071.0,110755.0,True,False,7.399999999994179,0.0,7.399999999994179,0.0,7.399999999994179,7.399999999994179,84,2,85,Explotacion activa
2155,18,SA,trayectoria,118071.0,111661.0,True,False,7.399999999994179,0.0,7.399999999994179,0.0,7.399999999994179,7.399999999994179,85,3,86,Explotacion activa
2156,18,SA,trayectoria,118071.0,110290.0,True,False,7.399999999994179,0.0,7.399999999994179,0.0,7.399999999994179,7.399999999994179,86,4,87,Explotacion activa
2157,18,SA,trayectoria,118071.0,110841.0,True,False,7.399999999994179,0.0,7.399999999994179,0.0,7.399999999994179,7.399999999994179,87,5,88,Explotacion activa
2158,18,SA,trayectoria,118071.0,111011.0,True,False,7.399999999994179,0.0,7.399999999994179,0.0,7.399999999994179,7.399999999994179,88,6,89,Explotacion activa
2159,18,SA,trayectoria,118071.0,110559.0,True,False,7.399999999994179,0.0,7.399999999994179,0.0,7.399999999994179,7.399999999994179,89,7,90,Explotacion activa
2160,18,SA,trayectoria,118071.0,111010.0,True,False,7.399999999994179,0.0,7.399999999994179,0.0,7.399999999994179,7.399999999994179,90,8,91,Explotacion activa
2161,18,SA,trayectoria,118071.0,110275.0,True,False,7.399999999994179,0.0,7.399999999994179,0.0,7.399999999994179,7.399999999994179,91,9,92,Explotacion activa
2162,18,SA,trayectoria,118071.0,110888.0,True,False,7.399999999994179,0.0,7.399999999994179,0.0,7.399999999994179,7.399999999994179,92,10,93,Explotacion activa
2163,18,SA,trayectoria,118071.0,110097.0,True,False,7.399999999994179,0.0,7.399999999994179,0.0,7.399999999994179,7.399999999994179,93,11,94,Explotacion activa
2164,18,SA,trayectoria,118071.0,111569.0,True,False,7.399999999994179,0.0,7.399999999994179,0.0,7.399999999994179,7.399999999994179,94,12,95,Explotacion activa
2165,18,SA,trayectoria,118071.0,111607.0,True,False,7.399999999994179,0.0,7.399999999994179,0.0,7.399999999994179,7.399999999994179,95,13,96,Explotacion activa
2166,18,SA,trayectoria,118071.0,111016.0,True,False,7.399999999994179,0.0,7.399999999994179,0.0,7.399999999994179,7.399999999994179,96,14,97,Explotacion activa
2167,18,SA,trayectoria,118071.0,111497.0,True,False,7.399999999994179,0.0,7.399999999994179,0.0,7.399999999994179,7.399999999994179,97,15,98,Explotacion activa
2168,18,SA,trayectoria,118071.0,111080.0,True,False,7.399999999994179,0.0,7.399999999994179,0.0,7.399999999994179,7.399999999994179,98,16,99,Explotacion activa
2169,18,SA,trayectoria,118071.0,111627.0,True,False,7.399999999994179,0.0,7.399999999994179,0.0,7.399999999994179,7.399999999994179,99,17,100,Explotacion activa
2170,18,SA,trayectoria,118071.0,111633.0,True,False,7.399999999994179,0.0,7.399999999994179,0.0,7.399999999994179,7.399999999994179,100,18,101,Explotacion activa
2171,18,SA,trayectoria,118071.0,111355.0,True,False,7.399999999994179,0.0,7.399999999994179,0.0,7.399999999994179,7.399999999994179,101,19,102,Explotacion activa
2172,18,SA,trayectoria,118071.0,111882.0,True,False,7.399999999994179,0.0,7.399999999994179,0.0,7.399999999994179,7.399999999994179,102,20,103,Explotacion activa
2173,18,SA,trayectoria,118071.0,111677.0,True,False,7.399999999994179,0.0,7.399999999994179,0.0,7.399999999994179,7.399999999994179,103,21,104,Explotacion activa
2174,18,SA,trayectoria,118071.0,111266.0,True,False,7.399999999994179,0.0,7.399999999994179,0.0,7.399999999994179,7.399999999994179,104,22,105,Explotacion activa
2175,18,SA,trayectoria,118071.0,111405.0,True,False,7.399999999994179,0.0,7.399999999994179,0.0,7.399999999994179,7.399999999994179,105,23,106,Explotacion activa
2176,18,SA,trayectoria,118071.0,111010.0,True,False,7.399999999994179,0.0,7.399999999994179,0.0,7.399999999994179,7.399999999994179,106,24,107,Explotacion activa
2177,18,SA,trayectoria,118071.0,110910.0,True,True,7.399999999994179,0.0,7.399999999994179,0.0,7.399999999994179,7.399999999994179,107,25,108,ESTANCAMIENTO (Fire)
2178,18,SA,trayectoria,118071.0,110299.0,False,False,,,7.399999999994179,,,,0,0,1,Llenando ventana
2179,18,SA,trayectoria,118071.0,109889.0,False,False,,,7.399999999994179,,,,1,0,2,Llenando ventana
2180,18,SA,trayectoria,118071.0,110650.0,False,False,,,7.399999999994179,,,,2,0,3,Llenando ventana
2181,18,SA,trayectoria,118071.0,110654.0,False,False,,,7.399999999994179,,,,3,0,4,Llenando ventana
2182,18,SA,trayectoria,118071.0,110808.0,False,False,,,7.399999999994179,,,,4,0,5,Llenando ventana
2183,18,SA,trayectoria,118071.0,110730.0,False,False,,,7.399999999994179,,,,5,0,6,Llenando ventana
2184,18,SA,trayectoria,118071.0,110608.0,False,False,,,7.399999999994179,,,,6,0,7,Llenando ventana
2185,18,SA,trayectoria,118071.0,111001.0,False,False,,,7.399999999994179,,,,7,0,8,Llenando ventana
2186,18,SA,trayectoria,118071.0,111310.0,False,False,,,7.399999999994179,,,,8,0,9,Llenando ventana
2187,18,SA,trayectoria,118071.0,112246.0,False,False,,,7.399999999994179,,,,9,0,10,Llenando ventana
2188,18,SA,trayectoria,118071.0,112105.0,False,False,,,7.399999999994179,,,,10,0,11,Llenando ventana
2189,18,SA,trayectoria,118071.0,111721.0,False,False,,,7.399999999994179,,,,11,0,12,Llenando ventana
2190,18,SA,trayectoria,118071.0,111861.0,False,False,,,7.399999999994179,,,,12,0,13,Llenando ventana
2191,18,SA,trayectoria,118071.0,111862.0,False,False,,,7.399999999994179,,,,13,0,14,Llenando ventana
2192,18,SA,trayectoria,118071.0,111544.0,False,False,,,7.399999999994179,,,,14,0,15,Llenando ventana
2193,18,SA,trayectoria,118071.0,111813.0,False,False,,,7.399999999994179,,,,15,0,16,Llenando ventana
2194,18,SA,trayectoria,118071.0,111493.0,False,False,,,7.399999999994179,,,,16,0,17,Llenando ventana
2195,18,SA,trayectoria,118071.0,112460.0,False,False,,,7.399999999994179,,,,17,0,18,Llenando ventana
2196,18,SA,trayectoria,118071.0,111880.0,False,False,,,7.399999999994179,,,,18,0,19,Llenando ventana
2197,19,GA,poblacional,118071.0,118071.0,False,False,,,,,,,19,0,20,Llenando ventana
2198,19,GA,poblacional,118071.0,118071.0,False,False,,,,,,,20,0,21,Llenando ventana
2199,19,GA,poblacional,118071.0,118071.0,False,False,,,,,,,21,0,22,Llenando ventana
2200,19,GA,poblacional,118071.0,118071.0,False,False,,,,,,,22,0,23,Llenando ventana
2201,19,GA,poblacional,118071.0,118071.0,False,False,,,,,,,23,0,24,Llenando ventana
2202,19,GA,poblacional,118071.0,118071.0,False,False,,,,,,,24,0,25,Llenando ventana
2203,19,GA,poblacional,118071.0,118071.0,False,False,,,,,,,25,0,26,Llenando ventana
2204,19,GA,poblacional,118071.0,118071.0,False,False,,,,,,,26,0,27,Llenando ventana
2205,19,GA,poblacional,118071.0,118071.0,False,False,,,,,,,27,0,28,Llenando ventana
2206,19,GA,poblacional,118071.0,118071.0,False,False,,,,,,,28,0,29,Llenando ventana
2207,19,GA,poblacional,118071.0,118071.0,False,False,,,,,,,29,0,30,Llenando ventana
2208,19,GA,poblacional,118071.0,118071.0,False,False,,,,,,,30,0,31,Llenando ventana
2209,19,GA,poblacional,118071.0,118071.0,False,False,,,,,,,31,0,32,Llenando ventana
2210,19,GA,poblacional,118071.0,118071.0,False,False,,,,,,,32,0,33,Llenando ventana
2211,19,GA,poblacional,118071.0,118071.0,False,False,,,,,,,33,0,34,Llenando ventana
2212,19,GA,poblacional,118071.0,118071.0,False,False,,,,,,,34,0,35,Llenando ventana
2213,19,GA,poblacional,118071.0,118071.0,False,False,,,,,,,35,0,36,Llenando ventana
2214,19,GA,poblacional,118071.0,118071.0,False,False,,,,,,,36,0,37,Llenando ventana
2215,19,GA,poblacional,118071.0,118071.0,False,False,,,,,,,37,0,38,Llenando ventana
2216,19,GA,poblacional,118071.0,118071.0,False,False,,,,,,,38,0,39,Llenando ventana
2217,19,GA,poblacional,118071.0,118071.0,False,False,,,,,,,39,0,40,Llenando ventana
2218,19,GA,poblacional,118071.0,118071.0,False,False,,,,,,,40,0,41,Llenando ventana
2219,19,GA,poblacional,118071.0,118071.0,False,False,,,,,,,41,0,42,Llenando ventana
2220,19,GA,poblacional,118071.0,118071.0,False,False,,,,,,,42,0,43,Llenando ventana
2221,19,GA,poblacional,118071.0,118071.0,False,False,,,,,,,43,0,44,Llenando ventana
2222,19,GA,poblacional,118071.0,118071.0,False,False,,,,,,,44,0,45,Llenando ventana
2223,19,GA,poblacional,118071.0,118071.0,False,False,,,,,,,45,0,46,Llenando ventana
2224,19,GA,poblacional,118071.0,118071.0,False,False,,,,,,,46,0,47,Llenando ventana
2225,19,GA,poblacional,118071.0,118071.0,False,False,,,,,,,47,0,48,Llenando ventana
2226,19,GA,poblacional,118071.0,118071.0,False,False,,,,,,,48,0,49,Llenando ventana
2227,19,GA,poblacional,118071.0,118071.0,False,False,,,,,,,49,0,50,Llenando ventana
2228,19,GA,poblacional,118071.0,118071.0,False,False,,,,,,,50,0,51,Llenando ventana
2229,19,GA,poblacional,118071.0,118071.0,False,False,,,,,,,51,0,52,Llenando ventana
2230,19,GA,poblacional,118071.0,118071.0,False,False,,,,,,,52,0,53,Llenando ventana
2231,19,GA,poblacional,118071.0,118071.0,False,False,,,,,,,53,0,54,Llenando ventana
2232,19,GA,poblacional,118071.0,118071.0,False,False,,,,,,,54,0,55,Llenando ventana
2233,19,GA,poblacional,118071.0,118071.0,False,False,,,,,,,55,0,56,Llenando ventana
2234,19,GA,poblacional,118071.0,118071.0,False,False,,,,,,,56,0,57,Llenando ventana
2235,19,GA,poblacional,118071.0,118071.0,False,False,,,,,,,57,0,58,Llenando ventana
2236,19,GA,poblacional,118071.0,118071.0,False,False,,,,,,,58,0,59,Llenando ventana
2237,19,GA,poblacional,118071.0,118071.0,False,False,,,,,,,59,0,60,Llenando ventana
2238,19,GA,poblacional,118071.0,118071.0,False,False,,,,,,,60,0,61,Llenando ventana
2239,19,GA,poblacional,118071.0,118071.0,False,False,,,,,,,61,0,62,Llenando ventana
2240,19,GA,poblacional,118071.0,118071.0,False,False,,,,,,,62,0,63,Llenando ventana
2241,19,GA,poblacional,118071.0,118071.0,False,False,,,,,,,63,0,64,Llenando ventana
2242,19,GA,poblacional,118071.0,118071.0,False,False,,,,,,,64,0,65,Llenando ventana
2243,19,GA,poblacional,118071.0,118071.0,False,False,,,,,,,65,0,66,Llenando ventana
2244,19,GA,poblacional,118071.0,118071.0,False,False,,,,,,,66,0,67,Llenando ventana
2245,19,GA,poblacional,118071.0,118071.0,False,False,,,,,,,67,0,68,Llenando ventana
2246,19,GA,poblacional,118071.0,118071.0,False,False,,,,,,,68,0,69,Llenando ventana
2247,19,GA,poblacional,118071.0,118071.0,False,False,,,,,,,69,0,70,Llenando ventana
2248,19,GA,poblacional,118071.0,118071.0,False,False,,,,,,,70,0,71,Llenando ventana
2249,19,GA,poblacional,118071.0,118071.0,False,False,,,,,,,71,0,72,Llenando ventana
2250,19,GA,poblacional,118071.0,118071.0,False,False,,,,,,,72,0,73,Llenando ventana
2251,19,GA,poblacional,118071.0,118071.0,False,False,,,,,,,73,0,74,Llenando ventana
2252,19,GA,poblacional,118071.0,118071.0,True,False,7.399999999994179,0.0,7.399999999994179,7.5,37.5,22.5,74,0,75,Explotacion activa
2253,19,GA,poblacional,118071.0,118071.0,True,False,7.399999999994179,0.0,7.399999999994179,7.5,37.5,22.5,75,0,76,Explotacion activa
2254,19,GA,poblacional,118071.0,118071.0,True,False,7.399999999994179,0.0,7.399999999994179,7.5,37.5,22.5,76,0,77,Explotacion activa
2255,19,GA,poblacional,118071.0,118071.0,True,False,7.399999999994179,0.0,7.399999999994179,7.5,37.5,22.5,77,0,78,Explotacion activa
2256,19,GA,poblacional,118071.0,118071.0,True,False,7.399999999994179,0.0,7.399999999994179,7.5,37.5,22.5,78,0,79,Explotacion activa
2257,19,GA,poblacional,118071.0,118071.0,True,False,7.399999999994179,0.0,7.399999999994179,7.5,37.5,22.5,79,0,80,Explotacion activa
2258,19,GA,poblacional,118071.0,118071.0,True,False,7.399999999994179,0.0,7.399999999994179,7.5,37.5,22.5,80,0,81,Explotacion activa
2259,19,GA,poblacional,118071.0,118071.0,True,False,7.399999999994179,0.0,7.399999999994179,7.5,37.5,22.5,81,0,82,Explotacion activa
2260,19,GA,poblacional,118071.0,118071.0,True,False,7.399999999994179,0.0,7.399999999994179,7.5,37.5,22.5,82,0,83,Explotacion activa
2261,19,GA,poblacional,118071.0,118071.0,True,False,7.399999999994179,0.0,7.399999999994179,0.0,7.399999999994179,7.399999999994179,83,1,84,Explotacion activa
2262,19,GA,poblacional,118071.0,118071.0,True,False,7.399999999994179,0.0,7.399999999994179,0.0,7.399999999994179,7.399999999994179,84,2,85,Explotacion activa
2263,19,GA,poblacional,118071.0,118071.0,True,False,7.399999999994179,0.0,7.399999999994179,0.0,7.399999999994179,7.399999999994179,85,3,86,Explotacion activa
2264,19,GA,poblacional,118071.0,118071.0,True,False,7.399999999994179,0.0,7.399999999994179,0.0,7.399999999994179,7.399999999994179,86,4,87,Explotacion activa
2265,19,GA,poblacional,118071.0,118071.0,True,False,7.399999999994179,0.0,7.399999999994179,0.0,7.399999999994179,7.399999999994179,87,5,88,Explotacion activa
2266,19,GA,poblacional,118071.0,118071.0,True,False,7.399999999994179,0.0,7.399999999994179,0.0,7.399999999994179,7.399999999994179,88,6,89,Explotacion activa
2267,19,GA,poblacional,118071.0,118071.0,True,False,7.399999999994179,0.0,7.399999999994179,0.0,7.399999999994179,7.399999999994179,89,7,90,Explotacion activa
2268,19,GA,poblacional,118071.0,118071.0,True,False,7.399999999994179,0.0,7.399999999994179,0.0,7.399999999994179,7.399999999994179,90,8,91,Explotacion activa
2269,19,GA,poblacional,118071.0,118071.0,True,False,7.399999999994179,0.0,7.399999999994179,0.0,7.399999999994179,7.399999999994179,91,9,92,Explotacion activa
2270,19,GA,poblacional,118071.0,118071.0,True,False,7.399999999994179,0.0,7.399999999994179,0.0,7.399999999994179,7.399999999994179,92,10,93,Explotacion activa
2271,19,GA,poblacional,118071.0,118071.0,True,False,7.399999999994179,0.0,7.399999999994179,0.0,7.399999999994179,7.399999999994179,93,11,94,Explotacion activa
2272,19,GA,poblacional,118071.0,118071.0,True,False,7.399999999994179,0.0,7.399999999994179,0.0,7.399999999994179,7.399999999994179,94,12,95,Explotacion activa
2273,19,GA,poblacional,118071.0,118071.0,True,False,7.399999999994179,0.0,7.399999999994179,0.0,7.399999999994179,7.399999999994179,95,13,96,Explotacion activa
2274,19,GA,poblacional,118071.0,118071.0,True,False,7.399999999994179,0.0,7.399999999994179,0.0,7.399999999994179,7.399999999994179,96,14,97,Explotacion activa
2275,19,GA,poblacional,118071.0,118071.0,True,False,7.399999999994179,0.0,7.399999999994179,0.0,7.399999999994179,7.399999999994179,97,15,98,Explotacion activa
2276,19,GA,poblacional,118071.0,118071.0,True,False,7.399999999994179,0.0,7.399999999994179,0.0,7.399999999994179,7.399999999994179,98,16,99,Explotacion activa
2277,19,GA,poblacional,118071.0,118071.0,True,False,7.399999999994179,0.0,7.399999999994179,0.0,7.399999999994179,7.399999999994179,99,17,100,Explotacion activa
2278,19,GA,poblacional,118071.0,118071.0,True,False,7.399999999994179,0.0,7.399999999994179,0.0,7.399999999994179,7.399999999994179,100,18,101,Explotacion activa
2279,19,GA,poblacional,118071.0,118071.0,True,False,7.399999999994179,0.0,7.399999999994179,0.0,7.399999999994179,7.399999999994179,101,19,102,Explotacion activa
2280,19,GA,poblacional,118071.0,118071.0,True,False,7.399999999994179,0.0,7.399999999994179,0.0,7.399999999994179,7.399999999994179,102,20,103,Explotacion activa
2281,19,GA,poblacional,118071.0,118071.0,True,False,7.399999999994179,0.0,7.399999999994179,0.0,7.399999999994179,7.399999999994179,103,21,104,Explotacion activa
2282,19,GA,poblacional,118071.0,118071.0,True,False,7.399999999994179,0.0,7.399999999994179,0.0,7.399999999994179,7.399999999994179,104,22,105,Explotacion activa
2283,19,GA,poblacional,118071.0,118071.0,True,False,7.399999999994179,0.0,7.399999999994179,0.0,7.399999999994179,7.399999999994179,105,23,106,Explotacion activa
2284,19,GA,poblacional,118071.0,118071.0,True,False,7.399999999994179,0.0,7.399999999994179,0.0,7.399999999994179,7.399999999994179,106,24,107,Explotacion activa
2285,19,GA,poblacional,118071.0,118071.0,True,True,7.399999999994179,0.0,7.399999999994179,0.0,7.399999999994179,7.399999999994179,107,25,108,ESTANCAMIENTO (Fire)
2286,19,GA,poblacional,118071.0,118071.0,False,False,,,7.399999999994179,,,,0,0,1,Llenando ventana
2287,19,GA,poblacional,118071.0,118071.0,False,False,,,7.399999999994179,,,,1,0,2,Llenando ventana
2288,19,GA,poblacional,118071.0,118071.0,False,False,,,7.399999999994179,,,,2,0,3,Llenando ventana
2289,19,GA,poblacional,118071.0,118071.0,False,False,,,7.399999999994179,,,,3,0,4,Llenando ventana
2290,19,GA,poblacional,118071.0,118071.0,False,False,,,7.399999999994179,,,,4,0,5,Llenando ventana
2291,19,GA,poblacional,118071.0,118071.0,False,False,,,7.399999999994179,,,,5,0,6,Llenando ventana
2292,19,GA,poblacional,118071.0,118071.0,False,False,,,7.399999999994179,,,,6,0,7,Llenando ventana
2293,19,GA,poblacional,118071.0,118071.0,False,False,,,7.399999999994179,,,,7,0,8,Llenando ventana
2294,19,GA,poblacional,118071.0,118071.0,False,False,,,7.399999999994179,,,,8,0,9,Llenando ventana
2295,19,GA,poblacional,118071.0,118071.0,False,False,,,7.399999999994179,,,,9,0,10,Llenando ventana
2296,19,GA,poblacional,118071.0,118071.0,False,False,,,7.399999999994179,,,,10,0,11,Llenando ventana
2297,19,GA,poblacional,118071.0,118071.0,False,False,,,7.399999999994179,,,,11,0,12,Llenando ventana
2298,19,GA,poblacional,118071.0,118071.0,False,False,,,7.399999999994179,,,,12,0,13,Llenando ventana
2299,19,GA,poblacional,118071.0,118071.0,False,False,,,7.399999999994179,,,,13,0,14,Llenando ventana
2300,19,GA,poblacional,118071.0,118071.0,False,False,,,7.399999999994179,,,,14,0,15,Llenando ventana
2301,19,GA,poblacional,118071.0,118071.0,False,False,,,7.399999999994179,,,,15,0,16,Llenando ventana
2302,19,GA,poblacional,118071.0,118071.0,False,False,,,7.399999999994179,,,,16,0,17,Llenando ventana
2303,19,GA,poblacional,118071.0,118071.0,False,False,,,7.399999999994179,,,,17,0,18,Llenando ventana
2304,19,GA,poblacional,118071.0,118071.0,False,False,,,7.399999999994179,,,,18,0,19,Llenando ventana
2305,20,SA,trayectoria,118071.0,109398.0,False,False,,,,,,,19,0,20,Llenando ventana
2306,20,SA,trayectoria,118071.0,110816.0,False,False,,,,,,,20,0,21,Llenando ventana
2307,20,SA,trayectoria,118071.0,109733.0,False,False,,,,,,,21,0,22,Llenando ventana
2308,20,SA,trayectoria,118071.0,110869.0,False,False,,,,,,,22,0,23,Llenando ventana
2309,20,SA,trayectoria,118071.0,110442.0,False,False,,,,,,,23,0,24,Llenando ventana
2310,20,SA,trayectoria,118071.0,109610.0,False,False,,,,,,,24,0,25,Llenando ventana
2311,20,SA,trayectoria,118071.0,109365.0,False,False,,,,,,,25,0,26,Llenando ventana
2312,20,SA,trayectoria,118071.0,109515.0,False,False,,,,,,,26,0,27,Llenando ventana
2313,20,SA,trayectoria,118071.0,110257.0,False,False,,,,,,,27,0,28,Llenando ventana
2314,20,SA,trayectoria,118071.0,110129.0,False,False,,,,,,,28,0,29,Llenando ventana
2315,20,SA,trayectoria,118071.0,109400.0,False,False,,,,,,,29,0,30,Llenando ventana
2316,20,SA,trayectoria,118071.0,109674.0,False,False,,,,,,,30,0,31,Llenando ventana
2317,20,SA,trayectoria,118071.0,109230.0,False,False,,,,,,,31,0,32,Llenando ventana
2318,20,SA,trayectoria,118071.0,109873.0,False,False,,,,,,,32,0,33,Llenando ventana
2319,20,SA,trayectoria,118071.0,109720.0,False,False,,,,,,,33,0,34,Llenando ventana
2320,20,SA,trayectoria,118071.0,110123.0,False,False,,,,,,,34,0,35,Llenando ventana
2321,20,SA,trayectoria,118071.0,108739.0,False,False,,,,,,,35,0,36,Llenando ventana
2322,20,SA,trayectoria,118071.0,110359.0,False,False,,,,,,,36,0,37,Llenando ventana
2323,20,SA,trayectoria,118071.0,110955.0,False,False,,,,,,,37,0,38,Llenando ventana
2324,20,SA,trayectoria,118071.0,110199.0,False,False,,,,,,,38,0,39,Llenando ventana
2325,20,SA,trayectoria,118071.0,109782.0,False,False,,,,,,,39,0,40,Llenando ventana
2326,20,SA,trayectoria,118071.0,109978.0,False,False,,,,,,,40,0,41,Llenando ventana
2327,20,SA,trayectoria,118071.0,110887.0,False,False,,,,,,,41,0,42,Llenando ventana
2328,20,SA,trayectoria,118071.0,111026.0,False,False,,,,,,,42,0,43,Llenando ventana
2329,20,SA,trayectoria,118071.0,109928.0,False,False,,,,,,,43,0,44,Llenando ventana
2330,20,SA,trayectoria,118071.0,110695.0,False,False,,,,,,,44,0,45,Llenando ventana
2331,20,SA,trayectoria,118071.0,110566.0,False,False,,,,,,,45,0,46,Llenando ventana
2332,20,SA,trayectoria,118071.0,110285.0,False,False,,,,,,,46,0,47,Llenando ventana
2333,20,SA,trayectoria,118071.0,110600.0,False,False,,,,,,,47,0,48,Llenando ventana
2334,20,SA,trayectoria,118071.0,108852.0,False,False,,,,,,,48,0,49,Llenando ventana
2335,20,SA,trayectoria,118071.0,109148.0,False,False,,,,,,,49,0,50,Llenando ventana
2336,20,SA,trayectoria,118071.0,109487.0,False,False,,,,,,,50,0,51,Llenando ventana
2337,20,SA,trayectoria,118071.0,108877.0,False,False,,,,,,,51,0,52,Llenando ventana
2338,20,SA,trayectoria,118071.0,109044.0,False,False,,,,,,,52,0,53,Llenando ventana
2339,20,SA,trayectoria,118071.0,109947.0,False,False,,,,,,,53,0,54,Llenando ventana
2340,20,SA,trayectoria,118071.0,110496.0,False,False,,,,,,,54,0,55,Llenando ventana
2341,20,SA,trayectoria,118071.0,110311.0,False,False,,,,,,,55,0,56,Llenando ventana
2342,20,SA,trayectoria,118071.0,110068.0,False,False,,,,,,,56,0,57,Llenando ventana
2343,20,SA,trayectoria,118071.0,110269.0,False,False,,,,,,,57,0,58,Llenando ventana
2344,20,SA,trayectoria,118071.0,110657.0,False,False,,,,,,,58,0,59,Llenando ventana
2345,20,SA,trayectoria,118071.0,110204.0,False,False,,,,,,,59,0,60,Llenando ventana
2346,20,SA,trayectoria,118071.0,110656.0,False,False,,,,,,,60,0,61,Llenando ventana
2347,20,SA,trayectoria,118071.0,110100.0,False,False,,,,,,,61,0,62,Llenando ventana
2348,20,SA,trayectoria,118071.0,110357.0,False,False,,,,,,,62,0,63,Llenando ventana
2349,20,SA,trayectoria,118071.0,109206.0,False,False,,,,,,,63,0,64,Llenando ventana
2350,20,SA,trayectoria,118071.0,108256.0,False,False,,,,,,,64,0,65,Llenando ventana
2351,20,SA,trayectoria,118071.0,110222.0,False,False,,,,,,,65,0,66,Llenando ventana
2352,20,SA,trayectoria,118071.0,110548.0,False,False,,,,,,,66,0,67,Llenando ventana
2353,20,SA,trayectoria,118071.0,110556.0,False,False,,,,,,,67,0,68,Llenando ventana
2354,20,SA,trayectoria,118071.0,111167.0,False,False,,,,,,,68,0,69,Llenando ventana
2355,20,SA,trayectoria,118071.0,109765.0,False,False,,,,,,,69,0,70,Llenando ventana
2356,20,SA,trayectoria,118071.0,110533.0,False,False,,,,,,,70,0,71,Llenando ventana
2357,20,SA,trayectoria,118071.0,110032.0,False,False,,,,,,,71,0,72,Llenando ventana
2358,20,SA,trayectoria,118071.0,110823.0,False,False,,,,,,,72,0,73,Llenando ventana
2359,20,SA,trayectoria,118071.0,110806.0,False,False,,,,,,,73,0,74,Llenando ventana
2360,20,SA,trayectoria,118071.0,109043.0,True,False,7.399999999994179,0.0,7.399999999994179,7.5,37.5,22.5,74,0,75,Explotacion activa
2361,20,SA,trayectoria,118071.0,111864.0,True,False,7.399999999994179,0.0,7.399999999994179,7.5,37.5,22.5,75,0,76,Explotacion activa
2362,20,SA,trayectoria,118071.0,110622.0,True,False,7.399999999994179,0.0,7.399999999994179,7.5,37.5,22.5,76,0,77,Explotacion activa
2363,20,SA,trayectoria,118071.0,111241.0,True,False,7.399999999994179,0.0,7.399999999994179,7.5,37.5,22.5,77,0,78,Explotacion activa
2364,20,SA,trayectoria,118071.0,110475.0,True,False,7.399999999994179,0.0,7.399999999994179,7.5,37.5,22.5,78,0,79,Explotacion activa
2365,20,SA,trayectoria,118071.0,110460.0,True,False,7.399999999994179,0.0,7.399999999994179,7.5,37.5,22.5,79,0,80,Explotacion activa
2366,20,SA,trayectoria,118071.0,110933.0,True,False,7.399999999994179,0.0,7.399999999994179,7.5,37.5,22.5,80,0,81,Explotacion activa
2367,20,SA,trayectoria,118071.0,110075.0,True,False,7.399999999994179,0.0,7.399999999994179,7.5,37.5,22.5,81,0,82,Explotacion activa
2368,20,SA,trayectoria,118071.0,111353.0,True,False,7.399999999994179,0.0,7.399999999994179,7.5,37.5,22.5,82,0,83,Explotacion activa
2369,20,SA,trayectoria,118071.0,111536.0,True,False,7.399999999994179,0.0,7.399999999994179,0.0,7.399999999994179,7.399999999994179,83,1,84,Explotacion activa
2370,20,SA,trayectoria,118071.0,111139.0,True,False,7.399999999994179,0.0,7.399999999994179,0.0,7.399999999994179,7.399999999994179,84,2,85,Explotacion activa
2371,20,SA,trayectoria,118071.0,110887.0,True,False,7.399999999994179,0.0,7.399999999994179,0.0,7.399999999994179,7.399999999994179,85,3,86,Explotacion activa
2372,20,SA,trayectoria,118071.0,112020.0,True,False,7.399999999994179,0.0,7.399999999994179,0.0,7.399999999994179,7.399999999994179,86,4,87,Explotacion activa
2373,20,SA,trayectoria,118071.0,110317.0,True,False,7.399999999994179,0.0,7.399999999994179,0.0,7.399999999994179,7.399999999994179,87,5,88,Explotacion activa
2374,20,SA,trayectoria,118071.0,109301.0,True,False,7.399999999994179,0.0,7.399999999994179,0.0,7.399999999994179,7.399999999994179,88,6,89,Explotacion activa
2375,20,SA,trayectoria,118071.0,110512.0,True,False,7.399999999994179,0.0,7.399999999994179,0.0,7.399999999994179,7.399999999994179,89,7,90,Explotacion activa
2376,20,SA,trayectoria,118071.0,110375.0,True,False,7.399999999994179,0.0,7.399999999994179,0.0,7.399999999994179,7.399999999994179,90,8,91,Explotacion activa
2377,20,SA,trayectoria,118071.0,110586.0,True,False,7.399999999994179,0.0,7.399999999994179,0.0,7.399999999994179,7.399999999994179,91,9,92,Explotacion activa
2378,20,SA,trayectoria,118071.0,111090.0,True,False,7.399999999994179,0.0,7.399999999994179,0.0,7.399999999994179,7.399999999994179,92,10,93,Explotacion activa
2379,20,SA,trayectoria,118071.0,110592.0,True,False,7.399999999994179,0.0,7.399999999994179,0.0,7.399999999994179,7.399999999994179,93,11,94,Explotacion activa
2380,20,SA,trayectoria,118071.0,111264.0,True,False,7.399999999994179,0.0,7.399999999994179,0.0,7.399999999994179,7.399999999994179,94,12,95,Explotacion activa
2381,20,SA,trayectoria,118071.0,110778.0,True,False,7.399999999994179,0.0,7.399999999994179,0.0,7.399999999994179,7.399999999994179,95,13,96,Explotacion activa
2382,20,SA,trayectoria,118071.0,110008.0,True,False,7.399999999994179,0.0,7.399999999994179,0.0,7.399999999994179,7.399999999994179,96,14,97,Explotacion activa
2383,20,SA,trayectoria,118071.0,109777.0,True,False,7.399999999994179,0.0,7.399999999994179,0.0,7.399999999994179,7.399999999994179,97,15,98,Explotacion activa
2384,20,SA,trayectoria,118071.0,110852.0,True,False,7.399999999994179,0.0,7.399999999994179,0.0,7.399999999994179,7.399999999994179,98,16,99,Explotacion activa
2385,20,SA,trayectoria,118071.0,110650.0,True,False,7.399999999994179,0.0,7.399999999994179,0.0,7.399999999994179,7.399999999994179,99,17,100,Explotacion activa
2386,20,SA,trayectoria,118071.0,110935.0,True,False,7.399999999994179,0.0,7.399999999994179,0.0,7.399999999994179,7.399999999994179,100,18,101,Explotacion activa
2387,20,SA,trayectoria,118071.0,110391.0,True,False,7.399999999994179,0.0,7.399999999994179,0.0,7.399999999994179,7.399999999994179,101,19,102,Explotacion activa
2388,20,SA,trayectoria,118071.0,109843.0,True,False,7.399999999994179,0.0,7.399999999994179,0.0,7.399999999994179,7.399999999994179,102,20,103,Explotacion activa
2389,20,SA,trayectoria,118071.0,110324.0,True,False,7.399999999994179,0.0,7.399999999994179,0.0,7.399999999994179,7.399999999994179,103,21,104,Explotacion activa
2390,20,SA,trayectoria,118071.0,110082.0,True,False,7.399999999994179,0.0,7.399999999994179,0.0,7.399999999994179,7.399999999994179,104,22,105,Explotacion activa
2391,20,SA,trayectoria,118071.0,110376.0,True,False,7.399999999994179,0.0,7.399999999994179,0.0,7.399999999994179,7.399999999994179,105,23,106,Explotacion activa
2392,20,SA,trayectoria,118071.0,111231.0,True,False,7.399999999994179,0.0,7.399999999994179,0.0,7.399999999994179,7.399999999994179,106,24,107,Explotacion activa
2393,20,SA,trayectoria,118071.0,111015.0,True,True,7.399999999994179,0.0,7.399999999994179,0.0,7.399999999994179,7.399999999994179,107,25,108,ESTANCAMIENTO (Fire)
2394,20,SA,trayectoria,118071.0,111507.0,False,False,,,7.399999999994179,,,,0,0,1,Llenando ventana
2395,20,SA,trayectoria,118071.0,110986.0,False,False,,,7.399999999994179,,,,1,0,2,Llenando ventana
2396,20,SA,trayectoria,118071.0,110537.0,False,False,,,7.399999999994179,,,,2,0,3,Llenando ventana
2397,20,SA,trayectoria,118071.0,110467.0,False,False,,,7.399999999994179,,,,3,0,4,Llenando ventana
2398,20,SA,trayectoria,118071.0,111177.0,False,False,,,7.399999999994179,,,,4,0,5,Llenando ventana
2399,20,SA,trayectoria,118071.0,111709.0,False,False,,,7.399999999994179,,,,5,0,6,Llenando ventana
2400,20,SA,trayectoria,118071.0,112046.0,False,False,,,7.399999999994179,,,,6,0,7,Llenando ventana
2401,20,SA,trayectoria,118071.0,112243.0,False,False,,,7.399999999994179,,,,7,0,8,Llenando ventana
2402,20,SA,trayectoria,118071.0,112744.0,False,False,,,7.399999999994179,,,,8,0,9,Llenando ventana
2403,20,SA,trayectoria,118071.0,112943.0,False,False,,,7.399999999994179,,,,9,0,10,Llenando ventana
2404,20,SA,trayectoria,118071.0,113308.0,False,False,,,7.399999999994179,,,,10,0,11,Llenando ventana
2405,20,SA,trayectoria,118071.0,113456.0,False,False,,,7.399999999994179,,,,11,0,12,Llenando ventana
2406,20,SA,trayectoria,118071.0,112747.0,False,False,,,7.399999999994179,,,,12,0,13,Llenando ventana
2407,20,SA,trayectoria,118071.0,112380.0,False,False,,,7.399999999994179,,,,13,0,14,Llenando ventana
2408,20,SA,trayectoria,118071.0,112712.0,False,False,,,7.399999999994179,,,,14,0,15,Llenando ventana
2409,20,SA,trayectoria,118071.0,112434.0,False,False,,,7.399999999994179,,,,15,0,16,Llenando ventana
2410,20,SA,trayectoria,118071.0,112311.0,False,False,,,7.399999999994179,,,,16,0,17,Llenando ventana
2411,20,SA,trayectoria,118071.0,111784.0,False,False,,,7.399999999994179,,,,17,0,18,Llenando ventana
2412,20,SA,trayectoria,118071.0,111940.0,False,False,,,7.399999999994179,,,,18,0,19,Llenando ventana
2413,21,ACO,poblacional,118071.0,102286.0,False,False,,,,,,,19,0,20,Llenando ventana
2414,21,ACO,poblacional,118071.0,106881.0,False,False,,,,,,,20,0,21,Llenando ventana
2415,21,ACO,poblacional,118071.0,103951.0,False,False,,,,,,,21,0,22,Llenando ventana
2416,21,ACO,poblacional,118071.0,105789.0,False,False,,,,,,,22,0,23,Llenando ventana
2417,21,ACO,poblacional,118071.0,106278.0,False,False,,,,,,,23,0,24,Llenando ventana
2418,21,ACO,poblacional,118071.0,107166.0,False,False,,,,,,,24,0,25,Llenando ventana
2419,21,ACO,poblacional,118071.0,107865.0,False,False,,,,,,,25,0,26,Llenando ventana
2420,21,ACO,poblacional,118071.0,105796.0,False,False,,,,,,,26,0,27,Llenando ventana
2421,21,ACO,poblacional,118071.0,108168.0,False,False,,,,,,,27,0,28,Llenando ventana
2422,21,ACO,poblacional,118071.0,109918.0,False,False,,,,,,,28,0,29,Llenando ventana
2423,21,ACO,poblacional,118071.0,109242.0,False,False,,,,,,,29,0,30,Llenando ventana
2424,21,ACO,poblacional,118071.0,109033.0,False,False,,,,,,,30,0,31,Llenando ventana
2425,21,ACO,poblacional,118071.0,109226.0,False,False,,,,,,,31,0,32,Llenando ventana
2426,21,ACO,poblacional,118071.0,111456.0,False,False,,,,,,,32,0,33,Llenando ventana
2427,21,ACO,poblacional,118071.0,110714.0,False,False,,,,,,,33,0,34,Llenando ventana
2428,21,ACO,poblacional,118071.0,110361.0,False,False,,,,,,,34,0,35,Llenando ventana
2429,21,ACO,poblacional,118071.0,110759.0,False,False,,,,,,,35,0,36,Llenando ventana
2430,21,ACO,poblacional,118071.0,112503.0,False,False,,,,,,,36,0,37,Llenando ventana
2431,21,ACO,poblacional,118071.0,111577.0,False,False,,,,,,,37,0,38,Llenando ventana
2432,21,ACO,poblacional,118071.0,112626.0,False,False,,,,,,,38,0,39,Llenando ventana
2433,21,ACO,poblacional,118071.0,113512.0,False,False,,,,,,,39,0,40,Llenando ventana
2434,21,ACO,poblacional,118071.0,113647.0,False,False,,,,,,,40,0,41,Llenando ventana
2435,21,ACO,poblacional,118071.0,113810.0,False,False,,,,,,,41,0,42,Llenando ventana
2436,21,ACO,poblacional,118071.0,114147.0,False,False,,,,,,,42,0,43,Llenando ventana
2437,21,ACO,poblacional,118071.0,114127.0,False,False,,,,,,,43,0,44,Llenando ventana
2438,21,ACO,poblacional,118071.0,112404.0,False,False,,,,,,,44,0,45,Llenando ventana
2439,21,ACO,poblacional,118071.0,112904.0,False,False,,,,,,,45,0,46,Llenando ventana
2440,21,ACO,poblacional,118071.0,114643.0,False,False,,,,,,,46,0,47,Llenando ventana
2441,21,ACO,poblacional,118071.0,114369.0,False,False,,,,,,,47,0,48,Llenando ventana
2442,21,ACO,poblacional,118071.0,113128.0,False,False,,,,,,,48,0,49,Llenando ventana
2443,21,ACO,poblacional,118071.0,113657.0,False,False,,,,,,,49,0,50,Llenando ventana
2444,21,ACO,poblacional,118071.0,112933.0,False,False,,,,,,,50,0,51,Llenando ventana
2445,21,ACO,poblacional,118071.0,114437.0,False,False,,,,,,,51,0,52,Llenando ventana
2446,21,ACO,poblacional,118071.0,112559.0,False,False,,,,,,,52,0,53,Llenando ventana
2447,21,ACO,poblacional,118071.0,113223.0,False,False,,,,,,,53,0,54,Llenando ventana
2448,21,ACO,poblacional,118071.0,113840.0,False,False,,,,,,,54,0,55,Llenando ventana
2449,21,ACO,poblacional,118071.0,114893.0,False,False,,,,,,,55,0,56,Llenando ventana
2450,21,ACO,poblacional,118071.0,112426.0,False,False,,,,,,,56,0,57,Llenando ventana
2451,21,ACO,poblacional,118071.0,113428.0,False,False,,,,,,,57,0,58,Llenando ventana
2452,21,ACO,poblacional,118071.0,112370.0,False,False,,,,,,,58,0,59,Llenando ventana
2453,21,ACO,poblacional,118071.0,112665.0,False,False,,,,,,,59,0,60,Llenando ventana
2454,21,ACO,poblacional,118071.0,113887.0,False,False,,,,,,,60,0,61,Llenando ventana
2455,21,ACO,poblacional,118071.0,113124.0,False,False,,,,,,,61,0,62,Llenando ventana
2456,21,ACO,poblacional,118071.0,112835.0,False,False,,,,,,,62,0,63,Llenando ventana
2457,21,ACO,poblacional,118071.0,113739.0,False,False,,,,,,,63,0,64,Llenando ventana
2458,21,ACO,poblacional,118071.0,113991.0,False,False,,,,,,,64,0,65,Llenando ventana
2459,21,ACO,poblacional,118071.0,113361.0,False,False,,,,,,,65,0,66,Llenando ventana
2460,21,ACO,poblacional,118071.0,113400.0,False,False,,,,,,,66,0,67,Llenando ventana
2461,21,ACO,poblacional,118071.0,112733.0,False,False,,,,,,,67,0,68,Llenando ventana
2462,21,ACO,poblacional,118071.0,112362.0,False,False,,,,,,,68,0,69,Llenando ventana
2463,21,ACO,poblacional,118071.0,113223.0,False,False,,,,,,,69,0,70,Llenando ventana
2464,21,ACO,poblacional,118071.0,113552.0,False,False,,,,,,,70,0,71,Llenando ventana
2465,21,ACO,poblacional,118071.0,112922.0,False,False,,,,,,,71,0,72,Llenando ventana
2466,21,ACO,poblacional,118071.0,114181.0,False,False,,,,,,,72,0,73,Llenando ventana
2467,21,ACO,poblacional,118071.0,113196.0,False,False,,,,,,,73,0,74,Llenando ventana
2468,21,ACO,poblacional,118071.0,113714.0,True,False,7.399999999994179,0.0,7.399999999994179,7.5,37.5,22.5,74,0,75,Explotacion activa
2469,21,ACO,poblacional,118071.0,113800.0,True,False,7.399999999994179,0.0,7.399999999994179,7.5,37.5,22.5,75,0,76,Explotacion activa
2470,21,ACO,poblacional,118071.0,113218.0,True,False,7.399999999994179,0.0,7.399999999994179,7.5,37.5,22.5,76,0,77,Explotacion activa
2471,21,ACO,poblacional,118071.0,112458.0,True,False,7.399999999994179,0.0,7.399999999994179,7.5,37.5,22.5,77,0,78,Explotacion activa
2472,21,ACO,poblacional,118071.0,111644.0,True,False,7.399999999994179,0.0,7.399999999994179,7.5,37.5,22.5,78,0,79,Explotacion activa
2473,21,ACO,poblacional,118071.0,112902.0,True,False,7.399999999994179,0.0,7.399999999994179,7.5,37.5,22.5,79,0,80,Explotacion activa
2474,21,ACO,poblacional,118071.0,113253.0,True,False,7.399999999994179,0.0,7.399999999994179,7.5,37.5,22.5,80,0,81,Explotacion activa
2475,21,ACO,poblacional,118071.0,113137.0,True,False,7.399999999994179,0.0,7.399999999994179,7.5,37.5,22.5,81,0,82,Explotacion activa
2476,21,ACO,poblacional,118071.0,112819.0,True,False,7.399999999994179,0.0,7.399999999994179,7.5,37.5,22.5,82,0,83,Explotacion activa
2477,21,ACO,poblacional,118071.0,113608.0,True,False,7.399999999994179,0.0,7.399999999994179,0.0,7.399999999994179,7.399999999994179,83,1,84,Explotacion activa
2478,21,ACO,poblacional,118071.0,113153.0,True,False,7.399999999994179,0.0,7.399999999994179,0.0,7.399999999994179,7.399999999994179,84,2,85,Explotacion activa
2479,21,ACO,poblacional,118071.0,112967.0,True,False,7.399999999994179,0.0,7.399999999994179,0.0,7.399999999994179,7.399999999994179,85,3,86,Explotacion activa
2480,21,ACO,poblacional,118071.0,113540.0,True,False,7.399999999994179,0.0,7.399999999994179,0.0,7.399999999994179,7.399999999994179,86,4,87,Explotacion activa
2481,21,ACO,poblacional,118071.0,112861.0,True,False,7.399999999994179,0.0,7.399999999994179,0.0,7.399999999994179,7.399999999994179,87,5,88,Explotacion activa
2482,21,ACO,poblacional,118071.0,112587.0,True,False,7.399999999994179,0.0,7.399999999994179,0.0,7.399999999994179,7.399999999994179,88,6,89,Explotacion activa
2483,21,ACO,poblacional,118071.0,112264.0,True,False,7.399999999994179,0.0,7.399999999994179,0.0,7.399999999994179,7.399999999994179,89,7,90,Explotacion activa
2484,21,ACO,poblacional,118071.0,113181.0,True,False,7.399999999994179,0.0,7.399999999994179,0.0,7.399999999994179,7.399999999994179,90,8,91,Explotacion activa
2485,21,ACO,poblacional,118071.0,113369.0,True,False,7.399999999994179,0.0,7.399999999994179,0.0,7.399999999994179,7.399999999994179,91,9,92,Explotacion activa
2486,21,ACO,poblacional,118071.0,112706.0,True,False,7.399999999994179,0.0,7.399999999994179,0.0,7.399999999994179,7.399999999994179,92,10,93,Explotacion activa
2487,21,ACO,poblacional,118071.0,112740.0,True,False,7.399999999994179,0.0,7.399999999994179,0.0,7.399999999994179,7.399999999994179,93,11,94,Explotacion activa
2488,21,ACO,poblacional,118071.0,113580.0,True,False,7.399999999994179,0.0,7.399999999994179,0.0,7.399999999994179,7.399999999994179,94,12,95,Explotacion activa
2489,21,ACO,poblacional,118071.0,113516.0,True,False,7.399999999994179,0.0,7.399999999994179,0.0,7.399999999994179,7.399999999994179,95,13,96,Explotacion activa
2490,21,ACO,poblacional,118071.0,112564.0,True,False,7.399999999994179,0.0,7.399999999994179,0.0,7.399999999994179,7.399999999994179,96,14,97,Explotacion activa
2491,21,ACO,poblacional,118071.0,113065.0,True,False,7.399999999994179,0.0,7.399999999994179,0.0,7.399999999994179,7.399999999994179,97,15,98,Explotacion activa
2492,21,ACO,poblacional,118071.0,112899.0,True,False,7.399999999994179,0.0,7.399999999994179,0.0,7.399999999994179,7.399999999994179,98,16,99,Explotacion activa
2493,21,ACO,poblacional,118071.0,112987.0,True,False,7.399999999994179,0.0,7.399999999994179,0.0,7.399999999994179,7.399999999994179,99,17,100,Explotacion activa
2494,21,ACO,poblacional,118071.0,113339.0,True,False,7.399999999994179,0.0,7.399999999994179,0.0,7.399999999994179,7.399999999994179,100,18,101,Explotacion activa
2495,21,ACO,poblacional,118071.0,113286.0,True,False,7.399999999994179,0.0,7.399999999994179,0.0,7.399999999994179,7.399999999994179,101,19,102,Explotacion activa
2496,21,ACO,poblacional,118071.0,113753.0,True,False,7.399999999994179,0.0,7.399999999994179,0.0,7.399999999994179,7.399999999994179,102,20,103,Explotacion activa
2497,21,ACO,poblacional,118071.0,113740.0,True,False,7.399999999994179,0.0,7.399999999994179,0.0,7.399999999994179,7.399999999994179,103,21,104,Explotacion activa
2498,21,ACO,poblacional,118071.0,113464.0,True,False,7.399999999994179,0.0,7.399999999994179,0.0,7.399999999994179,7.399999999994179,104,22,105,Explotacion activa
2499,21,ACO,poblacional,118071.0,113921.0,True,False,7.399999999994179,0.0,7.399999999994179,0.0,7.399999999994179,7.399999999994179,105,23,106,Explotacion activa
2500,21,ACO,poblacional,118071.0,113989.0,True,False,7.399999999994179,0.0,7.399999999994179,0.0,7.399999999994179,7.399999999994179,106,24,107,Explotacion activa
2501,21,ACO,poblacional,118071.0,112990.0,True,True,7.399999999994179,0.0,7.399999999994179,0.0,7.399999999994179,7.399999999994179,107,25,108,ESTANCAMIENTO (Fire)
2502,21,ACO,poblacional,118071.0,113196.0,False,False,,,7.399999999994179,,,,0,0,1,Llenando ventana
2503,21,ACO,poblacional,118071.0,112666.0,False,False,,,7.399999999994179,,,,1,0,2,Llenando ventana
2504,21,ACO,poblacional,118071.0,113613.0,False,False,,,7.399999999994179,,,,2,0,3,Llenando ventana
2505,21,ACO,poblacional,118071.0,113708.0,False,False,,,7.399999999994179,,,,3,0,4,Llenando ventana
2506,21,ACO,poblacional,118071.0,113215.0,False,False,,,7.399999999994179,,,,4,0,5,Llenando ventana
2507,21,ACO,poblacional,118071.0,112907.0,False,False,,,7.399999999994179,,,,5,0,6,Llenando ventana
2508,21,ACO,poblacional,118071.0,113734.0,False,False,,,7.399999999994179,,,,6,0,7,Llenando ventana
2509,21,ACO,poblacional,118071.0,113076.0,False,False,,,7.399999999994179,,,,7,0,8,Llenando ventana
2510,21,ACO,poblacional,118071.0,112573.0,False,False,,,7.399999999994179,,,,8,0,9,Llenando ventana
2511,21,ACO,poblacional,118071.0,112676.0,False,False,,,7.399999999994179,,,,9,0,10,Llenando ventana
2512,21,ACO,poblacional,118071.0,112301.0,False,False,,,7.399999999994179,,,,10,0,11,Llenando ventana
2513,21,ACO,poblacional,118071.0,112319.0,False,False,,,7.399999999994179,,,,11,0,12,Llenando ventana
2514,21,ACO,poblacional,118071.0,113904.0,False,False,,,7.399999999994179,,,,12,0,13,Llenando ventana
2515,21,ACO,poblacional,118071.0,113763.0,False,False,,,7.399999999994179,,,,13,0,14,Llenando ventana
2516,21,ACO,poblacional,118071.0,112842.0,False,False,,,7.399999999994179,,,,14,0,15,Llenando ventana
2517,21,ACO,poblacional,118071.0,112576.0,False,False,,,7.399999999994179,,,,15,0,16,Llenando ventana
2518,21,ACO,poblacional,118071.0,113828.0,False,False,,,7.399999999994179,,,,16,0,17,Llenando ventana
2519,21,ACO,poblacional,118071.0,111711.0,False,False,,,7.399999999994179,,,,17,0,18,Llenando ventana
2520,21,ACO,poblacional,118071.0,113147.0,False,False,,,7.399999999994179,,,,18,0,19,Llenando ventana
2521,22,SA,trayectoria,118071.0,110964.0,False,False,,,,,,,19,0,20,Llenando ventana
2522,22,SA,trayectoria,118071.0,110777.0,False,False,,,,,,,20,0,21,Llenando ventana
2523,22,SA,trayectoria,118071.0,110177.0,False,False,,,,,,,21,0,22,Llenando ventana
2524,22,SA,trayectoria,118071.0,109695.0,False,False,,,,,,,22,0,23,Llenando ventana
2525,22,SA,trayectoria,118071.0,110969.0,False,False,,,,,,,23,0,24,Llenando ventana
2526,22,SA,trayectoria,118071.0,110935.0,False,False,,,,,,,24,0,25,Llenando ventana
2527,22,SA,trayectoria,118071.0,109682.0,False,False,,,,,,,25,0,26,Llenando ventana
2528,22,SA,trayectoria,118071.0,110637.0,False,False,,,,,,,26,0,27,Llenando ventana
2529,22,SA,trayectoria,118071.0,110820.0,False,False,,,,,,,27,0,28,Llenando ventana
2530,22,SA,trayectoria,118071.0,110510.0,False,False,,,,,,,28,0,29,Llenando ventana
2531,22,SA,trayectoria,118071.0,110182.0,False,False,,,,,,,29,0,30,Llenando ventana
2532,22,SA,trayectoria,118071.0,108422.0,False,False,,,,,,,30,0,31,Llenando ventana
2533,22,SA,trayectoria,118071.0,109574.0,False,False,,,,,,,31,0,32,Llenando ventana
2534,22,SA,trayectoria,118071.0,109819.0,False,False,,,,,,,32,0,33,Llenando ventana
2535,22,SA,trayectoria,118071.0,109896.0,False,False,,,,,,,33,0,34,Llenando ventana
2536,22,SA,trayectoria,118071.0,109565.0,False,False,,,,,,,34,0,35,Llenando ventana
2537,22,SA,trayectoria,118071.0,108772.0,False,False,,,,,,,35,0,36,Llenando ventana
2538,22,SA,trayectoria,118071.0,109236.0,False,False,,,,,,,36,0,37,Llenando ventana
2539,22,SA,trayectoria,118071.0,108423.0,False,False,,,,,,,37,0,38,Llenando ventana
2540,22,SA,trayectoria,118071.0,110351.0,False,False,,,,,,,38,0,39,Llenando ventana
2541,22,SA,trayectoria,118071.0,109488.0,False,False,,,,,,,39,0,40,Llenando ventana
2542,22,SA,trayectoria,118071.0,110276.0,False,False,,,,,,,40,0,41,Llenando ventana
2543,22,SA,trayectoria,118071.0,109807.0,False,False,,,,,,,41,0,42,Llenando ventana
2544,22,SA,trayectoria,118071.0,110311.0,False,False,,,,,,,42,0,43,Llenando ventana
2545,22,SA,trayectoria,118071.0,110458.0,False,False,,,,,,,43,0,44,Llenando ventana
2546,22,SA,trayectoria,118071.0,108849.0,False,False,,,,,,,44,0,45,Llenando ventana
2547,22,SA,trayectoria,118071.0,110943.0,False,False,,,,,,,45,0,46,Llenando ventana
2548,22,SA,trayectoria,118071.0,110401.0,False,False,,,,,,,46,0,47,Llenando ventana
2549,22,SA,trayectoria,118071.0,110333.0,False,False,,,,,,,47,0,48,Llenando ventana
2550,22,SA,trayectoria,118071.0,110341.0,False,False,,,,,,,48,0,49,Llenando ventana
2551,22,SA,trayectoria,118071.0,110608.0,False,False,,,,,,,49,0,50,Llenando ventana
2552,22,SA,trayectoria,118071.0,109270.0,False,False,,,,,,,50,0,51,Llenando ventana
2553,22,SA,trayectoria,118071.0,109097.0,False,False,,,,,,,51,0,52,Llenando ventana
2554,22,SA,trayectoria,118071.0,110143.0,False,False,,,,,,,52,0,53,Llenando ventana
2555,22,SA,trayectoria,118071.0,109393.0,False,False,,,,,,,53,0,54,Llenando ventana
2556,22,SA,trayectoria,118071.0,110580.0,False,False,,,,,,,54,0,55,Llenando ventana
2557,22,SA,trayectoria,118071.0,111014.0,False,False,,,,,,,55,0,56,Llenando ventana
2558,22,SA,trayectoria,118071.0,110462.0,False,False,,,,,,,56,0,57,Llenando ventana
2559,22,SA,trayectoria,118071.0,110248.0,False,False,,,,,,,57,0,58,Llenando ventana
2560,22,SA,trayectoria,118071.0,110430.0,False,False,,,,,,,58,0,59,Llenando ventana
2561,22,SA,trayectoria,118071.0,110828.0,False,False,,,,,,,59,0,60,Llenando ventana
2562,22,SA,trayectoria,118071.0,111422.0,False,False,,,,,,,60,0,61,Llenando ventana
2563,22,SA,trayectoria,118071.0,111498.0,False,False,,,,,,,61,0,62,Llenando ventana
2564,22,SA,trayectoria,118071.0,110725.0,False,False,,,,,,,62,0,63,Llenando ventana
2565,22,SA,trayectoria,118071.0,110360.0,False,False,,,,,,,63,0,64,Llenando ventana
2566,22,SA,trayectoria,118071.0,110778.0,False,False,,,,,,,64,0,65,Llenando ventana
2567,22,SA,trayectoria,118071.0,110872.0,False,False,,,,,,,65,0,66,Llenando ventana
2568,22,SA,trayectoria,118071.0,110059.0,False,False,,,,,,,66,0,67,Llenando ventana
2569,22,SA,trayectoria,118071.0,110715.0,False,False,,,,,,,67,0,68,Llenando ventana
2570,22,SA,trayectoria,118071.0,110547.0,False,False,,,,,,,68,0,69,Llenando ventana
2571,22,SA,trayectoria,118071.0,110489.0,False,False,,,,,,,69,0,70,Llenando ventana
2572,22,SA,trayectoria,118071.0,110130.0,False,False,,,,,,,70,0,71,Llenando ventana
2573,22,SA,trayectoria,118071.0,109951.0,False,False,,,,,,,71,0,72,Llenando ventana
2574,22,SA,trayectoria,118071.0,110544.0,False,False,,,,,,,72,0,73,Llenando ventana
2575,22,SA,trayectoria,118071.0,110708.0,False,False,,,,,,,73,0,74,Llenando ventana
2576,22,SA,trayectoria,118071.0,110199.0,True,False,7.399999999994179,0.0,7.399999999994179,7.5,37.5,22.5,74,0,75,Explotacion activa
2577,22,SA,trayectoria,118071.0,109922.0,True,False,7.399999999994179,0.0,7.399999999994179,7.5,37.5,22.5,75,0,76,Explotacion activa
2578,22,SA,trayectoria,118071.0,109510.0,True,False,7.399999999994179,0.0,7.399999999994179,7.5,37.5,22.5,76,0,77,Explotacion activa
2579,22,SA,trayectoria,118071.0,110273.0,True,False,7.399999999994179,0.0,7.399999999994179,7.5,37.5,22.5,77,0,78,Explotacion activa
2580,22,SA,trayectoria,118071.0,110334.0,True,False,7.399999999994179,0.0,7.399999999994179,7.5,37.5,22.5,78,0,79,Explotacion activa
2581,22,SA,trayectoria,118071.0,110655.0,True,False,7.399999999994179,0.0,7.399999999994179,7.5,37.5,22.5,79,0,80,Explotacion activa
2582,22,SA,trayectoria,118071.0,112020.0,True,False,7.399999999994179,0.0,7.399999999994179,7.5,37.5,22.5,80,0,81,Explotacion activa
2583,22,SA,trayectoria,118071.0,111710.0,True,False,7.399999999994179,0.0,7.399999999994179,7.5,37.5,22.5,81,0,82,Explotacion activa
2584,22,SA,trayectoria,118071.0,111000.0,True,False,7.399999999994179,0.0,7.399999999994179,7.5,37.5,22.5,82,0,83,Explotacion activa
2585,22,SA,trayectoria,118071.0,110640.0,True,False,7.399999999994179,0.0,7.399999999994179,0.0,7.399999999994179,7.399999999994179,83,1,84,Explotacion activa
2586,22,SA,trayectoria,118071.0,109792.0,True,False,7.399999999994179,0.0,7.399999999994179,0.0,7.399999999994179,7.399999999994179,84,2,85,Explotacion activa
2587,22,SA,trayectoria,118071.0,111058.0,True,False,7.399999999994179,0.0,7.399999999994179,0.0,7.399999999994179,7.399999999994179,85,3,86,Explotacion activa
2588,22,SA,trayectoria,118071.0,111489.0,True,False,7.399999999994179,0.0,7.399999999994179,0.0,7.399999999994179,7.399999999994179,86,4,87,Explotacion activa
2589,22,SA,trayectoria,118071.0,110463.0,True,False,7.399999999994179,0.0,7.399999999994179,0.0,7.399999999994179,7.399999999994179,87,5,88,Explotacion activa
2590,22,SA,trayectoria,118071.0,110793.0,True,False,7.399999999994179,0.0,7.399999999994179,0.0,7.399999999994179,7.399999999994179,88,6,89,Explotacion activa
2591,22,SA,trayectoria,118071.0,111150.0,True,False,7.399999999994179,0.0,7.399999999994179,0.0,7.399999999994179,7.399999999994179,89,7,90,Explotacion activa
2592,22,SA,trayectoria,118071.0,111176.0,True,False,7.399999999994179,0.0,7.399999999994179,0.0,7.399999999994179,7.399999999994179,90,8,91,Explotacion activa
2593,22,SA,trayectoria,118071.0,110928.0,True,False,7.399999999994179,0.0,7.399999999994179,0.0,7.399999999994179,7.399999999994179,91,9,92,Explotacion activa
2594,22,SA,trayectoria,118071.0,110886.0,True,False,7.399999999994179,0.0,7.399999999994179,0.0,7.399999999994179,7.399999999994179,92,10,93,Explotacion activa
2595,22,SA,trayectoria,118071.0,110913.0,True,False,7.399999999994179,0.0,7.399999999994179,0.0,7.399999999994179,7.399999999994179,93,11,94,Explotacion activa
2596,22,SA,trayectoria,118071.0,110819.0,True,False,7.399999999994179,0.0,7.399999999994179,0.0,7.399999999994179,7.399999999994179,94,12,95,Explotacion activa
2597,22,SA,trayectoria,118071.0,110606.0,True,False,7.399999999994179,0.0,7.399999999994179,0.0,7.399999999994179,7.399999999994179,95,13,96,Explotacion activa
2598,22,SA,trayectoria,118071.0,109638.0,True,False,7.399999999994179,0.0,7.399999999994179,0.0,7.399999999994179,7.399999999994179,96,14,97,Explotacion activa
2599,22,SA,trayectoria,118071.0,111093.0,True,False,7.399999999994179,0.0,7.399999999994179,0.0,7.399999999994179,7.399999999994179,97,15,98,Explotacion activa
2600,22,SA,trayectoria,118071.0,111701.0,True,False,7.399999999994179,0.0,7.399999999994179,0.0,7.399999999994179,7.399999999994179,98,16,99,Explotacion activa
2601,22,SA,trayectoria,118071.0,110573.0,True,False,7.399999999994179,0.0,7.399999999994179,0.0,7.399999999994179,7.399999999994179,99,17,100,Explotacion activa
2602,22,SA,trayectoria,118071.0,111233.0,True,False,7.399999999994179,0.0,7.399999999994179,0.0,7.399999999994179,7.399999999994179,100,18,101,Explotacion activa
2603,22,SA,trayectoria,118071.0,111976.0,True,False,7.399999999994179,0.0,7.399999999994179,0.0,7.399999999994179,7.399999999994179,101,19,102,Explotacion activa
2604,22,SA,trayectoria,118071.0,112118.0,True,False,7.399999999994179,0.0,7.399999999994179,0.0,7.399999999994179,7.399999999994179,102,20,103,Explotacion activa
2605,22,SA,trayectoria,118071.0,111378.0,True,False,7.399999999994179,0.0,7.399999999994179,0.0,7.399999999994179,7.399999999994179,103,21,104,Explotacion activa
2606,22,SA,trayectoria,118071.0,110999.0,True,False,7.399999999994179,0.0,7.399999999994179,0.0,7.399999999994179,7.399999999994179,104,22,105,Explotacion activa
2607,22,SA,trayectoria,118071.0,110569.0,True,False,7.399999999994179,0.0,7.399999999994179,0.0,7.399999999994179,7.399999999994179,105,23,106,Explotacion activa
2608,22,SA,trayectoria,118071.0,111361.0,True,False,7.399999999994179,0.0,7.399999999994179,0.0,7.399999999994179,7.399999999994179,106,24,107,Explotacion activa
2609,22,SA,trayectoria,118071.0,111518.0,True,True,7.399999999994179,0.0,7.399999999994179,0.0,7.399999999994179,7.399999999994179,107,25,108,ESTANCAMIENTO (Fire)
2610,22,SA,trayectoria,118071.0,111566.0,False,False,,,7.399999999994179,,,,0,0,0,Llenando ventana
2611,22,SA,trayectoria,118071.0,111660.0,False,False,,,7.399999999994179,,,,0,0,0,Llenando ventana
2612,22,SA,trayectoria,118071.0,110765.0,False,False,,,7.399999999994179,,,,0,0,0,Llenando ventana
2613,22,SA,trayectoria,118071.0,110935.0,False,False,,,7.399999999994179,,,,0,0,0,Llenando ventana
2614,22,SA,trayectoria,118071.0,111531.0,False,False,,,7.399999999994179,,,,0,0,0,Llenando ventana
2615,22,SA,trayectoria,118071.0,111856.0,False,False,,,7.399999999994179,,,,0,0,0,Llenando ventana
2616,22,SA,trayectoria,118071.0,111094.0,False,False,,,7.399999999994179,,,,0,0,0,Llenando ventana
2617,22,SA,trayectoria,118071.0,111642.0,False,False,,,7.399999999994179,,,,0,0,0,Llenando ventana
2618,22,SA,trayectoria,118071.0,110223.0,False,False,,,7.399999999994179,,,,0,0,0,Llenando ventana
2619,22,SA,trayectoria,118071.0,111924.0,False,False,,,7.399999999994179,,,,0,0,0,Llenando ventana
2620,22,SA,trayectoria,118071.0,111583.0,False,False,,,7.399999999994179,,,,0,0,0,Llenando ventana
2621,22,SA,trayectoria,118071.0,111857.0,False,False,,,7.399999999994179,,,,0,0,0,Llenando ventana
2622,22,SA,trayectoria,118071.0,113082.0,False,False,,,7.399999999994179,,,,0,0,0,Llenando ventana
2623,22,SA,trayectoria,118071.0,113603.0,False,False,,,7.399999999994179,,,,0,0,0,Llenando ventana
2624,22,SA,trayectoria,118071.0,113141.0,False,False,,,7.399999999994179,,,,0,0,0,Llenando ventana
2625,22,SA,trayectoria,118071.0,113212.0,False,False,,,7.399999999994179,,,,0,0,0,Llenando ventana
2626,22,SA,trayectoria,118071.0,113373.0,False,False,,,7.399999999994179,,,,0,0,0,Llenando ventana
2627,22,SA,trayectoria,118071.0,112750.0,False,False,,,7.399999999994179,,,,0,0,0,Llenando ventana
2628,22,SA,trayectoria,118071.0,113149.0,False,False,,,7.399999999994179,,,,0,0,0,Llenando ventana
2629,23,EHO,poblacional,118071.0,118071.0,False,False,,,,,,,0,0,0,Llenando ventana
2630,23,EHO,poblacional,118071.0,118071.0,False,False,,,,,,,0,0,0,Llenando ventana
2631,23,EHO,poblacional,118071.0,118071.0,False,False,,,,,,,0,0,0,Llenando ventana
2632,23,EHO,poblacional,118071.0,118071.0,False,False,,,,,,,0,0,0,Llenando ventana
2633,23,EHO,poblacional,118071.0,118071.0,False,False,,,,,,,0,0,0,Llenando ventana
2634,23,EHO,poblacional,118071.0,118071.0,False,False,,,,,,,0,0,0,Llenando ventana
2635,23,EHO,poblacional,118071.0,118071.0,False,False,,,,,,,0,0,0,Llenando ventana
2636,23,EHO,poblacional,118071.0,118071.0,False,False,,,,,,,0,0,0,Llenando ventana
2637,23,EHO,poblacional,118071.0,118071.0,False,False,,,,,,,0,0,0,Llenando ventana
2638,23,EHO,poblacional,118071.0,118071.0,False,False,,,,,,,0,0,0,Llenando ventana
2639,23,EHO,poblacional,118071.0,118071.0,False,False,,,,,,,0,0,0,Llenando ventana
2640,23,EHO,poblacional,118071.0,118071.0,False,False,,,,,,,0,0,0,Llenando ventana
2641,23,EHO,poblacional,118071.0,118071.0,False,False,,,,,,,0,0,0,Llenando ventana
2642,23,EHO,poblacional,118071.0,118071.0,False,False,,,,,,,0,0,0,Llenando ventana
2643,23,EHO,poblacional,118071.0,118071.0,False,False,,,,,,,0,0,0,Llenando ventana
2644,23,EHO,poblacional,118071.0,118071.0,False,False,,,,,,,0,0,0,Llenando ventana
2645,23,EHO,poblacional,118071.0,118071.0,False,False,,,,,,,0,0,0,Llenando ventana
2646,23,EHO,poblacional,118071.0,118071.0,False,False,,,,,,,0,0,0,Llenando ventana
2647,23,EHO,poblacional,118071.0,118071.0,False,False,,,,,,,0,0,0,Llenando ventana
2648,23,EHO,poblacional,118071.0,118071.0,False,False,,,,,,,0,0,0,Llenando ventana
2649,23,EHO,poblacional,118071.0,118071.0,False,False,,,,,,,0,0,0,Llenando ventana
2650,23,EHO,poblacional,118071.0,118071.0,False,False,,,,,,,0,0,0,Llenando ventana
2651,23,EHO,poblacional,118071.0,118071.0,False,False,,,,,,,0,0,0,Llenando ventana
2652,23,EHO,poblacional,118071.0,118071.0,False,False,,,,,,,0,0,0,Llenando ventana
2653,23,EHO,poblacional,118071.0,118071.0,False,False,,,,,,,0,0,0,Llenando ventana
2654,23,EHO,poblacional,118071.0,118071.0,False,False,,,,,,,0,0,0,Llenando ventana
2655,23,EHO,poblacional,118071.0,118071.0,False,False,,,,,,,0,0,0,Llenando ventana
2656,23,EHO,poblacional,118071.0,118071.0,False,False,,,,,,,0,0,0,Llenando ventana
2657,23,EHO,poblacional,118071.0,118071.0,False,False,,,,,,,0,0,0,Llenando ventana
2658,23,EHO,poblacional,118071.0,118071.0,False,False,,,,,,,0,0,0,Llenando ventana
2659,23,EHO,poblacional,118071.0,118071.0,False,False,,,,,,,0,0,0,Llenando ventana
2660,23,EHO,poblacional,118071.0,118071.0,False,False,,,,,,,0,0,0,Llenando ventana
2661,23,EHO,poblacional,118071.0,118071.0,False,False,,,,,,,0,0,0,Llenando ventana
2662,23,EHO,poblacional,118071.0,118071.0,False,False,,,,,,,0,0,0,Llenando ventana
2663,23,EHO,poblacional,118071.0,118071.0,False,False,,,,,,,0,0,0,Llenando ventana
2664,23,EHO,poblacional,118071.0,118071.0,False,False,,,,,,,0,0,0,Llenando ventana
2665,23,EHO,poblacional,118071.0,118071.0,False,False,,,,,,,0,0,0,Llenando ventana
2666,23,EHO,poblacional,118071.0,118071.0,False,False,,,,,,,0,0,0,Llenando ventana
2667,23,EHO,poblacional,118071.0,118071.0,False,False,,,,,,,0,0,0,Llenando ventana
2668,23,EHO,poblacional,118071.0,118071.0,False,False,,,,,,,0,0,0,Llenando ventana
2669,23,EHO,poblacional,118071.0,118071.0,False,False,,,,,,,0,0,0,Llenando ventana
2670,23,EHO,poblacional,118071.0,118071.0,False,False,,,,,,,0,0,0,Llenando ventana
2671,23,EHO,poblacional,118071.0,118071.0,False,False,,,,,,,0,0,0,Llenando ventana
2672,23,EHO,poblacional,118071.0,118071.0,False,False,,,,,,,0,0,0,Llenando ventana
2673,23,EHO,poblacional,118071.0,118071.0,False,False,,,,,,,0,0,0,Llenando ventana
2674,23,EHO,poblacional,118071.0,118071.0,False,False,,,,,,,0,0,0,Llenando ventana
2675,23,EHO,poblacional,118071.0,118071.0,False,False,,,,,,,0,0,0,Llenando ventana
2676,23,EHO,poblacional,118071.0,118071.0,False,False,,,,,,,0,0,0,Llenando ventana
2677,23,EHO,poblacional,118071.0,118071.0,False,False,,,,,,,0,0,0,Llenando ventana
2678,23,EHO,poblacional,118071.0,118071.0,False,False,,,,,,,0,0,0,Llenando ventana
2679,23,EHO,poblacional,118071.0,118071.0,False,False,,,,,,,0,0,0,Llenando ventana
2680,23,EHO,poblacional,118071.0,118071.0,False,False,,,,,,,0,0,0,Llenando ventana
2681,23,EHO,poblacional,118071.0,118071.0,False,False,,,,,,,0,0,0,Llenando ventana
2682,23,EHO,poblacional,118071.0,118071.0,False,False,,,,,,,0,0,0,Llenando ventana
2683,23,EHO,poblacional,118071.0,118071.0,False,False,,,,,,,0,0,0,Llenando ventana
2684,23,EHO,poblacional,118071.0,118071.0,False,False,,,,,,,0,0,0,Llenando ventana
2685,23,EHO,poblacional,118071.0,118071.0,False,False,,,,,,,0,0,0,Llenando ventana
2686,23,EHO,poblacional,118071.0,118071.0,False,False,,,,,,,0,0,0,Llenando ventana
2687,23,EHO,poblacional,118071.0,118071.0,False,False,,,,,,,0,0,0,Llenando ventana
2688,23,EHO,poblacional,118071.0,118071.0,False,False,,,,,,,0,0,0,Llenando ventana
2689,23,EHO,poblacional,118071.0,118071.0,False,False,,,,,,,0,0,0,Llenando ventana
2690,23,EHO,poblacional,118071.0,118071.0,False,False,,,,,,,0,0,0,Llenando ventana
2691,23,EHO,poblacional,118071.0,118071.0,False,False,,,,,,,0,0,0,Llenando ventana
2692,23,EHO,poblacional,118071.0,118071.0,False,False,,,,,,,0,0,0,Llenando ventana
2693,23,EHO,poblacional,118071.0,118071.0,False,False,,,,,,,0,0,0,Llenando ventana
2694,23,EHO,poblacional,118071.0,118071.0,False,False,,,,,,,0,0,0,Llenando ventana
2695,23,EHO,poblacional,118071.0,118071.0,False,False,,,,,,,0,0,0,Llenando ventana
2696,23,EHO,poblacional,118071.0,118071.0,False,False,,,,,,,0,0,0,Llenando ventana
2697,23,EHO,poblacional,118071.0,118071.0,False,False,,,,,,,0,0,0,Llenando ventana
2698,23,EHO,poblacional,118071.0,118071.0,False,False,,,,,,,0,0,0,Llenando ventana
2699,23,EHO,poblacional,118071.0,118071.0,False,False,,,,,,,0,0,0,Llenando ventana
2700,23,EHO,poblacional,118071.0,118071.0,False,False,,,,,,,0,0,0,Llenando ventana
2701,23,EHO,poblacional,118071.0,118071.0,False,False,,,,,,,0,0,0,Llenando ventana
2702,23,EHO,poblacional,118071.0,118071.0,False,False,,,,,,,0,0,0,Llenando ventana
2703,23,EHO,poblacional,118071.0,118071.0,False,False,,,7.399999999994179,,,,0,0,0,Llenando ventana
2704,23,EHO,poblacional,118071.0,118071.0,False,False,,,7.399999999994179,,,,0,0,0,Llenando ventana
2705,23,EHO,poblacional,118071.0,118071.0,False,False,,,7.399999999994179,,,,0,0,0,Llenando ventana
2706,23,EHO,poblacional,118071.0,118071.0,False,False,,,7.399999999994179,,,,0,0,0,Llenando ventana
2707,23,EHO,poblacional,118071.0,118071.0,False,False,,,7.399999999994179,,,,0,0,0,Llenando ventana
2708,23,EHO,poblacional,118071.0,118071.0,False,False,,,7.399999999994179,,,,0,0,0,Llenando ventana
2709,23,EHO,poblacional,118071.0,118071.0,False,False,,,7.399999999994179,,,,0,0,0,Llenando ventana
2710,23,EHO,poblacional,118071.0,118071.0,False,False,,,7.399999999994179,,,,0,0,0,Llenando ventana
2711,23,EHO,poblacional,118071.0,118071.0,False,False,,,7.399999999994179,,,,0,0,0,Llenando ventana
2712,23,EHO,poblacional,118071.0,118071.0,False,False,,,7.399999999994179,,,,0,0,0,Llenando ventana
2713,23,EHO,poblacional,118071.0,118071.0,False,False,,,7.399999999994179,,,,0,0,0,Llenando ventana
2714,23,EHO,poblacional,118071.0,118071.0,False,False,,,7.399999999994179,,,,0,0,0,Llenando ventana
2715,23,EHO,poblacional,118071.0,118071.0,False,False,,,7.399999999994179,,,,0,0,0,Llenando ventana
2716,23,EHO,poblacional,118071.0,118071.0,False,False,,,7.399999999994179,,,,0,0,0,Llenando ventana
2717,23,EHO,poblacional,118071.0,118071.0,False,False,,,7.399999999994179,,,,0,0,0,Llenando ventana
2718,23,EHO,poblacional,118071.0,118071.0,False,False,,,7.399999999994179,,,,0,0,0,Llenando ventana
2719,23,EHO,poblacional,118071.0,118071.0,False,False,,,7.399999999994179,,,,0,0,0,Llenando ventana
2720,23,EHO,poblacional,118071.0,118071.0,False,False,,,7.399999999994179,,,,0,0,0,Llenando ventana
2721,23,EHO,poblacional,118071.0,118071.0,False,False,,,7.399999999994179,,,,0,0,0,Llenando ventana
2722,23,EHO,poblacional,118071.0,118071.0,False,False,,,7.399999999994179,,,,0,0,0,Llenando ventana
2723,23,EHO,poblacional,118071.0,118071.0,False,False,,,7.399999999994179,,,,0,0,0,Llenando ventana
2724,23,EHO,poblacional,118071.0,118071.0,False,False,,,7.399999999994179,,,,0,0,0,Llenando ventana
2725,23,EHO,poblacional,118071.0,118071.0,False,False,,,7.399999999994179,,,,0,0,0,Llenando ventana
2726,23,EHO,poblacional,118071.0,118071.0,False,False,,,7.399999999994179,,,,0,0,0,Llenando ventana
2727,23,EHO,poblacional,118071.0,118071.0,False,False,,,7.399999999994179,,,,0,0,0,Llenando ventana
2728,23,EHO,poblacional,118071.0,118071.0,False,False,,,7.399999999994179,,,,0,0,0,Llenando ventana
2729,23,EHO,poblacional,118071.0,118071.0,False,False,,,7.399999999994179,,,,0,0,0,Llenando ventana
2730,23,EHO,poblacional,118071.0,118071.0,False,False,,,7.399999999994179,,,,0,0,0,Llenando ventana
2731,23,EHO,poblacional,118071.0,118071.0,False,False,,,7.399999999994179,,,,0,0,0,Llenando ventana
2732,23,EHO,poblacional,118071.0,118071.0,False,False,,,7.399999999994179,,,,0,0,0,Llenando ventana
2733,23,EHO,poblacional,118071.0,118071.0,False,False,,,7.399999999994179,,,,0,0,0,Llenando ventana
2734,23,EHO,poblacional,118071.0,118071.0,False,False,,,7.399999999994179,,,,0,0,0,Llenando ventana
2735,23,EHO,poblacional,118071.0,118071.0,False,False,,,7.399999999994179,,,,0,0,0,Llenando ventana
2736,23,EHO,poblacional,118071.0,118071.0,False,False,,,7.399999999994179,,,,0,0,0,Llenando ventana
2737,24,TS,trayectoria,118071.0,118071.0,False,False,,,,,,,0,0,0,Llenando ventana
2738,24,TS,trayectoria,118071.0,118071.0,False,False,,,,,,,0,0,0,Llenando ventana
2739,24,TS,trayectoria,118071.0,118071.0,False,False,,,,,,,0,0,0,Llenando ventana
2740,24,TS,trayectoria,118071.0,118071.0,False,False,,,,,,,0,0,0,Llenando ventana
2741,24,TS,trayectoria,118071.0,118071.0,False,False,,,,,,,0,0,0,Llenando ventana
2742,24,TS,trayectoria,118071.0,118071.0,False,False,,,,,,,0,0,0,Llenando ventana
2743,24,TS,trayectoria,118071.0,118071.0,False,False,,,,,,,0,0,0,Llenando ventana
2744,24,TS,trayectoria,118071.0,118071.0,False,False,,,,,,,0,0,0,Llenando ventana
2745,24,TS,trayectoria,118071.0,118071.0,False,False,,,,,,,0,0,0,Llenando ventana
2746,24,TS,trayectoria,118071.0,118071.0,False,False,,,,,,,0,0,0,Llenando ventana
2747,24,TS,trayectoria,118071.0,118071.0,False,False,,,,,,,0,0,0,Llenando ventana
2748,24,TS,trayectoria,118071.0,118071.0,False,False,,,,,,,0,0,0,Llenando ventana
2749,24,TS,trayectoria,118071.0,118071.0,False,False,,,,,,,0,0,0,Llenando ventana
2750,24,TS,trayectoria,118071.0,118071.0,False,False,,,,,,,0,0,0,Llenando ventana
2751,24,TS,trayectoria,118071.0,118071.0,False,False,,,,,,,0,0,0,Llenando ventana
2752,24,TS,trayectoria,118071.0,118071.0,False,False,,,,,,,0,0,0,Llenando ventana
2753,24,TS,trayectoria,118071.0,118071.0,False,False,,,,,,,0,0,0,Llenando ventana
2754,24,TS,trayectoria,118071.0,118071.0,False,False,,,,,,,0,0,0,Llenando ventana
2755,24,TS,trayectoria,118071.0,118071.0,False,False,,,,,,,0,0,0,Llenando ventana
2756,24,TS,trayectoria,118071.0,118071.0,False,False,,,,,,,0,0,0,Llenando ventana
2757,24,TS,trayectoria,118071.0,118071.0,False,False,,,,,,,0,0,0,Llenando ventana
2758,24,TS,trayectoria,118071.0,118071.0,False,False,,,,,,,0,0,0,Llenando ventana
2759,24,TS,trayectoria,118071.0,118071.0,False,False,,,,,,,0,0,0,Llenando ventana
2760,24,TS,trayectoria,118071.0,118071.0,False,False,,,,,,,0,0,0,Llenando ventana
2761,24,TS,trayectoria,118071.0,118071.0,False,False,,,,,,,0,0,0,Llenando ventana
2762,24,TS,trayectoria,118071.0,118071.0,False,False,,,,,,,0,0,0,Llenando ventana
2763,24,TS,trayectoria,118071.0,118071.0,False,False,,,,,,,0,0,0,Llenando ventana
2764,24,TS,trayectoria,118071.0,118071.0,False,False,,,,,,,0,0,0,Llenando ventana
2765,24,TS,trayectoria,118071.0,118071.0,False,False,,,,,,,0,0,0,Llenando ventana
2766,24,TS,trayectoria,118071.0,118071.0,False,False,,,,,,,0,0,0,Llenando ventana
2767,24,TS,trayectoria,118071.0,118071.0,False,False,,,,,,,0,0,0,Llenando ventana
2768,24,TS,trayectoria,118071.0,118071.0,False,False,,,,,,,0,0,0,Llenando ventana
2769,24,TS,trayectoria,118071.0,118071.0,False,False,,,,,,,0,0,0,Llenando ventana
2770,24,TS,trayectoria,118071.0,118071.0,False,False,,,,,,,0,0,0,Llenando ventana
2771,24,TS,trayectoria,118071.0,118071.0,False,False,,,,,,,0,0,0,Llenando ventana
2772,24,TS,trayectoria,118071.0,118071.0,False,False,,,,,,,0,0,0,Llenando ventana
2773,24,TS,trayectoria,118071.0,118071.0,False,False,,,,,,,0,0,0,Llenando ventana
2774,24,TS,trayectoria,118071.0,118071.0,False,False,,,,,,,0,0,0,Llenando ventana
2775,24,TS,trayectoria,118071.0,118071.0,False,False,,,,,,,0,0,0,Llenando ventana
2776,24,TS,trayectoria,118071.0,118071.0,False,False,,,,,,,0,0,0,Llenando ventana
2777,24,TS,trayectoria,118071.0,118071.0,False,False,,,,,,,0,0,0,Llenando ventana
2778,24,TS,trayectoria,118071.0,118071.0,False,False,,,,,,,0,0,0,Llenando ventana
2779,24,TS,trayectoria,118071.0,118071.0,False,False,,,,,,,0,0,0,Llenando ventana
2780,24,TS,trayectoria,118071.0,118071.0,False,False,,,,,,,0,0,0,Llenando ventana
2781,24,TS,trayectoria,118071.0,118071.0,False,False,,,,,,,0,0,0,Llenando ventana
2782,24,TS,trayectoria,118071.0,118071.0,False,False,,,,,,,0,0,0,Llenando ventana
2783,24,TS,trayectoria,118071.0,118071.0,False,False,,,,,,,0,0,0,Llenando ventana
2784,24,TS,trayectoria,118071.0,118071.0,False,False,,,,,,,0,0,0,Llenando ventana
2785,24,TS,trayectoria,118071.0,118071.0,False,False,,,,,,,0,0,0,Llenando ventana
2786,24,TS,trayectoria,118071.0,118071.0,False,False,,,,,,,0,0,0,Llenando ventana
2787,24,TS,trayectoria,118071.0,118071.0,False,False,,,,,,,0,0,0,Llenando ventana
2788,24,TS,trayectoria,118071.0,118071.0,False,False,,,,,,,0,0,0,Llenando ventana
2789,24,TS,trayectoria,118071.0,118071.0,False,False,,,,,,,0,0,0,Llenando ventana
2790,24,TS,trayectoria,118071.0,118071.0,False,False,,,,,,,0,0,0,Llenando ventana
2791,24,TS,trayectoria,118071.0,118071.0,False,False,,,,,,,0,0,0,Llenando ventana
2792,24,TS,trayectoria,118071.0,118071.0,False,False,,,,,,,0,0,0,Llenando ventana
2793,24,TS,trayectoria,118071.0,118071.0,False,False,,,,,,,0,0,0,Llenando ventana
2794,24,TS,trayectoria,118071.0,118071.0,False,False,,,,,,,0,0,0,Llenando ventana
2795,24,TS,trayectoria,118071.0,118071.0,False,False,,,,,,,0,0,0,Llenando ventana
2796,24,TS,trayectoria,118071.0,118071.0,False,False,,,,,,,0,0,0,Llenando ventana
2797,24,TS,trayectoria,118071.0,118071.0,False,False,,,,,,,0,0,0,Llenando ventana
2798,24,TS,trayectoria,118071.0,118071.0,False,False,,,,,,,0,0,0,Llenando ventana
2799,24,TS,trayectoria,118071.0,118071.0,False,False,,,,,,,0,0,0,Llenando ventana
2800,24,TS,trayectoria,118071.0,118071.0,False,False,,,,,,,0,0,0,Llenando ventana
2801,24,TS,trayectoria,118071.0,118071.0,False,False,,,,,,,0,0,0,Llenando ventana
2802,24,TS,trayectoria,118071.0,118071.0,False,False,,,,,,,0,0,0,Llenando ventana
2803,24,TS,trayectoria,118071.0,118071.0,False,False,,,,,,,0,0,0,Llenando ventana
2804,24,TS,trayectoria,118071.0,118071.0,False,False,,,,,,,0,0,0,Llenando ventana
2805,24,TS,trayectoria,118071.0,118071.0,False,False,,,,,,,0,0,0,Llenando ventana
2806,24,TS,trayectoria,118071.0,118071.0,False,False,,,,,,,0,0,0,Llenando ventana
2807,24,TS,trayectoria,118071.0,118071.0,False,False,,,,,,,0,0,0,Llenando ventana
2808,24,TS,trayectoria,118071.0,118071.0,False,False,,,,,,,0,0,0,Llenando ventana
2809,24,TS,trayectoria,118071.0,118071.0,False,False,,,,,,,0,0,0,Llenando ventana
2810,24,TS,trayectoria,118071.0,118071.0,False,False,,,,,,,0,0,0,Llenando ventana
2811,24,TS,trayectoria,118071.0,118071.0,False,False,,,7.399999999994179,,,,0,0,0,Llenando ventana
2812,24,TS,trayectoria,118071.0,118071.0,False,False,,,7.399999999994179,,,,0,0,0,Llenando ventana
2813,24,TS,trayectoria,118071.0,118071.0,False,False,,,7.399999999994179,,,,0,0,0,Llenando ventana
2814,24,TS,trayectoria,118071.0,118071.0,False,False,,,7.399999999994179,,,,0,0,0,Llenando ventana
2815,24,TS,trayectoria,118071.0,118071.0,False,False,,,7.399999999994179,,,,0,0,0,Llenando ventana
2816,24,TS,trayectoria,118071.0,118071.0,False,False,,,7.399999999994179,,,,0,0,0,Llenando ventana
2817,24,TS,trayectoria,118071.0,118071.0,False,False,,,7.399999999994179,,,,0,0,0,Llenando ventana
2818,24,TS,trayectoria,118071.0,118071.0,False,False,,,7.399999999994179,,,,0,0,0,Llenando ventana
2819,24,TS,trayectoria,118071.0,118071.0,False,False,,,7.399999999994179,,,,0,0,0,Llenando ventana
2820,24,TS,trayectoria,118071.0,118071.0,False,False,,,7.399999999994179,,,,0,0,0,Llenando ventana
2821,24,TS,trayectoria,118071.0,118071.0,False,False,,,7.399999999994179,,,,0,0,0,Llenando ventana
2822,24,TS,trayectoria,118071.0,118071.0,False,False,,,7.399999999994179,,,,0,0,0,Llenando ventana
2823,24,TS,trayectoria,118071.0,118071.0,False,False,,,7.399999999994179,,,,0,0,0,Llenando ventana
2824,24,TS,trayectoria,118071.0,118071.0,False,False,,,7.399999999994179,,,,0,0,0,Llenando ventana
2825,24,TS,trayectoria,118071.0,118071.0,False,False,,,7.399999999994179,,,,0,0,0,Llenando ventana
2826,24,TS,trayectoria,118071.0,118071.0,False,False,,,7.399999999994179,,,,0,0,0,Llenando ventana
2827,24,TS,trayectoria,118071.0,118071.0,False,False,,,7.399999999994179,,,,0,0,0,Llenando ventana
2828,24,TS,trayectoria,118071.0,118071.0,False,False,,,7.399999999994179,,,,0,0,0,Llenando ventana
2829,24,TS,trayectoria,118071.0,118071.0,False,False,,,7.399999999994179,,,,0,0,0,Llenando ventana
2830,24,TS,trayectoria,118071.0,118071.0,False,False,,,7.399999999994179,,,,0,0,0,Llenando ventana
2831,24,TS,trayectoria,118071.0,118071.0,False,False,,,7.399999999994179,,,,0,0,0,Llenando ventana
2832,24,TS,trayectoria,118071.0,118071.0,False,False,,,7.399999999994179,,,,0,0,0,Llenando ventana
2833,24,TS,trayectoria,118071.0,118071.0,False,False,,,7.399999999994179,,,,0,0,0,Llenando ventana
2834,24,TS,trayectoria,118071.0,118071.0,False,False,,,7.399999999994179,,,,0,0,0,Llenando ventana
2835,24,TS,trayectoria,118071.0,118071.0,False,False,,,7.399999999994179,,,,0,0,0,Llenando ventana
2836,24,TS,trayectoria,118071.0,118071.0,False,False,,,7.399999999994179,,,,0,0,0,Llenando ventana
2837,24,TS,trayectoria,118071.0,118071.0,False,False,,,7.399999999994179,,,,0,0,0,Llenando ventana
2838,24,TS,trayectoria,118071.0,118071.0,False,False,,,7.399999999994179,,,,0,0,0,Llenando ventana
2839,24,TS,trayectoria,118071.0,118071.0,False,False,,,7.399999999994179,,,,0,0,0,Llenando ventana
2840,24,TS,trayectoria,118071.0,118071.0,False,False,,,7.399999999994179,,,,0,0,0,Llenando ventana
2841,24,TS,trayectoria,118071.0,118071.0,False,False,,,7.399999999994179,,,,0,0,0,Llenando ventana
2842,24,TS,trayectoria,118071.0,118071.0,False,False,,,7.399999999994179,,,,0,0,0,Llenando ventana
2843,24,TS,trayectoria,118071.0,118071.0,False,False,,,7.399999999994179,,,,0,0,0,Llenando ventana
2844,24,TS,trayectoria,118071.0,118071.0,False,False,,,7.399999999994179,,,,0,0,0,Llenando ventana
2845,25,GA,poblacional,118071.0,118071.0,False,False,,,,,,,0,0,0,Llenando ventana
2846,25,GA,poblacional,118071.0,118071.0,False,False,,,,,,,0,0,0,Llenando ventana
2847,25,GA,poblacional,118071.0,118071.0,False,False,,,,,,,0,0,0,Llenando ventana
2848,25,GA,poblacional,118071.0,118071.0,False,False,,,,,,,0,0,0,Llenando ventana
2849,25,GA,poblacional,118071.0,118071.0,False,False,,,,,,,0,0,0,Llenando ventana
2850,25,GA,poblacional,118071.0,118071.0,False,False,,,,,,,0,0,0,Llenando ventana
2851,25,GA,poblacional,118071.0,118071.0,False,False,,,,,,,0,0,0,Llenando ventana
2852,25,GA,poblacional,118071.0,118071.0,False,False,,,,,,,0,0,0,Llenando ventana
2853,25,GA,poblacional,118071.0,118071.0,False,False,,,,,,,0,0,0,Llenando ventana
2854,25,GA,poblacional,118071.0,118071.0,False,False,,,,,,,0,0,0,Llenando ventana
2855,25,GA,poblacional,118071.0,118071.0,False,False,,,,,,,0,0,0,Llenando ventana
2856,25,GA,poblacional,118071.0,118071.0,False,False,,,,,,,0,0,0,Llenando ventana
2857,25,GA,poblacional,118071.0,118071.0,False,False,,,,,,,0,0,0,Llenando ventana
2858,25,GA,poblacional,118071.0,118071.0,False,False,,,,,,,0,0,0,Llenando ventana
2859,25,GA,poblacional,118071.0,118071.0,False,False,,,,,,,0,0,0,Llenando ventana
2860,25,GA,poblacional,118071.0,118071.0,False,False,,,,,,,0,0,0,Llenando ventana
2861,25,GA,poblacional,118071.0,118071.0,False,False,,,,,,,0,0,0,Llenando ventana
2862,25,GA,poblacional,118071.0,118071.0,False,False,,,,,,,0,0,0,Llenando ventana
2863,25,GA,poblacional,118071.0,118071.0,False,False,,,,,,,0,0,0,Llenando ventana
2864,25,GA,poblacional,118071.0,118071.0,False,False,,,,,,,0,0,0,Llenando ventana
2865,25,GA,poblacional,118071.0,118071.0,False,False,,,,,,,0,0,0,Llenando ventana
2866,25,GA,poblacional,118071.0,118071.0,False,False,,,,,,,0,0,0,Llenando ventana
2867,25,GA,poblacional,118071.0,118071.0,False,False,,,,,,,0,0,0,Llenando ventana
2868,25,GA,poblacional,118071.0,118071.0,False,False,,,,,,,0,0,0,Llenando ventana
2869,25,GA,poblacional,118071.0,118071.0,False,False,,,,,,,0,0,0,Llenando ventana
2870,25,GA,poblacional,118071.0,118071.0,False,False,,,,,,,0,0,0,Llenando ventana
2871,25,GA,poblacional,118071.0,118071.0,False,False,,,,,,,0,0,0,Llenando ventana
2872,25,GA,poblacional,118071.0,118071.0,False,False,,,,,,,0,0,0,Llenando ventana
2873,25,GA,poblacional,118071.0,118071.0,False,False,,,,,,,0,0,0,Llenando ventana
2874,25,GA,poblacional,118071.0,118071.0,False,False,,,,,,,0,0,0,Llenando ventana
2875,25,GA,poblacional,118071.0,118071.0,False,False,,,,,,,0,0,0,Llenando ventana
2876,25,GA,poblacional,118071.0,118071.0,False,False,,,,,,,0,0,0,Llenando ventana
2877,25,GA,poblacional,118071.0,118071.0,False,False,,,,,,,0,0,0,Llenando ventana
2878,25,GA,poblacional,118071.0,118071.0,False,False,,,,,,,0,0,0,Llenando ventana
2879,25,GA,poblacional,118071.0,118071.0,False,False,,,,,,,0,0,0,Llenando ventana
2880,25,GA,poblacional,118071.0,118071.0,False,False,,,,,,,0,0,0,Llenando ventana
2881,25,GA,poblacional,118071.0,118071.0,False,False,,,,,,,0,0,0,Llenando ventana
2882,25,GA,poblacional,118071.0,118071.0,False,False,,,,,,,0,0,0,Llenando ventana
2883,25,GA,poblacional,118071.0,118071.0,False,False,,,,,,,0,0,0,Llenando ventana
2884,25,GA,poblacional,118071.0,118071.0,False,False,,,,,,,0,0,0,Llenando ventana
2885,25,GA,poblacional,118071.0,118071.0,False,False,,,,,,,0,0,0,Llenando ventana
2886,25,GA,poblacional,118071.0,118071.0,False,False,,,,,,,0,0,0,Llenando ventana
2887,25,GA,poblacional,118071.0,118071.0,False,False,,,,,,,0,0,0,Llenando ventana
2888,25,GA,poblacional,118071.0,118071.0,False,False,,,,,,,0,0,0,Llenando ventana
2889,25,GA,poblacional,118071.0,118071.0,False,False,,,,,,,0,0,0,Llenando ventana
2890,25,GA,poblacional,118071.0,118071.0,False,False,,,,,,,0,0,0,Llenando ventana
2891,25,GA,poblacional,118071.0,118071.0,False,False,,,,,,,0,0,0,Llenando ventana
2892,25,GA,poblacional,118071.0,118071.0,False,False,,,,,,,0,0,0,Llenando ventana
2893,25,GA,poblacional,118071.0,118071.0,False,False,,,,,,,0,0,0,Llenando ventana
2894,25,GA,poblacional,118071.0,118071.0,False,False,,,,,,,0,0,0,Llenando ventana
2895,25,GA,poblacional,118071.0,118071.0,False,False,,,,,,,0,0,0,Llenando ventana
2896,25,GA,poblacional,118071.0,118071.0,False,False,,,,,,,0,0,0,Llenando ventana
2897,25,GA,poblacional,118071.0,118071.0,False,False,,,,,,,0,0,0,Llenando ventana
2898,25,GA,poblacional,118071.0,118071.0,False,False,,,,,,,0,0,0,Llenando ventana
2899,25,GA,poblacional,118071.0,118071.0,False,False,,,,,,,0,0,0,Llenando ventana
2900,25,GA,poblacional,118071.0,118071.0,False,False,,,,,,,0,0,0,Llenando ventana
2901,25,GA,poblacional,118071.0,118071.0,False,False,,,,,,,0,0,0,Llenando ventana
2902,25,GA,poblacional,118071.0,118071.0,False,False,,,,,,,0,0,0,Llenando ventana
2903,25,GA,poblacional,118071.0,118071.0,False,False,,,,,,,0,0,0,Llenando ventana
2904,25,GA,poblacional,118071.0,118071.0,False,False,,,,,,,0,0,0,Llenando ventana
2905,25,GA,poblacional,118071.0,118071.0,False,False,,,,,,,0,0,0,Llenando ventana
2906,25,GA,poblacional,118071.0,118071.0,False,False,,,,,,,0,0,0,Llenando ventana
2907,25,GA,poblacional,118071.0,118071.0,False,False,,,,,,,0,0,0,Llenando ventana
2908,25,GA,poblacional,118071.0,118071.0,False,False,,,,,,,0,0,0,Llenando ventana
2909,25,GA,poblacional,118071.0,118071.0,False,False,,,,,,,0,0,0,Llenando ventana
2910,25,GA,poblacional,118071.0,118071.0,False,False,,,,,,,0,0,0,Llenando ventana
2911,25,GA,poblacional,118071.0,118071.0,False,False,,,,,,,0,0,0,Llenando ventana
2912,25,GA,poblacional,118071.0,118071.0,False,False,,,,,,,0,0,0,Llenando ventana
2913,25,GA,poblacional,118071.0,118071.0,False,False,,,,,,,0,0,0,Llenando ventana
2914,25,GA,poblacional,118071.0,118071.0,False,False,,,,,,,0,0,0,Llenando ventana
2915,25,GA,poblacional,118071.0,118071.0,False,False,,,,,,,0,0,0,Llenando ventana
2916,25,GA,poblacional,118071.0,118071.0,False,False,,,,,,,0,0,0,Llenando ventana
2917,25,GA,poblacional,118071.0,118071.0,False,False,,,,,,,0,0,0,Llenando ventana
2918,25,GA,poblacional,118071.0,118071.0,False,False,,,,,,,0,0,0,Llenando ventana
2919,25,GA,poblacional,118071.0,118071.0,False,False,,,7.399999999994179,,,,0,0,0,Llenando ventana
2920,25,GA,poblacional,118071.0,118071.0,False,False,,,7.399999999994179,,,,0,0,0,Llenando ventana
2921,25,GA,poblacional,118071.0,118071.0,False,False,,,7.399999999994179,,,,0,0,0,Llenando ventana
2922,25,GA,poblacional,118071.0,118071.0,False,False,,,7.399999999994179,,,,0,0,0,Llenando ventana
2923,25,GA,poblacional,118071.0,118071.0,False,False,,,7.399999999994179,,,,0,0,0,Llenando ventana
2924,25,GA,poblacional,118071.0,118071.0,False,False,,,7.399999999994179,,,,0,0,0,Llenando ventana
2925,25,GA,poblacional,118071.0,118071.0,False,False,,,7.399999999994179,,,,0,0,0,Llenando ventana
2926,25,GA,poblacional,118071.0,118071.0,False,False,,,7.399999999994179,,,,0,0,0,Llenando ventana
2927,25,GA,poblacional,118071.0,118071.0,False,False,,,7.399999999994179,,,,0,0,0,Llenando ventana
2928,25,GA,poblacional,118071.0,118071.0,False,False,,,7.399999999994179,,,,0,0,0,Llenando ventana
2929,25,GA,poblacional,118071.0,118071.0,False,False,,,7.399999999994179,,,,0,0,0,Llenando ventana
2930,25,GA,poblacional,118071.0,118071.0,False,False,,,7.399999999994179,,,,0,0,0,Llenando ventana
2931,25,GA,poblacional,118071.0,118071.0,False,False,,,7.399999999994179,,,,0,0,0,Llenando ventana
2932,25,GA,poblacional,118071.0,118071.0,False,False,,,7.399999999994179,,,,0,0,0,Llenando ventana
2933,25,GA,poblacional,118071.0,118071.0,False,False,,,7.399999999994179,,,,0,0,0,Llenando ventana
2934,25,GA,poblacional,118071.0,118071.0,False,False,,,7.399999999994179,,,,0,0,0,Llenando ventana
2935,25,GA,poblacional,118071.0,118071.0,False,False,,,7.399999999994179,,,,0,0,0,Llenando ventana
2936,25,GA,poblacional,118071.0,118071.0,False,False,,,7.399999999994179,,,,0,0,0,Llenando ventana
2937,25,GA,poblacional,118071.0,118071.0,False,False,,,7.399999999994179,,,,0,0,0,Llenando ventana
2938,25,GA,poblacional,118071.0,118071.0,False,False,,,7.399999999994179,,,,0,0,0,Llenando ventana
2939,25,GA,poblacional,118071.0,118071.0,False,False,,,7.399999999994179,,,,0,0,0,Llenando ventana
2940,25,GA,poblacional,118071.0,118071.0,False,False,,,7.399999999994179,,,,0,0,0,Llenando ventana
2941,25,GA,poblacional,118071.0,118071.0,False,False,,,7.399999999994179,,,,0,0,0,Llenando ventana
2942,25,GA,poblacional,118071.0,118071.0,False,False,,,7.399999999994179,,,,0,0,0,Llenando ventana
2943,25,GA,poblacional,118071.0,118071.0,False,False,,,7.399999999994179,,,,0,0,0,Llenando ventana
2944,25,GA,poblacional,118071.0,118071.0,False,False,,,7.399999999994179,,,,0,0,0,Llenando ventana
2945,25,GA,poblacional,118071.0,118071.0,False,False,,,7.399999999994179,,,,0,0,0,Llenando ventana
2946,25,GA,poblacional,118071.0,118071.0,False,False,,,7.399999999994179,,,,0,0,0,Llenando ventana
2947,25,GA,poblacional,118071.0,118071.0,False,False,,,7.399999999994179,,,,0,0,0,Llenando ventana
2948,25,GA,poblacional,118071.0,118071.0,False,False,,,7.399999999994179,,,,0,0,0,Llenando ventana
2949,25,GA,poblacional,118071.0,118071.0,False,False,,,7.399999999994179,,,,0,0,0,Llenando ventana
2950,25,GA,poblacional,118071.0,118071.0,False,False,,,7.399999999994179,,,,0,0,0,Llenando ventana
2951,25,GA,poblacional,118071.0,118071.0,False,False,,,7.399999999994179,,,,0,0,0,Llenando ventana
2952,25,GA,poblacional,118071.0,118071.0,False,False,,,7.399999999994179,,,,0,0,0,Llenando ventana
2953,26,VNS,trayectoria,118071.0,118071.0,False,False,,,,,,,0,0,0,Llenando ventana
2954,26,VNS,trayectoria,118071.0,118071.0,False,False,,,,,,,0,0,0,Llenando ventana
2955,26,VNS,trayectoria,118071.0,118071.0,False,False,,,,,,,0,0,0,Llenando ventana
2956,26,VNS,trayectoria,118071.0,118071.0,False,False,,,,,,,0,0,0,Llenando ventana
2957,26,VNS,trayectoria,118071.0,118071.0,False,False,,,,,,,0,0,0,Llenando ventana
2958,26,VNS,trayectoria,118071.0,118071.0,False,False,,,,,,,0,0,0,Llenando ventana
2959,26,VNS,trayectoria,118071.0,118071.0,False,False,,,,,,,0,0,0,Llenando ventana
2960,26,VNS,trayectoria,118071.0,118071.0,False,False,,,,,,,0,0,0,Llenando ventana
2961,26,VNS,trayectoria,118071.0,118071.0,False,False,,,,,,,0,0,0,Llenando ventana
2962,26,VNS,trayectoria,118071.0,118071.0,False,False,,,,,,,0,0,0,Llenando ventana
2963,26,VNS,trayectoria,118071.0,118071.0,False,False,,,,,,,0,0,0,Llenando ventana
2964,26,VNS,trayectoria,118071.0,118071.0,False,False,,,,,,,0,0,0,Llenando ventana
2965,26,VNS,trayectoria,118071.0,118071.0,False,False,,,,,,,0,0,0,Llenando ventana
2966,26,VNS,trayectoria,118071.0,118071.0,False,False,,,,,,,0,0,0,Llenando ventana
2967,26,VNS,trayectoria,118071.0,118071.0,False,False,,,,,,,0,0,0,Llenando ventana
2968,26,VNS,trayectoria,118071.0,118071.0,False,False,,,,,,,0,0,0,Llenando ventana
2969,26,VNS,trayectoria,118071.0,118071.0,False,False,,,,,,,0,0,0,Llenando ventana
2970,26,VNS,trayectoria,118071.0,118071.0,False,False,,,,,,,0,0,0,Llenando ventana
2971,26,VNS,trayectoria,118071.0,118071.0,False,False,,,,,,,0,0,0,Llenando ventana
2972,26,VNS,trayectoria,118071.0,118071.0,False,False,,,,,,,0,0,0,Llenando ventana
2973,26,VNS,trayectoria,118071.0,118071.0,False,False,,,,,,,0,0,0,Llenando ventana
2974,26,VNS,trayectoria,118071.0,118071.0,False,False,,,,,,,0,0,0,Llenando ventana
2975,26,VNS,trayectoria,118071.0,118071.0,False,False,,,,,,,0,0,0,Llenando ventana
2976,26,VNS,trayectoria,118071.0,118071.0,False,False,,,,,,,0,0,0,Llenando ventana
2977,26,VNS,trayectoria,118071.0,118071.0,False,False,,,,,,,0,0,0,Llenando ventana
2978,26,VNS,trayectoria,118071.0,118071.0,False,False,,,,,,,0,0,0,Llenando ventana
2979,26,VNS,trayectoria,118071.0,118071.0,False,False,,,,,,,0,0,0,Llenando ventana
2980,26,VNS,trayectoria,118071.0,118071.0,False,False,,,,,,,0,0,0,Llenando ventana
2981,26,VNS,trayectoria,118071.0,118071.0,False,False,,,,,,,0,0,0,Llenando ventana
2982,26,VNS,trayectoria,118071.0,118071.0,False,False,,,,,,,0,0,0,Llenando ventana
2983,26,VNS,trayectoria,118071.0,118071.0,False,False,,,,,,,0,0,0,Llenando ventana
2984,26,VNS,trayectoria,118071.0,118071.0,False,False,,,,,,,0,0,0,Llenando ventana
2985,26,VNS,trayectoria,118071.0,118071.0,False,False,,,,,,,0,0,0,Llenando ventana
2986,26,VNS,trayectoria,118071.0,118071.0,False,False,,,,,,,0,0,0,Llenando ventana
2987,26,VNS,trayectoria,118071.0,118071.0,False,False,,,,,,,0,0,0,Llenando ventana
2988,26,VNS,trayectoria,118071.0,118071.0,False,False,,,,,,,0,0,0,Llenando ventana
2989,26,VNS,trayectoria,118071.0,118071.0,False,False,,,,,,,0,0,0,Llenando ventana
2990,26,VNS,trayectoria,118071.0,118071.0,False,False,,,,,,,0,0,0,Llenando ventana
2991,26,VNS,trayectoria,118071.0,118071.0,False,False,,,,,,,0,0,0,Llenando ventana
2992,26,VNS,trayectoria,118071.0,118071.0,False,False,,,,,,,0,0,0,Llenando ventana
2993,26,VNS,trayectoria,118071.0,118071.0,False,False,,,,,,,0,0,0,Llenando ventana
2994,26,VNS,trayectoria,118071.0,118071.0,False,False,,,,,,,0,0,0,Llenando ventana
2995,26,VNS,trayectoria,118071.0,118071.0,False,False,,,,,,,0,0,0,Llenando ventana
2996,26,VNS,trayectoria,118071.0,118071.0,False,False,,,,,,,0,0,0,Llenando ventana
2997,26,VNS,trayectoria,118071.0,118071.0,False,False,,,,,,,0,0,0,Llenando ventana
2998,26,VNS,trayectoria,118071.0,118071.0,False,False,,,,,,,0,0,0,Llenando ventana
2999,26,VNS,trayectoria,118071.0,118071.0,False,False,,,,,,,0,0,0,Llenando ventana
3000,26,VNS,trayectoria,118071.0,118071.0,False,False,,,,,,,0,0,0,Llenando ventana
3001,26,VNS,trayectoria,118071.0,118071.0,False,False,,,,,,,0,0,0,Llenando ventana
3002,26,VNS,trayectoria,118071.0,118071.0,False,False,,,,,,,0,0,0,Llenando ventana
3003,26,VNS,trayectoria,118071.0,118071.0,False,False,,,,,,,0,0,0,Llenando ventana
3004,26,VNS,trayectoria,118071.0,118071.0,False,False,,,,,,,0,0,0,Llenando ventana
3005,26,VNS,trayectoria,118071.0,118071.0,False,False,,,,,,,0,0,0,Llenando ventana
3006,26,VNS,trayectoria,118071.0,118071.0,False,False,,,,,,,0,0,0,Llenando ventana
3007,26,VNS,trayectoria,118071.0,118071.0,False,False,,,,,,,0,0,0,Llenando ventana
3008,26,VNS,trayectoria,118071.0,118071.0,False,False,,,,,,,0,0,0,Llenando ventana
3009,26,VNS,trayectoria,118071.0,118071.0,False,False,,,,,,,0,0,0,Llenando ventana
3010,26,VNS,trayectoria,118071.0,118071.0,False,False,,,,,,,0,0,0,Llenando ventana
3011,26,VNS,trayectoria,118071.0,118071.0,False,False,,,,,,,0,0,0,Llenando ventana
3012,26,VNS,trayectoria,118071.0,118071.0,False,False,,,,,,,0,0,0,Llenando ventana
3013,26,VNS,trayectoria,118071.0,118071.0,False,False,,,,,,,0,0,0,Llenando ventana
3014,26,VNS,trayectoria,118071.0,118071.0,False,False,,,,,,,0,0,0,Llenando ventana
3015,26,VNS,trayectoria,118071.0,118071.0,False,False,,,,,,,0,0,0,Llenando ventana
3016,26,VNS,trayectoria,118071.0,118071.0,False,False,,,,,,,0,0,0,Llenando ventana
3017,26,VNS,trayectoria,118071.0,118071.0,False,False,,,,,,,0,0,0,Llenando ventana
3018,26,VNS,trayectoria,118071.0,118071.0,False,False,,,,,,,0,0,0,Llenando ventana
3019,26,VNS,trayectoria,118071.0,118071.0,False,False,,,,,,,0,0,0,Llenando ventana
3020,26,VNS,trayectoria,118071.0,118071.0,False,False,,,,,,,0,0,0,Llenando ventana
3021,26,VNS,trayectoria,118071.0,118071.0,False,False,,,,,,,0,0,0,Llenando ventana
3022,26,VNS,trayectoria,118071.0,118071.0,False,False,,,,,,,0,0,0,Llenando ventana
3023,26,VNS,trayectoria,118071.0,118071.0,False,False,,,,,,,0,0,0,Llenando ventana
3024,26,VNS,trayectoria,118071.0,118071.0,False,False,,,,,,,0,0,0,Llenando ventana
3025,26,VNS,trayectoria,118071.0,118071.0,False,False,,,,,,,0,0,0,Llenando ventana
3026,26,VNS,trayectoria,118071.0,118071.0,False,False,,,,,,,0,0,0,Llenando ventana
3027,26,VNS,trayectoria,118071.0,118071.0,False,False,,,7.399999999994179,,,,0,0,0,Llenando ventana
3028,26,VNS,trayectoria,118071.0,118071.0,False,False,,,7.399999999994179,,,,0,0,0,Llenando ventana
3029,26,VNS,trayectoria,118071.0,118071.0,False,False,,,7.399999999994179,,,,0,0,0,Llenando ventana
3030,26,VNS,trayectoria,118071.0,118071.0,False,False,,,7.399999999994179,,,,0,0,0,Llenando ventana
3031,26,VNS,trayectoria,118071.0,118071.0,False,False,,,7.399999999994179,,,,0,0,0,Llenando ventana
3032,26,VNS,trayectoria,118071.0,118071.0,False,False,,,7.399999999994179,,,,0,0,0,Llenando ventana
3033,26,VNS,trayectoria,118071.0,118071.0,False,False,,,7.399999999994179,,,,0,0,0,Llenando ventana
3034,26,VNS,trayectoria,118071.0,118071.0,False,False,,,7.399999999994179,,,,0,0,0,Llenando ventana
3035,26,VNS,trayectoria,118071.0,118071.0,False,False,,,7.399999999994179,,,,0,0,0,Llenando ventana
3036,26,VNS,trayectoria,118071.0,118071.0,False,False,,,7.399999999994179,,,,0,0,0,Llenando ventana
3037,26,VNS,trayectoria,118071.0,118071.0,False,False,,,7.399999999994179,,,,0,0,0,Llenando ventana
3038,26,VNS,trayectoria,118071.0,118071.0,False,False,,,7.399999999994179,,,,0,0,0,Llenando ventana
3039,26,VNS,trayectoria,118071.0,118071.0,False,False,,,7.399999999994179,,,,0,0,0,Llenando ventana
3040,26,VNS,trayectoria,118071.0,118071.0,False,False,,,7.399999999994179,,,,0,0,0,Llenando ventana
3041,26,VNS,trayectoria,118071.0,118071.0,False,False,,,7.399999999994179,,,,0,0,0,Llenando ventana
3042,26,VNS,trayectoria,118071.0,118071.0,False,False,,,7.399999999994179,,,,0,0,0,Llenando ventana
3043,26,VNS,trayectoria,118071.0,118071.0,False,False,,,7.399999999994179,,,,0,0,0,Llenando ventana
3044,26,VNS,trayectoria,118071.0,118071.0,False,False,,,7.399999999994179,,,,0,0,0,Llenando ventana
3045,26,VNS,trayectoria,118071.0,118071.0,False,False,,,7.399999999994179,,,,0,0,0,Llenando ventana
3046,26,VNS,trayectoria,118071.0,118071.0,False,False,,,7.399999999994179,,,,0,0,0,Llenando ventana
3047,26,VNS,trayectoria,118071.0,118071.0,False,False,,,7.399999999994179,,,,0,0,0,Llenando ventana
3048,26,VNS,trayectoria,118071.0,118071.0,False,False,,,7.399999999994179,,,,0,0,0,Llenando ventana
3049,26,VNS,trayectoria,118071.0,118071.0,False,False,,,7.399999999994179,,,,0,0,0,Llenando ventana
3050,26,VNS,trayectoria,118071.0,118071.0,False,False,,,7.399999999994179,,,,0,0,0,Llenando ventana
3051,26,VNS,trayectoria,118071.0,118071.0,False,False,,,7.399999999994179,,,,0,0,0,Llenando ventana
3052,26,VNS,trayectoria,118071.0,118071.0,False,False,,,7.399999999994179,,,,0,0,0,Llenando ventana
3053,26,VNS,trayectoria,118071.0,118071.0,False,False,,,7.399999999994179,,,,0,0,0,Llenando ventana
3054,26,VNS,trayectoria,118071.0,118071.0,False,False,,,7.399999999994179,,,,0,0,0,Llenando ventana
3055,26,VNS,trayectoria,118071.0,118071.0,False,False,,,7.399999999994179,,,,0,0,0,Llenando ventana
3056,26,VNS,trayectoria,118071.0,118071.0,False,False,,,7.399999999994179,,,,0,0,0,Llenando ventana
3057,26,VNS,trayectoria,118071.0,118071.0,False,False,,,7.399999999994179,,,,0,0,0,Llenando ventana
3058,26,VNS,trayectoria,118071.0,118071.0,False,False,,,7.399999999994179,,,,0,0,0,Llenando ventana
3059,26,VNS,trayectoria,118071.0,118071.0,False,False,,,7.399999999994179,,,,0,0,0,Llenando ventana
3060,26,VNS,trayectoria,118071.0,118071.0,False,False,,,7.399999999994179,,,,0,0,0,Llenando ventana
