iteracion,epoch,mh,tipo,fitness_best,fitness_instantaneo,dtw_ready,dtw_fire,D1_vs_ramp,D2_vs_const,dtw_delta,theta_c,theta_r,theta_delta,no_improve_len,trigger_streak,window_n,estado_dtw
1,1,WOA,poblacional,2955.6309127510685,2955.6309127510685,False,False,,,,,,,0,0,1,Llenando ventana
2,1,WOA,poblacional,2842.689580980702,2842.689580980702,False,False,,,,,,,0,0,2,Llenando ventana
3,1,WOA,poblacional,2800.4786676786507,2800.4786676786507,False,False,,,,,,,0,0,3,Llenando ventana
4,1,WOA,poblacional,2766.5239313060756,2766.5239313060756,False,False,,,,,,,0,0,4,Llenando ventana
5,1,WOA,poblacional,2760.9380451389143,2760.9380451389143,False,False,,,,,,,0,0,5,Llenando ventana
6,1,WOA,poblacional,2760.675387155303,2760.675387155303,False,False,,,,,,,0,0,6,Llenando ventana
7,1,WOA,poblacional,2758.072757425369,2758.072757425369,False,False,,,,,,,0,0,7,Llenando ventana
8,1,WOA,poblacional,2755.463405222991,2755.463405222991,False,False,,,,,,,0,0,8,Llenando ventana
9,1,WOA,poblacional,2750.524199863584,2750.524199863584,False,False,,,,,,,0,0,9,Llenando ventana
10,1,WOA,poblacional,2746.720955200257,2746.720955200257,False,False,,,,,,,0,0,10,Llenando ventana
11,1,WOA,poblacional,2740.1750671456825,2740.1750671456825,False,False,,,,,,,0,0,11,Llenando ventana
12,1,WOA,poblacional,2734.347953860348,2734.347953860348,False,False,,,,,,,0,0,12,Llenando ventana
13,1,WOA,poblacional,2731.2567186244305,2731.2567186244305,False,False,,,,,,,0,0,13,Llenando ventana
14,1,WOA,poblacional,2727.946452079639,2727.946452079639,False,False,,,,,,,0,0,14,Llenando ventana
15,1,WOA,poblacional,2724.861544633888,2724.861544633888,False,False,,,,,,,0,0,15,Llenando ventana
16,1,WOA,poblacional,2722.2565660391056,2722.2565660391056,False,False,,,,,,,0,0,16,Llenando ventana
17,1,WOA,poblacional,2717.3562022469687,2717.3562022469687,False,False,,,,,,,0,0,17,Llenando ventana
18,1,WOA,poblacional,2708.1593194257894,2708.1593194257894,False,False,,,,,,,0,0,18,Llenando ventana
19,1,WOA,poblacional,2706.498647461054,2706.498647461054,False,False,,,,,,,0,0,19,Llenando ventana
20,1,WOA,poblacional,2704.6949236667174,2704.6949236667174,False,False,,,,,,,0,0,20,Llenando ventana
21,1,WOA,poblacional,2701.01074254608,2701.01074254608,False,False,,,,,,,0,0,21,Llenando ventana
22,1,WOA,poblacional,2693.629065412192,2693.629065412192,False,False,,,,,,,0,0,22,Llenando ventana
23,1,WOA,poblacional,2685.998508567774,2685.998508567774,False,False,,,,,,,0,0,23,Llenando ventana
24,1,WOA,poblacional,2684.285724922147,2684.285724922147,False,False,,,,,,,0,0,24,Llenando ventana
25,1,WOA,poblacional,2684.285724922147,2684.285724922147,False,False,,,,,,,1,0,25,Llenando ventana
26,1,WOA,poblacional,2683.7786268609034,2683.7786268609034,False,False,,,,,,,0,0,26,Llenando ventana
27,1,WOA,poblacional,2683.4497356719385,2683.4497356719385,False,False,,,,,,,0,0,27,Llenando ventana
28,1,WOA,poblacional,2683.3189159186286,2683.3189159186286,False,False,,,,,,,0,0,28,Llenando ventana
29,1,WOA,poblacional,2682.3622425551557,2682.3622425551557,False,False,,,,,,,0,0,29,Llenando ventana
30,1,WOA,poblacional,2681.9519937637783,2681.9519937637783,False,False,,,,,,,0,0,30,Llenando ventana
31,1,WOA,poblacional,2680.6487908685476,2680.6487908685476,False,False,,,,,,,0,0,31,Llenando ventana
32,1,WOA,poblacional,2680.114535653045,2680.114535653045,False,False,,,,,,,0,0,32,Llenando ventana
33,1,WOA,poblacional,2679.756053769912,2679.756053769912,False,False,,,,,,,0,0,33,Llenando ventana
34,1,WOA,poblacional,2679.4765965485612,2679.4765965485612,False,False,,,,,,,0,0,34,Llenando ventana
35,1,WOA,poblacional,2678.093368808846,2678.093368808846,False,False,,,,,,,0,0,35,Llenando ventana
36,1,WOA,poblacional,2669.5926983056424,2669.5926983056424,False,False,,,,,,,0,0,36,Llenando ventana
37,1,WOA,poblacional,2664.32033473058,2664.32033473058,False,False,,,,,,,0,0,37,Llenando ventana
38,1,WOA,poblacional,2658.5040586660543,2658.5040586660543,False,False,,,,,,,0,0,38,Llenando ventana
39,1,WOA,poblacional,2654.202554335481,2654.202554335481,False,False,,,,,,,0,0,39,Llenando ventana
40,1,WOA,poblacional,2650.981883120578,2650.981883120578,False,False,,,,,,,0,0,40,Llenando ventana
41,1,WOA,poblacional,2647.225510176418,2647.225510176418,False,False,,,,,,,0,0,41,Llenando ventana
42,1,WOA,poblacional,2645.329141772678,2645.329141772678,False,False,,,,,,,0,0,42,Llenando ventana
43,1,WOA,poblacional,2635.761529035336,2635.761529035336,False,False,,,,,,,0,0,43,Llenando ventana
44,1,WOA,poblacional,2635.244518641792,2635.244518641792,False,False,,,,,,,0,0,44,Llenando ventana
45,1,WOA,poblacional,2634.8235077363197,2634.8235077363197,False,False,,,,,,,0,0,45,Llenando ventana
46,1,WOA,poblacional,2634.7832363613775,2634.7832363613775,False,False,,,,,,,0,0,46,Llenando ventana
47,1,WOA,poblacional,2634.7832363613775,2634.7832363613775,False,False,,,,,,,1,0,47,Llenando ventana
48,1,WOA,poblacional,2634.624572876545,2634.624572876545,False,False,,,,,,,0,0,48,Llenando ventana
49,1,WOA,poblacional,2633.532511785431,2633.532511785431,False,False,,,,,,,0,0,49,Llenando ventana
50,1,WOA,poblacional,2632.0673927478965,2632.0673927478965,False,False,,,,,,,0,0,50,Llenando ventana
51,1,WOA,poblacional,2631.9059526019146,2631.9059526019146,False,False,,,,,,,0,0,51,Llenando ventana
52,1,WOA,poblacional,2631.652930089579,2631.652930089579,False,False,,,,,,,0,0,52,Llenando ventana
53,1,WOA,poblacional,2631.400391759826,2631.400391759826,False,False,,,,,,,0,0,53,Llenando ventana
54,1,WOA,poblacional,2631.0182634762145,2631.0182634762145,False,False,,,,,,,0,0,54,Llenando ventana
55,1,WOA,poblacional,2630.626417158163,2630.626417158163,False,False,,,,,,,0,0,55,Llenando ventana
56,1,WOA,poblacional,2630.5076390553136,2630.5076390553136,False,False,,,,,,,0,0,56,Llenando ventana
57,1,WOA,poblacional,2630.1593879097472,2630.1593879097472,False,False,,,,,,,0,0,57,Llenando ventana
58,1,WOA,poblacional,2629.9423636700167,2629.9423636700167,False,False,,,,,,,0,0,58,Llenando ventana
59,1,WOA,poblacional,2629.7488484139694,2629.7488484139694,False,False,,,,,,,0,0,59,Llenando ventana
60,1,WOA,poblacional,2629.6409059436232,2629.6409059436232,False,False,,,,,,,0,0,60,Llenando ventana
61,1,WOA,poblacional,2629.284492951322,2629.284492951322,False,False,,,,,,,0,0,61,Llenando ventana
62,1,WOA,poblacional,2629.1667023339724,2629.1667023339724,False,False,,,,,,,0,0,62,Llenando ventana
63,1,WOA,poblacional,2629.1642337898384,2629.1642337898384,False,False,,,,,,,0,0,63,Llenando ventana
64,1,WOA,poblacional,2629.0868538237983,2629.0868538237983,False,False,,,,,,,0,0,64,Llenando ventana
65,1,WOA,poblacional,2628.7439572928643,2628.7439572928643,False,False,,,,,,,0,0,65,Llenando ventana
66,1,WOA,poblacional,2628.4264590914545,2628.4264590914545,False,False,,,,,,,0,0,66,Llenando ventana
67,1,WOA,poblacional,2628.4123168050755,2628.4123168050755,False,False,,,,,,,0,0,67,Llenando ventana
68,1,WOA,poblacional,2628.3461245878702,2628.3461245878702,False,False,,,,,,,0,0,68,Llenando ventana
69,1,WOA,poblacional,2628.3089106839525,2628.3089106839525,False,False,,,,,,,0,0,69,Llenando ventana
70,1,WOA,poblacional,2628.264372244573,2628.264372244573,False,False,,,,,,,0,0,70,Llenando ventana
71,1,WOA,poblacional,2628.159420873746,2628.159420873746,False,False,,,,,,,0,0,71,Llenando ventana
72,1,WOA,poblacional,2628.10975147332,2628.10975147332,False,False,,,,,,,0,0,72,Llenando ventana
73,1,WOA,poblacional,2628.067967936569,2628.067967936569,False,False,,,,,,,0,0,73,Llenando ventana
74,1,WOA,poblacional,2628.0565259410187,2628.0565259410187,False,False,,,,,,,0,0,74,Llenando ventana
75,1,WOA,poblacional,2627.934385178612,2627.934385178612,True,False,321.926324243007,327.6965275724565,-5.770203329449487,7.5,37.5,22.5,0,0,75,Explotacion activa
76,1,WOA,poblacional,2627.830309334011,2627.830309334011,True,False,209.08906831724062,214.859271646691,-5.770203329450396,7.5,37.5,22.5,0,0,76,Explotacion activa
77,1,WOA,poblacional,2627.830309334011,2627.830309334011,True,False,167.07815501518826,172.64835834463975,-5.570203329451488,7.5,37.5,22.5,1,0,77,Explotacion activa
78,1,WOA,poblacional,2627.485029016729,2627.485029016729,True,False,133.46869895989767,139.03890228934642,-5.570203329448759,7.5,37.5,22.5,0,0,78,Explotacion activa
79,1,WOA,poblacional,2627.4786177015435,2627.4786177015435,True,False,128.07640147754955,133.45942743737078,-5.383025959821225,7.5,37.5,22.5,0,0,79,Explotacion activa
80,1,WOA,poblacional,2627.3878645099867,2627.3878645099867,True,False,127.922990302382,133.28752264531613,-5.364532342934126,7.5,37.5,22.5,0,0,80,Explotacion activa
81,1,WOA,poblacional,2627.2804992498222,2627.2804992498222,True,False,125.42772583261194,130.79225817554698,-5.364532342935036,7.5,37.5,22.5,0,0,81,Explotacion activa
82,1,WOA,poblacional,2627.204278722532,2627.204278722532,True,False,122.94215310294112,128.25912650045893,-5.316973397517813,7.5,37.5,22.5,0,0,82,Explotacion activa
83,1,WOA,poblacional,2627.137268996369,2627.137268996369,True,False,118.13593801737488,123.38693086721469,-5.250992849839804,7.5,37.5,22.5,0,0,83,Explotacion activa
84,1,WOA,poblacional,2627.1029115214988,2627.1029115214988,True,False,114.49833587917647,119.61804367875811,-5.119707799581647,130.03231867302057,143.55153577648483,-5.350264659309232,0,0,84,Explotacion activa
85,1,WOA,poblacional,2627.0693674319687,2627.0693674319687,True,False,108.11890373507276,113.10569971371388,-4.986795978641112,128.25912650045893,133.46869895989767,-5.316973397517813,0,0,85,Explotacion activa
86,1,WOA,poblacional,2627.0316682596417,2627.0316682596417,True,False,102.45409127741004,107.31628560070612,-4.86219432329608,124.84858955718796,131.85100971519321,-5.270787014143207,0,0,86,Explotacion activa
87,1,WOA,poblacional,2626.9963345889164,2626.9963345889164,True,False,99.52752237076538,104.26038403551411,-4.732861664748725,121.87937599183206,130.2333204704888,-5.198478829736541,0,0,87,Explotacion activa
88,1,WOA,poblacional,2626.9693256615656,2626.9693256615656,True,False,96.39024689862663,100.97712641807357,-4.5868795194469385,118.96680928225369,128.61563122578437,-5.106416617487594,0,0,88,Explotacion activa
89,1,WOA,poblacional,2626.908920315526,2626.908920315526,True,False,93.44493410683481,97.95262431836227,-4.507690211527461,114.40816850672272,128.04571924251604,-5.01337834282922,0,0,89,Explotacion activa
90,1,WOA,poblacional,2626.874503867086,2626.874503867086,True,False,91.00553906361301,95.38206217201969,-4.376523108406673,110.21099265721,127.99969588996578,-4.924495150968596,0,0,90,Explotacion activa
91,1,WOA,poblacional,2626.8290454188755,2626.8290454188755,True,False,86.25971682326463,90.52715682809321,-4.267440004828586,106.70510528766772,127.95367253741551,-4.836327791586609,0,0,91,Explotacion activa
92,1,WOA,poblacional,2626.8197832113374,2626.8197832113374,True,False,77.25357179454522,81.33953621445198,-4.085964419906759,104.56597419203331,127.67346385540499,-4.745794930603461,0,0,92,Explotacion activa
93,1,WOA,poblacional,2626.711953376558,2626.711953376558,True,False,75.70072966459293,79.78669408449605,-4.085964419903121,102.29042946504978,126.92488451447397,-4.645272377567653,0,0,93,Explotacion activa
94,1,WOA,poblacional,2626.696057210357,2626.696057210357,True,False,74.08110970405323,77.99886645636025,-3.917756752307014,100.06977578816017,126.17630517354296,-4.563122727071095,0,0,94,Explotacion activa
95,1,WOA,poblacional,2626.6922363501685,2626.6922363501685,True,False,70.59310772322897,74.3185061959116,-3.7253984726826275,97.95262431836227,125.42772583261194,-4.507690211527461,0,0,95,Explotacion activa
96,1,WOA,poblacional,2626.68267674038,2626.68267674038,True,False,63.401870979551404,66.9463886718122,-3.544517692260797,96.15323081592246,124.6820540137107,-4.415873239342909,0,0,96,Explotacion activa
97,1,WOA,poblacional,2626.649008806076,2626.649008806076,True,False,55.9376462008272,59.3494997616981,-3.4118535608708953,93.44010003444909,123.93638219480944,-4.332889866975438,0,0,97,Explotacion activa
98,1,WOA,poblacional,2626.5842830722404,2626.5842830722404,True,False,54.26421266596935,57.70144184990659,-3.4372291839372338,89.60839476672908,123.1907103759082,-4.249292446336404,0,0,98,Explotacion activa
99,1,WOA,poblacional,2626.5539277557427,2626.5539277557427,True,False,54.329781504868606,57.73179716640425,-3.4020156615356427,83.17706033718022,121.98091008582786,-4.122259536891125,0,0,99,Explotacion activa
100,1,WOA,poblacional,2626.502503434001,2626.502503434001,True,False,53.97125912188494,57.27612342690236,-3.304864305017418,80.56311514947402,120.539045560158,-4.08596441990494,0,0,100,Explotacion activa
101,1,WOA,poblacional,2626.4722953616415,2626.4722953616415,True,False,53.812159860558495,56.97744031029697,-3.165280449738475,79.42912855886888,119.09718103448813,-4.0523228863839,0,0,101,Explotacion activa
102,1,WOA,poblacional,2626.4368273373148,2626.4368273373148,True,False,53.84587208292078,56.88208858131384,-3.0362164983930597,78.17764921917383,117.77217780355504,-3.934577519066625,0,0,102,Explotacion activa
103,1,WOA,poblacional,2626.3931385689066,2626.3931385689066,True,False,53.04550995104319,55.96910398624914,-2.9235940352059515,75.79065030009106,116.6808971620955,-3.8023417845323824,0,0,103,Explotacion activa
104,1,WOA,poblacional,2626.3548156438887,2626.3548156438887,True,False,52.79693823464595,55.59717811988958,-2.800239885243627,72.10687093868177,115.58961652063599,-3.671134238556079,0,0,104,Explotacion activa
105,1,WOA,poblacional,2626.3137942903268,2626.3137942903268,True,False,51.652713985854916,54.33499657822085,-2.6822825923659366,66.9463886718122,114.49833587917647,-3.544517692260797,0,0,105,Explotacion activa
106,1,WOA,poblacional,2626.309234204655,2626.309234204655,True,False,51.313898684678406,53.80530144839031,-2.4914027637119034,61.62856643473232,112.58450623594536,-3.469415736434303,0,0,106,Explotacion activa
107,1,WOA,poblacional,2626.278315005206,2626.278315005206,True,False,51.12449760209529,53.47773876470592,-2.3532411626106295,58.70241872358056,110.67067659271423,-3.4270789347106985,0,0,107,Explotacion activa
108,1,WOA,poblacional,2626.1947065752993,2626.1947065752993,True,False,50.961431950841416,53.28188997326197,-2.320458022420553,57.728761634754484,108.75684694948312,-3.41086977093737,0,0,108,Explotacion activa
109,1,WOA,poblacional,2626.155763436628,2626.155763436628,True,False,49.739261072453246,51.93760537221806,-2.1983442997648126,57.707512913206116,106.9859412435402,-3.403983241402693,0,0,109,Explotacion activa
110,1,WOA,poblacional,2626.0985298527544,2626.0985298527544,True,False,41.38135698537735,43.49416845288806,-2.11281146751071,57.48878263840447,105.2864975062414,-3.3534399832765303,0,0,110,Explotacion activa
111,1,WOA,poblacional,2625.8853407785073,2625.8853407785073,True,False,36.32218248456002,38.434993952072546,-2.112811467512529,57.21638680358128,103.58705376894258,-3.2769475339616294,0,0,111,Explotacion activa
112,1,WOA,poblacional,2625.508818854124,2625.508818854124,True,False,30.882428344415985,32.99523981193033,-2.112811467514348,57.007308621957506,102.16143438674557,-3.1792388352663696,0,0,112,Explotacion activa
113,1,WOA,poblacional,2625.186773907379,2625.186773907379,True,False,26.902968960591352,29.01578042810206,-2.11281146751071,56.92022927290709,101.28346371475217,-3.087842078931226,0,0,113,Explotacion activa
114,1,WOA,poblacional,2625.0291489522024,2625.0291489522024,True,False,23.8399227008631,25.952734168375628,-2.112811467512529,56.608193202794425,100.40549304275878,-3.002429759436928,0,0,114,Explotacion activa
115,1,WOA,poblacional,2624.946175399139,2624.946175399139,True,False,20.200576203641504,22.27933477727902,-2.078758573637515,55.96910398624914,99.52752237076538,-2.9235940352059515,0,0,115,Explotacion activa
116,1,WOA,poblacional,2624.875303778423,2624.875303778423,True,False,18.433336179184607,20.453837994255082,-2.0205018150704745,55.708755879797444,98.58633972912375,-2.8372461302323244,0,0,116,Explotacion activa
117,1,WOA,poblacional,2624.7015713046444,2624.7015713046444,True,False,9.039455915619328,11.059957730691622,-2.0205018150722935,55.092305503222086,97.64515708748212,-2.753056968092551,0,0,117,Explotacion activa
118,1,WOA,poblacional,2624.4933790990945,2624.4933790990945,True,False,8.723408011314405,10.751139542697729,-2.027731531383324,54.2820270652378,96.7039744458405,-2.663194609500534,0,0,118,Explotacion activa
119,1,WOA,poblacional,2624.435880646555,2624.435880646555,True,False,8.340822808699158,10.38762708976492,-2.0468042810657607,53.91124047435642,95.80118434026825,-2.5295787294427106,0,0,119,Explotacion activa
120,1,WOA,poblacional,2624.172445010513,2624.172445010513,True,False,8.459911225200358,10.610791350864474,-2.1508801256641163,53.641520106548114,94.9175905027307,-2.422321963161267,0,0,120,Explotacion activa
121,1,WOA,poblacional,2624.032118089115,2624.032118089115,True,False,8.496162301997174,10.751118272262374,-2.2549559702652004,53.438569006417126,94.03399666519316,-2.3466845345726144,0,0,121,Explotacion activa
122,1,WOA,poblacional,2624.032118089115,2624.032118089115,True,False,8.537498817161577,10.592454787429688,-2.054955970268111,53.301474852406365,93.20099460251262,-2.3237363364395605,1,0,122,Explotacion activa
123,1,WOA,poblacional,2624.0079045255816,2624.0079045255816,True,False,7.621224162517592,9.52460725984929,-1.903383097331698,52.47531921263562,92.46917608954608,-2.2811567911273416,0,0,123,Explotacion activa
124,1,WOA,poblacional,2623.983768420054,2623.983768420054,True,False,6.331969019454391,8.0836243278427,-1.7516553083883082,49.40457429641906,91.73735757657954,-2.237972469115084,0,0,124,Explotacion activa
125,1,WOA,poblacional,2623.973440173664,2623.973440173664,True,False,6.360200627085305,7.932512428250448,-1.5723118011651422,43.49416845288806,91.00553906361301,-2.1983442997648126,0,0,125,Explotacion activa
126,1,WOA,poblacional,2623.932297348806,2623.932297348806,True,False,6.2660352898897145,7.720632740772999,-1.4545974508832842,39.952746302317195,89.58179239150847,-2.1651193778943254,0,0,126,Explotacion activa
127,1,WOA,poblacional,2623.928206466816,2623.928206466816,True,False,6.209406078143729,7.47218529301017,-1.2627792148664412,36.25909229601566,88.15804571940397,-2.135652662404209,0,0,127,Explotacion activa
128,1,WOA,poblacional,2623.922698550302,2623.922698550302,True,False,6.021769878021587,7.09556492591264,-1.0737950478910534,32.5972938735475,86.73429904729943,-2.112811467514166,0,0,128,Explotacion activa
129,1,WOA,poblacional,2623.9006436410527,2623.9006436410527,True,False,5.8078686507196835,6.725773517110156,-0.9179048663904723,29.811672304867713,84.45848781752072,-2.1128114675128926,0,0,129,Explotacion activa
130,1,WOA,poblacional,2623.8929104044396,2623.8929104044396,True,False,5.881357311259762,6.614728650873985,-0.733371339614223,27.484257298238845,81.75664430890492,-2.112811467512529,0,0,130,Explotacion activa
131,1,WOA,poblacional,2623.8775052243136,2623.8775052243136,True,False,5.717700985565443,6.281882685433629,-0.5641816998681861,25.21805429015631,79.05480080028906,-2.112811467512165,0,0,131,Explotacion activa
132,1,WOA,poblacional,2623.8726559322113,2623.8726559322113,True,False,5.695827453729635,6.069707737805402,-0.3738802840757671,22.64667471638867,77.09828758155,-2.112811467510892,0,0,132,Explotacion activa
133,1,WOA,poblacional,2623.867791426973,2623.867791426973,True,False,5.69744769244744,5.881056986996555,-0.18360929454911457,21.184036707464653,76.6324349425643,-2.11281146751071,0,0,133,Explotacion activa
134,1,WOA,poblacional,2623.8624275627394,2623.8624275627394,True,False,5.784141357866702,5.778478380883826,0.005662976982875989,17.635673915186036,76.16658230357861,-2.1025955993487515,0,0,134,Explotacion activa
135,1,WOA,poblacional,2623.847272222327,2623.847272222327,True,False,5.612573025155598,5.437220728995271,0.17535229616032666,11.059957730691622,75.70072966459293,-2.078758573637515,0,0,135,Explotacion activa
136,1,WOA,poblacional,2623.8293440747625,2623.8293440747625,True,False,5.585867193107788,5.33735825920985,0.24850893389793782,10.843784999095897,75.21484367643102,-2.0620967512789323,0,0,136,Explotacion activa
137,1,WOA,poblacional,2623.827946688703,2623.827946688703,True,False,5.677925418311133,5.33628710113544,0.3416383171756934,10.751131034523587,74.7289576882691,-2.0516952945871707,0,0,137,Explotacion activa
138,1,WOA,poblacional,2623.771169305316,2623.771169305316,True,False,5.698528000968054,5.315684518482158,0.38284348248589595,10.737085580122583,74.2430717001072,-2.0448970060975173,0,0,138,Explotacion activa
139,1,WOA,poblacional,2623.687886251027,2623.687886251027,True,False,5.472348415742999,5.0560710418371855,0.4162773739058139,10.638856735144055,73.38350930788837,-2.0315460813198114,0,0,139,Explotacion activa
140,1,WOA,poblacional,2623.5756658212563,2623.5756658212563,True,False,5.19943106146502,4.85079327019821,0.3486377912668104,10.601623069147081,72.3371087136411,-2.024116673227809,0,0,140,Explotacion activa
141,1,WOA,poblacional,2623.567558115947,2623.567558115947,True,False,5.2731052251747315,4.844758689128412,0.42834653604631967,10.551489247896734,71.29070811939381,-2.02050181507193,0,0,141,Explotacion activa
142,1,WOA,poblacional,2623.532558826685,2623.532558826685,True,False,5.275954528913644,4.813565761185146,0.46238876772849835,10.408109859531395,69.8739840488612,-2.0205018150706566,0,0,142,Explotacion activa
143,1,WOA,poblacional,2623.5163431055093,2623.5163431055093,True,False,5.318449059220711,4.7925675784431405,0.5258814807775707,9.86981519181554,67.71661302575791,-1.9502305844272094,0,0,143,Explotacion activa
144,1,WOA,poblacional,2623.479683132452,2623.479683132452,True,False,5.33317480218102,4.784689112121214,0.5484856900598061,9.092312380247312,65.55924200265466,-1.8578647606486816,0,0,144,Explotacion activa
145,1,WOA,poblacional,2623.477536046325,2623.477536046325,True,False,5.344093744487054,4.681884827421072,0.662208917065982,8.0836243278427,63.401870979551404,-1.7516553083883082,0,0,145,Explotacion activa
146,1,WOA,poblacional,2623.438338530459,2623.438338530459,True,False,5.3511509835930156,4.671412942861025,0.6797380407319906,7.977845998128124,61.16260354593411,-1.6261148533320928,0,0,146,Explotacion activa
147,1,WOA,poblacional,2623.4099914415647,2623.4099914415647,True,False,5.376944513345279,4.657976495004277,0.7189680183410019,7.847760553259468,58.923336112316875,-1.525226061052399,0,0,147,Explotacion activa
148,1,WOA,poblacional,2623.3897569806622,2623.3897569806622,True,False,5.441192212293117,4.666768960356421,0.774423251936696,7.6957879959967155,56.68406867869958,-1.435415627281601,0,0,148,Explotacion activa
149,1,WOA,poblacional,2623.3497468163805,2623.3497468163805,True,False,5.4790412856027615,4.584638362231544,0.8944029233712172,7.521874782562736,55.61607326163548,-1.3011428620698102,0,0,149,Explotacion activa
150,1,WOA,poblacional,2623.3485464405912,2623.3485464405912,True,False,5.481130325379581,4.481762893419727,0.999367431959854,7.283875109461405,55.133713852847904,-1.1682871313787473,0,0,150,Explotacion activa
151,1,WOA,poblacional,2623.338340870462,2623.338340870462,True,False,5.563559495084974,4.491968463548801,1.0715910315361725,7.021606644152143,54.65135444406032,-1.042617011590938,0,0,151,Explotacion activa
152,1,WOA,poblacional,2623.336019450316,2623.336019450316,True,False,5.336145648192087,4.149009566413042,1.1871360817790446,6.762752657990403,54.32322462097868,-0.9334938845405306,0,0,152,Explotacion activa
153,1,WOA,poblacional,2623.328996342968,2623.328996342968,True,False,5.415345965494453,4.149621358575587,1.265724606918866,6.659146597368453,54.30355396930891,-0.8071847503247238,0,0,153,Explotacion activa
154,1,WOA,poblacional,2623.32529122767,2623.32529122767,True,False,5.502394041752268,4.062573282316862,1.4398207594354062,6.5148748612418785,54.28388331763913,-0.6826144476904124,0,0,154,Explotacion activa
155,1,WOA,poblacional,2623.321559516943,2623.321559516943,True,False,5.568453090831554,3.9589397328791165,1.6095133579524372,6.281882685433629,54.26421266596935,-0.5641816998681861,0,0,155,Explotacion activa
156,1,WOA,poblacional,2623.316973057534,2623.316973057534,True,False,5.579816269351795,3.8873056649977116,1.6925106043540836,6.13336022209387,54.17632660274403,-0.43097070881349364,0,0,156,Explotacion activa
157,1,WOA,poblacional,2623.3163563148655,2623.3163563148655,True,False,5.604359965740969,3.8209126815036143,1.7834472842373543,5.994247437481863,54.08844053951871,-0.29777188826510637,0,0,157,Explotacion activa
158,1,WOA,poblacional,2623.3148109528793,2623.3148109528793,True,False,5.66062729410487,3.788100568619484,1.8725267254853861,5.870799126385282,54.00055447629338,-0.1646820673959166,0,0,158,Explotacion activa
159,1,WOA,poblacional,2623.310877020353,2623.310877020353,True,False,5.645723676842408,3.7584904116156395,1.8872332652267687,5.798994102106372,53.946181714092106,-0.03219147732352266,0,0,159,Explotacion activa
160,1,WOA,poblacional,2623.305264523635,2623.305264523635,True,False,5.694582173019626,3.726403736006887,1.9681784370127389,5.607849554939548,53.90856560240286,0.09050763657160012,0,0,160,Explotacion activa
161,1,WOA,poblacional,2623.264148656876,2623.264148656876,True,False,5.7103028007550165,3.7321859320404656,1.978116868714551,5.417248235038187,53.87094949071361,0.18998362370784858,0,0,161,Explotacion activa
162,1,WOA,poblacional,2623.2188452441324,2623.2188452441324,True,False,5.723818347938959,3.7504804174332094,1.9733379305057497,5.347344506188392,53.84250086068455,0.2411932701241766,0,0,162,Explotacion activa
163,1,WOA,poblacional,2623.2167487468405,2623.2167487468405,True,False,5.680435724185372,3.692171568685353,1.9882641555000191,5.336715564365204,53.83238719397586,0.3043865638645906,0,0,163,Explotacion activa
164,1,WOA,poblacional,2623.216455485941,2623.216455485941,True,False,5.713061883453065,3.6580483811449085,2.0550135023081566,5.330106326339456,53.82227352726718,0.34373815940302843,0,0,164,Explotacion activa
165,1,WOA,poblacional,2623.2164389806444,2623.2164389806444,True,False,5.755366500175114,3.6126064382310688,2.1427600619440454,5.315684518482158,53.81215986055849,0.3486377912668103,0,0,165,Explotacion activa
166,1,WOA,poblacional,2623.216247645454,2623.216247645454,True,False,5.833692527675794,3.6035355658832486,2.230156961792545,5.133955084830677,53.5821648877039,0.37258177512017016,0,0,166,Explotacion activa
167,1,WOA,poblacional,2623.2057879889285,2623.2057879889285,True,False,5.803182606600785,3.5061653876296077,2.2970172189711775,4.973959933181595,53.352169914849306,0.39621703905386285,0,0,167,Explotacion activa
168,1,WOA,poblacional,2623.1817796635887,2623.1817796635887,True,False,5.851057685289106,3.514277546768426,2.3367801385206803,4.85018981209123,53.122174941994714,0.4174842901198644,0,0,168,Explotacion activa
169,1,WOA,poblacional,2623.1649213255264,2623.1649213255264,True,False,5.903623143643472,3.527315024642121,2.376308119001351,4.845965605342371,52.99579560776374,0.4259327036182185,0,0,169,Explotacion activa
170,1,WOA,poblacional,2623.1532209215834,2623.1532209215834,True,False,5.969740666727375,3.5294558187965777,2.4402848479307977,4.829162225156779,52.92122409284457,0.445367651887409,0,0,170,Explotacion activa
171,1,WOA,poblacional,2623.140175633735,2623.140175633735,True,False,5.999673294610602,3.5088331723409283,2.490840122269674,4.809366124636744,52.8466525779254,0.4750873103383121,0,0,171,Explotacion activa
172,1,WOA,poblacional,2623.093824793373,2623.093824793373,True,False,5.970639427538117,3.4904582788672087,2.4801811486709084,4.794667396717341,52.682515809766834,0.5195322094726629,0,0,172,Explotacion activa
173,1,WOA,poblacional,2623.020946559657,2623.020946559657,True,False,5.876526048669348,3.5329811960855295,2.3435448525838183,4.7878404986499845,52.33924853512953,0.5394440063469118,0,0,173,Explotacion activa
174,1,WOA,poblacional,2622.9133008838267,2622.9133008838267,True,False,5.762562524072564,3.5892025501743774,2.1733599738981866,4.753847826711171,51.99598126049222,0.5826026581616586,0,0,174,Explotacion activa
175,1,WOA,poblacional,2622.7370876692203,2622.7370876692203,True,False,5.80092199048886,3.735207692421227,2.0657142980676326,4.681884827421072,51.652713985854916,0.662208917065982,0,0,175,Explotacion activa
176,1,WOA,poblacional,2622.664877882385,2622.664877882385,True,False,5.785598503496203,3.771949454929654,2.013649048566549,4.674554508229039,51.55106939550196,0.6744793036321878,0,0,176,Explotacion activa
177,1,WOA,poblacional,2622.605899766848,2622.605899766848,True,False,5.775285943720974,3.7872388020587096,1.988047141662264,4.669555349859183,51.44942480514901,0.6954300317755948,0,0,177,Explotacion activa
178,1,WOA,poblacional,2622.5059694505153,2622.5059694505153,True,False,5.706659050049893,3.848846193373447,1.8578128566764462,4.6658897138212065,51.34778021479605,0.724513541700571,0,0,178,Explotacion activa
179,1,WOA,poblacional,2622.390469732818,2622.390469732818,True,False,5.681067730517952,3.9233245575087494,1.757743173009203,4.659734988074706,51.27601846816178,0.7633322052175571,0,0,179,Explotacion activa
180,1,WOA,poblacional,2622.232059693853,2622.232059693853,True,False,5.734848000142847,4.077174510801797,1.6576734893410503,4.621307428617911,51.21919814338685,0.8344130876539566,0,0,180,Explotacion activa
181,1,WOA,poblacional,2622.2241285374994,2622.2241285374994,True,False,5.795927960672998,4.054186467706586,1.741741492966412,4.566104382494996,51.16237781861191,0.9153958250889433,0,0,181,Explotacion activa
182,1,WOA,poblacional,2622.1326590463427,2622.1326590463427,True,False,5.766022860434532,4.062047528956555,1.7039753314779773,4.501235453417076,51.1081910369699,0.9888709811009895,0,0,182,Explotacion activa
183,1,WOA,poblacional,2622.073171904707,2622.073171904707,True,False,5.7675228964603775,4.082591531921025,1.6849313645393522,4.485845121471357,51.059271341593735,1.0427015917056448,0,0,183,Explotacion activa
184,1,WOA,poblacional,2621.664314380403,2621.664314380403,True,False,6.033614004638366,4.434215472351298,1.5993985322870685,4.467498667099198,51.01035164621758,1.1062545466090339,0,0,184,Explotacion activa
185,1,WOA,poblacional,2621.4548457860583,2621.4548457860583,True,False,6.029893524734234,4.430494992448985,1.5993985322852495,4.434215472351298,50.961431950841416,1.1871360817790446,0,0,185,Explotacion activa
186,1,WOA,poblacional,2621.386228737886,2621.386228737886,True,False,5.784754552177674,4.122590116237916,1.6621644359397578,4.431611136419678,50.59478068732495,1.2421480493769186,0,0,186,Explotacion activa
187,1,WOA,poblacional,2621.3547445314493,2621.3547445314493,True,False,5.631225398999504,3.8320293759297783,1.799196023069726,4.318145538899626,50.228129423808504,1.3353630679254804,0,0,187,Explotacion activa
188,1,WOA,poblacional,2621.293410053905,2621.293410053905,True,False,5.612265966278301,3.7357388982973134,1.8765270679809873,4.149560179359332,49.86147816029206,1.4557785367203897,0,0,188,Explotacion activa
189,1,WOA,poblacional,2621.2364587963334,2621.2364587963334,True,False,5.638288261769958,3.7097166028056563,1.9285716589643016,4.149131924845551,48.06768025503804,1.5674829777152803,0,0,189,Explotacion activa
190,1,WOA,poblacional,2621.157261390461,2621.157261390461,True,False,5.629962476611581,3.718042387962214,1.9119200886493672,4.135799841325479,45.5603090289153,1.599398532286159,0,0,190,Explotacion activa
191,1,WOA,poblacional,2620.971938072385,2620.971938072385,True,False,5.641553320906951,3.7296332322594026,1.9119200886475483,4.114590399374538,43.052937802792435,1.6014214974201422,0,0,191,Explotacion activa
192,1,WOA,poblacional,2620.7519444850273,2620.7519444850273,True,False,5.586195224371295,3.7414346140672023,1.8447606103040926,4.086591390352714,40.87543953529558,1.6085018753859002,0,0,192,Explotacion activa
193,1,WOA,poblacional,2620.5872049707123,2620.5872049707123,True,False,5.5757219358620205,3.8486756758425145,1.727046260019506,4.0793413192494885,39.35768718505039,1.6384094367856048,0,0,193,Explotacion activa
194,1,WOA,poblacional,2620.430576377451,2620.430576377451,True,False,5.277096657061065,3.7418686330620403,1.535228023999025,4.072794142256316,37.839934834805206,1.623961397369021,0,0,194,Explotacion activa
195,1,WOA,poblacional,2620.286853945991,2620.286853945991,True,False,5.091508000151407,3.745264143124132,1.3462438570272752,4.062573282316862,36.32218248456002,1.6095133579524372,0,0,195,Explotacion activa
196,1,WOA,poblacional,2619.787782234814,2619.787782234814,True,False,5.4346895298267555,4.244335854300971,1.1903536755257846,4.0669536508623425,34.690256242516746,1.6064789102528265,0,0,196,Explotacion activa
197,1,WOA,poblacional,2619.6996886865836,2619.6996886865836,True,False,5.337848891289923,4.308215838997967,1.0296330522919561,4.071334019407823,33.05833000047355,1.6034444625532158,0,0,197,Explotacion activa
198,1,WOA,poblacional,2619.318379926235,2619.318379926235,True,False,5.525831906362782,4.665388493818682,0.8604434125441003,4.075714387953303,31.426403758430357,1.6004100148536053,0,0,198,Explotacion activa
199,1,WOA,poblacional,2618.6417012449233,2618.6417012449233,True,False,6.001880925487967,5.331738928740833,0.6701419967471338,4.078257915025643,30.086536467651047,1.5993985322867048,0,0,199,Explotacion activa
200,1,WOA,poblacional,2618.488501706021,2618.488501706021,True,False,5.9236666500091815,5.443795642785062,0.47987100722411924,4.079883021361411,28.892698652503668,1.599398532286159,0,0,200,Explotacion activa
201,1,WOA,poblacional,2618.315402668551,2618.315402668551,True,False,5.9034025339560685,5.612803798264849,0.2905987356912192,4.081508127697179,27.698860837356232,1.5993985322856132,0,0,201,Explotacion activa
202,1,WOA,poblacional,2618.2570506591965,2618.2570506591965,True,False,5.8698532889134185,5.665647891105436,0.20420539780798208,4.086591390352714,26.5966643346185,1.5929814814566265,0,0,202,Explotacion activa
203,1,WOA,poblacional,2617.9052067284715,2617.9052067284715,True,False,6.035498605519024,5.995436912581226,0.04006169293779749,4.098590965647782,25.677750456700032,1.5737303289707594,0,0,203,Explotacion activa
204,1,WOA,poblacional,2617.501308814803,2617.501308814803,True,False,6.234458054691004,6.391601589636593,-0.15714353494558964,4.110590540942849,24.758836578781565,1.5544791764848922,0,0,204,Explotacion activa
205,1,WOA,poblacional,2616.4039489022575,2616.4039489022575,True,False,7.216343103441432,7.4735563220560834,-0.25721321861465185,4.122590116237916,23.8399227008631,1.535228023999025,0,0,205,Explotacion activa
206,1,WOA,poblacional,2616.4039489022575,2616.4039489022575,True,False,7.311424127671671,7.468707029953748,-0.15728290228207698,4.1305159512904535,22.74811875169658,1.5066058446299384,1,0,206,Explotacion activa
207,1,WOA,poblacional,2616.3075273234695,2616.3075273234695,True,False,7.310068359979596,7.560264103503414,-0.25019574352381824,4.138441786342992,21.65631480253011,1.477983665260853,0,0,207,Explotacion activa
208,1,WOA,poblacional,2616.0115955562696,2616.0115955562696,True,False,7.50056657928053,7.850832006469773,-0.3502654271892425,4.146367621395529,20.564510853363643,1.4493614858917676,0,0,208,Explotacion activa
209,1,WOA,poblacional,2615.833194171677,2615.833194171677,True,False,7.5637429397907,8.014078050649914,-0.4503351108592142,4.149131924845551,19.84712819875012,1.4211053789537798,0,0,209,Explotacion activa
210,1,WOA,poblacional,2615.27571354664,2615.27571354664,True,False,8.002410142446024,8.55363052812254,-0.5512203856765154,4.1493154624943145,19.316956191413055,1.3930323082313407,0,0,210,Explotacion activa
211,1,WOA,poblacional,2615.2400682066746,2615.2400682066746,True,False,8.038687362535711,8.587878482028373,-0.5491911194926615,4.149499000143078,18.786784184075966,1.3649592375089004,0,0,211,Explotacion activa
212,1,WOA,poblacional,2615.181047494748,2615.181047494748,True,False,7.927183439478995,8.590121810568235,-0.6629383710892398,4.1590928081481255,17.493948152828,1.3381919320164337,0,0,212,Explotacion activa
213,1,WOA,poblacional,2615.0903499509554,2615.0903499509554,True,False,7.831597873130249,8.597536300071624,-0.7659384269413749,4.18750715686574,14.675784073758443,1.314036156983911,0,0,213,Explotacion activa
214,1,WOA,poblacional,2615.08631896245,2615.08631896245,True,False,7.772040632640255,8.48934685880613,-0.7173062261658743,4.215921505583355,11.857619994688886,1.2898803819513884,0,0,214,Explotacion activa
215,1,WOA,poblacional,2615.0287991718005,2615.0287991718005,True,False,7.746882058485426,8.538758944146593,-0.7918768856611678,4.244335854300971,9.039455915619328,1.265724606918866,0,0,215,Explotacion activa
216,1,WOA,poblacional,2615.0236935454623,2615.0236935454623,True,False,7.786797471448608,8.508865281222825,-0.7220678097742166,4.26349984971007,8.944641544327848,1.2431133275009407,0,0,216,Explotacion activa
217,1,WOA,poblacional,2614.9505063915462,2614.9505063915462,True,False,7.699795347938107,8.565836713963108,-0.8660413660250015,4.282663845119169,8.84982717303637,1.2205020480830164,0,0,217,Explotacion activa
218,1,WOA,poblacional,2614.8892997734697,2614.8892997734697,True,False,7.622339897063284,8.590383358982308,-0.9680434619190237,4.301827840528267,8.755012801744895,1.1978907686650924,0,0,218,Explotacion activa
219,1,WOA,poblacional,2614.7273873922604,2614.7273873922604,True,False,7.586748032435025,8.75014865406456,-1.1634006216295347,4.33267166968817,8.686226172483838,1.1897101567764365,0,0,219,Explotacion activa
220,1,WOA,poblacional,2614.596639016224,2614.596639016224,True,False,7.49234510730048,8.841699514235188,-1.349354406934708,4.369355415723476,8.63045341423799,1.1887448786524146,0,0,220,Explotacion activa
221,1,WOA,poblacional,2614.4843161516337,2614.4843161516337,True,False,7.383731113592603,8.92567528993095,-1.5419441763383475,4.40603916175878,8.57468065599214,1.1877796005283925,0,0,221,Explotacion activa
222,1,WOA,poblacional,2614.4181567050205,2614.4181567050205,True,False,7.304800627533041,8.971600275641777,-1.6667996481087357,4.430867040439216,8.533365165645137,1.1755815767547564,0,0,222,Explotacion activa
223,1,WOA,poblacional,2614.2457268155913,2614.2457268155913,True,False,7.2463932715004375,9.104020000789205,-1.8576267292887678,4.43198318440991,8.520964211095816,1.140918061681895,0,0,223,Explotacion activa
224,1,WOA,poblacional,2614.1149768070823,2614.1149768070823,True,False,7.177176389554006,9.233569633508978,-2.0563932439549717,4.433099328380604,8.508563256546495,1.1062545466090339,0,0,224,Explotacion activa
225,1,WOA,poblacional,2614.082359383441,2614.082359383441,True,False,7.137444119754491,9.255981487021018,-2.1185373672665264,4.434215472351298,8.496162301997174,1.0715910315361725,0,0,225,Explotacion activa
226,1,WOA,poblacional,2614.044703755103,2614.044703755103,True,False,7.105334936323743,9.291315695213143,-2.1859807588894,4.448479698671826,8.485286978958129,1.059003637762907,0,0,226,Explotacion activa
227,1,WOA,poblacional,2614.024879714795,2614.024879714795,True,False,7.089712782106744,9.304116628172778,-2.214403846066034,4.462743924992355,8.474411655919084,1.0464162439896423,0,0,227,Explotacion activa
228,1,WOA,poblacional,2613.9936906887947,2613.9936906887947,True,False,7.137050374327828,9.331600538875136,-2.1945501645473087,4.4770081513128845,8.46353633288004,1.0338288502163775,0,0,228,Explotacion activa
229,1,WOA,poblacional,2613.990816560948,2613.990816560948,True,False,7.221051361238096,9.330742955994992,-2.109691594756896,4.483804007445542,8.436093541900117,1.0235799282255356,0,0,229,Explotacion activa
230,1,WOA,poblacional,2613.882489602445,2613.882489602445,True,False,7.128984854914506,9.434483455089321,-2.305498600174815,4.486865678484264,8.400367016949758,1.014500242125905,0,0,230,Explotacion activa
231,1,WOA,poblacional,2613.8638293010054,2613.8638293010054,True,False,7.110294332605463,9.452527013860163,-2.3422326812547,4.489927349522986,8.364640491999397,1.0054205560262741,0,0,231,Explotacion activa
232,1,WOA,poblacional,2613.8638293010054,2613.8638293010054,True,False,7.108781981215998,9.450981651873917,-2.3421996706579193,4.501235453417076,8.310609264082812,0.9888709811009895,1,0,232,Explotacion activa
233,1,WOA,poblacional,2613.8628223891574,2613.8628223891574,True,False,7.104223807224116,9.448054631195646,-2.3438308239715298,4.529036423021898,8.219968630233778,0.9573816285243987,0,0,233,Explotacion activa
234,1,WOA,poblacional,2613.8548871040475,2613.8548871040475,True,False,7.111595338443749,9.450377419587312,-2.338782081143563,4.556837392626721,8.129327996384745,0.9258922759478079,0,0,234,Explotacion activa
235,1,WOA,poblacional,2613.8497083245948,2613.8497083245948,True,False,7.113317342909795,9.414440332281174,-2.301122989371379,4.584638362231544,8.038687362535711,0.8944029233712172,0,0,235,Explotacion activa
236,1,WOA,poblacional,2613.8463670268493,2613.8463670268493,True,False,7.098389308545393,9.37247821728306,-2.2740889087376672,4.606639802063364,8.027804196508805,0.8842150701230818,0,0,236,Explotacion activa
237,1,WOA,poblacional,2613.8395990947233,2613.8395990947233,True,False,7.112925687017196,9.377149652117168,-2.2642239650999727,4.628641241895184,8.016921030481898,0.8740272168749468,0,0,237,Explotacion activa
238,1,WOA,poblacional,2613.837881298515,2613.837881298515,True,False,7.137005205608148,9.378574187425784,-2.241568981817636,4.650642681727004,8.006037864454992,0.8638393636268118,0,0,238,Explotacion activa
239,1,WOA,poblacional,2613.7961036438855,2613.7961036438855,True,False,7.187912726401919,9.420335336758853,-2.2324226103569345,4.659458894767158,7.987364801852618,0.8432393804226191,0,0,239,Explotacion activa
240,1,WOA,poblacional,2613.771860956542,2613.771860956542,True,False,7.2634090201977415,9.444386688912346,-2.180977668714604,4.66168249441148,7.964796790962509,0.8174333322403969,0,0,240,Explotacion activa
241,1,WOA,poblacional,2613.7091152695425,2613.7091152695425,True,False,7.290133993005384,9.49667271938597,-2.206538726380586,4.663906094055801,7.9422287800724,0.791627284058176,0,0,241,Explotacion activa
242,1,WOA,poblacional,2613.6916402207407,2613.6916402207407,True,False,7.3485809352000615,9.490139442847976,-2.1415585076479147,4.665526540472456,7.91762488284412,0.7688777285771261,0,0,242,Explotacion activa
243,1,WOA,poblacional,2613.6705639200136,2613.6705639200136,True,False,7.410576612745899,9.494357405512801,-2.083780792766902,4.665940680433778,7.8889492129394965,0.7522411584984181,0,0,243,Explotacion activa
244,1,WOA,poblacional,2613.6555321395626,2613.6555321395626,True,False,7.483774744680886,9.49768878202076,-2.013914037339873,4.6663548203950995,7.8602735430348725,0.73560458841971,0,0,244,Explotacion activa
245,1,WOA,poblacional,2613.643458011211,2613.643458011211,True,False,7.5585856448105915,9.496717622524102,-1.9381319777135104,4.666768960356421,7.8315978731302485,0.7189680183410013,0,0,245,Explotacion activa
246,1,WOA,poblacional,2613.56118323265,2613.56118323265,True,False,7.529890342220369,9.532641560723278,-2.002751218502908,4.668162155107803,7.818157752625757,0.707199025058298,0,0,246,Explotacion activa
247,1,WOA,poblacional,2613.4778722207698,2613.4778722207698,True,False,7.519457564060758,9.543074338887436,-2.023616774826678,4.669555349859183,7.804717632121264,0.6954300317755948,0,0,247,Explotacion activa
248,1,WOA,poblacional,2613.4596763159298,2613.4596763159298,True,False,7.593615983392738,9.453624567896895,-1.8600085845041576,4.670948544610565,7.791277511616772,0.6836610384928915,0,0,248,Explotacion activa
249,1,WOA,poblacional,2613.3612284150777,2613.3612284150777,True,False,7.518954867930461,9.375859254142597,-1.8569043862121362,4.673507319773035,7.783846103686938,0.6778188319350192,0,0,249,Explotacion activa
250,1,WOA,poblacional,2613.248291969574,2613.248291969574,True,False,7.50410110026678,9.416585912811115,-1.912484812544335,4.676648885141049,7.779419052044432,0.6749400187395621,0,0,250,Explotacion activa
251,1,WOA,poblacional,2612.9717431421373,2612.9717431421373,True,False,7.639628043240009,9.634156624710613,-1.994528581470604,4.679790450509063,7.774992000401926,0.6720612055441051,0,0,251,Explotacion activa
252,1,WOA,poblacional,2612.516063360576,2612.516063360576,True,False,7.995238141137634,9.989906089939268,-1.9946679488016343,4.692165255891086,7.7853217875677725,0.6693486887790185,0,0,252,Explotacion activa
253,1,WOA,poblacional,2611.7672379770233,2611.7672379770233,True,False,8.628563806995771,10.623231755794677,-1.9946679487989059,4.723006541301129,7.813677712457593,0.666968764874673,0,0,253,Explotacion activa
254,1,WOA,poblacional,2611.6426866690786,2611.6426866690786,True,False,8.512119487825203,10.589373024774432,-2.077253536949229,4.753847826711171,7.8602735430348725,0.6645888409703274,0,0,254,Explotacion activa
255,1,WOA,poblacional,2611.50143170075,2611.50143170075,True,False,8.543891200652524,10.722696836749492,-2.1788056360969676,4.784689112121214,7.927183439478993,0.6622089170659803,0,0,255,Explotacion activa
256,1,WOA,poblacional,2611.4514895975262,2611.4514895975262,True,False,8.585418588584616,10.68116944881649,-2.095750860231874,4.787052652017792,7.974821730640041,0.6280919489641279,0,0,256,Explotacion activa
257,1,WOA,poblacional,2611.4407880533995,2611.4407880533995,True,False,8.634204186097122,10.632383851307623,-1.9981796652105004,4.78941619191437,7.99810694166099,0.5939749808622754,0,0,257,Explotacion activa
258,1,WOA,poblacional,2611.4335000684882,2611.4335000684882,True,False,8.418058676884357,10.230814311914855,-1.8127556350304985,4.791779731810948,8.006037864454992,0.559858012760423,0,0,258,Explotacion activa
259,1,WOA,poblacional,2611.4249271513927,2611.4249271513927,True,False,8.400017165440204,10.029918634665592,-1.6299014692253877,4.796767214991541,8.031431918517773,0.5439648482033587,0,0,259,Explotacion activa
260,1,WOA,poblacional,2611.365259164095,2611.365259164095,True,False,8.373486738335032,10.020969573791263,-1.6474828354562305,4.803066669814143,8.189755085617435,0.5371835854186884,0,0,260,Explotacion activa
261,1,WOA,poblacional,2611.330909602049,2611.330909602049,True,False,8.40610087070354,10.023834929400437,-1.6177340586968967,4.809366124636744,8.347355594626332,0.5304023226340175,0,0,261,Explotacion activa
262,1,WOA,poblacional,2611.3192999404,2611.3192999404,True,False,8.455825686601656,9.974110113505049,-1.5182844269033922,4.816685053979472,8.370220345371445,0.5212804334222259,0,0,262,Explotacion activa
263,1,WOA,poblacional,2611.318740497795,2611.318740497795,True,False,8.51221750157083,9.917718298538603,-1.4055007969677717,4.826042932362452,8.389404994598134,0.5074772913561898,0,0,263,Explotacion activa
264,1,WOA,poblacional,2611.3135763204455,2611.3135763204455,True,False,8.586250730090342,9.843685070015454,-1.257434339925112,4.835400810745432,8.401842277019204,0.4936741492901539,0,0,264,Explotacion activa
265,1,WOA,poblacional,2611.312761488575,2611.312761488575,True,False,8.60011258014265,9.659176583810222,-1.0590640036675723,4.844758689128412,8.40610087070354,0.47987100722411924,0,0,265,Explotacion activa
266,1,WOA,poblacional,2611.311783966862,2611.311783966862,True,False,8.579141471071125,9.440160518165158,-0.8610190470940324,4.846569063449351,8.414471335030111,0.47462633537543275,0,0,266,Explotacion activa
267,1,WOA,poblacional,2611.3065409936266,2611.3065409936266,True,False,8.60915898352414,9.280663977085624,-0.6715049935614843,4.848379437770291,8.433165480771276,0.4693816635267463,0,0,267,Explotacion activa
268,1,WOA,poblacional,2611.2908235825134,2611.2908235825134,True,False,8.636812979152182,9.139752794937522,-0.5029398157853393,4.85018981209123,8.456234240461526,0.46413699167806033,0,0,268,Explotacion activa
269,1,WOA,poblacional,2611.275328064562,2611.275328064562,True,False,8.677595029736949,9.011525881428952,-0.33393085169200276,4.891848824526004,8.459094117480618,0.45558032139206206,0,0,269,Explotacion activa
270,1,WOA,poblacional,2611.275328064562,2611.275328064562,True,False,8.378523318559019,8.512454170252113,-0.13393085169309416,4.953432156017698,8.457868455901007,0.445367651887409,1,0,270,Explotacion activa
271,1,WOA,poblacional,2611.2080675032457,2611.2080675032457,True,False,8.399356305472338,8.491621183337884,-0.09226487786554571,5.01501548750939,8.456642794321397,0.435154982382755,0,0,271,Explotacion activa
272,1,WOA,poblacional,2611.1794333119915,2611.1794333119915,True,False,8.189413353873078,8.13894661424365,0.05046673962942805,5.0820323895016815,8.452048985629926,0.42713961983226884,0,0,272,Explotacion activa
273,1,WOA,poblacional,2611.132139451961,2611.132139451961,True,False,7.665440812532324,7.509561792962359,0.15587901956996575,5.159916432495174,8.440718882714735,0.4235188711901173,0,0,273,Explotacion activa
274,1,WOA,poblacional,2611.1237194029604,2611.1237194029604,True,False,7.7038212246266085,7.364782303060565,0.3390389215660434,5.237800475488665,8.429388779799545,0.4198981225479654,0,0,274,Explotacion activa
275,1,WOA,poblacional,2611.1207713916824,2611.1207713916824,True,False,7.727774175877585,7.194631276868677,0.533142899008908,5.315684518482158,8.418058676884357,0.42834653604631967,0,0,275,Explotacion activa
276,1,WOA,poblacional,2611.1183039181374,2611.1183039181374,True,False,7.7836587116862574,7.138746741059094,0.6449119706271631,5.3205008415597606,8.414471335030111,0.45217609822384436,0,0,276,Explotacion activa
277,1,WOA,poblacional,2611.0903199610975,2611.0903199610975,True,False,7.603830823924909,6.8148867673739915,0.7889440565509176,5.3253171646373625,8.410883993175867,0.4693816635267463,0,0,277,Explotacion activa
278,1,WOA,poblacional,2611.068559919975,2611.068559919975,True,False,7.378172869134687,6.43274889482791,0.9454239743067774,5.330133487714965,8.407296651321621,0.48447205457946413,0,0,278,Explotacion activa
279,1,WOA,poblacional,2611.0628788560193,2611.0628788560193,True,False,6.376683991778464,5.341070046238201,1.0356139455402626,5.332648563219754,8.404884129650872,0.5166793860668796,0,0,279,Explotacion activa
280,1,WOA,poblacional,2611.05824929776,2611.05824929776,True,False,6.470502334371304,5.34569960449744,1.1248027298738634,5.334013014938137,8.403059018071872,0.5295121898932393,0,0,280,Explotacion activa
281,1,WOA,poblacional,2611.0499102710614,2611.0499102710614,True,False,6.558584886459812,5.257617052408023,1.3009678340517894,5.328528046689098,8.401233906492871,0.5362114572190875,0,0,281,Explotacion activa
282,1,WOA,poblacional,2611.03657295452,2611.03657295452,True,False,6.44931580272123,4.975022601749515,1.4742932009717151,5.317289959508025,8.399951079443417,0.5469514109547159,0,0,282,Explotacion activa
283,1,WOA,poblacional,2611.0338469284957,2611.0338469284957,True,False,6.468188392104821,4.799347243181273,1.6688411489235477,5.280844038837676,8.399752821453058,0.6063414584002197,0,0,283,Explotacion activa
284,1,WOA,poblacional,2611.0152070550976,2611.0152070550976,True,False,6.0054204909106375,4.260506491542401,1.7449139993682365,5.197153249236771,8.399554563462697,0.6501010545588085,0,0,284,Explotacion activa
285,1,WOA,poblacional,2611.005562815379,2611.005562815379,True,False,6.058578812078849,4.234505391295443,1.8240734207834066,5.0560710418371855,8.399356305472338,0.662208917065982,0,0,285,Explotacion activa
286,1,WOA,poblacional,2610.9840827506036,2610.9840827506036,True,False,6.076525936227881,4.196964744144225,1.8795611920836564,4.999337133775816,8.393106409398342,0.6677620728427882,0,0,286,Explotacion activa
287,1,WOA,poblacional,2610.981223897209,2610.981223897209,True,False,6.081417439893812,4.109126053746422,1.9722913861473899,4.9253308691289925,8.386856513324346,0.6739804143410764,0,0,287,Explotacion activa
288,1,WOA,poblacional,2610.956765844678,2610.956765844678,True,False,6.151376299709682,4.129553117772048,2.021823181937634,4.85018981209123,8.38060661725035,0.6836610384928915,0,0,288,Explotacion activa
289,1,WOA,poblacional,2610.9218405913375,2610.9218405913375,True,False,6.157379156571551,4.106958580463015,2.050420576108536,4.845965605342371,8.377516002514222,0.711122022819199,0,0,289,Explotacion activa
290,1,WOA,poblacional,2610.9066829014455,2610.9066829014455,True,False,6.235563741193346,4.117010644016773,2.118553097176573,4.829162225156779,8.376005028447025,0.746695635138849,0,0,290,Explotacion activa
291,1,WOA,poblacional,2610.824034059324,2610.824034059324,True,False,6.226102052986789,4.12647233222242,2.0996297207643693,4.810722057584371,8.374494054379829,0.7773274128595402,0,0,291,Explotacion activa
292,1,WOA,poblacional,2610.6404572659885,2610.6404572659885,True,False,6.270885464400635,4.248842507481186,2.0220429569194494,4.800769094981661,8.370220345371443,0.7874919760894951,0,0,292,Explotacion activa
293,1,WOA,poblacional,2610.432291908068,2610.432291908068,True,False,6.3171384411120926,4.295095484192643,2.0220429569194494,4.7952794443383935,8.360421166480682,0.8318436701468268,0,0,293,Explotacion activa
294,1,WOA,poblacional,2610.370847900688,2610.370847900688,True,False,6.324946057694888,4.225791115535685,2.0991549421592026,4.7902040385465625,8.35062198758992,0.8706312657922348,0,0,294,Explotacion activa
295,1,WOA,poblacional,2610.339794774666,2610.339794774666,True,False,6.38157006708343,4.144521376967532,2.2370486901158984,4.784689112121214,8.340822808699158,0.8944029233712172,0,0,295,Explotacion activa
296,1,WOA,poblacional,2610.3112184337015,2610.3112184337015,True,False,6.378338359035297,4.106938271318995,2.2714000877163016,4.712726112831114,8.295399972251333,0.9301176590261088,0,0,296,Explotacion activa
297,1,WOA,poblacional,2610.298525351169,2610.298525351169,True,False,6.29166328792644,3.9472014644225055,2.3444618235039343,4.677696073597053,8.249977135803507,0.9670013573680069,0,0,297,Explotacion activa
298,1,WOA,poblacional,2610.280820741409,2610.280820741409,True,False,6.241656570508894,3.8341560656731417,2.4075005048357525,4.670948544610565,8.204554299355685,1.002393993993064,0,0,298,Explotacion activa
299,1,WOA,poblacional,2610.2795590279193,2610.2795590279193,True,False,6.2482022345525365,3.8028003555218675,2.445401879030669,4.667697756857342,8.159268155605602,1.0235799282255351,0,0,299,Explotacion activa
300,1,WOA,poblacional,2610.271424296052,2610.271424296052,True,False,6.204425698043906,3.773279459051082,2.431146238992824,4.666078727087552,8.114050358204395,1.0326234989161094,0,0,300,Explotacion activa
301,2,EHO,poblacional,2610.271424296052,2610.271424296052,False,False,,,,,,,0,0,1,Llenando ventana
302,2,EHO,poblacional,2610.271424296052,2610.271424296052,False,False,,,,,,,1,0,2,Llenando ventana
303,2,EHO,poblacional,2610.271424296052,2610.271424296052,False,False,,,,,,,2,0,3,Llenando ventana
304,2,EHO,poblacional,2610.271424296052,2610.271424296052,False,False,,,,,,,3,0,4,Llenando ventana
305,2,EHO,poblacional,2610.271424296052,2610.271424296052,False,False,,,,,,,4,0,5,Llenando ventana
306,2,EHO,poblacional,2610.271424296052,2610.271424296052,False,False,,,,,,,5,0,6,Llenando ventana
307,2,EHO,poblacional,2610.271424296052,2610.271424296052,False,False,,,,,,,6,0,7,Llenando ventana
308,2,EHO,poblacional,2602.858969911975,2602.858969911975,False,False,,,,,,,0,0,8,Llenando ventana
309,2,EHO,poblacional,2594.5158401733734,2594.5158401733734,False,False,,,,,,,0,0,9,Llenando ventana
310,2,EHO,poblacional,2594.5158401733734,2594.5158401733734,False,False,,,,,,,1,0,10,Llenando ventana
311,2,EHO,poblacional,2582.865666126355,2582.865666126355,False,False,,,,,,,0,0,11,Llenando ventana
312,2,EHO,poblacional,2582.194783649281,2582.194783649281,False,False,,,,,,,0,0,12,Llenando ventana
313,2,EHO,poblacional,2576.2704664197913,2576.2704664197913,False,False,,,,,,,0,0,13,Llenando ventana
314,2,EHO,poblacional,2576.2704664197913,2576.2704664197913,False,False,,,,,,,1,0,14,Llenando ventana
315,2,EHO,poblacional,2576.2704664197913,2576.2704664197913,False,False,,,,,,,2,0,15,Llenando ventana
316,2,EHO,poblacional,2571.4339620777923,2571.4339620777923,False,False,,,,,,,0,0,16,Llenando ventana
317,2,EHO,poblacional,2570.52116112409,2570.52116112409,False,False,,,,,,,0,0,17,Llenando ventana
318,2,EHO,poblacional,2570.52116112409,2570.52116112409,False,False,,,,,,,1,0,18,Llenando ventana
319,2,EHO,poblacional,2560.3836678152857,2560.3836678152857,False,False,,,,,,,0,0,19,Llenando ventana
320,2,EHO,poblacional,2559.3754441601695,2559.3754441601695,False,False,,,,,,,0,0,20,Llenando ventana
321,2,EHO,poblacional,2558.9100739118785,2558.9100739118785,False,False,,,,,,,0,0,21,Llenando ventana
322,2,EHO,poblacional,2557.9314403118974,2557.9314403118974,False,False,,,,,,,0,0,22,Llenando ventana
323,2,EHO,poblacional,2553.0648074267565,2553.0648074267565,False,False,,,,,,,0,0,23,Llenando ventana
324,2,EHO,poblacional,2551.678521898226,2551.678521898226,False,False,,,,,,,0,0,24,Llenando ventana
325,2,EHO,poblacional,2547.6226812650857,2547.6226812650857,False,False,,,,,,,0,0,25,Llenando ventana
326,2,EHO,poblacional,2547.6226812650857,2547.6226812650857,False,False,,,,,,,1,0,26,Llenando ventana
327,2,EHO,poblacional,2547.559114984747,2547.559114984747,False,False,,,,,,,0,0,27,Llenando ventana
328,2,EHO,poblacional,2544.5838804459563,2544.5838804459563,False,False,,,,,,,0,0,28,Llenando ventana
329,2,EHO,poblacional,2543.3441559849484,2543.3441559849484,False,False,,,,,,,0,0,29,Llenando ventana
330,2,EHO,poblacional,2542.804433342093,2542.804433342093,False,False,,,,,,,0,0,30,Llenando ventana
331,2,EHO,poblacional,2540.35230034731,2540.35230034731,False,False,,,,,,,0,0,31,Llenando ventana
332,2,EHO,poblacional,2538.2375593493916,2538.2375593493916,False,False,,,,,,,0,0,32,Llenando ventana
333,2,EHO,poblacional,2533.4281417770057,2533.4281417770057,False,False,,,,,,,0,0,33,Llenando ventana
334,2,EHO,poblacional,2532.584120164126,2532.584120164126,False,False,,,,,,,0,0,34,Llenando ventana
335,2,EHO,poblacional,2532.584120164126,2532.584120164126,False,False,,,,,,,1,0,35,Llenando ventana
336,2,EHO,poblacional,2532.105144570712,2532.105144570712,False,False,,,,,,,0,0,36,Llenando ventana
337,2,EHO,poblacional,2531.379801910081,2531.379801910081,False,False,,,,,,,0,0,37,Llenando ventana
338,2,EHO,poblacional,2531.150802038744,2531.150802038744,False,False,,,,,,,0,0,38,Llenando ventana
339,2,EHO,poblacional,2531.150802038744,2531.150802038744,False,False,,,,,,,1,0,39,Llenando ventana
340,2,EHO,poblacional,2530.6286900018304,2530.6286900018304,False,False,,,,,,,0,0,40,Llenando ventana
341,2,EHO,poblacional,2529.665229342505,2529.665229342505,False,False,,,,,,,0,0,41,Llenando ventana
342,2,EHO,poblacional,2529.665229342505,2529.665229342505,False,False,,,,,,,1,0,42,Llenando ventana
343,2,EHO,poblacional,2529.5477095447955,2529.5477095447955,False,False,,,,,,,0,0,43,Llenando ventana
344,2,EHO,poblacional,2529.5477095447955,2529.5477095447955,False,False,,,,,,,1,0,44,Llenando ventana
345,2,EHO,poblacional,2529.4598473022115,2529.4598473022115,False,False,,,,,,,0,0,45,Llenando ventana
346,2,EHO,poblacional,2529.4445831730573,2529.4445831730573,False,False,,,,,,,0,0,46,Llenando ventana
347,2,EHO,poblacional,2529.443059458398,2529.443059458398,False,False,,,,,,,0,0,47,Llenando ventana
348,2,EHO,poblacional,2529.4032673684155,2529.4032673684155,False,False,,,,,,,0,0,48,Llenando ventana
349,2,EHO,poblacional,2529.38929814009,2529.38929814009,False,False,,,,,,,0,0,49,Llenando ventana
350,2,EHO,poblacional,2529.329319908713,2529.329319908713,False,False,,,,,,,0,0,50,Llenando ventana
351,2,EHO,poblacional,2529.329319908713,2529.329319908713,False,False,,,,,,,1,0,51,Llenando ventana
352,2,EHO,poblacional,2529.329319908713,2529.329319908713,False,False,,,,,,,2,0,52,Llenando ventana
353,2,EHO,poblacional,2529.326474791045,2529.326474791045,False,False,,,,,,,0,0,53,Llenando ventana
354,2,EHO,poblacional,2529.294294990311,2529.294294990311,False,False,,,,,,,0,0,54,Llenando ventana
355,2,EHO,poblacional,2529.294294990311,2529.294294990311,False,False,,,,,,,1,0,55,Llenando ventana
356,2,EHO,poblacional,2529.2937876986152,2529.2937876986152,False,False,,,,,,,0,0,56,Llenando ventana
357,2,EHO,poblacional,2529.2933212959797,2529.2933212959797,False,False,,,,,,,0,0,57,Llenando ventana
358,2,EHO,poblacional,2529.2932399911806,2529.2932399911806,False,False,,,,,,,0,0,58,Llenando ventana
359,2,EHO,poblacional,2529.290244295713,2529.290244295713,False,False,,,,,,,0,0,59,Llenando ventana
360,2,EHO,poblacional,2529.2897391954816,2529.2897391954816,False,False,,,,,,,0,0,60,Llenando ventana
361,2,EHO,poblacional,2529.28728519239,2529.28728519239,False,False,,,,,,,0,0,61,Llenando ventana
362,2,EHO,poblacional,2529.286509278963,2529.286509278963,False,False,,,,,,,0,0,62,Llenando ventana
363,2,EHO,poblacional,2529.286509278963,2529.286509278963,False,False,,,,,,,1,0,63,Llenando ventana
364,2,EHO,poblacional,2529.285279704722,2529.285279704722,False,False,,,,,,,0,0,64,Llenando ventana
365,2,EHO,poblacional,2529.2846815724033,2529.2846815724033,False,False,,,,,,,0,0,65,Llenando ventana
366,2,EHO,poblacional,2529.2846815724033,2529.2846815724033,False,False,,,,,,,1,0,66,Llenando ventana
367,2,EHO,poblacional,2529.28456475463,2529.28456475463,False,False,,,,,,,0,0,67,Llenando ventana
368,2,EHO,poblacional,2529.2844819015277,2529.2844819015277,False,False,,,,,,,0,0,68,Llenando ventana
369,2,EHO,poblacional,2529.2844819015277,2529.2844819015277,False,False,,,,,,,1,0,69,Llenando ventana
370,2,EHO,poblacional,2529.2844819015277,2529.2844819015277,False,False,,,,,,,2,0,70,Llenando ventana
371,2,EHO,poblacional,2529.2844332647205,2529.2844332647205,False,False,,,,,,,0,0,71,Llenando ventana
372,2,EHO,poblacional,2529.284428554955,2529.284428554955,False,False,,,,,,,0,0,72,Llenando ventana
373,2,EHO,poblacional,2529.284428554955,2529.284428554955,False,False,,,,,,,1,0,73,Llenando ventana
374,2,EHO,poblacional,2529.2844191191475,2529.2844191191475,False,False,,,,,,,0,0,74,Llenando ventana
375,2,EHO,poblacional,2529.2844091897846,2529.2844091897846,True,False,81.80610838006578,80.98701510626734,0.819093273798444,7.5,37.5,22.5,0,0,75,Explotacion activa
376,2,EHO,poblacional,2529.284399218792,2529.284399218792,True,False,81.89396065165693,80.98702507726011,0.9069355743968117,7.5,37.5,22.5,0,0,76,Explotacion activa
377,2,EHO,poblacional,2529.284394140127,2529.284394140127,True,False,81.98181781557605,80.98703015592491,0.9947876596511378,7.5,37.5,22.5,0,0,77,Explotacion activa
378,2,EHO,poblacional,2529.284393326506,2529.284393326506,True,False,82.06967924453875,80.98703096954614,1.0826482749926072,7.5,37.5,22.5,0,0,78,Explotacion activa
379,2,EHO,poblacional,2529.2843916564734,2529.2843916564734,True,False,82.15753981709031,80.9870326395785,1.1705071775118085,7.5,37.5,22.5,0,0,79,Explotacion activa
380,2,EHO,poblacional,2529.2843910669217,2529.2843910669217,True,False,82.24540147012249,80.98703322913025,1.2583682409922403,7.5,37.5,22.5,0,0,80,Explotacion activa
381,2,EHO,poblacional,2529.284387327356,2529.284387327356,True,False,82.33325997314068,80.98703696869597,1.3462230044447097,7.5,37.5,22.5,0,0,81,Explotacion activa
382,2,EHO,poblacional,2529.284387327356,2529.284387327356,True,False,75.12080558906155,73.57458258461884,1.5462230044427088,7.5,37.5,22.5,1,0,82,Explotacion activa
383,2,EHO,poblacional,2529.284385639872,2529.284385639872,True,False,66.88981192039228,65.23145453350116,1.6583573868911117,7.5,37.5,22.5,0,0,83,Explotacion activa
384,2,EHO,poblacional,2529.284385639872,2529.284385639872,True,False,66.9776741629762,65.23145453350116,1.7462196294750356,78.76328534977279,82.09603741630421,1.4062230044441093,1,0,84,Explotacion activa
385,2,EHO,poblacional,2529.284385244035,2529.284385244035,True,False,55.52749972012225,53.58128088231979,1.946218837802462,73.57458258461884,82.06967924453875,1.5462230044427088,0,0,85,Explotacion activa
386,2,EHO,poblacional,2529.28438439077,2529.28438439077,True,False,54.99302966203004,52.910399258511006,2.0826304035190333,67.73439294883647,82.04332081584994,1.6247170721565907,0,0,86,Explotacion activa
387,2,EHO,poblacional,2529.284384354009,2529.284384354009,True,False,49.15657463836351,46.986082065782284,2.1704925725812245,65.23145453350116,82.01696238716113,1.6935022839246812,0,0,87,Explotacion activa
388,2,EHO,poblacional,2529.2843843391092,2529.2843843391092,True,False,49.244436866047636,46.98608208068208,2.2583547853655546,64.06643716838303,81.99060395847232,1.7662195503077782,0,0,88,Explotacion activa
389,2,EHO,poblacional,2529.2843834834453,2529.2843834834453,True,False,49.332298252967576,46.986082936346065,2.3462153166215103,55.911315612556066,81.96424638279223,1.9062189961369767,0,0,89,Explotacion activa
390,2,EHO,poblacional,2529.284383374172,2529.284383374172,True,False,44.695793801696254,42.149578703620136,2.546215098076118,53.2458400704154,81.93788923361649,2.0144246206607477,0,0,90,Explotacion activa
391,2,EHO,poblacional,2529.284383374172,2529.284383374172,True,False,43.89513060541003,41.23677774991802,2.658352855492012,51.725535994078015,81.91153208444075,2.1002028373314716,1,0,91,Explotacion activa
392,2,EHO,poblacional,2529.2843831204223,2529.2843831204223,True,False,43.982992594244024,41.23677800366795,2.7462145905760735,47.578514568562554,81.88517542449782,2.161706355675005,0,0,92,Explotacion activa
393,2,EHO,poblacional,2529.284383085924,2529.284383085924,True,False,34.04549925094216,31.099284729361443,2.946214521580714,46.986082422947675,81.85881974302046,2.2232099002518226,0,0,93,Explotacion activa
394,2,EHO,poblacional,2529.2843829674166,2529.2843829674166,True,False,33.237275477316416,30.09106119275293,3.1462142845634844,46.98608207621214,81.83246406154312,2.284712944742341,0,0,94,Explotacion activa
395,2,EHO,poblacional,2529.2843829674166,2529.2843829674166,True,False,32.971905229027016,29.625690944461894,3.3462142845651215,46.986082065782284,81.80610838006578,2.3462153166215103,1,0,95,Explotacion activa
396,2,EHO,poblacional,2529.284382878294,2529.284382878294,True,False,32.19327153992299,28.64705743360355,3.5462141063194395,43.60052971226878,79.80051754276451,2.4862151636397356,0,0,96,Explotacion activa
397,2,EHO,poblacional,2529.2843828284254,2529.2843828284254,True,False,27.526638604913387,23.780424598331138,3.7462140065822496,41.784458423639265,77.79492670546323,2.5910702010424753,0,0,97,Explotacion activa
398,2,EHO,poblacional,2529.284382798019,2529.284382798019,True,False,26.34035304597728,22.394139100206758,3.9462139457705234,41.236777978292956,75.78933586816196,2.667139029000418,0,0,98,Explotacion activa
399,2,EHO,poblacional,2529.284382798019,2529.284382798019,True,False,22.396650170252997,18.33829846706658,4.058351703186418,41.23677780066801,73.49217930384445,2.728642243559261,1,0,99,Explotacion activa
400,2,EHO,poblacional,2529.284382767203,2529.284382767203,True,False,22.484512382020966,18.338298497882533,4.146213884138433,36.16803123963973,71.04923987601887,2.846214556078394,0,0,100,Explotacion activa
401,2,EHO,poblacional,2529.284382760744,2529.284382760744,True,False,22.548078655900554,18.274732224002946,4.2733464318976075,30.89764002203974,68.60630044819327,2.986214474177268,0,0,101,Explotacion activa
402,2,EHO,poblacional,2529.284382749826,2529.284382749826,True,False,19.77284410619086,15.299497696130402,4.473346410060458,30.191883546413784,66.96888793871781,3.126214308265207,0,0,102,Explotacion activa
403,2,EHO,poblacional,2529.284382742161,2529.284382742161,True,False,18.73311963751894,14.059773242787287,4.673346394731652,29.81183904377831,66.94252926594262,3.2662142845644664,0,0,103,Explotacion activa
404,2,EHO,poblacional,2529.2843827381785,2529.2843827381785,True,False,18.393396990679776,13.52005060391457,4.873346386765206,29.33210089120439,66.91617059316745,3.4062142310914165,0,0,104,Explotacion activa
405,2,EHO,poblacional,2529.284382729629,2529.284382729629,True,False,16.141263987349248,11.067917617680905,5.073346369668343,28.64705743360355,66.88981192039228,3.5462141063194395,0,0,105,Explotacion activa
406,2,EHO,poblacional,2529.284382729629,2529.284382729629,True,False,14.226522989430578,8.953176619762417,5.273346369668161,25.240414448912855,63.48111826031126,3.686214036503406,1,0,106,Explotacion activa
407,2,EHO,poblacional,2529.284382723919,2529.284382723919,True,False,9.617105411333341,4.1437590530867965,5.473346358246545,23.225910399081386,60.07242460023024,3.826213982257559,0,0,107,Explotacion activa
408,2,EHO,poblacional,2529.2843827196925,2529.2843827196925,True,False,8.885221551643099,3.2997374444335037,5.585484107209595,21.988555039974337,56.66373094014923,3.9574277215121128,0,0,108,Explotacion activa
409,2,EHO,poblacional,2529.284382719066,2529.284382719066,True,False,8.97308379360038,3.2997374450601455,5.673346348540235,19.149466618347375,55.42060570850381,4.035924151703238,0,0,109,Explotacion activa
410,2,EHO,poblacional,2529.2843827186184,2529.2843827186184,True,False,8.69410819974064,2.8207618520937103,5.87334634764693,18.338298482474556,55.260264691076145,4.102282793662425,0,0,110,Explotacion activa
411,2,EHO,poblacional,2529.28438271259,2529.28438271259,True,False,8.16876553307975,2.0954191974910827,6.073346335588667,18.325585218453853,55.09992367364848,4.171640393690268,0,0,111,Explotacion activa
412,2,EHO,poblacional,2529.28438271259,2529.28438271259,True,False,8.051903419159771,1.8664193261543005,6.185484093005471,18.28108884830931,54.426956521123785,4.26063317712169,1,0,112,Explotacion activa
413,2,EHO,poblacional,2529.2843827107185,2529.2843827107185,True,False,8.13976565987241,1.8664193280255859,6.273346331846824,16.48959150727942,52.72873709840504,4.393346418795318,0,0,113,Explotacion activa
414,2,EHO,poblacional,2529.284382709794,2529.284382709794,True,False,7.817653622033049,1.3443072920363193,6.47334632999673,14.927580360127466,51.0305176756863,4.533346405461816,0,0,114,Explotacion activa
415,2,EHO,poblacional,2529.284382709794,2529.284382709794,True,False,6.966330720124461,0.3808466327109272,6.585484087413533,14.059773242787287,49.332298252967576,4.673346394731652,1,0,115,Explotacion activa
416,2,EHO,poblacional,2529.284382709373,2529.284382709373,True,False,7.0541929622872885,0.38084663313202327,6.673346329155265,13.681967395576384,49.305939836891596,4.81334638915514,0,0,116,Explotacion activa
417,2,EHO,poblacional,2529.284382709373,2529.284382709373,True,False,7.048810921993663,0.2633268354225038,6.785484086571159,12.539197409421103,49.27958142081561,4.953346379926461,1,0,117,Explotacion activa
418,2,EHO,poblacional,2529.2843827090805,2529.2843827090805,True,False,7.136673164285185,0.26332683571490634,6.873346328570278,10.856443517889057,49.25322300473963,5.093346369668325,0,0,118,Explotacion activa
419,2,EHO,poblacional,2529.2843827090805,2529.2843827090805,True,False,7.125720805604033,0.1754645931309824,6.95025621247305,9.376124819346114,49.22686442051081,5.2333463696681966,1,0,119,Explotacion activa
420,2,EHO,poblacional,2529.284382709032,2529.284382709032,True,False,7.170434907778144,0.16020046402536536,7.010234443752779,6.5484678364246065,49.20050575220557,5.373346363957352,0,0,120,Explotacion activa
421,2,EHO,poblacional,2529.2843827088573,2529.2843827088573,True,False,7.228889424321096,0.15867674954051836,7.070212674780578,3.9749547314814655,49.17414708390034,5.495773908039154,0,0,121,Explotacion activa
422,2,EHO,poblacional,2529.2843827087668,2529.2843827087668,True,False,7.24907556562539,0.1188846596487565,7.130190905976633,3.3841396058628104,48.710496554696775,5.57427033231329,0,0,122,Explotacion activa
423,2,EHO,poblacional,2529.2843827086826,2529.2843827086826,True,False,7.292012063747279,0.10491543140733484,7.187096632339944,3.2997374446841605,47.37226230369658,5.638201452007979,0,0,123,Explotacion activa
424,2,EHO,poblacional,2529.2843827086617,2529.2843827086617,True,False,7.264213633083273,0.04493720005120849,7.219276433032064,3.1560447667315654,46.03402805269642,5.733346348272243,0,0,124,Explotacion activa
425,2,EHO,poblacional,2529.2843827086485,2529.2843827086485,True,False,7.296393433804042,0.044937200064396166,7.2514562337396455,2.8207618520937103,44.695793801696254,5.87334634764693,0,0,125,Explotacion activa
426,2,EHO,poblacional,2529.284382708631,2529.284382708631,True,False,7.328573234520263,0.04493720008213131,7.283636034438132,2.31302199387187,44.48195343946058,6.013346339206145,0,0,126,Explotacion activa
427,2,EHO,poblacional,2529.284382708578,2529.284382708578,True,False,7.357907917533339,0.04209208246675189,7.315815835066587,2.003819249704884,44.26811307722492,6.1182014385553884,0,0,127,Explotacion activa
428,2,EHO,poblacional,2529.284382708578,2529.284382708578,True,False,7.380214934657033,0.009912281732795236,7.370302652924238,1.8664193278384573,44.054272714989246,6.194270316889606,1,0,128,Explotacion activa
429,2,EHO,poblacional,2529.2843827085712,2529.2843827085712,True,False,7.383210630117901,0.009912281739616446,7.373298348378285,1.8664193265285576,43.965420196477226,6.255773884078553,0,0,129,Explotacion activa
430,2,EHO,poblacional,2529.284382708569,2529.284382708569,True,False,7.385699033887704,0.009404990046277817,7.376294043841426,1.6053633090953099,43.93906159982703,6.373346330921777,0,0,130,Explotacion activa
431,2,EHO,poblacional,2529.2843827085476,2529.2843827085476,True,False,7.388228326698481,0.0089385874321124,7.379289739266369,1.1516151602554607,43.91270300317683,6.49577388148009,0,0,131,Explotacion activa
432,2,EHO,poblacional,2529.2843827085426,2529.2843827085426,True,False,7.391142717362072,0.00885728263801866,7.382285434724054,0.4771926990224508,42.91016746996323,6.574270311671853,0,0,132,Explotacion activa
433,2,EHO,poblacional,2529.284382708541,2529.284382708541,True,False,7.392694610199214,0.005861587171693827,7.3868330230275205,0.38084663287936565,39.95527806362283,6.638201432458572,0,0,133,Explotacion activa
434,2,EHO,poblacional,2529.284382708533,2529.284382708533,True,False,7.394643513051506,0.0053564869485853706,7.38928702610292,0.34559069361212086,37.00038865728249,6.706987656380033,0,0,134,Explotacion activa
435,2,EHO,poblacional,2529.2843827085294,2529.2843827085294,True,False,7.396190194511746,0.002902483860452776,7.393287710651293,0.26332683571490634,34.04549925094216,6.785484086571159,0,0,135,Explotacion activa
436,2,EHO,poblacional,2529.284382708529,2529.284382708529,True,False,7.396643855325237,0.002126570434029418,7.394517284891208,0.26332683551022457,33.80303211885443,6.846987655970542,0,0,136,Explotacion activa
437,2,EHO,poblacional,2529.2843827085258,2529.2843827085258,True,False,7.397873429562878,0.0021265704372126493,7.395746859125666,0.22818193850589505,33.560564986766714,6.904110282131387,0,0,137,Explotacion activa
438,2,EHO,poblacional,2529.2843827085226,2529.2843827085226,True,False,7.399103003800519,0.0008969961995717313,7.3982060076009475,0.17393818022042068,33.31809785467899,6.956254035601023,0,0,138,Explotacion activa
439,2,EHO,poblacional,2529.2843827085226,2529.2843827085226,True,False,7.399584318346115,0.00029886388074373826,7.399285454465371,0.16325328984648876,33.184201427658536,6.998238797496833,1,0,139,Explotacion activa
440,2,EHO,poblacional,2529.2843827085208,2529.2843827085208,True,False,7.399701136117528,0.00029886388256272767,7.3994022722349655,0.15943860678294186,33.104590353171716,7.040223559266678,0,0,140,Explotacion activa
441,2,EHO,poblacional,2529.284382708515,2529.284382708515,True,False,7.399817953884849,0.0001820461152419739,7.399635907769607,0.15071833156216602,33.024979278684896,7.082208321019789,0,0,141,Explotacion activa
442,2,EHO,poblacional,2529.284382708511,2529.284382708511,True,False,7.399803533369322,9.919301646732492e-05,7.399704340352855,0.1228638686379326,32.89404186011661,7.124193082857028,0,0,142,Explotacion activa
443,2,EHO,poblacional,2529.284382708511,2529.284382708511,True,False,7.399852170176473,9.919301646732492e-05,7.399752977160006,0.11050312270390349,32.6604517533854,7.1643343417946195,1,0,143,Explotacion activa
444,2,EHO,poblacional,2529.2843827085057,2529.2843827085057,True,False,7.399900806978167,9.919302192429313e-05,7.399801613956242,0.08692196200977373,32.426861646654196,7.19675057254758,0,0,144,Explotacion activa
445,2,EHO,poblacional,2529.284382708503,2529.284382708503,True,False,7.3999389213281574,5.0556217502162326e-05,7.399888365110655,0.04493720008213131,32.19327153992299,7.219276433032064,0,0,145,Explotacion activa
446,2,EHO,poblacional,2529.2843827084985,2529.2843827084985,True,False,7.399944182550826,4.584645648719743e-05,7.3998983360943384,0.04493720006971671,30.79328165942009,7.241802293527371,0,0,146,Explotacion activa
447,2,EHO,poblacional,2529.2843827084985,2529.2843827084985,True,False,7.399954153543604,4.584645648719743e-05,7.3999083070871166,0.044937200059121093,29.39329177891722,7.26432815401904,1,0,147,Explotacion activa
448,2,EHO,poblacional,2529.2843827084967,2529.2843827084967,True,False,7.399963589349227,3.641065086412709e-05,7.399927178698363,0.04465268829276283,27.99330189841432,7.286854014500977,0,0,148,Explotacion activa
449,2,EHO,poblacional,2529.2843827084953,2529.2843827084953,True,False,7.3999735187107945,2.648128929649829e-05,7.399947037421498,0.042661105983643206,27.28938149312616,7.309379874940896,0,0,149,Explotacion activa
450,2,EHO,poblacional,2529.284382708492,2529.284382708492,True,False,7.399983489700389,1.651029970162199e-05,7.399966979400688,0.026002182103184168,26.933495825445334,7.3430592439954125,0,0,150,Explotacion activa
451,2,EHO,poblacional,2529.284382708492,2529.284382708492,True,False,7.399983496078676,1.1431634902692167e-05,7.399972064443773,0.009912281738252204,26.577610157764497,7.370901792015047,1,0,151,Explotacion activa
452,2,EHO,poblacional,2529.284382708492,2529.284382708492,True,False,7.399986422023176,1.061801367541193e-05,7.3999758040095,0.009912281733477357,25.961125606969603,7.37299877883288,2,0,152,Explotacion activa
453,2,EHO,poblacional,2529.2843827084907,2529.2843827084907,True,False,7.3999884915551775,8.947982678364497e-06,7.399979543572499,0.009607906720884784,24.823443289946567,7.3750957656561695,0,0,153,Explotacion activa
454,2,EHO,poblacional,2529.28438270849,2529.28438270849,True,False,7.399991641568249,8.358431841770653e-06,7.399983283136407,0.009265069262028192,23.68576097292356,7.377192752468909,0,0,154,Explotacion activa
455,2,EHO,poblacional,2529.28438270849,2529.28438270849,True,False,7.399993693650231,4.618866114469711e-06,7.399989074784116,0.0089385874321124,22.548078655900554,7.379289739266369,1,0,155,Explotacion activa
456,2,EHO,poblacional,2529.28438270849,2529.28438270849,True,False,7.3999953811339765,4.618866114469711e-06,7.399990762267862,0.008881674076246782,22.529008773736678,7.381386726086748,2,0,156,Explotacion activa
457,2,EHO,poblacional,2529.2843827084885,2529.2843827084885,True,False,7.399995391822358,2.931383733084658e-06,7.399992460438625,0.00765900445148872,22.5099388915728,7.384104470045441,0,0,157,Explotacion activa
458,2,EHO,poblacional,2529.2843827084885,2529.2843827084885,True,False,7.399996247486342,2.931383733084658e-06,7.399993316102609,0.005811077149382981,22.490869009408925,7.38707842333506,1,0,158,Explotacion activa
459,2,EHO,poblacional,2529.2843827084885,2529.2843827084885,True,False,7.399996707313221,2.535546627768781e-06,7.399994171766593,0.005457506993207062,22.466939939667373,7.38879622548784,2,0,159,Explotacion activa
460,2,EHO,poblacional,2529.284382708488,2529.284382708488,True,False,7.399996709711559,1.682281890680315e-06,7.399995027429668,0.004129485404519073,22.44058127613698,7.391287368377107,0,0,160,Explotacion activa
461,2,EHO,poblacional,2529.284382708488,2529.284382708488,True,False,7.399997528614676,1.645521024329355e-06,7.399995883093652,0.002747301175804751,22.41422261260659,7.393533625499276,1,0,161,Explotacion activa
462,2,EHO,poblacional,2529.2843827084876,2529.2843827084876,True,False,7.399998369378409,1.6306216821249109e-06,7.399996738756727,0.00220416177953666,22.13426956384678,7.394394327467216,0,0,162,Explotacion activa
463,2,EHO,poblacional,2529.2843827084876,2529.2843827084876,True,False,7.39999893608865,7.749576980131678e-07,7.399998161130952,0.0021265704353027105,21.34712774462813,7.395255029431882,1,0,163,Explotacion activa
464,2,EHO,poblacional,2529.2843827084876,2529.2843827084876,True,False,7.399999080565522,6.656846380792558e-07,7.3999984148808835,0.001757698163692111,20.559985925409492,7.396484603668251,2,0,164,Explotacion activa
465,2,EHO,poblacional,2529.2843827084876,2529.2843827084876,True,False,7.399999334315453,6.656846380792558e-07,7.399998668630815,0.0008969961995717313,19.772844106190853,7.3982060076009475,3,0,165,Explotacion activa
466,2,EHO,poblacional,2529.2843827084876,2529.2843827084876,True,False,7.399999538553857,4.1193470678990707e-07,7.39999912661915,0.0004783035776654292,19.460926765589278,7.398961620406044,4,0,166,Explotacion activa
467,2,EHO,poblacional,2529.2843827084876,2529.2843827084876,True,False,7.399999622563428,3.7743666325695813e-07,7.399999245126764,0.0002988638818351319,19.1490094249877,7.399332181573209,5,0,167,Explotacion activa
468,2,EHO,poblacional,2529.2843827084876,2529.2843827084876,True,False,7.399999651948292,2.589290488685947e-07,7.399999393019243,0.0002871821041935617,18.837092084386125,7.39942563578843,6,0,168,Explotacion activa
469,2,EHO,poblacional,2529.2843827084876,2529.2843827084876,True,False,7.399999741071042,2.589290488685947e-07,7.399999482141993,0.00020540966834232667,18.665175108151107,7.399589180662678,7,0,169,Explotacion activa
470,2,EHO,poblacional,2529.2843827084876,2529.2843827084876,True,False,7.399999830193792,1.698062987998128e-07,7.399999660387493,0.00014061956858313351,18.563258314099357,7.399670124061231,8,0,170,Explotacion activa
471,2,EHO,poblacional,2529.2843827084876,2529.2843827084876,True,False,7.399999879242841,1.1993779480690137e-07,7.399999759305047,9.919302083289949e-05,18.461341520047604,7.399714067714285,9,0,171,Explotacion activa
472,2,EHO,poblacional,2529.2843827084876,2529.2843827084876,True,False,7.399999879652569,8.953156793722883e-08,7.399999790121001,9.919301701302174e-05,18.168183690346705,7.399748113479291,10,0,172,Explotacion activa
473,2,EHO,poblacional,2529.2843827084876,2529.2843827084876,True,False,7.399999910468523,8.953156793722883e-08,7.399999820936955,9.919301646732492e-05,17.49254378934755,7.3997821592377475,11,0,173,Explotacion activa
474,2,EHO,poblacional,2529.2843827084876,2529.2843827084876,True,False,7.399999941284477,5.871561370440759e-08,7.3999998825688635,8.46019767777761e-05,16.8169038883484,7.399827639302567,12,0,174,Explotacion activa
475,2,EHO,poblacional,2529.2843827084876,2529.2843827084876,True,False,7.399999947743709,5.225638233241625e-08,7.399999895487326,5.0556217502162326e-05,16.141263987349248,7.399888365110655,13,0,175,Explotacion activa
476,2,EHO,poblacional,2529.2843827084876,2529.2843827084876,True,False,7.399999958661738,4.1338353184983134e-08,7.399999917323385,4.7259384791686886e-05,15.566841687973625,7.3998953447992335,14,0,176,Explotacion activa
477,2,EHO,poblacional,2529.2843827084876,2529.2843827084876,True,False,7.399999965742609,3.367358658579178e-08,7.399999932069022,4.584645648719743e-05,14.99241938859803,7.39990232449145,15,1,177,Explotacion activa
478,2,EHO,poblacional,2529.2843827084876,2529.2843827084876,True,False,7.399999970309182,2.969090928672813e-08,7.399999940618272,4.4902875924890384e-05,14.417997089222434,7.399910194248241,16,2,178,Explotacion activa
479,2,EHO,poblacional,2529.2843827084876,2529.2843827084876,True,False,7.399999970737099,2.1141659090062603e-08,7.39999994959544,3.8297811988741154e-05,13.304639473811116,7.399923404376113,17,3,179,Explotacion activa
480,2,EHO,poblacional,2529.284382708487,2529.284382708487,True,False,7.39999997676523,2.114211383741349e-08,7.399999955623116,3.144597008031269e-05,11.92181420038196,7.39993710805993,0,0,180,Explotacion activa
481,2,EHO,poblacional,2529.284382708487,2529.284382708487,True,False,7.399999977083553,1.543185135233216e-08,7.399999961651702,2.4487091377523e-05,10.538988926952737,7.3999510258173355,1,0,181,Explotacion activa
482,2,EHO,poblacional,2529.284382708487,2529.284382708487,True,False,7.399999978885717,1.1205429473193362e-08,7.399999967680287,1.7507398661109634e-05,9.55270324956004,7.399964985202769,2,0,182,Explotacion activa
483,2,EHO,poblacional,2529.284382708487,2529.284382708487,True,False,7.3999999842876605,1.0578787623671815e-08,7.399999973708873,1.3463100822264088e-05,9.359496764240154,7.399970030426539,3,0,183,Explotacion activa
484,2,EHO,poblacional,2529.284382708487,2529.284382708487,True,False,7.399999989868775,1.0131316230399534e-08,7.3999999797374585,1.1187548534508092e-05,9.166290278920266,7.399973186313491,4,0,184,Explotacion activa
485,2,EHO,poblacional,2529.284382708487,2529.284382708487,True,False,7.399999994026075,4.102730599697679e-09,7.399999989923344,1.061801367541193e-05,8.97308379360038,7.3999758040095,5,0,185,Explotacion activa
486,2,EHO,poblacional,2529.284382708487,2529.284382708487,True,False,7.39999999589736,4.102730599697679e-09,7.39999999179463,9.448991977478722e-06,8.946725121013195,7.399978421703599,6,0,186,Explotacion activa
487,2,EHO,poblacional,2529.284382708487,2529.284382708487,True,False,7.399999997768646,2.2314452507998794e-09,7.3999999955372004,8.71216234372696e-06,8.92036644842601,7.399981039398062,7,0,187,Explotacion activa
488,2,EHO,poblacional,2529.284382708487,2529.284382708487,True,False,7.399999998272051,1.3069438864476979e-09,7.399999996965107,7.984475269040554e-06,8.894007775838826,7.399983862301179,8,0,188,Explotacion activa
489,2,EHO,poblacional,2529.284382708487,2529.284382708487,True,False,7.399999998693147,1.3069438864476979e-09,7.399999997386203,5.366779259929883e-06,8.846998881262607,7.399987916454575,9,0,189,Explotacion activa
490,2,EHO,poblacional,2529.284382708487,2529.284382708487,True,False,7.399999998821841,8.858478395268321e-10,7.399999997935993,4.618866114469711e-06,8.78966487569187,7.399989918525989,10,0,190,Explotacion activa
491,2,EHO,poblacional,2529.284382708487,2529.284382708487,True,False,7.399999999114243,8.858478395268321e-10,7.399999998228395,4.281369638192695e-06,8.73233087012113,7.399991101902015,11,0,191,Explotacion activa
492,2,EHO,poblacional,2529.284382708487,2529.284382708487,True,False,7.399999999154716,5.934452929068357e-10,7.39999999856127,3.100131971223166e-06,8.641573933074547,7.399992290621549,12,0,192,Explotacion activa
493,2,EHO,poblacional,2529.284382708487,2529.284382708487,True,False,7.399999999329339,5.934452929068357e-10,7.399999998735893,2.931383733084658e-06,8.483971133076281,7.399992973837016,13,0,193,Explotacion activa
494,2,EHO,poblacional,2529.284382708487,2529.284382708487,True,False,7.399999999455304,5.44787326361984e-10,7.399999998910516,2.8126326014898933e-06,8.326368333078015,7.3999935728018045,14,0,194,Explotacion activa
495,2,EHO,poblacional,2529.284382708487,2529.284382708487,True,False,7.399999999629927,3.701643436215818e-10,7.399999999259762,2.535546627768781e-06,8.16876553307975,7.399994171766593,15,1,195,Explotacion activa
496,2,EHO,poblacional,2529.284382708487,2529.284382708487,True,False,7.399999999720421,2.7966962079517543e-10,7.399999999440752,1.9382613118068523e-06,8.160065571117547,7.399994770730745,16,2,196,Explotacion activa
497,2,EHO,poblacional,2529.284382708487,2529.284382708487,True,False,7.39999999974998,1.9554136088117957e-10,7.3999999995544385,1.667577544139931e-06,8.151365609155345,7.399995369695262,17,3,197,Explotacion activa
498,2,EHO,poblacional,2529.284382708487,2529.284382708487,True,False,7.399999999781812,1.7462298274040222e-10,7.399999999607189,1.6440310901089106e-06,8.142665647193144,7.39999596865996,18,4,198,Explotacion activa
499,2,EHO,poblacional,2529.284382708487,2529.284382708487,True,False,7.399999999821375,1.6143530956469476e-10,7.39999999965994,1.6336015505657996e-06,8.122193211729881,7.399996567624112,19,5,199,Explotacion activa
500,2,EHO,poblacional,2529.284382708487,2529.284382708487,True,False,7.399999999856391,1.4370016288012266e-10,7.399999999712691,1.2027896900690394e-06,8.09583453951609,7.3999974499438395,20,6,200,Explotacion activa
501,2,EHO,poblacional,2529.284382708487,2529.284382708487,True,False,7.399999999863212,9.094947017729282e-11,7.3999999997722625,7.531030860263851e-07,8.069475867302298,7.399998211880939,21,7,201,Explotacion activa
502,2,EHO,poblacional,2529.284382708487,2529.284382708487,True,False,7.399999999884585,9.094947017729282e-11,7.399999999793636,6.766119440726472e-07,8.028478439447097,7.399998389505891,22,8,202,Explotacion activa
503,2,EHO,poblacional,2529.284382708487,2529.284382708487,True,False,7.399999999899137,8.412825991399586e-11,7.399999999815009,6.656846380792558e-07,7.9582035003090805,7.399998567130842,23,9,203,Explotacion activa
504,2,EHO,poblacional,2529.284382708487,2529.284382708487,True,False,7.399999999918236,8.185452315956354e-11,7.399999999836382,5.895596586924501e-07,7.887928561171065,7.399998806027315,24,10,204,Explotacion activa
505,2,EHO,poblacional,2529.284382708487,2529.284382708487,True,False,7.399999999935972,6.048139766789973e-11,7.39999999987549,4.1193470678990707e-07,7.817653622033049,7.39999912661915,25,11,205,Explotacion activa
506,2,EHO,poblacional,2529.284382708487,2529.284382708487,True,False,7.399999999939155,5.547917680814862e-11,7.399999999883676,3.877860763168427e-07,7.692357535404876,7.39999920957448,26,12,206,Explotacion activa
507,2,EHO,poblacional,2529.284382708487,2529.284382708487,True,False,7.399999999945521,5.411493475548923e-11,7.399999999891406,3.300336175016129e-07,7.567061448780529,7.399999304283756,27,13,207,Explotacion activa
508,2,EHO,poblacional,2529.284382708487,2529.284382708487,True,False,7.3999999999432475,4.5929482439532876e-11,7.399999999897318,2.589290488685947e-07,7.441765362154272,7.3999994019315185,28,14,208,Explotacion activa
509,2,EHO,poblacional,2529.284382708487,2529.284382708487,True,False,7.399999999945521,4.229150363244116e-11,7.39999999990323,2.589290488685947e-07,7.399999999945521,7.399999464317443,29,15,209,Explotacion activa
510,2,EHO,poblacional,2529.284382708487,2529.284382708487,True,False,7.399999999950978,4.18367562815547e-11,7.3999999999091415,2.1436767383420374e-07,7.39999999994825,7.399999571264743,30,16,210,Explotacion activa
511,2,EHO,poblacional,2529.284382708487,2529.284382708487,True,False,7.399999999953707,3.865352482534945e-11,7.399999999915053,1.5983259800123037e-07,7.399999999951524,7.399999680171004,31,17,211,Explotacion activa
512,2,EHO,poblacional,2529.284382708487,2529.284382708487,True,False,7.399999999956435,3.54702933691442e-11,7.399999999920965,1.2492464520619257e-07,7.399999999953434,7.399999749413292,32,18,212,Explotacion activa
513,2,EHO,poblacional,2529.284382708487,2529.284382708487,True,False,7.399999999962347,3.54702933691442e-11,7.399999999926877,1.016940586850978e-07,7.399999999955344,7.399999777794619,33,19,213,Explotacion activa
514,2,EHO,poblacional,2529.284382708487,2529.284382708487,True,False,7.39999999996644,3.3651303965598345e-11,7.399999999932788,8.953156793722883e-08,7.399999999958209,7.399999799365787,34,20,214,Explotacion activa
515,2,EHO,poblacional,2529.284382708487,2529.284382708487,True,False,7.399999999968713,2.773958840407431e-11,7.399999999940974,8.953156793722883e-08,7.399999999962347,7.399999820936955,35,21,215,Explotacion activa
516,2,EHO,poblacional,2529.284382708487,2529.284382708487,True,False,7.399999999970532,2.4101609596982598e-11,7.399999999946431,6.796039997425387e-08,7.399999999965212,7.399999864079291,36,22,216,Explotacion activa
517,2,EHO,poblacional,2529.284382708487,2529.284382708487,True,False,7.399999999975989,2.4101609596982598e-11,7.399999999951888,5.6131921155611064e-08,7.399999999967349,7.399999887736248,37,23,217,Explotacion activa
518,2,EHO,poblacional,2529.284382708487,2529.284382708487,True,False,7.399999999981446,1.864464138634503e-11,7.399999999962802,5.116457941767292e-08,7.3999999999688955,7.3999998976709325,38,24,218,Explotacion activa
519,2,EHO,poblacional,2529.284382708487,2529.284382708487,True,True,7.399999999984175,1.5916157281026244e-11,7.399999999968259,4.352195901446971e-08,7.399999999970168,7.399999912956173,39,25,219,ESTANCAMIENTO (Fire)
520,3,GWO,poblacional,2529.284382708487,2529.284382708487,False,False,,,,,,,0,0,1,Llenando ventana
521,3,GWO,poblacional,2529.284382708487,2529.284382708487,False,False,,,,,,,1,0,2,Llenando ventana
522,3,GWO,poblacional,2529.284382708487,2529.284382708487,False,False,,,,,,,2,0,3,Llenando ventana
523,3,GWO,poblacional,2529.284382708487,2529.284382708487,False,False,,,,,,,3,0,4,Llenando ventana
524,3,GWO,poblacional,2529.284382708487,2529.284382708487,False,False,,,,,,,4,0,5,Llenando ventana
525,3,GWO,poblacional,2529.284382708487,2529.284382708487,False,False,,,,,,,5,0,6,Llenando ventana
526,3,GWO,poblacional,2529.284382708487,2529.284382708487,False,False,,,,,,,6,0,7,Llenando ventana
527,3,GWO,poblacional,2529.284382708487,2529.284382708487,False,False,,,,,,,7,0,8,Llenando ventana
528,3,GWO,poblacional,2529.284382708487,2529.284382708487,False,False,,,,,,,8,0,9,Llenando ventana
529,3,GWO,poblacional,2529.284382708487,2529.284382708487,False,False,,,,,,,9,0,10,Llenando ventana
530,3,GWO,poblacional,2529.284382708487,2529.284382708487,False,False,,,,,,,10,0,11,Llenando ventana
531,3,GWO,poblacional,2529.284382708487,2529.284382708487,False,False,,,,,,,11,0,12,Llenando ventana
532,3,GWO,poblacional,2529.284382708487,2529.284382708487,False,False,,,,,,,12,0,13,Llenando ventana
533,3,GWO,poblacional,2529.284382708487,2529.284382708487,False,False,,,,,,,13,0,14,Llenando ventana
534,3,GWO,poblacional,2529.284382708487,2529.284382708487,False,False,,,,,,,14,0,15,Llenando ventana
535,3,GWO,poblacional,2529.284382708487,2529.284382708487,False,False,,,,,,,15,0,16,Llenando ventana
536,3,GWO,poblacional,2529.284382708487,2529.284382708487,False,False,,,,,,,16,0,17,Llenando ventana
537,3,GWO,poblacional,2529.284382708487,2529.284382708487,False,False,,,,,,,17,0,18,Llenando ventana
538,3,GWO,poblacional,2529.284382708487,2529.284382708487,False,False,,,,,,,18,0,19,Llenando ventana
539,3,GWO,poblacional,2529.284382708487,2529.284382708487,False,False,,,,,,,19,0,20,Llenando ventana
540,3,GWO,poblacional,2529.284382708487,2529.284382708487,False,False,,,,,,,20,0,21,Llenando ventana
541,3,GWO,poblacional,2529.284382708487,2529.284382708487,False,False,,,,,,,21,0,22,Llenando ventana
542,3,GWO,poblacional,2529.284382708487,2529.284382708487,False,False,,,,,,,22,0,23,Llenando ventana
543,3,GWO,poblacional,2529.284382708487,2529.284382708487,False,False,,,,,,,23,0,24,Llenando ventana
544,3,GWO,poblacional,2529.284382708487,2529.284382708487,False,False,,,,,,,24,0,25,Llenando ventana
545,3,GWO,poblacional,2529.284382708487,2529.284382708487,False,False,,,,,,,25,0,26,Llenando ventana
546,3,GWO,poblacional,2529.284382708487,2529.284382708487,False,False,,,,,,,26,0,27,Llenando ventana
547,3,GWO,poblacional,2529.284382708487,2529.284382708487,False,False,,,,,,,27,0,28,Llenando ventana
548,3,GWO,poblacional,2529.284382708487,2529.284382708487,False,False,,,,,,,28,0,29,Llenando ventana
549,3,GWO,poblacional,2529.284382708487,2529.284382708487,False,False,,,,,,,29,0,30,Llenando ventana
550,3,GWO,poblacional,2529.284382708487,2529.284382708487,False,False,,,,,,,30,0,31,Llenando ventana
551,3,GWO,poblacional,2529.284382708487,2529.284382708487,False,False,,,,,,,31,0,32,Llenando ventana
552,3,GWO,poblacional,2529.284382708487,2529.284382708487,False,False,,,,,,,32,0,33,Llenando ventana
553,3,GWO,poblacional,2529.284382708487,2529.284382708487,False,False,,,,,,,33,0,34,Llenando ventana
554,3,GWO,poblacional,2529.284382708487,2529.284382708487,False,False,,,,,,,34,0,35,Llenando ventana
555,3,GWO,poblacional,2529.284382708487,2529.284382708487,False,False,,,,,,,35,0,36,Llenando ventana
556,3,GWO,poblacional,2529.284382708487,2529.284382708487,False,False,,,,,,,36,0,37,Llenando ventana
557,3,GWO,poblacional,2529.284382708487,2529.284382708487,False,False,,,,,,,37,0,38,Llenando ventana
558,3,GWO,poblacional,2529.284382708487,2529.284382708487,False,False,,,,,,,38,0,39,Llenando ventana
559,3,GWO,poblacional,2529.284382708487,2529.284382708487,False,False,,,,,,,39,0,40,Llenando ventana
560,3,GWO,poblacional,2529.284382708487,2529.284382708487,False,False,,,,,,,40,0,41,Llenando ventana
561,3,GWO,poblacional,2529.284382708487,2529.284382708487,False,False,,,,,,,41,0,42,Llenando ventana
562,3,GWO,poblacional,2529.284382708487,2529.284382708487,False,False,,,,,,,42,0,43,Llenando ventana
563,3,GWO,poblacional,2529.284382708487,2529.284382708487,False,False,,,,,,,43,0,44,Llenando ventana
564,3,GWO,poblacional,2529.284382708487,2529.284382708487,False,False,,,,,,,44,0,45,Llenando ventana
565,3,GWO,poblacional,2529.284382708487,2529.284382708487,False,False,,,,,,,45,0,46,Llenando ventana
566,3,GWO,poblacional,2529.284382708487,2529.284382708487,False,False,,,,,,,46,0,47,Llenando ventana
567,3,GWO,poblacional,2529.284382708487,2529.284382708487,False,False,,,,,,,47,0,48,Llenando ventana
568,3,GWO,poblacional,2529.284382708487,2529.284382708487,False,False,,,,,,,48,0,49,Llenando ventana
569,3,GWO,poblacional,2529.284382708487,2529.284382708487,False,False,,,,,,,49,0,50,Llenando ventana
570,3,GWO,poblacional,2529.284382708487,2529.284382708487,False,False,,,,,,,50,0,51,Llenando ventana
571,3,GWO,poblacional,2529.284382708487,2529.284382708487,False,False,,,,,,,51,0,52,Llenando ventana
572,3,GWO,poblacional,2529.284382708487,2529.284382708487,False,False,,,,,,,52,0,53,Llenando ventana
573,3,GWO,poblacional,2529.284382708487,2529.284382708487,False,False,,,,,,,53,0,54,Llenando ventana
574,3,GWO,poblacional,2529.284382708487,2529.284382708487,False,False,,,,,,,54,0,55,Llenando ventana
575,3,GWO,poblacional,2529.284382708487,2529.284382708487,False,False,,,,,,,55,0,56,Llenando ventana
576,3,GWO,poblacional,2529.284382708487,2529.284382708487,False,False,,,,,,,56,0,57,Llenando ventana
577,3,GWO,poblacional,2529.284382708487,2529.284382708487,False,False,,,,,,,57,0,58,Llenando ventana
578,3,GWO,poblacional,2529.284382708487,2529.284382708487,False,False,,,,,,,58,0,59,Llenando ventana
579,3,GWO,poblacional,2529.284382708487,2529.284382708487,False,False,,,,,,,59,0,60,Llenando ventana
580,3,GWO,poblacional,2529.284382708487,2529.284382708487,False,False,,,,,,,60,0,61,Llenando ventana
581,3,GWO,poblacional,2529.284382708487,2529.284382708487,False,False,,,,,,,61,0,62,Llenando ventana
582,3,GWO,poblacional,2529.284382708487,2529.284382708487,False,False,,,,,,,62,0,63,Llenando ventana
583,3,GWO,poblacional,2529.284382708487,2529.284382708487,False,False,,,,,,,63,0,64,Llenando ventana
584,3,GWO,poblacional,2529.284382708487,2529.284382708487,False,False,,,,,,,64,0,65,Llenando ventana
585,3,GWO,poblacional,2529.284382708487,2529.284382708487,False,False,,,,,,,65,0,66,Llenando ventana
586,3,GWO,poblacional,2529.284382708487,2529.284382708487,False,False,,,,,,,66,0,67,Llenando ventana
587,3,GWO,poblacional,2529.284382708487,2529.284382708487,False,False,,,,,,,67,0,68,Llenando ventana
588,3,GWO,poblacional,2529.284382708487,2529.284382708487,False,False,,,,,,,68,0,69,Llenando ventana
589,3,GWO,poblacional,2529.284382708487,2529.284382708487,False,False,,,,,,,69,0,70,Llenando ventana
590,3,GWO,poblacional,2529.284382708487,2529.284382708487,False,False,,,,,,,70,0,71,Llenando ventana
591,3,GWO,poblacional,2529.284382708487,2529.284382708487,False,False,,,,,,,71,0,72,Llenando ventana
592,3,GWO,poblacional,2529.284382708487,2529.284382708487,False,False,,,,,,,72,0,73,Llenando ventana
593,3,GWO,poblacional,2529.284382708487,2529.284382708487,False,False,,,,,,,73,0,74,Llenando ventana
594,3,GWO,poblacional,2529.284382708487,2529.284382708487,True,False,7.400000000000091,0.0,7.400000000000091,7.5,37.5,22.5,74,0,75,Explotacion activa
595,3,GWO,poblacional,2529.284382708487,2529.284382708487,True,False,7.400000000000091,0.0,7.400000000000091,7.5,37.5,22.5,75,0,76,Explotacion activa
596,3,GWO,poblacional,2529.284382708487,2529.284382708487,True,False,7.400000000000091,0.0,7.400000000000091,7.5,37.5,22.5,76,0,77,Explotacion activa
597,3,GWO,poblacional,2529.284382708487,2529.284382708487,True,False,7.400000000000091,0.0,7.400000000000091,7.5,37.5,22.5,77,0,78,Explotacion activa
598,3,GWO,poblacional,2529.284382708487,2529.284382708487,True,False,7.400000000000091,0.0,7.400000000000091,7.5,37.5,22.5,78,0,79,Explotacion activa
599,3,GWO,poblacional,2529.284382708487,2529.284382708487,True,False,7.400000000000091,0.0,7.400000000000091,7.5,37.5,22.5,79,0,80,Explotacion activa
600,3,GWO,poblacional,2529.284382708487,2529.284382708487,True,False,7.400000000000091,0.0,7.400000000000091,7.5,37.5,22.5,80,0,81,Explotacion activa
601,3,GWO,poblacional,2529.284382708487,2529.284382708487,True,False,7.400000000000091,0.0,7.400000000000091,7.5,37.5,22.5,81,0,82,Explotacion activa
602,3,GWO,poblacional,2529.284382708487,2529.284382708487,True,False,7.400000000000091,0.0,7.400000000000091,7.5,37.5,22.5,82,0,83,Explotacion activa
603,3,GWO,poblacional,2529.284382708487,2529.284382708487,True,False,7.400000000000091,0.0,7.400000000000091,0.0,7.400000000000091,7.400000000000091,83,1,84,Explotacion activa
604,3,GWO,poblacional,2529.284382708487,2529.284382708487,True,False,7.400000000000091,0.0,7.400000000000091,0.0,7.400000000000091,7.400000000000091,84,2,85,Explotacion activa
605,3,GWO,poblacional,2529.284382708487,2529.284382708487,True,False,7.400000000000091,0.0,7.400000000000091,0.0,7.400000000000091,7.400000000000091,85,3,86,Explotacion activa
606,3,GWO,poblacional,2529.284382708487,2529.284382708487,True,False,7.400000000000091,0.0,7.400000000000091,0.0,7.400000000000091,7.400000000000091,86,4,87,Explotacion activa
607,3,GWO,poblacional,2529.284382708487,2529.284382708487,True,False,7.400000000000091,0.0,7.400000000000091,0.0,7.400000000000091,7.400000000000091,87,5,88,Explotacion activa
608,3,GWO,poblacional,2529.284382708487,2529.284382708487,True,False,7.400000000000091,0.0,7.400000000000091,0.0,7.400000000000091,7.400000000000091,88,6,89,Explotacion activa
609,3,GWO,poblacional,2529.284382708487,2529.284382708487,True,False,7.400000000000091,0.0,7.400000000000091,0.0,7.400000000000091,7.400000000000091,89,7,90,Explotacion activa
610,3,GWO,poblacional,2529.284382708487,2529.284382708487,True,False,7.400000000000091,0.0,7.400000000000091,0.0,7.400000000000091,7.400000000000091,90,8,91,Explotacion activa
611,3,GWO,poblacional,2529.284382708487,2529.284382708487,True,False,7.400000000000091,0.0,7.400000000000091,0.0,7.400000000000091,7.400000000000091,91,9,92,Explotacion activa
612,3,GWO,poblacional,2529.284382708487,2529.284382708487,True,False,7.400000000000091,0.0,7.400000000000091,0.0,7.400000000000091,7.400000000000091,92,10,93,Explotacion activa
613,3,GWO,poblacional,2529.284382708487,2529.284382708487,True,False,7.400000000000091,0.0,7.400000000000091,0.0,7.400000000000091,7.400000000000091,93,11,94,Explotacion activa
614,3,GWO,poblacional,2529.284382708487,2529.284382708487,True,False,7.400000000000091,0.0,7.400000000000091,0.0,7.400000000000091,7.400000000000091,94,12,95,Explotacion activa
615,3,GWO,poblacional,2529.284382708487,2529.284382708487,True,False,7.400000000000091,0.0,7.400000000000091,0.0,7.400000000000091,7.400000000000091,95,13,96,Explotacion activa
616,3,GWO,poblacional,2529.284382708487,2529.284382708487,True,False,7.400000000000091,0.0,7.400000000000091,0.0,7.400000000000091,7.400000000000091,96,14,97,Explotacion activa
617,3,GWO,poblacional,2529.284382708487,2529.284382708487,True,False,7.400000000000091,0.0,7.400000000000091,0.0,7.400000000000091,7.400000000000091,97,15,98,Explotacion activa
618,3,GWO,poblacional,2529.284382708487,2529.284382708487,True,False,7.400000000000091,0.0,7.400000000000091,0.0,7.400000000000091,7.400000000000091,98,16,99,Explotacion activa
619,3,GWO,poblacional,2529.284382708487,2529.284382708487,True,False,7.400000000000091,0.0,7.400000000000091,0.0,7.400000000000091,7.400000000000091,99,17,100,Explotacion activa
620,3,GWO,poblacional,2529.284382708487,2529.284382708487,True,False,7.400000000000091,0.0,7.400000000000091,0.0,7.400000000000091,7.400000000000091,100,18,101,Explotacion activa
621,3,GWO,poblacional,2529.284382708487,2529.284382708487,True,False,7.400000000000091,0.0,7.400000000000091,0.0,7.400000000000091,7.400000000000091,101,19,102,Explotacion activa
622,3,GWO,poblacional,2529.284382708487,2529.284382708487,True,False,7.400000000000091,0.0,7.400000000000091,0.0,7.400000000000091,7.400000000000091,102,20,103,Explotacion activa
623,3,GWO,poblacional,2529.284382708487,2529.284382708487,True,False,7.400000000000091,0.0,7.400000000000091,0.0,7.400000000000091,7.400000000000091,103,21,104,Explotacion activa
624,3,GWO,poblacional,2529.284382708487,2529.284382708487,True,False,7.400000000000091,0.0,7.400000000000091,0.0,7.400000000000091,7.400000000000091,104,22,105,Explotacion activa
625,3,GWO,poblacional,2529.284382708487,2529.284382708487,True,False,7.400000000000091,0.0,7.400000000000091,0.0,7.400000000000091,7.400000000000091,105,23,106,Explotacion activa
626,3,GWO,poblacional,2529.284382708487,2529.284382708487,True,False,7.400000000000091,0.0,7.400000000000091,0.0,7.400000000000091,7.400000000000091,106,24,107,Explotacion activa
627,3,GWO,poblacional,2529.284382708487,2529.284382708487,True,True,7.400000000000091,0.0,7.400000000000091,0.0,7.400000000000091,7.400000000000091,107,25,108,ESTANCAMIENTO (Fire)
628,4,PSO,poblacional,2529.284382708487,2529.284382708487,False,False,,,,,,,0,0,0,Llenando ventana
629,4,PSO,poblacional,2529.284382708487,2529.284382708487,False,False,,,,,,,0,0,0,Llenando ventana
630,4,PSO,poblacional,2529.284382708487,2529.284382708487,False,False,,,,,,,0,0,0,Llenando ventana
631,4,PSO,poblacional,2529.284382708487,2529.284382708487,False,False,,,,,,,0,0,0,Llenando ventana
632,4,PSO,poblacional,2529.284382708487,2529.284382708487,False,False,,,,,,,0,0,0,Llenando ventana
633,4,PSO,poblacional,2529.284382708487,2529.284382708487,False,False,,,,,,,0,0,0,Llenando ventana
634,4,PSO,poblacional,2529.284382708487,2529.284382708487,False,False,,,,,,,0,0,0,Llenando ventana
635,4,PSO,poblacional,2529.284382708487,2529.284382708487,False,False,,,,,,,0,0,0,Llenando ventana
636,4,PSO,poblacional,2529.284382708487,2529.284382708487,False,False,,,,,,,0,0,0,Llenando ventana
637,4,PSO,poblacional,2529.284382708487,2529.284382708487,False,False,,,,,,,0,0,0,Llenando ventana
638,4,PSO,poblacional,2529.284382708487,2529.284382708487,False,False,,,,,,,0,0,0,Llenando ventana
639,4,PSO,poblacional,2529.284382708487,2529.284382708487,False,False,,,,,,,0,0,0,Llenando ventana
640,4,PSO,poblacional,2529.284382708487,2529.284382708487,False,False,,,,,,,0,0,0,Llenando ventana
641,4,PSO,poblacional,2529.284382708487,2529.284382708487,False,False,,,,,,,0,0,0,Llenando ventana
642,4,PSO,poblacional,2529.284382708487,2529.284382708487,False,False,,,,,,,0,0,0,Llenando ventana
643,4,PSO,poblacional,2529.284382708487,2529.284382708487,False,False,,,,,,,0,0,0,Llenando ventana
644,4,PSO,poblacional,2529.284382708487,2529.284382708487,False,False,,,,,,,0,0,0,Llenando ventana
645,4,PSO,poblacional,2529.284382708487,2529.284382708487,False,False,,,,,,,0,0,0,Llenando ventana
646,4,PSO,poblacional,2529.284382708487,2529.284382708487,False,False,,,,,,,0,0,0,Llenando ventana
647,4,PSO,poblacional,2529.284382708487,2529.284382708487,False,False,,,,,,,0,0,0,Llenando ventana
648,4,PSO,poblacional,2529.284382708487,2529.284382708487,False,False,,,,,,,0,0,0,Llenando ventana
649,4,PSO,poblacional,2529.284382708487,2529.284382708487,False,False,,,,,,,0,0,0,Llenando ventana
650,4,PSO,poblacional,2529.284382708487,2529.284382708487,False,False,,,,,,,0,0,0,Llenando ventana
651,4,PSO,poblacional,2529.284382708487,2529.284382708487,False,False,,,,,,,0,0,0,Llenando ventana
652,4,PSO,poblacional,2529.284382708487,2529.284382708487,False,False,,,,,,,0,0,0,Llenando ventana
653,4,PSO,poblacional,2529.284382708487,2529.284382708487,False,False,,,,,,,0,0,0,Llenando ventana
654,4,PSO,poblacional,2529.284382708487,2529.284382708487,False,False,,,,,,,0,0,0,Llenando ventana
655,4,PSO,poblacional,2529.284382708487,2529.284382708487,False,False,,,,,,,0,0,0,Llenando ventana
656,4,PSO,poblacional,2529.284382708487,2529.284382708487,False,False,,,,,,,0,0,0,Llenando ventana
657,4,PSO,poblacional,2529.284382708487,2529.284382708487,False,False,,,,,,,0,0,0,Llenando ventana
658,4,PSO,poblacional,2529.284382708487,2529.284382708487,False,False,,,,,,,0,0,0,Llenando ventana
659,4,PSO,poblacional,2529.284382708487,2529.284382708487,False,False,,,,,,,0,0,0,Llenando ventana
660,4,PSO,poblacional,2529.284382708487,2529.284382708487,False,False,,,,,,,0,0,0,Llenando ventana
661,4,PSO,poblacional,2529.284382708487,2529.284382708487,False,False,,,,,,,0,0,0,Llenando ventana
662,4,PSO,poblacional,2529.284382708487,2529.284382708487,False,False,,,,,,,0,0,0,Llenando ventana
663,4,PSO,poblacional,2529.284382708487,2529.284382708487,False,False,,,,,,,0,0,0,Llenando ventana
664,4,PSO,poblacional,2529.284382708487,2529.284382708487,False,False,,,,,,,0,0,0,Llenando ventana
665,4,PSO,poblacional,2529.284382708487,2529.284382708487,False,False,,,,,,,0,0,0,Llenando ventana
666,4,PSO,poblacional,2529.284382708487,2529.284382708487,False,False,,,,,,,0,0,0,Llenando ventana
667,4,PSO,poblacional,2529.284382708487,2529.284382708487,False,False,,,,,,,0,0,0,Llenando ventana
668,4,PSO,poblacional,2529.284382708487,2529.284382708487,False,False,,,,,,,0,0,0,Llenando ventana
669,4,PSO,poblacional,2529.284382708487,2529.284382708487,False,False,,,,,,,0,0,0,Llenando ventana
670,4,PSO,poblacional,2529.284382708487,2529.284382708487,False,False,,,,,,,0,0,0,Llenando ventana
671,4,PSO,poblacional,2529.284382708487,2529.284382708487,False,False,,,,,,,0,0,0,Llenando ventana
672,4,PSO,poblacional,2529.284382708487,2529.284382708487,False,False,,,,,,,0,0,0,Llenando ventana
673,4,PSO,poblacional,2529.284382708487,2529.284382708487,False,False,,,,,,,0,0,0,Llenando ventana
674,4,PSO,poblacional,2529.284382708487,2529.284382708487,False,False,,,,,,,0,0,0,Llenando ventana
675,4,PSO,poblacional,2529.284382708487,2529.284382708487,False,False,,,,,,,0,0,0,Llenando ventana
676,4,PSO,poblacional,2529.284382708487,2529.284382708487,False,False,,,,,,,0,0,0,Llenando ventana
677,4,PSO,poblacional,2529.284382708487,2529.284382708487,False,False,,,,,,,0,0,0,Llenando ventana
678,4,PSO,poblacional,2529.284382708487,2529.284382708487,False,False,,,,,,,0,0,0,Llenando ventana
679,4,PSO,poblacional,2529.284382708487,2529.284382708487,False,False,,,,,,,0,0,0,Llenando ventana
680,4,PSO,poblacional,2529.284382708487,2529.284382708487,False,False,,,,,,,0,0,0,Llenando ventana
681,4,PSO,poblacional,2529.284382708487,2529.284382708487,False,False,,,,,,,0,0,0,Llenando ventana
682,4,PSO,poblacional,2529.284382708487,2529.284382708487,False,False,,,,,,,0,0,0,Llenando ventana
683,4,PSO,poblacional,2529.284382708487,2529.284382708487,False,False,,,,,,,0,0,0,Llenando ventana
684,4,PSO,poblacional,2529.284382708487,2529.284382708487,False,False,,,,,,,0,0,0,Llenando ventana
685,4,PSO,poblacional,2529.284382708487,2529.284382708487,False,False,,,,,,,0,0,0,Llenando ventana
686,4,PSO,poblacional,2529.284382708487,2529.284382708487,False,False,,,,,,,0,0,0,Llenando ventana
687,4,PSO,poblacional,2529.284382708487,2529.284382708487,False,False,,,,,,,0,0,0,Llenando ventana
688,4,PSO,poblacional,2529.284382708487,2529.284382708487,False,False,,,,,,,0,0,0,Llenando ventana
689,4,PSO,poblacional,2529.284382708487,2529.284382708487,False,False,,,,,,,0,0,0,Llenando ventana
690,4,PSO,poblacional,2529.284382708487,2529.284382708487,False,False,,,,,,,0,0,0,Llenando ventana
691,4,PSO,poblacional,2529.284382708487,2529.284382708487,False,False,,,,,,,0,0,0,Llenando ventana
692,4,PSO,poblacional,2529.284382708487,2529.284382708487,False,False,,,,,,,0,0,0,Llenando ventana
693,4,PSO,poblacional,2529.284382708487,2529.284382708487,False,False,,,,,,,0,0,0,Llenando ventana
694,4,PSO,poblacional,2529.284382708487,2529.284382708487,False,False,,,,,,,0,0,0,Llenando ventana
695,4,PSO,poblacional,2529.284382708487,2529.284382708487,False,False,,,,,,,0,0,0,Llenando ventana
696,4,PSO,poblacional,2529.284382708487,2529.284382708487,False,False,,,,,,,0,0,0,Llenando ventana
697,4,PSO,poblacional,2529.284382708487,2529.284382708487,False,False,,,,,,,0,0,0,Llenando ventana
698,4,PSO,poblacional,2529.284382708487,2529.284382708487,False,False,,,,,,,0,0,0,Llenando ventana
699,4,PSO,poblacional,2529.284382708487,2529.284382708487,False,False,,,,,,,0,0,0,Llenando ventana
700,4,PSO,poblacional,2529.284382708487,2529.284382708487,False,False,,,,,,,0,0,0,Llenando ventana
701,4,PSO,poblacional,2529.284382708487,2529.284382708487,False,False,,,,,,,0,0,0,Llenando ventana
702,4,PSO,poblacional,2529.284382708487,2529.284382708487,False,False,,,7.400000000000091,,,,0,0,0,Llenando ventana
703,4,PSO,poblacional,2529.284382708487,2529.284382708487,False,False,,,7.400000000000091,,,,0,0,0,Llenando ventana
704,4,PSO,poblacional,2529.284382708487,2529.284382708487,False,False,,,7.400000000000091,,,,0,0,0,Llenando ventana
705,4,PSO,poblacional,2529.284382708487,2529.284382708487,False,False,,,7.400000000000091,,,,0,0,0,Llenando ventana
706,4,PSO,poblacional,2529.284382708487,2529.284382708487,False,False,,,7.400000000000091,,,,0,0,0,Llenando ventana
707,4,PSO,poblacional,2529.284382708487,2529.284382708487,False,False,,,7.400000000000091,,,,0,0,0,Llenando ventana
708,4,PSO,poblacional,2529.284382708487,2529.284382708487,False,False,,,7.400000000000091,,,,0,0,0,Llenando ventana
709,4,PSO,poblacional,2529.284382708487,2529.284382708487,False,False,,,7.400000000000091,,,,0,0,0,Llenando ventana
710,4,PSO,poblacional,2529.284382708487,2529.284382708487,False,False,,,7.400000000000091,,,,0,0,0,Llenando ventana
711,4,PSO,poblacional,2529.284382708487,2529.284382708487,False,False,,,7.400000000000091,,,,0,0,0,Llenando ventana
712,4,PSO,poblacional,2529.284382708487,2529.284382708487,False,False,,,7.400000000000091,,,,0,0,0,Llenando ventana
713,4,PSO,poblacional,2529.284382708487,2529.284382708487,False,False,,,7.400000000000091,,,,0,0,0,Llenando ventana
714,4,PSO,poblacional,2529.284382708487,2529.284382708487,False,False,,,7.400000000000091,,,,0,0,0,Llenando ventana
715,4,PSO,poblacional,2529.284382708487,2529.284382708487,False,False,,,7.400000000000091,,,,0,0,0,Llenando ventana
716,4,PSO,poblacional,2529.284382708487,2529.284382708487,False,False,,,7.400000000000091,,,,0,0,0,Llenando ventana
717,4,PSO,poblacional,2529.284382708487,2529.284382708487,False,False,,,7.400000000000091,,,,0,0,0,Llenando ventana
718,4,PSO,poblacional,2529.284382708487,2529.284382708487,False,False,,,7.400000000000091,,,,0,0,0,Llenando ventana
719,4,PSO,poblacional,2529.284382708487,2529.284382708487,False,False,,,7.400000000000091,,,,0,0,0,Llenando ventana
720,4,PSO,poblacional,2529.284382708487,2529.284382708487,False,False,,,7.400000000000091,,,,0,0,0,Llenando ventana
721,4,PSO,poblacional,2529.284382708487,2529.284382708487,False,False,,,7.400000000000091,,,,0,0,0,Llenando ventana
722,4,PSO,poblacional,2529.284382708487,2529.284382708487,False,False,,,7.400000000000091,,,,0,0,0,Llenando ventana
723,4,PSO,poblacional,2529.284382708487,2529.284382708487,False,False,,,7.400000000000091,,,,0,0,0,Llenando ventana
724,4,PSO,poblacional,2529.284382708487,2529.284382708487,False,False,,,7.400000000000091,,,,0,0,0,Llenando ventana
725,4,PSO,poblacional,2529.284382708487,2529.284382708487,False,False,,,7.400000000000091,,,,0,0,0,Llenando ventana
726,4,PSO,poblacional,2529.284382708487,2529.284382708487,False,False,,,7.400000000000091,,,,0,0,0,Llenando ventana
727,4,PSO,poblacional,2529.284382708487,2529.284382708487,False,False,,,7.400000000000091,,,,0,0,0,Llenando ventana
728,4,PSO,poblacional,2529.284382708487,2529.284382708487,False,False,,,7.400000000000091,,,,0,0,0,Llenando ventana
729,4,PSO,poblacional,2529.284382708487,2529.284382708487,False,False,,,7.400000000000091,,,,0,0,0,Llenando ventana
730,4,PSO,poblacional,2529.284382708487,2529.284382708487,False,False,,,7.400000000000091,,,,0,0,0,Llenando ventana
731,4,PSO,poblacional,2529.284382708487,2529.284382708487,False,False,,,7.400000000000091,,,,0,0,0,Llenando ventana
732,4,PSO,poblacional,2529.284382708487,2529.284382708487,False,False,,,7.400000000000091,,,,0,0,0,Llenando ventana
733,4,PSO,poblacional,2529.284382708487,2529.284382708487,False,False,,,7.400000000000091,,,,0,0,0,Llenando ventana
734,4,PSO,poblacional,2529.284382708487,2529.284382708487,False,False,,,7.400000000000091,,,,0,0,0,Llenando ventana
735,4,PSO,poblacional,2529.284382708487,2529.284382708487,False,False,,,7.400000000000091,,,,0,0,0,Llenando ventana
736,5,ACO,poblacional,2529.284382708487,2994.3918946609415,False,False,,,,,,,0,0,1,Llenando ventana
737,5,ACO,poblacional,2529.284382708487,2718.444954508338,False,False,,,,,,,1,0,2,Llenando ventana
738,5,ACO,poblacional,2529.284382708487,2963.653631148925,False,False,,,,,,,2,0,3,Llenando ventana
739,5,ACO,poblacional,2529.284382708487,2644.4123241569346,False,False,,,,,,,3,0,4,Llenando ventana
740,5,ACO,poblacional,2529.284382708487,2714.9297032203167,False,False,,,,,,,4,0,5,Llenando ventana
741,5,ACO,poblacional,2529.284382708487,2689.12939494546,False,False,,,,,,,5,0,6,Llenando ventana
742,5,ACO,poblacional,2529.284382708487,2587.9905157567464,False,False,,,,,,,6,0,7,Llenando ventana
743,5,ACO,poblacional,2529.284382708487,2671.4862788952273,False,False,,,,,,,7,0,8,Llenando ventana
744,5,ACO,poblacional,2529.284382708487,2637.7792142345193,False,False,,,,,,,8,0,9,Llenando ventana
745,5,ACO,poblacional,2529.284382708487,2600.379104151611,False,False,,,,,,,9,0,10,Llenando ventana
746,5,ACO,poblacional,2529.284382708487,2591.7281470571434,False,False,,,,,,,10,0,11,Llenando ventana
747,5,ACO,poblacional,2529.284382708487,2547.710989713435,False,False,,,,,,,11,0,12,Llenando ventana
748,5,ACO,poblacional,2529.284382708487,2545.225230138184,False,False,,,,,,,12,0,13,Llenando ventana
749,5,ACO,poblacional,2529.284382708487,2585.6362166494505,False,False,,,,,,,13,0,14,Llenando ventana
750,5,ACO,poblacional,2529.284382708487,2546.750438751622,False,False,,,,,,,14,0,15,Llenando ventana
751,5,ACO,poblacional,2529.284382708487,2541.335388021874,False,False,,,,,,,15,0,16,Llenando ventana
752,5,ACO,poblacional,2529.284382708487,2568.787030202231,False,False,,,,,,,16,0,17,Llenando ventana
753,5,ACO,poblacional,2529.284382708487,2536.5458770751966,False,False,,,,,,,17,0,18,Llenando ventana
754,5,ACO,poblacional,2529.284382708487,2538.232695972483,False,False,,,,,,,18,0,19,Llenando ventana
755,5,ACO,poblacional,2529.284382708487,2535.9322618477595,False,False,,,,,,,19,0,20,Llenando ventana
756,5,ACO,poblacional,2529.284382708487,2538.92351312334,False,False,,,,,,,20,0,21,Llenando ventana
757,5,ACO,poblacional,2529.284382708487,2538.031379661246,False,False,,,,,,,21,0,22,Llenando ventana
758,5,ACO,poblacional,2529.284382708487,2533.3158864598618,False,False,,,,,,,22,0,23,Llenando ventana
759,5,ACO,poblacional,2529.284382708487,2532.0575822952524,False,False,,,,,,,23,0,24,Llenando ventana
760,5,ACO,poblacional,2529.284382708487,2532.8372154372446,False,False,,,,,,,24,0,25,Llenando ventana
761,5,ACO,poblacional,2529.284382708487,2532.6515615533613,False,False,,,,,,,25,0,26,Llenando ventana
762,5,ACO,poblacional,2529.284382708487,2531.1213461443126,False,False,,,,,,,26,0,27,Llenando ventana
763,5,ACO,poblacional,2529.284382708487,2531.744255328991,False,False,,,,,,,27,0,28,Llenando ventana
764,5,ACO,poblacional,2529.284382708487,2531.4685234528088,False,False,,,,,,,28,0,29,Llenando ventana
765,5,ACO,poblacional,2529.284382708487,2530.4542609508762,False,False,,,,,,,29,0,30,Llenando ventana
766,5,ACO,poblacional,2529.284382708487,2530.4401863997446,False,False,,,,,,,30,0,31,Llenando ventana
767,5,ACO,poblacional,2529.284382708487,2530.1115563575377,False,False,,,,,,,31,0,32,Llenando ventana
768,5,ACO,poblacional,2529.284382708487,2530.8885616356574,False,False,,,,,,,32,0,33,Llenando ventana
769,5,ACO,poblacional,2529.284382708487,2529.9888355127664,False,False,,,,,,,33,0,34,Llenando ventana
770,5,ACO,poblacional,2529.284382708487,2529.958216294536,False,False,,,,,,,34,0,35,Llenando ventana
771,5,ACO,poblacional,2529.284382708487,2530.515692279785,False,False,,,,,,,35,0,36,Llenando ventana
772,5,ACO,poblacional,2529.284382708487,2530.416054457788,False,False,,,,,,,36,0,37,Llenando ventana
773,5,ACO,poblacional,2529.284382708487,2530.04860991068,False,False,,,,,,,37,0,38,Llenando ventana
774,5,ACO,poblacional,2529.284382708487,2529.4364672238203,False,False,,,,,,,38,0,39,Llenando ventana
775,5,ACO,poblacional,2529.284382708487,2529.6700427340934,False,False,,,,,,,39,0,40,Llenando ventana
776,5,ACO,poblacional,2529.284382708487,2529.5639309394874,False,False,,,,,,,40,0,41,Llenando ventana
777,5,ACO,poblacional,2529.284382708487,2529.5882510006563,False,False,,,,,,,41,0,42,Llenando ventana
778,5,ACO,poblacional,2529.284382708487,2529.4923438481615,False,False,,,,,,,42,0,43,Llenando ventana
779,5,ACO,poblacional,2529.284382708487,2529.5555821080566,False,False,,,,,,,43,0,44,Llenando ventana
780,5,ACO,poblacional,2529.284382708487,2529.3295616995124,False,False,,,,,,,44,0,45,Llenando ventana
781,5,ACO,poblacional,2529.284382708487,2529.4360240650835,False,False,,,,,,,45,0,46,Llenando ventana
782,5,ACO,poblacional,2529.284382708487,2529.393024606218,False,False,,,,,,,46,0,47,Llenando ventana
783,5,ACO,poblacional,2529.284382708487,2529.457016967084,False,False,,,,,,,47,0,48,Llenando ventana
784,5,ACO,poblacional,2529.284382708487,2529.395130034502,False,False,,,,,,,48,0,49,Llenando ventana
785,5,ACO,poblacional,2529.284382708487,2529.335848867795,False,False,,,,,,,49,0,50,Llenando ventana
786,5,ACO,poblacional,2529.284382708487,2529.3168243907553,False,False,,,,,,,50,0,51,Llenando ventana
787,5,ACO,poblacional,2529.284382708487,2529.3400604087565,False,False,,,,,,,51,0,52,Llenando ventana
788,5,ACO,poblacional,2529.284382708487,2529.3356731665253,False,False,,,,,,,52,0,53,Llenando ventana
789,5,ACO,poblacional,2529.284382708487,2529.3304663903596,False,False,,,,,,,53,0,54,Llenando ventana
790,5,ACO,poblacional,2529.284382708487,2529.338045700952,False,False,,,,,,,54,0,55,Llenando ventana
791,5,ACO,poblacional,2529.284382708487,2529.3142843908236,False,False,,,,,,,55,0,56,Llenando ventana
792,5,ACO,poblacional,2529.284382708487,2529.3153267961275,False,False,,,,,,,56,0,57,Llenando ventana
793,5,ACO,poblacional,2529.284382708487,2529.3046229825495,False,False,,,,,,,57,0,58,Llenando ventana
794,5,ACO,poblacional,2529.284382708487,2529.2942570493074,False,False,,,,,,,58,0,59,Llenando ventana
795,5,ACO,poblacional,2529.284382708487,2529.301338774332,False,False,,,,,,,59,0,60,Llenando ventana
796,5,ACO,poblacional,2529.284382708487,2529.2997279877163,False,False,,,,,,,60,0,61,Llenando ventana
797,5,ACO,poblacional,2529.284382708487,2529.2991595884905,False,False,,,,,,,61,0,62,Llenando ventana
798,5,ACO,poblacional,2529.284382708487,2529.3012646012035,False,False,,,,,,,62,0,63,Llenando ventana
799,5,ACO,poblacional,2529.284382708487,2529.3015183931284,False,False,,,,,,,63,0,64,Llenando ventana
800,5,ACO,poblacional,2529.284382708487,2529.2909248112474,False,False,,,,,,,64,0,65,Llenando ventana
801,5,ACO,poblacional,2529.284382708487,2529.298697054241,False,False,,,,,,,65,0,66,Llenando ventana
802,5,ACO,poblacional,2529.284382708487,2529.2886155085585,False,False,,,,,,,66,0,67,Llenando ventana
803,5,ACO,poblacional,2529.284382708487,2529.288632316258,False,False,,,,,,,67,0,68,Llenando ventana
804,5,ACO,poblacional,2529.284382708487,2529.2877195670544,False,False,,,,,,,68,0,69,Llenando ventana
805,5,ACO,poblacional,2529.284382708487,2529.286892925679,False,False,,,,,,,69,0,70,Llenando ventana
806,5,ACO,poblacional,2529.284382708487,2529.28620405094,False,False,,,,,,,70,0,71,Llenando ventana
807,5,ACO,poblacional,2529.284382708487,2529.2870763161145,False,False,,,,,,,71,0,72,Llenando ventana
808,5,ACO,poblacional,2529.284382708487,2529.285081830675,False,False,,,,,,,72,0,73,Llenando ventana
809,5,ACO,poblacional,2529.284382708487,2529.286432609852,False,False,,,,,,,73,0,74,Llenando ventana
810,5,ACO,poblacional,2529.284382708487,2529.2851408066813,True,False,7.400000000000091,0.0,7.400000000000091,7.5,37.5,22.5,74,0,75,Explotacion activa
811,5,ACO,poblacional,2529.284382708487,2529.2859617736603,True,False,7.400000000000091,0.0,7.400000000000091,7.5,37.5,22.5,75,0,76,Explotacion activa
812,5,ACO,poblacional,2529.284382708487,2529.2844772447843,True,False,7.400000000000091,0.0,7.400000000000091,7.5,37.5,22.5,76,0,77,Explotacion activa
813,5,ACO,poblacional,2529.284382708487,2529.2848629053,True,False,7.400000000000091,0.0,7.400000000000091,7.5,37.5,22.5,77,0,78,Explotacion activa
814,5,ACO,poblacional,2529.284382708487,2529.284669888003,True,False,7.400000000000091,0.0,7.400000000000091,7.5,37.5,22.5,78,0,79,Explotacion activa
815,5,ACO,poblacional,2529.284382708487,2529.2847517435607,True,False,7.400000000000091,0.0,7.400000000000091,7.5,37.5,22.5,79,0,80,Explotacion activa
816,5,ACO,poblacional,2529.284382708487,2529.284659778451,True,False,7.400000000000091,0.0,7.400000000000091,7.5,37.5,22.5,80,0,81,Explotacion activa
817,5,ACO,poblacional,2529.284382708487,2529.284537374951,True,False,7.400000000000091,0.0,7.400000000000091,7.5,37.5,22.5,81,0,82,Explotacion activa
818,5,ACO,poblacional,2529.284382708487,2529.28454472574,True,False,7.400000000000091,0.0,7.400000000000091,7.5,37.5,22.5,82,0,83,Explotacion activa
819,5,ACO,poblacional,2529.284382708487,2529.2845137366894,True,False,7.400000000000091,0.0,7.400000000000091,0.0,7.400000000000091,7.400000000000091,83,1,84,Explotacion activa
820,5,ACO,poblacional,2529.284382708487,2529.284473974372,True,False,7.400000000000091,0.0,7.400000000000091,0.0,7.400000000000091,7.400000000000091,84,2,85,Explotacion activa
821,5,ACO,poblacional,2529.284382708487,2529.284550909245,True,False,7.400000000000091,0.0,7.400000000000091,0.0,7.400000000000091,7.400000000000091,85,3,86,Explotacion activa
822,5,ACO,poblacional,2529.284382708487,2529.284510843775,True,False,7.400000000000091,0.0,7.400000000000091,0.0,7.400000000000091,7.400000000000091,86,4,87,Explotacion activa
823,5,ACO,poblacional,2529.284382708487,2529.2844845503746,True,False,7.400000000000091,0.0,7.400000000000091,0.0,7.400000000000091,7.400000000000091,87,5,88,Explotacion activa
824,5,ACO,poblacional,2529.284382708487,2529.28447119998,True,False,7.400000000000091,0.0,7.400000000000091,0.0,7.400000000000091,7.400000000000091,88,6,89,Explotacion activa
825,5,ACO,poblacional,2529.284382708487,2529.28441251644,True,False,7.400000000000091,0.0,7.400000000000091,0.0,7.400000000000091,7.400000000000091,89,7,90,Explotacion activa
826,5,ACO,poblacional,2529.284382708487,2529.2844292015834,True,False,7.400000000000091,0.0,7.400000000000091,0.0,7.400000000000091,7.400000000000091,90,8,91,Explotacion activa
827,5,ACO,poblacional,2529.284382708487,2529.284429411591,True,False,7.400000000000091,0.0,7.400000000000091,0.0,7.400000000000091,7.400000000000091,91,9,92,Explotacion activa
828,5,ACO,poblacional,2529.284382708487,2529.284408859976,True,False,7.400000000000091,0.0,7.400000000000091,0.0,7.400000000000091,7.400000000000091,92,10,93,Explotacion activa
829,5,ACO,poblacional,2529.284382708487,2529.2844009004125,True,False,7.400000000000091,0.0,7.400000000000091,0.0,7.400000000000091,7.400000000000091,93,11,94,Explotacion activa
830,5,ACO,poblacional,2529.284382708487,2529.2844035691314,True,False,7.400000000000091,0.0,7.400000000000091,0.0,7.400000000000091,7.400000000000091,94,12,95,Explotacion activa
831,5,ACO,poblacional,2529.284382708487,2529.2843946024946,True,False,7.400000000000091,0.0,7.400000000000091,0.0,7.400000000000091,7.400000000000091,95,13,96,Explotacion activa
832,5,ACO,poblacional,2529.284382708487,2529.2843990174583,True,False,7.400000000000091,0.0,7.400000000000091,0.0,7.400000000000091,7.400000000000091,96,14,97,Explotacion activa
833,5,ACO,poblacional,2529.284382708487,2529.28439268028,True,False,7.400000000000091,0.0,7.400000000000091,0.0,7.400000000000091,7.400000000000091,97,15,98,Explotacion activa
834,5,ACO,poblacional,2529.284382708487,2529.284389684869,True,False,7.400000000000091,0.0,7.400000000000091,0.0,7.400000000000091,7.400000000000091,98,16,99,Explotacion activa
835,5,ACO,poblacional,2529.284382708487,2529.284394222844,True,False,7.400000000000091,0.0,7.400000000000091,0.0,7.400000000000091,7.400000000000091,99,17,100,Explotacion activa
836,5,ACO,poblacional,2529.284382708487,2529.2843912692183,True,False,7.400000000000091,0.0,7.400000000000091,0.0,7.400000000000091,7.400000000000091,100,18,101,Explotacion activa
837,5,ACO,poblacional,2529.284382708487,2529.284386972202,True,False,7.400000000000091,0.0,7.400000000000091,0.0,7.400000000000091,7.400000000000091,101,19,102,Explotacion activa
838,5,ACO,poblacional,2529.284382708487,2529.2843925412444,True,False,7.400000000000091,0.0,7.400000000000091,0.0,7.400000000000091,7.400000000000091,102,20,103,Explotacion activa
839,5,ACO,poblacional,2529.284382708487,2529.284387621624,True,False,7.400000000000091,0.0,7.400000000000091,0.0,7.400000000000091,7.400000000000091,103,21,104,Explotacion activa
840,5,ACO,poblacional,2529.284382708487,2529.284387360612,True,False,7.400000000000091,0.0,7.400000000000091,0.0,7.400000000000091,7.400000000000091,104,22,105,Explotacion activa
841,5,ACO,poblacional,2529.284382708487,2529.2843848916455,True,False,7.400000000000091,0.0,7.400000000000091,0.0,7.400000000000091,7.400000000000091,105,23,106,Explotacion activa
842,5,ACO,poblacional,2529.284382708487,2529.284388528269,True,False,7.400000000000091,0.0,7.400000000000091,0.0,7.400000000000091,7.400000000000091,106,24,107,Explotacion activa
843,5,ACO,poblacional,2529.284382708487,2529.2843848543125,True,True,7.400000000000091,0.0,7.400000000000091,0.0,7.400000000000091,7.400000000000091,107,25,108,ESTANCAMIENTO (Fire)
844,6,PSO,poblacional,2529.284382708487,2529.284382708487,False,False,,,,,,,0,0,0,Llenando ventana
845,6,PSO,poblacional,2529.284382708487,2529.284382708487,False,False,,,,,,,0,0,0,Llenando ventana
846,6,PSO,poblacional,2529.284382708487,2529.284382708487,False,False,,,,,,,0,0,0,Llenando ventana
847,6,PSO,poblacional,2529.284382708487,2529.284382708487,False,False,,,,,,,0,0,0,Llenando ventana
848,6,PSO,poblacional,2529.284382708487,2529.284382708487,False,False,,,,,,,0,0,0,Llenando ventana
849,6,PSO,poblacional,2529.284382708487,2529.284382708487,False,False,,,,,,,0,0,0,Llenando ventana
850,6,PSO,poblacional,2529.284382708487,2529.284382708487,False,False,,,,,,,0,0,0,Llenando ventana
851,6,PSO,poblacional,2529.284382708487,2529.284382708487,False,False,,,,,,,0,0,0,Llenando ventana
852,6,PSO,poblacional,2529.284382708487,2529.284382708487,False,False,,,,,,,0,0,0,Llenando ventana
853,6,PSO,poblacional,2529.284382708487,2529.284382708487,False,False,,,,,,,0,0,0,Llenando ventana
854,6,PSO,poblacional,2529.284382708487,2529.284382708487,False,False,,,,,,,0,0,0,Llenando ventana
855,6,PSO,poblacional,2529.284382708487,2529.284382708487,False,False,,,,,,,0,0,0,Llenando ventana
856,6,PSO,poblacional,2529.284382708487,2529.284382708487,False,False,,,,,,,0,0,0,Llenando ventana
857,6,PSO,poblacional,2529.284382708487,2529.284382708487,False,False,,,,,,,0,0,0,Llenando ventana
858,6,PSO,poblacional,2529.284382708487,2529.284382708487,False,False,,,,,,,0,0,0,Llenando ventana
859,6,PSO,poblacional,2529.284382708487,2529.284382708487,False,False,,,,,,,0,0,0,Llenando ventana
860,6,PSO,poblacional,2529.284382708487,2529.284382708487,False,False,,,,,,,0,0,0,Llenando ventana
861,6,PSO,poblacional,2529.284382708487,2529.284382708487,False,False,,,,,,,0,0,0,Llenando ventana
862,6,PSO,poblacional,2529.284382708487,2529.284382708487,False,False,,,,,,,0,0,0,Llenando ventana
863,6,PSO,poblacional,2529.284382708487,2529.284382708487,False,False,,,,,,,0,0,0,Llenando ventana
864,6,PSO,poblacional,2529.284382708487,2529.284382708487,False,False,,,,,,,0,0,0,Llenando ventana
865,6,PSO,poblacional,2529.284382708487,2529.284382708487,False,False,,,,,,,0,0,0,Llenando ventana
866,6,PSO,poblacional,2529.284382708487,2529.284382708487,False,False,,,,,,,0,0,0,Llenando ventana
867,6,PSO,poblacional,2529.284382708487,2529.284382708487,False,False,,,,,,,0,0,0,Llenando ventana
868,6,PSO,poblacional,2529.284382708487,2529.284382708487,False,False,,,,,,,0,0,0,Llenando ventana
869,6,PSO,poblacional,2529.284382708487,2529.284382708487,False,False,,,,,,,0,0,0,Llenando ventana
870,6,PSO,poblacional,2529.284382708487,2529.284382708487,False,False,,,,,,,0,0,0,Llenando ventana
871,6,PSO,poblacional,2529.284382708487,2529.284382708487,False,False,,,,,,,0,0,0,Llenando ventana
872,6,PSO,poblacional,2529.284382708487,2529.284382708487,False,False,,,,,,,0,0,0,Llenando ventana
873,6,PSO,poblacional,2529.284382708487,2529.284382708487,False,False,,,,,,,0,0,0,Llenando ventana
874,6,PSO,poblacional,2529.284382708487,2529.284382708487,False,False,,,,,,,0,0,0,Llenando ventana
875,6,PSO,poblacional,2529.284382708487,2529.284382708487,False,False,,,,,,,0,0,0,Llenando ventana
876,6,PSO,poblacional,2529.284382708487,2529.284382708487,False,False,,,,,,,0,0,0,Llenando ventana
877,6,PSO,poblacional,2529.284382708487,2529.284382708487,False,False,,,,,,,0,0,0,Llenando ventana
878,6,PSO,poblacional,2529.284382708487,2529.284382708487,False,False,,,,,,,0,0,0,Llenando ventana
879,6,PSO,poblacional,2529.284382708487,2529.284382708487,False,False,,,,,,,0,0,0,Llenando ventana
880,6,PSO,poblacional,2529.284382708487,2529.284382708487,False,False,,,,,,,0,0,0,Llenando ventana
881,6,PSO,poblacional,2529.284382708487,2529.284382708487,False,False,,,,,,,0,0,0,Llenando ventana
882,6,PSO,poblacional,2529.284382708487,2529.284382708487,False,False,,,,,,,0,0,0,Llenando ventana
883,6,PSO,poblacional,2529.284382708487,2529.284382708487,False,False,,,,,,,0,0,0,Llenando ventana
884,6,PSO,poblacional,2529.284382708487,2529.284382708487,False,False,,,,,,,0,0,0,Llenando ventana
885,6,PSO,poblacional,2529.284382708487,2529.284382708487,False,False,,,,,,,0,0,0,Llenando ventana
886,6,PSO,poblacional,2529.284382708487,2529.284382708487,False,False,,,,,,,0,0,0,Llenando ventana
887,6,PSO,poblacional,2529.284382708487,2529.284382708487,False,False,,,,,,,0,0,0,Llenando ventana
888,6,PSO,poblacional,2529.284382708487,2529.284382708487,False,False,,,,,,,0,0,0,Llenando ventana
889,6,PSO,poblacional,2529.284382708487,2529.284382708487,False,False,,,,,,,0,0,0,Llenando ventana
890,6,PSO,poblacional,2529.284382708487,2529.284382708487,False,False,,,,,,,0,0,0,Llenando ventana
891,6,PSO,poblacional,2529.284382708487,2529.284382708487,False,False,,,,,,,0,0,0,Llenando ventana
892,6,PSO,poblacional,2529.284382708487,2529.284382708487,False,False,,,,,,,0,0,0,Llenando ventana
893,6,PSO,poblacional,2529.284382708487,2529.284382708487,False,False,,,,,,,0,0,0,Llenando ventana
894,6,PSO,poblacional,2529.284382708487,2529.284382708487,False,False,,,,,,,0,0,0,Llenando ventana
895,6,PSO,poblacional,2529.284382708487,2529.284382708487,False,False,,,,,,,0,0,0,Llenando ventana
896,6,PSO,poblacional,2529.284382708487,2529.284382708487,False,False,,,,,,,0,0,0,Llenando ventana
897,6,PSO,poblacional,2529.284382708487,2529.284382708487,False,False,,,,,,,0,0,0,Llenando ventana
898,6,PSO,poblacional,2529.284382708487,2529.284382708487,False,False,,,,,,,0,0,0,Llenando ventana
899,6,PSO,poblacional,2529.284382708487,2529.284382708487,False,False,,,,,,,0,0,0,Llenando ventana
900,6,PSO,poblacional,2529.284382708487,2529.284382708487,False,False,,,,,,,0,0,0,Llenando ventana
901,6,PSO,poblacional,2529.284382708487,2529.284382708487,False,False,,,,,,,0,0,0,Llenando ventana
902,6,PSO,poblacional,2529.284382708487,2529.284382708487,False,False,,,,,,,0,0,0,Llenando ventana
903,6,PSO,poblacional,2529.284382708487,2529.284382708487,False,False,,,,,,,0,0,0,Llenando ventana
904,6,PSO,poblacional,2529.284382708487,2529.284382708487,False,False,,,,,,,0,0,0,Llenando ventana
905,6,PSO,poblacional,2529.284382708487,2529.284382708487,False,False,,,,,,,0,0,0,Llenando ventana
906,6,PSO,poblacional,2529.284382708487,2529.284382708487,False,False,,,,,,,0,0,0,Llenando ventana
907,6,PSO,poblacional,2529.284382708487,2529.284382708487,False,False,,,,,,,0,0,0,Llenando ventana
908,6,PSO,poblacional,2529.284382708487,2529.284382708487,False,False,,,,,,,0,0,0,Llenando ventana
909,6,PSO,poblacional,2529.284382708487,2529.284382708487,False,False,,,,,,,0,0,0,Llenando ventana
910,6,PSO,poblacional,2529.284382708487,2529.284382708487,False,False,,,,,,,0,0,0,Llenando ventana
911,6,PSO,poblacional,2529.284382708487,2529.284382708487,False,False,,,,,,,0,0,0,Llenando ventana
912,6,PSO,poblacional,2529.284382708487,2529.284382708487,False,False,,,,,,,0,0,0,Llenando ventana
913,6,PSO,poblacional,2529.284382708487,2529.284382708487,False,False,,,,,,,0,0,0,Llenando ventana
914,6,PSO,poblacional,2529.284382708487,2529.284382708487,False,False,,,,,,,0,0,0,Llenando ventana
915,6,PSO,poblacional,2529.284382708487,2529.284382708487,False,False,,,,,,,0,0,0,Llenando ventana
916,6,PSO,poblacional,2529.284382708487,2529.284382708487,False,False,,,,,,,0,0,0,Llenando ventana
917,6,PSO,poblacional,2529.284382708487,2529.284382708487,False,False,,,,,,,0,0,0,Llenando ventana
918,6,PSO,poblacional,2529.284382708487,2529.284382708487,False,False,,,7.400000000000091,,,,0,0,0,Llenando ventana
919,6,PSO,poblacional,2529.284382708487,2529.284382708487,False,False,,,7.400000000000091,,,,0,0,0,Llenando ventana
920,6,PSO,poblacional,2529.284382708487,2529.284382708487,False,False,,,7.400000000000091,,,,0,0,0,Llenando ventana
921,6,PSO,poblacional,2529.284382708487,2529.284382708487,False,False,,,7.400000000000091,,,,0,0,0,Llenando ventana
922,6,PSO,poblacional,2529.284382708487,2529.284382708487,False,False,,,7.400000000000091,,,,0,0,0,Llenando ventana
923,6,PSO,poblacional,2529.284382708487,2529.284382708487,False,False,,,7.400000000000091,,,,0,0,0,Llenando ventana
924,6,PSO,poblacional,2529.284382708487,2529.284382708487,False,False,,,7.400000000000091,,,,0,0,0,Llenando ventana
925,6,PSO,poblacional,2529.284382708487,2529.284382708487,False,False,,,7.400000000000091,,,,0,0,0,Llenando ventana
926,6,PSO,poblacional,2529.284382708487,2529.284382708487,False,False,,,7.400000000000091,,,,0,0,0,Llenando ventana
927,6,PSO,poblacional,2529.284382708487,2529.284382708487,False,False,,,7.400000000000091,,,,0,0,0,Llenando ventana
928,6,PSO,poblacional,2529.284382708487,2529.284382708487,False,False,,,7.400000000000091,,,,0,0,0,Llenando ventana
929,6,PSO,poblacional,2529.284382708487,2529.284382708487,False,False,,,7.400000000000091,,,,0,0,0,Llenando ventana
930,6,PSO,poblacional,2529.284382708487,2529.284382708487,False,False,,,7.400000000000091,,,,0,0,0,Llenando ventana
931,6,PSO,poblacional,2529.284382708487,2529.284382708487,False,False,,,7.400000000000091,,,,0,0,0,Llenando ventana
932,6,PSO,poblacional,2529.284382708487,2529.284382708487,False,False,,,7.400000000000091,,,,0,0,0,Llenando ventana
933,6,PSO,poblacional,2529.284382708487,2529.284382708487,False,False,,,7.400000000000091,,,,0,0,0,Llenando ventana
934,6,PSO,poblacional,2529.284382708487,2529.284382708487,False,False,,,7.400000000000091,,,,0,0,0,Llenando ventana
935,6,PSO,poblacional,2529.284382708487,2529.284382708487,False,False,,,7.400000000000091,,,,0,0,0,Llenando ventana
936,6,PSO,poblacional,2529.284382708487,2529.284382708487,False,False,,,7.400000000000091,,,,0,0,0,Llenando ventana
937,6,PSO,poblacional,2529.284382708487,2529.284382708487,False,False,,,7.400000000000091,,,,0,0,0,Llenando ventana
938,6,PSO,poblacional,2529.284382708487,2529.284382708487,False,False,,,7.400000000000091,,,,0,0,0,Llenando ventana
939,6,PSO,poblacional,2529.284382708487,2529.284382708487,False,False,,,7.400000000000091,,,,0,0,0,Llenando ventana
940,6,PSO,poblacional,2529.284382708487,2529.284382708487,False,False,,,7.400000000000091,,,,0,0,0,Llenando ventana
941,6,PSO,poblacional,2529.284382708487,2529.284382708487,False,False,,,7.400000000000091,,,,0,0,0,Llenando ventana
942,6,PSO,poblacional,2529.284382708487,2529.284382708487,False,False,,,7.400000000000091,,,,0,0,0,Llenando ventana
943,6,PSO,poblacional,2529.284382708487,2529.284382708487,False,False,,,7.400000000000091,,,,0,0,0,Llenando ventana
944,6,PSO,poblacional,2529.284382708487,2529.284382708487,False,False,,,7.400000000000091,,,,0,0,0,Llenando ventana
945,6,PSO,poblacional,2529.284382708487,2529.284382708487,False,False,,,7.400000000000091,,,,0,0,0,Llenando ventana
946,6,PSO,poblacional,2529.284382708487,2529.284382708487,False,False,,,7.400000000000091,,,,0,0,0,Llenando ventana
947,6,PSO,poblacional,2529.284382708487,2529.284382708487,False,False,,,7.400000000000091,,,,0,0,0,Llenando ventana
948,6,PSO,poblacional,2529.284382708487,2529.284382708487,False,False,,,7.400000000000091,,,,0,0,0,Llenando ventana
949,6,PSO,poblacional,2529.284382708487,2529.284382708487,False,False,,,7.400000000000091,,,,0,0,0,Llenando ventana
950,6,PSO,poblacional,2529.284382708487,2529.284382708487,False,False,,,7.400000000000091,,,,0,0,0,Llenando ventana
951,6,PSO,poblacional,2529.284382708487,2529.284382708487,False,False,,,7.400000000000091,,,,0,0,0,Llenando ventana
952,7,ACO,poblacional,2529.284382708487,3579.194487826534,False,False,,,,,,,0,0,1,Llenando ventana
953,7,ACO,poblacional,2529.284382708487,2851.4544573687017,False,False,,,,,,,1,0,2,Llenando ventana
954,7,ACO,poblacional,2529.284382708487,3084.3810508446422,False,False,,,,,,,2,0,3,Llenando ventana
955,7,ACO,poblacional,2529.284382708487,3159.8435101326722,False,False,,,,,,,3,0,4,Llenando ventana
956,7,ACO,poblacional,2529.284382708487,2871.5637895284544,False,False,,,,,,,4,0,5,Llenando ventana
957,7,ACO,poblacional,2529.284382708487,2661.264079821661,False,False,,,,,,,5,0,6,Llenando ventana
958,7,ACO,poblacional,2529.284382708487,2754.7327437820963,False,False,,,,,,,6,0,7,Llenando ventana
959,7,ACO,poblacional,2529.284382708487,2801.720740454195,False,False,,,,,,,7,0,8,Llenando ventana
960,7,ACO,poblacional,2529.284382708487,2849.494141807447,False,False,,,,,,,8,0,9,Llenando ventana
961,7,ACO,poblacional,2529.284382708487,2684.8653695035646,False,False,,,,,,,9,0,10,Llenando ventana
962,7,ACO,poblacional,2529.284382708487,2688.7582534805356,False,False,,,,,,,10,0,11,Llenando ventana
963,7,ACO,poblacional,2529.284382708487,2711.9717536259705,False,False,,,,,,,11,0,12,Llenando ventana
964,7,ACO,poblacional,2529.284382708487,2662.950246546077,False,False,,,,,,,12,0,13,Llenando ventana
965,7,ACO,poblacional,2529.284382708487,2636.10791272364,False,False,,,,,,,13,0,14,Llenando ventana
966,7,ACO,poblacional,2529.284382708487,2640.935879581498,False,False,,,,,,,14,0,15,Llenando ventana
967,7,ACO,poblacional,2529.284382708487,2632.2517436255325,False,False,,,,,,,15,0,16,Llenando ventana
968,7,ACO,poblacional,2529.284382708487,2602.9531290995446,False,False,,,,,,,16,0,17,Llenando ventana
969,7,ACO,poblacional,2529.284382708487,2591.2931238344954,False,False,,,,,,,17,0,18,Llenando ventana
970,7,ACO,poblacional,2529.284382708487,2617.863410873505,False,False,,,,,,,18,0,19,Llenando ventana
971,7,ACO,poblacional,2529.284382708487,2582.19922167209,False,False,,,,,,,19,0,20,Llenando ventana
972,7,ACO,poblacional,2529.284382708487,2591.9415225703624,False,False,,,,,,,20,0,21,Llenando ventana
973,7,ACO,poblacional,2529.284382708487,2599.263930534738,False,False,,,,,,,21,0,22,Llenando ventana
974,7,ACO,poblacional,2529.284382708487,2590.598410180507,False,False,,,,,,,22,0,23,Llenando ventana
975,7,ACO,poblacional,2529.284382708487,2575.147079531884,False,False,,,,,,,23,0,24,Llenando ventana
976,7,ACO,poblacional,2529.284382708487,2554.9840368759246,False,False,,,,,,,24,0,25,Llenando ventana
977,7,ACO,poblacional,2529.284382708487,2554.2663608386138,False,False,,,,,,,25,0,26,Llenando ventana
978,7,ACO,poblacional,2529.284382708487,2591.5265130152316,False,False,,,,,,,26,0,27,Llenando ventana
979,7,ACO,poblacional,2529.284382708487,2559.2655876879912,False,False,,,,,,,27,0,28,Llenando ventana
980,7,ACO,poblacional,2529.284382708487,2536.0322106970198,False,False,,,,,,,28,0,29,Llenando ventana
981,7,ACO,poblacional,2529.284382708487,2562.749207134243,False,False,,,,,,,29,0,30,Llenando ventana
982,7,ACO,poblacional,2529.284382708487,2553.016142731589,False,False,,,,,,,30,0,31,Llenando ventana
983,7,ACO,poblacional,2529.284382708487,2555.6468724624156,False,False,,,,,,,31,0,32,Llenando ventana
984,7,ACO,poblacional,2529.284382708487,2550.792181281875,False,False,,,,,,,32,0,33,Llenando ventana
985,7,ACO,poblacional,2529.284382708487,2549.0076116538767,False,False,,,,,,,33,0,34,Llenando ventana
986,7,ACO,poblacional,2529.284382708487,2549.23025681298,False,False,,,,,,,34,0,35,Llenando ventana
987,7,ACO,poblacional,2529.284382708487,2537.4897328514858,False,False,,,,,,,35,0,36,Llenando ventana
988,7,ACO,poblacional,2529.284382708487,2535.7346657658068,False,False,,,,,,,36,0,37,Llenando ventana
989,7,ACO,poblacional,2529.284382708487,2534.5767511269482,False,False,,,,,,,37,0,38,Llenando ventana
990,7,ACO,poblacional,2529.284382708487,2544.06120458501,False,False,,,,,,,38,0,39,Llenando ventana
991,7,ACO,poblacional,2529.284382708487,2536.996592582447,False,False,,,,,,,39,0,40,Llenando ventana
992,7,ACO,poblacional,2529.284382708487,2534.598500332593,False,False,,,,,,,40,0,41,Llenando ventana
993,7,ACO,poblacional,2529.284382708487,2536.139286998169,False,False,,,,,,,41,0,42,Llenando ventana
994,7,ACO,poblacional,2529.284382708487,2532.9098280523735,False,False,,,,,,,42,0,43,Llenando ventana
995,7,ACO,poblacional,2529.284382708487,2535.5032060076405,False,False,,,,,,,43,0,44,Llenando ventana
996,7,ACO,poblacional,2529.284382708487,2532.9575195974094,False,False,,,,,,,44,0,45,Llenando ventana
997,7,ACO,poblacional,2529.284382708487,2533.3317425121195,False,False,,,,,,,45,0,46,Llenando ventana
998,7,ACO,poblacional,2529.284382708487,2532.432634220118,False,False,,,,,,,46,0,47,Llenando ventana
999,7,ACO,poblacional,2529.284382708487,2531.1942808773306,False,False,,,,,,,47,0,48,Llenando ventana
1000,7,ACO,poblacional,2529.284382708487,2531.712623739073,False,False,,,,,,,48,0,49,Llenando ventana
1001,7,ACO,poblacional,2529.284382708487,2532.4022341508953,False,False,,,,,,,49,0,50,Llenando ventana
1002,7,ACO,poblacional,2529.284382708487,2533.1885660121097,False,False,,,,,,,50,0,51,Llenando ventana
1003,7,ACO,poblacional,2529.284382708487,2530.4260559844856,False,False,,,,,,,51,0,52,Llenando ventana
1004,7,ACO,poblacional,2529.284382708487,2532.613298541669,False,False,,,,,,,52,0,53,Llenando ventana
1005,7,ACO,poblacional,2529.284382708487,2530.858413527209,False,False,,,,,,,53,0,54,Llenando ventana
1006,7,ACO,poblacional,2529.284382708487,2530.445785323366,False,False,,,,,,,54,0,55,Llenando ventana
1007,7,ACO,poblacional,2529.284382708487,2530.291747843122,False,False,,,,,,,55,0,56,Llenando ventana
1008,7,ACO,poblacional,2529.284382708487,2530.2265018034223,False,False,,,,,,,56,0,57,Llenando ventana
1009,7,ACO,poblacional,2529.284382708487,2530.4198614504776,False,False,,,,,,,57,0,58,Llenando ventana
1010,7,ACO,poblacional,2529.284382708487,2530.164847788645,False,False,,,,,,,58,0,59,Llenando ventana
1011,7,ACO,poblacional,2529.284382708487,2529.618605509834,False,False,,,,,,,59,0,60,Llenando ventana
1012,7,ACO,poblacional,2529.284382708487,2529.815428911888,False,False,,,,,,,60,0,61,Llenando ventana
1013,7,ACO,poblacional,2529.284382708487,2529.46817242612,False,False,,,,,,,61,0,62,Llenando ventana
1014,7,ACO,poblacional,2529.284382708487,2529.50749568039,False,False,,,,,,,62,0,63,Llenando ventana
1015,7,ACO,poblacional,2529.284382708487,2529.645540085532,False,False,,,,,,,63,0,64,Llenando ventana
1016,7,ACO,poblacional,2529.284382708487,2529.599976921106,False,False,,,,,,,64,0,65,Llenando ventana
1017,7,ACO,poblacional,2529.284382708487,2529.535025194999,False,False,,,,,,,65,0,66,Llenando ventana
1018,7,ACO,poblacional,2529.284382708487,2529.403018353961,False,False,,,,,,,66,0,67,Llenando ventana
1019,7,ACO,poblacional,2529.284382708487,2529.4565433976127,False,False,,,,,,,67,0,68,Llenando ventana
1020,7,ACO,poblacional,2529.284382708487,2529.437583283318,False,False,,,,,,,68,0,69,Llenando ventana
1021,7,ACO,poblacional,2529.284382708487,2529.320012059271,False,False,,,,,,,69,0,70,Llenando ventana
1022,7,ACO,poblacional,2529.284382708487,2529.337960734721,False,False,,,,,,,70,0,71,Llenando ventana
1023,7,ACO,poblacional,2529.284382708487,2529.437796586896,False,False,,,,,,,71,0,72,Llenando ventana
1024,7,ACO,poblacional,2529.284382708487,2529.3205629710264,False,False,,,,,,,72,0,73,Llenando ventana
1025,7,ACO,poblacional,2529.284382708487,2529.361477019501,False,False,,,,,,,73,0,74,Llenando ventana
1026,7,ACO,poblacional,2529.284382708487,2529.3110436860884,True,False,7.400000000000091,0.0,7.400000000000091,7.5,37.5,22.5,74,0,75,Explotacion activa
1027,7,ACO,poblacional,2529.284382708487,2529.329285272309,True,False,7.400000000000091,0.0,7.400000000000091,7.5,37.5,22.5,75,0,76,Explotacion activa
1028,7,ACO,poblacional,2529.284382708487,2529.344286048595,True,False,7.400000000000091,0.0,7.400000000000091,7.5,37.5,22.5,76,0,77,Explotacion activa
1029,7,ACO,poblacional,2529.284382708487,2529.325623805634,True,False,7.400000000000091,0.0,7.400000000000091,7.5,37.5,22.5,77,0,78,Explotacion activa
1030,7,ACO,poblacional,2529.284382708487,2529.3050146666633,True,False,7.400000000000091,0.0,7.400000000000091,7.5,37.5,22.5,78,0,79,Explotacion activa
1031,7,ACO,poblacional,2529.284382708487,2529.2996945035675,True,False,7.400000000000091,0.0,7.400000000000091,7.5,37.5,22.5,79,0,80,Explotacion activa
1032,7,ACO,poblacional,2529.284382708487,2529.308847079723,True,False,7.400000000000091,0.0,7.400000000000091,7.5,37.5,22.5,80,0,81,Explotacion activa
1033,7,ACO,poblacional,2529.284382708487,2529.3100972787397,True,False,7.400000000000091,0.0,7.400000000000091,7.5,37.5,22.5,81,0,82,Explotacion activa
1034,7,ACO,poblacional,2529.284382708487,2529.2961653773027,True,False,7.400000000000091,0.0,7.400000000000091,7.5,37.5,22.5,82,0,83,Explotacion activa
1035,7,ACO,poblacional,2529.284382708487,2529.301361636503,True,False,7.400000000000091,0.0,7.400000000000091,0.0,7.400000000000091,7.400000000000091,83,1,84,Explotacion activa
1036,7,ACO,poblacional,2529.284382708487,2529.299065463252,True,False,7.400000000000091,0.0,7.400000000000091,0.0,7.400000000000091,7.400000000000091,84,2,85,Explotacion activa
1037,7,ACO,poblacional,2529.284382708487,2529.30142871216,True,False,7.400000000000091,0.0,7.400000000000091,0.0,7.400000000000091,7.400000000000091,85,3,86,Explotacion activa
1038,7,ACO,poblacional,2529.284382708487,2529.291571183114,True,False,7.400000000000091,0.0,7.400000000000091,0.0,7.400000000000091,7.400000000000091,86,4,87,Explotacion activa
1039,7,ACO,poblacional,2529.284382708487,2529.293144399366,True,False,7.400000000000091,0.0,7.400000000000091,0.0,7.400000000000091,7.400000000000091,87,5,88,Explotacion activa
1040,7,ACO,poblacional,2529.284382708487,2529.2867700066754,True,False,7.400000000000091,0.0,7.400000000000091,0.0,7.400000000000091,7.400000000000091,88,6,89,Explotacion activa
1041,7,ACO,poblacional,2529.284382708487,2529.2875423814844,True,False,7.400000000000091,0.0,7.400000000000091,0.0,7.400000000000091,7.400000000000091,89,7,90,Explotacion activa
1042,7,ACO,poblacional,2529.284382708487,2529.29261037159,True,False,7.400000000000091,0.0,7.400000000000091,0.0,7.400000000000091,7.400000000000091,90,8,91,Explotacion activa
1043,7,ACO,poblacional,2529.284382708487,2529.289336063813,True,False,7.400000000000091,0.0,7.400000000000091,0.0,7.400000000000091,7.400000000000091,91,9,92,Explotacion activa
1044,7,ACO,poblacional,2529.284382708487,2529.2890475171666,True,False,7.400000000000091,0.0,7.400000000000091,0.0,7.400000000000091,7.400000000000091,92,10,93,Explotacion activa
1045,7,ACO,poblacional,2529.284382708487,2529.287631937671,True,False,7.400000000000091,0.0,7.400000000000091,0.0,7.400000000000091,7.400000000000091,93,11,94,Explotacion activa
1046,7,ACO,poblacional,2529.284382708487,2529.2863733082972,True,False,7.400000000000091,0.0,7.400000000000091,0.0,7.400000000000091,7.400000000000091,94,12,95,Explotacion activa
1047,7,ACO,poblacional,2529.284382708487,2529.287560401271,True,False,7.400000000000091,0.0,7.400000000000091,0.0,7.400000000000091,7.400000000000091,95,13,96,Explotacion activa
1048,7,ACO,poblacional,2529.284382708487,2529.2875371626433,True,False,7.400000000000091,0.0,7.400000000000091,0.0,7.400000000000091,7.400000000000091,96,14,97,Explotacion activa
1049,7,ACO,poblacional,2529.284382708487,2529.2864377629007,True,False,7.400000000000091,0.0,7.400000000000091,0.0,7.400000000000091,7.400000000000091,97,15,98,Explotacion activa
1050,7,ACO,poblacional,2529.284382708487,2529.285379481404,True,False,7.400000000000091,0.0,7.400000000000091,0.0,7.400000000000091,7.400000000000091,98,16,99,Explotacion activa
1051,7,ACO,poblacional,2529.284382708487,2529.2869118368194,True,False,7.400000000000091,0.0,7.400000000000091,0.0,7.400000000000091,7.400000000000091,99,17,100,Explotacion activa
1052,7,ACO,poblacional,2529.284382708487,2529.2861572964816,True,False,7.400000000000091,0.0,7.400000000000091,0.0,7.400000000000091,7.400000000000091,100,18,101,Explotacion activa
1053,7,ACO,poblacional,2529.284382708487,2529.28531856442,True,False,7.400000000000091,0.0,7.400000000000091,0.0,7.400000000000091,7.400000000000091,101,19,102,Explotacion activa
1054,7,ACO,poblacional,2529.284382708487,2529.285398073958,True,False,7.400000000000091,0.0,7.400000000000091,0.0,7.400000000000091,7.400000000000091,102,20,103,Explotacion activa
1055,7,ACO,poblacional,2529.284382708487,2529.284639628995,True,False,7.400000000000091,0.0,7.400000000000091,0.0,7.400000000000091,7.400000000000091,103,21,104,Explotacion activa
1056,7,ACO,poblacional,2529.284382708487,2529.284932381508,True,False,7.400000000000091,0.0,7.400000000000091,0.0,7.400000000000091,7.400000000000091,104,22,105,Explotacion activa
1057,7,ACO,poblacional,2529.284382708487,2529.284994956898,True,False,7.400000000000091,0.0,7.400000000000091,0.0,7.400000000000091,7.400000000000091,105,23,106,Explotacion activa
1058,7,ACO,poblacional,2529.284382708487,2529.284846537576,True,False,7.400000000000091,0.0,7.400000000000091,0.0,7.400000000000091,7.400000000000091,106,24,107,Explotacion activa
1059,7,ACO,poblacional,2529.284382708487,2529.2851296073527,True,True,7.400000000000091,0.0,7.400000000000091,0.0,7.400000000000091,7.400000000000091,107,25,108,ESTANCAMIENTO (Fire)
