iteracion,epoch,mh,tipo,fitness_best,fitness_instantaneo,dtw_ready,dtw_fire,D1_vs_ramp,D2_vs_const,dtw_delta,theta_c,theta_r,theta_delta,no_improve_len,trigger_streak,window_n,estado_dtw
1,1,WOA,poblacional,1582.5429867016753,1582.5429867016753,False,False,,,,,,,0,0,1,Llenando ventana
2,1,WOA,poblacional,999.9639927853615,999.9639927853615,False,False,,,,,,,0,0,2,Llenando ventana
3,1,WOA,poblacional,836.5751331348479,836.5751331348479,False,False,,,,,,,0,0,3,Llenando ventana
4,1,WOA,poblacional,832.1390232755832,832.1390232755832,False,False,,,,,,,0,0,4,Llenando ventana
5,1,WOA,poblacional,820.0225779002172,820.0225779002172,False,False,,,,,,,0,0,5,Llenando ventana
6,1,WOA,poblacional,795.9930823669284,795.9930823669284,False,False,,,,,,,0,0,6,Llenando ventana
7,1,WOA,poblacional,765.6228558432339,765.6228558432339,False,False,,,,,,,0,0,7,Llenando ventana
8,1,WOA,poblacional,734.2125481591415,734.2125481591415,False,False,,,,,,,0,0,8,Llenando ventana
9,1,WOA,poblacional,724.6354459082057,724.6354459082057,False,False,,,,,,,0,0,9,Llenando ventana
10,1,WOA,poblacional,718.37456511277,718.37456511277,False,False,,,,,,,0,0,10,Llenando ventana
11,1,WOA,poblacional,710.4341373401743,710.4341373401743,False,False,,,,,,,0,0,11,Llenando ventana
12,1,WOA,poblacional,701.095747394367,701.095747394367,False,False,,,,,,,0,0,12,Llenando ventana
13,1,WOA,poblacional,693.0111342017127,693.0111342017127,False,False,,,,,,,0,0,13,Llenando ventana
14,1,WOA,poblacional,678.2036375864691,678.2036375864691,False,False,,,,,,,0,0,14,Llenando ventana
15,1,WOA,poblacional,674.9768171597244,674.9768171597244,False,False,,,,,,,0,0,15,Llenando ventana
16,1,WOA,poblacional,674.5380766657076,674.5380766657076,False,False,,,,,,,0,0,16,Llenando ventana
17,1,WOA,poblacional,657.2278241352012,657.2278241352012,False,False,,,,,,,0,0,17,Llenando ventana
18,1,WOA,poblacional,654.5382998589263,654.5382998589263,False,False,,,,,,,0,0,18,Llenando ventana
19,1,WOA,poblacional,634.8187666530489,634.8187666530489,False,False,,,,,,,0,0,19,Llenando ventana
20,1,WOA,poblacional,609.2844218862869,609.2844218862869,False,False,,,,,,,0,0,20,Llenando ventana
21,1,WOA,poblacional,606.5911756192756,606.5911756192756,False,False,,,,,,,0,0,21,Llenando ventana
22,1,WOA,poblacional,597.4574295194672,597.4574295194672,False,False,,,,,,,0,0,22,Llenando ventana
23,1,WOA,poblacional,589.9263248191816,589.9263248191816,False,False,,,,,,,0,0,23,Llenando ventana
24,1,WOA,poblacional,588.9966925438813,588.9966925438813,False,False,,,,,,,0,0,24,Llenando ventana
25,1,WOA,poblacional,584.3303211440344,584.3303211440344,False,False,,,,,,,0,0,25,Llenando ventana
26,1,WOA,poblacional,575.011983426374,575.011983426374,False,False,,,,,,,0,0,26,Llenando ventana
27,1,WOA,poblacional,574.6472724989437,574.6472724989437,False,False,,,,,,,0,0,27,Llenando ventana
28,1,WOA,poblacional,574.0867307446312,574.0867307446312,False,False,,,,,,,0,0,28,Llenando ventana
29,1,WOA,poblacional,574.0867307446312,574.0867307446312,False,False,,,,,,,1,0,29,Llenando ventana
30,1,WOA,poblacional,572.510274771706,572.510274771706,False,False,,,,,,,0,0,30,Llenando ventana
31,1,WOA,poblacional,570.4142767638987,570.4142767638987,False,False,,,,,,,0,0,31,Llenando ventana
32,1,WOA,poblacional,567.5620619342457,567.5620619342457,False,False,,,,,,,0,0,32,Llenando ventana
33,1,WOA,poblacional,563.4125730993678,563.4125730993678,False,False,,,,,,,0,0,33,Llenando ventana
34,1,WOA,poblacional,560.785140655228,560.785140655228,False,False,,,,,,,0,0,34,Llenando ventana
35,1,WOA,poblacional,556.9299337111199,556.9299337111199,False,False,,,,,,,0,0,35,Llenando ventana
36,1,WOA,poblacional,556.1771170336094,556.1771170336094,False,False,,,,,,,0,0,36,Llenando ventana
37,1,WOA,poblacional,553.9689626258056,553.9689626258056,False,False,,,,,,,0,0,37,Llenando ventana
38,1,WOA,poblacional,552.6528096254995,552.6528096254995,False,False,,,,,,,0,0,38,Llenando ventana
39,1,WOA,poblacional,538.818337700611,538.818337700611,False,False,,,,,,,0,0,39,Llenando ventana
40,1,WOA,poblacional,537.5276172621013,537.5276172621013,False,False,,,,,,,0,0,40,Llenando ventana
41,1,WOA,poblacional,528.6076302898242,528.6076302898242,False,False,,,,,,,0,0,41,Llenando ventana
42,1,WOA,poblacional,511.88323543529236,511.88323543529236,False,False,,,,,,,0,0,42,Llenando ventana
43,1,WOA,poblacional,507.11857840157916,507.11857840157916,False,False,,,,,,,0,0,43,Llenando ventana
44,1,WOA,poblacional,501.94345341219673,501.94345341219673,False,False,,,,,,,0,0,44,Llenando ventana
45,1,WOA,poblacional,493.8257432467371,493.8257432467371,False,False,,,,,,,0,0,45,Llenando ventana
46,1,WOA,poblacional,493.32308064333336,493.32308064333336,False,False,,,,,,,0,0,46,Llenando ventana
47,1,WOA,poblacional,491.551051858195,491.551051858195,False,False,,,,,,,0,0,47,Llenando ventana
48,1,WOA,poblacional,490.7724651143896,490.7724651143896,False,False,,,,,,,0,0,48,Llenando ventana
49,1,WOA,poblacional,490.7724651143896,490.7724651143896,False,False,,,,,,,1,0,49,Llenando ventana
50,1,WOA,poblacional,490.19376516294534,490.19376516294534,False,False,,,,,,,0,0,50,Llenando ventana
51,1,WOA,poblacional,488.19635820539156,488.19635820539156,False,False,,,,,,,0,0,51,Llenando ventana
52,1,WOA,poblacional,482.5993789775521,482.5993789775521,False,False,,,,,,,0,0,52,Llenando ventana
53,1,WOA,poblacional,481.96389776441333,481.96389776441333,False,False,,,,,,,0,0,53,Llenando ventana
54,1,WOA,poblacional,480.9188600132586,480.9188600132586,False,False,,,,,,,0,0,54,Llenando ventana
55,1,WOA,poblacional,479.62208933131194,479.62208933131194,False,False,,,,,,,0,0,55,Llenando ventana
56,1,WOA,poblacional,478.04733668556446,478.04733668556446,False,False,,,,,,,0,0,56,Llenando ventana
57,1,WOA,poblacional,477.13680016319177,477.13680016319177,False,False,,,,,,,0,0,57,Llenando ventana
58,1,WOA,poblacional,476.3643148427459,476.3643148427459,False,False,,,,,,,0,0,58,Llenando ventana
59,1,WOA,poblacional,476.28811668595876,476.28811668595876,False,False,,,,,,,0,0,59,Llenando ventana
60,1,WOA,poblacional,474.4345461700311,474.4345461700311,False,False,,,,,,,0,0,60,Llenando ventana
61,1,WOA,poblacional,474.22117152277275,474.22117152277275,False,False,,,,,,,0,0,61,Llenando ventana
62,1,WOA,poblacional,474.07738850857015,474.07738850857015,False,False,,,,,,,0,0,62,Llenando ventana
63,1,WOA,poblacional,474.07738850857015,474.07738850857015,False,False,,,,,,,1,0,63,Llenando ventana
64,1,WOA,poblacional,473.385104358795,473.385104358795,False,False,,,,,,,0,0,64,Llenando ventana
65,1,WOA,poblacional,472.6491454738655,472.6491454738655,False,False,,,,,,,0,0,65,Llenando ventana
66,1,WOA,poblacional,471.9689607384775,471.9689607384775,False,False,,,,,,,0,0,66,Llenando ventana
67,1,WOA,poblacional,471.65569607275575,471.65569607275575,False,False,,,,,,,0,0,67,Llenando ventana
68,1,WOA,poblacional,471.52667315939965,471.52667315939965,False,False,,,,,,,0,0,68,Llenando ventana
69,1,WOA,poblacional,470.8263082852658,470.8263082852658,False,False,,,,,,,0,0,69,Llenando ventana
70,1,WOA,poblacional,470.23371936879863,470.23371936879863,False,False,,,,,,,0,0,70,Llenando ventana
71,1,WOA,poblacional,468.9576652297728,468.9576652297728,False,False,,,,,,,0,0,71,Llenando ventana
72,1,WOA,poblacional,466.82093112926026,466.82093112926026,False,False,,,,,,,0,0,72,Llenando ventana
73,1,WOA,poblacional,465.079480780442,465.079480780442,False,False,,,,,,,0,0,73,Llenando ventana
74,1,WOA,poblacional,462.43181324476546,462.43181324476546,False,False,,,,,,,0,0,74,Llenando ventana
75,1,WOA,poblacional,460.21124925748455,460.21124925748455,True,False,74629.23329915511,74952.93329915516,-323.7000000000553,7.5,37.5,22.5,0,0,75,Explotacion activa
76,1,WOA,poblacional,458.52037378487887,458.52037378487887,True,False,32059.831368348412,32383.531368348424,-323.70000000001164,7.5,37.5,22.5,0,0,76,Explotacion activa
77,1,WOA,poblacional,457.3674348950269,457.3674348950269,True,False,20348.26345245023,20671.963452450233,-323.70000000000437,7.5,37.5,22.5,0,0,77,Explotacion activa
78,1,WOA,poblacional,453.94051506197843,453.94051506197843,True,False,20398.18983107824,20721.889831078242,-323.7000000000007,7.5,37.5,22.5,0,0,78,Explotacion activa
79,1,WOA,poblacional,451.99701118793485,451.99701118793485,True,False,19869.598440013444,20193.298440013452,-323.700000000008,7.5,37.5,22.5,0,0,79,Explotacion activa
80,1,WOA,poblacional,450.8160689076225,450.8160689076225,True,False,18436.592784009383,18760.292784009373,-323.6999999999898,7.5,37.5,22.5,0,0,80,Explotacion activa
81,1,WOA,poblacional,450.7547793786826,450.7547793786826,True,False,16504.06409772054,16827.764097720534,-323.69999999999345,7.5,37.5,22.5,0,0,81,Explotacion activa
82,1,WOA,poblacional,450.068231825765,450.068231825765,True,False,14463.84564543108,14787.545645431084,-323.70000000000437,7.5,37.5,22.5,0,0,82,Explotacion activa
83,1,WOA,poblacional,449.1177663291924,449.1177663291924,True,False,14030.65775844084,14354.357758440845,-323.70000000000437,7.5,37.5,22.5,0,0,83,Explotacion activa
84,1,WOA,poblacional,448.7990581951839,448.7990581951839,True,False,13836.92808649619,14160.628086496183,-323.69999999999345,16215.698562033698,20363.241366038634,-323.69999999999857,0,0,84,Explotacion activa
85,1,WOA,poblacional,448.1790048808364,448.1790048808364,True,False,13511.591563783442,13835.29156378344,-323.6999999999971,14787.545645431084,20348.26345245023,-323.6999999999971,0,0,85,Explotacion activa
86,1,WOA,poblacional,447.68600934919,447.68600934919,True,False,13073.960445838877,13397.660445838874,-323.6999999999971,14484.314124537917,20204.663948719193,-323.6999999999971,0,0,86,Explotacion activa
87,1,WOA,poblacional,447.54351167387904,447.54351167387904,True,False,12721.166692110295,13044.866692110296,-323.7000000000007,14276.86588966298,20061.06444498816,-323.6999999999971,0,0,87,Explotacion activa
88,1,WOA,poblacional,446.9834940439344,446.9834940439344,True,False,11856.6320861248,12180.3320861248,-323.6999999999989,14128.094434224908,19917.464941257123,-323.6999999999971,0,0,88,Explotacion activa
89,1,WOA,poblacional,446.9212978188857,446.9212978188857,True,False,11844.786672404489,12169.602893886537,-324.8162214820477,13900.358868325988,19582.99730881263,-323.69999999999743,0,0,89,Explotacion activa
90,1,WOA,poblacional,446.31166418370253,446.31166418370253,True,False,12041.6625098113,12365.362509811299,-323.6999999999989,13616.476004811157,19153.095612011413,-323.699999999998,0,0,90,Explotacion activa
91,1,WOA,poblacional,445.42284840802466,445.42284840802466,True,False,10972.508798281004,11296.208798280997,-323.69999999999345,13327.101695093159,18723.193915210195,-323.6999999999971,0,0,91,Explotacion activa
92,1,WOA,poblacional,445.14824323173417,445.14824323173417,True,False,10982.874058463845,11306.574058463844,-323.6999999999989,13080.146067483154,18243.339915380497,-323.69999999999726,0,0,92,Explotacion activa
93,1,WOA,poblacional,444.91461981878615,444.91461981878615,True,False,9713.532748063182,10037.23274806318,-323.6999999999971,12637.164182730898,17663.581309493846,-323.6999999999971,0,0,93,Explotacion activa
94,1,WOA,poblacional,444.37835788875304,444.37835788875304,True,False,7988.897299320326,8312.597299320325,-323.6999999999989,12309.853382705349,17083.82270360719,-323.6999999999971,0,0,94,Explotacion activa
95,1,WOA,poblacional,444.0790132456608,444.0790132456608,True,False,7952.109237935112,8275.80923793511,-323.6999999999971,12180.3320861248,16504.06409772054,-323.6999999999971,0,0,95,Explotacion activa
96,1,WOA,poblacional,443.9832085369971,443.9832085369971,True,False,7429.686247531752,7753.386247531751,-323.6999999999989,12172.821651558015,15891.998562033701,-323.6999999999971,0,0,96,Explotacion activa
97,1,WOA,poblacional,443.6531897080581,443.6531897080581,True,False,7017.846531647642,7342.357634821741,-324.51110317409893,11824.39135971746,15279.933026346862,-323.6999999999971,0,0,97,Explotacion activa
98,1,WOA,poblacional,442.5733612752505,442.5733612752505,True,False,7096.288177718152,7419.988177718153,-323.7000000000007,11305.53753244556,14667.86749066002,-323.6999999999971,0,0,98,Explotacion activa
99,1,WOA,poblacional,441.41175563224397,441.41175563224397,True,False,6893.8952596412755,7217.595259641275,-323.6999999999998,11298.281850317566,14377.208068033031,-323.69999999999743,0,0,99,Explotacion activa
100,1,WOA,poblacional,440.6712325437336,440.6712325437336,True,False,6337.54959756218,6662.379019417039,-324.829421854859,10666.720773172088,14247.25170193596,-323.699999999998,0,0,100,Explotacion activa
101,1,WOA,poblacional,440.0876908072927,440.0876908072927,True,False,6445.568367215914,6769.949992478857,-324.3816252629431,9692.305658314608,14117.295335838888,-323.69999999999857,0,0,101,Explotacion activa
102,1,WOA,poblacional,438.9053910615225,438.9053910615225,True,False,6541.527698315757,6863.651242342832,-322.1235440270748,8485.06084419461,14011.284791246375,-323.69999999999726,0,0,102,Explotacion activa
103,1,WOA,poblacional,438.2116304875866,438.2116304875866,True,False,6675.82634259988,6999.526342599876,-323.6999999999962,8290.524462489195,13953.16588966298,-323.6999999999971,0,0,103,Explotacion activa
104,1,WOA,poblacional,437.892770153383,437.892770153383,True,False,6693.78610522174,7017.48610522174,-323.6999999999998,8119.082340814101,13895.046988079584,-323.6999999999971,0,0,104,Explotacion activa
105,1,WOA,poblacional,437.80784144781325,437.80784144781325,True,False,6671.288687960081,6994.9886879600845,-323.70000000000346,7753.386247531751,13836.92808649619,-323.6999999999971,0,0,105,Explotacion activa
106,1,WOA,poblacional,437.7956167691464,437.7956167691464,True,False,6589.9912357308585,6913.691235730859,-323.7000000000007,7520.007598662231,13739.327129682364,-323.69999999999766,0,0,106,Explotacion activa
107,1,WOA,poblacional,437.7364445825568,437.7364445825568,True,False,6408.60519046671,6732.305190466709,-323.6999999999989,7388.935960559588,13641.72617286854,-323.69999999999817,0,0,107,Explotacion activa
108,1,WOA,poblacional,437.45153857025775,437.45153857025775,True,False,6337.508791685335,6661.208791685335,-323.6999999999998,7329.881397303695,13544.125216054716,-323.69999999999874,0,0,108,Explotacion activa
109,1,WOA,poblacional,437.327327068759,437.327327068759,True,False,6170.53171781872,6495.526084463697,-324.99436664497716,7242.547734677369,13424.065340194527,-323.6999999999989,0,0,109,Explotacion activa
110,1,WOA,poblacional,437.05191550667263,437.05191550667263,True,False,6235.242851854858,6558.942851854854,-323.6999999999962,7117.540682431508,13292.77600481116,-323.699999999998,0,0,110,Explotacion activa
111,1,WOA,poblacional,436.84867173441444,436.84867173441444,True,False,6188.875869569072,6512.659716568764,-323.7838469996923,7013.894152697368,13161.48666942779,-323.69999999999857,0,0,111,Explotacion activa
112,1,WOA,poblacional,436.77650370354667,436.77650370354667,True,False,6207.440700468062,6531.1407004680605,-323.6999999999989,7001.322318862063,13038.681070466018,-323.6999999999989,0,0,112,Explotacion activa
113,1,WOA,poblacional,436.58583943322117,436.58583943322117,True,False,5285.812996732215,5609.622276293705,-323.80927956149026,6996.803749816001,12932.842944347443,-323.6999999999989,0,0,113,Explotacion activa
114,1,WOA,poblacional,436.28274542481495,436.28274542481495,True,False,5291.653835681277,5615.353835681276,-323.6999999999989,6970.599452291317,12827.004818228868,-323.6999999999989,0,0,114,Explotacion activa
115,1,WOA,poblacional,436.13713053169636,436.13713053169636,True,False,4724.045299490901,5047.745299490898,-323.6999999999971,6913.691235730859,12721.166692110295,-323.6999999999989,0,0,115,Explotacion activa
116,1,WOA,poblacional,436.03154431407404,436.03154431407404,True,False,3562.2917713767592,3885.9917713767604,-323.7000000000012,6878.66324035924,12517.315437420597,-323.6999999999989,0,0,116,Explotacion activa
117,1,WOA,poblacional,435.9419386343958,435.9419386343958,True,False,3280.8837906491663,3604.583790649167,-323.7000000000007,6826.170742397242,12313.464182730897,-323.6999999999989,0,0,117,Explotacion activa
118,1,WOA,poblacional,435.64337398519774,435.64337398519774,True,False,2964.224620861866,3287.924620861866,-323.7000000000003,6766.185512277642,12109.612928041199,-323.6999999999989,0,0,118,Explotacion activa
119,1,WOA,poblacional,435.4577525647999,435.4577525647999,True,False,2420.579396696386,2745.582059299789,-325.00266260340277,6739.834150869138,12004.656425074,-323.6999999999989,0,0,119,Explotacion activa
120,1,WOA,poblacional,434.8398047508686,434.8398047508686,True,False,2443.1683025403786,2766.8683025403775,-323.6999999999989,6697.342104941874,11949.14729796805,-323.6999999999989,0,0,120,Explotacion activa
121,1,WOA,poblacional,434.24997046255,434.24997046255,True,False,2368.339253835786,2693.0392538357864,-324.7000000000003,6662.144973870698,11893.6381708621,-323.6999999999989,0,0,121,Explotacion activa
122,1,WOA,poblacional,433.31225120063925,433.31225120063925,True,False,2369.026648805047,2692.884048707935,-323.8573999028881,6661.325814458505,11855.44754475277,-323.6999999999989,0,0,122,Explotacion activa
123,1,WOA,poblacional,433.28592659043187,433.28592659043187,True,False,2425.291887280448,2750.370587231893,-325.07869995144483,6599.849227787046,11851.893920636676,-323.6999999999989,0,0,123,Explotacion activa
124,1,WOA,poblacional,431.91265606984695,431.91265606984695,True,False,2442.127899918117,2765.8278999181157,-323.6999999999989,6550.602206438816,11848.340296520582,-323.6999999999989,0,0,124,Explotacion activa
125,1,WOA,poblacional,431.57818998403957,431.57818998403957,True,False,2350.937953280488,2674.637953280488,-323.7000000000003,6531.1407004680605,11844.786672404489,-323.6999999999989,0,0,125,Explotacion activa
126,1,WOA,poblacional,431.4833837960712,431.4833837960712,True,False,1986.477485601848,2311.5774856018475,-325.09999999999945,6518.204011738553,11586.212888222291,-323.6999999999989,0,0,126,Explotacion activa
127,1,WOA,poblacional,431.4066067722169,431.4066067722169,True,False,1990.899242324086,2315.109166821777,-324.20992449769096,6505.806263726738,11327.639104040101,-323.6999999999989,0,0,127,Explotacion activa
128,1,WOA,poblacional,431.3881659926373,431.3881659926373,True,False,1963.503837938895,2287.307067256949,-323.8032293180538,6407.508859585453,11069.065319857906,-323.6999999999989,0,0,128,Explotacion activa
129,1,WOA,poblacional,431.2824419771532,431.2824419771532,True,False,1915.9856841470535,2239.685684147054,-323.7000000000005,5791.38828543776,10980.801006427277,-323.6999999999989,0,0,129,Explotacion activa
130,1,WOA,poblacional,430.904194218153,430.904194218153,True,False,1845.7287403962691,2170.2971308291517,-324.56839043288255,5612.488055987491,10977.691428372425,-323.6999999999989,0,0,130,Explotacion activa
131,1,WOA,poblacional,430.87831341955746,430.87831341955746,True,False,1824.3235186036322,2149.1759149172067,-324.85239631357445,5497.246880933144,10974.581850317572,-323.6999999999989,0,0,131,Explotacion activa
132,1,WOA,poblacional,430.693850617481,430.693850617481,True,False,1814.8966820183934,2137.682465429477,-322.78578341108346,5103.932997171178,10846.61119325922,-323.6999999999989,0,0,132,Explotacion activa
133,1,WOA,poblacional,430.6176521863385,430.6176521863385,True,False,1854.0142663268484,2177.714266326849,-323.7000000000007,4350.693182622414,10468.918378193868,-323.6999999999989,0,0,133,Explotacion activa
134,1,WOA,poblacional,430.47042069553265,430.47042069553265,True,False,1761.2778271266345,2084.514173622703,-323.23634649606834,3801.569377158482,10091.225563128524,-323.6999999999989,0,0,134,Explotacion activa
135,1,WOA,poblacional,430.41354042591166,430.41354042591166,True,False,1789.0930159296113,2112.5320808224433,-323.439064892832,3604.583790649167,9713.532748063182,-323.6999999999989,0,0,135,Explotacion activa
136,1,WOA,poblacional,430.3867040301234,430.3867040301234,True,False,1821.5905381001237,2145.582822249899,-323.9922841497753,3382.9223717980567,9196.142113440317,-323.6999999999989,0,0,136,Explotacion activa
137,1,WOA,poblacional,430.3451156603427,430.3451156603427,True,False,1864.2150950981254,2189.315095098126,-325.1000000000008,3079.5020935332695,8678.751478817467,-323.6999999999989,0,0,137,Explotacion activa
138,1,WOA,poblacional,430.3166986890584,430.3166986890584,True,False,1856.12639145436,2181.1544736845008,-325.02808223014085,2766.7642622781514,8161.360844194602,-323.6999999999989,0,0,138,Explotacion activa
139,1,WOA,poblacional,430.1586667069568,430.1586667069568,True,False,1844.0839949666258,2169.1839949666246,-325.0999999999988,2766.035980442568,7981.539687043283,-323.6999999999989,0,0,139,Explotacion activa
140,1,WOA,poblacional,430.01815561824134,430.01815561824134,True,False,1836.5728365030639,2160.8011296681516,-324.22829316508773,2758.099243575004,7970.503268627719,-323.6999999999989,0,0,140,Explotacion activa
141,1,WOA,poblacional,429.9215864601893,429.9215864601893,True,False,1854.9253608522197,2179.3536540173072,-324.42829316508755,2749.412881645472,7959.466850212155,-323.6999999999989,0,0,141,Explotacion activa
142,1,WOA,poblacional,429.7222558975034,429.7222558975034,True,False,1886.511105439121,2211.610375690853,-325.0992702517319,2746.0609120929994,7899.866938894776,-323.6999999999989,0,0,142,Explotacion activa
143,1,WOA,poblacional,429.54623737443865,429.54623737443865,True,False,1875.9708569993068,2201.0634459157736,-325.09258891646687,2714.056376021387,7743.140041773765,-323.6999999999989,0,0,143,Explotacion activa
144,1,WOA,poblacional,429.49291913020653,429.49291913020653,True,False,1874.1287204748228,2197.9526663357965,-323.8239458609737,2692.992692297431,7586.413144652759,-323.6999999999989,0,0,144,Explotacion activa
145,1,WOA,poblacional,429.4245915184835,429.4245915184835,True,False,1819.3577337591732,2143.057733759173,-323.6999999999998,2692.884048707935,7429.686247531752,-323.6999999999989,0,0,145,Explotacion activa
146,1,WOA,poblacional,429.4126908101795,429.4126908101795,True,False,1698.647650640327,2022.3476506403276,-323.7000000000007,2680.111781908722,7329.666826587671,-323.6999999999989,0,0,146,Explotacion activa
147,1,WOA,poblacional,429.32347877065337,429.32347877065337,True,False,1605.5363268375643,1929.2363268375643,-323.70000000000005,2530.8264386970027,7229.647405643592,-323.6999999999989,0,0,147,Explotacion activa
148,1,WOA,poblacional,429.3057484418545,429.3057484418545,True,False,1442.7349940004128,1766.4349940004117,-323.6999999999989,2314.755998699784,7129.62798469951,-323.6999999999989,0,0,148,Explotacion activa
149,1,WOA,poblacional,429.184004684875,429.184004684875,True,False,1309.440503514234,1633.1405035142338,-323.6999999999998,2312.2838218458332,7080.59984850405,-323.6999999999989,0,0,149,Explotacion activa
150,1,WOA,poblacional,429.1343709377363,429.1343709377363,True,False,1213.4075991682603,1537.4017213885559,-323.9941222202956,2299.442276429398,7057.067354682897,-323.6999999999989,0,0,150,Explotacion activa
151,1,WOA,poblacional,429.0404129829873,429.0404129829873,True,False,1156.711265451551,1480.4112654515511,-323.70000000000005,2277.78279063497,7033.534860861744,-323.6999999999989,0,0,151,Explotacion activa
152,1,WOA,poblacional,428.92146039507935,428.92146039507935,True,False,928.1382524728624,1251.8382524728622,-323.6999999999998,2244.4478224580434,7005.451404447005,-323.6999999999989,0,0,152,Explotacion activa
153,1,WOA,poblacional,428.6199596066038,428.6199596066038,True,False,807.4579019355929,1131.3960173749679,-323.938115439375,2222.8404990733334,6968.266022845095,-323.6999999999989,0,0,153,Explotacion activa
154,1,WOA,poblacional,428.04210438822247,428.04210438822247,True,False,742.5738055065535,1066.780253151253,-324.20644764469944,2208.446296758329,6931.080641243185,-323.6999999999989,0,0,154,Explotacion activa
155,1,WOA,poblacional,427.02916872245316,427.02916872245316,True,False,760.8704386659315,1085.9704386659316,-325.10000000000014,2201.0634459157736,6893.8952596412755,-323.6999999999989,0,0,155,Explotacion activa
156,1,WOA,poblacional,426.5710244206952,426.5710244206952,True,False,734.2145236448162,1058.6631271550982,-324.44860351028206,2198.8859002097897,6833.862513315414,-323.6999999999989,0,0,156,Explotacion activa
157,1,WOA,poblacional,426.50819304681585,426.50819304681585,True,False,686.0783603197997,1010.9382536911046,-324.8598933713049,2194.497637840728,6773.829766989554,-323.6999999999989,0,0,157,Explotacion activa
158,1,WOA,poblacional,426.38415228374697,426.38415228374697,True,False,684.668757685909,1009.7687576859088,-325.0999999999998,2188.4990329567636,6713.797020663693,-323.6999999999989,0,0,158,Explotacion activa
159,1,WOA,poblacional,425.32787497316656,425.32787497316656,True,False,661.9294627109915,986.7359423318636,-324.8064796208721,2182.786597967226,6690.194152697369,-323.6999999999991,0,0,159,Explotacion activa
160,1,WOA,poblacional,425.05779464452587,425.05779464452587,True,False,648.7011791580567,972.8824876946949,-324.1813085366382,2180.254063850904,6684.80622391081,-323.69999999999936,0,0,160,Explotacion activa
161,1,WOA,poblacional,424.80238575912045,424.80238575912045,True,False,660.4321793313532,985.0787856364436,-324.6466063050905,2179.0257764792154,6679.418295124252,-323.69999999999965,0,0,161,Explotacion activa
162,1,WOA,poblacional,424.49657761866575,424.49657761866575,True,False,641.9037826853823,966.1243974458091,-324.22061476042677,2177.878205095895,6675.3725771359,-323.6999999999998,0,0,162,Explotacion activa
163,1,WOA,poblacional,424.4442015438855,424.4442015438855,True,False,658.898973067206,983.9989730672057,-325.0999999999997,2173.2639850282308,6674.011280743961,-323.6999999999998,0,0,163,Explotacion activa
164,1,WOA,poblacional,424.37350728841136,424.37350728841136,True,False,636.190688285976,960.8242409589421,-324.6335526729662,2169.9631900703935,6672.6499843520205,-323.6999999999998,0,0,164,Explotacion activa
165,1,WOA,poblacional,424.18711806694165,424.18711806694165,True,False,591.6937511728772,916.2876038998626,-324.59385272698535,2169.1839949666246,6671.28868796008,-323.6999999999998,0,0,165,Explotacion activa
166,1,WOA,poblacional,424.11369539529284,424.11369539529284,True,False,592.2306131089827,917.0013686908078,-324.77075558182514,2163.3159892576937,6646.8994522913135,-323.6999999999998,0,0,166,Explotacion activa
167,1,WOA,poblacional,424.02356200229843,424.02356200229843,True,False,595.5447511705113,920.604293949142,-325.05954277863066,2156.1510437677734,6622.510216622547,-323.6999999999998,0,0,167,Explotacion activa
168,1,WOA,poblacional,423.67059355176536,423.67059355176536,True,False,577.3935464039298,901.6286754636798,-324.23512905974997,2148.816605650476,6598.12098095378,-323.6999999999998,0,0,168,Explotacion activa
169,1,WOA,poblacional,423.5564628277768,423.5564628277768,True,False,576.3090140163365,899.9997222927379,-323.69070827640144,2146.3014407833607,6580.2985282478385,-323.6999999999998,0,0,169,Explotacion activa
170,1,WOA,poblacional,423.4606757915917,423.4606757915917,True,False,589.0126312812733,913.432706597029,-324.42007531575564,2144.320278004536,6565.759467023308,-323.6999999999998,0,0,170,Explotacion activa
171,1,WOA,poblacional,423.25614581835436,423.25614581835436,True,False,585.268014010863,909.4083571452479,-324.1403431343849,2141.9826800932337,6551.220405798777,-323.6999999999998,0,0,171,Explotacion activa
172,1,WOA,poblacional,423.15183052546706,423.15183052546706,True,False,524.9457951532795,848.9225838672664,-323.97678871398693,2138.2199922624463,6531.9317652057725,-323.6999999999998,0,0,172,Explotacion activa
173,1,WOA,poblacional,422.7980011182909,422.7980011182909,True,False,456.5585669757586,781.5775207987379,-325.01895382297926,2122.592234665257,6503.143965875819,-323.6999999999998,0,0,173,Explotacion activa
174,1,WOA,poblacional,422.5994683413295,422.5994683413295,True,False,419.7670347149335,744.8505764513744,-325.0835417364409,2104.126708662521,6474.3561665458665,-323.6999999999998,0,0,174,Explotacion activa
175,1,WOA,poblacional,422.4291211146457,422.4291211146457,True,False,395.39165713893465,719.327057647394,-323.93540050845934,2084.514173622703,6445.568367215914,-323.6999999999998,0,0,175,Explotacion activa
176,1,WOA,poblacional,422.3959107233731,422.3959107233731,True,False,323.30846384061795,648.3463567985491,-325.03789295793115,2040.99760753504,6434.4794141911525,-323.6999999999998,0,0,176,Explotacion activa
177,1,WOA,poblacional,422.31578855188246,422.31578855188246,True,False,291.0635838889809,612.9039162629974,-321.84033237401655,1985.1031211192221,6423.390461166391,-323.6999999999998,0,0,177,Explotacion activa
178,1,WOA,poblacional,422.11158751639135,422.11158751639135,True,False,285.08250816736756,605.0894341689243,-320.00692600155674,1912.9561935538488,6412.301508141631,-323.6999999999998,0,0,178,Explotacion activa
179,1,WOA,poblacional,422.065730962101,422.065730962101,True,False,293.59550334455446,614.546820442473,-320.9513170979185,1798.9952605678423,6394.394071885804,-323.6999999999998,0,0,179,Explotacion activa
180,1,WOA,poblacional,422.0620801507098,422.0620801507098,True,False,306.68954666007767,629.3757308395645,-322.6861841794869,1699.7877487573228,6373.0773940144445,-323.6999999999998,0,0,180,Explotacion activa
181,1,WOA,poblacional,421.95234518158657,421.95234518158657,True,False,316.99367092608986,640.781088432905,-323.78741750681513,1613.992747089098,6351.760716143085,-323.6999999999998,0,0,181,Explotacion activa
182,1,WOA,poblacional,421.93063371422073,421.93063371422073,True,False,312.23562966134125,635.2189483788102,-322.98331871746893,1546.9755996011238,6337.5455169744955,-323.6999999999998,0,0,182,Explotacion activa
183,1,WOA,poblacional,421.9040371755818,421.9040371755818,True,False,318.025262012103,641.4505871610813,-323.42532514897835,1503.207447826353,6337.533275211442,-323.69999999999925,0,0,183,Explotacion activa
184,1,WOA,poblacional,421.84681486969987,421.84681486969987,True,False,313.6247836126265,636.2752322036611,-322.65044859103455,1411.8393615579434,6337.521033448389,-323.6999999999989,0,0,184,Explotacion activa
185,1,WOA,poblacional,421.7386485032148,421.7386485032148,True,False,313.92601562400216,636.3452162877544,-322.41920066375224,1251.8382524728622,6337.508791685335,-323.6999999999989,0,0,185,Explotacion activa
186,1,WOA,poblacional,421.66975161754027,421.66975161754027,True,False,322.78313106226557,646.1115340895459,-323.32840302728033,1167.5286879043358,6306.8290097361905,-323.6999999999989,0,0,186,Explotacion activa
187,1,WOA,poblacional,421.5586820718012,421.5586820718012,True,False,323.73135498097304,647.0295354468792,-323.29818046590617,1113.2257858913533,6276.1492277870475,-323.6999999999989,0,0,187,Explotacion activa
188,1,WOA,poblacional,421.2471047076856,421.2471047076856,True,False,317.16337484543016,639.636219541948,-322.4728446965178,1084.0514201144638,6245.4694458379045,-323.6999999999989,0,0,188,Explotacion activa
189,1,WOA,poblacional,421.01714323996214,421.01714323996214,True,False,320.95789016547246,643.9807047429065,-323.022814577434,1070.6182902541887,6229.682421577499,-323.6999999999989,0,0,189,Explotacion activa
190,1,WOA,poblacional,420.80297134495225,420.80297134495225,True,False,327.7010141186544,651.3958976079768,-323.6948834893224,1062.7216901531756,6221.34177616146,-323.6999999999989,0,0,190,Explotacion activa
191,1,WOA,poblacional,420.53062845373194,420.53062845373194,True,False,335.7295324015196,660.1763874924507,-324.4468550909311,1049.1181524622993,6213.001130745421,-323.6999999999989,0,0,191,Explotacion activa
192,1,WOA,poblacional,420.3462188806091,420.3462188806091,True,False,328.730032763848,653.3797585563832,-324.6497257925352,1015.710741037504,6205.584217378162,-323.6999999999989,0,0,192,Explotacion activa
193,1,WOA,poblacional,420.08578287816164,420.08578287816164,True,False,329.91574313357967,655.0157431335797,-325.1,1010.2365560879871,6200.014768108465,-323.6999999999989,0,0,193,Explotacion activa
194,1,WOA,poblacional,419.92113199866094,419.92113199866094,True,False,299.116443366555,624.2062776548735,-325.08983428831846,1002.8589130796952,6194.445318838769,-323.6999999999989,0,0,194,Explotacion activa
195,1,WOA,poblacional,419.54714527399756,419.54714527399756,True,False,270.77452329357976,595.2613655078476,-324.4868422142678,986.7359423318636,6188.875869569072,-323.6999999999989,0,0,195,Explotacion activa
196,1,WOA,poblacional,419.3397758537958,419.3397758537958,True,False,217.33161372243035,539.842615473297,-322.5110017508666,985.5759326450697,6183.372624043966,-323.6999999999989,0,0,196,Explotacion activa
197,1,WOA,poblacional,419.1664761680061,419.1664761680061,True,False,228.28731526096152,552.0140447403763,-323.7267294794148,984.6468606087485,6177.869378518861,-323.6999999999989,0,0,197,Explotacion activa
198,1,WOA,poblacional,418.6034102041261,418.6034102041261,True,False,151.04772685031753,463.70127208281286,-312.65354523249533,982.8873245299546,6172.366132993755,-323.6999999999989,0,0,198,Explotacion activa
199,1,WOA,poblacional,418.244540258139,418.244540258139,True,False,146.06535972274628,452.28443145896745,-306.21907173622117,975.105784769197,5994.756141391229,-323.6999999999989,0,0,199,Explotacion activa
200,1,WOA,poblacional,418.22123505521637,418.22123505521637,True,False,151.39534721541452,458.53092229016477,-307.13557507475025,969.503442570252,5731.092776749998,-323.6999999999989,0,0,200,Explotacion activa
201,1,WOA,poblacional,417.3355579551542,417.3355579551542,True,False,158.22603754786581,466.9204713420068,-308.694433794141,965.0643661484357,5467.429412108756,-323.6999999999989,0,0,201,Explotacion activa
202,1,WOA,poblacional,417.1852756312522,417.1852756312522,True,False,168.25770410781342,479.7587440145032,-311.50103990668975,961.3542566076288,5291.069751786371,-323.6999999999989,0,0,202,Explotacion activa
203,1,WOA,poblacional,416.95210342062774,416.95210342062774,True,False,174.2462794371744,486.2655054252053,-312.0192259880309,936.692272753062,5289.3175001016525,-323.6999999999989,0,0,203,Explotacion activa
204,1,WOA,poblacional,416.92604224618793,416.92604224618793,True,False,166.35852443660013,472.2533232311553,-305.8947987945552,919.5234163716417,5287.565248416933,-323.6999999999989,0,0,204,Explotacion activa
205,1,WOA,poblacional,416.7842226809003,416.7842226809003,True,False,176.09858546470048,484.43223487374166,-308.3336494090412,917.0013686908078,5285.812996732215,-323.6999999999989,0,0,205,Explotacion activa
206,1,WOA,poblacional,416.77280316298277,416.77280316298277,True,False,177.59880651367155,484.70303497458343,-307.1042284609119,916.5017333371461,5117.282687559814,-323.6999999999989,0,0,206,Explotacion activa
207,1,WOA,poblacional,416.73939136724687,416.73939136724687,True,False,184.3993224983426,492.9426118891279,-308.5432893907853,915.1456449787291,4948.752378387422,-323.69999999999817,0,0,207,Explotacion activa
208,1,WOA,poblacional,416.6839784790708,416.6839784790708,True,False,187.99634934129057,495.83392378595784,-307.83757444466727,913.0302716518509,4780.2220692150295,-323.6999999999971,0,0,208,Explotacion activa
209,1,WOA,poblacional,416.52921804490296,416.52921804490296,True,False,195.6667038403384,505.5091062150133,-309.84240237467486,910.2132270356041,4491.694593868069,-323.6999999999971,0,0,209,Explotacion activa
210,1,WOA,poblacional,416.42053473467377,416.42053473467377,True,False,205.54474444241401,517.4893822221302,-311.9446377797162,905.5185163044639,4143.16853543383,-323.6999999999971,0,0,210,Explotacion activa
211,1,WOA,poblacional,416.27220278212747,416.27220278212747,True,False,214.63457280362792,528.4847557365738,-313.85018293294587,901.3028848294914,3794.6424769995742,-323.6999999999971,0,0,211,Explotacion activa
212,1,WOA,poblacional,416.14110601827997,416.14110601827997,True,False,224.52848823807489,540.557492532315,-316.0290042942401,900.1626176098322,3534.1509733039975,-323.6999999999971,0,0,212,Explotacion activa
213,1,WOA,poblacional,415.988165500817,415.988165500817,True,False,227.47542208499846,543.0336270629371,-315.5582049779386,869.353439237455,3449.7285790857204,-323.6999999999971,0,0,213,Explotacion activa
214,1,WOA,poblacional,415.9378592013995,415.9378592013995,True,False,230.84285464738406,546.7161029148341,-315.87324826745004,828.7190649467076,3365.3061848674433,-323.6999999999968,0,0,214,Explotacion activa
215,1,WOA,poblacional,415.7540663571814,415.7540663571814,True,False,237.10943857881676,553.7375053219914,-316.62806674317466,781.5775207987379,3280.8837906491663,-323.6999999999962,0,0,215,Explotacion activa
216,1,WOA,poblacional,415.6726529839906,415.6726529839906,True,False,237.12106453383507,553.0366465967455,-315.91558206291046,755.8686597555834,3185.8860397129724,-323.6999999999962,0,0,216,Explotacion activa
217,1,WOA,poblacional,415.497220822251,415.497220822251,True,False,238.66674720813864,554.0602924421435,-315.3935452340048,734.6411689297823,3090.888288776783,-323.6999999999951,0,0,217,Explotacion activa
218,1,WOA,poblacional,415.3591114701041,415.3591114701041,True,False,247.4320378722063,564.2485500290692,-316.81651215686287,713.4119906318996,2995.890537840594,-323.69999999999345,0,0,218,Explotacion activa
219,1,WOA,poblacional,415.1079442841431,415.1079442841431,True,False,255.46990559787446,573.508953995906,-318.0390483980316,672.0065215234391,2860.013357197567,-323.69999999999345,0,0,219,Explotacion activa
220,1,WOA,poblacional,414.90899317994104,414.90899317994104,True,False,267.400494877299,587.1319992116498,-319.7315043343508,657.5960653130152,2703.696461701122,-323.69999999999345,0,0,220,Explotacion activa
221,1,WOA,poblacional,414.4313745492232,414.4313745492232,True,False,274.8725277273544,595.4224125081441,-320.54988478078974,654.6885462181403,2547.37956620467,-323.6999999999927,0,0,221,Explotacion activa
222,1,WOA,poblacional,414.2625714500593,414.2625714500593,True,False,287.2335326504082,609.1535451688247,-321.9200125184165,653.5433570141029,2443.0642622781525,-323.69999999999015,0,0,222,Explotacion activa
223,1,WOA,poblacional,414.02519726204514,414.02519726204514,True,False,292.87899586956894,615.3033145751697,-322.42431870560074,652.1894419873394,2442.752141491474,-323.6969300935894,0,0,223,Explotacion activa
224,1,WOA,poblacional,413.4380030506386,413.4380030506386,True,False,303.7971360595858,627.3267851740056,-323.52964911441984,650.4810353651485,2442.440020704795,-323.69363092544614,0,0,224,Explotacion activa
225,1,WOA,poblacional,413.27322587226104,413.27322587226104,True,False,311.88122429262785,636.1410836333026,-324.2598593406748,648.3463567985491,2442.127899918117,-323.6948834893224,0,0,225,Explotacion activa
226,1,WOA,poblacional,413.1320499264039,413.1320499264039,True,False,318.20585781517286,643.1280025967912,-324.9221447816184,647.4245818523801,2437.077096126816,-323.69641844252266,0,0,226,Explotacion activa
227,1,WOA,poblacional,413.0517123643192,413.0517123643192,True,False,311.3073362735042,636.385191491885,-325.0778552183809,646.6623349039459,2432.0262923355153,-323.69795339572283,0,0,227,Explotacion activa
228,1,WOA,poblacional,412.9419925792809,412.9419925792809,True,False,284.44988847214717,608.7240171406086,-324.2741286684614,645.898451154882,2426.975488544215,-323.69948834892307,0,0,228,Explotacion activa
229,1,WOA,poblacional,412.89132899595865,412.89132899595865,True,False,223.88269614710765,547.9046176001743,-324.0219214530667,644.4068706122343,2424.349389163636,-323.69999999999055,0,0,229,Explotacion activa
230,1,WOA,poblacional,412.78868827498195,412.78868827498195,True,False,205.13680660446005,527.7842754157989,-322.64746881133885,643.5543536698489,2422.935641988417,-323.6974417446561,0,0,230,Explotacion activa
231,1,WOA,poblacional,412.7136581681387,412.7136581681387,True,False,213.36972095935766,536.9292886274033,-323.5595676680456,642.7925195096493,2421.5218948131983,-323.69404844673824,0,0,231,Explotacion activa
232,1,WOA,poblacional,412.6452914116386,412.6452914116386,True,False,217.3016876535758,541.4891330324148,-324.18744537883896,641.6183287046523,2415.424121907252,-323.69539514038917,0,0,232,Explotacion activa
233,1,WOA,poblacional,412.52075965250924,412.52075965250924,True,False,152.66983061844252,476.1317273701216,-323.4618967516791,641.0488879241756,2399.9582975398503,-323.6923783615698,0,0,233,Explotacion activa
234,1,WOA,poblacional,412.5059951563816,412.5059951563816,True,False,146.26993479890314,468.697582538855,-322.42764773995185,640.4376277656179,2384.4924731724486,-323.6513660938947,0,0,234,Explotacion activa
235,1,WOA,poblacional,412.4720669341938,412.4720669341938,True,False,141.3464572712171,462.1276438437809,-320.7811865725638,639.636219541948,2369.026648805047,-323.5595676680456,0,0,235,Explotacion activa
236,1,WOA,poblacional,412.4408390876045,412.4408390876045,True,False,134.19095204667246,451.5535799811943,-317.3626279345218,637.3604999069039,2368.820430314269,-323.53862468050755,0,0,236,Explotacion activa
237,1,WOA,poblacional,412.3895387299964,412.3895387299964,True,False,140.31740352675536,459.7324132613466,-319.41500973459125,636.3692014102328,2368.6142118234907,-323.5025481693235,0,0,237,Explotacion activa
238,1,WOA,poblacional,412.36894060012105,412.36894060012105,True,False,145.89079879384173,466.50560504454864,-320.6148062507069,636.338217879345,2368.407993332712,-323.45961356579437,0,0,238,Explotacion activa
239,1,WOA,poblacional,412.283543603186,412.283543603186,True,False,145.08896386437544,464.61637711954575,-319.5274132551703,636.2892290204798,2364.8589937247266,-323.44363126460144,0,0,239,Explotacion activa
240,1,WOA,poblacional,412.1279993132898,412.1279993132898,True,False,150.34350577723035,471.16879549953654,-320.8252897223062,636.2081579184819,2359.6386035581368,-323.43219502090517,0,0,240,Explotacion activa
241,1,WOA,poblacional,412.0640513963006,412.0640513963006,True,False,154.6625605993121,476.45843502394854,-321.79587442463645,635.9566565824041,2354.4182133915474,-323.40594072463875,0,0,241,Explotacion activa
242,1,WOA,poblacional,411.8798605051238,411.8798605051238,True,False,144.90462432673723,462.12950273114296,-317.22487840440573,635.3111619042594,2314.9340821848446,-323.3380952394501,0,0,242,Explotacion activa
243,1,WOA,poblacional,411.7150950900996,411.7150950900996,True,False,147.83520413245003,465.52519689366517,-317.68999276121514,631.7130178552628,2206.922468897925,-323.3102694904558,0,0,243,Explotacion activa
244,1,WOA,poblacional,411.71057194918615,411.71057194918615,True,False,151.7122654872053,470.1870600583754,-318.4747945711701,628.7610471398968,2098.9108556110054,-323.2796302749548,0,0,244,Explotacion activa
245,1,WOA,poblacional,411.69276170626495,411.69276170626495,True,False,149.54803099628145,466.6152261509004,-317.06719515461896,627.3267851740056,1990.899242324086,-323.23634649606834,0,0,245,Explotacion activa
246,1,WOA,poblacional,411.6815647641385,411.6815647641385,True,False,152.6732563679313,470.3661602385693,-317.692903870638,625.1424299106131,1989.5727153074145,-323.0868741530243,0,0,246,Explotacion activa
247,1,WOA,poblacional,411.65888029843484,411.65888029843484,True,False,141.9980334631128,455.32190492739136,-313.32387146427857,620.645092422992,1988.246188290743,-323.007016233448,0,0,247,Explotacion activa
248,1,WOA,poblacional,411.643044131615,411.643044131615,True,False,139.56100054928902,451.58690364196013,-312.0259030926711,615.2276651619,1986.9196612740718,-322.9635651868304,0,0,248,Explotacion activa
249,1,WOA,poblacional,411.62210147301056,411.62210147301056,True,False,138.3641025526934,449.78822850899286,-311.42412595629946,614.6981192690123,1981.8827560692573,-322.82529047236056,0,0,249,Explotacion activa
250,1,WOA,poblacional,411.49197524622537,411.49197524622537,True,False,144.86583354370788,458.23459503197,-313.3687614882621,613.7253683527351,1974.9906617703712,-322.73598379528516,0,0,250,Explotacion activa
251,1,WOA,poblacional,411.4756243027454,411.4756243027454,True,False,148.66253487151272,463.14571859079945,-314.4831837192867,612.1538420441628,1968.0985674714852,-322.6790370617964,0,0,251,Explotacion activa
252,1,WOA,poblacional,411.38546583959885,411.38546583959885,True,False,145.38406340009112,458.7609636412498,-313.3769002411587,609.528582278242,1958.7520225597104,-322.6540221498798,0,0,252,Explotacion activa
253,1,WOA,poblacional,411.3083780033515,411.3083780033515,True,False,150.94712996189384,466.12493158251215,-315.1778016206183,608.895828351895,1944.4965764221581,-322.6486607232171,0,0,253,Explotacion activa
254,1,WOA,poblacional,411.236081651802,411.236081651802,True,False,159.28042468381392,476.6807700384714,-317.4003453546575,607.6336422491032,1930.2411302846058,-322.60652869319716,0,0,254,Explotacion activa
255,1,WOA,poblacional,411.07319654540095,411.07319654540095,True,False,161.43609011942863,479.43953095953844,-318.0034408401098,605.0894341689243,1915.985684147053,-322.5110017508666,0,0,255,Explotacion activa
256,1,WOA,poblacional,411.00728445715544,411.00728445715544,True,False,169.08698861732097,488.7562316315321,-319.66924301421113,598.3225190063781,1907.1433105346734,-322.48429181282245,0,0,256,Explotacion activa
257,1,WOA,poblacional,410.9218823702685,410.9218823702685,True,False,176.6453307733018,497.77024257756267,-321.1249118042609,595.3579937080256,1898.3009369222937,-322.45476591389144,0,0,257,Explotacion activa
258,1,WOA,poblacional,410.7499295298004,410.7499295298004,True,False,182.24121690567188,504.632677282201,-322.3914603765291,594.4484288782278,1889.458563309914,-322.42731483651676,0,0,258,Explotacion activa
259,1,WOA,poblacional,410.55202687785743,410.55202687785743,True,False,184.8121654642879,507.81498778766246,-323.0028223233746,588.7578724708893,1884.4030557511578,-322.43668713126505,0,0,259,Explotacion activa
260,1,WOA,poblacional,410.5257143555872,410.5257143555872,True,False,189.92429387739958,513.8606555097011,-323.93636163230155,580.3204766037779,1881.2409812192138,-322.45024621823484,0,0,260,Explotacion activa
261,1,WOA,poblacional,410.4693425496486,410.4693425496486,True,False,192.1335990884727,516.7308486471604,-324.59724955868774,571.6568732025387,1878.0789066872694,-322.46380530520463,0,0,261,Explotacion activa
262,1,WOA,poblacional,410.39748412858677,410.39748412858677,True,False,180.2874417946494,504.5237442817064,-324.236302487057,565.1745904257529,1875.7866433468585,-322.4766604019527,0,0,262,Explotacion activa
263,1,WOA,poblacional,410.2550379793615,410.2550379793615,True,False,174.10677144512135,498.26870093077133,-324.16192948565,558.1355954769137,1875.234002389513,-322.4881075182573,0,0,263,Explotacion activa
264,1,WOA,poblacional,410.1797867841304,410.1797867841304,True,False,168.82340575046123,493.0431652608618,-324.2197595104006,553.9634563060979,1874.681361432168,-322.499554634562,0,0,264,Explotacion activa
265,1,WOA,poblacional,410.1118143065298,410.1118143065298,True,False,159.19459168093738,483.30860545776034,-324.11401377682296,553.7375053219914,1874.1287204748228,-322.5110017508666,0,0,265,Explotacion activa
266,1,WOA,poblacional,409.98985449774125,409.98985449774125,True,False,155.63016173736975,480.01866142953946,-324.3884996921697,553.2469042143193,1871.1546328618135,-322.5519418690083,0,0,266,Explotacion activa
267,1,WOA,poblacional,409.9676481813839,409.9676481813839,True,False,146.6506097415259,470.8645319452039,-324.213922203678,552.6276058541979,1868.180545248804,-322.59288198714995,0,0,267,Explotacion activa
268,1,WOA,poblacional,409.768055514836,409.768055514836,True,False,144.28811970914774,468.8334433459772,-324.54532363682944,551.6031020263562,1865.206457635795,-322.63382210529164,0,0,268,Explotacion activa
269,1,WOA,poblacional,409.5872794516186,409.5872794516186,True,False,126.8200192951632,451.11829154326585,-324.29827224810265,548.7265030282147,1862.5973543693722,-322.648064767278,0,0,269,Explotacion activa
270,1,WOA,poblacional,409.48894838102655,409.48894838102655,True,False,121.00388286373607,445.62378192110504,-324.61989905736897,547.3103602575043,1860.1707432762428,-322.6489587011867,0,0,270,Explotacion activa
271,1,WOA,poblacional,409.36597416321865,409.36597416321865,True,False,117.53156086174351,442.6001071774557,-325.0685463157122,545.9796077444547,1857.744132183113,-322.6498526350954,0,0,271,Explotacion activa
272,1,WOA,poblacional,409.3410034974385,409.3410034974385,True,False,86.42930385852156,410.19563255702064,-323.7663286984991,543.4018746481267,1856.006288394146,-322.6540221498798,0,0,272,Explotacion activa
273,1,WOA,poblacional,409.3031195035772,409.3031195035772,True,False,68.87895694772942,392.5806773085395,-323.7017203608101,542.1069306446237,1855.6459792135038,-322.6647428264155,0,0,273,Explotacion activa
274,1,WOA,poblacional,409.239907736908,409.239907736908,True,False,75.19445091075909,399.83741961057234,-324.64296869981325,541.2096408823849,1855.2856700328618,-322.6754635029512,0,0,274,Explotacion activa
275,1,WOA,poblacional,409.1594578922385,409.1594578922385,True,False,27.798752328584385,342.4734142688855,-314.6746619403011,540.557492532315,1854.9253608522197,-322.65044859103455,0,0,275,Explotacion activa
276,1,WOA,poblacional,408.9896836839676,408.9896836839676,True,False,25.189810236786002,339.5481142474228,-314.3583040106368,540.0570785910023,1854.6520324946082,-322.64836274524754,0,0,276,Explotacion activa
277,1,WOA,poblacional,408.9197946335108,408.9197946335108,True,False,19.059446154583554,330.3256794483308,-311.26623329374723,538.6772847349395,1854.378704136997,-322.59288198714995,0,0,277,Explotacion activa
278,1,WOA,poblacional,408.89423340475275,408.89423340475275,True,False,21.88950256727651,336.4289613812205,-314.539458813944,536.0848353383203,1854.1053757793854,-322.50718604543175,0,0,278,Explotacion activa
279,1,WOA,poblacional,408.8874430296875,408.8874430296875,True,False,19.69530147013728,333.8310932011495,-314.1357917310122,530.1736623147397,1852.3571611407324,-322.4804761073876,0,0,279,Explotacion activa
280,1,WOA,poblacional,408.8852367334967,408.8852367334967,True,False,24.027274254828114,340.8736153047372,-316.8463410499091,528.1345155761863,1849.8715033615588,-322.45024621823484,0,0,280,Explotacion activa
281,1,WOA,poblacional,408.85145864828263,408.85145864828263,True,False,27.620434609121958,346.28907513924474,-318.6686405301228,525.7252967770652,1847.385845582385,-322.4269819330816,0,0,281,Explotacion activa
282,1,WOA,poblacional,408.78723694069345,408.78723694069345,True,False,30.03924859801583,350.08526295259225,-320.0460143545764,518.518871541497,1845.5642658533047,-322.42465160903583,0,0,282,Explotacion activa
283,1,WOA,poblacional,408.7477512030309,408.7477512030309,True,False,26.397558751297026,346.41445766604517,-320.01689891474814,517.0342620771484,1845.0708422244118,-322.42124788049165,0,0,283,Explotacion activa
284,1,WOA,poblacional,408.7276613517653,408.7276613517653,True,False,25.445487387216986,346.06476609199314,-320.61927870477615,515.8697907059226,1844.5774185955188,-322.4108785775853,0,0,284,Explotacion activa
285,1,WOA,poblacional,408.680773920476,408.680773920476,True,False,21.97132144768591,342.6796304652184,-320.7083090175325,513.8606555097011,1844.0839949666258,-322.3914603765291,0,0,285,Explotacion activa
286,1,WOA,poblacional,408.6638058564462,408.6638058564462,True,False,20.051280592053104,340.45577010233757,-320.40448951028446,509.62868810427403,1841.830647427557,-322.20391893191106,0,0,286,Explotacion activa
287,1,WOA,poblacional,408.6357081458075,408.6357081458075,True,False,17.601305306422034,336.49062916508655,-318.8893238586645,506.8926351586028,1839.5772998884884,-322.04213142361147,0,0,287,Explotacion activa
288,1,WOA,poblacional,408.6172608307121,408.6172608307121,True,False,19.859371734733543,340.0885613788779,-320.22918964414436,505.42146332173206,1837.32395234942,-321.9120445039765,0,0,288,Explotacion activa
289,1,WOA,poblacional,408.6021476443963,408.6021476443963,True,False,17.030467873903888,333.6398096195243,-316.60934174562044,504.80796306876346,1834.1229729231773,-321.85626840289655,0,0,289,Explotacion activa
290,1,WOA,poblacional,408.57206712913984,408.57206712913984,True,False,17.727865879348258,334.715805858256,-316.9879399789077,504.57821078195366,1830.4481775533482,-321.8181033993265,0,0,290,Explotacion activa
291,1,WOA,poblacional,408.52637672365967,408.52637672365967,True,False,15.800030706542998,328.7046699881174,-312.9046392815744,503.27273561151935,1826.7733821835184,-321.66168190056135,0,0,291,Explotacion activa
292,1,WOA,poblacional,408.5069963209009,408.5069963209009,True,False,15.734426378625585,325.33669307845014,-309.60226669982455,498.8942052658648,1824.0502205532814,-321.19200806629846,0,0,292,Explotacion activa
293,1,WOA,poblacional,408.4881947047611,408.4881947047611,True,False,13.48954403449568,313.3700708967196,-299.8805268622239,497.96962591884613,1823.230326402229,-321.0207549804554,0,0,293,Explotacion activa
294,1,WOA,poblacional,408.4591815845407,408.4591815845407,True,False,12.972931259297638,305.09750078116593,-292.1245695218683,497.18934694008124,1822.4104322511762,-320.9135088852348,0,0,294,Explotacion activa
295,1,WOA,poblacional,408.43271427400236,408.43271427400236,True,False,14.80358972620428,275.7523823832686,-260.9487926570643,495.83392378595784,1821.5905381001237,-320.8252897223062,0,0,295,Explotacion activa
296,1,WOA,poblacional,408.4139708047581,408.4139708047581,True,False,17.003237637602695,269.10955369043836,-252.10631605283567,493.88039281839065,1820.9206967978384,-320.7944175174865,0,0,296,Explotacion activa
297,1,WOA,poblacional,408.35662897239433,408.35662897239433,True,False,20.930653534511748,257.2124320670425,-236.28177853253078,493.00294391216823,1820.2508554955534,-320.7520355505513,0,0,297,Explotacion activa
298,1,WOA,poblacional,408.33507228880114,408.33507228880114,True,False,34.9625892057133,218.862991184796,-183.9004019790827,492.52397386336827,1819.5810141932682,-320.69940598625686,0,0,298,Explotacion activa
299,1,WOA,poblacional,408.29886735378045,408.29886735378045,True,False,40.12180590539532,211.64383850333695,-171.52203259794163,489.59350768305126,1818.465523411017,-320.6370847673274,0,0,299,Explotacion activa
300,1,WOA,poblacional,408.2885167775255,408.2885167775255,True,False,44.93531017480757,206.04035165878787,-161.1050414839803,487.5108685283687,1817.1272078887832,-320.6170424777415,0,0,300,Explotacion activa
301,2,EHO,poblacional,408.2885167775255,408.2885167775255,False,False,,,,,,,0,0,1,Llenando ventana
302,2,EHO,poblacional,408.2885167775255,408.2885167775255,False,False,,,,,,,1,0,2,Llenando ventana
303,2,EHO,poblacional,408.2885167775255,408.2885167775255,False,False,,,,,,,2,0,3,Llenando ventana
304,2,EHO,poblacional,408.2885167775255,408.2885167775255,False,False,,,,,,,3,0,4,Llenando ventana
305,2,EHO,poblacional,408.2885167775255,408.2885167775255,False,False,,,,,,,4,0,5,Llenando ventana
306,2,EHO,poblacional,408.2885167775255,408.2885167775255,False,False,,,,,,,5,0,6,Llenando ventana
307,2,EHO,poblacional,408.2885167775255,408.2885167775255,False,False,,,,,,,6,0,7,Llenando ventana
308,2,EHO,poblacional,408.2885167775255,408.2885167775255,False,False,,,,,,,7,0,8,Llenando ventana
309,2,EHO,poblacional,408.2885167775255,408.2885167775255,False,False,,,,,,,8,0,9,Llenando ventana
310,2,EHO,poblacional,408.2885167775255,408.2885167775255,False,False,,,,,,,9,0,10,Llenando ventana
311,2,EHO,poblacional,408.2885167775255,408.2885167775255,False,False,,,,,,,10,0,11,Llenando ventana
312,2,EHO,poblacional,406.99697282678574,406.99697282678574,False,False,,,,,,,0,0,12,Llenando ventana
313,2,EHO,poblacional,405.3720542665339,405.3720542665339,False,False,,,,,,,0,0,13,Llenando ventana
314,2,EHO,poblacional,404.18377288591086,404.18377288591086,False,False,,,,,,,0,0,14,Llenando ventana
315,2,EHO,poblacional,404.18377288591086,404.18377288591086,False,False,,,,,,,1,0,15,Llenando ventana
316,2,EHO,poblacional,403.08431446053726,403.08431446053726,False,False,,,,,,,0,0,16,Llenando ventana
317,2,EHO,poblacional,403.08431446053726,403.08431446053726,False,False,,,,,,,1,0,17,Llenando ventana
318,2,EHO,poblacional,401.73585061621185,401.73585061621185,False,False,,,,,,,0,0,18,Llenando ventana
319,2,EHO,poblacional,401.6996684382821,401.6996684382821,False,False,,,,,,,0,0,19,Llenando ventana
320,2,EHO,poblacional,401.18210836246755,401.18210836246755,False,False,,,,,,,0,0,20,Llenando ventana
321,2,EHO,poblacional,400.992449583387,400.992449583387,False,False,,,,,,,0,0,21,Llenando ventana
322,2,EHO,poblacional,400.82012628666087,400.82012628666087,False,False,,,,,,,0,0,22,Llenando ventana
323,2,EHO,poblacional,400.80742559287006,400.80742559287006,False,False,,,,,,,0,0,23,Llenando ventana
324,2,EHO,poblacional,400.65491927334267,400.65491927334267,False,False,,,,,,,0,0,24,Llenando ventana
325,2,EHO,poblacional,400.65491927334267,400.65491927334267,False,False,,,,,,,1,0,25,Llenando ventana
326,2,EHO,poblacional,400.2796957964996,400.2796957964996,False,False,,,,,,,0,0,26,Llenando ventana
327,2,EHO,poblacional,400.2624510159591,400.2624510159591,False,False,,,,,,,0,0,27,Llenando ventana
328,2,EHO,poblacional,400.22918376099966,400.22918376099966,False,False,,,,,,,0,0,28,Llenando ventana
329,2,EHO,poblacional,400.20541025567115,400.20541025567115,False,False,,,,,,,0,0,29,Llenando ventana
330,2,EHO,poblacional,400.185931658042,400.185931658042,False,False,,,,,,,0,0,30,Llenando ventana
331,2,EHO,poblacional,400.1398633611228,400.1398633611228,False,False,,,,,,,0,0,31,Llenando ventana
332,2,EHO,poblacional,400.08656994631286,400.08656994631286,False,False,,,,,,,0,0,32,Llenando ventana
333,2,EHO,poblacional,400.08473996392956,400.08473996392956,False,False,,,,,,,0,0,33,Llenando ventana
334,2,EHO,poblacional,400.07619082271236,400.07619082271236,False,False,,,,,,,0,0,34,Llenando ventana
335,2,EHO,poblacional,400.0698462488414,400.0698462488414,False,False,,,,,,,0,0,35,Llenando ventana
336,2,EHO,poblacional,400.0562356370059,400.0562356370059,False,False,,,,,,,0,0,36,Llenando ventana
337,2,EHO,poblacional,400.0562356370059,400.0562356370059,False,False,,,,,,,1,0,37,Llenando ventana
338,2,EHO,poblacional,400.04483362228655,400.04483362228655,False,False,,,,,,,0,0,38,Llenando ventana
339,2,EHO,poblacional,400.0418669753586,400.0418669753586,False,False,,,,,,,0,0,39,Llenando ventana
340,2,EHO,poblacional,400.0285473667048,400.0285473667048,False,False,,,,,,,0,0,40,Llenando ventana
341,2,EHO,poblacional,400.0225312551559,400.0225312551559,False,False,,,,,,,0,0,41,Llenando ventana
342,2,EHO,poblacional,400.02157828275944,400.02157828275944,False,False,,,,,,,0,0,42,Llenando ventana
343,2,EHO,poblacional,400.0205822069146,400.0205822069146,False,False,,,,,,,0,0,43,Llenando ventana
344,2,EHO,poblacional,400.02056020862807,400.02056020862807,False,False,,,,,,,0,0,44,Llenando ventana
345,2,EHO,poblacional,400.01905572222114,400.01905572222114,False,False,,,,,,,0,0,45,Llenando ventana
346,2,EHO,poblacional,400.0152292281404,400.0152292281404,False,False,,,,,,,0,0,46,Llenando ventana
347,2,EHO,poblacional,400.0152292281404,400.0152292281404,False,False,,,,,,,1,0,47,Llenando ventana
348,2,EHO,poblacional,400.0152292281404,400.0152292281404,False,False,,,,,,,2,0,48,Llenando ventana
349,2,EHO,poblacional,400.0148294394402,400.0148294394402,False,False,,,,,,,0,0,49,Llenando ventana
350,2,EHO,poblacional,400.01445566090484,400.01445566090484,False,False,,,,,,,0,0,50,Llenando ventana
351,2,EHO,poblacional,400.0141156221199,400.0141156221199,False,False,,,,,,,0,0,51,Llenando ventana
352,2,EHO,poblacional,400.0141156221199,400.0141156221199,False,False,,,,,,,1,0,52,Llenando ventana
353,2,EHO,poblacional,400.0139773547287,400.0139773547287,False,False,,,,,,,0,0,53,Llenando ventana
354,2,EHO,poblacional,400.0139366575644,400.0139366575644,False,False,,,,,,,0,0,54,Llenando ventana
355,2,EHO,poblacional,400.0139366575644,400.0139366575644,False,False,,,,,,,1,0,55,Llenando ventana
356,2,EHO,poblacional,400.01390150177326,400.01390150177326,False,False,,,,,,,0,0,56,Llenando ventana
357,2,EHO,poblacional,400.01381282605746,400.01381282605746,False,False,,,,,,,0,0,57,Llenando ventana
358,2,EHO,poblacional,400.0137248777605,400.0137248777605,False,False,,,,,,,0,0,58,Llenando ventana
359,2,EHO,poblacional,400.0137214410139,400.0137214410139,False,False,,,,,,,0,0,59,Llenando ventana
360,2,EHO,poblacional,400.0137214410139,400.0137214410139,False,False,,,,,,,1,0,60,Llenando ventana
361,2,EHO,poblacional,400.0136774785202,400.0136774785202,False,False,,,,,,,0,0,61,Llenando ventana
362,2,EHO,poblacional,400.013628697628,400.013628697628,False,False,,,,,,,0,0,62,Llenando ventana
363,2,EHO,poblacional,400.0135640451276,400.0135640451276,False,False,,,,,,,0,0,63,Llenando ventana
364,2,EHO,poblacional,400.0134174315141,400.0134174315141,False,False,,,,,,,0,0,64,Llenando ventana
365,2,EHO,poblacional,400.0134174315141,400.0134174315141,False,False,,,,,,,1,0,65,Llenando ventana
366,2,EHO,poblacional,400.01340801449265,400.01340801449265,False,False,,,,,,,0,0,66,Llenando ventana
367,2,EHO,poblacional,400.01340801449265,400.01340801449265,False,False,,,,,,,1,0,67,Llenando ventana
368,2,EHO,poblacional,400.01339323768184,400.01339323768184,False,False,,,,,,,0,0,68,Llenando ventana
369,2,EHO,poblacional,400.01331935289664,400.01331935289664,False,False,,,,,,,0,0,69,Llenando ventana
370,2,EHO,poblacional,400.01331935289664,400.01331935289664,False,False,,,,,,,1,0,70,Llenando ventana
371,2,EHO,poblacional,400.0132509909989,400.0132509909989,False,False,,,,,,,0,0,71,Llenando ventana
372,2,EHO,poblacional,400.0132509909989,400.0132509909989,False,False,,,,,,,1,0,72,Llenando ventana
373,2,EHO,poblacional,400.0132509909989,400.0132509909989,False,False,,,,,,,2,0,73,Llenando ventana
374,2,EHO,poblacional,400.0132507753312,400.0132507753312,False,False,,,,,,,0,0,74,Llenando ventana
375,2,EHO,poblacional,400.0132341720849,400.0132341720849,True,False,184.85422309032072,492.64576704106025,-307.79154395073954,7.5,37.5,22.5,0,0,75,Explotacion activa
376,2,EHO,poblacional,400.0132341720849,400.0132341720849,True,False,190.82104964650108,500.9210496465009,-310.0999999999998,7.5,37.5,22.5,1,0,76,Explotacion activa
377,2,EHO,poblacional,400.0132333920378,400.0132333920378,True,False,196.98787698272855,509.19633303198856,-312.20845604926,7.5,37.5,22.5,0,0,77,Explotacion activa
378,2,EHO,poblacional,400.01321842935835,400.01321842935835,True,False,203.35471928163543,517.4716313801557,-314.1169120985203,7.5,37.5,22.5,0,0,78,Explotacion activa
379,2,EHO,poblacional,400.0132179263492,400.0132179263492,True,False,209.92156208355146,525.746930231332,-315.8253681477806,7.5,37.5,22.5,0,0,79,Explotacion activa
380,2,EHO,poblacional,400.0132133996169,400.0132133996169,True,False,216.68840941219986,534.0222336092406,-317.33382419704077,7.5,37.5,22.5,0,0,80,Explotacion activa
381,2,EHO,poblacional,400.0131991550163,400.0131991550163,True,False,223.6552709854488,542.2975512317498,-318.642280246301,7.5,37.5,22.5,0,0,81,Explotacion activa
382,2,EHO,poblacional,400.0131991550163,400.0131991550163,True,False,230.63904465721822,550.572868854259,-319.9338241970408,7.5,37.5,22.5,1,0,82,Explotacion activa
383,2,EHO,poblacional,400.01319709422444,400.01319709422444,True,False,237.62282038977952,558.8481885375601,-321.22536814778056,7.5,37.5,22.5,0,0,83,Explotacion activa
384,2,EHO,poblacional,400.0131968595974,400.0131968595974,True,False,244.60659635696788,567.1235084554883,-322.5169120985204,514.9890418757055,225.75040308697962,-313.5443752837422,0,0,84,Explotacion activa
385,2,EHO,poblacional,400.0131880803209,400.0131880803209,True,False,251.59038110343272,575.3988371526929,-323.80845604926014,517.4716313801557,230.63904465721822,-314.1169120985203,0,0,85,Explotacion activa
386,2,EHO,poblacional,400.01318372819463,400.01318372819463,True,False,168.29805718148765,486.80837389654124,-318.5103167150536,511.6789225364387,228.5439125556874,-314.6294489132984,0,0,86,Explotacion activa
387,2,EHO,poblacional,400.0131657071829,400.0131657071829,True,False,106.3107318669862,371.9232889972559,-265.6125571302697,505.88621967779346,226.44878045415655,-313.3535296788162,0,0,87,Explotacion activa
388,2,EHO,poblacional,400.013164378852,400.013164378852,True,False,95.53892285564353,288.16107533820986,-192.62215248256632,500.0935213859568,224.35364835262573,-311.997610444334,0,0,88,Explotacion activa
389,2,EHO,poblacional,400.01315584616765,400.01315584616765,True,False,98.60673428346809,292.33169237795306,-193.72495809448498,494.30082356214837,222.261898670799,-310.52169120985184,0,0,89,Explotacion activa
390,2,EHO,poblacional,400.01315251359495,400.01315251359495,True,False,114.03078884841688,214.04293084724912,-100.01214199883225,489.7270704688008,220.17184019882433,-308.94577197536967,0,0,90,Explotacion activa
391,2,EHO,poblacional,400.01315251359495,400.01315251359495,True,False,115.72269724481407,217.11409279419144,-101.39139554937736,463.8313569166842,218.08178172684964,-299.3557465866456,1,0,91,Explotacion activa
392,2,EHO,poblacional,400.0131418437196,400.0131418437196,True,False,165.68220235275294,119.05047708660345,46.63172526614949,383.4117974871844,216.011724679335,-269.83045581231676,0,0,92,Explotacion activa
393,2,EHO,poblacional,400.0131338875482,400.0131338875482,True,False,167.71592816623456,118.05953047053725,49.65639769569731,324.16833102567415,213.9816704807405,-222.4799977087989,0,0,93,Explotacion activa
394,2,EHO,poblacional,400.0131338875482,400.0131338875482,True,False,198.16638587137578,80.9290593351783,117.23732653619749,291.0805072660301,211.95161628214598,-193.3941164109094,1,0,94,Explotacion activa
395,2,EHO,poblacional,400.01313153480766,400.01313153480766,True,False,210.20162187999352,67.8736277317962,142.32799414819732,288.16107533820986,210.20162187999352,-192.62215248256632,0,0,95,Explotacion activa
396,2,EHO,poblacional,400.01313153480766,400.01313153480766,True,False,221.53273570700964,55.92869852591656,165.60403718109308,238.42818755739694,214.74237315253797,-128.7606226293341,1,0,96,Explotacion activa
397,2,EHO,poblacional,400.0131278131349,400.0131278131349,True,False,222.31501052570422,55.78314496513218,166.53186556057204,215.8856280154145,218.62613993012377,-100.83969412915933,0,0,97,Explotacion activa
398,2,EHO,poblacional,400.01312352810373,400.01312352810373,True,False,232.47422803298133,45.13947306534425,187.33475496763708,204.54368547118452,221.61096318887908,-85.34775527233438,0,0,98,Explotacion activa
399,2,EHO,poblacional,400.013118995754,400.013118995754,True,False,232.45256733105663,45.781273342932934,186.6712939881237,138.04896783873252,222.1585555619653,17.302951813152724,0,0,99,Explotacion activa
400,2,EHO,poblacional,400.0131096863758,400.0131096863758,True,False,258.3934385371898,18.281322166669156,240.11211637052065,118.55500377857035,222.9851407555765,48.1440614809234,0,0,100,Explotacion activa
401,2,EHO,poblacional,400.0131067535625,400.0131067535625,True,False,259.6241780716547,17.25455266906704,242.36962540258764,110.63343624346545,225.05202571980269,63.172583463797295,0,0,101,Explotacion activa
402,2,EHO,poblacional,400.0131046108156,400.0131046108156,True,False,262.0867574365431,15.00885495225458,247.07790248428853,84.64210644871417,229.94066729004126,110.47923365214737,0,0,102,Explotacion activa
403,2,EHO,poblacional,400.013089672396,400.013089672396,True,False,263.7440062194391,13.441936141220253,250.30207007821883,73.09580037314905,231.72715826152125,132.29172710339733,0,0,103,Explotacion activa
404,2,EHO,poblacional,400.0130844911738,400.0130844911738,True,False,265.05450647052623,12.173367083532753,252.88113938699348,64.2901489700323,232.45906554163403,149.310807058066,0,0,104,Explotacion activa
405,2,EHO,poblacional,400.01305750514604,400.01305750514604,True,False,268.4212400406741,8.89111896748858,259.5301210731855,55.92869852591656,232.47422803298133,165.60403718109308,0,0,105,Explotacion activa
406,2,EHO,poblacional,400.0130377020333,400.0130377020333,True,False,272.29060310690915,5.020938515831347,267.2696645910778,55.82681103336749,236.07824268274007,166.25351704672835,0,0,106,Explotacion activa
407,2,EHO,poblacional,400.0130377020333,400.0130377020333,True,False,272.4168718913568,4.957222081363511,267.45964980999327,51.78239631625248,240.41633077665486,174.58763693159267,1,0,107,Explotacion activa
408,2,EHO,poblacional,400.0130377020333,400.0130377020333,True,False,273.01487305673345,4.387738751969664,268.6271343047638,45.71709331517407,245.30497483161435,186.73764008607503,2,0,108,Explotacion activa
409,2,EHO,poblacional,400.01303428222093,400.01303428222093,True,False,273.45812612879854,3.975052252136834,269.4830738766617,45.26783312086199,250.19362415413974,187.2020627717344,0,0,109,Explotacion activa
410,2,EHO,poblacional,400.013025654959,400.013025654959,True,False,274.410834448234,3.0110769583586148,271.3997574898754,31.710397616006702,254.99190982031126,213.72343566907887,0,0,110,Explotacion activa
411,2,EHO,poblacional,400.0130193867713,400.0130193867713,True,False,274.41081564367096,3.054293208593208,271.35652243507775,18.07596826714873,258.6395864440828,240.56361817693406,0,0,111,Explotacion activa
412,2,EHO,poblacional,400.0130193867713,400.0130193867713,True,False,275.23176070346426,2.242358354876444,272.9894023485878,17.35722961882725,259.5011041182082,242.14387449938093,1,0,112,Explotacion activa
413,2,EHO,poblacional,400.0130193867713,400.0130193867713,True,False,275.4461175579266,2.0516740707936947,273.3944434871329,15.907134038979564,261.1017256905877,245.19459165160816,2,0,113,Explotacion activa
414,2,EHO,poblacional,400.013015304784,400.013015304784,True,False,276.4133511748117,1.0815550923352362,275.33179608247644,14.538779308944282,262.5839320714119,248.0451527624676,0,0,114,Explotacion activa
415,2,EHO,poblacional,400.01300930574496,400.01300930574496,True,False,276.83272461542856,0.6458847871284661,276.1868398283001,13.441936141220253,263.7440062194391,250.30207007821883,0,0,115,Explotacion activa
416,2,EHO,poblacional,400.012997852121,400.012997852121,True,False,276.89938686868595,0.5839452604276971,276.31544160825825,12.553937800839002,264.6613563952001,252.1074185943611,0,0,116,Explotacion activa
417,2,EHO,poblacional,400.01299506917803,400.01299506917803,True,False,276.9700999048417,0.5178227856451372,276.45227711919654,10.860467837115083,266.4011998985854,255.5407320614703,0,0,117,Explotacion activa
418,2,EHO,poblacional,400.0129794159212,400.0129794159212,True,False,276.971652474957,0.5237757051500012,276.447876769807,8.50410092232286,268.8081763472976,260.3040754249747,0,0,118,Explotacion activa
419,2,EHO,poblacional,400.01297560687505,400.01297560687505,True,False,277.0814761736167,0.4185238263833071,276.6629523472334,5.794974606162791,271.5167304936621,265.72175588749934,0,0,119,Explotacion activa
420,2,EHO,poblacional,400.01297560687505,400.01297560687505,True,False,277.35566252268654,0.13761688567490182,277.21804563701164,4.989080298597429,272.35373749913293,267.36465720053553,1,0,120,Explotacion activa
421,2,EHO,poblacional,400.0129732524291,400.0129732524291,True,False,277.3556483960109,0.13987286138620902,277.2157755346247,4.843325415484741,272.5364721244321,267.6931467089474,0,0,121,Explotacion activa
422,2,EHO,poblacional,400.01297161891824,400.01297161891824,True,False,277.3556402284566,0.1421304706083788,277.2135097578482,4.444687084909049,272.9550729401958,268.51038585528676,0,0,122,Explotacion activa
423,2,EHO,poblacional,400.0129644143149,400.0129644143149,True,False,277.38326769081874,0.11441113191619934,277.26885655890254,4.140126852069965,273.2808248999725,269.14069804790256,0,0,123,Explotacion activa
424,2,EHO,poblacional,400.01295673486334,400.01295673486334,True,False,277.40804384017827,0.08825044634301094,277.31979339383525,3.6988245390737453,273.74393298326027,270.0451084441865,0,0,124,Explotacion activa
425,2,EHO,poblacional,400.01295258274155,400.01295258274155,True,False,277.4304158232572,0.06425061563572854,277.36616520762146,3.054293208593208,274.41081564367096,271.35652243507775,0,0,125,Explotacion activa
426,2,EHO,poblacional,400.01294876125627,400.01294876125627,True,False,277.4300105742086,0.06541747649936269,277.36459309770925,3.0240418334289925,274.4108288068651,271.38678697343613,0,0,126,Explotacion activa
427,2,EHO,poblacional,400.0129447437141,400.0129447437141,True,False,277.43872558303946,0.05621830056458066,277.3825072824749,2.7035895169657462,274.7392049503261,272.03561543336036,0,0,127,Explotacion activa
428,2,EHO,poblacional,400.01293240313345,400.01293240313345,True,False,277.4408800126409,0.05421096483667043,277.3866690478042,2.2232899264681687,275.2531963889105,273.02990646244234,0,0,128,Explotacion activa
429,2,EHO,poblacional,400.01293240313345,400.01293240313345,True,False,277.4404916780827,0.05521521926760897,277.3852764588151,2.0898109276102446,275.40324618703414,273.3134352594239,1,0,129,Explotacion activa
430,2,EHO,poblacional,400.0129313489244,400.0129313489244,True,False,277.442544497067,0.0535838435732785,277.3889606534937,1.5666145815644654,275.92973436636913,274.36311978480467,0,0,130,Explotacion activa
431,2,EHO,poblacional,400.0129218200188,400.0129218200188,True,False,277.4483188507346,0.047912846642645945,277.40040600409196,0.9944210312938825,276.49722586293507,275.5028048316412,0,0,131,Explotacion activa
432,2,EHO,poblacional,400.01290490323606,400.01290490323606,True,False,277.4538878871187,0.04222464719379104,277.4116632399249,0.6894518176491422,276.79078727136687,276.10133545371775,0,0,132,Explotacion activa
433,2,EHO,poblacional,400.01289275105233,400.01289275105233,True,False,277.45383124693734,0.0427990179051676,277.4110322290322,0.6087210711080047,276.872721967383,276.264000896275,0,0,133,Explotacion activa
434,2,EHO,poblacional,400.01289275105233,400.01289275105233,True,False,277.45362941001827,0.04362770786673309,277.41000170215153,0.5658943938443883,276.92060077953266,276.35517215672286,1,0,134,Explotacion activa
435,2,EHO,poblacional,400.01289275105233,400.01289275105233,True,False,277.45635865130447,0.041159210801424706,277.41519944050305,0.5237757051500012,276.9700999048417,276.447876769807,2,0,135,Explotacion activa
436,2,EHO,poblacional,400.01288729261466,400.01288729261466,True,False,277.4594660464676,0.03829082979194709,277.42117521667564,0.5196086614965963,276.9711867039224,276.4509570143797,0,0,136,Explotacion activa
437,2,EHO,poblacional,400.012883727319,400.012883727319,True,False,277.46358187357686,0.03418686257214176,277.4293950110047,0.47810320194040495,277.0155819544209,276.5365472104113,0,0,137,Explotacion activa
438,2,EHO,poblacional,400.01287991565636,400.01287991565636,True,False,277.4731736692181,0.023874971028078562,277.44929869819003,0.3908844908058139,277.10889257910065,276.7180080882949,0,0,138,Explotacion activa
439,2,EHO,poblacional,400.01287342803204,400.01287342803204,True,False,277.47291713339615,0.024418974510126645,277.448498158886,0.19740914176336427,277.3008074174886,277.1033982757252,0,0,139,Explotacion activa
440,2,EHO,poblacional,400.0128679886213,400.0128679886213,True,False,277.4732840190728,0.024262140795599407,277.4490218782772,0.1410016659972939,277.3556443122337,277.2146426462365,0,0,140,Explotacion activa
441,2,EHO,poblacional,400.0128679886213,400.0128679886213,True,False,277.4730584715244,0.02480216666697288,277.4482563048574,0.13942166624394758,277.355651221346,277.2162295551021,1,0,141,Explotacion activa
442,2,EHO,poblacional,400.01286253960313,400.01286253960313,True,False,277.4737978078372,0.02423938074537091,277.4495584270918,0.13784248324603254,277.35566111001896,277.21781862677295,0,0,142,Explotacion activa
443,2,EHO,poblacional,400.01285881967294,400.01285881967294,True,False,277.4784318773337,0.01923243986465195,277.45919943746907,0.1236934334196803,277.37222562356584,277.2485321901462,0,0,143,Explotacion activa
444,2,EHO,poblacional,400.01284989529375,400.01284989529375,True,False,277.47807187079417,0.019701897467541585,277.4583699733266,0.1065629262442428,277.3907005356266,277.28413760938236,0,0,144,Explotacion activa
445,2,EHO,poblacional,400.01284989529375,400.01284989529375,True,False,277.48231614551725,0.01504421274159995,277.46727193277565,0.08825044634301094,277.40804384017827,277.31979339383525,1,0,145,Explotacion activa
446,2,EHO,poblacional,400.0128481435065,400.0128481435065,True,False,277.48196716481357,0.015447060234009768,277.46652010457956,0.07226736745245718,277.4234205539995,277.35115318654704,0,0,146,Explotacion activa
447,2,EHO,poblacional,400.01284405434126,400.01284405434126,True,False,277.4816067867631,0.015853996891678435,277.46575278987143,0.06495073215390902,277.43017267382805,277.3652219416741,0,0,147,Explotacion activa
448,2,EHO,poblacional,400.01283983920655,400.01283983920655,True,False,277.4812840350638,0.016248973603580907,277.46503506146024,0.06344738412861374,277.4312467992354,277.3677994151068,0,0,148,Explotacion activa
449,2,EHO,poblacional,400.01283153909094,400.01283153909094,True,False,277.4820057529004,0.015422966370692848,277.4665827865297,0.05782476357881023,277.437063631083,277.37923886750417,0,0,149,Explotacion activa
450,2,EHO,poblacional,400.01282187100526,400.01282187100526,True,False,277.4815999309419,0.015835267450313495,277.4657646634916,0.055716759916094816,277.4396086305611,277.383891870645,0,0,150,Explotacion activa
451,2,EHO,poblacional,400.012817671191,400.012817671191,True,False,277.4812801394291,0.016193264814717168,277.46508687461437,0.055014368381421264,277.44056934499434,277.3855549766129,0,0,151,Explotacion activa
452,2,EHO,poblacional,400.01280494914914,400.01280494914914,True,False,277.4818408025265,0.015499506742969515,277.46634129578354,0.05431139027976428,277.44084117918504,277.3865297889053,0,0,152,Explotacion activa
453,2,EHO,poblacional,400.01279706078805,400.01279706078805,True,False,277.4814668163578,0.015883149629360105,277.46558366672843,0.05383469207863527,277.44187870329654,277.3880440112179,0,0,153,Explotacion activa
454,2,EHO,poblacional,400.01279706078805,400.01279706078805,True,False,277.4814491534618,0.015964510267167498,277.46548464319466,0.05188254449408873,277.44427680316727,277.39239425867316,1,0,154,Explotacion activa
455,2,EHO,poblacional,400.0127950448196,400.0127950448196,True,False,277.4820548720552,0.015314520018989697,277.4667403520362,0.047912846642645945,277.4483188507346,277.40040600409196,0,0,155,Explotacion activa
456,2,EHO,poblacional,400.01279157914297,400.01279157914297,True,False,277.4817096541428,0.01572209589232898,277.46598755825045,0.04491324949950695,277.4520362422332,277.40712299273366,0,0,156,Explotacion activa
457,2,EHO,poblacional,400.0127889636618,400.0127889636618,True,False,277.48151044952647,0.015977727856466117,277.46553272167,0.04329623188210689,277.4537101447859,277.4104139129038,0,0,157,Explotacion activa
458,2,EHO,poblacional,400.0127883922246,400.0127883922246,True,False,277.4812023941114,0.016368832826344715,277.46483356128505,0.042741580834029944,277.4538369109555,277.41109533012144,0,0,158,Explotacion activa
459,2,EHO,poblacional,400.01278663177004,400.01278663177004,True,False,277.48146930710476,0.016120614918406773,277.46534869218635,0.04233952133606635,277.4538765590824,277.41153703774637,0,0,159,Explotacion activa
460,2,EHO,poblacional,400.0127854449102,400.0127854449102,True,False,277.4814539895544,0.01619684085898143,277.4652571486954,0.041691928997607874,277.4551232692116,277.41343134021395,0,0,160,Explotacion activa
461,2,EHO,poblacional,400.01278147135355,400.01278147135355,True,False,277.48231298588354,0.015247521820583643,277.46706546406296,0.04058553459952918,277.4569801303371,277.4163945957376,0,0,161,Explotacion activa
462,2,EHO,poblacional,400.01278139719403,400.01278139719403,True,False,277.48208417136675,0.01553220699332769,277.4665519643734,0.038577667892894844,277.4591553069513,277.42057763905837,0,0,162,Explotacion activa
463,2,EHO,poblacional,400.0127771871621,400.0127771871621,True,False,277.48229635471085,0.015279447355055709,277.4670169073558,0.03582844946006389,277.46193554273316,277.42610709327306,0,0,163,Explotacion activa
464,2,EHO,poblacional,400.0127731667117,400.0127731667117,True,False,277.48216154796626,0.015412183858245498,277.466749364108,0.031371453800591094,277.46638245152263,277.4350533991605,0,0,164,Explotacion activa
465,2,EHO,poblacional,400.0127725048875,400.0127725048875,True,False,277.4818348774716,0.01579219256569786,277.4660426849059,0.02480216666697288,277.47291713339615,277.4482563048574,0,0,165,Explotacion activa
466,2,EHO,poblacional,400.012771549422,400.012771549422,True,False,277.48221847249425,0.015372916088381317,277.4668455564059,0.024533932157180516,277.4730160700859,277.44842560267745,0,0,166,Explotacion activa
467,2,EHO,poblacional,400.01276641562896,400.01276641562896,True,False,277.48239652985444,0.01515163132177122,277.46724489853267,0.02435624102431575,277.4731045506019,277.4487076466425,0,0,167,Explotacion activa
468,2,EHO,poblacional,400.0127629240323,400.0127629240323,True,False,277.4820553931333,0.015522594837648285,277.46653279829565,0.024259864790576558,277.47318470420356,277.4490495602685,0,0,168,Explotacion activa
469,2,EHO,poblacional,400.0127591300174,400.0127591300174,True,False,277.48186791183787,0.015720896829179765,277.4661470150087,0.024243932755416607,277.47326194910187,277.4492433342075,0,0,169,Explotacion activa
470,2,EHO,poblacional,400.0127538808899,400.0127538808899,True,False,277.4815372388507,0.016098550746960427,277.46543868810375,0.024057175886724735,277.473540913455,277.44942856264095,0,0,170,Explotacion activa
471,2,EHO,poblacional,400.0127538808899,400.0127538808899,True,False,277.48149930260433,0.01619707920599467,277.46530222339834,0.023040356315971153,277.47465262042857,277.45132073633874,1,0,171,Explotacion activa
472,2,EHO,poblacional,400.01275172735274,400.01275172735274,True,False,277.48153157009506,0.016251787652720395,277.46527978244234,0.020119204823595273,277.47764446449844,277.45748881870315,0,0,172,Explotacion activa
473,2,EHO,poblacional,400.0127494689353,400.0127494689353,True,False,277.4816124892288,0.016285920590007663,277.4653265686388,0.019420222905807805,277.4782878747179,277.4588676518121,0,0,173,Explotacion activa
474,2,EHO,poblacional,400.01274686243283,400.01274686243283,True,False,277.48199911679217,0.015959850547233145,277.46603926624493,0.018373357753159777,277.47926303236704,277.46088967461384,0,0,174,Explotacion activa
475,2,EHO,poblacional,400.0127465161751,400.0127465161751,True,False,277.4819710571496,0.016103059751287674,277.46586799739833,0.016368832826344715,277.4812023941114,277.46483356128505,0,0,175,Explotacion activa
476,2,EHO,poblacional,400.01274453611404,400.01274453611404,True,False,277.4818813432517,0.016304571182729433,277.46557677206897,0.016323849675814017,277.4812568158338,277.4649746114077,0,0,176,Explotacion activa
477,2,EHO,poblacional,400.0127400131996,400.0127400131996,True,False,277.4826289326423,0.015548787327929858,277.46708014531436,0.016297110945640726,277.48128169768296,277.4650557867219,0,0,177,Explotacion activa
478,2,EHO,poblacional,400.0127317721572,400.0127317721572,True,False,277.4826958770218,0.015518095901200013,277.4671777811206,0.016282507296278937,277.48130054690364,277.46510390202246,0,0,178,Explotacion activa
479,2,EHO,poblacional,400.0127288574622,400.0127288574622,True,False,277.4842311270824,0.01384977753059502,277.4703813495518,0.016258614240177847,277.48141612978225,277.4652230938792,0,0,179,Explotacion activa
480,2,EHO,poblacional,400.0127282418757,400.0127282418757,True,False,277.48528079689856,0.012693807343623575,277.47258698955494,0.01625038062815065,277.4814515715081,277.4652684655689,0,0,180,Explotacion activa
481,2,EHO,poblacional,400.01272098164134,400.01272098164134,True,False,277.4849580493645,0.013010527735559663,277.4719475216289,0.01623859472406366,277.48145655491504,277.46528427063356,0,0,181,Explotacion activa
482,2,EHO,poblacional,400.0127140228228,400.0127140228228,True,False,277.48464245100104,0.013334206946012728,277.471308244055,0.016202268645753293,277.48146553367746,277.46529997930276,0,0,182,Explotacion activa
483,2,EHO,poblacional,400.0127140228228,400.0127140228228,True,False,277.4846241792299,0.013401400230634408,277.4712227789993,0.016196936197786727,277.48146831080595,277.4653168305426,1,0,183,Explotacion activa
484,2,EHO,poblacional,400.0127094741469,400.0127094741469,True,False,277.4849153557979,0.01307916365959727,277.4718361921383,0.016195768045702153,277.48147830575465,277.465333205703,0,0,184,Explotacion activa
485,2,EHO,poblacional,400.01270825622584,400.01270825622584,True,False,277.48509561008035,0.012926448316022743,277.4721691617643,0.016193264814717168,277.48149930260433,277.46534869218635,0,0,185,Explotacion activa
486,2,EHO,poblacional,400.0127056341621,400.0127056341621,True,False,277.48485106281754,0.013240200925224599,277.4716108618923,0.01614240988729989,277.48150710544985,277.4654116893285,0,0,186,Explotacion activa
487,2,EHO,poblacional,400.0126997302657,400.0126997302657,True,False,277.4845776388296,0.013559857430834654,277.47101778139876,0.016113592851559132,277.4815188977539,277.46545707014013,0,0,187,Explotacion activa
488,2,EHO,poblacional,400.01269469025857,400.01269469025857,True,False,277.48457934211314,0.01357840489612272,277.471000937217,0.01610260885085495,277.4815321369706,277.4654894510422,0,0,188,Explotacion activa
489,2,EHO,poblacional,400.0126926099824,400.0126926099824,True,False,277.48472539368714,0.01345117176919075,277.47127422191795,0.016099452547825875,277.48153610509956,277.4655231059749,0,0,189,Explotacion activa
490,2,EHO,poblacional,400.0126819406008,400.0126819406008,True,False,277.4851690649148,0.012919515114560909,277.47224954980027,0.016038139301713272,277.4815685848963,277.4655547468695,0,0,190,Explotacion activa
491,2,EHO,poblacional,400.0126785814242,400.0126785814242,True,False,277.48509218873124,0.013030065090617882,277.4720621236406,0.015975084338606393,277.4816013021061,277.46557815100084,0,0,191,Explotacion activa
492,2,EHO,poblacional,400.01267826792713,400.01267826792713,True,False,277.4858912808232,0.012172872080782327,277.4737184087424,0.01596583202609736,277.481606101181,277.4655829772625,0,0,192,Explotacion activa
493,2,EHO,poblacional,400.0126712749684,400.0126712749684,True,False,277.48584689553684,0.012195334570321847,277.4736515609665,0.015961714435206886,277.4816102082425,277.46568514061426,0,0,193,Explotacion activa
494,2,EHO,poblacional,400.0126662997599,400.0126662997599,True,False,277.4855644882843,0.012504641685438855,277.47305984659886,0.015936840271871235,277.48164163870297,277.46575635195745,0,0,194,Explotacion activa
495,2,EHO,poblacional,400.0126563922953,400.0126563922953,True,False,277.48541772236734,0.012647272819720001,277.4727704495476,0.015883149629360105,277.4817096541428,277.4657646634916,0,0,195,Explotacion activa
496,2,EHO,poblacional,400.0126563922953,400.0126563922953,True,False,277.4852903725418,0.012841619638834345,277.47244875290295,0.015862742712982936,277.481797310473,277.4658369972263,1,0,196,Explotacion activa
497,2,EHO,poblacional,400.0126563922953,400.0126563922953,True,False,277.48553118972575,0.012616501012701065,277.47291468871305,0.01584650511513246,277.48183724749356,277.4659158217392,2,0,197,Explotacion activa
498,2,EHO,poblacional,400.012655177031,400.012655177031,True,False,277.48580547798844,0.012349779427779595,277.47345569856066,0.01583095996185193,277.48184351345765,277.4659927290499,0,0,198,Explotacion activa
499,2,EHO,poblacional,400.0126533629058,400.0126533629058,True,False,277.48586711044715,0.012341742251123833,277.473525368196,0.015800807542620986,277.4818624899756,277.466028924646,0,0,199,Explotacion activa
500,2,EHO,poblacional,400.0126446002007,400.0126446002007,True,False,277.4858696703776,0.012363113396020253,277.4735065569816,0.01575714422901342,277.4818746275448,277.4660409755754,0,0,200,Explotacion activa
501,2,EHO,poblacional,400.0126342926924,400.0126342926924,True,False,277.48586022744547,0.012376266298417704,277.47348396114705,0.015721856079699136,277.4818985075641,277.4660635509265,0,0,201,Explotacion activa
502,2,EHO,poblacional,400.0126342926924,400.0126342926924,True,False,277.48646824007136,0.011761173770082678,277.4747070663013,0.015721016735494687,277.4819585826574,277.4661365819984,1,0,202,Explotacion activa
503,2,EHO,poblacional,400.0126323760963,400.0126323760963,True,False,277.48624501789914,0.012061200807238492,277.4741838170919,0.01561763112842982,277.4819695002152,277.4662635834736,0,0,203,Explotacion activa
504,2,EHO,poblacional,400.01262901105304,400.01262901105304,True,False,277.48608499994316,0.012285527207779978,277.4737994727354,0.015543813227549209,277.4819794750424,277.46639493842235,0,0,204,Explotacion activa
505,2,EHO,poblacional,400.01261918474376,400.01261918474376,True,False,277.4864358259028,0.011883023468897136,277.4745528024339,0.01553220699332769,277.48199911679217,277.46652010457956,0,0,205,Explotacion activa
506,2,EHO,poblacional,400.0126161835757,400.0126161835757,True,False,277.4873224729167,0.01091990120750097,277.4764025717092,0.015525478484352106,277.48200376206796,277.4665289901808,0,0,206,Explotacion activa
507,2,EHO,poblacional,400.01261014153016,400.01261014153016,True,False,277.48786129024774,0.010303249133755799,277.477558041114,0.015520795263068977,277.48202540056235,277.46654046472673,0,0,207,Explotacion activa
508,2,EHO,poblacional,400.01261014153016,400.01261014153016,True,False,277.48762820558767,0.010585858655929314,277.47704234693174,0.015516236985376963,277.482054924163,277.46655504658906,1,0,208,Explotacion activa
509,2,EHO,poblacional,400.0126013511786,400.0126013511786,True,False,277.48733569615143,0.010877258529660594,277.4764584376218,0.015503224574615615,277.48205528891765,277.46657662209844,0,0,209,Explotacion activa
510,2,EHO,poblacional,400.01259207718573,400.01259207718573,True,False,277.4873982239797,0.010768549571025687,277.4766296744087,0.015473283488489642,277.48206978225005,277.46666156928296,0,0,210,Explotacion activa
511,2,EHO,poblacional,400.0125832834776,400.0125832834776,True,False,277.487342763043,0.010805161531663998,277.4765376015113,0.015442241461346384,277.48209964668666,277.46674215445057,0,0,211,Explotacion activa
512,2,EHO,poblacional,400.0125555097215,400.0125555097215,True,False,277.48713936293615,0.010847504432433652,277.4762918585037,0.01542537575702454,277.48215381030633,277.46674846290085,0,0,212,Explotacion activa
513,2,EHO,poblacional,400.01255214221527,400.01255214221527,True,False,277.4872797444562,0.010688706049620578,277.4765910384066,0.015416496863224438,277.48219570268304,277.4668070794867,0,0,213,Explotacion activa
514,2,EHO,poblacional,400.0125506971262,400.0125506971262,True,False,277.48736464641826,0.010603481148734772,277.4767611652695,0.015400403527286244,277.4822418371592,277.46689696169085,0,0,214,Explotacion activa
515,2,EHO,poblacional,400.0125378967482,400.0125378967482,True,False,277.4870012507287,0.0109335730218163,277.4760676777069,0.015372916088381317,277.48229635471085,277.4670169073558,0,0,215,Explotacion activa
516,2,EHO,poblacional,400.01251818027725,400.01251818027725,True,False,277.48694596134646,0.010874705004823682,277.47607125634164,0.015332038839807183,277.48230799653174,277.4670508970508,0,0,216,Explotacion activa
517,2,EHO,poblacional,400.0125123811902,400.0125123811902,True,False,277.4868820619127,0.010945868653379875,277.4759361932593,0.015300490953416101,277.48231424973704,277.4670713365635,0,0,217,Explotacion activa
518,2,EHO,poblacional,400.0125123811902,400.0125123811902,True,False,277.48720692942027,0.010622978697028884,277.47658395072324,0.015276254801608501,277.48232418395094,277.467089908895,1,0,218,Explotacion activa
519,2,EHO,poblacional,400.01250536018586,400.01250536018586,True,False,277.48690313957104,0.01096751380492833,277.4759356257661,0.015253906927478056,277.482380452987,277.4671582539593,0,0,219,Explotacion activa
520,2,EHO,poblacional,400.01248640450535,400.01248640450535,True,False,277.48662824598824,0.011199620550485179,277.47542862543776,0.015199576571177431,277.48251273124833,277.46721133982663,0,0,220,Explotacion activa
521,2,EHO,poblacional,400.01248640450535,400.01248640450535,True,False,277.4866385573311,0.011254672157235746,277.47538388517387,0.015130147605736966,277.4826423215182,277.46725030538124,1,0,221,Explotacion activa
522,2,EHO,poblacional,400.01247541064777,400.01247541064777,True,False,277.4865691745686,0.011307180747564871,277.47526199382105,0.015054954599617077,277.48268918258384,277.46726922935136,0,0,222,Explotacion activa
523,2,EHO,poblacional,400.0124660455236,400.0124660455236,True,False,277.48677415277376,0.011058465759788305,277.475715687014,0.01432755161499699,277.4836170270582,277.46913758284137,0,0,223,Explotacion activa
524,2,EHO,poblacional,400.0124494955839,400.0124494955839,True,False,277.4869995042021,0.010715402840730803,277.4762841013614,0.013768365740253329,277.48433508060657,277.47056722585137,0,0,224,Explotacion activa
525,2,EHO,poblacional,400.01244047677795,400.01244047677795,True,False,277.4868991236364,0.010781810997741559,277.4761173126387,0.01357840489612272,277.4845776388296,277.471000937217,0,0,225,Explotacion activa
526,2,EHO,poblacional,400.01244047677795,400.01244047677795,True,False,277.48742366282704,0.01020485227240897,277.47721881055463,0.013565421670421074,277.4845788311281,277.4710127281442,1,0,226,Explotacion activa
527,2,EHO,poblacional,400.01244047677795,400.01244047677795,True,False,277.4876188307661,0.009977697561339482,277.47764113320477,0.013516383166177093,277.48459727695985,277.471099780439,2,0,227,Explotacion activa
528,2,EHO,poblacional,400.0124364524864,400.0124364524864,True,False,277.48726123129245,0.010338305863001551,277.47692292542945,0.013446194615335116,277.48462600640704,277.47122792329117,0,0,228,Explotacion activa
529,2,EHO,poblacional,400.012432246904,400.012432246904,True,False,277.4870313594372,0.010551922113450019,277.47647943732375,0.013411354538345676,277.48463879664683,277.4712639333342,0,0,229,Explotacion activa
530,2,EHO,poblacional,400.012428332494,400.012428332494,True,False,277.486901696214,0.010658708692005803,277.47624298752197,0.013367803588323568,277.48468392234406,277.47129123298646,0,0,230,Explotacion activa
531,2,EHO,poblacional,400.0124221760149,400.0124221760149,True,False,277.48669864435095,0.010831950733745543,277.4758666936172,0.013315405741855102,277.4847505275132,277.4713687676225,0,0,231,Explotacion activa
532,2,EHO,poblacional,400.012420419814,400.012420419814,True,False,277.48638843950243,0.011157636789562275,277.4752308027129,0.013249601527303412,277.4848384959045,277.4715806001086,0,0,232,Explotacion activa
533,2,EHO,poblacional,400.0124191660344,400.0124191660344,True,False,277.4861603124607,0.01139482888834209,277.47476548357236,0.013143578565848201,277.48488963860575,277.4717460600399,0,0,233,Explotacion activa
534,2,EHO,poblacional,400.01241808725626,400.01241808725626,True,False,277.485902981531,0.011674358914604,277.4742286226164,0.013064434088903454,277.4849281638679,277.4718695909855,0,0,234,Explotacion activa
535,2,EHO,poblacional,400.0124166941321,400.0124166941321,True,False,277.48583177537927,0.011745092943272084,277.474086682436,0.013030065090617882,277.4849580493645,277.4719475216289,0,0,235,Explotacion activa
536,2,EHO,poblacional,400.0124136508794,400.0124136508794,True,False,277.48549222933644,0.012107351453721549,277.4733848778827,0.013016388942077128,277.4850519469212,277.47202774303713,0,0,236,Explotacion activa
537,2,EHO,poblacional,400.01241218259355,400.01241218259355,True,False,277.4854456314508,0.012160813659306768,277.47328481779147,0.012976895967744895,277.4850935572709,277.4721049388901,0,0,237,Explotacion activa
538,2,EHO,poblacional,400.0124121425667,400.0124121425667,True,False,277.4853922689366,0.012224324476505899,277.4731679444601,0.01292575499587656,277.4851029555638,277.4721772005679,0,0,238,Explotacion activa
539,2,EHO,poblacional,400.0124104661167,400.0124104661167,True,False,277.4851043923089,0.012537388254202142,277.4725670040547,0.012920901754853276,277.4851026358632,277.47223347219307,0,0,239,Explotacion activa
540,2,EHO,poblacional,400.01240835386744,400.01240835386744,True,False,277.4848345881721,0.012829879361049734,277.472004708811,0.012880567376697627,277.4851000011946,277.4722093557823,0,0,240,Explotacion activa
541,2,EHO,poblacional,400.0124030244976,400.0124030244976,True,False,277.4848169619766,0.012813369808611696,277.472003592168,0.012839271583277422,277.4850973665261,277.4721852393715,0,0,241,Explotacion activa
542,2,EHO,poblacional,400.0123996716157,400.0123996716157,True,False,277.4846969920772,0.012918244072523066,277.4717787480047,0.012849282082203217,277.48509526794544,277.47215845795193,0,0,242,Explotacion activa
543,2,EHO,poblacional,400.0123948444417,400.0123948444417,True,False,277.48458230308864,0.013001772545521817,277.4715805305431,0.012872269412309834,277.4850942415407,277.47212634651487,0,0,243,Explotacion activa
544,2,EHO,poblacional,400.01239442144174,400.01239442144174,True,False,277.4845993095655,0.012972796556766752,277.47162651300874,0.01289525674241645,277.485093215136,277.47209423507775,0,0,244,Explotacion activa
545,2,EHO,poblacional,400.01239442144174,400.01239442144174,True,False,277.4842840675827,0.013332256004900955,277.4709518115778,0.012918244072523066,277.48509218873124,277.4720621236406,1,0,245,Explotacion activa
546,2,EHO,poblacional,400.0123897981673,400.0123897981673,True,False,277.48407980224556,0.013534823442057586,277.4705449788035,0.012918625385134419,277.4850519469212,277.47204489919176,0,0,246,Explotacion activa
547,2,EHO,poblacional,400.012387027475,400.012387027475,True,False,277.4838917340274,0.013730142010842883,277.47016159201655,0.012919006697745771,277.48501170511116,277.4720276747429,0,0,247,Explotacion activa
548,2,EHO,poblacional,400.012387027475,400.012387027475,True,False,277.4837582963166,0.01389709578751308,277.46986120052907,0.012919388010357125,277.4849714633012,277.47201045029396,1,0,248,Explotacion activa
549,2,EHO,poblacional,400.012387027475,400.012387027475,True,False,277.4834869935874,0.014230961417354138,277.46925603217005,0.012920901754853276,277.4849495106512,277.47200448548244,2,0,249,Explotacion activa
550,2,EHO,poblacional,400.0123839645833,400.0123839645833,True,False,277.4832986724902,0.014445008427742323,277.46885366406246,0.012922981715291826,277.4849367025812,277.4720041504895,0,0,250,Explotacion activa
551,2,EHO,poblacional,400.0123823242992,400.0123823242992,True,False,277.4832936149729,0.014468001660816299,277.4688256133121,0.012925061675730376,277.4849238945112,277.4720038154966,0,0,251,Explotacion activa
552,2,EHO,poblacional,400.01237689790764,400.01237689790764,True,False,277.48349993768556,0.014213038773220887,277.46928689891234,0.012931083140097143,277.4849089264999,277.47199798511406,0,0,252,Explotacion activa
553,2,EHO,poblacional,400.012370688076,400.012370688076,True,False,277.483340030644,0.01435552072820201,277.4689845099158,0.012944987612320347,277.48488963860575,277.47198116395236,0,0,253,Explotacion activa
554,2,EHO,poblacional,400.0123622373987,400.0123622373987,True,False,277.48301313894063,0.014675971805218069,277.4683371671354,0.012958892084543549,277.4848703507117,277.4719643427906,0,0,254,Explotacion activa
555,2,EHO,poblacional,400.01235905332646,400.01235905332646,True,False,277.4831679405894,0.014500642775715278,277.4686672978137,0.012972796556766752,277.48485106281754,277.4719475216289,0,0,255,Explotacion activa
556,2,EHO,poblacional,400.0123562765223,400.0123562765223,True,False,277.48329982318137,0.014343436505953377,277.4689563866754,0.012981489353393272,277.4848461204239,277.47191412278175,0,0,256,Explotacion activa
557,2,EHO,poblacional,400.0123525454972,400.0123525454972,True,False,277.4829763931239,0.014704913831565136,277.46827147929235,0.012990182150019791,277.48484117803025,277.47188072393453,0,0,257,Explotacion activa
558,2,EHO,poblacional,400.0123369652233,400.0123369652233,True,False,277.4828613690149,0.01474082073724503,277.4681205482777,0.01299887494664631,277.48483623563664,277.47184732508737,0,0,258,Explotacion activa
559,2,EHO,poblacional,400.0123369652233,400.0123369652233,True,False,277.4826316553213,0.015021985580801811,277.4676096697405,0.013003523583529386,277.484831062933,277.4718247033116,1,0,259,Explotacion activa
560,2,EHO,poblacional,400.01233357982034,400.01233357982034,True,False,277.4824802998162,0.015200007206374266,277.4672802926098,0.01300615014054074,277.48482577507434,277.4718074700715,0,0,260,Explotacion activa
561,2,EHO,poblacional,400.01232696600846,400.01232696600846,True,False,277.4825236609467,0.015135883129403283,277.4673877778173,0.013008776697552094,277.4848204872157,277.4717902368314,0,0,261,Explotacion activa
562,2,EHO,poblacional,400.0123204111049,400.0123204111049,True,False,277.48251777387196,0.015137201755862861,277.4673805721161,0.013012481471065485,277.4848078051477,277.4717635245051,0,0,262,Explotacion activa
563,2,EHO,poblacional,400.0123101867296,400.0123101867296,True,False,277.48227559386834,0.01536568457379417,277.46690990929454,0.01301834267758295,277.4847803346608,277.47171785400633,0,0,263,Explotacion activa
564,2,EHO,poblacional,400.0123053303299,400.0123053303299,True,False,277.4826309339775,0.014952760606661286,277.4676781733708,0.013024203884100416,277.48475286417397,277.4716721835075,0,0,264,Explotacion activa
565,2,EHO,poblacional,400.01227743639896,400.01227743639896,True,False,277.4823064050553,0.015105326562263599,277.467201078493,0.013030065090617882,277.48472539368714,277.47162651300874,0,0,265,Explotacion activa
566,2,EHO,poblacional,400.01227743639896,400.01227743639896,True,False,277.48197638787434,0.015482959306325483,277.466493428568,0.013044794661311698,277.48471687320415,277.4716218176738,1,0,266,Explotacion activa
567,2,EHO,poblacional,400.01224885865525,400.01224885865525,True,False,277.48187580512564,0.015387896673360046,277.4664879084523,0.013059524232005515,277.48470835272116,277.4716171223389,0,0,267,Explotacion activa
568,2,EHO,poblacional,400.01224885865525,400.01224885865525,True,False,277.4818557171235,0.015437172351312256,277.4664185447722,0.013074253802699332,277.4846998322382,277.47161242700395,1,0,268,Explotacion activa
569,2,EHO,poblacional,400.0122427532697,400.0122427532697,True,False,277.48210733973485,0.015117658994313388,277.46698968074054,0.013111371112722736,277.48468608386196,277.47160479562245,0,0,269,Explotacion activa
570,2,EHO,poblacional,400.0122427532697,400.0122427532697,True,False,277.48174173310724,0.015531298019936912,277.4662104350873,0.013159682292410935,277.48466972153915,277.4715956962177,1,0,270,Explotacion activa
571,2,EHO,poblacional,400.0122381115023,400.0122381115023,True,False,277.48134572242725,0.015949578812922027,277.4653961436143,0.013207993472099134,277.4846533592163,277.471586596813,0,0,271,Explotacion activa
572,2,EHO,poblacional,400.0122381115023,400.0122381115023,True,False,277.48108206418243,0.01627671478195225,277.4648053494005,0.013249406433192234,277.4846406238239,277.4715533018943,1,0,272,Explotacion activa
573,2,EHO,poblacional,400.0122342537437,400.0122342537437,True,False,277.48083185575865,0.016561578679329614,277.4642702770793,0.013277022957095142,277.4846351422926,277.4714716159479,0,0,273,Explotacion activa
574,2,EHO,poblacional,400.01223359273763,400.01223359273763,True,False,277.48107223983436,0.016324145966564174,277.4647480938678,0.013304639480998049,277.48462966076124,277.47138993000146,0,0,274,Explotacion activa
575,2,EHO,poblacional,400.01222310416193,400.01222310416193,True,False,277.48132653665584,0.01597257888141712,277.4653539577744,0.013332256004900955,277.4846241792299,277.471308244055,0,0,275,Explotacion activa
576,2,EHO,poblacional,400.01220976674267,400.01220976674267,True,False,277.48087453179886,0.016397104831128217,277.46447742696773,0.013332841287234488,277.4846167183306,277.4712980374139,0,0,276,Explotacion activa
577,2,EHO,poblacional,400.01219919211565,400.01219919211565,True,False,277.48057633518823,0.016688460701061558,277.46388787448717,0.013333426569568018,277.48460925743126,277.4712878307728,0,0,277,Explotacion activa
578,2,EHO,poblacional,400.01219899161595,400.01219899161595,True,False,277.4804618253022,0.01686946693723712,277.46359235836496,0.01333401185190155,277.48460179653193,277.47127762413163,0,0,278,Explotacion activa
579,2,EHO,poblacional,400.0121938021528,400.0121938021528,True,False,277.48078582923563,0.016567702641395954,277.46421812659423,0.013347645602937063,277.48459590827014,277.4712639333342,0,0,279,Explotacion activa
580,2,EHO,poblacional,400.012193377417,400.012193377417,True,False,277.4806892109078,0.0167684223630431,277.4639207885448,0.013367803588323568,277.4845908063271,277.4712485004586,0,0,280,Explotacion activa
581,2,EHO,poblacional,400.0121906797555,400.0121906797555,True,False,277.48077457136094,0.01674077276868502,277.46403379859225,0.013387961573710071,277.484585704384,277.471233067583,0,0,281,Explotacion activa
582,2,EHO,poblacional,400.0121906797555,400.0121906797555,True,False,277.4804995991502,0.017160234543325714,277.4633393646069,0.013406377384490043,277.4845820069911,277.4712022792392,1,0,282,Explotacion activa
583,2,EHO,poblacional,400.0121885756906,400.0121885756906,True,False,277.4808273905646,0.016922524016081297,277.46390486654855,0.013421308846056945,277.48458111869843,277.47114077995906,0,0,283,Explotacion activa
584,2,EHO,poblacional,400.0121813909279,400.0121813909279,True,False,277.48114716048144,0.016646934801315183,277.4645002256801,0.013436240307623847,277.4845802304058,277.4710792806789,0,0,284,Explotacion activa
585,2,EHO,poblacional,400.01218030387287,400.01218030387287,True,False,277.48146755450944,0.016399180006317238,277.4650683745031,0.01345117176919075,277.48457934211314,277.47101778139876,0,0,285,Explotacion activa
586,2,EHO,poblacional,400.012166813497,400.012166813497,True,False,277.4829455663859,0.014732618277150777,277.46821294810877,0.013476267271050802,277.4845788311281,277.4710127281442,0,0,286,Explotacion activa
587,2,EHO,poblacional,400.0121609194901,400.0121609194901,True,False,277.4828701839493,0.014874645541738118,277.46799553840754,0.013501362772910851,277.484578320143,277.47100767488973,0,0,287,Explotacion activa
588,2,EHO,poblacional,400.0121609194901,400.0121609194901,True,False,277.4827058125234,0.015157486585678726,277.46754832593774,0.013526458274770902,277.48457780915794,277.4710026216352,1,0,288,Explotacion activa
589,2,EHO,poblacional,400.01215754158295,400.01215754158295,True,False,277.4832844095342,0.014590613779830619,277.46869379575435,0.013539830239813,277.4845189245802,277.47099111208917,0,0,289,Explotacion activa
590,2,EHO,poblacional,400.01213841812864,400.01213841812864,True,False,277.48419605626606,0.013511357078527908,277.47068469918753,0.013523090260292747,277.48443085320616,277.4709763743974,0,0,290,Explotacion activa
591,2,EHO,poblacional,400.0121374048467,400.0121374048467,True,False,277.4843282969931,0.013457200981463302,277.47087109601165,0.013500525859114987,277.4843781653604,277.4709616367056,0,0,291,Explotacion activa
592,2,EHO,poblacional,400.01213350962405,400.01213350962405,True,False,277.48406596769274,0.013836072547633194,277.4702298951451,0.013513703714880875,277.48432387405205,277.47094374002114,0,0,292,Explotacion activa
593,2,EHO,poblacional,400.0121179759633,400.0121179759633,True,False,277.4841700219531,0.013703902447218752,277.4704661195059,0.013520743623939778,277.4843106052289,277.47091952535135,0,0,293,Explotacion activa
594,2,EHO,poblacional,400.01209737595906,400.01209737595906,True,False,277.48499867942564,0.012690210636321808,277.4723084687893,0.013495110249408526,277.48440309954407,277.4709665492695,0,0,294,Explotacion activa
595,2,EHO,poblacional,400.01209469937146,400.01209469937146,True,False,277.4846881422165,0.013081915770214891,277.4716062264463,0.013457200981463302,277.4845776388296,277.471000937217,0,0,295,Explotacion activa
596,2,EHO,poblacional,400.01209469937146,400.01209469937146,True,False,277.485130346886,0.012649081585152544,277.47248126530087,0.013452980532872517,277.4845788311281,277.4710127281442,1,0,296,Explotacion activa
597,2,EHO,poblacional,400.0120762789477,400.0120762789477,True,False,277.48531452672336,0.012345828971319861,277.47296869775204,0.013431263153768214,277.48458052650335,277.471099780439,0,0,297,Explotacion activa
598,2,EHO,poblacional,400.0120762068833,400.0120762068833,True,False,277.4861042186691,0.011494422135058358,277.474609796534,0.013394680902172239,277.4845840037363,277.47122792329117,0,0,298,Explotacion activa
599,2,EHO,poblacional,400.0120743310285,400.0120743310285,True,False,277.48636931586174,0.011193176244944425,277.4751761396168,0.013347645602937065,277.48459590827014,277.4712639333342,0,0,299,Explotacion activa
600,2,EHO,poblacional,400.01206093140644,400.01206093140644,True,False,277.48593859462295,0.011572721616460058,277.4743658730065,0.013333231475456842,277.48461174439774,277.47129123298646,0,0,300,Explotacion activa
601,3,WOA,poblacional,400.01206093140644,400.01206093140644,False,False,,,,,,,0,0,1,Llenando ventana
602,3,WOA,poblacional,400.01206093140644,400.01206093140644,False,False,,,,,,,1,0,2,Llenando ventana
603,3,WOA,poblacional,400.01206093140644,400.01206093140644,False,False,,,,,,,2,0,3,Llenando ventana
604,3,WOA,poblacional,400.01206093140644,400.01206093140644,False,False,,,,,,,3,0,4,Llenando ventana
605,3,WOA,poblacional,400.01206093140644,400.01206093140644,False,False,,,,,,,4,0,5,Llenando ventana
606,3,WOA,poblacional,400.01206093140644,400.01206093140644,False,False,,,,,,,5,0,6,Llenando ventana
607,3,WOA,poblacional,400.01206093140644,400.01206093140644,False,False,,,,,,,6,0,7,Llenando ventana
608,3,WOA,poblacional,400.01206093140644,400.01206093140644,False,False,,,,,,,7,0,8,Llenando ventana
609,3,WOA,poblacional,400.01206093140644,400.01206093140644,False,False,,,,,,,8,0,9,Llenando ventana
610,3,WOA,poblacional,400.0120608999206,400.0120608999206,False,False,,,,,,,0,0,10,Llenando ventana
611,3,WOA,poblacional,400.0120608999206,400.0120608999206,False,False,,,,,,,1,0,11,Llenando ventana
612,3,WOA,poblacional,400.0120608999206,400.0120608999206,False,False,,,,,,,2,0,12,Llenando ventana
613,3,WOA,poblacional,400.0120608999206,400.0120608999206,False,False,,,,,,,3,0,13,Llenando ventana
614,3,WOA,poblacional,400.0120608999206,400.0120608999206,False,False,,,,,,,4,0,14,Llenando ventana
615,3,WOA,poblacional,400.01205958387703,400.01205958387703,False,False,,,,,,,0,0,15,Llenando ventana
616,3,WOA,poblacional,400.01205865231947,400.01205865231947,False,False,,,,,,,0,0,16,Llenando ventana
617,3,WOA,poblacional,400.0120582241161,400.0120582241161,False,False,,,,,,,0,0,17,Llenando ventana
618,3,WOA,poblacional,400.01205799782156,400.01205799782156,False,False,,,,,,,0,0,18,Llenando ventana
619,3,WOA,poblacional,400.0120566841449,400.0120566841449,False,False,,,,,,,0,0,19,Llenando ventana
620,3,WOA,poblacional,400.0120561835841,400.0120561835841,False,False,,,,,,,0,0,20,Llenando ventana
621,3,WOA,poblacional,400.0120541673764,400.0120541673764,False,False,,,,,,,0,0,21,Llenando ventana
622,3,WOA,poblacional,400.01205389001535,400.01205389001535,False,False,,,,,,,0,0,22,Llenando ventana
623,3,WOA,poblacional,400.0120529086284,400.0120529086284,False,False,,,,,,,0,0,23,Llenando ventana
624,3,WOA,poblacional,400.01205273105757,400.01205273105757,False,False,,,,,,,0,0,24,Llenando ventana
625,3,WOA,poblacional,400.0120526831107,400.0120526831107,False,False,,,,,,,0,0,25,Llenando ventana
626,3,WOA,poblacional,400.0120525274395,400.0120525274395,False,False,,,,,,,0,0,26,Llenando ventana
627,3,WOA,poblacional,400.0120524045832,400.0120524045832,False,False,,,,,,,0,0,27,Llenando ventana
628,3,WOA,poblacional,400.012052374093,400.012052374093,False,False,,,,,,,0,0,28,Llenando ventana
629,3,WOA,poblacional,400.01205203559493,400.01205203559493,False,False,,,,,,,0,0,29,Llenando ventana
630,3,WOA,poblacional,400.01205186518604,400.01205186518604,False,False,,,,,,,0,0,30,Llenando ventana
631,3,WOA,poblacional,400.012050409731,400.012050409731,False,False,,,,,,,0,0,31,Llenando ventana
632,3,WOA,poblacional,400.0120503518713,400.0120503518713,False,False,,,,,,,0,0,32,Llenando ventana
633,3,WOA,poblacional,400.0120502105897,400.0120502105897,False,False,,,,,,,0,0,33,Llenando ventana
634,3,WOA,poblacional,400.0120501624631,400.0120501624631,False,False,,,,,,,0,0,34,Llenando ventana
635,3,WOA,poblacional,400.0120496929774,400.0120496929774,False,False,,,,,,,0,0,35,Llenando ventana
636,3,WOA,poblacional,400.0120492184168,400.0120492184168,False,False,,,,,,,0,0,36,Llenando ventana
637,3,WOA,poblacional,400.0120491857379,400.0120491857379,False,False,,,,,,,0,0,37,Llenando ventana
638,3,WOA,poblacional,400.0120490507221,400.0120490507221,False,False,,,,,,,0,0,38,Llenando ventana
639,3,WOA,poblacional,400.0120489871057,400.0120489871057,False,False,,,,,,,0,0,39,Llenando ventana
640,3,WOA,poblacional,400.0120482327644,400.0120482327644,False,False,,,,,,,0,0,40,Llenando ventana
641,3,WOA,poblacional,400.01204616782275,400.01204616782275,False,False,,,,,,,0,0,41,Llenando ventana
642,3,WOA,poblacional,400.01204517481926,400.01204517481926,False,False,,,,,,,0,0,42,Llenando ventana
643,3,WOA,poblacional,400.0120446377939,400.0120446377939,False,False,,,,,,,0,0,43,Llenando ventana
644,3,WOA,poblacional,400.0120446038052,400.0120446038052,False,False,,,,,,,0,0,44,Llenando ventana
645,3,WOA,poblacional,400.012044412999,400.012044412999,False,False,,,,,,,0,0,45,Llenando ventana
646,3,WOA,poblacional,400.01204390040266,400.01204390040266,False,False,,,,,,,0,0,46,Llenando ventana
647,3,WOA,poblacional,400.01204376518217,400.01204376518217,False,False,,,,,,,0,0,47,Llenando ventana
648,3,WOA,poblacional,400.0120437433278,400.0120437433278,False,False,,,,,,,0,0,48,Llenando ventana
649,3,WOA,poblacional,400.0120435879931,400.0120435879931,False,False,,,,,,,0,0,49,Llenando ventana
650,3,WOA,poblacional,400.01204337990805,400.01204337990805,False,False,,,,,,,0,0,50,Llenando ventana
651,3,WOA,poblacional,400.012043299336,400.012043299336,False,False,,,,,,,0,0,51,Llenando ventana
652,3,WOA,poblacional,400.0120432532605,400.0120432532605,False,False,,,,,,,0,0,52,Llenando ventana
653,3,WOA,poblacional,400.01204306877685,400.01204306877685,False,False,,,,,,,0,0,53,Llenando ventana
654,3,WOA,poblacional,400.01204286371046,400.01204286371046,False,False,,,,,,,0,0,54,Llenando ventana
655,3,WOA,poblacional,400.0120425699941,400.0120425699941,False,False,,,,,,,0,0,55,Llenando ventana
656,3,WOA,poblacional,400.0120423277546,400.0120423277546,False,False,,,,,,,0,0,56,Llenando ventana
657,3,WOA,poblacional,400.01204032314814,400.01204032314814,False,False,,,,,,,0,0,57,Llenando ventana
658,3,WOA,poblacional,400.0120400466687,400.0120400466687,False,False,,,,,,,0,0,58,Llenando ventana
659,3,WOA,poblacional,400.0120399713038,400.0120399713038,False,False,,,,,,,0,0,59,Llenando ventana
660,3,WOA,poblacional,400.01203835947535,400.01203835947535,False,False,,,,,,,0,0,60,Llenando ventana
661,3,WOA,poblacional,400.01203744428864,400.01203744428864,False,False,,,,,,,0,0,61,Llenando ventana
662,3,WOA,poblacional,400.0120369655848,400.0120369655848,False,False,,,,,,,0,0,62,Llenando ventana
663,3,WOA,poblacional,400.01203660403615,400.01203660403615,False,False,,,,,,,0,0,63,Llenando ventana
664,3,WOA,poblacional,400.01203655876304,400.01203655876304,False,False,,,,,,,0,0,64,Llenando ventana
665,3,WOA,poblacional,400.01203652104573,400.01203652104573,False,False,,,,,,,0,0,65,Llenando ventana
666,3,WOA,poblacional,400.01203645010514,400.01203645010514,False,False,,,,,,,0,0,66,Llenando ventana
667,3,WOA,poblacional,400.0120361409876,400.0120361409876,False,False,,,,,,,0,0,67,Llenando ventana
668,3,WOA,poblacional,400.0120350850223,400.0120350850223,False,False,,,,,,,0,0,68,Llenando ventana
669,3,WOA,poblacional,400.01203392850664,400.01203392850664,False,False,,,,,,,0,0,69,Llenando ventana
670,3,WOA,poblacional,400.012031509267,400.012031509267,False,False,,,,,,,0,0,70,Llenando ventana
671,3,WOA,poblacional,400.012030818436,400.012030818436,False,False,,,,,,,0,0,71,Llenando ventana
672,3,WOA,poblacional,400.01203027625405,400.01203027625405,False,False,,,,,,,0,0,72,Llenando ventana
673,3,WOA,poblacional,400.0120297740291,400.0120297740291,False,False,,,,,,,0,0,73,Llenando ventana
674,3,WOA,poblacional,400.0120296316385,400.0120296316385,False,False,,,,,,,0,0,74,Llenando ventana
675,3,WOA,poblacional,400.01202946100454,400.01202946100454,True,False,277.4987997757441,0.0009799314426572892,277.49781984430143,7.5,37.5,22.5,0,0,75,Explotacion activa
676,3,WOA,poblacional,400.0120289717879,400.0120289717879,True,False,277.49876439160914,0.0010118910611822685,277.49775250054796,7.5,37.5,22.5,0,0,76,Explotacion activa
677,3,WOA,poblacional,400.01202872183916,400.01202872183916,True,False,277.4987304953723,0.0010441006284622745,277.4976863947438,7.5,37.5,22.5,0,0,77,Explotacion activa
678,3,WOA,poblacional,400.012028013421,400.012028013421,True,False,277.49869268143146,0.0010770186138984172,277.49761566281757,7.5,37.5,22.5,0,0,78,Explotacion activa
679,3,WOA,poblacional,400.0120275099823,400.0120275099823,True,False,277.49865579890826,0.0011104400380190782,277.49754535887024,7.5,37.5,22.5,0,0,79,Explotacion activa
680,3,WOA,poblacional,400.01202714143136,400.01202714143136,True,False,277.4986194920482,0.0011442300130966032,277.4974752620351,7.5,37.5,22.5,0,0,80,Explotacion activa
681,3,WOA,poblacional,400.01202714143136,400.01202714143136,True,False,277.4985857650448,0.0011780199881741282,277.49740774505665,7.5,37.5,22.5,1,0,81,Explotacion activa
682,3,WOA,poblacional,400.01202572072225,400.01202572072225,True,False,277.49854330445567,0.0012132306723628972,277.4973300737833,7.5,37.5,22.5,0,0,82,Explotacion activa
683,3,WOA,poblacional,400.01202515594275,400.01202515594275,True,False,277.49850813370944,0.001249006136049502,277.4972591275734,7.5,37.5,22.5,0,0,83,Explotacion activa
684,3,WOA,poblacional,400.01202453539787,400.01202453539787,True,False,277.4984748865337,0.0012830407055730575,277.4971918458281,0.0010671432182675744,277.49870402561373,277.49763688239545,0,0,84,Explotacion activa
685,3,WOA,poblacional,400.0120242414892,400.0120242414892,True,False,277.4984419749397,0.0013196991369568423,277.4971222758027,0.0010770186138984172,277.49869268143146,277.49761566281757,0,0,85,Explotacion activa
686,3,WOA,poblacional,400.0120238938716,400.0120238938716,True,False,277.49841096711907,0.0013567051859126877,277.49705426193316,0.0010870450411346155,277.4986816166745,277.4975945716334,0,0,86,Explotacion activa
687,3,WOA,poblacional,400.0120236235983,400.0120236235983,True,False,277.4983812315563,0.0013939815082153473,277.4969872500481,0.0010970714683708137,277.49867055191754,277.49757348044915,0,0,87,Explotacion activa
688,3,WOA,poblacional,400.01202353324584,400.01202353324584,True,False,277.49835669750286,0.0014313481829617558,277.4969253493199,0.0011070978956070122,277.4986594871606,277.49755238926497,0,0,88,Explotacion activa
689,3,WOA,poblacional,400.01202329056935,400.01202329056935,True,False,277.49841826810103,0.0013702542678402096,277.4970480138332,0.0011171980330345831,277.49864853753627,277.4975313395032,0,0,89,Explotacion activa
690,3,WOA,poblacional,400.01202307223963,400.01202307223963,True,False,277.4984550614522,0.0013368990878461773,277.49711816236436,0.0011273350255578407,277.4986376454782,277.49751031045264,0,0,90,Explotacion activa
691,3,WOA,poblacional,400.012022912384,400.012022912384,True,False,277.49845830647223,0.0013405237720576224,277.4971177827002,0.0011374720180810983,277.4986267534202,277.4974892814021,0,0,91,Explotacion activa
692,3,WOA,poblacional,400.0120228341843,400.0120228341843,True,False,277.49844838659413,0.001358941611897535,277.49708944498224,0.0011476090106043557,277.49861611934784,277.4974685103372,0,0,92,Explotacion activa
693,3,WOA,poblacional,400.0120227373491,400.0120227373491,True,False,277.49851009169856,0.001295676335701046,277.49721441536286,0.0011577460031276133,277.49860600124686,277.49744825524374,0,0,93,Explotacion activa
694,3,WOA,poblacional,400.0120226069868,400.0120226069868,True,False,277.4985166981416,0.0012922114325988332,277.497224486709,0.0011678829956508706,277.4985958831458,277.4974280001502,0,0,94,Explotacion activa
695,3,WOA,poblacional,400.0120224247452,400.0120224247452,True,False,277.4986223523021,0.0011747546938067899,277.4974475976083,0.0011747546938067899,277.4986194920482,277.4974475976083,0,0,95,Explotacion activa
696,3,WOA,poblacional,400.012022357251,400.012022357251,True,False,277.4986126391086,0.001185762741272356,277.49742687636734,0.0011757342821169913,277.49861743616634,277.497441381236,0,0,96,Explotacion activa
697,3,WOA,poblacional,400.0120223449962,400.0120223449962,True,False,277.4986498295038,0.0011437037383643656,277.4975061257654,0.0011625448215227153,277.4986206361498,277.497458663379,0,0,97,Explotacion activa
698,3,WOA,poblacional,400.01202223546244,400.01202223546244,True,False,277.4986351070709,0.0011610590923964992,277.4974740479785,0.0011593761844665095,277.498623627779,277.4974741693842,0,0,98,Explotacion activa
699,3,WOA,poblacional,400.0120221632044,400.0120221632044,True,False,277.49861195627636,0.001188030931416506,277.49742392534495,0.0011637982126785572,277.4986217802513,277.49746875790447,0,0,99,Explotacion activa
700,3,WOA,poblacional,400.01202214214356,400.01202214214356,True,False,277.49859648722577,0.0012068965573348578,277.49738959066843,0.0011679068931016445,277.4986209221752,277.4974608227934,0,0,100,Explotacion activa
701,3,WOA,poblacional,400.01202207861365,400.01202207861365,True,False,277.4985784321596,0.001228131160189605,277.4973503009994,0.0011720155735247318,277.498620064099,277.49745288768236,0,0,101,Explotacion activa
702,3,WOA,poblacional,400.0120220393941,400.0120220393941,True,False,277.4985552279972,0.0012562095854491417,277.49729901841175,0.0011750812232435236,277.4986188067542,277.4974455254842,0,0,102,Explotacion activa
703,3,WOA,poblacional,400.0120220364526,400.0120220364526,True,False,277.4985535219914,0.001261159870693973,277.49729236212073,0.0011760608115537253,277.4986167508724,277.49743930911194,0,0,103,Explotacion activa
704,3,WOA,poblacional,400.01202187316056,400.01202187316056,True,False,277.49853916321393,0.0012785416378733316,277.49726062157606,0.0011770403998639268,277.49861469499047,277.49743309273964,0,0,104,Explotacion activa
705,3,WOA,poblacional,400.01202169550277,400.01202169550277,True,False,277.4986094388872,0.0011995521924745844,277.4974098866947,0.0011780199881741282,277.4986126391086,277.49742687636734,0,0,105,Explotacion activa
706,3,WOA,poblacional,400.01202168682914,400.01202168682914,True,False,277.4985873192585,0.001223935619407257,277.4973633836391,0.0011803428141035966,277.4986124342589,277.4974259910606,0,0,106,Explotacion activa
707,3,WOA,poblacional,400.01202168610956,400.01202168610956,True,False,277.4985722112621,0.001242005257722667,277.4973302060044,0.0011826656400330648,277.4986122294093,277.4974251057539,0,0,107,Explotacion activa
708,3,WOA,poblacional,400.01202166648744,400.01202166648744,True,False,277.4985547916941,0.0012669398653883945,277.49728785182873,0.0011849884659625332,277.4986120245596,277.49742422044716,0,0,108,Explotacion activa
709,3,WOA,poblacional,400.0120216424238,400.0120216424238,True,False,277.4985670645503,0.0012602484804915548,277.4973068160698,0.0011862163793011859,277.4986114527985,277.4974211176149,0,0,109,Explotacion activa
710,3,WOA,poblacional,400.0120216331705,400.0120216331705,True,False,277.4985803713392,0.0012527162397191205,277.49732765509947,0.001186896836344431,277.49861069758174,277.4974169060198,0,0,110,Explotacion activa
711,3,WOA,poblacional,400.01202163243596,400.01202163243596,True,False,277.4985641662462,0.0012778513042803752,277.4972863149419,0.0011875772933876761,277.498609942365,277.4974126944247,0,0,111,Explotacion activa
712,3,WOA,poblacional,400.0120216277013,400.0120216277013,True,False,277.49855503158733,0.001295283156196092,277.49725974843113,0.0011891830575223139,277.498608143721,277.49740967253086,0,0,112,Explotacion activa
713,3,WOA,poblacional,400.01202162288286,400.01202162288286,True,False,277.49854206934197,0.0013179397635099122,277.49722412957846,0.0011926394358397375,277.4986042582226,277.4974090300395,0,0,113,Explotacion activa
714,3,WOA,poblacional,400.012021622288,400.012021622288,True,False,277.4985749307312,0.0012887289857985706,277.4972862017454,0.0011960958141571608,277.4986003727242,277.49740838754803,0,0,114,Explotacion activa
715,3,WOA,poblacional,400.01202161616067,400.01202161616067,True,False,277.4986935362595,0.0011604749644220647,277.4975330612951,0.001188030931416506,277.4986094388872,277.4974098866947,0,0,115,Explotacion activa
716,3,WOA,poblacional,400.0120216133204,400.0120216133204,True,False,277.4987396597646,0.0011105542055815931,277.49762910555904,0.001186443198315601,277.4986112010596,277.4974197137499,0,0,116,Explotacion activa
717,3,WOA,poblacional,400.01202160247885,400.01202160247885,True,False,277.4987550450292,0.0010938496441781353,277.49766119538504,0.0011826656400330648,277.4986122294093,277.4974251057539,0,0,117,Explotacion activa
718,3,WOA,poblacional,400.01202158562796,400.01202158562796,True,False,277.49873679507874,0.0011143526556338657,277.4976224424231,0.0011776934587373945,277.4986133244026,277.49742894849146,0,0,118,Explotacion activa
719,3,WOA,poblacional,400.01202157548727,400.01202157548727,True,False,277.49872899007386,0.0011230705092657445,277.4976059195646,0.0011754077526802576,277.49861812146025,277.4974434533601,0,0,119,Explotacion activa
720,3,WOA,poblacional,400.01202154485543,400.01202154485543,True,False,277.4987424273095,0.001107493928088843,277.4976349333814,0.0011679068931016445,277.4986209221751,277.4974608227934,0,0,120,Explotacion activa
721,3,WOA,poblacional,400.0120215349541,400.0120215349541,True,False,277.4987309904883,0.0011197178399697805,277.4976112726483,0.0011609422668016124,277.49862490325586,277.49747429078985,0,0,121,Explotacion activa
722,3,WOA,poblacional,400.01202150521016,400.01202150521016,True,False,277.4987123550727,0.0011403387348423166,277.49757201633787,0.001160533377219508,277.498633831594,277.49747514062943,0,0,122,Explotacion activa
723,3,WOA,poblacional,400.0120214627805,400.0120214627805,True,False,277.4987028607548,0.0011509691793776256,277.4975518915754,0.001154771493395401,277.49864394053066,277.4974937802733,0,0,123,Explotacion activa
724,3,WOA,poblacional,400.0120214484753,400.0120214484753,True,False,277.49870088440406,0.001157502318051229,277.497543382086,0.001155542376449148,277.4986516203251,277.49751420642434,0,0,124,Explotacion activa
725,3,WOA,poblacional,400.0120214216284,400.0120214216284,True,False,277.49869072242814,0.001173417696065826,277.49751730473207,0.001157502318051229,277.49865579890826,277.49751730473207,0,0,125,Explotacion activa
726,3,WOA,poblacional,400.0120213634655,400.0120213634655,True,False,277.49867807646586,0.0011918979030838273,277.4974861785628,0.0011583941119624797,277.4986713931986,277.4975139510421,0,0,126,Explotacion activa
727,3,WOA,poblacional,400.0120213272554,400.0120213272554,True,False,277.49867786048236,0.001199987633128785,277.49747787284923,0.0011592859058737303,277.4986779468758,277.49751059735206,0,0,127,Explotacion activa
728,3,WOA,poblacional,400.01202125025736,400.01202125025736,True,False,277.4986802863344,0.0012064261737236848,277.49747386016065,0.0011601776997849811,277.4986782974527,277.4975072436621,0,0,128,Explotacion activa
729,3,WOA,poblacional,400.0120210350973,400.0120210350973,True,False,277.49868813313236,0.0012062260592529128,277.4974819070731,0.0011605917900169515,277.49867984436065,277.4975021363249,0,0,129,Explotacion activa
730,3,WOA,poblacional,400.01202091396436,400.01202091396436,True,False,277.4986935488937,0.0012097141279809875,277.4974838347657,0.001160767028409282,277.49868420973337,277.4974961521641,0,0,130,Explotacion activa
731,3,WOA,poblacional,400.01202087654605,400.01202087654605,True,False,277.4988156777672,0.0010808198511540468,277.49773485791604,0.0011598804351478976,277.49868865099154,277.49750836155874,0,0,131,Explotacion activa
732,3,WOA,poblacional,400.0120208605791,400.0120208605791,True,False,277.4988219552786,0.0010795464610851013,277.4977424088175,0.0011577995826883125,277.4986904634986,277.4975161868354,0,0,132,Explotacion activa
733,3,WOA,poblacional,400.01202085145667,400.01202085145667,True,False,277.49881486341854,0.0010930893070622005,277.4977217741115,0.001153582434847067,277.49869189783016,277.4975267586699,0,0,133,Explotacion activa
734,3,WOA,poblacional,400.0120208401045,400.0120208401045,True,False,277.4989096940645,0.0009913333724398399,277.49791836069204,0.001148947429493319,277.49869293787987,277.49753615753235,0,0,134,Explotacion activa
735,3,WOA,poblacional,400.01202081429767,400.01202081429767,True,False,277.49895891946824,0.0009402395463098401,277.4980186799219,0.0011442300130966032,277.4986935362595,277.497543382086,0,0,135,Explotacion activa
736,3,WOA,poblacional,400.01202077707177,400.01202077707177,True,False,277.49898061768744,0.0009210039752360899,277.4980596137122,0.001143861620784037,277.49869354510344,277.49754476583496,0,0,136,Explotacion activa
737,3,WOA,poblacional,400.0120207517223,400.0120207517223,True,False,277.49899900122455,0.0009101016894987879,277.49808889953505,0.001142357736955546,277.49869648309783,277.4975479719523,0,0,137,Explotacion activa
738,3,WOA,poblacional,400.01202073849794,400.01202073849794,True,False,277.4989976023416,0.0009225717443541726,277.49807503059725,0.0011386119122846594,277.49870108203913,277.49755390405164,0,0,138,Explotacion activa
739,3,WOA,poblacional,400.01202073407245,400.01202073407245,True,False,277.4989968010333,0.0009355676364179999,277.49806123339687,0.001126524154381059,277.49870246548466,277.4975679913854,0,0,139,Explotacion activa
740,3,WOA,poblacional,400.0120206689317,400.0120206689317,True,False,277.4989986690461,0.0009460992064305174,277.4980525698397,0.0011213941746177625,277.49870760791373,277.49758896795123,0,0,140,Explotacion activa
741,3,WOA,poblacional,400.01202060857946,400.01202060857946,True,False,277.4990164437446,0.0009387569177761179,277.49807768682683,0.0011186448031025975,277.49871568207294,277.49760699018134,0,0,141,Explotacion activa
742,3,WOA,poblacional,400.0120206053154,400.0120206053154,True,False,277.49908393889984,0.0008750951925549089,277.4982088437073,0.001114889174067457,277.4987273265737,277.4976107373399,0,0,142,Explotacion activa
743,3,WOA,poblacional,400.0120205625369,400.0120205625369,True,False,277.49915767346874,0.0008028790019807275,277.49835479446676,0.0011120735856025021,277.4987298932529,277.49761390674985,0,0,143,Explotacion activa
744,3,WOA,poblacional,400.01202052714945,400.01202052714945,True,False,277.4993141075511,0.0006348373854621059,277.4986792701656,0.0011105199553128387,277.4987306439071,277.49761769669925,0,0,144,Explotacion activa
745,3,WOA,poblacional,400.0120205117108,400.0120205117108,True,False,277.49935558846033,0.0005940226187135522,277.4987615658416,0.0011104400380190782,277.4987309904883,277.4976224424231,0,0,145,Explotacion activa
746,3,WOA,poblacional,400.01202047028926,400.01202047028926,True,False,277.49938735128006,0.0005637071180899511,277.498823644162,0.0011083777610679136,277.4987350537016,277.49762710661827,0,0,146,Explotacion activa
747,3,WOA,poblacional,400.0120204339841,400.0120204339841,True,False,277.49941667136704,0.0005358825157486535,277.4988807888513,0.0011020362145245598,277.4987379409531,277.497631436688,0,0,147,Explotacion activa
748,3,WOA,poblacional,400.0120203205232,400.0120203205232,True,False,277.4994210866103,0.0005346567263018187,277.498886429884,0.0010937736104665418,277.4987399365191,277.49763755958173,0,0,148,Explotacion activa
749,3,WOA,poblacional,400.01202029488053,400.01202029488053,True,False,277.49943065402596,0.0005311959388336618,277.4988994580871,0.0010932413744853876,277.4987418738005,277.4976559429843,0,0,149,Explotacion activa
750,3,WOA,poblacional,400.01202020373734,400.01202020373734,True,False,277.4994616571777,0.000503761958668747,277.498957895219,0.0010869545791081237,277.4987487361693,277.49767379506443,0,0,150,Explotacion activa
751,3,WOA,poblacional,400.0120201928939,400.0120201928939,True,False,277.4994781717774,0.0004937946960694717,277.49898437708134,0.0010805651731402577,277.4987569143452,277.4976934706174,0,0,151,Explotacion activa
752,3,WOA,poblacional,400.0120201829896,400.0120201829896,True,False,277.4995252798961,0.00044920218391553135,277.4990760777122,0.0010796738000919959,277.49876345695117,277.4977182361747,0,0,152,Explotacion activa
753,3,WOA,poblacional,400.012020164167,400.012020164167,True,False,277.49955876493567,0.0004192935365949779,277.4991394713991,0.001078029752773091,277.4987856220901,277.4977296243942,0,0,153,Explotacion activa
754,3,WOA,poblacional,400.01202007850026,400.01202007850026,True,False,277.49958283091775,0.00039908369689101164,277.49918374722085,0.0010671432182675744,277.49880430204644,277.4977371231865,0,0,154,Explotacion activa
755,3,WOA,poblacional,400.0120200129686,400.0120200129686,True,False,277.4995823721962,0.00040621215964620205,277.49917616003654,0.0010441006284622745,277.49881486341854,277.4977424088175,0,0,155,Explotacion activa
756,3,WOA,poblacional,400.0120199834002,400.0120199834002,True,False,277.4996765636198,0.0003068170074698173,277.49936974661233,0.0010215539313662703,277.4988154334626,277.4977494730288,0,0,156,Explotacion activa
757,3,WOA,poblacional,400.01201986684515,400.01201986684515,True,False,277.4997124662695,0.00027031242223074514,277.49944215384727,0.001003667985685297,277.49881818877174,277.49777943804935,0,0,157,Explotacion activa
758,3,WOA,poblacional,400.01201976440865,400.01201976440865,True,False,277.49975180075955,0.00022916309023912618,277.4995226376693,0.0009901931794615848,277.49883072915713,277.4978296959405,0,0,158,Explotacion activa
759,3,WOA,poblacional,400.0120196247255,400.0120196247255,True,False,277.4997687127045,0.0002120306123742921,277.49955668209213,0.0009822118286137993,277.4988921463073,277.49789865741394,0,0,159,Explotacion activa
760,3,WOA,poblacional,400.0120190700318,400.0120190700318,True,False,277.499785609431,0.00019113075188670337,277.4995944786791,0.0009630153245439033,277.49893430676633,277.497968520307,0,0,160,Explotacion activa
761,3,WOA,poblacional,400.0120187637023,400.0120187637023,True,False,277.4997987467659,0.00017599042018900946,277.49962275634573,0.0009449272744063819,277.4989632591121,277.4980254579055,0,0,161,Explotacion activa
762,3,WOA,poblacional,400.0120183791792,400.0120183791792,True,False,277.4997991716525,0.00017445840597929418,277.49962471324653,0.0009408255123219078,277.4989784478655,277.4980491808479,0,0,162,Explotacion activa
763,3,WOA,poblacional,400.0120182631429,400.0120182631429,True,False,277.49981145793373,0.00016152777197930845,277.49964993016175,0.0009393499691896067,277.49899032769497,277.4980567961632,0,0,163,Explotacion activa
764,3,WOA,poblacional,400.0120181389927,400.0120181389927,True,False,277.4998217382131,0.00015030461986498267,277.4996714335932,0.0009378001333686826,277.49899704142575,277.4980600996176,0,0,164,Explotacion activa
765,3,WOA,poblacional,400.01201795683085,400.01201795683085,True,False,277.49982757169744,0.00014343085632617658,277.4996841408411,0.0009355676364179999,277.4989976023416,277.49806123339687,0,0,165,Explotacion activa
766,3,WOA,poblacional,400.0120178613951,400.0120178613951,True,False,277.49982851219914,0.00014261686629879478,277.49968589533285,0.0009264705119733207,277.49899834903476,277.4980708914371,0,0,166,Explotacion activa
767,3,WOA,poblacional,400.0120177504427,400.0120177504427,True,False,277.4998304269919,0.0001404379715381765,277.49968998902034,0.0009219446367069395,277.4989988019175,277.4980760930891,0,0,167,Explotacion activa
768,3,WOA,poblacional,400.0120177282436,400.0120177282436,True,False,277.4998351838763,0.00013566990384106248,277.4996995139725,0.0009199137466623597,277.49900074547656,277.49807880809766,0,0,168,Explotacion activa
769,3,WOA,poblacional,400.0120176968084,400.0120176968084,True,False,277.49984321678204,0.00012691196280911754,277.49971630481923,0.0009122821466462482,277.4990129552406,277.4980866569934,0,0,169,Explotacion activa
770,3,WOA,poblacional,400.01201756159264,400.01201756159264,True,False,277.4998426383233,0.00012671304835976116,277.4997159252749,0.0008925984410268484,277.4990501913222,277.4981488716212,0,0,170,Explotacion activa
771,3,WOA,poblacional,400.01201750162414,400.01201750162414,True,False,277.49983913991565,0.00013064956402786265,277.4997084903516,0.0008606519544400724,277.49909868581364,277.4982380338592,0,0,171,Explotacion activa
772,3,WOA,poblacional,400.0120174739972,400.0120174739972,True,False,277.49984260374214,0.00012730553220308138,277.49971529820994,0.0008101006210381455,277.4991503000119,277.49834019939084,0,0,172,Explotacion activa
773,3,WOA,poblacional,400.01201731357844,400.01201731357844,True,False,277.49984242522436,0.0001268080627028212,277.49971561716166,0.0007020540320695543,277.49925153391814,277.4985494798861,0,0,173,Explotacion activa
774,3,WOA,poblacional,400.01201705253646,400.01201705253646,True,False,277.4998378314669,0.00013033916854965355,277.49970749229834,0.0006225929554375398,277.49932655182386,277.4987039588684,0,0,174,Explotacion activa
775,3,WOA,poblacional,400.0120170256729,400.0120170256729,True,False,277.4998376712375,0.0001306908959577413,277.49970698034156,0.0005940226187135522,277.49935558846033,277.4987615658416,0,0,175,Explotacion activa
776,3,WOA,poblacional,400.01201698143814,400.01201698143814,True,False,277.49983572529015,0.00013284660360568523,277.49970287868655,0.0005728017682770314,277.49937782243416,277.4988050206659,0,0,176,Explotacion activa
777,3,WOA,poblacional,400.01201692345745,400.01201692345745,True,False,277.49983121007335,0.00013774192950677389,277.49969346814385,0.000552577277153432,277.49939907931486,277.4988465020377,0,0,177,Explotacion activa
778,3,WOA,poblacional,400.0120168240853,400.0120168240853,True,False,277.4998368874093,0.00013070739356635386,277.4997061800157,0.00053575993680397,277.49941711289136,277.4988813529546,0,0,178,Explotacion activa
779,3,WOA,poblacional,400.012016610074,400.012016610074,True,False,277.4998423425765,0.000122646145428007,277.4997196964311,0.0005349018841911857,277.49942020356167,277.4988853016775,0,0,179,Explotacion activa
780,3,WOA,poblacional,400.01201611807204,400.01201611807204,True,False,277.49983403883107,0.000127573054385266,277.4997064657767,0.0005329263325677402,277.49942587031813,277.49889294398554,0,0,180,Explotacion activa
781,3,WOA,poblacional,400.0120157944905,400.0120157944905,True,False,277.49982605799613,0.00013341142448553,277.49969264657165,0.0005257091428006787,277.4994368546563,277.4989111455135,0,0,181,Explotacion activa
782,3,WOA,poblacional,400.0120157479713,400.0120157479713,True,False,277.4998212291814,0.0001378779036826927,277.4996833512777,0.0005065053566852385,277.4994585568625,277.4989520515058,0,0,182,Explotacion activa
783,3,WOA,poblacional,400.0120152974007,400.0120152974007,True,False,277.49981340063454,0.00014244221756598563,277.49967095841697,0.0004977816011091817,277.49947156593754,277.4989737843364,0,0,183,Explotacion activa
784,3,WOA,poblacional,400.0120150345606,400.0120150345606,True,False,277.49980564349914,0.00014835608232033337,277.4996572874168,0.00048041694242328937,277.499492304213,277.49901188727057,0,0,184,Explotacion activa
785,3,WOA,poblacional,400.01201421301874,400.01201421301874,True,False,277.49979261611855,0.00015572114426731787,277.4996368949743,0.00044920218391553135,277.4995252798961,277.4990760777122,0,0,185,Explotacion activa
786,3,WOA,poblacional,400.0120137853278,400.0120137853278,True,False,277.4997822015585,0.00016321315303002848,277.4996189884055,0.0004282661307911439,277.4995487194238,277.499120453293,0,0,186,Explotacion activa
787,3,WOA,poblacional,400.0120137130387,400.0120137130387,True,False,277.4997742645815,0.00017076643217706078,277.4996034981493,0.0004140609858154676,277.4995682078399,277.49915414685404,0,0,187,Explotacion activa
788,3,WOA,poblacional,400.01201362410694,400.01201362410694,True,False,277.499765858402,0.0001787205931123026,277.4995871378089,0.000405499313370683,277.4995824180683,277.499176918755,0,0,188,Explotacion activa
789,3,WOA,poblacional,400.0120134488446,400.0120134488446,True,False,277.49975709668104,0.00018643448731836543,277.4995706621937,0.0004005093894420497,277.49958273917343,277.49918222978397,0,0,189,Explotacion activa
790,3,WOA,poblacional,400.01201313364743,400.01201313364743,True,False,277.4997469020037,0.0001947039826859509,277.49955219802104,0.0003529503521804145,277.4996296972688,277.4992767469166,0,0,190,Explotacion activa
791,3,WOA,poblacional,400.01201188083337,400.01201188083337,True,False,277.4997294450524,0.00020362335163781609,277.4995258217008,0.0002995160904220028,277.49968374414976,277.49938422805934,0,0,191,Explotacion activa
792,3,WOA,poblacional,400.0120116378466,400.0120116378466,True,False,277.4997192533727,0.000212324167080169,277.4995069292056,0.0002739628807546524,277.49970887600455,277.49943491312376,0,0,192,Explotacion activa
793,3,WOA,poblacional,400.0120116230564,400.0120116230564,True,False,277.4997103008805,0.000221526186464871,277.49948877469404,0.0002456228230357737,277.4997116001139,277.49947012635533,0,0,193,Explotacion activa
794,3,WOA,poblacional,400.01201128036007,400.01201128036007,True,False,277.4997001250439,0.00022952392578190484,277.4994706011181,0.00022941567511907123,277.4997109504972,277.4994760531909,0,0,194,Explotacion activa
795,3,WOA,poblacional,400.01201061546703,400.01201061546703,True,False,277.499685784088,0.00023971071459527593,277.4994460733734,0.00022952392578190484,277.4997103008805,277.4994706011181,0,0,195,Explotacion activa
796,3,WOA,poblacional,400.0120100733169,400.0120100733169,True,False,277.4996734902138,0.00024894155598076395,277.4994245486578,0.00023257996242591613,277.49970724812954,277.4994632427947,0,0,196,Explotacion activa
797,3,WOA,poblacional,400.0120097529681,400.0120097529681,True,False,277.4996634783774,0.0002575115755689694,277.4994059668018,0.0002356359990699275,277.4997041953785,277.4994558844713,0,0,197,Explotacion activa
798,3,WOA,poblacional,400.0120096017887,400.0120096017887,True,False,277.49965267574294,0.0002682996762928269,277.49938437606664,0.00023869203571393882,277.49970114262754,277.4994485261479,0,0,198,Explotacion activa
799,3,WOA,poblacional,400.0120090530554,400.0120090530554,True,False,277.4996393868791,0.00027868157724242337,277.49936070530185,0.0002415568828723735,277.4996972568527,277.49944528946816,0,0,199,Explotacion activa
800,3,WOA,poblacional,400.01200859587675,400.01200859587675,True,False,277.4996283399696,0.00028714511375937946,277.49934119485584,0.00024432613528801994,277.49969295456594,277.49944411361037,0,0,200,Explotacion activa
801,3,WOA,poblacional,400.0120085101924,400.0120085101924,True,False,277.4996183234953,0.0002972826285940755,277.49932104086673,0.00024709538770366634,277.4996886522792,277.4994429377525,0,0,201,Explotacion activa
802,3,WOA,poblacional,400.01200850914176,400.01200850914176,True,False,277.4996116058139,0.0003043258885782052,277.49930727992535,0.00024979855793958453,277.4996848620412,277.4994403933283,0,0,202,Explotacion activa
803,3,WOA,poblacional,400.0120084324309,400.0120084324309,True,False,277.4996133979472,0.0003010067097193314,277.4993123912375,0.0002523695638160461,277.4996820959007,277.4994351117715,0,0,203,Explotacion activa
804,3,WOA,poblacional,400.01200790305336,400.01200790305336,True,False,277.4996051217838,0.0003050537840749712,277.49930006799974,0.00025494056969250774,277.4996793297603,277.49942983021464,0,0,204,Explotacion activa
805,3,WOA,poblacional,400.0120077813339,400.0120077813339,True,False,277.4995939576591,0.0003153800407176277,277.4992785776184,0.0002575115755689694,277.4996765636198,277.4994245486578,0,0,205,Explotacion activa
806,3,WOA,poblacional,400.01200770093527,400.01200770093527,True,False,277.4995815580216,0.00032735813260842406,277.499254199889,0.0002607480057861266,277.499675641598,277.49941897410105,0,0,206,Explotacion activa
807,3,WOA,poblacional,400.01200712232014,400.01200712232014,True,False,277.49956475483384,0.0003404122071515303,277.4992243426267,0.0002639844360032839,277.4996747195762,277.4994133995442,0,0,207,Explotacion activa
808,3,WOA,poblacional,400.0120067206443,400.0120067206443,True,False,277.49954904728645,0.00035369160883647055,277.4991953556776,0.00026722086622044117,277.4996737975544,277.49940782498743,0,0,208,Explotacion activa
809,3,WOA,poblacional,400.01200646229614,400.01200646229614,True,False,277.4995350338716,0.00036613390307138616,277.49916889996854,0.00026870222548041055,277.4996714878465,277.4994016486548,0,0,209,Explotacion activa
810,3,WOA,poblacional,400.0120063425695,400.0120063425695,True,False,277.49952268448817,0.0003778136885443928,277.4991448707996,0.00026930604926178603,277.4996684842956,277.49939517143423,0,0,210,Explotacion activa
811,3,WOA,poblacional,400.0120063116608,400.0120063116608,True,False,277.49951017562734,0.00039037788752693814,277.4991197977398,0.0002699098730431615,277.4996654807447,277.4993886942137,0,0,211,Explotacion activa
812,3,WOA,poblacional,400.0120062479636,400.0120062479636,True,False,277.4994965788175,0.00040388982091599246,277.4990926889966,0.00027114933773191295,277.4996623981139,277.4993829131212,0,0,212,Explotacion activa
813,3,WOA,poblacional,400.012005961403,400.012005961403,True,False,277.4994806242981,0.00041833500426946557,277.4990622892938,0.00027366008423541645,277.4996591573236,277.4993785242849,0,0,213,Explotacion activa
814,3,WOA,poblacional,400.01200583396985,400.01200583396985,True,False,277.4994697316288,0.0004283495514414426,277.49904138207734,0.0002761708307389199,277.49965591653324,277.49937413544865,0,0,214,Explotacion activa
815,3,WOA,poblacional,400.01200570433394,400.01200570433394,True,False,277.4994585396451,0.0004387877305020993,277.4990197519146,0.00027868157724242337,277.49965267574294,277.49936974661233,0,0,215,Explotacion activa
816,3,WOA,poblacional,400.01200570433394,400.01200570433394,True,False,277.4994444782256,0.00045344717131001744,277.4989910310543,0.0002812206381975102,277.49964868908376,277.4993670342192,1,0,216,Explotacion activa
817,3,WOA,poblacional,400.0120056407269,400.0120056407269,True,False,277.49943269492366,0.00046520337372157883,277.49896749154993,0.00028375969915259706,277.49964470242463,277.499364321826,0,0,217,Explotacion activa
818,3,WOA,poblacional,400.0120054691305,400.0120054691305,True,False,277.4994194752016,0.0004776427197157318,277.4989418324819,0.0002862987601076838,277.49964071576545,277.4993616094329,0,0,218,Explotacion activa
819,3,WOA,poblacional,400.01200545537495,400.01200545537495,True,False,277.4994060144104,0.0004915565937722022,277.4989144578166,0.00028917261672631864,277.4996371774972,277.49935680321266,0,0,219,Explotacion activa
820,3,WOA,poblacional,400.0120052496187,400.0120052496187,True,False,277.49939274093225,0.0005037120722022337,277.49888902886005,0.0002922138711767275,277.4996338634244,277.49935095007885,0,0,220,Explotacion activa
821,3,WOA,poblacional,400.0120052329232,400.0120052329232,True,False,277.4993805664155,0.0005162265518379172,277.49886433986364,0.00029525512562713626,277.4996305493515,277.49934509694504,0,0,221,Explotacion activa
822,3,WOA,poblacional,400.01200511606964,400.01200511606964,True,False,277.49937276097575,0.0005230348999134549,277.49884972607583,0.0002976550367066011,277.49962733832217,277.4993391794569,0,0,222,Explotacion activa
823,3,WOA,poblacional,400.0120050681502,400.0120050681502,True,False,277.4993595398302,0.0005363640710811524,277.4988231757591,0.00029877226104417786,277.49962433337987,277.4993331332602,0,0,223,Explotacion activa
824,3,WOA,poblacional,400.01200501952485,400.01200501952485,True,False,277.4993507956186,0.0005448036873190176,277.4988059919313,0.0002998894853817546,277.4996213284376,277.4993270870635,0,0,224,Explotacion activa
825,3,WOA,poblacional,400.0120049122951,400.0120049122951,True,False,277.4993363478931,0.0005592818707782499,277.49877706602234,0.0003010067097193314,277.4996183234953,277.49932104086673,0,0,225,Explotacion activa
826,3,WOA,poblacional,400.0120048686591,400.0120048686591,True,False,277.4993225082261,0.0005738632842735569,277.4987486449418,0.0003020024633769935,277.4996168458309,277.49931844597796,0,0,226,Explotacion activa
827,3,WOA,poblacional,400.0120047058188,400.0120047058188,True,False,277.4993093593816,0.0005879287587049475,277.4987214306229,0.00030299821703465567,277.4996153681665,277.4993158510892,0,0,227,Explotacion activa
828,3,WOA,poblacional,400.0120046965539,400.0120046965539,True,False,277.49930228184746,0.0005969713672584476,277.4987053104802,0.00030399397069231783,277.499613890502,277.4993132562004,0,0,228,Explotacion activa
829,3,WOA,poblacional,400.0120046820158,400.0120046820158,True,False,277.49929450732736,0.0006074529778743454,277.4986870543495,0.0003044714676775584,277.49961303952057,277.49931136897504,0,0,229,Explotacion activa
830,3,WOA,poblacional,400.01200467083265,400.01200467083265,True,False,277.4992845380759,0.0006205774829481925,277.498663960593,0.0003046898363265882,277.49961250188056,277.4993098355814,0,0,230,Explotacion activa
831,3,WOA,poblacional,400.01200466310286,400.01200466310286,True,False,277.49928054511787,0.000627156152063435,277.4986533889658,0.00030490820497561797,277.49961196424056,277.4993083021878,0,0,231,Explotacion activa
832,3,WOA,poblacional,400.0120046476002,400.0120046476002,True,False,277.4992757981919,0.0006346926593892022,277.4986411055325,0.0003052301064144558,277.49961095741094,277.49930655873277,0,0,232,Explotacion activa
833,3,WOA,poblacional,400.0120046456189,400.0120046456189,True,False,277.4992736906483,0.0006393352127247454,277.49863435543557,0.00030575907343290967,277.49960901220186,277.4993043951551,0,0,233,Explotacion activa
834,3,WOA,poblacional,400.01200464086475,400.01200464086475,True,False,277.49929903185915,0.000612717044987221,277.49868631481417,0.0003062880404513635,277.49960706699284,277.4993022315774,0,0,234,Explotacion activa
835,3,WOA,poblacional,400.012004634219,400.012004634219,True,False,277.4993074508475,0.0006041781476255892,277.49870327269986,0.0003068170074698173,277.4996051217838,277.49930006799974,0,0,235,Explotacion activa
836,3,WOA,poblacional,400.0120046212066,400.0120046212066,True,False,277.4993207295775,0.0005894814104863144,277.498731248167,0.00030938591744416043,277.4996017725464,277.49929362088534,0,0,236,Explotacion activa
837,3,WOA,poblacional,400.01200460058953,400.01200460058953,True,False,277.49931610023674,0.000594557278418506,277.4987215429583,0.0003119548274185036,277.499598423309,277.49928717377094,0,0,237,Explotacion activa
838,3,WOA,poblacional,400.0120045791424,400.0120045791424,True,False,277.4993119830592,0.0005989300114492835,277.49871305304777,0.00031452373739284664,277.4995950740716,277.49928072665654,0,0,238,Explotacion activa
839,3,WOA,poblacional,400.01200456093346,400.01200456093346,True,False,277.4993116302099,0.0005988459325863005,277.4987127842773,0.0003177756590957869,277.4995917323108,277.4992737020725,0,0,239,Explotacion activa
840,3,WOA,poblacional,400.0120045449252,400.0120045449252,True,False,277.4993056915091,0.0006051001589639782,277.49870059135014,0.0003213690866630259,277.4995883942884,277.49926638875365,0,0,240,Explotacion activa
841,3,WOA,poblacional,400.01200453624557,400.01200453624557,True,False,277.4993012461805,0.0006101038753740795,277.4986911423051,0.00032496251423026474,277.499585056266,277.49925907543485,0,0,241,Explotacion activa
842,3,WOA,poblacional,400.01200452605366,400.01200452605366,True,False,277.49929086512566,0.0006216633348685718,277.4986692017908,0.0003286635400627347,277.49958278504556,277.49925121416277,0,0,242,Explotacion activa
843,3,WOA,poblacional,400.01200452397427,400.01200452397427,True,False,277.4992812146352,0.0006325099637365383,277.49864870467144,0.00033257976242566655,277.4995826474291,277.4992422569841,0,0,243,Explotacion activa
844,3,WOA,poblacional,400.0120045221862,400.0120045221862,True,False,277.4992784984393,0.0006355434031206642,277.4986429550362,0.0003364959847885984,277.4995825098126,277.4992332998054,0,0,244,Explotacion activa
845,3,WOA,poblacional,400.012004512783,400.012004512783,True,False,277.4992708167428,0.0006440945753070082,277.4986267221675,0.0003404122071515303,277.4995823721962,277.4992243426267,0,0,245,Explotacion activa
846,3,WOA,poblacional,400.0120045119792,400.0120045119792,True,False,277.49926142794885,0.0006550122008661674,277.498606415748,0.00034439602765701233,277.4995821279438,277.499215646542,0,0,246,Explotacion activa
847,3,WOA,poblacional,400.01200450684684,400.01200450684684,True,False,277.4992617243615,0.0006559479428460691,277.49860577641863,0.00034837984816249445,277.4995818836914,277.4992069504572,0,0,247,Explotacion activa
848,3,WOA,poblacional,400.0120044948511,400.0120044948511,True,False,277.4992690886104,0.0006491885220043514,277.4986199000884,0.0003523636686679765,277.49958163943904,277.4991982543725,0,0,248,Explotacion activa
849,3,WOA,poblacional,400.0120044900329,400.0120044900329,True,False,277.4992608745055,0.000659736257489385,277.49860113824803,0.0003561800676834536,277.49957819738404,277.4991930339863,0,0,249,Explotacion activa
850,3,WOA,poblacional,400.0120044896546,400.0120044896546,True,False,277.49925471187726,0.0006689546693223747,277.49858575720793,0.00035991275595392835,277.4995731564277,277.4991895514492,0,0,250,Explotacion activa
851,3,WOA,poblacional,400.0120044893828,400.0120044893828,True,False,277.49924993839943,0.0006770981732984183,277.49857284022613,0.000363645444224403,277.4995681154714,277.4991860689122,0,0,251,Explotacion activa
852,3,WOA,poblacional,400.0120044855562,400.0120044855562,True,False,277.49924945315007,0.0006820831648042258,277.49856736998527,0.00036730188161868685,277.49956415584404,277.4991829885024,0,0,252,Explotacion activa
853,3,WOA,poblacional,400.0120044800983,400.0120044800983,True,False,277.4992572732203,0.0006783763026305678,277.49857889691765,0.0003708058172605888,277.4995623588746,277.49918071234714,0,0,253,Explotacion activa
854,3,WOA,poblacional,400.01200447764796,400.01200447764796,True,False,277.4992833898417,0.000653608581728804,277.49862978126,0.00037430975290249076,277.4995605619051,277.4991784361918,0,0,254,Explotacion activa
855,3,WOA,poblacional,400.0120044766459,400.0120044766459,True,False,277.4992980857145,0.0006409813908589967,277.4986571043236,0.0003778136885443928,277.49955876493567,277.49917616003654,0,0,255,Explotacion activa
856,3,WOA,poblacional,400.0120044710818,400.0120044710818,True,False,277.4992944849144,0.0006488158613251471,277.4986456690531,0.00038158294823915635,277.4995558496409,277.49917398201615,0,0,256,Explotacion activa
857,3,WOA,poblacional,400.0120044673271,400.0120044673271,True,False,277.49931814429505,0.000626303709793774,277.49869184058525,0.00038535220793392,277.4995529343461,277.49917180399575,0,0,257,Explotacion activa
858,3,WOA,poblacional,400.01200446684027,400.01200446684027,True,False,277.49933149090845,0.0006174212624614484,277.498714069646,0.0003891214676286836,277.49955001905136,277.49916962597536,0,0,258,Explotacion activa
859,3,WOA,poblacional,400.0120044642283,400.0120044642283,True,False,277.49938191748225,0.0005663759562821724,277.49881554152597,0.0003921190493997528,277.4995462446035,277.49916409413476,0,0,259,Explotacion activa
860,3,WOA,poblacional,400.01200446321457,400.01200446321457,True,False,277.4994055681101,0.0005440489381953739,277.4988615191719,0.0003947307922089749,277.49954204057906,277.4991568853841,0,0,260,Explotacion activa
861,3,WOA,poblacional,400.0120044610787,400.0120044610787,True,False,277.49940600992466,0.000547951506064237,277.4988580584186,0.0003973425350181969,277.49953783655457,277.4991496766334,0,0,261,Explotacion activa
862,3,WOA,poblacional,400.0120044601273,400.0120044601273,True,False,277.49940881499276,0.0005505345357619262,277.498858280457,0.00039956430929350973,277.49953405847407,277.49914433085956,0,0,262,Explotacion activa
863,3,WOA,poblacional,400.01200445895375,400.01200445895375,True,False,277.4994183105205,0.000546555012135741,277.4988717555084,0.00040100614650100396,277.4995311322814,277.4991427110394,0,0,263,Explotacion activa
864,3,WOA,poblacional,400.01200445804324,400.01200445804324,True,False,277.4994375081108,0.000531906026822071,277.498905602084,0.0004024479837084982,277.49952820608877,277.49914109121926,0,0,264,Explotacion activa
865,3,WOA,poblacional,400.0120044575423,400.0120044575423,True,False,277.4995185779443,0.0004466210775717627,277.4990719568667,0.00040388982091599246,277.4995252798961,277.4991394713991,0,0,265,Explotacion activa
866,3,WOA,poblacional,400.012004456595,400.012004456595,True,False,277.49953283975583,0.0004358213101909314,277.49909701844564,0.00040458652253505534,277.4995305717979,277.4991335693013,0,0,266,Explotacion activa
867,3,WOA,poblacional,400.0120044552761,400.0120044552761,True,False,277.4995327080463,0.00044189461550558917,277.49909081343077,0.0004052832241541182,277.4995327607301,277.49912766720354,0,0,267,Explotacion activa
868,3,WOA,poblacional,400.0120044549328,400.0120044549328,True,False,277.4995543812071,0.00042336051262736873,277.49913102069445,0.0004059799257731811,277.4995330591674,277.4991318657649,0,0,268,Explotacion activa
869,3,WOA,poblacional,400.01200445468214,400.01200445468214,True,False,277.4995969791514,0.00038031921280889947,277.4992166599386,0.0004043542886620344,277.49953459504843,277.4991377812581,0,0,269,Explotacion activa
870,3,WOA,poblacional,400.01200445331045,400.01200445331045,True,False,277.4996309553741,0.00034582010943040586,277.49928513526464,0.00040148675890350205,277.49954204057906,277.4991421710994,0,0,270,Explotacion activa
871,3,WOA,poblacional,400.0120044524477,400.0120044524477,True,False,277.4996508120145,0.0003274148173204594,277.4993233971972,0.0003973425350181969,277.4995501140706,277.4991496766334,0,0,271,Explotacion activa
872,3,WOA,poblacional,400.01200445102387,400.01200445102387,True,False,277.49965942121185,0.00032137830709189075,277.49933804290475,0.00039124846846334545,277.49955384781504,277.49916649705165,0,0,272,Explotacion activa
873,3,WOA,poblacional,400.0120044499385,400.0120044499385,True,False,277.4996942798676,0.0002853751610700783,277.4994089047065,0.00038434268269611495,277.4995570114442,277.4991732560093,0,0,273,Explotacion activa
874,3,WOA,poblacional,400.0120044456844,400.0120044456844,True,False,277.4997236779798,0.00025569413276116393,277.499467983847,0.0003795675555295475,277.4995605619051,277.4991784361918,0,0,274,Explotacion activa
875,3,WOA,poblacional,400.01200443785416,400.01200443785416,True,False,277.4997288707774,0.00025342582921439316,277.4994754449482,0.0003778136885443928,277.49956475483384,277.49918374722085,0,0,275,Explotacion activa
876,3,WOA,poblacional,400.01200443180954,400.01200443180954,True,False,277.49972889885777,0.00025742541430417987,277.49947147344346,0.00036963783871328814,277.49957651706524,277.4991918731406,0,0,276,Explotacion activa
877,3,WOA,poblacional,400.01200441098797,400.01200441098797,True,False,277.49973390909446,0.00025577025240863804,277.49947813884205,0.00036115698537741986,277.4995818836914,277.499203877382,0,0,277,Explotacion activa
878,3,WOA,poblacional,400.01200439286737,400.01200439286737,True,False,277.4997690814237,0.00022010650116044417,277.49954897492256,0.0003529044588958641,277.4995824180683,277.49921742820743,0,0,278,Explotacion activa
879,3,WOA,poblacional,400.01200438705075,400.01200438705075,True,False,277.49977686836723,0.00021449354591140946,277.4995623748213,0.0003473944093116188,277.49958273917343,277.49922280608905,0,0,279,Explotacion activa
880,3,WOA,poblacional,400.01200435951245,400.01200435951245,True,False,277.4997820623086,0.00021188546867279,277.49957017683994,0.0003431161582909681,277.4995883942884,277.4992392712578,0,0,280,Explotacion activa
881,3,WOA,poblacional,400.0120043580726,400.0120043580726,True,False,277.4998207695381,0.00017183219665639626,277.4996489373414,0.0003378127291853161,277.49959456195757,277.49925907543485,0,0,281,Explotacion activa
882,3,WOA,poblacional,400.01200435801474,400.01200435801474,True,False,277.49984735140504,0.00014447081451862687,277.4997028805905,0.00032871455630356644,277.49959667700216,277.49927613984545,0,0,282,Explotacion activa
883,3,WOA,poblacional,400.0120043569258,400.0120043569258,True,False,277.49986406366355,0.0001274584205930296,277.49973660524296,0.0003273808064932382,277.49960186473083,277.49928251220615,0,0,283,Explotacion activa
884,3,WOA,poblacional,400.0120043556032,400.0120043556032,True,False,277.4998714928081,0.00012058561691219438,277.4997509071912,0.00032556418495346403,277.49960706699284,277.49928961508516,0,0,284,Explotacion activa
885,3,WOA,poblacional,400.0120043539106,400.0120043539106,True,False,277.49987327915454,0.00012025612164734412,277.4997530230329,0.00032137830709189075,277.4996116058139,277.49930006799974,0,0,285,Explotacion activa
886,3,WOA,poblacional,400.0120043529118,400.0120043529118,True,False,277.4998772300009,0.00011743758062721099,277.49975979242026,0.0003171795206299066,277.4996128603072,277.49930511634767,0,0,286,Explotacion activa
887,3,WOA,poblacional,400.01200435054227,400.01200435054227,True,False,277.49989622568086,9.784295860981729e-05,277.49979838272225,0.00031195482741850353,277.4996153681665,277.4993093244502,0,0,287,Explotacion activa
888,3,WOA,poblacional,400.0120043449737,400.0120043449737,True,False,277.4999044378205,8.990190030999656e-05,277.49981453592017,0.00030664068513033273,277.49961932514276,277.4993132562004,0,0,288,Explotacion activa
889,3,WOA,poblacional,400.01200432722413,400.01200432722413,True,False,277.49991279859796,8.168595297775028e-05,277.499831112645,0.00030540642875394043,277.49962633667474,277.4993193109409,0,0,289,Explotacion activa
890,3,WOA,poblacional,400.0120043103678,400.0120043103678,True,False,277.4999125590049,8.307991913625301e-05,277.49982947908575,0.0003046898363265882,277.49962964767184,277.49932221903197,0,0,290,Explotacion activa
891,3,WOA,poblacional,400.0120042737317,400.0120042737317,True,False,277.49991643963324,7.973999288424238e-05,277.49983669964035,0.0003036620528064304,277.4996326416751,277.4993263263387,0,0,291,Explotacion activa
892,3,WOA,poblacional,400.0120041887475,400.0120041887475,True,False,277.49992717499117,6.832224141817278e-05,277.49985885274975,0.0003013386276052188,277.49963854372857,277.499336578334,0,0,292,Explotacion activa
893,3,WOA,poblacional,400.0120041550721,400.0120041550721,True,False,277.4999277340132,6.860463440716558e-05,277.4998591293788,0.00029877226104417786,277.49964624196036,277.4993399340754,0,0,293,Explotacion activa
894,3,WOA,poblacional,400.01200413190304,400.01200413190304,True,False,277.499941327382,5.449638854315708e-05,277.49988683099343,0.0002942413741436667,277.49965137113304,277.49934704798966,0,0,294,Explotacion activa
895,3,WOA,poblacional,400.01200412282265,400.01200412282265,True,False,277.49994234505823,5.437101930283461e-05,277.4998879740389,0.00028714511375937946,277.49965267574294,277.49936070530185,0,0,295,Explotacion activa
896,3,WOA,poblacional,400.01200411152223,400.01200411152223,True,False,277.49994995870196,4.6728405663998274e-05,277.4999032302963,0.0002859061468768687,277.4996573975712,277.4993670342192,0,0,296,Explotacion activa
897,3,WOA,poblacional,400.0120041023162,400.0120041023162,True,False,277.49995293366453,4.414819983367124e-05,277.4999087854647,0.0002826977275390163,277.49966104407804,277.49937559839407,0,0,297,Explotacion activa
898,3,WOA,poblacional,400.0120041006726,400.0120041006726,True,False,277.49995597404853,4.1468777055797545e-05,277.4999145052715,0.00027784466174125545,277.49966447956103,277.49938653514016,0,0,298,Explotacion activa
899,3,WOA,poblacional,400.0120040980273,400.0120040980273,True,False,277.49996285504807,3.434804210655784e-05,277.49992850700596,0.0002719862532330808,277.4996714878465,277.4994016486548,0,0,299,Explotacion activa
900,3,WOA,poblacional,400.01200409504986,400.01200409504986,True,False,277.49996543028664,3.1892590016013855e-05,277.4999335376966,0.00026930604926178603,277.4996750269168,277.49940743575416,0,0,300,Explotacion activa
901,4,PSO,poblacional,400.01200409504986,400.01200409504986,False,False,,,,,,,0,0,0,Llenando ventana
902,4,PSO,poblacional,400.01200409504986,400.01200409504986,False,False,,,,,,,0,0,0,Llenando ventana
903,4,PSO,poblacional,400.01200409504986,400.01200409504986,False,False,,,,,,,0,0,0,Llenando ventana
904,4,PSO,poblacional,400.01200409504986,400.01200409504986,False,False,,,,,,,0,0,0,Llenando ventana
905,4,PSO,poblacional,400.01200409504986,400.01200409504986,False,False,,,,,,,0,0,0,Llenando ventana
906,4,PSO,poblacional,400.01200409504986,400.01200409504986,False,False,,,,,,,0,0,0,Llenando ventana
907,4,PSO,poblacional,400.01200409504986,400.01200409504986,False,False,,,,,,,0,0,0,Llenando ventana
908,4,PSO,poblacional,400.01200409504986,400.01200409504986,False,False,,,,,,,0,0,0,Llenando ventana
909,4,PSO,poblacional,400.01200409504986,400.01200409504986,False,False,,,,,,,0,0,0,Llenando ventana
910,4,PSO,poblacional,400.01200409504986,400.01200409504986,False,False,,,,,,,0,0,0,Llenando ventana
911,4,PSO,poblacional,400.01200409504986,400.01200409504986,False,False,,,,,,,0,0,0,Llenando ventana
912,4,PSO,poblacional,400.01200409504986,400.01200409504986,False,False,,,,,,,0,0,0,Llenando ventana
913,4,PSO,poblacional,400.01200409504986,400.01200409504986,False,False,,,,,,,0,0,0,Llenando ventana
914,4,PSO,poblacional,400.01200409504986,400.01200409504986,False,False,,,,,,,0,0,0,Llenando ventana
915,4,PSO,poblacional,400.01200409504986,400.01200409504986,False,False,,,,,,,0,0,0,Llenando ventana
916,4,PSO,poblacional,400.01200409504986,400.01200409504986,False,False,,,,,,,0,0,0,Llenando ventana
917,4,PSO,poblacional,400.01200409504986,400.01200409504986,False,False,,,,,,,0,0,0,Llenando ventana
918,4,PSO,poblacional,400.01200409504986,400.01200409504986,False,False,,,,,,,0,0,0,Llenando ventana
919,4,PSO,poblacional,400.01200409504986,400.01200409504986,False,False,,,,,,,0,0,0,Llenando ventana
920,4,PSO,poblacional,400.01200409504986,400.01200409504986,False,False,,,,,,,0,0,0,Llenando ventana
921,4,PSO,poblacional,400.01200409504986,400.01200409504986,False,False,,,,,,,0,0,0,Llenando ventana
922,4,PSO,poblacional,400.01200409504986,400.01200409504986,False,False,,,,,,,0,0,0,Llenando ventana
923,4,PSO,poblacional,400.01200409504986,400.01200409504986,False,False,,,,,,,0,0,0,Llenando ventana
924,4,PSO,poblacional,400.01200409504986,400.01200409504986,False,False,,,,,,,0,0,0,Llenando ventana
925,4,PSO,poblacional,400.01200409504986,400.01200409504986,False,False,,,,,,,0,0,0,Llenando ventana
926,4,PSO,poblacional,400.01200409504986,400.01200409504986,False,False,,,,,,,0,0,0,Llenando ventana
927,4,PSO,poblacional,400.01200409504986,400.01200409504986,False,False,,,,,,,0,0,0,Llenando ventana
928,4,PSO,poblacional,400.01200409504986,400.01200409504986,False,False,,,,,,,0,0,0,Llenando ventana
929,4,PSO,poblacional,400.01200409504986,400.01200409504986,False,False,,,,,,,0,0,0,Llenando ventana
930,4,PSO,poblacional,400.01200409504986,400.01200409504986,False,False,,,,,,,0,0,0,Llenando ventana
931,4,PSO,poblacional,400.01200409504986,400.01200409504986,False,False,,,,,,,0,0,0,Llenando ventana
932,4,PSO,poblacional,400.01200409504986,400.01200409504986,False,False,,,,,,,0,0,0,Llenando ventana
933,4,PSO,poblacional,400.01200409504986,400.01200409504986,False,False,,,,,,,0,0,0,Llenando ventana
934,4,PSO,poblacional,400.01200409504986,400.01200409504986,False,False,,,,,,,0,0,0,Llenando ventana
935,4,PSO,poblacional,400.01200409504986,400.01200409504986,False,False,,,,,,,0,0,0,Llenando ventana
936,4,PSO,poblacional,400.01200409504986,400.01200409504986,False,False,,,,,,,0,0,0,Llenando ventana
937,4,PSO,poblacional,400.01200409504986,400.01200409504986,False,False,,,,,,,0,0,0,Llenando ventana
938,4,PSO,poblacional,400.01200409504986,400.01200409504986,False,False,,,,,,,0,0,0,Llenando ventana
939,4,PSO,poblacional,400.01200409504986,400.01200409504986,False,False,,,,,,,0,0,0,Llenando ventana
940,4,PSO,poblacional,400.01200409504986,400.01200409504986,False,False,,,,,,,0,0,0,Llenando ventana
941,4,PSO,poblacional,400.01200409504986,400.01200409504986,False,False,,,,,,,0,0,0,Llenando ventana
942,4,PSO,poblacional,400.01200409504986,400.01200409504986,False,False,,,,,,,0,0,0,Llenando ventana
943,4,PSO,poblacional,400.01200409504986,400.01200409504986,False,False,,,,,,,0,0,0,Llenando ventana
944,4,PSO,poblacional,400.01200409504986,400.01200409504986,False,False,,,,,,,0,0,0,Llenando ventana
945,4,PSO,poblacional,400.01200409504986,400.01200409504986,False,False,,,,,,,0,0,0,Llenando ventana
946,4,PSO,poblacional,400.01200409504986,400.01200409504986,False,False,,,,,,,0,0,0,Llenando ventana
947,4,PSO,poblacional,400.01200409504986,400.01200409504986,False,False,,,,,,,0,0,0,Llenando ventana
948,4,PSO,poblacional,400.01200409504986,400.01200409504986,False,False,,,,,,,0,0,0,Llenando ventana
949,4,PSO,poblacional,400.01200409504986,400.01200409504986,False,False,,,,,,,0,0,0,Llenando ventana
950,4,PSO,poblacional,400.01200409504986,400.01200409504986,False,False,,,,,,,0,0,0,Llenando ventana
951,4,PSO,poblacional,400.01200409504986,400.01200409504986,False,False,,,,,,,0,0,0,Llenando ventana
952,4,PSO,poblacional,400.01200409504986,400.01200409504986,False,False,,,,,,,0,0,0,Llenando ventana
953,4,PSO,poblacional,400.01200409504986,400.01200409504986,False,False,,,,,,,0,0,0,Llenando ventana
954,4,PSO,poblacional,400.01200409504986,400.01200409504986,False,False,,,,,,,0,0,0,Llenando ventana
955,4,PSO,poblacional,400.01200409504986,400.01200409504986,False,False,,,,,,,0,0,0,Llenando ventana
956,4,PSO,poblacional,400.01200409504986,400.01200409504986,False,False,,,,,,,0,0,0,Llenando ventana
957,4,PSO,poblacional,400.01200409504986,400.01200409504986,False,False,,,,,,,0,0,0,Llenando ventana
958,4,PSO,poblacional,400.01200409504986,400.01200409504986,False,False,,,,,,,0,0,0,Llenando ventana
959,4,PSO,poblacional,400.01200409504986,400.01200409504986,False,False,,,,,,,0,0,0,Llenando ventana
960,4,PSO,poblacional,400.01200409504986,400.01200409504986,False,False,,,,,,,0,0,0,Llenando ventana
961,4,PSO,poblacional,400.01200409504986,400.01200409504986,False,False,,,,,,,0,0,0,Llenando ventana
962,4,PSO,poblacional,400.01200409504986,400.01200409504986,False,False,,,,,,,0,0,0,Llenando ventana
963,4,PSO,poblacional,400.01200409504986,400.01200409504986,False,False,,,,,,,0,0,0,Llenando ventana
964,4,PSO,poblacional,400.0120002973535,400.0120002973535,False,False,,,,,,,0,0,0,Llenando ventana
965,4,PSO,poblacional,400.0120002973535,400.012024189638,False,False,,,,,,,0,0,0,Llenando ventana
966,4,PSO,poblacional,400.0120002973535,400.01201184757133,False,False,,,,,,,0,0,0,Llenando ventana
967,4,PSO,poblacional,400.0119951449449,400.0119951449449,False,False,,,,,,,0,0,0,Llenando ventana
968,4,PSO,poblacional,400.0119951449449,400.01199562034543,False,False,,,,,,,0,0,0,Llenando ventana
969,4,PSO,poblacional,400.0119951449449,400.011996455122,False,False,,,,,,,0,0,0,Llenando ventana
970,4,PSO,poblacional,400.0119951449449,400.01200161743816,False,False,,,,,,,0,0,0,Llenando ventana
971,4,PSO,poblacional,400.0119951449449,400.0119972506513,False,False,,,,,,,0,0,0,Llenando ventana
972,4,PSO,poblacional,400.0119937651568,400.0119937651568,False,False,,,,,,,0,0,0,Llenando ventana
973,4,PSO,poblacional,400.0119937651568,400.01199583974875,False,False,,,,,,,0,0,0,Llenando ventana
974,4,PSO,poblacional,400.0119898133075,400.0119898133075,False,False,,,,,,,0,0,0,Llenando ventana
975,4,PSO,poblacional,400.0119898133075,400.0119934353777,False,False,,,277.49968929403343,,,,0,0,0,Llenando ventana
976,4,PSO,poblacional,400.0119898133075,400.01199169734525,False,False,,,277.49966073054867,,,,0,0,0,Llenando ventana
977,4,PSO,poblacional,400.0119898133075,400.01199111290003,False,False,,,277.4996321670639,,,,0,0,0,Llenando ventana
978,4,PSO,poblacional,400.011989759248,400.011989759248,False,False,,,277.49960311704405,,,,0,0,0,Llenando ventana
979,4,PSO,poblacional,400.011989759248,400.01198988174076,False,False,,,277.4995744454404,,,,0,0,0,Llenando ventana
980,4,PSO,poblacional,400.0119896609949,400.0119896609949,False,False,,,277.4995448895587,,,,0,0,0,Llenando ventana
981,4,PSO,poblacional,400.0119896609949,400.01199060765936,False,False,,,277.4995160214488,,,,0,0,0,Llenando ventana
982,4,PSO,poblacional,400.0119850823495,400.0119850823495,False,False,,,277.49944594553017,,,,0,0,0,Llenando ventana
983,4,PSO,poblacional,400.0119800395249,400.0119800395249,False,False,,,277.4993625347078,,,,0,0,0,Llenando ventana
984,4,PSO,poblacional,400.0119721860503,400.0119721860503,False,False,,,277.49924374238657,,,,0,0,0,Llenando ventana
985,4,PSO,poblacional,400.01196069231116,400.01196069231116,False,False,,,277.4990764807353,,,,0,0,0,Llenando ventana
986,4,PSO,poblacional,400.01195615975035,400.01195615975035,False,False,,,277.49894888221064,,,,0,0,0,Llenando ventana
987,4,PSO,poblacional,400.01195204591295,400.01195204591295,False,False,,,277.498815987075,,,,0,0,0,Llenando ventana
988,4,PSO,poblacional,400.01193600705227,400.01193600705227,False,False,,,277.49856753905505,,,,0,0,0,Llenando ventana
989,4,PSO,poblacional,400.01191992862584,400.01191992862584,False,False,,,277.498286657222,,,,0,0,0,Llenando ventana
990,4,PSO,poblacional,400.01191756178576,400.01191756178576,False,False,,,277.4980970228133,,,,0,0,0,Llenando ventana
991,4,PSO,poblacional,400.01191524286463,400.01191524286463,False,False,,,277.4979030859949,,,,0,0,0,Llenando ventana
992,4,PSO,poblacional,400.01191524286463,400.01191994879434,False,False,,,277.49772538162443,,,,0,0,0,Llenando ventana
993,4,PSO,poblacional,400.01190277780637,400.01190277780637,False,False,,,277.4974354917296,,,,0,0,0,Llenando ventana
994,4,PSO,poblacional,400.0118955244297,400.0118955244297,False,False,,,277.4971675768525,,,,0,0,0,Llenando ventana
995,4,PSO,poblacional,400.01188457568384,400.01188457568384,False,False,,,277.4968518968995,,,,0,0,0,Llenando ventana
996,4,PSO,poblacional,400.0118762135658,400.0118762135658,False,False,,,277.49653759910524,,,,0,0,0,Llenando ventana
997,4,PSO,poblacional,400.0118762135658,400.01187795182494,False,False,,,277.49628183613714,,,,0,0,0,Llenando ventana
998,4,PSO,poblacional,400.01187491568646,400.01187491568646,False,False,,,277.4960143922549,,,,0,0,0,Llenando ventana
999,4,PSO,poblacional,400.0118665818165,400.0118665818165,False,False,,,277.49568102869836,,,,0,0,0,Llenando ventana
1000,4,PSO,poblacional,400.01185071886727,400.01185071886727,False,False,,,277.4952632356886,,,,0,0,0,Llenando ventana
1001,4,PSO,poblacional,400.011832212723,400.011832212723,False,False,,,277.49478992802494,,,,0,0,0,Llenando ventana
1002,4,PSO,poblacional,400.0118072201056,400.0118072201056,False,False,,,277.4942212298146,,,,0,0,0,Llenando ventana
1003,4,PSO,poblacional,400.0117521360453,400.0117521360453,False,False,,,277.49333172338333,,,,0,0,0,Llenando ventana
1004,4,PSO,poblacional,400.0117203992284,400.0117203992284,False,False,,,277.4925421740223,,,,0,0,0,Llenando ventana
1005,4,PSO,poblacional,400.0117203992284,400.01172138446054,False,False,,,277.4919747823794,,,,0,0,0,Llenando ventana
1006,4,PSO,poblacional,400.01170268723615,400.01170268723615,False,False,,,277.49124798280616,,,,0,0,0,Llenando ventana
1007,4,PSO,poblacional,400.0117022293949,400.0117022293949,False,False,,,277.4906410466077,,,,0,0,0,Llenando ventana
1008,4,PSO,poblacional,400.01167427974065,400.01167427974065,False,False,,,277.4897857684093,,,,0,0,0,Llenando ventana
1009,4,PSO,poblacional,400.01167427974065,400.0116832846861,False,False,,,277.4891261377909,,,,0,0,0,Llenando ventana
1010,4,PSO,poblacional,400.01167427974065,400.0116802083723,False,False,,,277.48846650717246,,,,0,0,0,Llenando ventana
1011,4,PSO,poblacional,400.01166737025073,400.01166737025073,False,False,,,277.4877446911448,,,,0,0,0,Llenando ventana
1012,4,PSO,poblacional,400.0116475785004,400.0116475785004,False,False,,,277.4868931157936,,,,0,0,0,Llenando ventana
1013,4,PSO,poblacional,400.0116311984099,400.0116311984099,False,False,,,277.4860326618799,,,,0,0,0,Llenando ventana
1014,4,PSO,poblacional,400.0116311984099,400.01163501351965,False,False,,,277.4852868685999,,,,0,0,0,Llenando ventana
1015,4,PSO,poblacional,400.0116209069488,400.0116209069488,False,False,,,277.4844484521702,,,,0,0,0,Llenando ventana
1016,4,PSO,poblacional,400.0115980680973,400.0115980680973,False,False,,,277.4834765263049,,,,0,0,0,Llenando ventana
1017,4,PSO,poblacional,400.01159253171335,400.01159253171335,False,False,,,277.482614644944,,,,0,0,0,Llenando ventana
1018,4,PSO,poblacional,400.011586269065,400.011586269065,False,False,,,277.4817351544358,,,,0,0,0,Llenando ventana
1019,4,PSO,poblacional,400.01156269914287,400.01156269914287,False,False,,,277.480687373167,,,,0,0,0,Llenando ventana
1020,4,PSO,poblacional,400.0115624362001,400.0115624362001,False,False,,,277.47980221486813,,,,0,0,0,Llenando ventana
1021,4,PSO,poblacional,400.011505560605,400.011505560605,False,False,,,277.4784070168124,,,,0,0,0,Llenando ventana
1022,4,PSO,poblacional,400.01147696868486,400.01147696868486,False,False,,,277.4771526206416,,,,0,0,0,Llenando ventana
1023,4,PSO,poblacional,400.01141963692163,400.01141963692163,False,False,,,277.47558238204255,,,,0,0,0,Llenando ventana
1024,4,PSO,poblacional,400.01140158409595,400.01140158409595,False,False,,,277.47425099035496,,,,0,0,0,Llenando ventana
1025,4,PSO,poblacional,400.0113997625115,400.0113997625115,False,False,,,277.47302957418685,,,,0,0,0,Llenando ventana
1026,4,PSO,poblacional,400.0113997625115,400.01140378574166,False,False,,,277.4718209091101,,,,0,0,0,Llenando ventana
1027,4,PSO,poblacional,400.0113940254441,400.0113940254441,False,False,,,277.47056061042673,,,,0,0,0,Llenando ventana
1028,4,PSO,poblacional,400.0113347276696,400.0113347276696,False,False,,,277.4688067912447,,,,0,0,0,Llenando ventana
1029,4,PSO,poblacional,400.0113347276696,400.0113422179362,False,False,,,277.4674680564841,,,,0,0,0,Llenando ventana
1030,4,PSO,poblacional,400.0113347276696,400.0113377816788,False,False,,,277.46612932172354,,,,0,0,0,Llenando ventana
1031,4,PSO,poblacional,400.0113347276696,400.01138980553327,False,False,,,277.4647981823557,,,,0,0,0,Llenando ventana
1032,4,PSO,poblacional,400.0113347276696,400.0113506142609,False,False,,,277.4634670429879,,,,0,0,0,Llenando ventana
1033,4,PSO,poblacional,400.01132496147494,400.01132496147494,False,False,,,277.4620480078683,,,,0,0,0,Llenando ventana
1034,4,PSO,poblacional,400.01132496147494,400.0113283112655,False,False,,,277.46070764092843,,,,0,0,0,Llenando ventana
1035,4,PSO,poblacional,400.01132496147494,400.01132715194916,False,False,,,277.45936727398856,,,,0,0,0,Llenando ventana
1036,4,PSO,poblacional,400.01132496147494,400.0113292627057,False,False,,,277.4580269070487,,,,0,0,0,Llenando ventana
1037,4,PSO,poblacional,400.0113107966491,400.0113107966491,False,False,,,277.4565590566765,,,,0,0,0,Llenando ventana
1038,4,PSO,poblacional,400.0113107966491,400.0113166343614,False,False,,,277.4557258352725,,,,0,0,0,Llenando ventana
1039,4,PSO,poblacional,400.0113030006088,400.0113030006088,False,False,,,277.4542897338942,,,,0,0,0,Llenando ventana
1040,4,PSO,poblacional,400.0113030006088,400.0113047774062,False,False,,,277.45290820479823,,,,0,0,0,Llenando ventana
1041,4,PSO,poblacional,400.01130168300915,400.01130168300915,False,False,,,277.45224921061936,,,,0,0,0,Llenando ventana
1042,4,PSO,poblacional,400.0112968523343,400.0112968523343,False,False,,,277.4508294739489,,,,0,0,0,Llenando ventana
1043,4,PSO,poblacional,400.0112963427458,400.0112963427458,False,False,,,277.44943896570635,,,,0,0,0,Llenando ventana
1044,4,PSO,poblacional,400.0112958485009,400.0112958485009,False,False,,,277.44804757637854,,,,0,0,0,Llenando ventana
1045,4,PSO,poblacional,400.0112958485009,400.0112968117656,False,False,,,277.44665975488425,,,,0,0,0,Llenando ventana
1046,4,PSO,poblacional,400.0112953177828,400.0112953177828,False,False,,,277.4454617070498,,,,0,0,0,Llenando ventana
1047,4,PSO,poblacional,400.0112921907543,400.0112921907543,False,False,,,277.44404487736915,,,,0,0,0,Llenando ventana
1048,4,PSO,poblacional,400.01128499682517,400.01128499682517,False,False,,,277.44314240227607,,,,0,0,0,Llenando ventana
1049,4,PSO,poblacional,400.0112787866147,400.0112787866147,False,False,,,277.44168633933316,,,,0,0,0,Llenando ventana
1050,4,PSO,poblacional,400.0112751227124,400.0112751227124,False,False,,,277.44025085839206,,,,0,0,0,Llenando ventana
1051,4,PSO,poblacional,400.01127245229304,400.01127245229304,False,False,,,277.43883269794213,,,,0,0,0,Llenando ventana
1052,4,PSO,poblacional,400.01125775131476,400.01125775131476,False,False,,,277.4373315314846,,,,0,0,0,Llenando ventana
1053,4,PSO,poblacional,400.0112547771353,400.0112547771353,False,False,,,277.43590794699844,,,,0,0,0,Llenando ventana
1054,4,PSO,poblacional,400.01125399900735,400.01125399900735,False,False,,,277.43452025998005,,,,0,0,0,Llenando ventana
1055,4,PSO,poblacional,400.01125399900735,400.0112548824574,False,False,,,277.4331562438902,,,,0,0,0,Llenando ventana
1056,4,PSO,poblacional,400.011253620777,400.011253620777,False,False,,,277.43246656958365,,,,0,0,0,Llenando ventana
1057,4,PSO,poblacional,400.011253620777,400.0112537513422,False,False,,,277.4318497258383,,,,0,0,0,Llenando ventana
1058,4,PSO,poblacional,400.0112527746517,400.0112527746517,False,False,,,277.43162620645217,,,,0,0,0,Llenando ventana
1059,4,PSO,poblacional,400.0112527746517,400.01125426236496,False,False,,,277.4319218872427,,,,0,0,0,Llenando ventana
1060,4,PSO,poblacional,400.0112524089738,400.0112524089738,False,False,,,277.4312576809061,,,,0,0,0,Llenando ventana
1061,4,PSO,poblacional,400.0112524089738,400.01125309006244,False,False,,,277.4305515010686,,,,0,0,0,Llenando ventana
1062,4,PSO,poblacional,400.0112505791766,400.0112505791766,False,False,,,277.4315321788293,,,,0,0,0,Llenando ventana
1063,4,PSO,poblacional,400.01124947470106,400.01124947470106,False,False,,,277.43253802789724,,,,0,0,0,Llenando ventana
1064,4,PSO,poblacional,400.01124660473704,400.01124660473704,False,False,,,277.4315924449426,,,,0,0,0,Llenando ventana
1065,4,PSO,poblacional,400.01124660473704,400.0112470169203,False,False,,,277.4306627909236,,,,0,0,0,Llenando ventana
1066,4,PSO,poblacional,400.0112462885521,400.0112462885521,False,False,,,277.42941999110036,,,,0,0,0,Llenando ventana
1067,4,PSO,poblacional,400.01124602535356,400.01124602535356,False,False,,,277.429966334898,,,,0,0,0,Llenando ventana
1068,4,PSO,poblacional,400.01124596197855,400.01124596197855,False,False,,,277.42981611589585,,,,0,0,0,Llenando ventana
1069,4,PSO,poblacional,400.01124596197855,400.01124597683963,False,False,,,277.430237372807,,,,0,0,0,Llenando ventana
1070,4,PSO,poblacional,400.0112459356896,400.0112459356896,False,False,,,277.4304038467144,,,,0,0,0,Llenando ventana
1071,4,PSO,poblacional,400.01124577796645,400.01124577796645,False,False,,,277.42945350012843,,,,0,0,0,Llenando ventana
1072,4,PSO,poblacional,400.0112456074718,400.0112456074718,False,False,,,277.4286857241409,,,,0,0,0,Llenando ventana
1073,4,PSO,poblacional,400.0112456074718,400.01124563986247,False,False,,,277.42894664027807,,,,0,0,0,Llenando ventana
1074,4,PSO,poblacional,400.01124495957123,400.01124495957123,False,False,,,277.4302642411677,,,,0,0,0,Llenando ventana
1075,4,PSO,poblacional,400.01124495957123,400.0112450706868,False,False,,,277.43201496717126,,,,0,0,0,Llenando ventana
1076,4,PSO,poblacional,400.01124478820174,400.01124478820174,False,False,,,277.4346787435601,,,,0,0,0,Llenando ventana
1077,4,PSO,poblacional,400.01124385274164,400.01124385274164,False,False,,,277.4415781938447,,,,0,0,0,Llenando ventana
1078,4,PSO,poblacional,400.01124371711944,400.01124371711944,False,False,,,277.4452048294067,,,,0,0,0,Llenando ventana
1079,4,PSO,poblacional,400.01124371711944,400.01124436641186,False,False,,,277.4443971066448,,,,0,0,0,Llenando ventana
1080,4,PSO,poblacional,400.01124371711944,400.01124380601726,False,False,,,277.4461195349721,,,,0,0,0,Llenando ventana
1081,4,PSO,poblacional,400.01124371711944,400.01124372559457,False,False,,,277.4454091280039,,,,0,0,0,Llenando ventana
1082,4,PSO,poblacional,400.0112423559405,400.0112423559405,False,False,,,277.44858339898855,,,,0,0,0,Llenando ventana
1083,4,PSO,poblacional,400.0112420527512,400.0112420527512,False,False,,,277.447869245971,,,,0,0,0,Llenando ventana
1084,4,PSO,poblacional,400.0112420527512,400.0112423654826,False,False,,,277.44716828804667,,,,0,0,0,Llenando ventana
1085,4,PSO,poblacional,400.0112418531903,400.0112418531903,False,False,,,277.44745229744876,,,,0,0,0,Llenando ventana
1086,4,PSO,poblacional,400.0112418531903,400.0112418982938,False,False,,,277.4496012423406,,,,0,0,0,Llenando ventana
1087,4,PSO,poblacional,400.0112415393299,400.0112415393299,False,False,,,277.45126684434166,,,,0,0,0,Llenando ventana
1088,4,PSO,poblacional,400.01124086300626,400.01124086300626,False,False,,,277.4507327148789,,,,0,0,0,Llenando ventana
1089,4,PSO,poblacional,400.0112405518961,400.0112405518961,False,False,,,277.45170879954253,,,,0,0,0,Llenando ventana
1090,4,PSO,poblacional,400.011240014843,400.011240014843,False,False,,,277.45456607407004,,,,0,0,0,Llenando ventana
1091,4,PSO,poblacional,400.0112397877544,400.0112397877544,False,False,,,277.4549923706321,,,,0,0,0,Llenando ventana
1092,4,PSO,poblacional,400.01123976919786,400.01123976919786,False,False,,,277.45553505549225,,,,0,0,0,Llenando ventana
1093,4,PSO,poblacional,400.01123976919786,400.01123982500644,False,False,,,277.4585819245593,,,,0,0,0,Llenando ventana
1094,4,PSO,poblacional,400.01123976919786,400.01123981661465,False,False,,,277.45829685837214,,,,0,0,0,Llenando ventana
1095,4,PSO,poblacional,400.01123976919786,400.0112398152903,False,False,,,277.4660700411389,,,,0,0,0,Llenando ventana
1096,4,PSO,poblacional,400.0112396912105,400.0112396912105,False,False,,,277.4698923483965,,,,0,0,0,Llenando ventana
1097,4,PSO,poblacional,400.0112389758414,400.0112389758414,False,False,,,277.4778740248845,,,,0,0,0,Llenando ventana
1098,4,PSO,poblacional,400.01123813727594,400.01123813727594,False,False,,,277.4802204225598,,,,0,0,0,Llenando ventana
1099,4,PSO,poblacional,400.01123753547574,400.01123753547574,False,False,,,277.4802786689819,,,,0,0,0,Llenando ventana
1100,4,PSO,poblacional,400.0112365942527,400.0112365942527,False,False,,,277.48009534597605,,,,0,0,0,Llenando ventana
1101,4,PSO,poblacional,400.0112358893713,400.0112358893713,False,False,,,277.4807211941018,,,,0,0,0,Llenando ventana
1102,4,PSO,poblacional,400.011234875241,400.011234875241,False,False,,,277.48889490892606,,,,0,0,0,Llenando ventana
1103,4,PSO,poblacional,400.01123455365894,400.01123455365894,False,False,,,277.4887118422198,,,,0,0,0,Llenando ventana
1104,4,PSO,poblacional,400.0112336470132,400.0112336470132,False,False,,,277.48855119642803,,,,0,0,0,Llenando ventana
1105,4,PSO,poblacional,400.0112331015165,400.0112331015165,False,False,,,277.48839198768565,,,,0,0,0,Llenando ventana
1106,4,PSO,poblacional,400.01123305452165,400.01123305452165,False,False,,,277.4882517665475,,,,0,0,0,Llenando ventana
1107,4,PSO,poblacional,400.0112328915607,400.0112328915607,False,False,,,277.48948744116865,,,,0,0,0,Llenando ventana
1108,4,PSO,poblacional,400.01123067908003,400.01123067908003,False,False,,,277.48932994594554,,,,0,0,0,Llenando ventana
1109,4,PSO,poblacional,400.0112304187114,400.0112304187114,False,False,,,277.48919525611956,,,,0,0,0,Llenando ventana
1110,4,PSO,poblacional,400.01122991705444,400.01122991705444,False,False,,,277.4890588931379,,,,0,0,0,Llenando ventana
1111,4,PSO,poblacional,400.0112281893472,400.0112281893472,False,False,,,277.49090872131967,,,,0,0,0,Llenando ventana
1112,4,PSO,poblacional,400.0112280699781,400.0112280699781,False,False,,,277.4907723286901,,,,0,0,0,Llenando ventana
1113,4,PSO,poblacional,400.0112277711524,400.0112277711524,False,False,,,277.4917343853369,,,,0,0,0,Llenando ventana
1114,4,PSO,poblacional,400.0112274671034,400.0112274671034,False,False,,,277.4916028096923,,,,0,0,0,Llenando ventana
1115,4,PSO,poblacional,400.0112274671034,400.0112279362384,False,False,,,277.4916735317981,,,,0,0,0,Llenando ventana
1116,4,PSO,poblacional,400.01122672002015,400.01122672002015,False,False,,,277.49224529418245,,,,0,0,0,Llenando ventana
1117,4,PSO,poblacional,400.01122324173866,400.01122324173866,False,False,,,277.4921890362375,,,,0,0,0,Llenando ventana
1118,4,PSO,poblacional,400.01120782626964,400.01120782626964,False,False,,,277.4920215644446,,,,0,0,0,Llenando ventana
1119,4,PSO,poblacional,400.0111774666958,400.0111774666958,False,False,,,277.4916484781899,,,,0,0,0,Llenando ventana
1120,4,PSO,poblacional,400.0111527206324,400.0111527206324,False,False,,,277.4913459739881,,,,0,0,0,Llenando ventana
1121,4,PSO,poblacional,400.0111509431051,400.0111509431051,False,False,,,277.4915683305099,,,,0,0,0,Llenando ventana
1122,4,PSO,poblacional,400.0111311107052,400.0111311107052,False,False,,,277.4921980711164,,,,0,0,0,Llenando ventana
1123,4,PSO,poblacional,400.01110359187203,400.01110359187203,False,False,,,277.4925810211508,,,,0,0,0,Llenando ventana
1124,4,PSO,poblacional,400.01108750868656,400.01108750868656,False,False,,,277.49265282489665,,,,0,0,0,Llenando ventana
1125,4,PSO,poblacional,400.0110852665342,400.0110852665342,False,False,,,277.4926786427235,,,,0,0,0,Llenando ventana
1126,4,PSO,poblacional,400.0110827616083,400.0110827616083,False,False,,,277.4943939200931,,,,0,0,0,Llenando ventana
1127,4,PSO,poblacional,400.011066940371,400.011066940371,False,False,,,277.49433159352714,,,,0,0,0,Llenando ventana
1128,4,PSO,poblacional,400.011066940371,400.0110704392332,False,False,,,277.4940703723652,,,,0,0,0,Llenando ventana
1129,4,PSO,poblacional,400.011066940371,400.01106817664595,False,False,,,277.493703094754,,,,0,0,0,Llenando ventana
1130,4,PSO,poblacional,400.01106035352507,400.01106035352507,False,False,,,277.4933320749624,,,,0,0,0,Llenando ventana
1131,4,PSO,poblacional,400.01105393654024,400.01105393654024,False,False,,,277.49290181967496,,,,0,0,0,Llenando ventana
1132,4,PSO,poblacional,400.01105393654024,400.01105503695,False,False,,,277.4926357869431,,,,0,0,0,Llenando ventana
1133,4,PSO,poblacional,400.01104731053937,400.01104731053937,False,False,,,277.4921914489115,,,,0,0,0,Llenando ventana
1134,4,PSO,poblacional,400.01103661930586,400.01103661930586,False,False,,,277.49174935876823,,,,0,0,0,Llenando ventana
1135,4,PSO,poblacional,400.01103661930586,400.0110399448534,False,False,,,277.49133067342285,,,,0,0,0,Llenando ventana
1136,4,PSO,poblacional,400.01103661930586,400.01104449809725,False,False,,,277.49116998948455,,,,0,0,0,Llenando ventana
1137,4,PSO,poblacional,400.01103661930586,400.01104077086717,False,False,,,277.49090708776674,,,,0,0,0,Llenando ventana
1138,4,PSO,poblacional,400.01103661930586,400.01104109071997,False,False,,,277.4908934353725,,,,0,0,0,Llenando ventana
1139,4,PSO,poblacional,400.01103515812343,400.01103515812343,False,False,,,277.4904623083989,,,,0,0,0,Llenando ventana
1140,4,PSO,poblacional,400.0110272643465,400.0110272643465,False,False,,,277.49001494778423,,,,0,0,0,Llenando ventana
1141,4,PSO,poblacional,400.01101770563923,400.01101770563923,False,False,,,277.4895306399659,,,,0,0,0,Llenando ventana
1142,4,PSO,poblacional,400.0110145735895,400.0110145735895,False,False,,,277.4890568795308,,,,0,0,0,Llenando ventana
1143,4,PSO,poblacional,400.01101279256153,400.01101279256153,False,False,,,277.48858042105473,,,,0,0,0,Llenando ventana
1144,4,PSO,poblacional,400.0110090422384,400.0110090422384,False,False,,,277.4880882545276,,,,0,0,0,Llenando ventana
1145,4,PSO,poblacional,400.0110090422384,400.01101127790986,False,False,,,277.4876411437297,,,,0,0,0,Llenando ventana
1146,4,PSO,poblacional,400.0110090422384,400.0110114229317,False,False,,,277.4871958337165,,,,0,0,0,Llenando ventana
1147,4,PSO,poblacional,400.0110090422384,400.01100937685646,False,False,,,277.48672648395444,,,,0,0,0,Llenando ventana
1148,4,PSO,poblacional,400.01100867375516,400.01100867375516,False,False,,,277.4863451718205,,,,0,0,0,Llenando ventana
1149,4,PSO,poblacional,400.0110015039484,400.0110015039484,False,False,,,277.4858132791892,,,,0,0,0,Llenando ventana
1150,4,PSO,poblacional,400.01099539061903,400.01099539061903,False,False,,,277.4853013247176,,,,0,0,0,Llenando ventana
1151,4,PSO,poblacional,400.010994344476,400.010994344476,False,False,,,277.4849304850391,,,,0,0,0,Llenando ventana
1152,4,PSO,poblacional,400.010994344476,400.01099551800536,False,False,,,277.4844545903409,,,,0,0,0,Llenando ventana
1153,4,PSO,poblacional,400.0109900533558,400.0109900533558,False,False,,,277.4839209528304,,,,0,0,0,Llenando ventana
1154,4,PSO,poblacional,400.01098666581834,400.01098666581834,False,False,,,277.48338749304514,,,,0,0,0,Llenando ventana
1155,4,PSO,poblacional,400.0109848823494,400.0109848823494,False,False,,,277.48286304744903,,,,0,0,0,Llenando ventana
1156,4,PSO,poblacional,400.0109792601867,400.0109792601867,False,False,,,277.4824930351203,,,,0,0,0,Llenando ventana
1157,4,PSO,poblacional,400.0109772169056,400.0109772169056,False,False,,,277.4819958859726,,,,0,0,0,Llenando ventana
1158,4,PSO,poblacional,400.01096986095166,400.01096986095166,False,False,,,277.48140454068965,,,,0,0,0,Llenando ventana
1159,4,PSO,poblacional,400.01096683008024,400.01096683008024,False,False,,,277.4808655844375,,,,0,0,0,Llenando ventana
1160,4,PSO,poblacional,400.0109659878189,400.0109659878189,False,False,,,277.4803121258503,,,,0,0,0,Llenando ventana
1161,4,PSO,poblacional,400.01096140567995,400.01096140567995,False,False,,,277.4797675781618,,,,0,0,0,Llenando ventana
1162,4,PSO,poblacional,400.0109528009235,400.0109528009235,False,False,,,277.4792287699489,,,,0,0,0,Llenando ventana
1163,4,PSO,poblacional,400.0109528009235,400.010956861475,False,False,,,277.478698855909,,,,0,0,0,Llenando ventana
1164,4,PSO,poblacional,400.0109528009235,400.0109533527679,False,False,,,277.4782022305599,,,,0,0,0,Llenando ventana
1165,4,PSO,poblacional,400.0109528009235,400.01095609841894,False,False,,,277.47766357734844,,,,0,0,0,Llenando ventana
1166,4,PSO,poblacional,400.0109521728128,400.0109521728128,False,False,,,277.47709107171863,,,,0,0,0,Llenando ventana
1167,4,PSO,poblacional,400.0109509222302,400.0109509222302,False,False,,,277.4765109735958,,,,0,0,0,Llenando ventana
1168,4,PSO,poblacional,400.0109478758622,400.0109478758622,False,False,,,277.4759136220015,,,,0,0,0,Llenando ventana
1169,4,PSO,poblacional,400.0109478758622,400.010949632832,False,False,,,277.47533962324394,,,,0,0,0,Llenando ventana
1170,4,PSO,poblacional,400.0109474452228,400.0109474452228,False,False,,,277.4747733881127,,,,0,0,0,Llenando ventana
1171,4,PSO,poblacional,400.01094464900814,400.01094464900814,False,False,,,277.4742766856404,,,,0,0,0,Llenando ventana
1172,4,PSO,poblacional,400.0109433595602,400.0109433595602,False,False,,,277.47380641332546,,,,0,0,0,Llenando ventana
1173,4,PSO,poblacional,400.01094006650607,400.01094006650607,False,False,,,277.4732822397429,,,,0,0,0,Llenando ventana
1174,4,PSO,poblacional,400.0109387783195,400.0109387783195,False,False,,,277.47281770840436,,,,0,0,0,Llenando ventana
1175,4,PSO,poblacional,400.0109321281191,400.0109321281191,False,False,,,277.4722734433596,,,,0,0,0,Llenando ventana
1176,4,PSO,poblacional,400.01092540174596,400.01092540174596,False,False,,,277.4717593171896,,,,0,0,0,Llenando ventana
1177,4,PSO,poblacional,400.0109154964868,400.0109154964868,False,False,,,277.4711064823072,,,,0,0,0,Llenando ventana
1178,4,PSO,poblacional,400.0109060993645,400.0109060993645,False,False,,,277.47052435953066,,,,0,0,0,Llenando ventana
1179,4,PSO,poblacional,400.01089720449653,400.01089720449653,False,False,,,277.4698772795311,,,,0,0,0,Llenando ventana
1180,4,PSO,poblacional,400.01089628417213,400.01089628417213,False,False,,,277.4692144895725,,,,0,0,0,Llenando ventana
1181,4,PSO,poblacional,400.01089628417213,400.01090124091445,False,False,,,277.46857510120105,,,,0,0,0,Llenando ventana
1182,4,PSO,poblacional,400.0108926330434,400.0108926330434,False,False,,,277.4681918349578,,,,0,0,0,Llenando ventana
1183,4,PSO,poblacional,400.0108926330434,400.0108936493065,False,False,,,277.4675603729781,,,,0,0,0,Llenando ventana
1184,4,PSO,poblacional,400.0108926330434,400.01089401733105,False,False,,,277.46696988922236,,,,0,0,0,Llenando ventana
1185,4,PSO,poblacional,400.0108926330434,400.01089559105134,False,False,,,277.46658310948914,,,,0,0,0,Llenando ventana
1186,4,PSO,poblacional,400.0108907809124,400.0108907809124,False,False,,,277.46601360405316,,,,0,0,0,Llenando ventana
1187,4,PSO,poblacional,400.0108862798485,400.0108862798485,False,False,,,277.465491349459,,,,0,0,0,Llenando ventana
1188,4,PSO,poblacional,400.01088227691275,400.01088227691275,False,False,,,277.4649688674286,,,,0,0,0,Llenando ventana
1189,4,PSO,poblacional,400.01088121753,400.01088121753,False,False,,,277.46446166539914,,,,0,0,0,Llenando ventana
1190,4,PSO,poblacional,400.01087997253507,400.01087997253507,False,False,,,277.46411105050254,,,,0,0,0,Llenando ventana
1191,4,PSO,poblacional,400.0108798797047,400.0108798797047,False,False,,,277.4641855804157,,,,0,0,0,Llenando ventana
1192,4,PSO,poblacional,400.0108752918419,400.0108752918419,False,False,,,277.46590709712353,,,,0,0,0,Llenando ventana
1193,4,PSO,poblacional,400.01087120379344,400.01087120379344,False,False,,,277.4697360650643,,,,0,0,0,Llenando ventana
1194,4,PSO,poblacional,400.01087120379344,400.0108758900792,False,False,,,277.472833786847,,,,0,0,0,Llenando ventana
1195,4,PSO,poblacional,400.01087120379344,400.01087159592106,False,False,,,277.4726929450415,,,,0,0,0,Llenando ventana
1196,4,PSO,poblacional,400.01087063926394,400.01087063926394,False,False,,,277.4750927595088,,,,0,0,0,Llenando ventana
1197,4,PSO,poblacional,400.01087063926394,400.0108715838516,False,False,,,277.4785934864647,,,,0,0,0,Llenando ventana
1198,4,PSO,poblacional,400.0108684712428,400.0108684712428,False,False,,,277.48047510887346,,,,0,0,0,Llenando ventana
1199,4,PSO,poblacional,400.01086739014283,400.01086739014283,False,False,,,277.4804105918579,,,,0,0,0,Llenando ventana
1200,4,PSO,poblacional,400.01086739014283,400.0108688299847,False,False,,,277.48040394562105,,,,0,0,0,Llenando ventana
