iteracion,epoch,mh,tipo,fitness_best,fitness_instantaneo,dtw_ready,dtw_fire,D1_vs_ramp,D2_vs_const,dtw_delta,theta_c,theta_r,theta_delta,no_improve_len,trigger_streak,window_n,estado_dtw
1,1,WOA,poblacional,3270.785765931796,3270.785765931796,False,False,,,,,,,0,0,1,Llenando ventana
2,1,WOA,poblacional,3138.671050600227,3138.671050600227,False,False,,,,,,,0,0,2,Llenando ventana
3,1,WOA,poblacional,3084.6253092140696,3084.6253092140696,False,False,,,,,,,0,0,3,Llenando ventana
4,1,WOA,poblacional,3063.526004030609,3063.526004030609,False,False,,,,,,,0,0,4,Llenando ventana
5,1,WOA,poblacional,3007.2326691171775,3007.2326691171775,False,False,,,,,,,0,0,5,Llenando ventana
6,1,WOA,poblacional,2972.3235595531246,2972.3235595531246,False,False,,,,,,,0,0,6,Llenando ventana
7,1,WOA,poblacional,2957.0228368521243,2957.0228368521243,False,False,,,,,,,0,0,7,Llenando ventana
8,1,WOA,poblacional,2938.5368098125828,2938.5368098125828,False,False,,,,,,,0,0,8,Llenando ventana
9,1,WOA,poblacional,2938.365593348618,2938.365593348618,False,False,,,,,,,0,0,9,Llenando ventana
10,1,WOA,poblacional,2938.253129383241,2938.253129383241,False,False,,,,,,,0,0,10,Llenando ventana
11,1,WOA,poblacional,2935.6600145851335,2935.6600145851335,False,False,,,,,,,0,0,11,Llenando ventana
12,1,WOA,poblacional,2935.5938721716902,2935.5938721716902,False,False,,,,,,,0,0,12,Llenando ventana
13,1,WOA,poblacional,2933.589652182558,2933.589652182558,False,False,,,,,,,0,0,13,Llenando ventana
14,1,WOA,poblacional,2931.149630783195,2931.149630783195,False,False,,,,,,,0,0,14,Llenando ventana
15,1,WOA,poblacional,2924.3094263154,2924.3094263154,False,False,,,,,,,0,0,15,Llenando ventana
16,1,WOA,poblacional,2914.6877235932943,2914.6877235932943,False,False,,,,,,,0,0,16,Llenando ventana
17,1,WOA,poblacional,2914.0076905128926,2914.0076905128926,False,False,,,,,,,0,0,17,Llenando ventana
18,1,WOA,poblacional,2912.464221749693,2912.464221749693,False,False,,,,,,,0,0,18,Llenando ventana
19,1,WOA,poblacional,2910.834676340701,2910.834676340701,False,False,,,,,,,0,0,19,Llenando ventana
20,1,WOA,poblacional,2907.6673043339933,2907.6673043339933,False,False,,,,,,,0,0,20,Llenando ventana
21,1,WOA,poblacional,2906.5821579268686,2906.5821579268686,False,False,,,,,,,0,0,21,Llenando ventana
22,1,WOA,poblacional,2906.546229230189,2906.546229230189,False,False,,,,,,,0,0,22,Llenando ventana
23,1,WOA,poblacional,2906.537547363303,2906.537547363303,False,False,,,,,,,0,0,23,Llenando ventana
24,1,WOA,poblacional,2906.3507353538976,2906.3507353538976,False,False,,,,,,,0,0,24,Llenando ventana
25,1,WOA,poblacional,2905.908475167418,2905.908475167418,False,False,,,,,,,0,0,25,Llenando ventana
26,1,WOA,poblacional,2905.835095857446,2905.835095857446,False,False,,,,,,,0,0,26,Llenando ventana
27,1,WOA,poblacional,2905.66852369758,2905.66852369758,False,False,,,,,,,0,0,27,Llenando ventana
28,1,WOA,poblacional,2905.563383111395,2905.563383111395,False,False,,,,,,,0,0,28,Llenando ventana
29,1,WOA,poblacional,2905.4888724784905,2905.4888724784905,False,False,,,,,,,0,0,29,Llenando ventana
30,1,WOA,poblacional,2905.4032316067214,2905.4032316067214,False,False,,,,,,,0,0,30,Llenando ventana
31,1,WOA,poblacional,2905.3396129947723,2905.3396129947723,False,False,,,,,,,0,0,31,Llenando ventana
32,1,WOA,poblacional,2905.201076262261,2905.201076262261,False,False,,,,,,,0,0,32,Llenando ventana
33,1,WOA,poblacional,2905.187243111525,2905.187243111525,False,False,,,,,,,0,0,33,Llenando ventana
34,1,WOA,poblacional,2905.0676032943043,2905.0676032943043,False,False,,,,,,,0,0,34,Llenando ventana
35,1,WOA,poblacional,2904.983414962873,2904.983414962873,False,False,,,,,,,0,0,35,Llenando ventana
36,1,WOA,poblacional,2904.6966968861457,2904.6966968861457,False,False,,,,,,,0,0,36,Llenando ventana
37,1,WOA,poblacional,2904.614836101315,2904.614836101315,False,False,,,,,,,0,0,37,Llenando ventana
38,1,WOA,poblacional,2904.5574436835427,2904.5574436835427,False,False,,,,,,,0,0,38,Llenando ventana
39,1,WOA,poblacional,2904.47969632534,2904.47969632534,False,False,,,,,,,0,0,39,Llenando ventana
40,1,WOA,poblacional,2904.387657850547,2904.387657850547,False,False,,,,,,,0,0,40,Llenando ventana
41,1,WOA,poblacional,2904.3845373139893,2904.3845373139893,False,False,,,,,,,0,0,41,Llenando ventana
42,1,WOA,poblacional,2904.3377401751845,2904.3377401751845,False,False,,,,,,,0,0,42,Llenando ventana
43,1,WOA,poblacional,2904.2771589590075,2904.2771589590075,False,False,,,,,,,0,0,43,Llenando ventana
44,1,WOA,poblacional,2904.2771589590075,2904.2771589590075,False,False,,,,,,,1,0,44,Llenando ventana
45,1,WOA,poblacional,2904.2501588223986,2904.2501588223986,False,False,,,,,,,0,0,45,Llenando ventana
46,1,WOA,poblacional,2904.246665495024,2904.246665495024,False,False,,,,,,,0,0,46,Llenando ventana
47,1,WOA,poblacional,2904.217524676538,2904.217524676538,False,False,,,,,,,0,0,47,Llenando ventana
48,1,WOA,poblacional,2904.1867521424742,2904.1867521424742,False,False,,,,,,,0,0,48,Llenando ventana
49,1,WOA,poblacional,2904.150074621712,2904.150074621712,False,False,,,,,,,0,0,49,Llenando ventana
50,1,WOA,poblacional,2904.1104156132637,2904.1104156132637,False,False,,,,,,,0,0,50,Llenando ventana
51,1,WOA,poblacional,2904.108313497226,2904.108313497226,False,False,,,,,,,0,0,51,Llenando ventana
52,1,WOA,poblacional,2904.0892434665193,2904.0892434665193,False,False,,,,,,,0,0,52,Llenando ventana
53,1,WOA,poblacional,2904.0492850911132,2904.0492850911132,False,False,,,,,,,0,0,53,Llenando ventana
54,1,WOA,poblacional,2903.9951734894016,2903.9951734894016,False,False,,,,,,,0,0,54,Llenando ventana
55,1,WOA,poblacional,2903.972483649713,2903.972483649713,False,False,,,,,,,0,0,55,Llenando ventana
56,1,WOA,poblacional,2903.9489013330885,2903.9489013330885,False,False,,,,,,,0,0,56,Llenando ventana
57,1,WOA,poblacional,2903.9333263476015,2903.9333263476015,False,False,,,,,,,0,0,57,Llenando ventana
58,1,WOA,poblacional,2903.883350207091,2903.883350207091,False,False,,,,,,,0,0,58,Llenando ventana
59,1,WOA,poblacional,2903.8676029619805,2903.8676029619805,False,False,,,,,,,0,0,59,Llenando ventana
60,1,WOA,poblacional,2903.831706836669,2903.831706836669,False,False,,,,,,,0,0,60,Llenando ventana
61,1,WOA,poblacional,2903.814176964159,2903.814176964159,False,False,,,,,,,0,0,61,Llenando ventana
62,1,WOA,poblacional,2903.808704194923,2903.808704194923,False,False,,,,,,,0,0,62,Llenando ventana
63,1,WOA,poblacional,2903.804209899032,2903.804209899032,False,False,,,,,,,0,0,63,Llenando ventana
64,1,WOA,poblacional,2903.7962972404493,2903.7962972404493,False,False,,,,,,,0,0,64,Llenando ventana
65,1,WOA,poblacional,2903.789877335771,2903.789877335771,False,False,,,,,,,0,0,65,Llenando ventana
66,1,WOA,poblacional,2903.7525434035197,2903.7525434035197,False,False,,,,,,,0,0,66,Llenando ventana
67,1,WOA,poblacional,2903.743163232392,2903.743163232392,False,False,,,,,,,0,0,67,Llenando ventana
68,1,WOA,poblacional,2903.722711508505,2903.722711508505,False,False,,,,,,,0,0,68,Llenando ventana
69,1,WOA,poblacional,2903.684384848251,2903.684384848251,False,False,,,,,,,0,0,69,Llenando ventana
70,1,WOA,poblacional,2903.6526990777306,2903.6526990777306,False,False,,,,,,,0,0,70,Llenando ventana
71,1,WOA,poblacional,2903.639803963843,2903.639803963843,False,False,,,,,,,0,0,71,Llenando ventana
72,1,WOA,poblacional,2903.6063825577876,2903.6063825577876,False,False,,,,,,,0,0,72,Llenando ventana
73,1,WOA,poblacional,2903.5286285110037,2903.5286285110037,False,False,,,,,,,0,0,73,Llenando ventana
74,1,WOA,poblacional,2903.525299668467,2903.525299668467,False,False,,,,,,,0,0,74,Llenando ventana
75,1,WOA,poblacional,2903.512543249937,2903.512543249937,True,False,25710.026971891868,26033.726971891872,-323.70000000000437,7.5,37.5,22.5,0,0,75,Explotacion activa
76,1,WOA,poblacional,2903.512022154463,2903.512022154463,True,False,16168.697065801522,16492.397065801513,-323.69999999999163,7.5,37.5,22.5,0,0,76,Explotacion activa
77,1,WOA,poblacional,2903.4927977563616,2903.4927977563616,True,False,12350.444714683585,12674.144714683587,-323.70000000000255,7.5,37.5,22.5,0,0,77,Explotacion activa
78,1,WOA,poblacional,2903.4639641288636,2903.4639641288636,True,False,10949.158171009238,11272.858171009237,-323.6999999999989,7.5,37.5,22.5,0,0,78,Explotacion activa
79,1,WOA,poblacional,2903.4423320701044,2903.4423320701044,True,False,6887.241724462388,7210.94172446239,-323.70000000000164,7.5,37.5,22.5,0,0,79,Explotacion activa
80,1,WOA,poblacional,2903.4330129616637,2903.4330129616637,True,False,4372.858163313937,4696.558163313939,-323.70000000000164,7.5,37.5,22.5,0,0,80,Explotacion activa
81,1,WOA,poblacional,2903.4299657309634,2903.4299657309634,True,False,3294.197554561078,3617.8975545610792,-323.7000000000012,7.5,37.5,22.5,0,0,81,Explotacion activa
82,1,WOA,poblacional,2903.429727408843,2903.429727408843,True,False,1962.0979761400417,2285.038636038743,-322.94065989870114,7.5,37.5,22.5,0,0,82,Explotacion activa
83,1,WOA,poblacional,2903.42835877402,2903.42835877402,True,False,1984.2186045223038,2307.3058522799447,-323.08724775764085,7.5,37.5,22.5,0,0,83,Explotacion activa
84,1,WOA,poblacional,2903.4267735370495,2903.4267735370495,True,False,2010.109874688224,2333.809874688225,-323.7000000000012,3232.6712505992227,11369.544134111542,-323.69999999999675,0,0,84,Explotacion activa
85,1,WOA,poblacional,2903.425712841379,2903.425712841379,True,False,1851.4583996510487,2174.1536813720386,-322.6952817209899,2333.809874688225,10949.158171009238,-323.69999999999163,0,0,85,Explotacion activa
86,1,WOA,poblacional,2903.4222835908367,2903.4222835908367,True,False,1877.7307313580918,2201.430731358093,-323.7000000000012,2315.257059002429,9730.58323704518,-323.6999999999938,0,0,86,Explotacion activa
87,1,WOA,poblacional,2903.4197653695946,2903.4197653695946,True,False,1759.5883389752685,2083.2883389752697,-323.7000000000012,2298.398965783464,8512.008303081122,-323.699999999996,0,0,87,Explotacion activa
88,1,WOA,poblacional,2903.419062235247,2903.419062235247,True,False,1606.7573239703465,1930.4573239703477,-323.7000000000012,2276.677845570678,7293.433369117072,-323.69999999999817,0,0,88,Explotacion activa
89,1,WOA,poblacional,2903.418749507659,2903.418749507659,True,False,1121.472870161254,1445.172870161255,-323.7000000000012,2218.152312294223,6384.365012232695,-323.69999999999936,0,0,89,Explotacion activa
90,1,WOA,poblacional,2903.4113165197487,2903.4113165197487,True,False,419.3432757989922,744.443275798993,-325.1000000000008,2187.792206365066,5630.049943888163,-323.70000000000005,0,0,90,Explotacion activa
91,1,WOA,poblacional,2903.407953117618,2903.407953117618,True,False,381.02056524454065,704.7205652445418,-323.7000000000012,2155.980612892685,4875.734875543626,-323.7000000000007,0,0,91,Explotacion activa
92,1,WOA,poblacional,2903.4072826397482,2903.4072826397482,True,False,275.86081587771514,599.5608158777163,-323.7000000000012,2092.3748732149465,4264.99210243865,-323.7000000000012,0,0,92,Explotacion activa
93,1,WOA,poblacional,2903.4058875608353,2903.4058875608353,True,False,162.70324439218666,486.40324439218784,-323.7000000000012,1991.5897299723165,3941.3939198127932,-323.7000000000012,0,0,93,Explotacion activa
94,1,WOA,poblacional,2903.4057097433583,2903.4057097433583,True,False,67.5892756353478,256.27931048644086,-188.69003485109306,1784.87198782762,3617.7957371869347,-323.7000000000005,0,0,94,Explotacion activa
95,1,WOA,poblacional,2903.403261762587,2903.403261762587,True,False,99.11830108915319,179.15737252349163,-80.03907143433844,1445.172870161255,3294.197554561078,-323.6999999999989,0,0,95,Explotacion activa
96,1,WOA,poblacional,2903.396061069178,2903.396061069178,True,False,100.43266870576281,179.64881713021623,-79.21614842445342,954.6621541076715,2908.971250599221,-323.6999999999938,0,0,96,Explotacion activa
97,1,WOA,poblacional,2903.3938017555497,2903.3938017555497,True,False,100.35881602597601,182.15010458840288,-81.79128856242687,728.5541915772125,2523.7449466373637,-323.45489910305133,0,0,97,Explotacion activa
98,1,WOA,poblacional,2903.3938017555497,2903.3938017555497,True,False,108.85932165243958,171.2829494907469,-62.42362783830731,694.2045903078592,2138.5186426755067,-323.0725889717469,1,0,98,Explotacion activa
99,1,WOA,poblacional,2903.391877640471,2903.391877640471,True,False,131.34648326910474,141.07229321821706,-9.725809949112318,620.5927657510814,2004.9316206550398,-322.9699774704891,0,0,99,Explotacion activa
100,1,WOA,poblacional,2903.3810073178965,2903.3810073178965,True,False,134.8476367330054,138.09631281983138,-3.2486760868259807,542.9820301349521,1997.164239605264,-322.8179708098455,0,0,100,Explotacion activa
101,1,WOA,poblacional,2903.3750959557806,2903.3750959557806,True,False,143.4544347918045,128.06340073154206,15.391034060262427,440.3784576110384,1989.3968585554878,-295.89423234701064,0,0,101,Explotacion activa
102,1,WOA,poblacional,2903.3680727814717,2903.3680727814717,True,False,148.9185546483459,122.47830768378162,26.440246964564267,279.2917038770155,1982.0065416840775,-202.09055953808294,0,0,102,Explotacion activa
103,1,WOA,poblacional,2903.3563278865972,2903.3563278865972,True,False,152.50139385000057,119.09706544073833,33.404328409262234,211.8017869476181,1975.3703531693989,-124.55078707789357,0,0,103,Explotacion activa
104,1,WOA,poblacional,2903.3286486376437,2903.3286486376437,True,False,156.83509245356208,114.83422389890256,42.00086855465952,181.3997183509469,1968.7341646547204,-81.26562342400035,0,0,104,Explotacion activa
105,1,WOA,poblacional,2903.291851709366,2903.291851709366,True,False,159.753155718558,112.174207900076,47.57894781848199,179.64881713021623,1962.0979761400417,-80.03907143433844,0,0,105,Explotacion activa
106,1,WOA,poblacional,2903.2316671105323,2903.2316671105323,True,False,167.06190596090119,103.89189884595271,63.170007114948476,179.304805905509,1936.7878027054567,-79.46302532741893,0,0,106,Explotacion activa
107,1,WOA,poblacional,2903.217588846522,2903.217588846522,True,False,166.85826343209737,104.83789995649204,62.020363475605336,176.00760331039373,1911.4776292708716,-72.499140189995,0,0,107,Explotacion activa
108,1,WOA,poblacional,2903.1922427340887,2903.1922427340887,True,False,173.46758825428742,97.85991404238621,75.60767421190121,168.26188386349392,1886.1674558362865,-57.15384604938792,0,0,108,Explotacion activa
109,1,WOA,poblacional,2903.169922978859,2903.169922978859,True,False,177.83125001166627,93.44346950050249,84.38778051116378,147.114424472723,1872.476265016683,-20.265373526951464,0,0,109,Explotacion activa
110,1,WOA,poblacional,2903.157847481192,2903.157847481192,True,False,195.9088950034252,73.76518122761809,122.1437137758071,139.58430301902422,1864.5945655045703,-6.487243017969149,0,0,110,Explotacion activa
111,1,WOA,poblacional,2903.136971608519,2903.136971608519,True,False,200.46171102252265,69.18534764295737,131.27636337956528,136.0897304021735,1856.7128659924574,0.47926594259168764,0,0,111,Explotacion activa
112,1,WOA,poblacional,2903.114144344464,2903.114144344464,True,False,203.18540581328762,66.38160806687392,136.8037977464137,129.066691940371,1842.2713935834706,13.527063045553561,0,0,112,Explotacion activa
113,1,WOA,poblacional,2903.107208046828,2903.107208046828,True,False,207.57023205145924,62.00079183836806,145.56944021309118,124.7123449028858,1814.7103753807364,22.020561802843506,0,0,113,Explotacion activa
114,1,WOA,poblacional,2903.0815911607874,2903.0815911607874,True,False,212.9435544093826,56.49601139345714,156.44754301592548,121.46393501086864,1787.1493571780022,28.529471397973637,0,0,114,Explotacion activa
115,1,WOA,poblacional,2903.0593714476545,2903.0593714476545,True,False,211.97011508433206,57.59025755452831,154.37985752980376,119.09706544073833,1759.5883389752685,33.404328409262234,0,0,115,Explotacion activa
116,1,WOA,poblacional,2903.0511361009735,2903.0511361009735,True,False,214.2338316003893,55.41387335718582,158.81995824320347,116.1130763614533,1713.739034473792,39.421906511040326,0,0,116,Explotacion activa
117,1,WOA,poblacional,2903.049897186206,2903.049897186206,True,False,217.52019833328222,52.158125132883924,165.3620732003983,113.77021749937194,1667.889729972315,44.2321002601885,0,0,117,Explotacion activa
118,1,WOA,poblacional,2903.0489159410727,2903.0489159410727,True,False,216.54083433520145,53.386368150818726,163.15446618438273,111.44057710571761,1622.0404254708385,49.02308938419429,0,0,118,Explotacion activa
119,1,WOA,poblacional,2903.047564760103,2903.047564760103,True,False,217.52823733890273,52.59095210405758,164.93728523484515,106.30516154520882,1509.7004332085266,59.13208034418063,0,0,119,Explotacion activa
120,1,WOA,poblacional,2903.046506575296,2903.046506575296,True,False,216.8737681599282,53.53260479806522,163.34116336186298,104.36489940122237,1364.1150970657984,62.5951852952769,0,0,120,Explotacion activa
121,1,WOA,poblacional,2903.046030113267,2903.046030113267,True,False,218.03739166500736,52.547678793356226,165.48971287165114,102.6855018852394,1218.5297609230704,65.65754053433896,0,0,121,Explotacion activa
122,1,WOA,poblacional,2903.045746158118,2903.045746158118,True,False,219.360772471804,51.41151725701002,167.949255214794,98.46311252274286,1051.2599107250267,74.36390750220592,0,0,122,Explotacion activa
123,1,WOA,poblacional,2903.0423156704433,2903.0423156704433,True,False,221.1408101217753,49.80513967187835,171.33567044989695,95.21004731725597,840.6210324163453,80.8757379914587,0,0,123,Explotacion activa
124,1,WOA,poblacional,2903.0332657923145,2903.0332657923145,True,False,223.10508120100621,47.947522867651514,175.1575583333547,87.53998301863716,629.9821541076687,95.71456049055666,0,0,124,Explotacion activa
125,1,WOA,poblacional,2903.0257839069086,2903.0257839069086,True,False,222.41522441945608,48.87449587117135,173.54072854828473,73.76518122761809,419.3432757989922,122.1437137758071,0,0,125,Explotacion activa
126,1,WOA,poblacional,2902.999229448125,2902.999229448125,True,False,222.76576243318596,48.553327617274135,174.21243481591182,70.55929771835558,407.84646263265654,128.5365684984378,0,0,126,Explotacion activa
127,1,WOA,poblacional,2902.990352612478,2902.990352612478,True,False,224.75135189194407,46.65534031586094,178.09601157608313,68.06385181252399,396.3496494663212,133.48733712630465,0,0,127,Explotacion activa
128,1,WOA,poblacional,2902.9892714506173,2902.9892714506173,True,False,227.81841351198955,43.656983827986096,184.16142968400345,65.94352644402333,384.8528362999856,137.6803619930814,0,0,128,Explotacion activa
129,1,WOA,poblacional,2902.9861342774548,2902.9861342774548,True,False,228.6480635699295,42.96428506328721,185.68377850664228,62.87695508406923,359.98861537117523,143.81631171975567,0,0,129,Explotacion activa
130,1,WOA,poblacional,2902.9846868018276,2902.9846868018276,True,False,229.57185496295324,42.18340816433738,187.38844679861586,59.79552469644818,328.4406905611279,149.97464887144747,0,0,130,Explotacion activa
131,1,WOA,poblacional,2902.9842174389996,2902.9842174389996,True,False,229.8861930031253,41.97996814689441,187.9062248562309,57.371408322314075,296.89276575107976,154.79339462702808,0,0,131,Explotacion activa
132,1,WOA,poblacional,2902.984106855568,2902.984106855568,True,False,232.71742753604985,39.18097710065149,193.53645043539836,56.60543600956425,271.5464770435486,156.2407744673133,0,0,132,Explotacion activa
133,1,WOA,poblacional,2902.9840933417936,2902.9840933417936,True,False,233.1670329027561,38.899190582656956,194.26784232009913,55.84672857169435,258.7833026877313,157.87099215229227,0,0,133,Explotacion activa
134,1,WOA,poblacional,2902.9837893154695,2902.9837893154695,True,False,234.98231027514157,37.09079483081223,197.89151544432934,54.84949278944964,247.24586195591354,160.12031062555724,0,0,134,Explotacion activa
135,1,WOA,poblacional,2902.9834322770826,2902.9834322770826,True,False,235.53528084307572,36.62432895212669,198.91095189094904,53.53260479806522,235.53528084307572,163.15446618438273,0,0,135,Explotacion activa
136,1,WOA,poblacional,2902.982417706535,2902.982417706535,True,False,235.2904589766049,37.04563051705827,198.24482845954662,53.430239144992676,235.46183428313446,163.2851542086189,0,0,136,Explotacion activa
137,1,WOA,poblacional,2902.981011431127,2902.981011431127,True,False,234.98550018089873,37.53625108901679,197.44924909188194,53.06820173211427,235.38838772319323,163.97961211105584,0,0,137,Explotacion activa
138,1,WOA,poblacional,2902.979002564443,2902.979002564443,True,False,235.0222968310818,37.76800902992363,197.25428780115817,52.58662477298744,235.31494116325197,164.97976403140046,0,0,138,Explotacion activa
139,1,WOA,poblacional,2902.9779238601686,2902.9779238601686,True,False,234.9648736738336,38.10488955933215,196.85998411450146,52.5563334554965,235.23682654750027,165.27711560728767,0,0,139,Explotacion activa
140,1,WOA,poblacional,2902.9777629245473,2902.9777629245473,True,False,237.03811986089613,36.116959051702,200.92116080919413,52.352901963120075,235.4128699098403,165.42589303602472,0,0,140,Explotacion activa
141,1,WOA,poblacional,2902.9773462343287,2902.9773462343287,True,False,237.16013965272077,36.188643386311014,200.97149626640976,52.00880355770914,235.8358486466398,165.9816213402797,0,0,141,Explotacion activa
142,1,WOA,poblacional,2902.977294807177,2902.977294807177,True,False,238.07230452213025,35.42063252002299,202.65167200210726,51.48617804459741,236.88783595911408,167.7033009804797,0,0,142,Explotacion activa
143,1,WOA,poblacional,2902.977097070624,2902.977097070624,True,False,240.45061286641612,33.291747438826405,207.15886542758972,50.44769070593102,237.11133173599092,169.98110435585576,0,0,143,Explotacion activa
144,1,WOA,poblacional,2902.977051784223,2902.977051784223,True,False,242.2515839686248,31.622647713839342,210.62893625478546,49.52594653166625,237.4337891135436,171.99718787941327,0,0,144,Explotacion activa
145,1,WOA,poblacional,2902.9769197156043,2902.9769197156043,True,False,242.6643985023734,31.331293534389715,211.33310496798367,48.87449587117135,238.07230452213025,173.54072854828473,0,0,145,Explotacion activa
146,1,WOA,poblacional,2902.9767303078775,2902.9767303078775,True,False,244.61667897512598,29.48776173620263,215.12891723892335,48.6496780934433,239.73712036313034,174.01092293562368,0,0,146,Explotacion activa
147,1,WOA,poblacional,2902.9765121979535,2902.9765121979535,True,False,249.7928096509736,24.28607858724672,225.50673106372687,48.31100571742508,241.1710013072996,174.59048422288896,0,0,147,Explotacion activa
148,1,WOA,poblacional,2902.976143880652,2902.976143880652,True,False,249.58408114721942,24.588900027355066,224.99518111986436,47.81830461247245,242.29286542199966,175.45140365762754,0,0,148,Explotacion activa
149,1,WOA,poblacional,2902.975416587166,2902.975416587166,True,False,250.0957530619403,24.182051718907132,225.91370134303315,46.913776826219056,242.58183559562366,177.50832092753743,0,0,149,Explotacion activa
150,1,WOA,poblacional,2902.973848097831,2902.973848097831,True,False,249.6856817405228,24.68166471045288,225.00401703006992,45.15616207192352,243.64053873874968,181.1287206300433,0,0,150,Explotacion activa
151,1,WOA,poblacional,2902.971777520474,2902.971777520474,True,False,250.7304461169465,23.780079486835803,226.9503666301107,43.51844407504632,245.61015940954465,184.46589944853122,0,0,151,Explotacion activa
152,1,WOA,poblacional,2902.9706046120773,2902.9706046120773,True,False,252.37046396976848,22.139750568770978,230.2307134009975,43.033554939757096,249.08734093001007,185.5315436243784,0,0,152,Explotacion activa
153,1,WOA,poblacional,2902.969983863714,2902.969983863714,True,False,253.38321542023732,21.01132642697894,232.37188899325838,42.49575892391731,249.64504150320144,186.70657948182642,0,0,153,Explotacion activa
154,1,WOA,poblacional,2902.969078060008,2902.969078060008,True,False,253.56381534230286,20.785647304026497,232.77816803827636,42.12237615910449,249.71782011365804,187.54378021590037,0,0,154,Explotacion activa
155,1,WOA,poblacional,2902.9688772706263,2902.9688772706263,True,False,253.32729280464628,21.02124069254114,232.30605211210514,41.97996814689441,249.7928096509736,187.9062248562309,0,0,155,Explotacion activa
156,1,WOA,poblacional,2902.9638602638092,2902.9638602638092,True,False,252.86422999632578,21.469472000667793,231.39475799565798,40.020674414524365,250.00487003865027,191.8473827616481,0,0,156,Explotacion activa
157,1,WOA,poblacional,2902.9554882289053,2902.9554882289053,True,False,252.4585382485634,21.841063568885147,230.61747467967825,39.06826249345367,250.34963028394276,193.82900718927868,0,0,157,Explotacion activa
158,1,WOA,poblacional,2902.932128561275,2902.932128561275,True,False,251.94422731527266,22.21840100883219,229.72582630644047,38.819760480324476,250.8518242367791,194.52705649953936,0,0,158,Explotacion activa
159,1,WOA,poblacional,2902.8935299319646,2902.8935299319646,True,False,251.24978101385568,22.67209243864636,228.57768857520932,38.26374976399711,251.14591403447383,196.341555755621,0,0,159,Explotacion activa
160,1,WOA,poblacional,2902.7969356635513,2902.7969356635513,True,False,250.210825054025,23.04367582578925,227.16714922823576,37.93644929462789,250.9901135654011,197.05713595782981,0,0,160,Explotacion activa
161,1,WOA,poblacional,2902.6956641313354,2902.6956641313354,True,False,248.9746551659482,23.58142869213316,225.39322647381505,37.721657441742266,250.83431309632834,197.29328005930293,0,0,161,Explotacion activa
162,1,WOA,poblacional,2902.6724807412165,2902.6724807412165,True,False,248.1445008876899,24.275978244446378,223.86852264324352,37.55942688310747,250.67848401065436,197.42975296280957,0,0,162,Explotacion activa
163,1,WOA,poblacional,2902.668311489061,2902.668311489061,True,False,247.43120772937255,25.003274421520928,222.42793330785162,37.26897733409405,250.5225976917779,197.71460890335038,0,0,163,Explotacion activa
164,1,WOA,poblacional,2902.491287963588,2902.491287963588,True,False,245.80505421328917,25.373261872318835,220.43179234097033,37.07724553668604,250.36671137290145,197.99750934889454,0,0,164,Explotacion activa
165,1,WOA,poblacional,2902.2570927034753,2902.2570927034753,True,False,243.26847764524518,26.275230528795873,216.9932471164493,37.04563051705827,250.210825054025,198.24482845954662,0,0,165,Explotacion activa
166,1,WOA,poblacional,2902.124017957365,2902.124017957365,True,False,241.1294217559207,27.50887984881456,213.62054190710614,36.75071942160616,250.17630345639958,198.7111148615283,0,0,166,Explotacion activa
167,1,WOA,poblacional,2901.9785425359423,2901.9785425359423,True,False,238.82697955411595,28.832989034146067,209.99399051996988,36.45005472580042,250.14178185877418,199.71503545824706,0,0,167,Explotacion activa
168,1,WOA,poblacional,2901.895984665736,2901.895984665736,True,False,236.81249073115714,30.329555618476206,206.48293511268093,36.18147495285011,250.10726026114875,200.9261943549157,0,0,168,Explotacion activa
169,1,WOA,poblacional,2901.7823652500847,2901.7823652500847,True,False,234.63065098299785,31.76930155391028,202.86134942908757,36.1312959186238,250.03516437974696,200.96142917496664,0,0,169,Explotacion activa
170,1,WOA,poblacional,2901.687147320594,2901.687147320594,True,False,232.8171245515573,32.94536399021126,199.87176056134604,35.768795785862494,249.94428135645694,200.94632853780195,0,0,170,Explotacion activa
171,1,WOA,poblacional,2901.6204102757465,2901.6204102757465,True,False,230.83184786328047,34.55156626152757,196.2802816017529,35.246819268323904,249.85339833316692,200.93122790063725,0,0,171,Explotacion activa
172,1,WOA,poblacional,2901.531695011493,2901.531695011493,True,False,228.5487342694487,36.413673005584315,192.13506126386437,35.49026517319089,249.78209685992852,200.81622078440932,0,0,172,Explotacion activa
173,1,WOA,poblacional,2901.5021069021386,2901.5021069021386,True,False,226.78461070605272,38.161059228107206,188.6235514779455,35.69916313269459,249.74995848679328,200.5014007100549,0,0,173,Explotacion activa
174,1,WOA,poblacional,2901.4988380335035,2901.4988380335035,True,False,225.89389011975572,39.23882464197641,186.65506547777932,35.908061092198295,249.71782011365804,200.18658063570047,0,0,174,Explotacion activa
175,1,WOA,poblacional,2901.4860967033574,2901.4860967033574,True,False,224.562799851994,40.690383097818085,183.8724167541759,36.116959051702,249.6856817405228,199.87176056134604,0,0,175,Explotacion activa
176,1,WOA,poblacional,2901.425193607808,2901.425193607808,True,False,222.94410077747716,42.11354737262536,180.8305534048518,36.1384643520847,249.65520156253177,199.5835179602269,0,0,176,Explotacion activa
177,1,WOA,poblacional,2901.4106501986607,2901.4106501986607,True,False,221.99539111520426,43.19010283985017,178.8052882753541,36.15996965246741,249.62472138454078,199.29527535910782,0,0,177,Explotacion activa
178,1,WOA,poblacional,2901.366929299792,2901.366929299792,True,False,221.90482189379645,43.10355775514154,178.80126413865491,36.18147495285011,249.59424120654975,199.00703275798872,0,0,178,Explotacion activa
179,1,WOA,poblacional,2901.335715962203,2901.335715962203,True,False,222.6027159746368,42.33672080973929,180.2659951648975,36.233649310165674,249.46219595096517,198.77772720466857,0,0,179,Explotacion activa
180,1,WOA,poblacional,2901.2320137703964,2901.2320137703964,True,False,224.41068172330733,39.88271383619394,184.5279678871134,36.301158195947664,249.2793681565838,198.57789017524783,0,0,180,Explotacion activa
181,1,WOA,poblacional,2901.2139548204436,2901.2139548204436,True,False,223.47567542709203,40.844556325525446,182.63111910156658,36.368667081729654,249.09654036220243,198.3780531458271,0,0,181,Explotacion activa
182,1,WOA,poblacional,2901.151334509048,2901.151334509048,True,False,222.9864791961777,41.00985223049065,181.97662696568705,36.43473860023855,248.89163973812236,198.2094971580249,0,0,182,Explotacion activa
183,1,WOA,poblacional,2901.1419133030595,2901.1419133030595,True,False,222.60651438959894,41.38620001930394,181.220314370295,36.49793538420126,248.64259345464487,198.1035032534597,0,0,183,Explotacion activa
184,1,WOA,poblacional,2901.133178124598,2901.133178124598,True,False,221.48637640474908,42.517282548543335,178.96909385620575,36.56113216816397,248.3935471711674,197.99750934889454,0,0,184,Explotacion activa
185,1,WOA,poblacional,2901.132622867469,2901.132622867469,True,False,221.09792375235293,42.97681671178725,178.12110704056568,36.62432895212669,248.1445008876899,197.89151544432934,0,0,185,Explotacion activa
186,1,WOA,poblacional,2901.118003713952,2901.118003713952,True,False,220.82225474682627,43.28373980221477,177.5385149446115,36.75071942160616,247.9305129401947,197.75883553859512,0,0,186,Explotacion activa
187,1,WOA,poblacional,2901.113740445876,2901.113740445876,True,False,219.42871238566067,44.76392137810262,174.66479100755805,36.87710989108564,247.71652499269948,197.6261556328609,0,0,187,Explotacion activa
188,1,WOA,poblacional,2901.1090188656894,2901.1090188656894,True,False,219.2945818299927,44.84084410619971,174.45373772379298,37.00350036056511,247.50253704520426,197.49347572712668,0,0,188,Explotacion activa
189,1,WOA,poblacional,2901.1088251508822,2901.1088251508822,True,False,218.8586508885487,45.14713163113538,173.71151925741333,37.054663379809064,247.10597702615587,197.41025683373718,0,0,189,Explotacion activa
190,1,WOA,poblacional,2901.1088251508822,2901.1088251508822,True,False,217.48574902714336,46.4800269268344,171.00572210030896,37.06821267393525,246.61813097133086,197.35176844652005,1,0,190,Explotacion activa
191,1,WOA,poblacional,2901.1050093869967,2901.1050093869967,True,False,215.63042095792935,48.333235033261644,167.2971859246677,37.081761968061436,246.13028491650581,197.29328005930293,0,0,191,Explotacion activa
192,1,WOA,poblacional,2901.1010170404675,2901.1010170404675,True,False,213.76658312389327,50.20852179398662,163.55806132990665,37.13534045663268,245.68621668947284,197.2148574324925,0,0,192,Explotacion activa
193,1,WOA,poblacional,2901.09499499346,2901.09499499346,True,False,211.95905877713085,52.06110416886577,159.89795460826508,37.26897733409405,245.3297041180239,197.0965663264955,0,0,193,Explotacion activa
194,1,WOA,poblacional,2901.087306102421,2901.087306102421,True,False,210.11693444904085,53.94199896603186,156.174935483009,37.40261421155542,244.97319154657492,196.97827522049846,0,0,194,Explotacion activa
195,1,WOA,poblacional,2901.0633219391893,2901.0633219391893,True,False,208.09921301233862,55.88944894996894,152.2097640623697,37.53625108901679,244.61667897512598,196.85998411450146,0,0,195,Explotacion activa
196,1,WOA,poblacional,2901.0502481180806,2901.0502481180806,True,False,206.132359040113,57.8639343089867,148.2684247311263,37.60577847128884,244.21221857616172,196.6860733606769,0,0,196,Explotacion activa
197,1,WOA,poblacional,2901.0352049245816,2901.0352049245816,True,False,204.37037154002655,59.61718896690536,144.7531825731212,37.67530585356089,243.80775817719748,196.5121626068523,0,0,197,Explotacion activa
198,1,WOA,poblacional,2901.02003619442,2901.02003619442,True,False,202.99303445104533,60.96072758327364,142.0323068677717,37.74483323583295,243.40329777823325,196.33825185302774,0,0,198,Explotacion activa
199,1,WOA,poblacional,2900.9970125201107,2900.9970125201107,True,False,201.38773776896187,62.4358394500332,138.95189831892867,37.83538513580533,243.14766181667082,195.87779374542214,0,0,199,Explotacion activa
200,1,WOA,poblacional,2900.9832198374643,2900.9832198374643,True,False,201.08460033094798,62.486819110698434,138.59778122024954,37.93644929462789,242.9664380738093,195.27406196092602,0,0,200,Explotacion activa
201,1,WOA,poblacional,2900.9603834656186,2900.9603834656186,True,False,199.50265116352102,63.85990241969557,135.64274874382545,38.037513453450444,242.78521433094775,194.67033017642987,0,0,201,Explotacion activa
202,1,WOA,poblacional,2900.934021262644,2900.934021262644,True,False,197.3469817464702,65.83514662996686,131.51183511650333,38.110506526209655,242.62311704899852,194.19470313162904,0,0,202,Explotacion activa
203,1,WOA,poblacional,2900.9112372500335,2900.9112372500335,True,False,195.330220374502,67.67789284336413,127.65232753113787,38.127357426842174,242.49927268887396,193.97528556621882,0,0,203,Explotacion activa
204,1,WOA,poblacional,2900.906506863066,2900.906506863066,True,False,193.3232593353905,69.64895958571469,123.67429974967581,38.144208327474686,242.37542832874936,193.7558680008086,0,0,204,Explotacion activa
205,1,WOA,poblacional,2900.888723674724,2900.888723674724,True,False,191.14516031130825,71.70972050072032,119.43543981058792,38.161059228107206,242.2515839686248,193.53645043539836,0,0,205,Explotacion activa
206,1,WOA,poblacional,2900.87786865061,2900.87786865061,True,False,188.98271201827265,73.8077755317322,115.17493648654045,38.38249863447213,241.91493530481355,193.11603368393816,0,0,206,Explotacion activa
207,1,WOA,poblacional,2900.8597640384723,2900.8597640384723,True,False,186.74521668736134,75.93110481575377,110.81411187160757,38.60393804083706,241.57828664100234,192.69561693247795,0,0,207,Explotacion activa
208,1,WOA,poblacional,2900.8345826478494,2900.8345826478494,True,False,184.452996211377,78.05781353539032,106.39518267598669,38.82537744720198,241.24163797719112,192.27520018101777,0,0,208,Explotacion activa
209,1,WOA,poblacional,2900.808417496047,2900.808417496047,True,False,182.13102187945924,80.20640747579273,101.92461440366651,38.955547886255864,240.9936599780198,191.4327593066806,0,0,209,Explotacion activa
210,1,WOA,poblacional,2900.7678024423494,2900.7678024423494,True,False,179.71071873788605,82.34594451947532,97.36477421841073,39.04008384165422,240.7900173111684,190.37930637090494,0,0,210,Explotacion activa
211,1,WOA,poblacional,2900.75287610512,2900.75287610512,True,False,177.48023879741913,84.47001546528736,93.01022333213177,39.12461979705258,240.58637464431703,189.32585343512923,0,0,211,Explotacion activa
212,1,WOA,poblacional,2900.727997304832,2900.727997304832,True,False,175.19384170131707,86.57236459026262,88.62147711105445,39.18676185478398,240.28824953518608,188.55181881577406,0,0,212,Explotacion activa
213,1,WOA,poblacional,2900.7022689129485,2900.7022689129485,True,False,172.81274830187067,88.76819542118619,84.04455288068448,39.20411611718146,239.80115954149605,188.33662082925966,0,0,213,Explotacion activa
214,1,WOA,poblacional,2900.6810173277613,2900.6810173277613,True,False,170.3805257485924,91.0530317819921,79.32749396660029,39.22147037957893,239.31406954780599,188.1214228427453,0,0,214,Explotacion activa
215,1,WOA,poblacional,2900.6767936062042,2900.6767936062042,True,False,168.0807300215656,93.32274933394228,74.75798068762333,39.23882464197641,238.82697955411595,187.9062248562309,0,0,215,Explotacion activa
216,1,WOA,poblacional,2900.6744268159905,2900.6744268159905,True,False,165.76849655808246,95.62181171588782,70.14668484219465,39.431991400241664,238.60057704452024,187.75089143894638,0,0,216,Explotacion activa
217,1,WOA,poblacional,2900.665566496011,2900.665566496011,True,False,163.41469003823295,97.91870978559655,65.4959802526364,39.62515815850693,238.37417453492452,187.59555802166187,0,0,217,Explotacion activa
218,1,WOA,poblacional,2900.6651512071826,2900.6651512071826,True,False,161.11346515576133,100.22725916896161,60.88620598679972,39.81832491677219,238.1477720253288,187.44022460437736,0,0,218,Explotacion activa
219,1,WOA,poblacional,2900.6649810814893,2900.6649810814893,True,False,158.82181444630442,102.52942472528775,56.29238972101666,40.044247688518766,237.88987154824835,187.24177053444856,0,0,219,Explotacion activa
220,1,WOA,poblacional,2900.661588103482,2900.661588103482,True,False,156.5091046018788,104.83055075790071,51.67855384397808,40.286548467006014,237.6162220874255,187.0217561381976,0,0,220,Explotacion activa
221,1,WOA,poblacional,2900.6590006360952,2900.6590006360952,True,False,154.2029624091092,107.1319221853878,47.07104022372141,40.528849245493255,237.34257262660265,186.8017417419466,0,0,221,Explotacion activa
222,1,WOA,poblacional,2900.652458197629,2900.652458197629,True,False,151.87269013606283,109.42835238811404,42.44433774794879,40.70580042058882,237.1479376735383,186.5579367806656,0,0,222,Explotacion activa
223,1,WOA,poblacional,2900.6454477099333,2900.6454477099333,True,False,149.5654891552549,111.70450154736,37.86098760789491,40.75205238890103,237.11133173599092,186.2665506893245,0,0,223,Explotacion activa
224,1,WOA,poblacional,2900.638289851313,2900.638289851313,True,False,147.3216344216985,113.92399158307944,33.39764283861905,40.79830435721324,237.07472579844352,185.9751645979834,0,0,224,Explotacion activa
225,1,WOA,poblacional,2900.6140142590334,2900.6140142590334,True,False,145.76926283067223,116.1285321201176,29.640730710554635,40.844556325525446,237.03811986089613,185.68377850664228,0,0,225,Explotacion activa
226,1,WOA,poblacional,2900.5808449272304,2900.5808449272304,True,False,144.53355005240246,118.4314965836079,26.102053468794566,40.894145097015006,236.97043112197443,185.3370353207836,0,0,226,Explotacion activa
227,1,WOA,poblacional,2900.5648604545686,2900.5648604545686,True,False,143.53683030688535,120.79068461386032,22.746145693025028,40.943733868504566,236.90274238305273,184.99029213492494,0,0,227,Explotacion activa
228,1,WOA,poblacional,2900.5527165199046,2900.5527165199046,True,False,142.6775783508815,123.14001667973525,19.53756167114625,40.99332263999413,236.83505364413105,184.6435489490663,0,0,228,Explotacion activa
229,1,WOA,poblacional,2900.5379267736316,2900.5379267736316,True,False,141.75904293455142,125.55610876247829,16.202934172073128,41.08512178825331,236.55704875354084,184.45466024649141,0,0,229,Explotacion activa
230,1,WOA,poblacional,2900.504536278209,2900.504536278209,True,False,141.10202800252455,127.64417424361545,13.457853758909096,41.1980261248973,236.17388578711643,184.34469878555842,0,0,230,Explotacion activa
231,1,WOA,poblacional,2900.470394535127,2900.470394535127,True,False,140.6812675374831,129.50973735450407,11.17153018297904,41.31093046154128,235.790722820692,184.23473732462543,0,0,231,Explotacion activa
232,1,WOA,poblacional,2900.4242825907436,2900.4242825907436,True,False,140.81406426448302,130.28896792039313,10.525096344089889,41.44557683206299,235.51079865642865,184.13252839102068,0,0,232,Explotacion activa
233,1,WOA,poblacional,2900.423045609748,2900.423045609748,True,False,142.2017615951454,129.9031536736402,12.298607921505209,41.62370727034013,235.4373520964874,184.04582451207244,0,0,233,Explotacion activa
234,1,WOA,poblacional,2900.236498020953,2900.236498020953,True,False,145.51856333791284,125.31561545365003,20.202947884262812,41.80183770861726,235.36390553654616,183.95912063312417,0,0,234,Explotacion activa
235,1,WOA,poblacional,2900.211955262803,2900.211955262803,True,False,150.34125969629486,120.30523093821103,30.03602875808383,41.97996814689441,235.2904589766049,183.8724167541759,0,0,235,Explotacion activa
236,1,WOA,poblacional,2900.1441852388502,2900.1441852388502,True,False,150.3918787733396,121.11795557177857,29.273923201561047,42.02004191461369,235.21001033294797,183.5000274583931,0,0,236,Explotacion activa
237,1,WOA,poblacional,2900.1114698469873,2900.1114698469873,True,False,149.41502568305305,123.36627255435224,26.04875312870081,42.06011568233298,235.12956168929105,183.1276381626103,0,0,237,Explotacion activa
238,1,WOA,poblacional,2899.914125193517,2899.914125193517,True,False,157.23973507667506,112.84369443941887,44.39604063725619,42.10018945005227,235.0491130456341,182.75524886682751,0,0,238,Explotacion activa
239,1,WOA,poblacional,2899.820200890559,2899.820200890559,True,False,169.72660079654543,97.95013700399113,71.7764637925543,42.12751953096777,235.01493750104518,182.50022067439068,0,0,239,Explotacion activa
240,1,WOA,poblacional,2899.773719254198,2899.773719254198,True,False,176.32317031771663,90.45290449500362,85.87026582271301,42.14847776848137,235.00389850599026,182.30387303362681,0,0,240,Explotacion activa
241,1,WOA,poblacional,2899.5980676608365,2899.5980676608365,True,False,183.11852594299717,82.06819818482109,101.05032775817608,42.169436005994974,234.99285951093535,182.10752539286295,0,0,241,Explotacion activa
242,1,WOA,poblacional,2899.560801118829,2899.560801118829,True,False,186.6717163268163,78.29409933644456,108.37761699037173,42.19873942887757,234.985181190323,181.90099570614782,0,0,242,Explotacion activa
243,1,WOA,poblacional,2899.4694164452158,2899.4694164452158,True,False,192.09708190058518,72.19921138313202,119.89787051745316,42.24473322249814,234.98422421859587,181.67410192753022,0,0,243,Explotacion activa
244,1,WOA,poblacional,2899.3978864309875,2899.3978864309875,True,False,196.34699118151184,67.44234549041175,128.9046456911001,42.290727016118716,234.9832672468687,181.4472081489126,0,0,244,Explotacion activa
245,1,WOA,poblacional,2899.388821052982,2899.388821052982,True,False,199.02429148743067,64.73539339447689,134.2888980929538,42.33672080973929,234.98231027514157,181.220314370295,0,0,245,Explotacion activa
246,1,WOA,poblacional,2899.3757626913125,2899.3757626913125,True,False,203.38873720493393,60.32639615989456,143.06234104503937,42.39088933138051,234.9770792947492,181.10338608066203,0,0,246,Explotacion activa
247,1,WOA,poblacional,2899.3235873771655,2899.3235873771655,True,False,203.3438810720677,60.31539559264684,143.02848547942085,42.445057853021716,234.9718483143568,180.98645779102907,0,0,247,Explotacion activa
248,1,WOA,poblacional,2899.3127240316935,2899.3127240316935,True,False,201.72189584849957,62.259613315457045,139.46228253304253,42.49922637466293,234.9666173339644,180.86952950139613,0,0,248,Explotacion activa
249,1,WOA,poblacional,2899.2887513010314,2899.2887513010314,True,False,200.7007078930942,63.51410028696955,137.18660760612465,42.606683051492105,234.89802913566646,180.71764175686093,0,0,249,Explotacion activa
250,1,WOA,poblacional,2899.228744749164,2899.228744749164,True,False,202.48708209526148,61.203720074965986,141.2833620202955,42.74078380591527,234.79776232841573,180.54827428487465,0,0,250,Explotacion activa
251,1,WOA,poblacional,2899.210977410842,2899.210977410842,True,False,201.5625516971263,62.327180585881706,139.2353711112446,42.87488456033843,234.697495521165,180.37890681288835,0,0,251,Explotacion activa
252,1,WOA,poblacional,2899.195574859518,2899.195574859518,True,False,202.7847761038497,61.263188509868996,141.5215875939807,42.96553822813721,234.48428917497367,180.1363050340283,0,0,252,Explotacion activa
253,1,WOA,poblacional,2899.1913097661745,2899.1913097661745,True,False,202.8863071574956,61.097807724298036,141.78849943319756,42.96929772268722,234.04520375090115,179.7472346414208,0,0,253,Explotacion activa
254,1,WOA,poblacional,2899.1739618411316,2899.1739618411316,True,False,208.35841350650662,55.48189745988884,152.87651604661778,42.97305721723724,233.6061183268286,179.35816424881327,0,0,254,Explotacion activa
255,1,WOA,poblacional,2899.1597523107953,2899.1597523107953,True,False,207.64140475719614,56.199737673031905,151.44166708416424,42.97681671178725,233.1670329027561,178.96909385620575,0,0,255,Explotacion activa
256,1,WOA,poblacional,2899.1464767955595,2899.1464767955595,True,False,210.2993818459595,53.57069234324035,156.72868950271913,43.01483902479354,233.06206039739644,178.91995218195024,0,0,256,Explotacion activa
257,1,WOA,poblacional,2899.14554374922,2899.14554374922,True,False,208.99387807332596,54.869892653932766,154.1239854193932,43.052861337799825,232.9570878920368,178.87081050769476,0,0,257,Explotacion activa
258,1,WOA,poblacional,2899.129958708363,2899.129958708363,True,False,207.52315780320896,56.22670886402466,151.2964489391843,43.090883650806106,232.85211538667718,178.82166883343925,0,0,258,Explotacion activa
259,1,WOA,poblacional,2899.0990590783776,2899.0990590783776,True,False,205.37371048588102,58.21918362555243,147.1545268603286,43.12086677208326,232.7971851484558,178.80448344801425,0,0,259,Explotacion activa
260,1,WOA,poblacional,2899.079973849387,2899.079973849387,True,False,204.22758474499278,59.17539612987184,145.05218861512094,43.14683029749585,232.76727604380358,178.8032762070045,0,0,260,Explotacion activa
261,1,WOA,poblacional,2899.0692347846216,2899.0692347846216,True,False,202.44641327838963,60.90441995349465,141.54199332489497,43.172793822908446,232.73736693915134,178.80206896599475,0,0,261,Explotacion activa
262,1,WOA,poblacional,2899.044639685513,2899.044639685513,True,False,200.61760812994817,62.619402199872184,137.99820593007598,43.19946653608663,232.52886956877293,178.733248428846,0,0,262,Explotacion activa
263,1,WOA,poblacional,2899.0299169044115,2899.0299169044115,True,False,198.54861930784864,64.68397555060938,133.86464375723926,43.227557624796006,231.96319566694208,178.5292012994192,0,0,263,Explotacion activa
264,1,WOA,poblacional,2899.020019641961,2899.020019641961,True,False,196.49053296177362,66.77278105953064,129.71775190224298,43.25564871350539,231.39752176511126,178.32515416999243,0,0,264,Explotacion activa
265,1,WOA,poblacional,2899.005651166251,2899.005651166251,True,False,194.67750838070378,68.58977275274628,126.0877356279575,43.28373980221477,230.83184786328047,178.12110704056568,0,0,265,Explotacion activa
266,1,WOA,poblacional,2898.929630856224,2898.929630856224,True,False,192.3930310358519,70.46572529382684,121.92730574202506,43.395713009946164,230.5481514052339,178.1135784012209,0,0,266,Explotacion activa
267,1,WOA,poblacional,2898.8783204874167,2898.8783204874167,True,False,190.40750114541697,72.23676832133287,118.1707328240841,43.50768621767756,230.26445494718735,178.10604976187614,0,0,267,Explotacion activa
268,1,WOA,poblacional,2898.863545902941,2898.863545902941,True,False,188.8262301184036,73.8915505838986,114.934679534505,43.61965942540896,229.9807584891408,178.0985211225314,0,0,268,Explotacion activa
269,1,WOA,poblacional,2898.857107766696,2898.857107766696,True,False,188.4669955764898,74.32293667726162,114.14405889922818,43.878371338009394,229.82332539509088,177.9845122497888,0,0,269,Explotacion activa
270,1,WOA,poblacional,2898.840162777212,2898.840162777212,True,False,187.25231154914945,75.56555925608518,111.68675229306427,44.21045260304436,229.72902398303927,177.81726326034732,0,0,270,Explotacion activa
271,1,WOA,poblacional,2898.8337833557666,2898.8337833557666,True,False,186.2436480773017,76.65378450597655,109.58986357132517,44.54253386807932,229.63472257098763,177.6500142709058,0,0,271,Explotacion activa
272,1,WOA,poblacional,2898.827748151057,2898.827748151057,True,False,185.2416939201171,77.72358651736567,107.51810740275141,44.77161365091233,229.47947582365083,177.30041928348578,0,0,272,Explotacion activa
273,1,WOA,poblacional,2898.807557192546,2898.807557192546,True,False,184.69472862832026,78.20928994605583,106.48543868226443,44.79469046934146,229.20233840574375,176.58613230010877,0,0,273,Explotacion activa
274,1,WOA,poblacional,2898.795953195328,2898.795953195328,True,False,183.61219367694548,79.37589807235463,104.23629560459085,44.817767287770586,228.9252009878366,175.8718453167317,0,0,274,Explotacion activa
275,1,WOA,poblacional,2898.782356727998,2898.782356727998,True,False,183.19363687020768,79.86403329339782,103.32960357680986,44.84084410619971,228.6480635699295,175.1575583333547,0,0,275,Explotacion activa
276,1,WOA,poblacional,2898.777529988563,2898.777529988563,True,False,183.0772390674938,80.06972154734922,103.00751752014457,44.93273036368041,228.61826477978525,175.0097281356157,0,0,276,Explotacion activa
277,1,WOA,poblacional,2898.767392642985,2898.767392642985,True,False,182.67927277617446,80.52754922122995,102.15172355494451,45.02461662116111,228.588465989641,174.8618979378767,0,0,277,Explotacion activa
278,1,WOA,poblacional,2898.757105900017,2898.757105900017,True,False,180.99950490241508,82.32690154869397,98.67260335372112,45.11650287864181,228.55866719949677,174.71406774013772,0,0,278,Explotacion activa
279,1,WOA,poblacional,2898.7534195263875,2898.7534195263875,True,False,180.3152008205393,83.14624975971992,97.16895106081938,45.41371069027518,228.40267011795686,174.62258035080504,0,0,279,Explotacion activa
280,1,WOA,poblacional,2898.737654007643,2898.737654007643,True,False,179.03009639866923,84.48319261822598,94.54690378044324,45.81357927898489,228.18357389071912,174.55926436567552,0,0,280,Explotacion activa
281,1,WOA,poblacional,2898.729100714466,2898.729100714466,True,False,178.3389142031242,85.27411464406123,93.06479955906298,46.21344786769459,227.96447766348138,174.495948380546,0,0,281,Explotacion activa
282,1,WOA,poblacional,2898.7134760337754,2898.7134760337754,True,False,178.15058380888559,85.53179835203719,92.6187854568484,46.49755826573705,227.71503323139584,174.42960743300486,0,0,282,Explotacion activa
283,1,WOA,poblacional,2898.701035286819,2898.701035286819,True,False,178.010623957568,85.70295932787121,92.30766462969677,46.55015228244501,227.40489238961482,174.35721656064052,0,0,283,Explotacion activa
284,1,WOA,poblacional,2898.6913175319883,2898.6913175319883,True,False,178.8099126753491,84.77393026462732,94.03598241072177,46.602746299152976,227.09475154783374,174.28482568827616,0,0,284,Explotacion activa
285,1,WOA,poblacional,2898.684305854703,2898.684305854703,True,False,177.93181428759863,85.73795156005735,92.19386272754127,46.65534031586094,226.78461070605272,174.21243481591182,0,0,285,Explotacion activa
286,1,WOA,poblacional,2898.6739037516213,2898.6739037516213,True,False,177.8157479734582,85.95101389197453,91.86473408148368,47.04299508139811,226.5173945301636,174.06216014836227,0,0,286,Explotacion activa
287,1,WOA,poblacional,2898.6364868632986,2898.6364868632986,True,False,177.3793462152512,86.11289494223774,91.26645127301344,47.430649846935275,226.2501783542745,173.9118854808127,0,0,287,Explotacion activa
288,1,WOA,poblacional,2898.310397614864,2898.310397614864,True,False,174.1939913541869,86.91089735128207,87.28309400290482,47.81830461247245,225.9829621783854,173.76161081326316,0,0,288,Explotacion activa
289,1,WOA,poblacional,2893.599841902111,2893.599841902111,True,False,136.2904234550424,93.67529366015106,42.615129794891345,48.02466530077354,225.66538247419336,173.67736111558762,0,0,289,Explotacion activa
290,1,WOA,poblacional,2892.309535992537,2892.309535992537,True,False,131.0020829409791,101.86504200778882,29.137040933190292,48.14037895045658,225.3226210058499,173.62612390284903,0,0,290,Explotacion activa
291,1,WOA,poblacional,2890.0236772806074,2890.0236772806074,True,False,128.71729223246075,111.85126754469411,16.86602468776664,48.25609260013962,224.9798595375064,173.57488669011045,0,0,291,Explotacion activa
292,1,WOA,poblacional,2876.4971001877457,2876.4971001877457,True,False,139.87183228720733,135.98858719084365,3.88324509636368,48.35524429166289,224.73249668794907,173.3202227384459,0,0,292,Explotacion activa
293,1,WOA,poblacional,2869.9368953782773,2869.9368953782773,True,False,157.77380470830485,166.70408359274916,-8.930278884444306,48.42127206686664,224.67593107596403,172.6587053089296,0,0,293,Explotacion activa
294,1,WOA,poblacional,2866.1728027533677,2866.1728027533677,True,False,179.80324178436558,200.94178857031056,-21.138546785944982,48.487299842070385,224.619365463979,171.99718787941325,0,0,294,Explotacion activa
295,1,WOA,poblacional,2865.369979998198,2865.369979998198,True,False,202.80741744618263,236.03933662160352,-33.2319191754209,48.553327617274135,224.562799851994,171.33567044989695,0,0,295,Explotacion activa
296,1,WOA,poblacional,2864.862022424947,2864.862022424947,True,False,226.7150699748845,271.3456319477932,-44.63056197290871,48.6496780934433,224.69478627995903,171.23668594502055,0,0,296,Explotacion activa
297,1,WOA,poblacional,2864.621134979182,2864.621134979182,True,False,251.12563763763228,306.8511685890494,-55.72553095141711,48.74602856961246,225.2083671830687,171.13770144014416,0,0,297,Explotacion activa
298,1,WOA,poblacional,2864.418617498873,2864.418617498873,True,False,276.2519037860566,342.5411594035868,-66.28925561753022,48.84237904578163,225.9760081052686,171.03871693526776,0,0,298,Explotacion activa
299,1,WOA,poblacional,2864.370410830092,2864.370410830092,True,False,302.60931115682206,376.9883690038423,-74.37905784702025,49.06062463131275,226.55083400385874,170.39442872320592,0,0,299,Explotacion activa
300,1,WOA,poblacional,2864.3483543960106,2864.3483543960106,True,False,329.33969237057,410.76632898163734,-81.42663661106735,49.33981777152485,226.7498403404686,169.47748865755148,0,0,300,Explotacion activa
301,2,EHO,poblacional,2864.3483543960106,2864.3483543960106,False,False,,,,,,,0,0,1,Llenando ventana
302,2,EHO,poblacional,2864.3483543960106,2864.3483543960106,False,False,,,,,,,1,0,2,Llenando ventana
303,2,EHO,poblacional,2864.3483543960106,2864.3483543960106,False,False,,,,,,,2,0,3,Llenando ventana
304,2,EHO,poblacional,2864.3483543960106,2864.3483543960106,False,False,,,,,,,3,0,4,Llenando ventana
305,2,EHO,poblacional,2864.3483543960106,2864.3483543960106,False,False,,,,,,,4,0,5,Llenando ventana
306,2,EHO,poblacional,2864.3483543960106,2864.3483543960106,False,False,,,,,,,5,0,6,Llenando ventana
307,2,EHO,poblacional,2864.3483543960106,2864.3483543960106,False,False,,,,,,,6,0,7,Llenando ventana
308,2,EHO,poblacional,2864.3483543960106,2864.3483543960106,False,False,,,,,,,7,0,8,Llenando ventana
309,2,EHO,poblacional,2864.3483543960106,2864.3483543960106,False,False,,,,,,,8,0,9,Llenando ventana
310,2,EHO,poblacional,2864.3483543960106,2864.3483543960106,False,False,,,,,,,9,0,10,Llenando ventana
311,2,EHO,poblacional,2864.3483543960106,2864.3483543960106,False,False,,,,,,,10,0,11,Llenando ventana
312,2,EHO,poblacional,2864.3483543960106,2864.3483543960106,False,False,,,,,,,11,0,12,Llenando ventana
313,2,EHO,poblacional,2864.2085960629206,2864.2085960629206,False,False,,,,,,,0,0,13,Llenando ventana
314,2,EHO,poblacional,2864.2085960629206,2864.2085960629206,False,False,,,,,,,1,0,14,Llenando ventana
315,2,EHO,poblacional,2864.2085960629206,2864.2085960629206,False,False,,,,,,,2,0,15,Llenando ventana
316,2,EHO,poblacional,2864.2085960629206,2864.2085960629206,False,False,,,,,,,3,0,16,Llenando ventana
317,2,EHO,poblacional,2863.4112011393477,2863.4112011393477,False,False,,,,,,,0,0,17,Llenando ventana
318,2,EHO,poblacional,2861.7791167640958,2861.7791167640958,False,False,,,,,,,0,0,18,Llenando ventana
319,2,EHO,poblacional,2861.692522545035,2861.692522545035,False,False,,,,,,,0,0,19,Llenando ventana
320,2,EHO,poblacional,2861.330259213357,2861.330259213357,False,False,,,,,,,0,0,20,Llenando ventana
321,2,EHO,poblacional,2861.330259213357,2861.330259213357,False,False,,,,,,,1,0,21,Llenando ventana
322,2,EHO,poblacional,2861.1065567694395,2861.1065567694395,False,False,,,,,,,0,0,22,Llenando ventana
323,2,EHO,poblacional,2861.1065567694395,2861.1065567694395,False,False,,,,,,,1,0,23,Llenando ventana
324,2,EHO,poblacional,2861.1065567694395,2861.1065567694395,False,False,,,,,,,2,0,24,Llenando ventana
325,2,EHO,poblacional,2860.9031470942145,2860.9031470942145,False,False,,,,,,,0,0,25,Llenando ventana
326,2,EHO,poblacional,2860.8216878285957,2860.8216878285957,False,False,,,,,,,0,0,26,Llenando ventana
327,2,EHO,poblacional,2860.8216878285957,2860.8216878285957,False,False,,,,,,,1,0,27,Llenando ventana
328,2,EHO,poblacional,2860.8106705785544,2860.8106705785544,False,False,,,,,,,0,0,28,Llenando ventana
329,2,EHO,poblacional,2860.7824149444746,2860.7824149444746,False,False,,,,,,,0,0,29,Llenando ventana
330,2,EHO,poblacional,2860.7607029188916,2860.7607029188916,False,False,,,,,,,0,0,30,Llenando ventana
331,2,EHO,poblacional,2860.720376740354,2860.720376740354,False,False,,,,,,,0,0,31,Llenando ventana
332,2,EHO,poblacional,2860.720376740354,2860.720376740354,False,False,,,,,,,1,0,32,Llenando ventana
333,2,EHO,poblacional,2860.7187840757824,2860.7187840757824,False,False,,,,,,,0,0,33,Llenando ventana
334,2,EHO,poblacional,2860.706042172688,2860.706042172688,False,False,,,,,,,0,0,34,Llenando ventana
335,2,EHO,poblacional,2860.6929015711275,2860.6929015711275,False,False,,,,,,,0,0,35,Llenando ventana
336,2,EHO,poblacional,2860.691856381261,2860.691856381261,False,False,,,,,,,0,0,36,Llenando ventana
337,2,EHO,poblacional,2860.6902427968007,2860.6902427968007,False,False,,,,,,,0,0,37,Llenando ventana
338,2,EHO,poblacional,2860.6844276091015,2860.6844276091015,False,False,,,,,,,0,0,38,Llenando ventana
339,2,EHO,poblacional,2860.6842912774327,2860.6842912774327,False,False,,,,,,,0,0,39,Llenando ventana
340,2,EHO,poblacional,2860.6842912774327,2860.6842912774327,False,False,,,,,,,1,0,40,Llenando ventana
341,2,EHO,poblacional,2860.6842912774327,2860.6842912774327,False,False,,,,,,,2,0,41,Llenando ventana
342,2,EHO,poblacional,2860.682940759393,2860.682940759393,False,False,,,,,,,0,0,42,Llenando ventana
343,2,EHO,poblacional,2860.682621429743,2860.682621429743,False,False,,,,,,,0,0,43,Llenando ventana
344,2,EHO,poblacional,2860.682621429743,2860.682621429743,False,False,,,,,,,1,0,44,Llenando ventana
345,2,EHO,poblacional,2860.682442756284,2860.682442756284,False,False,,,,,,,0,0,45,Llenando ventana
346,2,EHO,poblacional,2860.682138507949,2860.682138507949,False,False,,,,,,,0,0,46,Llenando ventana
347,2,EHO,poblacional,2860.6820959900156,2860.6820959900156,False,False,,,,,,,0,0,47,Llenando ventana
348,2,EHO,poblacional,2860.6818949664384,2860.6818949664384,False,False,,,,,,,0,0,48,Llenando ventana
349,2,EHO,poblacional,2860.681040158,2860.681040158,False,False,,,,,,,0,0,49,Llenando ventana
350,2,EHO,poblacional,2860.680957854801,2860.680957854801,False,False,,,,,,,0,0,50,Llenando ventana
351,2,EHO,poblacional,2860.680943470129,2860.680943470129,False,False,,,,,,,0,0,51,Llenando ventana
352,2,EHO,poblacional,2860.68093582039,2860.68093582039,False,False,,,,,,,0,0,52,Llenando ventana
353,2,EHO,poblacional,2860.6803533868588,2860.6803533868588,False,False,,,,,,,0,0,53,Llenando ventana
354,2,EHO,poblacional,2860.6803493014036,2860.6803493014036,False,False,,,,,,,0,0,54,Llenando ventana
355,2,EHO,poblacional,2860.6803434132885,2860.6803434132885,False,False,,,,,,,0,0,55,Llenando ventana
356,2,EHO,poblacional,2860.6803434132885,2860.6803434132885,False,False,,,,,,,1,0,56,Llenando ventana
357,2,EHO,poblacional,2860.6802844512385,2860.6802844512385,False,False,,,,,,,0,0,57,Llenando ventana
358,2,EHO,poblacional,2860.6802834307796,2860.6802834307796,False,False,,,,,,,0,0,58,Llenando ventana
359,2,EHO,poblacional,2860.6802302230617,2860.6802302230617,False,False,,,,,,,0,0,59,Llenando ventana
360,2,EHO,poblacional,2860.680205010596,2860.680205010596,False,False,,,,,,,0,0,60,Llenando ventana
361,2,EHO,poblacional,2860.6802041756323,2860.6802041756323,False,False,,,,,,,0,0,61,Llenando ventana
362,2,EHO,poblacional,2860.6802041756323,2860.6802041756323,False,False,,,,,,,1,0,62,Llenando ventana
363,2,EHO,poblacional,2860.6802041756323,2860.6802041756323,False,False,,,,,,,2,0,63,Llenando ventana
364,2,EHO,poblacional,2860.6801964274523,2860.6801964274523,False,False,,,,,,,0,0,64,Llenando ventana
365,2,EHO,poblacional,2860.6801938378603,2860.6801938378603,False,False,,,,,,,0,0,65,Llenando ventana
366,2,EHO,poblacional,2860.680186961218,2860.680186961218,False,False,,,,,,,0,0,66,Llenando ventana
367,2,EHO,poblacional,2860.680185490783,2860.680185490783,False,False,,,,,,,0,0,67,Llenando ventana
368,2,EHO,poblacional,2860.6801850658203,2860.6801850658203,False,False,,,,,,,0,0,68,Llenando ventana
369,2,EHO,poblacional,2860.6801806683106,2860.6801806683106,False,False,,,,,,,0,0,69,Llenando ventana
370,2,EHO,poblacional,2860.6801806123467,2860.6801806123467,False,False,,,,,,,0,0,70,Llenando ventana
371,2,EHO,poblacional,2860.6801783521973,2860.6801783521973,False,False,,,,,,,0,0,71,Llenando ventana
372,2,EHO,poblacional,2860.680178331415,2860.680178331415,False,False,,,,,,,0,0,72,Llenando ventana
373,2,EHO,poblacional,2860.680177490472,2860.680177490472,False,False,,,,,,,0,0,73,Llenando ventana
374,2,EHO,poblacional,2860.680177490472,2860.680177490472,False,False,,,,,,,1,0,74,Llenando ventana
375,2,EHO,poblacional,2860.680177136224,2860.680177136224,True,False,84.50093059278788,208.52488423550858,-124.0239536427207,7.5,37.5,22.5,0,0,75,Explotacion activa
376,2,EHO,poblacional,2860.680177136224,2860.680177136224,True,False,84.87597191198665,212.1930614952953,-127.31708958330864,7.5,37.5,22.5,1,0,76,Explotacion activa
377,2,EHO,poblacional,2860.680177136224,2860.680177136224,True,False,85.47571027694812,215.861238755082,-130.3855284781339,7.5,37.5,22.5,2,0,77,Explotacion activa
378,2,EHO,poblacional,2860.680176554323,2860.680176554323,True,False,86.27544806000878,219.52941659676935,-133.25396853676057,7.5,37.5,22.5,0,0,78,Explotacion activa
379,2,EHO,poblacional,2860.6801765466194,2860.6801765466194,True,False,87.27779091179264,223.19759444616056,-135.91980353436793,7.5,37.5,22.5,0,0,79,Explotacion activa
380,2,EHO,poblacional,2860.6801765414975,2860.6801765414975,True,False,88.35128107513083,226.8657723006736,-138.51449122554277,7.5,37.5,22.5,0,0,80,Explotacion activa
381,2,EHO,poblacional,2860.680176516925,2860.680176516925,True,False,89.42686159362938,230.53395017975936,-141.10708858612998,7.5,37.5,22.5,0,0,81,Explotacion activa
382,2,EHO,poblacional,2860.680176469272,2860.680176469272,True,False,90.61206012197363,234.2021281064981,-143.59006798452447,7.5,37.5,22.5,0,0,82,Explotacion activa
383,2,EHO,poblacional,2860.680176469272,2860.680176469272,True,False,92.00888902571614,237.87030603323683,-145.86141700752069,7.5,37.5,22.5,1,0,83,Explotacion activa
384,2,EHO,poblacional,2860.6801763386193,2860.6801763386193,True,False,93.60599046214338,241.53848409062812,-147.93249362848474,218.42896324426314,89.78242115213266,-132.39343651917255,0,0,84,Explotacion activa
385,2,EHO,poblacional,2860.6801763386193,2860.6801763386193,True,False,95.40309189857044,245.2066621480194,-149.80357024944897,219.52941659676935,90.61206012197363,-133.25396853676057,1,0,85,Explotacion activa
386,2,EHO,poblacional,2860.6801763386193,2860.6801763386193,True,False,97.40019333499731,248.8748402054107,-151.47464687041338,220.62986995158673,91.58984035459339,-134.05371903604276,2,0,86,Explotacion activa
387,2,EHO,poblacional,2860.6801762530695,2860.6801762530695,True,False,101.8556534643999,242.06114336660494,-140.20548990220504,221.73032330640407,92.64772960028704,-134.853469535325,0,0,87,Explotacion activa
388,2,EHO,poblacional,2860.6801762504438,2860.6801762504438,True,False,103.97974038533721,245.58956317908178,-141.60982279374457,222.83077666122145,93.78570060578609,-135.6532200346072,0,0,88,Explotacion activa
389,2,EHO,poblacional,2860.6801761998336,2860.6801761998336,True,False,106.3039918620625,249.11798304216882,-142.8139911801063,223.93123001706317,95.04367161128502,-136.4387410726029,0,0,89,Explotacion activa
390,2,EHO,poblacional,2860.6801761998336,2860.6801761998336,True,False,108.82827210813139,252.64640290525585,-143.81813079712447,225.03168337341708,96.40164261678387,-137.21714737995535,1,0,90,Explotacion activa
391,2,EHO,poblacional,2860.680176181878,2860.680176181878,True,False,128.27824845417535,196.37020351832825,-68.0919550641529,222.46395887628233,98.29128536087782,-135.38663653484645,0,0,91,Explotacion activa
392,2,EHO,poblacional,2860.680176173573,2860.680176173573,True,False,202.61594180238217,76.6949003402101,125.92104146217207,219.89623438170847,101.41010745145962,-133.5205520365213,0,0,92,Explotacion activa
393,2,EHO,poblacional,2860.680176173573,2860.680176173573,True,False,208.0475846765912,71.2992745011752,136.748310175416,217.32850989175694,103.13010561696228,-131.53290450158457,1,0,93,Explotacion activa
394,2,EHO,poblacional,2860.6801761599104,2860.6801761599104,True,False,231.6882131429652,45.141871010438535,186.54634213252666,214.760785577146,104.6770158283548,-129.4649968096863,0,0,94,Explotacion activa
395,2,EHO,poblacional,2860.6801761599104,2860.6801761599104,True,False,231.68656417085685,45.79195406388499,185.89461010697187,212.1930614952953,106.3039918620625,-127.31708958330864,1,0,95,Explotacion activa
396,2,EHO,poblacional,2860.680176149837,2860.680176149837,True,False,246.99779253065117,29.66435383360613,217.33343869704504,209.62533741344458,108.07098803431072,-125.01189442489708,0,0,96,Explotacion activa
397,2,EHO,poblacional,2860.680176148278,2860.680176148278,True,False,246.97244109208077,30.0907344547677,216.88170663731307,203.66301194863644,116.60826264654895,-101.65115421129366,0,0,97,Explotacion activa
398,2,EHO,poblacional,2860.680176147009,2860.680176147009,True,False,246.97244108319956,30.517115077198014,216.45532600600154,184.40267320051638,135.71201778899587,-48.690655411520815,0,0,98,Explotacion activa
399,2,EHO,poblacional,2860.680176143508,2860.680176143508,True,False,261.37778593392386,15.687770061256288,245.69001587266757,100.62996097583364,187.7484031327406,87.11844215690653,0,0,99,Explotacion activa
400,2,EHO,poblacional,2860.6801761415127,2860.6801761415127,True,False,267.25104553660776,9.801296092545726,257.44974944406204,73.99708742069265,205.3317632394867,131.33467581879404,0,0,100,Explotacion activa
401,2,EHO,poblacional,2860.680176139974,2860.680176139974,True,False,267.2510455258357,9.94280778116763,257.3082377446681,66.19781041371715,212.77538057544433,146.57757016172715,0,0,101,Explotacion activa
402,2,EHO,poblacional,2860.6801761385004,2860.6801761385004,True,False,268.0552054807813,9.258025718167119,258.7971797626142,48.342686107614,229.32266622143027,180.97998011381623,0,0,102,Explotacion activa
403,2,EHO,poblacional,2860.6801761361453,2860.6801761361453,True,False,270.1584047882743,7.269347604586073,262.88905718368824,45.40190423181711,231.68755355412185,186.28564932230475,0,0,103,Explotacion activa
404,2,EHO,poblacional,2860.6801761359307,2860.6801761359307,True,False,271.75681550558966,5.743184494410343,266.0136310111793,40.75444423046637,236.27348152503546,195.51903729456905,0,0,104,Explotacion activa
405,2,EHO,poblacional,2860.680176133174,2860.680176133174,True,False,274.6120047531367,2.7992478897986075,271.8127568633381,30.517115077198014,246.97244108319956,216.45532600600154,0,0,105,Explotacion activa
406,2,EHO,poblacional,2860.6801761327515,2860.6801761327515,True,False,274.61200475186934,2.8394484974010084,271.7725562544683,30.21864864149679,246.9724410894164,216.7537924479196,0,0,106,Explotacion activa
407,2,EHO,poblacional,2860.6801761327515,2860.6801761327515,True,False,274.7266766010166,2.7601992621416684,271.96647733887494,29.92018220630307,246.98258166750892,217.06239946120587,1,0,107,Explotacion activa
408,2,EHO,poblacional,2860.6801761327515,2860.6801761327515,True,False,275.6568355269219,1.8431644730781045,273.8136710538438,28.26669545637115,248.43579187097842,220.16909641460722,2,0,108,Explotacion activa
409,2,EHO,poblacional,2860.6801761322877,2860.6801761322877,True,False,276.5984716542498,0.8834853964572176,275.7149862577926,18.483086815726246,258.5017872532693,240.01870043754298,0,0,109,Explotacion activa
410,2,EHO,poblacional,2860.680176131948,2860.680176131948,True,False,276.67372532396166,0.8178215956459098,275.85590372831575,12.815288921211959,264.3144157298798,251.49912680866782,0,0,110,Explotacion activa
411,2,EHO,poblacional,2860.680176131748,2860.680176131748,True,False,276.7915169893636,0.7084830106364279,276.08303397872714,9.91450544344325,267.25104552799013,257.33654008454687,0,0,111,Explotacion activa
412,2,EHO,poblacional,2860.6801761317406,2860.6801761317406,True,False,277.2028151727168,0.28241059825450066,276.9204045744623,9.815447261407916,267.2510455355306,257.43559827412264,0,0,112,Explotacion activa
413,2,EHO,poblacional,2860.680176131635,2860.680176131635,True,False,277.211949393783,0.2764372005663063,276.9355121932167,9.475333867918563,267.7335415031119,258.25820763519334,0,0,113,Explotacion activa
414,2,EHO,poblacional,2860.6801761315783,2860.6801761315783,True,False,277.21194939344196,0.28055234642079085,276.93139704702116,8.661422284092804,268.6861652730292,260.0247429889364,0,0,114,Explotacion activa
415,2,EHO,poblacional,2860.680176131207,2860.680176131207,True,False,277.2119493915866,0.2846674926463493,276.92728189894024,7.269347604586073,270.1584047882743,262.88905718368824,0,0,115,Explotacion activa
416,2,EHO,poblacional,2860.680176131046,2860.680176131046,True,False,277.3035773962233,0.18749378606707978,277.11608361015624,6.20103342746306,271.27729229039505,265.076258862932,0,0,116,Explotacion activa
417,2,EHO,poblacional,2860.6801761308175,2860.6801761308175,True,False,277.3252918110652,0.16630869087703104,277.15898312018817,4.581690095606608,272.8988912041015,268.3172011084949,0,0,117,Explotacion activa
418,2,EHO,poblacional,2860.680176130814,2860.680176130814,True,False,277.325291811047,0.16875398980619138,277.1565378212408,2.8354284366407683,274.6120047519961,271.7765763153553,0,0,118,Explotacion activa
419,2,EHO,poblacional,2860.6801761307656,2860.6801761307656,True,False,277.33779895296857,0.15779877937529818,277.18000017359327,2.8072880113190877,274.61200475288325,271.80471674156416,0,0,119,Explotacion activa
420,2,EHO,poblacional,2860.680176130664,2860.680176130664,True,False,277.3594005844775,0.13724677984055234,277.22215380463695,2.779723575970138,274.66934067707666,271.8896171011065,0,0,120,Explotacion activa
421,2,EHO,poblacional,2860.680176130646,2860.680176130646,True,False,277.3624618756353,0.13602031214941235,277.2264415634859,2.5767923043289547,274.91270838619766,272.3359160818687,0,0,121,Explotacion activa
422,2,EHO,poblacional,2860.6801761306156,2860.6801761306156,True,False,277.3771273777884,0.12286340326545542,277.2542639745229,1.9348679519844605,275.56381963433137,273.6289516823469,0,0,122,Explotacion activa
423,2,EHO,poblacional,2860.6801761306156,2860.6801761306156,True,False,277.4375029689959,0.06047160621119474,277.3770313627847,1.267357027105571,276.22181720331866,274.95446017621305,1,0,123,Explotacion activa
424,2,EHO,poblacional,2860.6801761306115,2860.6801761306115,True,False,277.4433464961253,0.05516289366141791,277.38818360246387,0.8637862562138252,276.6210477551634,275.75726149894956,0,0,124,Explotacion activa
425,2,EHO,poblacional,2860.6801761306106,2860.6801761306106,True,False,277.44438219249923,0.054865767460341885,277.3895164250389,0.8178215956459098,276.67372532396166,275.85590372831575,0,0,125,Explotacion activa
426,2,EHO,poblacional,2860.680176130574,2860.680176130574,True,False,277.4449406234112,0.05505937658881521,277.38988124682237,0.7412845861392724,276.756179489743,276.0148949036037,0,0,126,Explotacion activa
427,2,EHO,poblacional,2860.6801761305715,2860.6801761305715,True,False,277.4873030155891,0.012136551564708498,277.47516646402437,0.5389568034403963,276.95603626270486,276.4179822170212,0,0,127,Explotacion activa
428,2,EHO,poblacional,2860.6801761305715,2860.6801761305715,True,False,277.48758491199806,0.01200739871183032,277.4755775132862,0.2844418032071644,277.2037285946038,276.92109230691005,1,0,128,Explotacion activa
429,2,EHO,poblacional,2860.680176130562,2860.680176130562,True,False,277.4879970800157,0.011738960922230035,277.4762581190935,0.28286197713287037,277.2101225478126,276.92590643404463,0,0,129,Explotacion activa
430,2,EHO,poblacional,2860.680176130562,2860.680176130562,True,False,277.4879970800157,0.011906243648809323,277.4760908363669,0.28148147233764576,277.21194939251427,276.9293394729807,1,0,130,Explotacion activa
431,2,EHO,poblacional,2860.680176130562,2860.680176130562,True,False,277.49224234761095,0.007651372630334663,277.4845909749806,0.2797293172498939,277.21194939351017,276.93222007626025,2,0,131,Explotacion activa
432,2,EHO,poblacional,2860.6801761305587,2860.6801761305587,True,False,277.4923159563273,0.00768315888763027,277.48463279743964,0.27684871515175474,277.2119493937489,276.93510067859717,0,0,132,Explotacion activa
433,2,EHO,poblacional,2860.680176130558,2860.680176130558,True,False,277.4961904592237,0.0037998802681613597,277.49239057895556,0.22307115186677026,277.2669261952472,277.0438550433804,0,0,133,Explotacion activa
434,2,EHO,poblacional,2860.680176130558,2860.680176130558,True,False,277.4979370834926,0.0019630378583315178,277.4959740456343,0.18187184718881325,277.3100917206704,277.1282198734816,1,0,134,Explotacion activa
435,2,EHO,poblacional,2860.68017613055,2860.68017613055,True,False,277.497994695962,0.0019292956130811945,277.4960654003489,0.16875398980619138,277.325291811047,277.1565378212408,0,0,135,Explotacion activa
436,2,EHO,poblacional,2860.6801761305496,2860.6801761305496,True,False,277.4979946959602,0.0019573406957533734,277.49603735526443,0.16704228055577913,277.32529181105974,277.15824953050395,0,0,136,Explotacion activa
437,2,EHO,poblacional,2860.680176130546,2860.680176130546,True,False,277.4979946959493,0.0019853857820635312,277.4960093101672,0.16290472627633787,277.33029466782654,277.1673899415502,0,0,137,Explotacion activa
438,2,EHO,poblacional,2860.680176130546,2860.680176130546,True,False,277.49855120047096,0.0014323173686534574,277.4971188831023,0.15574357942182357,277.3399591161195,277.18421553669765,1,0,138,Explotacion activa
439,2,EHO,poblacional,2860.680176130546,2860.680176130546,True,False,277.49873647469985,0.0012583948760038766,277.49747807982385,0.14135717974750148,277.3550802581757,277.2137230784282,2,0,139,Explotacion activa
440,2,EHO,poblacional,2860.680176130546,2860.680176130546,True,False,277.49922471629225,0.0007603540293530386,277.4984643622629,0.13663354599498234,277.3609312300564,277.2242976840614,3,0,140,Explotacion activa
441,2,EHO,poblacional,2860.6801761305446,2860.6801761305446,True,False,277.49933058761735,0.0006609020697396772,277.4986696855476,0.13338893037262098,277.3653949760659,277.2320060456933,0,0,141,Explotacion activa
442,2,EHO,poblacional,2860.6801761305446,2860.6801761305446,True,False,277.49936144131425,0.0006383901009030524,277.49872305121335,0.12417909415385109,277.3756608275731,277.2514817334192,1,0,142,Explotacion activa
443,2,EHO,poblacional,2860.6801761305446,2860.6801761305446,True,False,277.4996780620095,0.0003175121523781854,277.4993605498571,0.08542832503289892,277.41335273251286,277.32792440748,2,0,143,Explotacion activa
444,2,EHO,poblacional,2860.6801761305437,2860.6801761305437,True,False,277.499682147376,0.00031785262399353087,277.499364294752,0.058878992446261685,277.4392560271347,277.3803770346884,0,0,144,Explotacion activa
445,2,EHO,poblacional,2860.6801761305437,2860.6801761305437,True,False,277.49984400028006,0.00015282322510756785,277.49969117705496,0.05516289366141791,277.4433464961253,277.38818360246387,1,0,145,Explotacion activa
446,2,EHO,poblacional,2860.6801761305437,2860.6801761305437,True,False,277.4998454758311,0.00015348619808719377,277.499691989633,0.05509043171059602,277.44407148358704,277.3891165782664,2,0,146,Explotacion activa
447,2,EHO,poblacional,2860.6801761305437,2860.6801761305437,True,False,277.49990406942425,9.261635159418802e-05,277.49981145307265,0.054981932937425884,277.444605564864,277.38966235375227,3,0,147,Explotacion activa
448,2,EHO,poblacional,2860.6801761305437,2860.6801761305437,True,False,277.49990406942425,9.39762799134769e-05,277.49981009314433,0.05059284587077849,277.449176862629,277.3984097685426,4,0,148,Explotacion activa
449,2,EHO,poblacional,2860.6801761305437,2860.6801761305437,True,False,277.4999292210455,6.876759425722412e-05,277.4998604534512,0.020682394743835146,277.4788305371535,277.458109420584,5,0,149,Explotacion activa
450,2,EHO,poblacional,2860.6801761305437,2860.6801761305437,True,False,277.4999292210455,6.977327439017245e-05,277.4998594477711,0.012071975138269408,277.48744396379357,277.4753719886553,6,0,150,Explotacion activa
451,2,EHO,poblacional,2860.6801761305433,2860.6801761305433,True,False,277.499929221045,7.077895497786812e-05,277.49985844209004,0.01198716769922612,277.4876673456016,277.47568017790235,0,0,151,Explotacion activa
452,2,EHO,poblacional,2860.6801761305433,2860.6801761305433,True,False,277.4999701950728,2.8142088922322728e-05,277.4999420529839,0.011916359155111422,277.4879558632139,277.4760395040588,1,0,152,Explotacion activa
453,2,EHO,poblacional,2860.6801761305433,2860.6801761305433,True,False,277.49997072641236,2.7988078272755956e-05,277.4999427383341,0.011805874012861749,277.4879970800157,277.47619120600285,2,0,153,Explotacion activa
454,2,EHO,poblacional,2860.6801761305433,2860.6801761305433,True,False,277.49997106957426,2.8020017907692818e-05,277.49994304955635,0.010522220311850104,277.48927066029427,277.4787579758596,3,0,154,Explotacion activa
455,2,EHO,poblacional,2860.6801761305433,2860.6801761305433,True,False,277.49997274051975,2.658801759025664e-05,277.49994615250216,0.00768315888763027,277.49224234761095,277.4845909749806,4,0,155,Explotacion activa
456,2,EHO,poblacional,2860.6801761305433,2860.6801761305433,True,False,277.499976028575,2.3400426016451092e-05,277.499952628149,0.0076609085075233455,277.49229387371236,277.48462025070194,5,0,156,Explotacion activa
457,2,EHO,poblacional,2860.6801761305433,2860.6801761305433,True,False,277.499976028575,2.3739154585200595e-05,277.49995228942043,0.0061107756854653335,277.4938657574859,277.487735910046,6,0,157,Explotacion activa
458,2,EHO,poblacional,2860.6801761305433,2860.6801761305433,True,False,277.4999852362048,1.427894176231348e-05,277.49997095726303,0.0036184308195515743,277.4963651216506,277.49274892562346,7,0,158,Explotacion activa
459,2,EHO,poblacional,2860.6801761305433,2860.6801761305433,True,False,277.4999852362048,1.4487017779174494e-05,277.499970749187,0.0023482846792830954,277.4975877586388,277.49525735229855,8,0,159,Explotacion activa
460,2,EHO,poblacional,2860.6801761305433,2860.6801761305433,True,False,277.4999852362048,1.4695093796035508e-05,277.499970541111,0.0019742118201975245,277.49796588972094,277.49599167790075,9,0,160,Explotacion activa
461,2,EHO,poblacional,2860.6801761305433,2860.6801761305433,True,False,277.4999913636816,8.4869348029315e-06,277.4999828767468,0.0019618984258158887,277.49799469595143,277.4960149191867,10,0,161,Explotacion activa
462,2,EHO,poblacional,2860.6801761305433,2860.6801761305433,True,False,277.4999915501071,8.412532679358264e-06,277.4999831375744,0.001957910412011188,277.4979946959591,277.4960345507547,11,0,162,Explotacion activa
463,2,EHO,poblacional,2860.6801761305433,2860.6801761305433,True,False,277.49999512712475,4.736668415716849e-06,277.49999039045633,0.001940513646150066,277.49799469596127,277.4960541823151,12,0,163,Explotacion activa
464,2,EHO,poblacional,2860.6801761305433,2860.6801761305433,True,False,277.49999512712475,4.805958724318771e-06,277.499990321166,0.001780202139752873,277.4981616473147,277.49638144517496,13,0,164,Explotacion activa
465,2,EHO,poblacional,2860.6801761305433,2860.6801761305433,True,False,277.4999963871801,3.5285715966892894e-06,277.4999928586085,0.0014323173686534574,277.49855120047096,277.4971188831023,14,0,165,Explotacion activa
466,2,EHO,poblacional,2860.6801761305433,2860.6801761305433,True,False,277.49999696853365,2.9570273909484968e-06,277.49999401150626,0.001310571623798751,277.4986808924312,277.49737032080736,15,1,166,Explotacion activa
467,2,EHO,poblacional,2860.6801761305433,2860.6801761305433,True,False,277.49999696853365,3.0000569495314267e-06,277.4999939684767,0.0010591785373435404,277.4989317713368,277.49787259279947,16,2,167,Explotacion activa
468,2,EHO,poblacional,2860.6801761305433,2860.6801761305433,True,False,277.49999793334155,2.018404302361887e-06,277.49999591493724,0.0007504088333917024,277.49923530342477,277.49848489459134,17,3,168,Explotacion activa
469,2,EHO,poblacional,2860.6801761305433,2860.6801761305433,True,False,277.49999793334155,2.047771431534784e-06,277.4999958855701,0.0006807924616623495,277.4993094133523,277.49862862089066,18,4,169,Explotacion activa
470,2,EHO,poblacional,2860.6801761305433,2860.6801761305433,True,False,277.49999863928315,1.3216213119449094e-06,277.49999731766184,0.0006496460853213648,277.4993460144658,277.4986963683805,19,5,170,Explotacion activa
471,2,EHO,poblacional,2860.6801761305433,2860.6801761305433,True,False,277.4999987472779,1.2239993338880595e-06,277.4999975232786,0.0005742826055211472,277.4994247654533,277.4988505509421,20,6,171,Explotacion activa
472,2,EHO,poblacional,2860.6801761305433,2860.6801761305433,True,False,277.49999883609007,1.146578142652288e-06,277.49999768951193,0.0003499063716844823,277.49964639993993,277.49929679999275,21,7,172,Explotacion activa
473,2,EHO,poblacional,2860.6801761305433,2860.6801761305433,True,False,277.49999908171867,9.004616003949195e-07,277.49999818125707,0.0003176483410243236,277.4996805132294,277.49936279679406,22,8,173,Explotacion activa
474,2,EHO,poblacional,2860.6801761305433,2860.6801761305433,True,False,277.49999922315965,7.637690941919573e-07,277.49999845939055,0.0002683043660908878,277.4997307032472,277.4994623594429,23,9,174,Explotacion activa
475,2,EHO,poblacional,2860.6801761305433,2860.6801761305433,True,False,277.49999933107483,6.59323632135056e-07,277.4999986717512,0.00015348619808719377,277.49984400028006,277.49969117705496,24,10,175,Explotacion activa
476,2,EHO,poblacional,2860.6801761305433,2860.6801761305433,True,False,277.4999994356849,5.582505764323287e-07,277.49999887743434,0.00015302211700145562,277.4998450331658,277.4996917458596,25,11,176,Explotacion activa
477,2,EHO,poblacional,2860.6801761305433,2860.6801761305433,True,False,277.49999960525474,3.895725058100652e-07,277.49999921568224,0.00012928444702993135,277.49986891326836,277.49973923103755,26,12,177,Explotacion activa
478,2,EHO,poblacional,2860.6801761305433,2860.6801761305433,True,False,277.4999996209235,3.790764822042547e-07,277.49999924184704,9.384028708154801e-05,277.49990406942425,277.49981022913715,27,13,178,Explotacion activa
479,2,EHO,poblacional,2860.6801761305433,2860.6801761305433,True,False,277.4999998158928,1.7771299098967575e-07,277.4999996381798,9.28883372580458e-05,277.49990406942425,277.499811181087,28,14,179,Explotacion activa
480,2,EHO,poblacional,2860.6801761305433,2860.6801761305433,True,False,277.4999998446551,1.4865918274153955e-07,277.49999969599594,8.169765328602807e-05,277.49991664523463,277.49983494758135,29,15,180,Explotacion activa
481,2,EHO,poblacional,2860.6801761305433,2860.6801761305433,True,False,277.4999998446551,1.5086743587744422e-07,277.4999996937877,7.057781886032899e-05,277.49992922104514,277.4998586432263,30,16,181,Explotacion activa
482,2,EHO,poblacional,2860.6801761305433,2860.6801761305433,True,False,277.4999998446551,1.530756890133489e-07,277.49999969157943,6.987384244894201e-05,277.4999292210454,277.49985934720297,31,17,182,Explotacion activa
483,2,EHO,poblacional,2860.6801761305433,2860.6801761305433,True,False,277.4999998763592,1.2049576980643906e-07,277.4999997558634,6.916986631040345e-05,277.4999292210455,277.49986005117916,32,18,183,Explotacion activa
484,2,EHO,poblacional,2860.6801761305433,2860.6801761305433,True,False,277.49999989979824,9.676296031102538e-08,277.4999998030353,5.6579942656753526e-05,277.4999415132537,277.499884933311,33,19,184,Explotacion activa
485,2,EHO,poblacional,2860.6801761305433,2860.6801761305433,True,False,277.4999999136812,8.316101229866035e-08,277.4999998305202,2.8142088922322728e-05,277.4999701950728,277.4999420529839,34,20,185,Explotacion activa
486,2,EHO,poblacional,2860.6801761305433,2860.6801761305433,True,False,277.49999991419054,8.381994121009484e-08,277.4999998303706,2.805663921208179e-05,277.4999705670105,277.49994253272905,35,21,186,Explotacion activa
487,2,EHO,poblacional,2860.6801761305433,2860.6801761305433,True,False,277.49999992168114,7.710468707955442e-08,277.49999984457645,2.8007242053718074e-05,277.4999708636771,277.499942862823,36,22,187,Explotacion activa
488,2,EHO,poblacional,2860.6801761305433,2860.6801761305433,True,False,277.49999992577386,7.393327905447222e-08,277.4999998518406,2.7848072204506024e-05,277.4999712366688,277.49994335985093,37,23,188,Explotacion activa
489,2,EHO,poblacional,2860.6801761305433,2860.6801761305433,True,False,277.4999999525203,4.713774615083821e-08,277.49999990538254,2.68680297267565e-05,277.49997240633064,277.499945531913,38,24,189,Explotacion activa
490,2,EHO,poblacional,2860.6801761305433,2860.6801761305433,True,True,277.4999999641882,3.5728135117096826e-08,277.49999992846006,2.5163586087728618e-05,277.4999743845474,277.4999492209613,39,25,190,ESTANCAMIENTO (Fire)
491,3,GWO,poblacional,2860.6801761305433,2860.6801761305433,False,False,,,,,,,0,0,1,Llenando ventana
492,3,GWO,poblacional,2860.6801761305433,2860.6801761305433,False,False,,,,,,,1,0,2,Llenando ventana
493,3,GWO,poblacional,2860.6801761305433,2860.6801761305433,False,False,,,,,,,2,0,3,Llenando ventana
494,3,GWO,poblacional,2860.6801761305433,2860.6801761305433,False,False,,,,,,,3,0,4,Llenando ventana
495,3,GWO,poblacional,2860.6801761305433,2860.6801761305433,False,False,,,,,,,4,0,5,Llenando ventana
496,3,GWO,poblacional,2860.6801761305433,2860.6801761305433,False,False,,,,,,,5,0,6,Llenando ventana
497,3,GWO,poblacional,2860.6801761305433,2860.6801761305433,False,False,,,,,,,6,0,7,Llenando ventana
498,3,GWO,poblacional,2860.6801761305433,2860.6801761305433,False,False,,,,,,,7,0,8,Llenando ventana
499,3,GWO,poblacional,2860.6801761305433,2860.6801761305433,False,False,,,,,,,8,0,9,Llenando ventana
500,3,GWO,poblacional,2860.6801761305433,2860.6801761305433,False,False,,,,,,,9,0,10,Llenando ventana
501,3,GWO,poblacional,2860.6801761305433,2860.6801761305433,False,False,,,,,,,10,0,11,Llenando ventana
502,3,GWO,poblacional,2860.6801761305433,2860.6801761305433,False,False,,,,,,,11,0,12,Llenando ventana
503,3,GWO,poblacional,2860.6801761305433,2860.6801761305433,False,False,,,,,,,12,0,13,Llenando ventana
504,3,GWO,poblacional,2860.6801761305433,2860.6801761305433,False,False,,,,,,,13,0,14,Llenando ventana
505,3,GWO,poblacional,2860.6801761305433,2860.6801761305433,False,False,,,,,,,14,0,15,Llenando ventana
506,3,GWO,poblacional,2860.6801761305433,2860.6801761305433,False,False,,,,,,,15,0,16,Llenando ventana
507,3,GWO,poblacional,2860.6801761305433,2860.6801761305433,False,False,,,,,,,16,0,17,Llenando ventana
508,3,GWO,poblacional,2860.6801761305433,2860.6801761305433,False,False,,,,,,,17,0,18,Llenando ventana
509,3,GWO,poblacional,2860.6801761305433,2860.6801761305433,False,False,,,,,,,18,0,19,Llenando ventana
510,3,GWO,poblacional,2860.6801761305433,2860.6801761305433,False,False,,,,,,,19,0,20,Llenando ventana
511,3,GWO,poblacional,2860.6801761305433,2860.6801761305433,False,False,,,,,,,20,0,21,Llenando ventana
512,3,GWO,poblacional,2860.6801761305433,2860.6801761305433,False,False,,,,,,,21,0,22,Llenando ventana
513,3,GWO,poblacional,2860.6801761305433,2860.6801761305433,False,False,,,,,,,22,0,23,Llenando ventana
514,3,GWO,poblacional,2860.6801761305433,2860.6801761305433,False,False,,,,,,,23,0,24,Llenando ventana
515,3,GWO,poblacional,2860.6801761305433,2860.6801761305433,False,False,,,,,,,24,0,25,Llenando ventana
516,3,GWO,poblacional,2860.6801761305433,2860.6801761305433,False,False,,,,,,,25,0,26,Llenando ventana
517,3,GWO,poblacional,2860.6801761305433,2860.6801761305433,False,False,,,,,,,26,0,27,Llenando ventana
518,3,GWO,poblacional,2860.6801761305433,2860.6801761305433,False,False,,,,,,,27,0,28,Llenando ventana
519,3,GWO,poblacional,2860.6801761305433,2860.6801761305433,False,False,,,,,,,28,0,29,Llenando ventana
520,3,GWO,poblacional,2860.6801761305433,2860.6801761305433,False,False,,,,,,,29,0,30,Llenando ventana
521,3,GWO,poblacional,2860.6801761305433,2860.6801761305433,False,False,,,,,,,30,0,31,Llenando ventana
522,3,GWO,poblacional,2860.6801761305433,2860.6801761305433,False,False,,,,,,,31,0,32,Llenando ventana
523,3,GWO,poblacional,2860.6801761305433,2860.6801761305433,False,False,,,,,,,32,0,33,Llenando ventana
524,3,GWO,poblacional,2860.6801761305433,2860.6801761305433,False,False,,,,,,,33,0,34,Llenando ventana
525,3,GWO,poblacional,2860.6801761305433,2860.6801761305433,False,False,,,,,,,34,0,35,Llenando ventana
526,3,GWO,poblacional,2860.6801761305433,2860.6801761305433,False,False,,,,,,,35,0,36,Llenando ventana
527,3,GWO,poblacional,2860.6801761305433,2860.6801761305433,False,False,,,,,,,36,0,37,Llenando ventana
528,3,GWO,poblacional,2860.6801761305433,2860.6801761305433,False,False,,,,,,,37,0,38,Llenando ventana
529,3,GWO,poblacional,2860.6801761305433,2860.6801761305433,False,False,,,,,,,38,0,39,Llenando ventana
530,3,GWO,poblacional,2860.6801761305433,2860.6801761305433,False,False,,,,,,,39,0,40,Llenando ventana
531,3,GWO,poblacional,2860.6801761305433,2860.6801761305433,False,False,,,,,,,40,0,41,Llenando ventana
532,3,GWO,poblacional,2860.6801761305433,2860.6801761305433,False,False,,,,,,,41,0,42,Llenando ventana
533,3,GWO,poblacional,2860.6801761305433,2860.6801761305433,False,False,,,,,,,42,0,43,Llenando ventana
534,3,GWO,poblacional,2860.6801761305433,2860.6801761305433,False,False,,,,,,,43,0,44,Llenando ventana
535,3,GWO,poblacional,2860.6801761305433,2860.6801761305433,False,False,,,,,,,44,0,45,Llenando ventana
536,3,GWO,poblacional,2860.6801761305433,2860.6801761305433,False,False,,,,,,,45,0,46,Llenando ventana
537,3,GWO,poblacional,2860.6801761305433,2860.6801761305433,False,False,,,,,,,46,0,47,Llenando ventana
538,3,GWO,poblacional,2860.6801761305433,2860.6801761305433,False,False,,,,,,,47,0,48,Llenando ventana
539,3,GWO,poblacional,2860.6801761305433,2860.6801761305433,False,False,,,,,,,48,0,49,Llenando ventana
540,3,GWO,poblacional,2860.6801761305433,2860.6801761305433,False,False,,,,,,,49,0,50,Llenando ventana
541,3,GWO,poblacional,2860.6801761305433,2860.6801761305433,False,False,,,,,,,50,0,51,Llenando ventana
542,3,GWO,poblacional,2860.6801761305433,2860.6801761305433,False,False,,,,,,,51,0,52,Llenando ventana
543,3,GWO,poblacional,2860.6801761305433,2860.6801761305433,False,False,,,,,,,52,0,53,Llenando ventana
544,3,GWO,poblacional,2860.6801761305433,2860.6801761305433,False,False,,,,,,,53,0,54,Llenando ventana
545,3,GWO,poblacional,2860.6801761305433,2860.6801761305433,False,False,,,,,,,54,0,55,Llenando ventana
546,3,GWO,poblacional,2860.6801761305433,2860.6801761305433,False,False,,,,,,,55,0,56,Llenando ventana
547,3,GWO,poblacional,2860.6801761305433,2860.6801761305433,False,False,,,,,,,56,0,57,Llenando ventana
548,3,GWO,poblacional,2860.6801761305433,2860.6801761305433,False,False,,,,,,,57,0,58,Llenando ventana
549,3,GWO,poblacional,2860.6801761305433,2860.6801761305433,False,False,,,,,,,58,0,59,Llenando ventana
550,3,GWO,poblacional,2860.6801761305433,2860.6801761305433,False,False,,,,,,,59,0,60,Llenando ventana
551,3,GWO,poblacional,2860.6801761305433,2860.6801761305433,False,False,,,,,,,60,0,61,Llenando ventana
552,3,GWO,poblacional,2860.6801761305433,2860.6801761305433,False,False,,,,,,,61,0,62,Llenando ventana
553,3,GWO,poblacional,2860.6801761305433,2860.6801761305433,False,False,,,,,,,62,0,63,Llenando ventana
554,3,GWO,poblacional,2860.6801761305433,2860.6801761305433,False,False,,,,,,,63,0,64,Llenando ventana
555,3,GWO,poblacional,2860.6801761305433,2860.6801761305433,False,False,,,,,,,64,0,65,Llenando ventana
556,3,GWO,poblacional,2860.6801761305433,2860.6801761305433,False,False,,,,,,,65,0,66,Llenando ventana
557,3,GWO,poblacional,2860.6801761305433,2860.6801761305433,False,False,,,,,,,66,0,67,Llenando ventana
558,3,GWO,poblacional,2860.6801761305433,2860.6801761305433,False,False,,,,,,,67,0,68,Llenando ventana
559,3,GWO,poblacional,2860.6801761305433,2860.6801761305433,False,False,,,,,,,68,0,69,Llenando ventana
560,3,GWO,poblacional,2860.6801761305433,2860.6801761305433,False,False,,,,,,,69,0,70,Llenando ventana
561,3,GWO,poblacional,2860.6801761305433,2860.6801761305433,False,False,,,,,,,70,0,71,Llenando ventana
562,3,GWO,poblacional,2860.6801761305433,2860.6801761305433,False,False,,,,,,,71,0,72,Llenando ventana
563,3,GWO,poblacional,2860.6801761305433,2860.6801761305433,False,False,,,,,,,72,0,73,Llenando ventana
564,3,GWO,poblacional,2860.6801761305433,2860.6801761305433,False,False,,,,,,,73,0,74,Llenando ventana
565,3,GWO,poblacional,2860.6801761305433,2860.6801761305433,True,False,277.5,0.0,277.5,7.5,37.5,22.5,74,1,75,Explotacion activa
566,3,GWO,poblacional,2860.6801761305433,2860.6801761305433,True,False,277.5,0.0,277.5,7.5,37.5,22.5,75,2,76,Explotacion activa
567,3,GWO,poblacional,2860.6801761305433,2860.6801761305433,True,False,277.5,0.0,277.5,7.5,37.5,22.5,76,3,77,Explotacion activa
568,3,GWO,poblacional,2860.6801761305433,2860.6801761305433,True,False,277.5,0.0,277.5,7.5,37.5,22.5,77,4,78,Explotacion activa
569,3,GWO,poblacional,2860.6801761305433,2860.6801761305433,True,False,277.5,0.0,277.5,7.5,37.5,22.5,78,5,79,Explotacion activa
570,3,GWO,poblacional,2860.6801761305433,2860.6801761305433,True,False,277.5,0.0,277.5,7.5,37.5,22.5,79,6,80,Explotacion activa
571,3,GWO,poblacional,2860.6801761305433,2860.6801761305433,True,False,277.5,0.0,277.5,7.5,37.5,22.5,80,7,81,Explotacion activa
572,3,GWO,poblacional,2860.6801761305433,2860.6801761305433,True,False,277.5,0.0,277.5,7.5,37.5,22.5,81,8,82,Explotacion activa
573,3,GWO,poblacional,2860.6801761305433,2860.6801761305433,True,False,277.5,0.0,277.5,7.5,37.5,22.5,82,9,83,Explotacion activa
574,3,GWO,poblacional,2860.6801761305433,2860.6801761305433,True,False,277.5,0.0,277.5,0.0,277.5,277.5,83,10,84,Explotacion activa
575,3,GWO,poblacional,2860.6801761305433,2860.6801761305433,True,False,277.5,0.0,277.5,0.0,277.5,277.5,84,11,85,Explotacion activa
576,3,GWO,poblacional,2860.6801761305433,2860.6801761305433,True,False,277.5,0.0,277.5,0.0,277.5,277.5,85,12,86,Explotacion activa
577,3,GWO,poblacional,2860.6801761305433,2860.6801761305433,True,False,277.5,0.0,277.5,0.0,277.5,277.5,86,13,87,Explotacion activa
578,3,GWO,poblacional,2860.6801761305433,2860.6801761305433,True,False,277.5,0.0,277.5,0.0,277.5,277.5,87,14,88,Explotacion activa
579,3,GWO,poblacional,2860.6801761305433,2860.6801761305433,True,False,277.5,0.0,277.5,0.0,277.5,277.5,88,15,89,Explotacion activa
580,3,GWO,poblacional,2860.6801761305433,2860.6801761305433,True,False,277.5,0.0,277.5,0.0,277.5,277.5,89,16,90,Explotacion activa
581,3,GWO,poblacional,2860.6801761305433,2860.6801761305433,True,False,277.5,0.0,277.5,0.0,277.5,277.5,90,17,91,Explotacion activa
582,3,GWO,poblacional,2860.6801761305433,2860.6801761305433,True,False,277.5,0.0,277.5,0.0,277.5,277.5,91,18,92,Explotacion activa
583,3,GWO,poblacional,2860.6801761305433,2860.6801761305433,True,False,277.5,0.0,277.5,0.0,277.5,277.5,92,19,93,Explotacion activa
584,3,GWO,poblacional,2860.6801761305433,2860.6801761305433,True,False,277.5,0.0,277.5,0.0,277.5,277.5,93,20,94,Explotacion activa
585,3,GWO,poblacional,2860.6801761305433,2860.6801761305433,True,False,277.5,0.0,277.5,0.0,277.5,277.5,94,21,95,Explotacion activa
586,3,GWO,poblacional,2860.6801761305433,2860.6801761305433,True,False,277.5,0.0,277.5,0.0,277.5,277.5,95,22,96,Explotacion activa
587,3,GWO,poblacional,2860.6801761305433,2860.6801761305433,True,False,277.5,0.0,277.5,0.0,277.5,277.5,96,23,97,Explotacion activa
588,3,GWO,poblacional,2860.6801761305433,2860.6801761305433,True,False,277.5,0.0,277.5,0.0,277.5,277.5,97,24,98,Explotacion activa
589,3,GWO,poblacional,2860.6801761305433,2860.6801761305433,True,True,277.5,0.0,277.5,0.0,277.5,277.5,98,25,99,ESTANCAMIENTO (Fire)
590,4,PSO,poblacional,2860.6801761305433,2860.6801761305433,False,False,,,,,,,0,0,0,Llenando ventana
591,4,PSO,poblacional,2860.6801761305433,2860.6801761305433,False,False,,,,,,,0,0,0,Llenando ventana
592,4,PSO,poblacional,2860.6801761305433,2860.6801761305433,False,False,,,,,,,0,0,0,Llenando ventana
593,4,PSO,poblacional,2860.6801761305433,2860.6801761305433,False,False,,,,,,,0,0,0,Llenando ventana
594,4,PSO,poblacional,2860.6801761305433,2860.6801761305433,False,False,,,,,,,0,0,0,Llenando ventana
595,4,PSO,poblacional,2860.6801761305433,2860.6801761305433,False,False,,,,,,,0,0,0,Llenando ventana
596,4,PSO,poblacional,2860.6801761305433,2860.6801761305433,False,False,,,,,,,0,0,0,Llenando ventana
597,4,PSO,poblacional,2860.6801761305433,2860.6801761305433,False,False,,,,,,,0,0,0,Llenando ventana
598,4,PSO,poblacional,2860.6801761305433,2860.6801761305433,False,False,,,,,,,0,0,0,Llenando ventana
599,4,PSO,poblacional,2860.6801761305433,2860.6801761305433,False,False,,,,,,,0,0,0,Llenando ventana
600,4,PSO,poblacional,2860.6801761305433,2860.6801761305433,False,False,,,,,,,0,0,0,Llenando ventana
601,4,PSO,poblacional,2860.6801761305433,2860.6801761305433,False,False,,,,,,,0,0,0,Llenando ventana
602,4,PSO,poblacional,2860.6801761305433,2860.6801761305433,False,False,,,,,,,0,0,0,Llenando ventana
603,4,PSO,poblacional,2860.6801761305433,2860.6801761305433,False,False,,,,,,,0,0,0,Llenando ventana
604,4,PSO,poblacional,2860.6801761305433,2860.6801761305433,False,False,,,,,,,0,0,0,Llenando ventana
605,4,PSO,poblacional,2860.6801761305433,2860.6801761305433,False,False,,,,,,,0,0,0,Llenando ventana
606,4,PSO,poblacional,2860.6801761305433,2860.6801761305433,False,False,,,,,,,0,0,0,Llenando ventana
607,4,PSO,poblacional,2860.6801761305433,2860.6801761305433,False,False,,,,,,,0,0,0,Llenando ventana
608,4,PSO,poblacional,2860.6801761305433,2860.6801761305433,False,False,,,,,,,0,0,0,Llenando ventana
609,4,PSO,poblacional,2860.6801761305433,2860.6801761305433,False,False,,,,,,,0,0,0,Llenando ventana
610,4,PSO,poblacional,2860.6801761305433,2860.6801761305433,False,False,,,,,,,0,0,0,Llenando ventana
611,4,PSO,poblacional,2860.6801761305433,2860.6801761305433,False,False,,,,,,,0,0,0,Llenando ventana
612,4,PSO,poblacional,2860.6801761305433,2860.6801761305433,False,False,,,,,,,0,0,0,Llenando ventana
613,4,PSO,poblacional,2860.6801761305433,2860.6801761305433,False,False,,,,,,,0,0,0,Llenando ventana
614,4,PSO,poblacional,2860.6801761305433,2860.6801761305433,False,False,,,,,,,0,0,0,Llenando ventana
615,4,PSO,poblacional,2860.6801761305433,2860.6801761305433,False,False,,,,,,,0,0,0,Llenando ventana
616,4,PSO,poblacional,2860.6801761305433,2860.6801761305433,False,False,,,,,,,0,0,0,Llenando ventana
617,4,PSO,poblacional,2860.6801761305433,2860.6801761305433,False,False,,,,,,,0,0,0,Llenando ventana
618,4,PSO,poblacional,2860.6801761305433,2860.6801761305433,False,False,,,,,,,0,0,0,Llenando ventana
619,4,PSO,poblacional,2860.6801761305433,2860.6801761305433,False,False,,,,,,,0,0,0,Llenando ventana
620,4,PSO,poblacional,2860.6801761305433,2860.6801761305433,False,False,,,,,,,0,0,0,Llenando ventana
621,4,PSO,poblacional,2860.6801761305433,2860.6801761305433,False,False,,,,,,,0,0,0,Llenando ventana
622,4,PSO,poblacional,2860.6801761305433,2860.6801761305433,False,False,,,,,,,0,0,0,Llenando ventana
623,4,PSO,poblacional,2860.6801761305433,2860.6801761305433,False,False,,,,,,,0,0,0,Llenando ventana
624,4,PSO,poblacional,2860.6801761305433,2860.6801761305433,False,False,,,,,,,0,0,0,Llenando ventana
625,4,PSO,poblacional,2860.6801761305433,2860.6801761305433,False,False,,,,,,,0,0,0,Llenando ventana
626,4,PSO,poblacional,2860.6801761305433,2860.6801761305433,False,False,,,,,,,0,0,0,Llenando ventana
627,4,PSO,poblacional,2860.6801761305433,2860.6801761305433,False,False,,,,,,,0,0,0,Llenando ventana
628,4,PSO,poblacional,2860.6801761305433,2860.6801761305433,False,False,,,,,,,0,0,0,Llenando ventana
629,4,PSO,poblacional,2860.6801761305433,2860.6801761305433,False,False,,,,,,,0,0,0,Llenando ventana
630,4,PSO,poblacional,2860.6801761305433,2860.6801761305433,False,False,,,,,,,0,0,0,Llenando ventana
631,4,PSO,poblacional,2860.6801761305433,2860.6801761305433,False,False,,,,,,,0,0,0,Llenando ventana
632,4,PSO,poblacional,2860.6801761305433,2860.6801761305433,False,False,,,,,,,0,0,0,Llenando ventana
633,4,PSO,poblacional,2860.6801761305433,2860.6801761305433,False,False,,,,,,,0,0,0,Llenando ventana
634,4,PSO,poblacional,2860.6801761305433,2860.6801761305433,False,False,,,,,,,0,0,0,Llenando ventana
635,4,PSO,poblacional,2860.6801761305433,2860.6801761305433,False,False,,,,,,,0,0,0,Llenando ventana
636,4,PSO,poblacional,2860.6801761305433,2860.6801761305433,False,False,,,,,,,0,0,0,Llenando ventana
637,4,PSO,poblacional,2860.6801761305433,2860.6801761305433,False,False,,,,,,,0,0,0,Llenando ventana
638,4,PSO,poblacional,2860.6801761305433,2860.6801761305433,False,False,,,,,,,0,0,0,Llenando ventana
639,4,PSO,poblacional,2860.6801761305433,2860.6801761305433,False,False,,,,,,,0,0,0,Llenando ventana
640,4,PSO,poblacional,2860.6801761305433,2860.6801761305433,False,False,,,,,,,0,0,0,Llenando ventana
641,4,PSO,poblacional,2860.6801761305433,2860.6801761305433,False,False,,,,,,,0,0,0,Llenando ventana
642,4,PSO,poblacional,2860.6801761305433,2860.6801761305433,False,False,,,,,,,0,0,0,Llenando ventana
643,4,PSO,poblacional,2860.6801761305433,2860.6801761305433,False,False,,,,,,,0,0,0,Llenando ventana
644,4,PSO,poblacional,2860.6801761305433,2860.6801761305433,False,False,,,,,,,0,0,0,Llenando ventana
645,4,PSO,poblacional,2860.6801761305433,2860.6801761305433,False,False,,,,,,,0,0,0,Llenando ventana
646,4,PSO,poblacional,2860.6801761305433,2860.6801761305433,False,False,,,,,,,0,0,0,Llenando ventana
647,4,PSO,poblacional,2860.6801761305433,2860.6801761305433,False,False,,,,,,,0,0,0,Llenando ventana
648,4,PSO,poblacional,2860.6801761305433,2860.6801761305433,False,False,,,,,,,0,0,0,Llenando ventana
649,4,PSO,poblacional,2860.6801761305433,2860.6801761305433,False,False,,,,,,,0,0,0,Llenando ventana
650,4,PSO,poblacional,2860.6801761305433,2860.6801761305433,False,False,,,,,,,0,0,0,Llenando ventana
651,4,PSO,poblacional,2860.6801761305433,2860.6801761305433,False,False,,,,,,,0,0,0,Llenando ventana
652,4,PSO,poblacional,2860.6801761305433,2860.6801761305433,False,False,,,,,,,0,0,0,Llenando ventana
653,4,PSO,poblacional,2860.6801761305433,2860.6801761305433,False,False,,,,,,,0,0,0,Llenando ventana
654,4,PSO,poblacional,2860.6801761305433,2860.6801761305433,False,False,,,,,,,0,0,0,Llenando ventana
655,4,PSO,poblacional,2860.6801761305433,2860.6801761305433,False,False,,,,,,,0,0,0,Llenando ventana
656,4,PSO,poblacional,2860.6801761305433,2860.6801761305433,False,False,,,,,,,0,0,0,Llenando ventana
657,4,PSO,poblacional,2860.6801761305433,2860.6801761305433,False,False,,,,,,,0,0,0,Llenando ventana
658,4,PSO,poblacional,2860.6801761305433,2860.6801761305433,False,False,,,,,,,0,0,0,Llenando ventana
659,4,PSO,poblacional,2860.6801761305433,2860.6801761305433,False,False,,,,,,,0,0,0,Llenando ventana
660,4,PSO,poblacional,2860.6801761305433,2860.6801761305433,False,False,,,,,,,0,0,0,Llenando ventana
661,4,PSO,poblacional,2860.6801761305433,2860.6801761305433,False,False,,,,,,,0,0,0,Llenando ventana
662,4,PSO,poblacional,2860.6801761305433,2860.6801761305433,False,False,,,,,,,0,0,0,Llenando ventana
663,4,PSO,poblacional,2860.6801761305433,2860.6801761305433,False,False,,,,,,,0,0,0,Llenando ventana
664,4,PSO,poblacional,2860.6801761305433,2860.6801761305433,False,False,,,277.5,,,,0,0,0,Llenando ventana
665,4,PSO,poblacional,2860.6801761305433,2860.6801761305433,False,False,,,277.5,,,,0,0,0,Llenando ventana
666,4,PSO,poblacional,2860.6801761305433,2860.6801761305433,False,False,,,277.5,,,,0,0,0,Llenando ventana
667,4,PSO,poblacional,2860.6801761305433,2860.6801761305433,False,False,,,277.5,,,,0,0,0,Llenando ventana
668,4,PSO,poblacional,2860.6801761305433,2860.6801761305433,False,False,,,277.5,,,,0,0,0,Llenando ventana
669,4,PSO,poblacional,2860.6801761305433,2860.6801761305433,False,False,,,277.5,,,,0,0,0,Llenando ventana
670,4,PSO,poblacional,2860.6801761305433,2860.6801761305433,False,False,,,277.5,,,,0,0,0,Llenando ventana
671,4,PSO,poblacional,2860.6801761305433,2860.6801761305433,False,False,,,277.5,,,,0,0,0,Llenando ventana
672,4,PSO,poblacional,2860.6801761305433,2860.6801761305433,False,False,,,277.5,,,,0,0,0,Llenando ventana
673,4,PSO,poblacional,2860.6801761305433,2860.6801761305433,False,False,,,277.5,,,,0,0,0,Llenando ventana
674,4,PSO,poblacional,2860.6801761305433,2860.6801761305433,False,False,,,277.5,,,,0,0,0,Llenando ventana
675,4,PSO,poblacional,2860.6801761305433,2860.6801761305433,False,False,,,277.5,,,,0,0,0,Llenando ventana
676,4,PSO,poblacional,2860.6801761305433,2860.6801761305433,False,False,,,277.5,,,,0,0,0,Llenando ventana
677,4,PSO,poblacional,2860.6801761305433,2860.6801761305433,False,False,,,277.5,,,,0,0,0,Llenando ventana
678,4,PSO,poblacional,2860.6801761305433,2860.6801761305433,False,False,,,277.5,,,,0,0,0,Llenando ventana
679,4,PSO,poblacional,2860.6801761305433,2860.6801761305433,False,False,,,277.5,,,,0,0,0,Llenando ventana
680,4,PSO,poblacional,2860.6801761305433,2860.6801761305433,False,False,,,277.5,,,,0,0,0,Llenando ventana
681,4,PSO,poblacional,2860.6801761305433,2860.6801761305433,False,False,,,277.5,,,,0,0,0,Llenando ventana
682,4,PSO,poblacional,2860.6801761305433,2860.6801761305433,False,False,,,277.5,,,,0,0,0,Llenando ventana
683,4,PSO,poblacional,2860.6801761305433,2860.6801761305433,False,False,,,277.5,,,,0,0,0,Llenando ventana
684,4,PSO,poblacional,2860.6801761305433,2860.6801761305433,False,False,,,277.5,,,,0,0,0,Llenando ventana
685,4,PSO,poblacional,2860.6801761305433,2860.6801761305433,False,False,,,277.5,,,,0,0,0,Llenando ventana
686,4,PSO,poblacional,2860.6801761305433,2860.6801761305433,False,False,,,277.5,,,,0,0,0,Llenando ventana
687,4,PSO,poblacional,2860.6801761305433,2860.6801761305433,False,False,,,277.5,,,,0,0,0,Llenando ventana
688,4,PSO,poblacional,2860.6801761305433,2860.6801761305433,False,False,,,277.5,,,,0,0,0,Llenando ventana
689,5,ACO,poblacional,2860.6801761305433,3213.289556437495,False,False,,,,,,,0,0,1,Llenando ventana
690,5,ACO,poblacional,2860.6801761305433,3470.8738544947732,False,False,,,,,,,1,0,2,Llenando ventana
691,5,ACO,poblacional,2860.6801761305433,3116.61079549423,False,False,,,,,,,2,0,3,Llenando ventana
692,5,ACO,poblacional,2860.6801761305433,2930.21088167047,False,False,,,,,,,3,0,4,Llenando ventana
693,5,ACO,poblacional,2860.6801761305433,3026.3264071964177,False,False,,,,,,,4,0,5,Llenando ventana
694,5,ACO,poblacional,2860.6801761305433,3050.213556437179,False,False,,,,,,,5,0,6,Llenando ventana
695,5,ACO,poblacional,2860.6801761305433,3064.734937677447,False,False,,,,,,,6,0,7,Llenando ventana
696,5,ACO,poblacional,2860.6801761305433,2979.7549304369504,False,False,,,,,,,7,0,8,Llenando ventana
697,5,ACO,poblacional,2860.6801761305433,2892.57061983899,False,False,,,,,,,8,0,9,Llenando ventana
698,5,ACO,poblacional,2860.6801761305433,2906.3506040470456,False,False,,,,,,,9,0,10,Llenando ventana
699,5,ACO,poblacional,2860.6801761305433,2928.214018931354,False,False,,,,,,,10,0,11,Llenando ventana
700,5,ACO,poblacional,2860.6801761305433,2929.1398079798055,False,False,,,,,,,11,0,12,Llenando ventana
701,5,ACO,poblacional,2860.6801761305433,2893.3795634403295,False,False,,,,,,,12,0,13,Llenando ventana
702,5,ACO,poblacional,2860.6801761305433,2885.1649088480685,False,False,,,,,,,13,0,14,Llenando ventana
703,5,ACO,poblacional,2860.6801761305433,2891.657207313471,False,False,,,,,,,14,0,15,Llenando ventana
704,5,ACO,poblacional,2860.6801761305433,2882.471296187749,False,False,,,,,,,15,0,16,Llenando ventana
705,5,ACO,poblacional,2860.6801761305433,2887.1959229574104,False,False,,,,,,,16,0,17,Llenando ventana
706,5,ACO,poblacional,2860.6801761305433,2881.5735495180265,False,False,,,,,,,17,0,18,Llenando ventana
707,5,ACO,poblacional,2860.6801761305433,2878.171603436999,False,False,,,,,,,18,0,19,Llenando ventana
708,5,ACO,poblacional,2860.6801761305433,2880.579335468939,False,False,,,,,,,19,0,20,Llenando ventana
709,5,ACO,poblacional,2860.6801761305433,2877.5264901341043,False,False,,,,,,,20,0,21,Llenando ventana
710,5,ACO,poblacional,2860.6801761305433,2870.6957613298005,False,False,,,,,,,21,0,22,Llenando ventana
711,5,ACO,poblacional,2860.6801761305433,2874.1481406135345,False,False,,,,,,,22,0,23,Llenando ventana
712,5,ACO,poblacional,2860.6801761305433,2871.9657142435076,False,False,,,,,,,23,0,24,Llenando ventana
713,5,ACO,poblacional,2860.6801761305433,2871.3368703972355,False,False,,,,,,,24,0,25,Llenando ventana
714,5,ACO,poblacional,2860.6801761305433,2873.6340407427583,False,False,,,,,,,25,0,26,Llenando ventana
715,5,ACO,poblacional,2860.6801761305433,2870.028569415671,False,False,,,,,,,26,0,27,Llenando ventana
716,5,ACO,poblacional,2860.6801761305433,2871.660298001839,False,False,,,,,,,27,0,28,Llenando ventana
717,5,ACO,poblacional,2860.6801761305433,2871.010100571333,False,False,,,,,,,28,0,29,Llenando ventana
718,5,ACO,poblacional,2860.6801761305433,2870.6558014421985,False,False,,,,,,,29,0,30,Llenando ventana
719,5,ACO,poblacional,2860.6801761305433,2871.1303091616805,False,False,,,,,,,30,0,31,Llenando ventana
720,5,ACO,poblacional,2860.6801761305433,2870.5093361101335,False,False,,,,,,,31,0,32,Llenando ventana
721,5,ACO,poblacional,2860.6801761305433,2869.4998497423153,False,False,,,,,,,32,0,33,Llenando ventana
722,5,ACO,poblacional,2860.6801761305433,2871.2973098400353,False,False,,,,,,,33,0,34,Llenando ventana
723,5,ACO,poblacional,2860.6801761305433,2870.1209221673753,False,False,,,,,,,34,0,35,Llenando ventana
724,5,ACO,poblacional,2860.6801761305433,2870.0189698033278,False,False,,,,,,,35,0,36,Llenando ventana
725,5,ACO,poblacional,2860.6801761305433,2869.5180029809403,False,False,,,,,,,36,0,37,Llenando ventana
726,5,ACO,poblacional,2860.6801761305433,2870.788776512892,False,False,,,,,,,37,0,38,Llenando ventana
727,5,ACO,poblacional,2860.6801761305433,2868.504305960089,False,False,,,,,,,38,0,39,Llenando ventana
728,5,ACO,poblacional,2860.6801761305433,2870.706087032803,False,False,,,,,,,39,0,40,Llenando ventana
729,5,ACO,poblacional,2860.6801761305433,2871.0099063591815,False,False,,,,,,,40,0,41,Llenando ventana
730,5,ACO,poblacional,2860.6801761305433,2871.1308407070596,False,False,,,,,,,41,0,42,Llenando ventana
731,5,ACO,poblacional,2860.6801761305433,2868.546511444205,False,False,,,,,,,42,0,43,Llenando ventana
732,5,ACO,poblacional,2860.6801761305433,2866.0911513502497,False,False,,,,,,,43,0,44,Llenando ventana
733,5,ACO,poblacional,2860.6801761305433,2870.4560824392483,False,False,,,,,,,44,0,45,Llenando ventana
734,5,ACO,poblacional,2860.6801761305433,2870.8117020575073,False,False,,,,,,,45,0,46,Llenando ventana
735,5,ACO,poblacional,2860.6801761305433,2871.3630668730048,False,False,,,,,,,46,0,47,Llenando ventana
736,5,ACO,poblacional,2860.6801761305433,2869.304829369907,False,False,,,,,,,47,0,48,Llenando ventana
737,5,ACO,poblacional,2860.6801761305433,2866.698606106863,False,False,,,,,,,48,0,49,Llenando ventana
738,5,ACO,poblacional,2860.6801761305433,2868.10374371759,False,False,,,,,,,49,0,50,Llenando ventana
739,5,ACO,poblacional,2860.6801761305433,2867.5676293819447,False,False,,,,,,,50,0,51,Llenando ventana
740,5,ACO,poblacional,2860.6801761305433,2868.216669434063,False,False,,,,,,,51,0,52,Llenando ventana
741,5,ACO,poblacional,2860.6801761305433,2867.549282687205,False,False,,,,,,,52,0,53,Llenando ventana
742,5,ACO,poblacional,2860.6801761305433,2866.992607518075,False,False,,,,,,,53,0,54,Llenando ventana
743,5,ACO,poblacional,2860.6801761305433,2868.251730779457,False,False,,,,,,,54,0,55,Llenando ventana
744,5,ACO,poblacional,2860.6801761305433,2868.7403250815814,False,False,,,,,,,55,0,56,Llenando ventana
745,5,ACO,poblacional,2860.6801761305433,2866.8225062706315,False,False,,,,,,,56,0,57,Llenando ventana
746,5,ACO,poblacional,2860.6801761305433,2865.6537671489737,False,False,,,,,,,57,0,58,Llenando ventana
747,5,ACO,poblacional,2860.6801761305433,2868.566475980526,False,False,,,,,,,58,0,59,Llenando ventana
748,5,ACO,poblacional,2860.6801761305433,2867.644652866587,False,False,,,,,,,59,0,60,Llenando ventana
749,5,ACO,poblacional,2860.6801761305433,2866.4101238328853,False,False,,,,,,,60,0,61,Llenando ventana
750,5,ACO,poblacional,2860.6801761305433,2867.224559626114,False,False,,,,,,,61,0,62,Llenando ventana
751,5,ACO,poblacional,2860.6801761305433,2867.0628260658114,False,False,,,,,,,62,0,63,Llenando ventana
752,5,ACO,poblacional,2860.6801761305433,2866.64536863463,False,False,,,,,,,63,0,64,Llenando ventana
753,5,ACO,poblacional,2860.6801761305433,2866.5461356816327,False,False,,,,,,,64,0,65,Llenando ventana
754,5,ACO,poblacional,2860.6801761305433,2866.5615422535993,False,False,,,,,,,65,0,66,Llenando ventana
755,5,ACO,poblacional,2860.6801761305433,2866.0197127611514,False,False,,,,,,,66,0,67,Llenando ventana
756,5,ACO,poblacional,2860.6801761305433,2865.6540201053062,False,False,,,,,,,67,0,68,Llenando ventana
757,5,ACO,poblacional,2860.6801761305433,2866.2609766759324,False,False,,,,,,,68,0,69,Llenando ventana
758,5,ACO,poblacional,2860.6801761305433,2865.850553125462,False,False,,,,,,,69,0,70,Llenando ventana
759,5,ACO,poblacional,2860.6801761305433,2865.190720212934,False,False,,,,,,,70,0,71,Llenando ventana
760,5,ACO,poblacional,2860.6801761305433,2865.3097511355754,False,False,,,,,,,71,0,72,Llenando ventana
761,5,ACO,poblacional,2860.6801761305433,2866.4839724044723,False,False,,,,,,,72,0,73,Llenando ventana
762,5,ACO,poblacional,2860.6801761305433,2865.759697220125,False,False,,,,,,,73,0,74,Llenando ventana
763,5,ACO,poblacional,2860.6801761305433,2866.1921831062896,True,False,277.5,0.0,277.5,7.5,37.5,22.5,74,1,75,Explotacion activa
764,5,ACO,poblacional,2860.6801761305433,2866.223778480232,True,False,277.5,0.0,277.5,7.5,37.5,22.5,75,2,76,Explotacion activa
765,5,ACO,poblacional,2860.6801761305433,2866.102827288817,True,False,277.5,0.0,277.5,7.5,37.5,22.5,76,3,77,Explotacion activa
766,5,ACO,poblacional,2860.6801761305433,2866.108760976781,True,False,277.5,0.0,277.5,7.5,37.5,22.5,77,4,78,Explotacion activa
767,5,ACO,poblacional,2860.6801761305433,2865.3186104302163,True,False,277.5,0.0,277.5,7.5,37.5,22.5,78,5,79,Explotacion activa
768,5,ACO,poblacional,2860.6801761305433,2865.498260021523,True,False,277.5,0.0,277.5,7.5,37.5,22.5,79,6,80,Explotacion activa
769,5,ACO,poblacional,2860.6801761305433,2865.9538181887997,True,False,277.5,0.0,277.5,7.5,37.5,22.5,80,7,81,Explotacion activa
770,5,ACO,poblacional,2860.6801761305433,2866.0587453364474,True,False,277.5,0.0,277.5,7.5,37.5,22.5,81,8,82,Explotacion activa
771,5,ACO,poblacional,2860.6801761305433,2864.7845339198084,True,False,277.5,0.0,277.5,7.5,37.5,22.5,82,9,83,Explotacion activa
772,5,ACO,poblacional,2860.6801761305433,2865.588540851415,True,False,277.5,0.0,277.5,0.0,277.5,277.5,83,10,84,Explotacion activa
773,5,ACO,poblacional,2860.6801761305433,2866.2336378098735,True,False,277.5,0.0,277.5,0.0,277.5,277.5,84,11,85,Explotacion activa
774,5,ACO,poblacional,2860.6801761305433,2865.618579357621,True,False,277.5,0.0,277.5,0.0,277.5,277.5,85,12,86,Explotacion activa
775,5,ACO,poblacional,2860.6801761305433,2865.6728213165597,True,False,277.5,0.0,277.5,0.0,277.5,277.5,86,13,87,Explotacion activa
776,5,ACO,poblacional,2860.6801761305433,2865.1897091894143,True,False,277.5,0.0,277.5,0.0,277.5,277.5,87,14,88,Explotacion activa
777,5,ACO,poblacional,2860.6801761305433,2864.9780507832993,True,False,277.5,0.0,277.5,0.0,277.5,277.5,88,15,89,Explotacion activa
778,5,ACO,poblacional,2860.6801761305433,2864.753555965428,True,False,277.5,0.0,277.5,0.0,277.5,277.5,89,16,90,Explotacion activa
779,5,ACO,poblacional,2860.6801761305433,2865.4412360955057,True,False,277.5,0.0,277.5,0.0,277.5,277.5,90,17,91,Explotacion activa
780,5,ACO,poblacional,2860.6801761305433,2865.438580754183,True,False,277.5,0.0,277.5,0.0,277.5,277.5,91,18,92,Explotacion activa
781,5,ACO,poblacional,2860.6801761305433,2864.9000292329406,True,False,277.5,0.0,277.5,0.0,277.5,277.5,92,19,93,Explotacion activa
782,5,ACO,poblacional,2860.6801761305433,2865.298777226149,True,False,277.5,0.0,277.5,0.0,277.5,277.5,93,20,94,Explotacion activa
783,5,ACO,poblacional,2860.6801761305433,2865.1740907056383,True,False,277.5,0.0,277.5,0.0,277.5,277.5,94,21,95,Explotacion activa
784,5,ACO,poblacional,2860.6801761305433,2865.1432795602145,True,False,277.5,0.0,277.5,0.0,277.5,277.5,95,22,96,Explotacion activa
785,5,ACO,poblacional,2860.6801761305433,2865.4084827439938,True,False,277.5,0.0,277.5,0.0,277.5,277.5,96,23,97,Explotacion activa
786,5,ACO,poblacional,2860.6801761305433,2864.7134609305813,True,False,277.5,0.0,277.5,0.0,277.5,277.5,97,24,98,Explotacion activa
787,5,ACO,poblacional,2860.6801761305433,2864.4968448934615,True,True,277.5,0.0,277.5,0.0,277.5,277.5,98,25,99,ESTANCAMIENTO (Fire)
788,6,PSO,poblacional,2860.6801761305433,2860.6801761305433,False,False,,,,,,,0,0,0,Llenando ventana
789,6,PSO,poblacional,2860.6801761305433,2860.6801761305433,False,False,,,,,,,0,0,0,Llenando ventana
790,6,PSO,poblacional,2860.6801761305433,2860.6801761305433,False,False,,,,,,,0,0,0,Llenando ventana
791,6,PSO,poblacional,2860.6801761305433,2860.6801761305433,False,False,,,,,,,0,0,0,Llenando ventana
792,6,PSO,poblacional,2860.6801761305433,2860.6801761305433,False,False,,,,,,,0,0,0,Llenando ventana
793,6,PSO,poblacional,2860.6801761305433,2860.6801761305433,False,False,,,,,,,0,0,0,Llenando ventana
794,6,PSO,poblacional,2860.6801761305433,2860.6801761305433,False,False,,,,,,,0,0,0,Llenando ventana
795,6,PSO,poblacional,2860.6801761305433,2860.6801761305433,False,False,,,,,,,0,0,0,Llenando ventana
796,6,PSO,poblacional,2860.6801761305433,2860.6801761305433,False,False,,,,,,,0,0,0,Llenando ventana
797,6,PSO,poblacional,2860.6801761305433,2860.6801761305433,False,False,,,,,,,0,0,0,Llenando ventana
798,6,PSO,poblacional,2860.6801761305433,2860.6801761305433,False,False,,,,,,,0,0,0,Llenando ventana
799,6,PSO,poblacional,2860.6801761305433,2860.6801761305433,False,False,,,,,,,0,0,0,Llenando ventana
800,6,PSO,poblacional,2860.6801761305433,2860.6801761305433,False,False,,,,,,,0,0,0,Llenando ventana
801,6,PSO,poblacional,2860.6801761305433,2860.6801761305433,False,False,,,,,,,0,0,0,Llenando ventana
802,6,PSO,poblacional,2860.6801761305433,2860.6801761305433,False,False,,,,,,,0,0,0,Llenando ventana
803,6,PSO,poblacional,2860.6801761305433,2860.6801761305433,False,False,,,,,,,0,0,0,Llenando ventana
804,6,PSO,poblacional,2860.6801761305433,2860.6801761305433,False,False,,,,,,,0,0,0,Llenando ventana
805,6,PSO,poblacional,2860.6801761305433,2860.6801761305433,False,False,,,,,,,0,0,0,Llenando ventana
806,6,PSO,poblacional,2860.6801761305433,2860.6801761305433,False,False,,,,,,,0,0,0,Llenando ventana
807,6,PSO,poblacional,2860.6801761305433,2860.6801761305433,False,False,,,,,,,0,0,0,Llenando ventana
808,6,PSO,poblacional,2860.6801761305433,2860.6801761305433,False,False,,,,,,,0,0,0,Llenando ventana
809,6,PSO,poblacional,2860.6801761305433,2860.6801761305433,False,False,,,,,,,0,0,0,Llenando ventana
810,6,PSO,poblacional,2860.6801761305433,2860.6801761305433,False,False,,,,,,,0,0,0,Llenando ventana
811,6,PSO,poblacional,2860.6801761305433,2860.6801761305433,False,False,,,,,,,0,0,0,Llenando ventana
812,6,PSO,poblacional,2860.6801761305433,2860.6801761305433,False,False,,,,,,,0,0,0,Llenando ventana
813,6,PSO,poblacional,2860.6801761305433,2860.6801761305433,False,False,,,,,,,0,0,0,Llenando ventana
814,6,PSO,poblacional,2860.6801761305433,2860.6801761305433,False,False,,,,,,,0,0,0,Llenando ventana
815,6,PSO,poblacional,2860.6801761305433,2860.6801761305433,False,False,,,,,,,0,0,0,Llenando ventana
816,6,PSO,poblacional,2860.6801761305433,2860.6801761305433,False,False,,,,,,,0,0,0,Llenando ventana
817,6,PSO,poblacional,2860.6801761305433,2860.6801761305433,False,False,,,,,,,0,0,0,Llenando ventana
818,6,PSO,poblacional,2860.6801761305433,2860.6801761305433,False,False,,,,,,,0,0,0,Llenando ventana
819,6,PSO,poblacional,2860.6801761305433,2860.6801761305433,False,False,,,,,,,0,0,0,Llenando ventana
820,6,PSO,poblacional,2860.6801761305433,2860.6801761305433,False,False,,,,,,,0,0,0,Llenando ventana
821,6,PSO,poblacional,2860.6801761305433,2860.6801761305433,False,False,,,,,,,0,0,0,Llenando ventana
822,6,PSO,poblacional,2860.6801761305433,2860.6801761305433,False,False,,,,,,,0,0,0,Llenando ventana
823,6,PSO,poblacional,2860.6801761305433,2860.6801761305433,False,False,,,,,,,0,0,0,Llenando ventana
824,6,PSO,poblacional,2860.6801761305433,2860.6801761305433,False,False,,,,,,,0,0,0,Llenando ventana
825,6,PSO,poblacional,2860.6801761305433,2860.6801761305433,False,False,,,,,,,0,0,0,Llenando ventana
826,6,PSO,poblacional,2860.6801761305433,2860.6801761305433,False,False,,,,,,,0,0,0,Llenando ventana
827,6,PSO,poblacional,2860.6801761305433,2860.6801761305433,False,False,,,,,,,0,0,0,Llenando ventana
828,6,PSO,poblacional,2860.6801761305433,2860.6801761305433,False,False,,,,,,,0,0,0,Llenando ventana
829,6,PSO,poblacional,2860.6801761305433,2860.6801761305433,False,False,,,,,,,0,0,0,Llenando ventana
830,6,PSO,poblacional,2860.6801761305433,2860.6801761305433,False,False,,,,,,,0,0,0,Llenando ventana
831,6,PSO,poblacional,2860.6801761305433,2860.6801761305433,False,False,,,,,,,0,0,0,Llenando ventana
832,6,PSO,poblacional,2860.6801761305433,2860.6801761305433,False,False,,,,,,,0,0,0,Llenando ventana
833,6,PSO,poblacional,2860.6801761305433,2860.6801761305433,False,False,,,,,,,0,0,0,Llenando ventana
834,6,PSO,poblacional,2860.6801761305433,2860.6801761305433,False,False,,,,,,,0,0,0,Llenando ventana
835,6,PSO,poblacional,2860.6801761305433,2860.6801761305433,False,False,,,,,,,0,0,0,Llenando ventana
836,6,PSO,poblacional,2860.6801761305433,2860.6801761305433,False,False,,,,,,,0,0,0,Llenando ventana
837,6,PSO,poblacional,2860.6801761305433,2860.6801761305433,False,False,,,,,,,0,0,0,Llenando ventana
838,6,PSO,poblacional,2860.6801761305433,2860.6801761305433,False,False,,,,,,,0,0,0,Llenando ventana
839,6,PSO,poblacional,2860.6801761305433,2860.6801761305433,False,False,,,,,,,0,0,0,Llenando ventana
840,6,PSO,poblacional,2860.6801761305433,2860.6801761305433,False,False,,,,,,,0,0,0,Llenando ventana
841,6,PSO,poblacional,2860.6801761305433,2860.6801761305433,False,False,,,,,,,0,0,0,Llenando ventana
842,6,PSO,poblacional,2860.6801761305433,2860.6801761305433,False,False,,,,,,,0,0,0,Llenando ventana
843,6,PSO,poblacional,2860.6801761305433,2860.6801761305433,False,False,,,,,,,0,0,0,Llenando ventana
844,6,PSO,poblacional,2860.6801761305433,2860.6801761305433,False,False,,,,,,,0,0,0,Llenando ventana
845,6,PSO,poblacional,2860.6801761305433,2860.6801761305433,False,False,,,,,,,0,0,0,Llenando ventana
846,6,PSO,poblacional,2860.6801761305433,2860.6801761305433,False,False,,,,,,,0,0,0,Llenando ventana
847,6,PSO,poblacional,2860.6801761305433,2860.6801761305433,False,False,,,,,,,0,0,0,Llenando ventana
848,6,PSO,poblacional,2860.6801761305433,2860.6801761305433,False,False,,,,,,,0,0,0,Llenando ventana
849,6,PSO,poblacional,2860.6801761305433,2860.6801761305433,False,False,,,,,,,0,0,0,Llenando ventana
850,6,PSO,poblacional,2860.6801761305433,2860.6801761305433,False,False,,,,,,,0,0,0,Llenando ventana
851,6,PSO,poblacional,2860.6801761305433,2860.6801761305433,False,False,,,,,,,0,0,0,Llenando ventana
852,6,PSO,poblacional,2860.6801761305433,2860.6801761305433,False,False,,,,,,,0,0,0,Llenando ventana
853,6,PSO,poblacional,2860.6801761305433,2860.6801761305433,False,False,,,,,,,0,0,0,Llenando ventana
854,6,PSO,poblacional,2860.6801761305433,2860.6801761305433,False,False,,,,,,,0,0,0,Llenando ventana
855,6,PSO,poblacional,2860.6801761305433,2860.6801761305433,False,False,,,,,,,0,0,0,Llenando ventana
856,6,PSO,poblacional,2860.6801761305433,2860.6801761305433,False,False,,,,,,,0,0,0,Llenando ventana
857,6,PSO,poblacional,2860.6801761305433,2860.6801761305433,False,False,,,,,,,0,0,0,Llenando ventana
858,6,PSO,poblacional,2860.6801761305433,2860.6801761305433,False,False,,,,,,,0,0,0,Llenando ventana
859,6,PSO,poblacional,2860.6801761305433,2860.6801761305433,False,False,,,,,,,0,0,0,Llenando ventana
860,6,PSO,poblacional,2860.6801761305433,2860.6801761305433,False,False,,,,,,,0,0,0,Llenando ventana
861,6,PSO,poblacional,2860.6801761305433,2860.6801761305433,False,False,,,,,,,0,0,0,Llenando ventana
862,6,PSO,poblacional,2860.6801761305433,2860.6801761305433,False,False,,,277.5,,,,0,0,0,Llenando ventana
863,6,PSO,poblacional,2860.6801761305433,2860.6801761305433,False,False,,,277.5,,,,0,0,0,Llenando ventana
864,6,PSO,poblacional,2860.6801761305433,2860.6801761305433,False,False,,,277.5,,,,0,0,0,Llenando ventana
865,6,PSO,poblacional,2860.6801761305433,2860.6801761305433,False,False,,,277.5,,,,0,0,0,Llenando ventana
866,6,PSO,poblacional,2860.6801761305433,2860.6801761305433,False,False,,,277.5,,,,0,0,0,Llenando ventana
867,6,PSO,poblacional,2860.6801761305433,2860.6801761305433,False,False,,,277.5,,,,0,0,0,Llenando ventana
868,6,PSO,poblacional,2860.6801761305433,2860.6801761305433,False,False,,,277.5,,,,0,0,0,Llenando ventana
869,6,PSO,poblacional,2860.6801761305433,2860.6801761305433,False,False,,,277.5,,,,0,0,0,Llenando ventana
870,6,PSO,poblacional,2860.6801761305433,2860.6801761305433,False,False,,,277.5,,,,0,0,0,Llenando ventana
871,6,PSO,poblacional,2860.6801761305433,2860.6801761305433,False,False,,,277.5,,,,0,0,0,Llenando ventana
872,6,PSO,poblacional,2860.6801761305433,2860.6801761305433,False,False,,,277.5,,,,0,0,0,Llenando ventana
873,6,PSO,poblacional,2860.6801761305433,2860.6801761305433,False,False,,,277.5,,,,0,0,0,Llenando ventana
874,6,PSO,poblacional,2860.6801761305433,2860.6801761305433,False,False,,,277.5,,,,0,0,0,Llenando ventana
875,6,PSO,poblacional,2860.6801761305433,2860.6801761305433,False,False,,,277.5,,,,0,0,0,Llenando ventana
876,6,PSO,poblacional,2860.6801761305433,2860.6801761305433,False,False,,,277.5,,,,0,0,0,Llenando ventana
877,6,PSO,poblacional,2860.6801761305433,2860.6801761305433,False,False,,,277.5,,,,0,0,0,Llenando ventana
878,6,PSO,poblacional,2860.6801761305433,2860.6801761305433,False,False,,,277.5,,,,0,0,0,Llenando ventana
879,6,PSO,poblacional,2860.6801761305433,2860.6801761305433,False,False,,,277.5,,,,0,0,0,Llenando ventana
880,6,PSO,poblacional,2860.6801761305433,2860.6801761305433,False,False,,,277.5,,,,0,0,0,Llenando ventana
881,6,PSO,poblacional,2860.6801761305433,2860.6801761305433,False,False,,,277.5,,,,0,0,0,Llenando ventana
882,6,PSO,poblacional,2860.6801761305433,2860.6801761305433,False,False,,,277.5,,,,0,0,0,Llenando ventana
883,6,PSO,poblacional,2860.6801761305433,2860.6801761305433,False,False,,,277.5,,,,0,0,0,Llenando ventana
884,6,PSO,poblacional,2860.6801761305433,2860.6801761305433,False,False,,,277.5,,,,0,0,0,Llenando ventana
885,6,PSO,poblacional,2860.6801761305433,2860.6801761305433,False,False,,,277.5,,,,0,0,0,Llenando ventana
886,6,PSO,poblacional,2860.6801761305433,2860.6801761305433,False,False,,,277.5,,,,0,0,0,Llenando ventana
887,7,ACO,poblacional,2860.6801761305433,3485.3441932016967,False,False,,,,,,,0,0,1,Llenando ventana
888,7,ACO,poblacional,2860.6801761305433,3146.7020049218763,False,False,,,,,,,1,0,2,Llenando ventana
889,7,ACO,poblacional,2860.6801761305433,3171.560791323476,False,False,,,,,,,2,0,3,Llenando ventana
890,7,ACO,poblacional,2860.6801761305433,2891.2238247296814,False,False,,,,,,,3,0,4,Llenando ventana
891,7,ACO,poblacional,2860.6801761305433,3075.642496566502,False,False,,,,,,,4,0,5,Llenando ventana
892,7,ACO,poblacional,2860.6801761305433,2918.219701247372,False,False,,,,,,,5,0,6,Llenando ventana
893,7,ACO,poblacional,2860.6801761305433,2923.50526745592,False,False,,,,,,,6,0,7,Llenando ventana
894,7,ACO,poblacional,2860.6801761305433,2908.4308075572653,False,False,,,,,,,7,0,8,Llenando ventana
895,7,ACO,poblacional,2860.6801761305433,2913.5432781569943,False,False,,,,,,,8,0,9,Llenando ventana
896,7,ACO,poblacional,2860.6801761305433,2880.5168429469277,False,False,,,,,,,9,0,10,Llenando ventana
897,7,ACO,poblacional,2860.6801761305433,2881.4870216966196,False,False,,,,,,,10,0,11,Llenando ventana
898,7,ACO,poblacional,2860.6801761305433,2873.278355396679,False,False,,,,,,,11,0,12,Llenando ventana
899,7,ACO,poblacional,2860.6801761305433,2882.3716804833152,False,False,,,,,,,12,0,13,Llenando ventana
900,7,ACO,poblacional,2860.6801761305433,2877.703869717755,False,False,,,,,,,13,0,14,Llenando ventana
901,7,ACO,poblacional,2860.6801761305433,2879.104980934775,False,False,,,,,,,14,0,15,Llenando ventana
902,7,ACO,poblacional,2860.6801761305433,2871.8013251335697,False,False,,,,,,,15,0,16,Llenando ventana
903,7,ACO,poblacional,2860.6801761305433,2871.975815926924,False,False,,,,,,,16,0,17,Llenando ventana
904,7,ACO,poblacional,2860.6801761305433,2870.3355067842476,False,False,,,,,,,17,0,18,Llenando ventana
905,7,ACO,poblacional,2860.6801761305433,2873.466567110515,False,False,,,,,,,18,0,19,Llenando ventana
906,7,ACO,poblacional,2860.6801761305433,2872.030593590157,False,False,,,,,,,19,0,20,Llenando ventana
907,7,ACO,poblacional,2860.6801761305433,2870.0542931687173,False,False,,,,,,,20,0,21,Llenando ventana
908,7,ACO,poblacional,2860.6801761305433,2869.0417460841772,False,False,,,,,,,21,0,22,Llenando ventana
909,7,ACO,poblacional,2860.6801761305433,2870.964530092385,False,False,,,,,,,22,0,23,Llenando ventana
910,7,ACO,poblacional,2860.6801761305433,2870.1454394172756,False,False,,,,,,,23,0,24,Llenando ventana
911,7,ACO,poblacional,2860.6801761305433,2868.4923198407823,False,False,,,,,,,24,0,25,Llenando ventana
912,7,ACO,poblacional,2860.6801761305433,2870.2385930009004,False,False,,,,,,,25,0,26,Llenando ventana
913,7,ACO,poblacional,2860.6801761305433,2869.42825069836,False,False,,,,,,,26,0,27,Llenando ventana
914,7,ACO,poblacional,2860.6801761305433,2869.0204248732784,False,False,,,,,,,27,0,28,Llenando ventana
915,7,ACO,poblacional,2860.6801761305433,2870.3128768604533,False,False,,,,,,,28,0,29,Llenando ventana
916,7,ACO,poblacional,2860.6801761305433,2866.9418895862204,False,False,,,,,,,29,0,30,Llenando ventana
917,7,ACO,poblacional,2860.6801761305433,2868.1774343183824,False,False,,,,,,,30,0,31,Llenando ventana
918,7,ACO,poblacional,2860.6801761305433,2869.531595792918,False,False,,,,,,,31,0,32,Llenando ventana
919,7,ACO,poblacional,2860.6801761305433,2868.084346539912,False,False,,,,,,,32,0,33,Llenando ventana
920,7,ACO,poblacional,2860.6801761305433,2870.6424306987747,False,False,,,,,,,33,0,34,Llenando ventana
921,7,ACO,poblacional,2860.6801761305433,2870.1941820982106,False,False,,,,,,,34,0,35,Llenando ventana
922,7,ACO,poblacional,2860.6801761305433,2869.4886369709143,False,False,,,,,,,35,0,36,Llenando ventana
923,7,ACO,poblacional,2860.6801761305433,2866.9341605100894,False,False,,,,,,,36,0,37,Llenando ventana
924,7,ACO,poblacional,2860.6801761305433,2868.874322075848,False,False,,,,,,,37,0,38,Llenando ventana
925,7,ACO,poblacional,2860.6801761305433,2868.9169431290547,False,False,,,,,,,38,0,39,Llenando ventana
926,7,ACO,poblacional,2860.6801761305433,2866.442923071246,False,False,,,,,,,39,0,40,Llenando ventana
927,7,ACO,poblacional,2860.6801761305433,2869.164803938568,False,False,,,,,,,40,0,41,Llenando ventana
928,7,ACO,poblacional,2860.6801761305433,2869.101096819947,False,False,,,,,,,41,0,42,Llenando ventana
929,7,ACO,poblacional,2860.6801761305433,2868.1147131179655,False,False,,,,,,,42,0,43,Llenando ventana
930,7,ACO,poblacional,2860.6801761305433,2868.82274738774,False,False,,,,,,,43,0,44,Llenando ventana
931,7,ACO,poblacional,2860.6801761305433,2868.146201755227,False,False,,,,,,,44,0,45,Llenando ventana
932,7,ACO,poblacional,2860.6801761305433,2867.506203822634,False,False,,,,,,,45,0,46,Llenando ventana
933,7,ACO,poblacional,2860.6801761305433,2866.9814436784673,False,False,,,,,,,46,0,47,Llenando ventana
934,7,ACO,poblacional,2860.6801761305433,2866.336117979108,False,False,,,,,,,47,0,48,Llenando ventana
935,7,ACO,poblacional,2860.6801761305433,2867.713345761673,False,False,,,,,,,48,0,49,Llenando ventana
936,7,ACO,poblacional,2860.6801761305433,2867.650734162705,False,False,,,,,,,49,0,50,Llenando ventana
937,7,ACO,poblacional,2860.6801761305433,2867.393750021267,False,False,,,,,,,50,0,51,Llenando ventana
938,7,ACO,poblacional,2860.6801761305433,2868.09942638061,False,False,,,,,,,51,0,52,Llenando ventana
939,7,ACO,poblacional,2860.6801761305433,2868.3964293419617,False,False,,,,,,,52,0,53,Llenando ventana
940,7,ACO,poblacional,2860.6801761305433,2868.3399017006054,False,False,,,,,,,53,0,54,Llenando ventana
941,7,ACO,poblacional,2860.6801761305433,2866.5699973855317,False,False,,,,,,,54,0,55,Llenando ventana
942,7,ACO,poblacional,2860.6801761305433,2867.6585896332153,False,False,,,,,,,55,0,56,Llenando ventana
943,7,ACO,poblacional,2860.6801761305433,2866.5301290435996,False,False,,,,,,,56,0,57,Llenando ventana
944,7,ACO,poblacional,2860.6801761305433,2868.164646469622,False,False,,,,,,,57,0,58,Llenando ventana
945,7,ACO,poblacional,2860.6801761305433,2866.9119937739633,False,False,,,,,,,58,0,59,Llenando ventana
946,7,ACO,poblacional,2860.6801761305433,2868.1338966074927,False,False,,,,,,,59,0,60,Llenando ventana
947,7,ACO,poblacional,2860.6801761305433,2868.033095709259,False,False,,,,,,,60,0,61,Llenando ventana
948,7,ACO,poblacional,2860.6801761305433,2868.380300150183,False,False,,,,,,,61,0,62,Llenando ventana
949,7,ACO,poblacional,2860.6801761305433,2867.1483929775695,False,False,,,,,,,62,0,63,Llenando ventana
950,7,ACO,poblacional,2860.6801761305433,2866.495770839983,False,False,,,,,,,63,0,64,Llenando ventana
951,7,ACO,poblacional,2860.6801761305433,2867.20621533306,False,False,,,,,,,64,0,65,Llenando ventana
952,7,ACO,poblacional,2860.6801761305433,2866.082477268519,False,False,,,,,,,65,0,66,Llenando ventana
953,7,ACO,poblacional,2860.6801761305433,2866.9689797439983,False,False,,,,,,,66,0,67,Llenando ventana
954,7,ACO,poblacional,2860.6801761305433,2866.3474819106123,False,False,,,,,,,67,0,68,Llenando ventana
955,7,ACO,poblacional,2860.6801761305433,2867.2300842991604,False,False,,,,,,,68,0,69,Llenando ventana
956,7,ACO,poblacional,2860.6801761305433,2867.8355372312876,False,False,,,,,,,69,0,70,Llenando ventana
957,7,ACO,poblacional,2860.6801761305433,2867.200069531272,False,False,,,,,,,70,0,71,Llenando ventana
958,7,ACO,poblacional,2860.6801761305433,2866.076031148867,False,False,,,,,,,71,0,72,Llenando ventana
959,7,ACO,poblacional,2860.6801761305433,2864.4895847544394,False,False,,,,,,,72,0,73,Llenando ventana
960,7,ACO,poblacional,2860.6801761305433,2865.9843440591258,False,False,,,,,,,73,0,74,Llenando ventana
961,7,ACO,poblacional,2860.6801761305433,2866.6217812413506,True,False,277.5,0.0,277.5,7.5,37.5,22.5,74,1,75,Explotacion activa
962,7,ACO,poblacional,2860.6801761305433,2866.1957144183584,True,False,277.5,0.0,277.5,7.5,37.5,22.5,75,2,76,Explotacion activa
963,7,ACO,poblacional,2860.6801761305433,2865.7302182231087,True,False,277.5,0.0,277.5,7.5,37.5,22.5,76,3,77,Explotacion activa
964,7,ACO,poblacional,2860.6801761305433,2865.994999577922,True,False,277.5,0.0,277.5,7.5,37.5,22.5,77,4,78,Explotacion activa
965,7,ACO,poblacional,2860.6801761305433,2866.1826426246494,True,False,277.5,0.0,277.5,7.5,37.5,22.5,78,5,79,Explotacion activa
966,7,ACO,poblacional,2860.6801761305433,2865.315805142167,True,False,277.5,0.0,277.5,7.5,37.5,22.5,79,6,80,Explotacion activa
967,7,ACO,poblacional,2860.6801761305433,2865.9303569588737,True,False,277.5,0.0,277.5,7.5,37.5,22.5,80,7,81,Explotacion activa
968,7,ACO,poblacional,2860.6801761305433,2866.40958828018,True,False,277.5,0.0,277.5,7.5,37.5,22.5,81,8,82,Explotacion activa
969,7,ACO,poblacional,2860.6801761305433,2865.6053920475238,True,False,277.5,0.0,277.5,7.5,37.5,22.5,82,9,83,Explotacion activa
970,7,ACO,poblacional,2860.6801761305433,2865.5611705532974,True,False,277.5,0.0,277.5,0.0,277.5,277.5,83,10,84,Explotacion activa
971,7,ACO,poblacional,2860.6801761305433,2865.994668753587,True,False,277.5,0.0,277.5,0.0,277.5,277.5,84,11,85,Explotacion activa
972,7,ACO,poblacional,2860.6801761305433,2865.981742688695,True,False,277.5,0.0,277.5,0.0,277.5,277.5,85,12,86,Explotacion activa
973,7,ACO,poblacional,2860.6801761305433,2865.727779590873,True,False,277.5,0.0,277.5,0.0,277.5,277.5,86,13,87,Explotacion activa
974,7,ACO,poblacional,2860.6801761305433,2865.069326150484,True,False,277.5,0.0,277.5,0.0,277.5,277.5,87,14,88,Explotacion activa
975,7,ACO,poblacional,2860.6801761305433,2866.185766919837,True,False,277.5,0.0,277.5,0.0,277.5,277.5,88,15,89,Explotacion activa
976,7,ACO,poblacional,2860.6801761305433,2865.8742109015775,True,False,277.5,0.0,277.5,0.0,277.5,277.5,89,16,90,Explotacion activa
977,7,ACO,poblacional,2860.6801761305433,2865.704632887863,True,False,277.5,0.0,277.5,0.0,277.5,277.5,90,17,91,Explotacion activa
978,7,ACO,poblacional,2860.6801761305433,2865.6879359898967,True,False,277.5,0.0,277.5,0.0,277.5,277.5,91,18,92,Explotacion activa
979,7,ACO,poblacional,2860.6801761305433,2865.3361705323487,True,False,277.5,0.0,277.5,0.0,277.5,277.5,92,19,93,Explotacion activa
980,7,ACO,poblacional,2860.6801761305433,2865.048370699618,True,False,277.5,0.0,277.5,0.0,277.5,277.5,93,20,94,Explotacion activa
981,7,ACO,poblacional,2860.6801761305433,2865.305936812546,True,False,277.5,0.0,277.5,0.0,277.5,277.5,94,21,95,Explotacion activa
982,7,ACO,poblacional,2860.6801761305433,2865.319825748687,True,False,277.5,0.0,277.5,0.0,277.5,277.5,95,22,96,Explotacion activa
983,7,ACO,poblacional,2860.6801761305433,2864.783392210661,True,False,277.5,0.0,277.5,0.0,277.5,277.5,96,23,97,Explotacion activa
984,7,ACO,poblacional,2860.6801761305433,2864.9476440119874,True,False,277.5,0.0,277.5,0.0,277.5,277.5,97,24,98,Explotacion activa
985,7,ACO,poblacional,2860.6801761305433,2864.3340974188563,True,True,277.5,0.0,277.5,0.0,277.5,277.5,98,25,99,ESTANCAMIENTO (Fire)
986,8,GWO,poblacional,2860.6801761305433,2860.6801761305433,False,False,,,,,,,0,0,1,Llenando ventana
987,8,GWO,poblacional,2860.6801761305433,2860.6801761305433,False,False,,,,,,,1,0,2,Llenando ventana
988,8,GWO,poblacional,2860.6801761305433,2860.6801761305433,False,False,,,,,,,2,0,3,Llenando ventana
989,8,GWO,poblacional,2860.6801761305433,2860.6801761305433,False,False,,,,,,,3,0,4,Llenando ventana
990,8,GWO,poblacional,2860.6801761305433,2860.6801761305433,False,False,,,,,,,4,0,5,Llenando ventana
991,8,GWO,poblacional,2860.6801761305433,2860.6801761305433,False,False,,,,,,,5,0,6,Llenando ventana
992,8,GWO,poblacional,2860.6801761305433,2860.6801761305433,False,False,,,,,,,6,0,7,Llenando ventana
993,8,GWO,poblacional,2860.6801761305433,2860.6801761305433,False,False,,,,,,,7,0,8,Llenando ventana
994,8,GWO,poblacional,2860.6801761305433,2860.6801761305433,False,False,,,,,,,8,0,9,Llenando ventana
995,8,GWO,poblacional,2860.6801761305433,2860.6801761305433,False,False,,,,,,,9,0,10,Llenando ventana
996,8,GWO,poblacional,2860.6801761305433,2860.6801761305433,False,False,,,,,,,10,0,11,Llenando ventana
997,8,GWO,poblacional,2860.6801761305433,2860.6801761305433,False,False,,,,,,,11,0,12,Llenando ventana
998,8,GWO,poblacional,2860.6801761305433,2860.6801761305433,False,False,,,,,,,12,0,13,Llenando ventana
999,8,GWO,poblacional,2860.6801761305433,2860.6801761305433,False,False,,,,,,,13,0,14,Llenando ventana
1000,8,GWO,poblacional,2860.6801761305433,2860.6801761305433,False,False,,,,,,,14,0,15,Llenando ventana
1001,8,GWO,poblacional,2860.6801761305433,2860.6801761305433,False,False,,,,,,,15,0,16,Llenando ventana
1002,8,GWO,poblacional,2860.6801761305433,2860.6801761305433,False,False,,,,,,,16,0,17,Llenando ventana
1003,8,GWO,poblacional,2860.6801761305433,2860.6801761305433,False,False,,,,,,,17,0,18,Llenando ventana
1004,8,GWO,poblacional,2860.6801761305433,2860.6801761305433,False,False,,,,,,,18,0,19,Llenando ventana
1005,8,GWO,poblacional,2860.6801761305433,2860.6801761305433,False,False,,,,,,,19,0,20,Llenando ventana
1006,8,GWO,poblacional,2860.6801761305433,2860.6801761305433,False,False,,,,,,,20,0,21,Llenando ventana
1007,8,GWO,poblacional,2860.6801761305433,2860.6801761305433,False,False,,,,,,,21,0,22,Llenando ventana
1008,8,GWO,poblacional,2860.6801761305433,2860.6801761305433,False,False,,,,,,,22,0,23,Llenando ventana
1009,8,GWO,poblacional,2860.6801761305433,2860.6801761305433,False,False,,,,,,,23,0,24,Llenando ventana
1010,8,GWO,poblacional,2860.6801761305433,2860.6801761305433,False,False,,,,,,,24,0,25,Llenando ventana
1011,8,GWO,poblacional,2860.6801761305433,2860.6801761305433,False,False,,,,,,,25,0,26,Llenando ventana
1012,8,GWO,poblacional,2860.6801761305433,2860.6801761305433,False,False,,,,,,,26,0,27,Llenando ventana
1013,8,GWO,poblacional,2860.6801761305433,2860.6801761305433,False,False,,,,,,,27,0,28,Llenando ventana
1014,8,GWO,poblacional,2860.6801761305433,2860.6801761305433,False,False,,,,,,,28,0,29,Llenando ventana
1015,8,GWO,poblacional,2860.6801761305433,2860.6801761305433,False,False,,,,,,,29,0,30,Llenando ventana
1016,8,GWO,poblacional,2860.6801761305433,2860.6801761305433,False,False,,,,,,,30,0,31,Llenando ventana
1017,8,GWO,poblacional,2860.6801761305433,2860.6801761305433,False,False,,,,,,,31,0,32,Llenando ventana
1018,8,GWO,poblacional,2860.6801761305433,2860.6801761305433,False,False,,,,,,,32,0,33,Llenando ventana
1019,8,GWO,poblacional,2860.6801761305433,2860.6801761305433,False,False,,,,,,,33,0,34,Llenando ventana
1020,8,GWO,poblacional,2860.6801761305433,2860.6801761305433,False,False,,,,,,,34,0,35,Llenando ventana
1021,8,GWO,poblacional,2860.6801761305433,2860.6801761305433,False,False,,,,,,,35,0,36,Llenando ventana
1022,8,GWO,poblacional,2860.6801761305433,2860.6801761305433,False,False,,,,,,,36,0,37,Llenando ventana
1023,8,GWO,poblacional,2860.6801761305433,2860.6801761305433,False,False,,,,,,,37,0,38,Llenando ventana
1024,8,GWO,poblacional,2860.6801761305433,2860.6801761305433,False,False,,,,,,,38,0,39,Llenando ventana
1025,8,GWO,poblacional,2860.6801761305433,2860.6801761305433,False,False,,,,,,,39,0,40,Llenando ventana
1026,8,GWO,poblacional,2860.6801761305433,2860.6801761305433,False,False,,,,,,,40,0,41,Llenando ventana
1027,8,GWO,poblacional,2860.6801761305433,2860.6801761305433,False,False,,,,,,,41,0,42,Llenando ventana
1028,8,GWO,poblacional,2860.6801761305433,2860.6801761305433,False,False,,,,,,,42,0,43,Llenando ventana
1029,8,GWO,poblacional,2860.6801761305433,2860.6801761305433,False,False,,,,,,,43,0,44,Llenando ventana
1030,8,GWO,poblacional,2860.6801761305433,2860.6801761305433,False,False,,,,,,,44,0,45,Llenando ventana
1031,8,GWO,poblacional,2860.6801761305433,2860.6801761305433,False,False,,,,,,,45,0,46,Llenando ventana
1032,8,GWO,poblacional,2860.6801761305433,2860.6801761305433,False,False,,,,,,,46,0,47,Llenando ventana
1033,8,GWO,poblacional,2860.6801761305433,2860.6801761305433,False,False,,,,,,,47,0,48,Llenando ventana
1034,8,GWO,poblacional,2860.6801761305433,2860.6801761305433,False,False,,,,,,,48,0,49,Llenando ventana
1035,8,GWO,poblacional,2860.6801761305433,2860.6801761305433,False,False,,,,,,,49,0,50,Llenando ventana
1036,8,GWO,poblacional,2860.6801761305433,2860.6801761305433,False,False,,,,,,,50,0,51,Llenando ventana
1037,8,GWO,poblacional,2860.6801761305433,2860.6801761305433,False,False,,,,,,,51,0,52,Llenando ventana
1038,8,GWO,poblacional,2860.6801761305433,2860.6801761305433,False,False,,,,,,,52,0,53,Llenando ventana
1039,8,GWO,poblacional,2860.6801761305433,2860.6801761305433,False,False,,,,,,,53,0,54,Llenando ventana
1040,8,GWO,poblacional,2860.6801761305433,2860.6801761305433,False,False,,,,,,,54,0,55,Llenando ventana
1041,8,GWO,poblacional,2860.6801761305433,2860.6801761305433,False,False,,,,,,,55,0,56,Llenando ventana
1042,8,GWO,poblacional,2860.6801761305433,2860.6801761305433,False,False,,,,,,,56,0,57,Llenando ventana
1043,8,GWO,poblacional,2860.6801761305433,2860.6801761305433,False,False,,,,,,,57,0,58,Llenando ventana
1044,8,GWO,poblacional,2860.6801761305433,2860.6801761305433,False,False,,,,,,,58,0,59,Llenando ventana
1045,8,GWO,poblacional,2860.6801761305433,2860.6801761305433,False,False,,,,,,,59,0,60,Llenando ventana
1046,8,GWO,poblacional,2860.6801761305433,2860.6801761305433,False,False,,,,,,,60,0,61,Llenando ventana
1047,8,GWO,poblacional,2860.6801761305433,2860.6801761305433,False,False,,,,,,,61,0,62,Llenando ventana
1048,8,GWO,poblacional,2860.6801761305433,2860.6801761305433,False,False,,,,,,,62,0,63,Llenando ventana
1049,8,GWO,poblacional,2860.6801761305433,2860.6801761305433,False,False,,,,,,,63,0,64,Llenando ventana
1050,8,GWO,poblacional,2860.6801761305433,2860.6801761305433,False,False,,,,,,,64,0,65,Llenando ventana
1051,8,GWO,poblacional,2860.6801761305433,2860.6801761305433,False,False,,,,,,,65,0,66,Llenando ventana
1052,8,GWO,poblacional,2860.6801761305433,2860.6801761305433,False,False,,,,,,,66,0,67,Llenando ventana
1053,8,GWO,poblacional,2860.6801761305433,2860.6801761305433,False,False,,,,,,,67,0,68,Llenando ventana
1054,8,GWO,poblacional,2860.6801761305433,2860.6801761305433,False,False,,,,,,,68,0,69,Llenando ventana
1055,8,GWO,poblacional,2860.6801761305433,2860.6801761305433,False,False,,,,,,,69,0,70,Llenando ventana
1056,8,GWO,poblacional,2860.6801761305433,2860.6801761305433,False,False,,,,,,,70,0,71,Llenando ventana
1057,8,GWO,poblacional,2860.6801761305433,2860.6801761305433,False,False,,,,,,,71,0,72,Llenando ventana
1058,8,GWO,poblacional,2860.6801761305433,2860.6801761305433,False,False,,,,,,,72,0,73,Llenando ventana
1059,8,GWO,poblacional,2860.6801761305433,2860.6801761305433,False,False,,,,,,,73,0,74,Llenando ventana
1060,8,GWO,poblacional,2860.6801761305433,2860.6801761305433,True,False,277.5,0.0,277.5,7.5,37.5,22.5,74,1,75,Explotacion activa
1061,8,GWO,poblacional,2860.6801761305433,2860.6801761305433,True,False,277.5,0.0,277.5,7.5,37.5,22.5,75,2,76,Explotacion activa
1062,8,GWO,poblacional,2860.6801761305433,2860.6801761305433,True,False,277.5,0.0,277.5,7.5,37.5,22.5,76,3,77,Explotacion activa
1063,8,GWO,poblacional,2860.6801761305433,2860.6801761305433,True,False,277.5,0.0,277.5,7.5,37.5,22.5,77,4,78,Explotacion activa
1064,8,GWO,poblacional,2860.6801761305433,2860.6801761305433,True,False,277.5,0.0,277.5,7.5,37.5,22.5,78,5,79,Explotacion activa
1065,8,GWO,poblacional,2860.6801761305433,2860.6801761305433,True,False,277.5,0.0,277.5,7.5,37.5,22.5,79,6,80,Explotacion activa
1066,8,GWO,poblacional,2860.6801761305433,2860.6801761305433,True,False,277.5,0.0,277.5,7.5,37.5,22.5,80,7,81,Explotacion activa
1067,8,GWO,poblacional,2860.6801761305433,2860.6801761305433,True,False,277.5,0.0,277.5,7.5,37.5,22.5,81,8,82,Explotacion activa
1068,8,GWO,poblacional,2860.6801761305433,2860.6801761305433,True,False,277.5,0.0,277.5,7.5,37.5,22.5,82,9,83,Explotacion activa
1069,8,GWO,poblacional,2860.6801761305433,2860.6801761305433,True,False,277.5,0.0,277.5,0.0,277.5,277.5,83,10,84,Explotacion activa
1070,8,GWO,poblacional,2860.6801761305433,2860.6801761305433,True,False,277.5,0.0,277.5,0.0,277.5,277.5,84,11,85,Explotacion activa
1071,8,GWO,poblacional,2860.6801761305433,2860.6801761305433,True,False,277.5,0.0,277.5,0.0,277.5,277.5,85,12,86,Explotacion activa
1072,8,GWO,poblacional,2860.6801761305433,2860.6801761305433,True,False,277.5,0.0,277.5,0.0,277.5,277.5,86,13,87,Explotacion activa
1073,8,GWO,poblacional,2860.6801761305433,2860.6801761305433,True,False,277.5,0.0,277.5,0.0,277.5,277.5,87,14,88,Explotacion activa
1074,8,GWO,poblacional,2860.6801761305433,2860.6801761305433,True,False,277.5,0.0,277.5,0.0,277.5,277.5,88,15,89,Explotacion activa
1075,8,GWO,poblacional,2860.6801761305433,2860.6801761305433,True,False,277.5,0.0,277.5,0.0,277.5,277.5,89,16,90,Explotacion activa
1076,8,GWO,poblacional,2860.6801761305433,2860.6801761305433,True,False,277.5,0.0,277.5,0.0,277.5,277.5,90,17,91,Explotacion activa
1077,8,GWO,poblacional,2860.6801761305433,2860.6801761305433,True,False,277.5,0.0,277.5,0.0,277.5,277.5,91,18,92,Explotacion activa
1078,8,GWO,poblacional,2860.6801761305433,2860.6801761305433,True,False,277.5,0.0,277.5,0.0,277.5,277.5,92,19,93,Explotacion activa
1079,8,GWO,poblacional,2860.6801761305433,2860.6801761305433,True,False,277.5,0.0,277.5,0.0,277.5,277.5,93,20,94,Explotacion activa
1080,8,GWO,poblacional,2860.6801761305433,2860.6801761305433,True,False,277.5,0.0,277.5,0.0,277.5,277.5,94,21,95,Explotacion activa
1081,8,GWO,poblacional,2860.6801761305433,2860.6801761305433,True,False,277.5,0.0,277.5,0.0,277.5,277.5,95,22,96,Explotacion activa
1082,8,GWO,poblacional,2860.6801761305433,2860.6801761305433,True,False,277.5,0.0,277.5,0.0,277.5,277.5,96,23,97,Explotacion activa
1083,8,GWO,poblacional,2860.6801761305433,2860.6801761305433,True,False,277.5,0.0,277.5,0.0,277.5,277.5,97,24,98,Explotacion activa
1084,8,GWO,poblacional,2860.6801761305433,2860.6801761305433,True,True,277.5,0.0,277.5,0.0,277.5,277.5,98,25,99,ESTANCAMIENTO (Fire)
