iteracion,epoch,mh,tipo,fitness_best,fitness_instantaneo,dtw_ready,dtw_fire,D1_vs_ramp,D2_vs_const,dtw_delta,theta_c,theta_r,theta_delta,no_improve_len,trigger_streak,window_n,estado_dtw
1,1,EHO,poblacional,52614.0,52614.0,False,False,,,,,,,0,0,1,Llenando ventana
2,1,EHO,poblacional,53315.0,53315.0,False,False,,,,,,,0,0,2,Llenando ventana
3,1,EHO,poblacional,53315.0,53315.0,False,False,,,,,,,1,0,3,Llenando ventana
4,1,EHO,poblacional,53522.0,53522.0,False,False,,,,,,,0,0,4,Llenando ventana
5,1,EHO,poblacional,53522.0,53522.0,False,False,,,,,,,1,0,5,Llenando ventana
6,1,EHO,poblacional,53522.0,53522.0,False,False,,,,,,,2,0,6,Llenando ventana
7,1,EHO,poblacional,53522.0,53522.0,False,False,,,,,,,3,0,7,Llenando ventana
8,1,EHO,poblacional,53522.0,53522.0,False,False,,,,,,,4,0,8,Llenando ventana
9,1,EHO,poblacional,53522.0,53522.0,False,False,,,,,,,5,0,9,Llenando ventana
10,1,EHO,poblacional,53522.0,53522.0,False,False,,,,,,,6,0,10,Llenando ventana
11,1,EHO,poblacional,53522.0,53522.0,False,False,,,,,,,7,0,11,Llenando ventana
12,1,EHO,poblacional,53522.0,53522.0,False,False,,,,,,,8,0,12,Llenando ventana
13,1,EHO,poblacional,53522.0,53522.0,False,False,,,,,,,9,0,13,Llenando ventana
14,1,EHO,poblacional,53528.0,53528.0,False,False,,,,,,,0,0,14,Llenando ventana
15,1,EHO,poblacional,53528.0,53528.0,False,False,,,,,,,1,0,15,Llenando ventana
16,1,EHO,poblacional,53528.0,53528.0,False,False,,,,,,,2,0,16,Llenando ventana
17,1,EHO,poblacional,53528.0,53528.0,False,False,,,,,,,3,0,17,Llenando ventana
18,1,EHO,poblacional,53528.0,53528.0,False,False,,,,,,,4,0,18,Llenando ventana
19,1,EHO,poblacional,53528.0,53528.0,False,False,,,,,,,5,0,19,Llenando ventana
20,1,EHO,poblacional,53528.0,53528.0,False,False,,,,,,,6,0,20,Llenando ventana
21,1,EHO,poblacional,53528.0,53528.0,False,False,,,,,,,7,0,21,Llenando ventana
22,1,EHO,poblacional,53528.0,53528.0,False,False,,,,,,,8,0,22,Llenando ventana
23,1,EHO,poblacional,53528.0,53528.0,False,False,,,,,,,9,0,23,Llenando ventana
24,1,EHO,poblacional,53528.0,53528.0,False,False,,,,,,,10,0,24,Llenando ventana
25,1,EHO,poblacional,53528.0,53528.0,False,False,,,,,,,11,0,25,Llenando ventana
26,1,EHO,poblacional,53528.0,53528.0,False,False,,,,,,,12,0,26,Llenando ventana
27,1,EHO,poblacional,53528.0,53528.0,False,False,,,,,,,13,0,27,Llenando ventana
28,1,EHO,poblacional,53681.0,53681.0,False,False,,,,,,,0,0,28,Llenando ventana
29,1,EHO,poblacional,53681.0,53681.0,False,False,,,,,,,1,0,29,Llenando ventana
30,1,EHO,poblacional,53681.0,53681.0,False,False,,,,,,,2,0,30,Llenando ventana
31,1,EHO,poblacional,53681.0,53681.0,False,False,,,,,,,3,0,31,Llenando ventana
32,1,EHO,poblacional,53681.0,53681.0,False,False,,,,,,,4,0,32,Llenando ventana
33,1,EHO,poblacional,53681.0,53681.0,False,False,,,,,,,5,0,33,Llenando ventana
34,1,EHO,poblacional,53681.0,53681.0,False,False,,,,,,,6,0,34,Llenando ventana
35,1,EHO,poblacional,53681.0,53681.0,False,False,,,,,,,7,0,35,Llenando ventana
36,1,EHO,poblacional,53681.0,53681.0,False,False,,,,,,,8,0,36,Llenando ventana
37,1,EHO,poblacional,53681.0,53681.0,False,False,,,,,,,9,0,37,Llenando ventana
38,1,EHO,poblacional,53681.0,53681.0,False,False,,,,,,,10,0,38,Llenando ventana
39,1,EHO,poblacional,53681.0,53681.0,False,False,,,,,,,11,0,39,Llenando ventana
40,1,EHO,poblacional,53681.0,53681.0,True,False,1070.099999999984,1067.0,3.099999999983993,4.0,20.0,12.0,12,0,40,Explotacion activa
41,1,EHO,poblacional,53681.0,53681.0,True,False,369.3000000000102,366.0,3.3000000000101863,4.0,20.0,12.0,13,0,41,Explotacion activa
42,1,EHO,poblacional,53681.0,53681.0,True,False,369.3000000000102,366.0,3.3000000000101863,4.0,20.0,12.0,14,0,42,Explotacion activa
43,1,EHO,poblacional,53681.0,53681.0,True,False,162.49999999997817,159.0,3.499999999978172,4.0,20.0,12.0,15,0,43,Explotacion activa
44,1,EHO,poblacional,53681.0,53681.0,True,False,162.49999999997817,159.0,3.499999999978172,4.0,20.0,12.0,16,0,44,Explotacion activa
45,1,EHO,poblacional,53681.0,53681.0,True,False,162.49999999999272,159.0,3.499999999992724,4.0,20.0,12.0,17,0,45,Explotacion activa
46,1,EHO,poblacional,53681.0,53681.0,True,False,162.49999999997817,159.0,3.499999999978172,4.0,20.0,12.0,18,0,46,Explotacion activa
47,1,EHO,poblacional,53681.0,53681.0,True,False,162.49999999997817,159.0,3.499999999978172,4.0,20.0,12.0,19,0,47,Explotacion activa
48,1,EHO,poblacional,53681.0,53681.0,True,False,162.49999999997817,159.0,3.499999999978172,4.0,20.0,12.0,20,0,48,Explotacion activa
49,1,EHO,poblacional,53681.0,53681.0,True,False,162.49999999997817,159.0,3.499999999978172,159.0,224.53999999999792,3.499999999978172,21,1,49,Explotacion activa
50,1,EHO,poblacional,53681.0,53681.0,True,False,162.49999999999272,159.0,3.499999999992724,159.0,162.49999999999272,3.499999999978172,22,2,50,Explotacion activa
51,1,EHO,poblacional,53681.0,53681.0,True,False,162.50000000000728,159.0,3.500000000007276,159.0,162.5000000000029,3.499999999978172,23,3,51,Explotacion activa
52,1,EHO,poblacional,53681.0,53681.0,True,False,162.50000000000728,159.0,3.500000000007276,159.0,162.50000000000728,3.499999999983993,24,4,52,Explotacion activa
53,1,EHO,poblacional,53681.0,53681.0,True,False,156.6999999999898,153.0,3.6999999999898137,159.0,162.50000000000728,3.499999999992724,25,5,53,Explotacion activa
54,1,EHO,poblacional,53681.0,53681.0,True,False,156.6999999999898,153.0,3.6999999999898137,159.0,162.50000000000438,3.499999999992724,26,6,54,Explotacion activa
55,1,EHO,poblacional,53681.0,53681.0,True,False,156.6999999999898,153.0,3.6999999999898137,159.0,162.5,3.5,27,7,55,Explotacion activa
56,1,EHO,poblacional,53760.0,53760.0,True,False,235.49999999999272,232.0,3.499999999992724,159.0,162.50000000000728,3.4999999999956346,0,0,56,Explotacion activa
57,1,EHO,poblacional,53805.0,53805.0,True,False,280.2999999999811,277.0,3.2999999999810825,159.0,162.50000000000728,3.499999999992724,0,0,57,Explotacion activa
58,1,EHO,poblacional,53805.0,53805.0,True,False,280.2999999999811,277.0,3.2999999999810825,159.0,206.29999999999853,3.499999999992724,1,0,58,Explotacion activa
59,1,EHO,poblacional,53805.0,53805.0,True,False,280.29999999999563,277.0,3.2999999999956344,159.0,248.9399999999892,3.499999999992724,2,0,59,Explotacion activa
60,1,EHO,poblacional,53805.0,53805.0,True,False,280.2999999999811,277.0,3.2999999999810825,159.0,280.2999999999811,3.499999999992724,3,0,60,Explotacion activa
61,1,EHO,poblacional,53805.0,53805.0,True,False,280.2999999999811,277.0,3.2999999999810825,159.0,280.2999999999811,3.499999999992724,4,0,61,Explotacion activa
62,1,EHO,poblacional,53805.0,53805.0,True,False,280.2999999999811,277.0,3.2999999999810825,159.0,280.2999999999811,3.499999999992724,5,0,62,Explotacion activa
63,1,EHO,poblacional,53805.0,53805.0,True,False,280.2999999999811,277.0,3.2999999999810825,159.0,280.2999999999811,3.499999999992724,6,0,63,Explotacion activa
64,1,EHO,poblacional,53805.0,53805.0,True,False,280.29999999999563,277.0,3.2999999999956344,159.0,280.2999999999811,3.4999999999898135,7,0,64,Explotacion activa
65,1,EHO,poblacional,53805.0,53805.0,True,False,280.3000000000102,277.0,3.3000000000101863,159.0,280.2999999999811,3.499999999985448,8,0,65,Explotacion activa
66,1,EHO,poblacional,53805.0,53805.0,True,False,280.3000000000102,277.0,3.3000000000101863,159.0,280.2999999999811,3.4999999999810827,9,0,66,Explotacion activa
67,1,EHO,poblacional,53805.0,53805.0,True,False,127.49999999999272,124.0,3.499999999992724,159.0,280.2999999999811,3.4999999999912688,10,0,67,Explotacion activa
68,1,EHO,poblacional,53805.0,53805.0,True,False,127.49999999999272,124.0,3.499999999992724,159.0,280.2999999999811,3.499999999992724,11,0,68,Explotacion activa
69,1,EHO,poblacional,53805.0,53805.0,True,False,127.49999999999272,124.0,3.499999999992724,159.0,280.2999999999811,3.499999999992724,12,0,69,Explotacion activa
70,1,EHO,poblacional,54262.0,54262.0,True,False,584.2999999999956,581.0,3.2999999999956344,159.0,280.2999999999811,3.499999999992724,0,0,70,Explotacion activa
71,1,EHO,poblacional,54262.0,54262.0,True,False,584.2999999999811,581.0,3.2999999999810825,159.0,280.2999999999811,3.499999999992724,1,0,71,Explotacion activa
72,1,EHO,poblacional,54262.0,54262.0,True,False,584.2999999999956,581.0,3.2999999999956344,159.0,280.2999999999869,3.499999999992724,2,0,72,Explotacion activa
73,1,EHO,poblacional,54262.0,54262.0,True,False,584.2999999999811,581.0,3.2999999999810825,159.0,280.29999999999563,3.499999999992724,3,0,73,Explotacion activa
74,1,EHO,poblacional,54262.0,54262.0,True,False,584.2999999999811,581.0,3.2999999999810825,159.0,280.29999999999563,3.4999999999898135,4,0,74,Explotacion activa
75,1,EHO,poblacional,54262.0,54262.0,True,False,584.2999999999811,581.0,3.2999999999810825,159.0,280.3000000000029,3.499999999985448,5,0,75,Explotacion activa
76,1,EHO,poblacional,54262.0,54262.0,True,False,584.2999999999811,581.0,3.2999999999810825,159.0,280.3000000000102,3.4999999999810827,6,0,76,Explotacion activa
77,1,EHO,poblacional,54294.0,54294.0,True,False,616.0999999999985,613.0,3.099999999998545,159.0,280.3000000000102,3.499999999978172,0,0,77,Explotacion activa
78,1,EHO,poblacional,54294.0,54294.0,True,False,616.0999999999694,613.0,3.099999999969441,159.0,333.70000000001,3.499999999978172,1,0,78,Explotacion activa
79,1,EHO,poblacional,54294.0,54294.0,True,False,616.099999999984,613.0,3.099999999983993,159.0,369.3000000000102,3.499999999978172,2,0,79,Explotacion activa
80,1,EHO,poblacional,54294.0,54294.0,True,False,616.099999999984,613.0,3.099999999983993,159.0,369.3000000000102,3.499999999978172,3,0,80,Explotacion activa
81,1,EHO,poblacional,54294.0,54294.0,True,False,616.099999999984,613.0,3.099999999983993,159.0,519.7999999999897,3.499999999978172,4,0,81,Explotacion activa
82,1,EHO,poblacional,54294.0,54294.0,True,False,616.099999999984,613.0,3.099999999983993,159.0,584.2999999999811,3.499999999978172,5,0,82,Explotacion activa
83,1,EHO,poblacional,54294.0,54294.0,True,False,616.0999999999694,613.0,3.099999999969441,159.0,584.2999999999811,3.499999999978172,6,0,83,Explotacion activa
84,1,EHO,poblacional,54294.0,54294.0,True,False,616.099999999984,613.0,3.099999999983993,159.0,584.2999999999811,3.499999999978172,7,0,84,Explotacion activa
85,1,EHO,poblacional,54294.0,54294.0,True,False,616.099999999984,613.0,3.099999999983993,159.0,584.2999999999811,3.499999999978172,8,0,85,Explotacion activa
86,1,EHO,poblacional,54294.0,54294.0,True,False,616.099999999984,613.0,3.099999999983993,159.0,584.2999999999811,3.499999999978172,9,0,86,Explotacion activa
87,1,EHO,poblacional,54294.0,54294.0,True,False,616.099999999984,613.0,3.099999999983993,159.0,584.2999999999811,3.499999999978172,10,0,87,Explotacion activa
88,1,EHO,poblacional,54294.0,54294.0,True,False,616.0999999999694,613.0,3.099999999969441,159.0,584.2999999999898,3.499999999978172,11,0,88,Explotacion activa
89,1,EHO,poblacional,54294.0,54294.0,True,False,616.099999999984,613.0,3.099999999983993,159.0,584.2999999999956,3.499999999978172,12,0,89,Explotacion activa
90,1,EHO,poblacional,54314.0,54314.0,True,False,635.8999999999869,633.0,2.8999999999869033,159.0,584.2999999999956,3.499999999978172,0,0,90,Explotacion activa
91,1,EHO,poblacional,54314.0,54314.0,True,False,635.8999999999724,633.0,2.8999999999723514,180.89999999999992,606.5599999999772,3.499999999978172,1,0,91,Explotacion activa
92,1,EHO,poblacional,54733.0,54733.0,True,False,1054.6999999999898,1052.0,2.6999999999898137,202.79999999999998,616.0999999999694,3.499999999978172,0,0,92,Explotacion activa
93,1,EHO,poblacional,54733.0,54733.0,True,False,1054.6999999999753,1052.0,2.6999999999752617,224.6999999999999,616.0999999999694,3.499999999978172,1,0,93,Explotacion activa
94,1,EHO,poblacional,54733.0,54733.0,True,False,1054.700000000019,1052.0,2.7000000000189175,240.99999999999997,616.0999999999694,3.4599999999845745,2,0,94,Explotacion activa
95,1,EHO,poblacional,54733.0,54733.0,True,False,975.900000000016,973.0,2.900000000016007,254.5,616.0999999999767,3.3999999999941792,3,0,95,Explotacion activa
96,1,EHO,poblacional,54733.0,54733.0,True,False,931.099999999984,928.0,3.099999999983993,268.00000000000006,616.099999999984,3.3400000000037826,4,0,96,Explotacion activa
97,1,EHO,poblacional,54733.0,54733.0,True,False,931.0999999999694,928.0,3.099999999969441,277.0,616.099999999984,3.3000000000101863,5,0,97,Explotacion activa
98,1,EHO,poblacional,54733.0,54733.0,True,False,931.0999999999694,928.0,3.099999999969441,277.0,616.099999999984,3.3000000000101863,6,0,98,Explotacion activa
99,1,EHO,poblacional,54733.0,54733.0,True,False,931.099999999984,928.0,3.099999999983993,277.0,616.099999999984,3.3000000000101863,7,0,99,Explotacion activa
100,1,EHO,poblacional,54733.0,54733.0,True,False,931.099999999984,928.0,3.099999999983993,277.0,616.099999999984,3.3000000000101863,8,0,100,Explotacion activa
101,1,EHO,poblacional,54733.0,54733.0,True,False,931.099999999984,928.0,3.099999999983993,277.0,616.099999999984,3.3000000000101863,9,0,101,Explotacion activa
102,1,EHO,poblacional,54733.0,54733.0,True,False,931.0999999999694,928.0,3.099999999969441,277.0,616.099999999984,3.3000000000101863,10,0,102,Explotacion activa
103,1,EHO,poblacional,54733.0,54733.0,True,False,931.0999999999694,928.0,3.099999999969441,277.0,616.099999999984,3.3000000000101863,11,0,103,Explotacion activa
104,1,EHO,poblacional,54733.0,54733.0,True,False,931.099999999984,928.0,3.099999999983993,277.0,616.099999999984,3.3000000000101863,12,0,104,Explotacion activa
105,1,EHO,poblacional,54733.0,54733.0,True,False,931.099999999984,928.0,3.099999999983993,277.0,616.099999999984,3.3000000000101863,13,0,105,Explotacion activa
106,1,EHO,poblacional,54733.0,54733.0,True,False,931.099999999984,928.0,3.099999999983993,277.0,616.099999999984,3.3000000000101863,14,0,106,Explotacion activa
107,1,EHO,poblacional,54733.0,54733.0,True,False,931.099999999984,928.0,3.099999999983993,277.0,616.099999999984,3.300000000008731,15,0,107,Explotacion activa
108,1,EHO,poblacional,54733.0,54733.0,True,False,931.099999999984,928.0,3.099999999983993,277.0,616.0999999999927,3.3000000000043657,16,0,108,Explotacion activa
109,1,EHO,poblacional,54733.0,54733.0,True,False,474.2999999999811,471.0,3.2999999999810825,277.0,616.0999999999883,3.3,17,0,109,Explotacion activa
110,1,EHO,poblacional,54733.0,54733.0,True,False,474.2999999999811,471.0,3.2999999999810825,277.0,616.099999999984,3.2999999999956344,18,0,110,Explotacion activa
111,1,EHO,poblacional,54733.0,54733.0,True,False,474.2999999999811,471.0,3.2999999999810825,277.0,616.099999999984,3.2999999999956344,19,0,111,Explotacion activa
112,1,EHO,poblacional,54733.0,54733.0,True,False,474.2999999999811,471.0,3.2999999999810825,277.0,616.099999999984,3.2999999999956344,20,0,112,Explotacion activa
113,1,EHO,poblacional,54733.0,54733.0,True,False,474.2999999999811,471.0,3.2999999999810825,277.0,616.099999999984,3.2999999999956344,21,0,113,Explotacion activa
114,1,EHO,poblacional,54733.0,54733.0,True,False,474.3000000000102,471.0,3.3000000000101863,277.0,616.099999999984,3.2999999999956344,22,0,114,Explotacion activa
115,1,EHO,poblacional,54733.0,54733.0,True,False,474.3000000000102,471.0,3.3000000000101863,277.0,616.099999999984,3.3000000000029104,23,0,115,Explotacion activa
116,1,EHO,poblacional,54733.0,54733.0,True,False,442.4999999999927,439.0,3.499999999992724,277.0,616.099999999984,3.3000000000101863,24,0,116,Explotacion activa
117,1,EHO,poblacional,54733.0,54733.0,True,False,442.4999999999782,439.0,3.499999999978172,277.0,616.099999999984,3.3000000000101863,25,0,117,Explotacion activa
118,1,EHO,poblacional,54733.0,54733.0,True,False,442.4999999999782,439.0,3.499999999978172,277.0,616.099999999984,3.3000000000101863,26,0,118,Explotacion activa
119,1,EHO,poblacional,54733.0,54733.0,True,False,442.4999999999927,439.0,3.499999999992724,277.0,616.099999999984,3.3000000000101863,27,0,119,Explotacion activa
120,1,EHO,poblacional,54733.0,54733.0,True,False,442.4999999999927,439.0,3.499999999992724,277.0,616.099999999984,3.3000000000101863,28,0,120,Explotacion activa
121,1,EHO,poblacional,54733.0,54733.0,True,False,442.4999999999927,439.0,3.499999999992724,277.0,616.099999999984,3.3000000000101863,29,0,121,Explotacion activa
122,1,EHO,poblacional,54733.0,54733.0,True,False,442.4999999999782,439.0,3.499999999978172,277.0,616.099999999984,3.3000000000101863,30,0,122,Explotacion activa
123,1,EHO,poblacional,54733.0,54733.0,True,False,442.4999999999782,439.0,3.499999999978172,277.0,616.099999999984,3.3200000000069836,31,0,123,Explotacion activa
124,1,EHO,poblacional,55037.0,55037.0,True,False,746.2999999999956,743.0,3.2999999999956344,277.0,616.099999999984,3.3000000000101863,0,0,124,Explotacion activa
125,1,EHO,poblacional,55037.0,55037.0,True,False,746.2999999999811,743.0,3.2999999999810825,277.0,616.099999999984,3.3000000000101863,1,0,125,Explotacion activa
126,1,EHO,poblacional,55037.0,55037.0,True,False,746.2999999999956,743.0,3.2999999999956344,277.0,616.099999999984,3.3000000000101863,2,0,126,Explotacion activa
127,1,EHO,poblacional,55037.0,55037.0,True,False,746.2999999999956,743.0,3.2999999999956344,285.8999999999998,616.099999999984,3.3000000000101863,3,0,127,Explotacion activa
128,1,EHO,poblacional,55037.0,55037.0,True,False,746.2999999999956,743.0,3.2999999999956344,312.59999999999985,616.099999999984,3.3000000000101863,4,0,128,Explotacion activa
129,1,EHO,poblacional,55037.0,55037.0,True,False,726.4999999999927,723.0,3.499999999992724,339.29999999999995,616.0999999999883,3.3000000000101863,5,0,129,Explotacion activa
130,1,EHO,poblacional,55037.0,55037.0,True,False,726.4999999999927,723.0,3.499999999992724,366.0,616.0999999999985,3.3000000000101863,6,0,130,Explotacion activa
131,1,EHO,poblacional,55037.0,55037.0,True,False,307.6999999999898,304.0,3.6999999999898137,322.6,616.0999999999942,3.4399999999877755,7,0,131,Explotacion activa
132,1,EHO,poblacional,55037.0,55037.0,True,False,307.6999999999898,304.0,3.6999999999898137,304.0,616.0999999999898,3.499999999978172,8,0,132,Explotacion activa
133,1,EHO,poblacional,55037.0,55037.0,True,False,307.6999999999898,304.0,3.6999999999898137,304.0,616.0999999999855,3.499999999978172,9,0,133,Explotacion activa
134,1,EHO,poblacional,55037.0,55037.0,True,False,307.6999999999898,304.0,3.6999999999898137,304.0,616.099999999984,3.499999999978172,10,0,134,Explotacion activa
135,1,EHO,poblacional,55037.0,55037.0,True,False,307.6999999999898,304.0,3.6999999999898137,304.0,616.099999999984,3.499999999978172,11,0,135,Explotacion activa
136,1,EHO,poblacional,55037.0,55037.0,True,False,307.6999999999898,304.0,3.6999999999898137,304.0,616.099999999984,3.499999999978172,12,0,136,Explotacion activa
137,1,EHO,poblacional,55037.0,55037.0,True,False,307.6999999999898,304.0,3.6999999999898137,304.0,616.099999999984,3.499999999978172,13,0,137,Explotacion activa
138,1,EHO,poblacional,55037.0,55037.0,True,False,307.6999999999898,304.0,3.6999999999898137,304.0,616.099999999984,3.499999999978172,14,0,138,Explotacion activa
139,1,EHO,poblacional,55037.0,55037.0,True,False,307.6999999999898,304.0,3.6999999999898137,304.0,616.099999999984,3.499999999978172,15,1,139,Explotacion activa
140,1,EHO,poblacional,55037.0,55037.0,True,False,307.6999999999898,304.0,3.6999999999898137,304.0,616.099999999984,3.499999999978172,16,2,140,Explotacion activa
141,1,EHO,poblacional,55037.0,55037.0,True,False,307.6999999999898,304.0,3.6999999999898137,304.0,616.099999999984,3.499999999978172,17,3,141,Explotacion activa
142,1,EHO,poblacional,55037.0,55037.0,True,False,307.6999999999898,304.0,3.6999999999898137,304.0,616.099999999984,3.499999999978172,18,4,142,Explotacion activa
143,1,EHO,poblacional,55037.0,55037.0,True,False,307.6999999999898,304.0,3.6999999999898137,304.0,616.099999999984,3.499999999978172,19,5,143,Explotacion activa
144,1,EHO,poblacional,55037.0,55037.0,True,False,307.6999999999898,304.0,3.6999999999898137,304.0,616.099999999984,3.499999999978172,20,6,144,Explotacion activa
145,1,EHO,poblacional,55037.0,55037.0,True,False,307.6999999999898,304.0,3.6999999999898137,304.0,616.099999999984,3.499999999985448,21,7,145,Explotacion activa
146,1,EHO,poblacional,55037.0,55037.0,True,True,307.6999999999898,304.0,3.6999999999898137,304.0,616.099999999984,3.499999999992724,22,8,146,ESTANCAMIENTO (Fire)
147,2,VNS,trayectoria,57065.0,57065.0,False,False,,,,,,,0,0,1,Llenando ventana
148,2,VNS,trayectoria,57065.0,57065.0,False,False,,,,,,,1,0,2,Llenando ventana
149,2,VNS,trayectoria,57065.0,57065.0,False,False,,,,,,,2,0,3,Llenando ventana
150,2,VNS,trayectoria,57065.0,57065.0,False,False,,,,,,,3,0,4,Llenando ventana
151,2,VNS,trayectoria,57065.0,57065.0,False,False,,,,,,,4,0,5,Llenando ventana
152,2,VNS,trayectoria,57065.0,57065.0,False,False,,,,,,,5,0,6,Llenando ventana
153,2,VNS,trayectoria,57146.0,57146.0,False,False,,,,,,,0,0,7,Llenando ventana
154,2,VNS,trayectoria,57146.0,57146.0,False,False,,,,,,,1,0,8,Llenando ventana
155,2,VNS,trayectoria,57146.0,57146.0,False,False,,,,,,,2,0,9,Llenando ventana
156,2,VNS,trayectoria,57146.0,57146.0,False,False,,,,,,,3,0,10,Llenando ventana
157,2,VNS,trayectoria,57146.0,57146.0,False,False,,,,,,,4,0,11,Llenando ventana
158,2,VNS,trayectoria,57146.0,57146.0,False,False,,,,,,,5,0,12,Llenando ventana
159,2,VNS,trayectoria,57146.0,57146.0,False,False,,,,,,,6,0,13,Llenando ventana
160,2,VNS,trayectoria,57146.0,57146.0,False,False,,,,,,,7,0,14,Llenando ventana
161,2,VNS,trayectoria,57200.0,57200.0,False,False,,,,,,,0,0,15,Llenando ventana
162,2,VNS,trayectoria,57200.0,57200.0,False,False,,,,,,,1,0,16,Llenando ventana
163,2,VNS,trayectoria,57200.0,57200.0,False,False,,,,,,,2,0,17,Llenando ventana
164,2,VNS,trayectoria,57200.0,57200.0,False,False,,,,,,,3,0,18,Llenando ventana
165,2,VNS,trayectoria,57200.0,57200.0,False,False,,,,,,,4,0,19,Llenando ventana
166,2,VNS,trayectoria,57200.0,57200.0,False,False,,,,,,,5,0,20,Llenando ventana
167,2,VNS,trayectoria,57200.0,57200.0,False,False,,,,,,,6,0,21,Llenando ventana
168,2,VNS,trayectoria,57200.0,57200.0,False,False,,,,,,,7,0,22,Llenando ventana
169,2,VNS,trayectoria,57200.0,57200.0,False,False,,,,,,,8,0,23,Llenando ventana
170,2,VNS,trayectoria,57200.0,57200.0,False,False,,,,,,,9,0,24,Llenando ventana
171,2,VNS,trayectoria,57200.0,57200.0,False,False,,,,,,,10,0,25,Llenando ventana
172,2,VNS,trayectoria,57200.0,57200.0,False,False,,,,,,,11,0,26,Llenando ventana
173,2,VNS,trayectoria,57200.0,57200.0,False,False,,,,,,,12,0,27,Llenando ventana
174,2,VNS,trayectoria,57200.0,57200.0,False,False,,,,,,,13,0,28,Llenando ventana
175,2,VNS,trayectoria,57200.0,57200.0,False,False,,,,,,,14,0,29,Llenando ventana
176,2,VNS,trayectoria,57200.0,57200.0,False,False,,,,,,,15,0,30,Llenando ventana
177,2,VNS,trayectoria,57200.0,57200.0,False,False,,,,,,,16,0,31,Llenando ventana
178,2,VNS,trayectoria,57200.0,57200.0,False,False,,,,,,,17,0,32,Llenando ventana
179,2,VNS,trayectoria,57200.0,57200.0,False,False,,,,,,,18,0,33,Llenando ventana
180,2,VNS,trayectoria,57200.0,57200.0,False,False,,,,,,,19,0,34,Llenando ventana
181,2,VNS,trayectoria,57200.0,57200.0,False,False,,,,,,,20,0,35,Llenando ventana
182,2,VNS,trayectoria,57200.0,57200.0,False,False,,,,,,,21,0,36,Llenando ventana
183,2,VNS,trayectoria,57200.0,57200.0,False,False,,,,,,,22,0,37,Llenando ventana
184,2,VNS,trayectoria,57200.0,57200.0,False,False,,,,,,,23,0,38,Llenando ventana
185,2,VNS,trayectoria,57200.0,57200.0,False,False,,,,,,,24,0,39,Llenando ventana
186,2,VNS,trayectoria,57200.0,57200.0,True,False,138.49999999997817,135.0,3.499999999978172,4.0,20.0,12.0,25,0,40,Explotacion activa
187,2,VNS,trayectoria,57200.0,57200.0,True,False,138.49999999997817,135.0,3.499999999978172,4.0,20.0,12.0,26,0,41,Explotacion activa
188,2,VNS,trayectoria,57200.0,57200.0,True,False,138.49999999999272,135.0,3.499999999992724,4.0,20.0,12.0,27,0,42,Explotacion activa
189,2,VNS,trayectoria,57200.0,57200.0,True,False,138.49999999999272,135.0,3.499999999992724,4.0,20.0,12.0,28,0,43,Explotacion activa
190,2,VNS,trayectoria,57200.0,57200.0,True,False,138.50000000000728,135.0,3.500000000007276,4.0,20.0,12.0,29,0,44,Explotacion activa
191,2,VNS,trayectoria,57200.0,57200.0,True,False,138.50000000000728,135.0,3.500000000007276,4.0,20.0,12.0,30,0,45,Explotacion activa
192,2,VNS,trayectoria,57200.0,57200.0,True,False,57.699999999989814,54.0,3.6999999999898137,4.0,20.0,12.0,31,0,46,Explotacion activa
193,2,VNS,trayectoria,57200.0,57200.0,True,False,57.699999999989814,54.0,3.6999999999898137,4.0,20.0,12.0,32,0,47,Explotacion activa
194,2,VNS,trayectoria,57200.0,57200.0,True,False,57.699999999989814,54.0,3.6999999999898137,4.0,20.0,12.0,33,0,48,Explotacion activa
195,2,VNS,trayectoria,57534.0,57534.0,True,False,391.4999999999927,388.0,3.499999999992724,110.69999999999997,138.4999999999971,3.560000000002037,0,0,49,Explotacion activa
196,2,VNS,trayectoria,57534.0,57534.0,True,False,391.4999999999782,388.0,3.499999999978172,135.0,138.50000000000728,3.500000000007276,1,0,50,Explotacion activa
197,2,VNS,trayectoria,57534.0,57534.0,True,False,391.4999999999927,388.0,3.499999999992724,135.0,138.50000000000728,3.500000000007276,2,0,51,Explotacion activa
198,2,VNS,trayectoria,57534.0,57534.0,True,False,391.5000000000073,388.0,3.500000000007276,135.0,239.69999999999527,3.500000000007276,3,0,52,Explotacion activa
199,2,VNS,trayectoria,57534.0,57534.0,True,False,391.5000000000073,388.0,3.500000000007276,135.0,391.49999999997965,3.500000000007276,4,0,53,Explotacion activa
200,2,VNS,trayectoria,57534.0,57534.0,True,False,337.6999999999898,334.0,3.6999999999898137,135.0,380.73999999998045,3.500000000007276,5,0,54,Explotacion activa
201,2,VNS,trayectoria,57534.0,57534.0,True,False,337.6999999999898,334.0,3.6999999999898137,135.0,364.599999999984,3.599999999998545,6,0,55,Explotacion activa
202,2,VNS,trayectoria,57534.0,57534.0,True,False,337.6999999999898,334.0,3.6999999999898137,135.0,348.4599999999875,3.6999999999898137,7,0,56,Explotacion activa
203,2,VNS,trayectoria,57534.0,57534.0,True,False,337.6999999999898,334.0,3.6999999999898137,135.0,337.6999999999898,3.6999999999898137,8,0,57,Explotacion activa
204,2,VNS,trayectoria,57534.0,57534.0,True,False,337.6999999999898,334.0,3.6999999999898137,135.0,337.6999999999898,3.6999999999898137,9,0,58,Explotacion activa
205,2,VNS,trayectoria,57534.0,57534.0,True,False,337.6999999999898,334.0,3.6999999999898137,135.0,337.6999999999898,3.6999999999898137,10,0,59,Explotacion activa
206,2,VNS,trayectoria,57534.0,57534.0,True,False,337.6999999999898,334.0,3.6999999999898137,135.0,337.6999999999898,3.6999999999898137,11,0,60,Explotacion activa
207,2,VNS,trayectoria,57534.0,57534.0,True,False,337.6999999999898,334.0,3.6999999999898137,135.0,337.6999999999898,3.6999999999898137,12,0,61,Explotacion activa
208,2,VNS,trayectoria,57534.0,57534.0,True,False,337.6999999999898,334.0,3.6999999999898137,135.0,337.6999999999898,3.6999999999898137,13,0,62,Explotacion activa
209,2,VNS,trayectoria,57534.0,57534.0,True,False,337.6999999999898,334.0,3.6999999999898137,135.0,337.6999999999898,3.6999999999898137,14,0,63,Explotacion activa
210,2,VNS,trayectoria,57534.0,57534.0,True,False,337.6999999999898,334.0,3.6999999999898137,135.0,337.6999999999898,3.6999999999898137,15,0,64,Explotacion activa
211,2,VNS,trayectoria,57534.0,57534.0,True,False,337.6999999999898,334.0,3.6999999999898137,135.0,337.6999999999898,3.6999999999898137,16,0,65,Explotacion activa
212,2,VNS,trayectoria,57534.0,57534.0,True,False,337.6999999999898,334.0,3.6999999999898137,135.0,337.6999999999898,3.6999999999898137,17,0,66,Explotacion activa
213,2,VNS,trayectoria,57534.0,57534.0,True,False,337.6999999999898,334.0,3.6999999999898137,154.89999999999992,337.6999999999898,3.6999999999898137,18,0,67,Explotacion activa
214,2,VNS,trayectoria,57534.0,57534.0,True,False,337.6999999999898,334.0,3.6999999999898137,214.60000000000008,337.6999999999898,3.6999999999898137,19,0,68,Explotacion activa
215,2,VNS,trayectoria,57534.0,57534.0,True,False,337.6999999999898,334.0,3.6999999999898137,274.29999999999984,337.6999999999898,3.6999999999898137,20,0,69,Explotacion activa
216,2,VNS,trayectoria,57534.0,57534.0,True,False,337.6999999999898,334.0,3.6999999999898137,334.0,337.6999999999898,3.6999999999898137,21,1,70,Explotacion activa
217,2,VNS,trayectoria,57534.0,57534.0,True,False,337.6999999999898,334.0,3.6999999999898137,334.0,337.6999999999898,3.6999999999898137,22,2,71,Explotacion activa
218,2,VNS,trayectoria,57534.0,57534.0,True,False,337.6999999999898,334.0,3.6999999999898137,334.0,337.6999999999898,3.6999999999898137,23,3,72,Explotacion activa
219,2,VNS,trayectoria,57534.0,57534.0,True,False,337.6999999999898,334.0,3.6999999999898137,334.0,337.6999999999898,3.6999999999898137,24,4,73,Explotacion activa
220,2,VNS,trayectoria,57534.0,57534.0,True,False,337.6999999999898,334.0,3.6999999999898137,334.0,337.6999999999898,3.6999999999898137,25,5,74,Explotacion activa
221,2,VNS,trayectoria,57534.0,57534.0,True,False,337.6999999999898,334.0,3.6999999999898137,334.0,337.6999999999898,3.6999999999898137,26,6,75,Explotacion activa
222,2,VNS,trayectoria,57534.0,57534.0,True,False,337.6999999999898,334.0,3.6999999999898137,334.0,337.6999999999898,3.6999999999898137,27,7,76,Explotacion activa
223,2,VNS,trayectoria,57534.0,57534.0,True,True,337.6999999999898,334.0,3.6999999999898137,334.0,337.6999999999898,3.6999999999898137,28,8,77,ESTANCAMIENTO (Fire)
224,3,EHO,poblacional,57534.0,57534.0,False,False,,,,,,,0,0,1,Llenando ventana
225,3,EHO,poblacional,57534.0,57534.0,False,False,,,,,,,1,0,2,Llenando ventana
226,3,EHO,poblacional,57534.0,57534.0,False,False,,,,,,,2,0,3,Llenando ventana
227,3,EHO,poblacional,57534.0,57534.0,False,False,,,,,,,3,0,4,Llenando ventana
228,3,EHO,poblacional,57534.0,57534.0,False,False,,,,,,,4,0,5,Llenando ventana
229,3,EHO,poblacional,57534.0,57534.0,False,False,,,,,,,5,0,6,Llenando ventana
230,3,EHO,poblacional,57534.0,57534.0,False,False,,,,,,,6,0,7,Llenando ventana
231,3,EHO,poblacional,57534.0,57534.0,False,False,,,,,,,7,0,8,Llenando ventana
232,3,EHO,poblacional,57534.0,57534.0,False,False,,,,,,,8,0,9,Llenando ventana
233,3,EHO,poblacional,57534.0,57534.0,False,False,,,,,,,9,0,10,Llenando ventana
234,3,EHO,poblacional,57534.0,57534.0,False,False,,,,,,,10,0,11,Llenando ventana
235,3,EHO,poblacional,57534.0,57534.0,False,False,,,,,,,11,0,12,Llenando ventana
236,3,EHO,poblacional,57534.0,57534.0,False,False,,,,,,,12,0,13,Llenando ventana
237,3,EHO,poblacional,57534.0,57534.0,False,False,,,,,,,13,0,14,Llenando ventana
238,3,EHO,poblacional,57534.0,57534.0,False,False,,,,,,,14,0,15,Llenando ventana
239,3,EHO,poblacional,57534.0,57534.0,False,False,,,,,,,15,0,16,Llenando ventana
240,3,EHO,poblacional,57534.0,57534.0,False,False,,,,,,,16,0,17,Llenando ventana
241,3,EHO,poblacional,57534.0,57534.0,False,False,,,,,,,17,0,18,Llenando ventana
242,3,EHO,poblacional,57534.0,57534.0,False,False,,,,,,,18,0,19,Llenando ventana
243,3,EHO,poblacional,57534.0,57534.0,False,False,,,,,,,19,0,20,Llenando ventana
244,3,EHO,poblacional,57534.0,57534.0,False,False,,,,,,,20,0,21,Llenando ventana
245,3,EHO,poblacional,57534.0,57534.0,False,False,,,,,,,21,0,22,Llenando ventana
246,3,EHO,poblacional,57534.0,57534.0,False,False,,,,,,,22,0,23,Llenando ventana
247,3,EHO,poblacional,57534.0,57534.0,False,False,,,,,,,23,0,24,Llenando ventana
248,3,EHO,poblacional,57534.0,57534.0,False,False,,,,,,,24,0,25,Llenando ventana
249,3,EHO,poblacional,57534.0,57534.0,False,False,,,,,,,25,0,26,Llenando ventana
250,3,EHO,poblacional,57534.0,57534.0,False,False,,,,,,,26,0,27,Llenando ventana
251,3,EHO,poblacional,57534.0,57534.0,False,False,,,,,,,27,0,28,Llenando ventana
252,3,EHO,poblacional,57534.0,57534.0,False,False,,,,,,,28,0,29,Llenando ventana
253,3,EHO,poblacional,57534.0,57534.0,False,False,,,,,,,29,0,30,Llenando ventana
254,3,EHO,poblacional,57534.0,57534.0,False,False,,,,,,,30,0,31,Llenando ventana
255,3,EHO,poblacional,57534.0,57534.0,False,False,,,,,,,31,0,32,Llenando ventana
256,3,EHO,poblacional,57534.0,57534.0,False,False,,,,,,,32,0,33,Llenando ventana
257,3,EHO,poblacional,57534.0,57534.0,False,False,,,,,,,33,0,34,Llenando ventana
258,3,EHO,poblacional,57534.0,57534.0,False,False,,,,,,,34,0,35,Llenando ventana
259,3,EHO,poblacional,57534.0,57534.0,False,False,,,,,,,35,0,36,Llenando ventana
260,3,EHO,poblacional,57534.0,57534.0,False,False,,,,,,,36,0,37,Llenando ventana
261,3,EHO,poblacional,57534.0,57534.0,False,False,,,,,,,37,0,38,Llenando ventana
262,3,EHO,poblacional,57534.0,57534.0,False,False,,,,,,,38,0,39,Llenando ventana
263,3,EHO,poblacional,57534.0,57534.0,True,False,3.900000000001455,0.0,3.900000000001455,4.0,20.0,12.0,39,0,40,Explotacion activa
264,3,EHO,poblacional,57534.0,57534.0,True,False,3.900000000001455,0.0,3.900000000001455,4.0,20.0,12.0,40,0,41,Explotacion activa
265,3,EHO,poblacional,57534.0,57534.0,True,False,3.900000000001455,0.0,3.900000000001455,4.0,20.0,12.0,41,0,42,Explotacion activa
266,3,EHO,poblacional,57534.0,57534.0,True,False,3.900000000001455,0.0,3.900000000001455,4.0,20.0,12.0,42,0,43,Explotacion activa
267,3,EHO,poblacional,57534.0,57534.0,True,False,3.900000000001455,0.0,3.900000000001455,4.0,20.0,12.0,43,0,44,Explotacion activa
268,3,EHO,poblacional,57534.0,57534.0,True,False,3.900000000001455,0.0,3.900000000001455,4.0,20.0,12.0,44,0,45,Explotacion activa
269,3,EHO,poblacional,57534.0,57534.0,True,False,3.900000000001455,0.0,3.900000000001455,4.0,20.0,12.0,45,0,46,Explotacion activa
270,3,EHO,poblacional,57534.0,57534.0,True,False,3.900000000001455,0.0,3.900000000001455,4.0,20.0,12.0,46,0,47,Explotacion activa
271,3,EHO,poblacional,57534.0,57534.0,True,False,3.900000000001455,0.0,3.900000000001455,4.0,20.0,12.0,47,0,48,Explotacion activa
272,3,EHO,poblacional,57534.0,57534.0,True,False,3.900000000001455,0.0,3.900000000001455,0.0,3.900000000001455,3.900000000001455,48,1,49,Explotacion activa
273,3,EHO,poblacional,57534.0,57534.0,True,False,3.900000000001455,0.0,3.900000000001455,0.0,3.900000000001455,3.900000000001455,49,2,50,Explotacion activa
274,3,EHO,poblacional,57534.0,57534.0,True,False,3.900000000001455,0.0,3.900000000001455,0.0,3.900000000001455,3.900000000001455,50,3,51,Explotacion activa
275,3,EHO,poblacional,57534.0,57534.0,True,False,3.900000000001455,0.0,3.900000000001455,0.0,3.900000000001455,3.900000000001455,51,4,52,Explotacion activa
276,3,EHO,poblacional,57534.0,57534.0,True,False,3.900000000001455,0.0,3.900000000001455,0.0,3.900000000001455,3.900000000001455,52,5,53,Explotacion activa
277,3,EHO,poblacional,57534.0,57534.0,True,False,3.900000000001455,0.0,3.900000000001455,0.0,3.900000000001455,3.900000000001455,53,6,54,Explotacion activa
278,3,EHO,poblacional,57534.0,57534.0,True,False,3.900000000001455,0.0,3.900000000001455,0.0,3.900000000001455,3.900000000001455,54,7,55,Explotacion activa
279,3,EHO,poblacional,57534.0,57534.0,True,True,3.900000000001455,0.0,3.900000000001455,0.0,3.900000000001455,3.900000000001455,55,8,56,ESTANCAMIENTO (Fire)
280,4,TS,trayectoria,57534.0,57534.0,False,False,,,,,,,0,0,1,Llenando ventana
281,4,TS,trayectoria,57534.0,57534.0,False,False,,,,,,,1,0,2,Llenando ventana
282,4,TS,trayectoria,57534.0,57534.0,False,False,,,,,,,2,0,3,Llenando ventana
283,4,TS,trayectoria,57534.0,57534.0,False,False,,,,,,,3,0,4,Llenando ventana
284,4,TS,trayectoria,57534.0,57534.0,False,False,,,,,,,4,0,5,Llenando ventana
285,4,TS,trayectoria,57534.0,57534.0,False,False,,,,,,,5,0,6,Llenando ventana
286,4,TS,trayectoria,57534.0,57534.0,False,False,,,,,,,6,0,7,Llenando ventana
287,4,TS,trayectoria,57534.0,57534.0,False,False,,,,,,,7,0,8,Llenando ventana
288,4,TS,trayectoria,57534.0,57534.0,False,False,,,,,,,8,0,9,Llenando ventana
289,4,TS,trayectoria,57534.0,57534.0,False,False,,,,,,,9,0,10,Llenando ventana
290,4,TS,trayectoria,57534.0,57534.0,False,False,,,,,,,10,0,11,Llenando ventana
291,4,TS,trayectoria,57534.0,57534.0,False,False,,,,,,,11,0,12,Llenando ventana
292,4,TS,trayectoria,57534.0,57534.0,False,False,,,,,,,12,0,13,Llenando ventana
293,4,TS,trayectoria,57534.0,57534.0,False,False,,,,,,,13,0,14,Llenando ventana
294,4,TS,trayectoria,57534.0,57534.0,False,False,,,,,,,14,0,15,Llenando ventana
295,4,TS,trayectoria,57534.0,57534.0,False,False,,,,,,,15,0,16,Llenando ventana
296,4,TS,trayectoria,57534.0,57534.0,False,False,,,,,,,16,0,17,Llenando ventana
297,4,TS,trayectoria,57534.0,57534.0,False,False,,,,,,,17,0,18,Llenando ventana
298,4,TS,trayectoria,57534.0,57534.0,False,False,,,,,,,18,0,19,Llenando ventana
299,4,TS,trayectoria,57534.0,57534.0,False,False,,,,,,,19,0,20,Llenando ventana
300,4,TS,trayectoria,57534.0,57534.0,False,False,,,,,,,20,0,21,Llenando ventana
301,4,TS,trayectoria,57534.0,57534.0,False,False,,,,,,,21,0,22,Llenando ventana
302,4,TS,trayectoria,57534.0,57534.0,False,False,,,,,,,22,0,23,Llenando ventana
303,4,TS,trayectoria,57534.0,57534.0,False,False,,,,,,,23,0,24,Llenando ventana
304,4,TS,trayectoria,57534.0,57534.0,False,False,,,,,,,24,0,25,Llenando ventana
305,4,TS,trayectoria,57534.0,57534.0,False,False,,,,,,,25,0,26,Llenando ventana
306,4,TS,trayectoria,57534.0,57534.0,False,False,,,,,,,26,0,27,Llenando ventana
307,4,TS,trayectoria,57534.0,57534.0,False,False,,,,,,,27,0,28,Llenando ventana
308,4,TS,trayectoria,57534.0,57534.0,False,False,,,,,,,28,0,29,Llenando ventana
309,4,TS,trayectoria,57534.0,57534.0,False,False,,,,,,,29,0,30,Llenando ventana
310,4,TS,trayectoria,57534.0,57534.0,False,False,,,,,,,30,0,31,Llenando ventana
311,4,TS,trayectoria,57534.0,57534.0,False,False,,,,,,,31,0,32,Llenando ventana
312,4,TS,trayectoria,57534.0,57534.0,False,False,,,,,,,32,0,33,Llenando ventana
313,4,TS,trayectoria,57534.0,57534.0,False,False,,,,,,,33,0,34,Llenando ventana
314,4,TS,trayectoria,57534.0,57534.0,False,False,,,,,,,34,0,35,Llenando ventana
315,4,TS,trayectoria,57534.0,57534.0,False,False,,,,,,,35,0,36,Llenando ventana
316,4,TS,trayectoria,57534.0,57534.0,False,False,,,,,,,36,0,37,Llenando ventana
317,4,TS,trayectoria,57534.0,57534.0,False,False,,,,,,,37,0,38,Llenando ventana
318,4,TS,trayectoria,57534.0,57534.0,False,False,,,,,,,38,0,39,Llenando ventana
319,4,TS,trayectoria,57534.0,57534.0,True,False,3.900000000001455,0.0,3.900000000001455,4.0,20.0,12.0,39,0,40,Explotacion activa
320,4,TS,trayectoria,57534.0,57534.0,True,False,3.900000000001455,0.0,3.900000000001455,4.0,20.0,12.0,40,0,41,Explotacion activa
321,4,TS,trayectoria,57534.0,57534.0,True,False,3.900000000001455,0.0,3.900000000001455,4.0,20.0,12.0,41,0,42,Explotacion activa
322,4,TS,trayectoria,57534.0,57534.0,True,False,3.900000000001455,0.0,3.900000000001455,4.0,20.0,12.0,42,0,43,Explotacion activa
323,4,TS,trayectoria,57534.0,57534.0,True,False,3.900000000001455,0.0,3.900000000001455,4.0,20.0,12.0,43,0,44,Explotacion activa
324,4,TS,trayectoria,57534.0,57534.0,True,False,3.900000000001455,0.0,3.900000000001455,4.0,20.0,12.0,44,0,45,Explotacion activa
325,4,TS,trayectoria,57534.0,57534.0,True,False,3.900000000001455,0.0,3.900000000001455,4.0,20.0,12.0,45,0,46,Explotacion activa
326,4,TS,trayectoria,57534.0,57534.0,True,False,3.900000000001455,0.0,3.900000000001455,4.0,20.0,12.0,46,0,47,Explotacion activa
327,4,TS,trayectoria,57534.0,57534.0,True,False,3.900000000001455,0.0,3.900000000001455,4.0,20.0,12.0,47,0,48,Explotacion activa
328,4,TS,trayectoria,57534.0,57534.0,True,False,3.900000000001455,0.0,3.900000000001455,0.0,3.900000000001455,3.900000000001455,48,1,49,Explotacion activa
329,4,TS,trayectoria,57534.0,57534.0,True,False,3.900000000001455,0.0,3.900000000001455,0.0,3.900000000001455,3.900000000001455,49,2,50,Explotacion activa
330,4,TS,trayectoria,57534.0,57534.0,True,False,3.900000000001455,0.0,3.900000000001455,0.0,3.900000000001455,3.900000000001455,50,3,51,Explotacion activa
331,4,TS,trayectoria,57534.0,57534.0,True,False,3.900000000001455,0.0,3.900000000001455,0.0,3.900000000001455,3.900000000001455,51,4,52,Explotacion activa
332,4,TS,trayectoria,57534.0,57534.0,True,False,3.900000000001455,0.0,3.900000000001455,0.0,3.900000000001455,3.900000000001455,52,5,53,Explotacion activa
333,4,TS,trayectoria,57534.0,57534.0,True,False,3.900000000001455,0.0,3.900000000001455,0.0,3.900000000001455,3.900000000001455,53,6,54,Explotacion activa
334,4,TS,trayectoria,57534.0,57534.0,True,False,3.900000000001455,0.0,3.900000000001455,0.0,3.900000000001455,3.900000000001455,54,7,55,Explotacion activa
335,4,TS,trayectoria,57534.0,57534.0,True,True,3.900000000001455,0.0,3.900000000001455,0.0,3.900000000001455,3.900000000001455,55,8,56,ESTANCAMIENTO (Fire)
336,5,GA,poblacional,57534.0,57534.0,False,False,,,,,,,0,0,1,Llenando ventana
337,5,GA,poblacional,57534.0,57534.0,False,False,,,,,,,1,0,2,Llenando ventana
338,5,GA,poblacional,57534.0,57534.0,False,False,,,,,,,2,0,3,Llenando ventana
339,5,GA,poblacional,57534.0,57534.0,False,False,,,,,,,3,0,4,Llenando ventana
340,5,GA,poblacional,57534.0,57534.0,False,False,,,,,,,4,0,5,Llenando ventana
341,5,GA,poblacional,57534.0,57534.0,False,False,,,,,,,5,0,6,Llenando ventana
342,5,GA,poblacional,57534.0,57534.0,False,False,,,,,,,6,0,7,Llenando ventana
343,5,GA,poblacional,57534.0,57534.0,False,False,,,,,,,7,0,8,Llenando ventana
344,5,GA,poblacional,57534.0,57534.0,False,False,,,,,,,8,0,9,Llenando ventana
345,5,GA,poblacional,57534.0,57534.0,False,False,,,,,,,9,0,10,Llenando ventana
346,5,GA,poblacional,57534.0,57534.0,False,False,,,,,,,10,0,11,Llenando ventana
347,5,GA,poblacional,57534.0,57534.0,False,False,,,,,,,11,0,12,Llenando ventana
348,5,GA,poblacional,57628.0,57628.0,False,False,,,,,,,0,0,13,Llenando ventana
349,5,GA,poblacional,57628.0,57628.0,False,False,,,,,,,1,0,14,Llenando ventana
350,5,GA,poblacional,57628.0,57628.0,False,False,,,,,,,2,0,15,Llenando ventana
351,5,GA,poblacional,57628.0,57628.0,False,False,,,,,,,3,0,16,Llenando ventana
352,5,GA,poblacional,57628.0,57628.0,False,False,,,,,,,4,0,17,Llenando ventana
353,5,GA,poblacional,57628.0,57628.0,False,False,,,,,,,5,0,18,Llenando ventana
354,5,GA,poblacional,57628.0,57628.0,False,False,,,,,,,6,0,19,Llenando ventana
355,5,GA,poblacional,57628.0,57628.0,False,False,,,,,,,7,0,20,Llenando ventana
356,5,GA,poblacional,57628.0,57628.0,False,False,,,,,,,8,0,21,Llenando ventana
357,5,GA,poblacional,57628.0,57628.0,False,False,,,,,,,9,0,22,Llenando ventana
358,5,GA,poblacional,57628.0,57628.0,False,False,,,,,,,10,0,23,Llenando ventana
359,5,GA,poblacional,57628.0,57628.0,False,False,,,,,,,11,0,24,Llenando ventana
360,5,GA,poblacional,57628.0,57628.0,False,False,,,,,,,12,0,25,Llenando ventana
361,5,GA,poblacional,57628.0,57628.0,False,False,,,,,,,13,0,26,Llenando ventana
362,5,GA,poblacional,57628.0,57628.0,False,False,,,,,,,14,0,27,Llenando ventana
363,5,GA,poblacional,57628.0,57628.0,False,False,,,,,,,15,0,28,Llenando ventana
364,5,GA,poblacional,57628.0,57628.0,False,False,,,,,,,16,0,29,Llenando ventana
365,5,GA,poblacional,57628.0,57628.0,False,False,,,,,,,17,0,30,Llenando ventana
366,5,GA,poblacional,57628.0,57628.0,False,False,,,,,,,18,0,31,Llenando ventana
367,5,GA,poblacional,57628.0,57628.0,False,False,,,,,,,19,0,32,Llenando ventana
368,5,GA,poblacional,57628.0,57628.0,False,False,,,,,,,20,0,33,Llenando ventana
369,5,GA,poblacional,57628.0,57628.0,False,False,,,,,,,21,0,34,Llenando ventana
370,5,GA,poblacional,57628.0,57628.0,False,False,,,,,,,22,0,35,Llenando ventana
371,5,GA,poblacional,57628.0,57628.0,False,False,,,,,,,23,0,36,Llenando ventana
372,5,GA,poblacional,57628.0,57628.0,False,False,,,,,,,24,0,37,Llenando ventana
373,5,GA,poblacional,57628.0,57628.0,False,False,,,,,,,25,0,38,Llenando ventana
374,5,GA,poblacional,57628.0,57628.0,False,False,,,,,,,26,0,39,Llenando ventana
375,5,GA,poblacional,57628.0,57628.0,True,False,97.69999999998981,94.0,3.6999999999898137,4.0,20.0,12.0,27,0,40,Explotacion activa
376,5,GA,poblacional,57628.0,57628.0,True,False,97.69999999998981,94.0,3.6999999999898137,4.0,20.0,12.0,28,0,41,Explotacion activa
377,5,GA,poblacional,57628.0,57628.0,True,False,97.69999999998981,94.0,3.6999999999898137,4.0,20.0,12.0,29,0,42,Explotacion activa
378,5,GA,poblacional,57628.0,57628.0,True,False,97.69999999998981,94.0,3.6999999999898137,4.0,20.0,12.0,30,0,43,Explotacion activa
379,5,GA,poblacional,57628.0,57628.0,True,False,97.69999999998981,94.0,3.6999999999898137,4.0,20.0,12.0,31,0,44,Explotacion activa
380,5,GA,poblacional,57628.0,57628.0,True,False,97.69999999998981,94.0,3.6999999999898137,4.0,20.0,12.0,32,0,45,Explotacion activa
381,5,GA,poblacional,57628.0,57628.0,True,False,97.69999999998981,94.0,3.6999999999898137,4.0,20.0,12.0,33,0,46,Explotacion activa
382,5,GA,poblacional,57628.0,57628.0,True,False,97.69999999998981,94.0,3.6999999999898137,4.0,20.0,12.0,34,0,47,Explotacion activa
383,5,GA,poblacional,57628.0,57628.0,True,False,97.69999999998981,94.0,3.6999999999898137,4.0,20.0,12.0,35,0,48,Explotacion activa
384,5,GA,poblacional,57628.0,57628.0,True,False,97.69999999998981,94.0,3.6999999999898137,94.0,97.69999999998981,3.6999999999898137,36,1,49,Explotacion activa
385,5,GA,poblacional,57628.0,57628.0,True,False,97.70000000000437,94.0,3.7000000000043656,94.0,97.69999999998981,3.6999999999898137,37,2,50,Explotacion activa
386,5,GA,poblacional,57628.0,57628.0,True,False,97.70000000000437,94.0,3.7000000000043656,94.0,97.69999999998981,3.6999999999898137,38,3,51,Explotacion activa
387,5,GA,poblacional,57628.0,57628.0,True,False,3.900000000001455,0.0,3.900000000001455,94.0,97.69999999998981,3.6999999999898137,39,4,52,Explotacion activa
388,5,GA,poblacional,57628.0,57628.0,True,False,3.900000000001455,0.0,3.900000000001455,94.0,97.69999999998981,3.699999999991269,40,5,53,Explotacion activa
389,5,GA,poblacional,57628.0,57628.0,True,False,3.900000000001455,0.0,3.900000000001455,94.0,97.69999999998981,3.700000000001455,41,6,54,Explotacion activa
390,5,GA,poblacional,57628.0,57628.0,True,False,3.900000000001455,0.0,3.900000000001455,94.0,97.69999999998981,3.7000000000043656,42,7,55,Explotacion activa
391,5,GA,poblacional,57628.0,57628.0,True,False,3.900000000001455,0.0,3.900000000001455,75.19999999999999,97.69999999998981,3.7400000000037834,43,8,56,Explotacion activa
392,5,GA,poblacional,57628.0,57628.0,True,False,3.900000000001455,0.0,3.900000000001455,9.399999999999967,97.69999999998981,3.880000000001746,44,9,57,Explotacion activa
393,5,GA,poblacional,57628.0,57628.0,True,False,3.900000000001455,0.0,3.900000000001455,0.0,97.69999999998981,3.900000000001455,45,10,58,Explotacion activa
394,5,GA,poblacional,57628.0,57628.0,True,False,3.900000000001455,0.0,3.900000000001455,0.0,97.69999999998981,3.900000000001455,46,11,59,Explotacion activa
395,5,GA,poblacional,57628.0,57628.0,True,False,3.900000000001455,0.0,3.900000000001455,0.0,97.69999999998981,3.900000000001455,47,12,60,Explotacion activa
396,5,GA,poblacional,57628.0,57628.0,True,False,3.900000000001455,0.0,3.900000000001455,0.0,97.69999999998981,3.900000000001455,48,13,61,Explotacion activa
397,5,GA,poblacional,57628.0,57628.0,True,True,3.900000000001455,0.0,3.900000000001455,0.0,97.69999999998981,3.900000000001455,49,14,62,ESTANCAMIENTO (Fire)
398,6,ILS,trayectoria,57628.0,57628.0,False,False,,,,,,,0,0,1,Llenando ventana
399,6,ILS,trayectoria,57672.0,57672.0,False,False,,,,,,,0,0,2,Llenando ventana
400,6,ILS,trayectoria,57699.0,57699.0,False,False,,,,,,,0,0,3,Llenando ventana
401,6,ILS,trayectoria,57755.0,57755.0,False,False,,,,,,,0,0,4,Llenando ventana
402,6,ILS,trayectoria,57755.0,57755.0,False,False,,,,,,,1,0,5,Llenando ventana
403,6,ILS,trayectoria,57755.0,57755.0,False,False,,,,,,,2,0,6,Llenando ventana
404,6,ILS,trayectoria,57755.0,57755.0,False,False,,,,,,,3,0,7,Llenando ventana
405,6,ILS,trayectoria,57755.0,57755.0,False,False,,,,,,,4,0,8,Llenando ventana
406,6,ILS,trayectoria,57755.0,57755.0,False,False,,,,,,,5,0,9,Llenando ventana
407,6,ILS,trayectoria,57755.0,57755.0,False,False,,,,,,,6,0,10,Llenando ventana
408,6,ILS,trayectoria,57755.0,57755.0,False,False,,,,,,,7,0,11,Llenando ventana
409,6,ILS,trayectoria,57755.0,57755.0,False,False,,,,,,,8,0,12,Llenando ventana
410,6,ILS,trayectoria,57755.0,57755.0,False,False,,,,,,,9,0,13,Llenando ventana
411,6,ILS,trayectoria,57755.0,57755.0,False,False,,,,,,,10,0,14,Llenando ventana
412,6,ILS,trayectoria,57755.0,57755.0,False,False,,,,,,,11,0,15,Llenando ventana
413,6,ILS,trayectoria,57755.0,57755.0,False,False,,,,,,,12,0,16,Llenando ventana
414,6,ILS,trayectoria,57755.0,57755.0,False,False,,,,,,,13,0,17,Llenando ventana
415,6,ILS,trayectoria,57755.0,57755.0,False,False,,,,,,,14,0,18,Llenando ventana
416,6,ILS,trayectoria,57755.0,57755.0,False,False,,,,,,,15,0,19,Llenando ventana
417,6,ILS,trayectoria,57755.0,57755.0,False,False,,,,,,,16,0,20,Llenando ventana
418,6,ILS,trayectoria,57755.0,57755.0,False,False,,,,,,,17,0,21,Llenando ventana
419,6,ILS,trayectoria,57755.0,57755.0,False,False,,,,,,,18,0,22,Llenando ventana
420,6,ILS,trayectoria,57755.0,57755.0,False,False,,,,,,,19,0,23,Llenando ventana
421,6,ILS,trayectoria,57755.0,57755.0,False,False,,,,,,,20,0,24,Llenando ventana
422,6,ILS,trayectoria,57755.0,57755.0,False,False,,,,,,,21,0,25,Llenando ventana
423,6,ILS,trayectoria,57755.0,57755.0,False,False,,,,,,,22,0,26,Llenando ventana
424,6,ILS,trayectoria,57755.0,57755.0,False,False,,,,,,,23,0,27,Llenando ventana
425,6,ILS,trayectoria,57755.0,57755.0,False,False,,,,,,,24,0,28,Llenando ventana
426,6,ILS,trayectoria,57755.0,57755.0,False,False,,,,,,,25,0,29,Llenando ventana
427,6,ILS,trayectoria,57755.0,57755.0,False,False,,,,,,,26,0,30,Llenando ventana
428,6,ILS,trayectoria,57755.0,57755.0,False,False,,,,,,,27,0,31,Llenando ventana
429,6,ILS,trayectoria,57755.0,57755.0,False,False,,,,,,,28,0,32,Llenando ventana
430,6,ILS,trayectoria,57755.0,57755.0,False,False,,,,,,,29,0,33,Llenando ventana
431,6,ILS,trayectoria,57755.0,57755.0,False,False,,,,,,,30,0,34,Llenando ventana
432,6,ILS,trayectoria,57755.0,57755.0,False,False,,,,,,,31,0,35,Llenando ventana
433,6,ILS,trayectoria,57755.0,57755.0,False,False,,,,,,,32,0,36,Llenando ventana
434,6,ILS,trayectoria,57755.0,57755.0,False,False,,,,,,,33,0,37,Llenando ventana
435,6,ILS,trayectoria,57755.0,57755.0,False,False,,,,,,,34,0,38,Llenando ventana
436,6,ILS,trayectoria,57755.0,57755.0,False,False,,,,,,,35,0,39,Llenando ventana
437,6,ILS,trayectoria,57755.0,57755.0,True,False,130.29999999999563,127.0,3.2999999999956344,4.0,20.0,12.0,36,0,40,Explotacion activa
438,6,ILS,trayectoria,57755.0,57755.0,True,False,86.50000000000728,83.0,3.500000000007276,4.0,20.0,12.0,37,0,41,Explotacion activa
439,6,ILS,trayectoria,57755.0,57755.0,True,False,59.700000000004366,56.0,3.7000000000043656,4.0,20.0,12.0,38,0,42,Explotacion activa
440,6,ILS,trayectoria,57755.0,57755.0,True,False,3.900000000001455,0.0,3.900000000001455,4.0,20.0,12.0,39,0,43,Explotacion activa
441,6,ILS,trayectoria,57755.0,57755.0,True,False,3.900000000001455,0.0,3.900000000001455,4.0,20.0,12.0,40,0,44,Explotacion activa
442,6,ILS,trayectoria,57755.0,57755.0,True,False,3.900000000001455,0.0,3.900000000001455,4.0,20.0,12.0,41,0,45,Explotacion activa
443,6,ILS,trayectoria,57755.0,57755.0,True,False,3.900000000001455,0.0,3.900000000001455,4.0,20.0,12.0,42,0,46,Explotacion activa
444,6,ILS,trayectoria,57755.0,57755.0,True,False,3.900000000001455,0.0,3.900000000001455,4.0,20.0,12.0,43,0,47,Explotacion activa
445,6,ILS,trayectoria,57755.0,57755.0,True,False,3.900000000001455,0.0,3.900000000001455,4.0,20.0,12.0,44,0,48,Explotacion activa
446,6,ILS,trayectoria,57755.0,57755.0,True,False,3.900000000001455,0.0,3.900000000001455,0.0,20.640000000002317,3.900000000001455,45,1,49,Explotacion activa
447,6,ILS,trayectoria,57755.0,57755.0,True,False,3.900000000001455,0.0,3.900000000001455,0.0,3.900000000001455,3.900000000001455,46,2,50,Explotacion activa
448,6,ILS,trayectoria,57755.0,57755.0,True,False,3.900000000001455,0.0,3.900000000001455,0.0,3.900000000001455,3.900000000001455,47,3,51,Explotacion activa
449,6,ILS,trayectoria,57755.0,57755.0,True,False,3.900000000001455,0.0,3.900000000001455,0.0,3.900000000001455,3.900000000001455,48,4,52,Explotacion activa
450,6,ILS,trayectoria,57755.0,57755.0,True,False,3.900000000001455,0.0,3.900000000001455,0.0,3.900000000001455,3.900000000001455,49,5,53,Explotacion activa
451,6,ILS,trayectoria,57755.0,57755.0,True,False,3.900000000001455,0.0,3.900000000001455,0.0,3.900000000001455,3.900000000001455,50,6,54,Explotacion activa
452,6,ILS,trayectoria,57755.0,57755.0,True,False,3.900000000001455,0.0,3.900000000001455,0.0,3.900000000001455,3.900000000001455,51,7,55,Explotacion activa
453,6,ILS,trayectoria,57755.0,57755.0,True,False,3.900000000001455,0.0,3.900000000001455,0.0,3.900000000001455,3.900000000001455,52,8,56,Explotacion activa
454,6,ILS,trayectoria,57755.0,57755.0,True,False,3.900000000001455,0.0,3.900000000001455,0.0,3.900000000001455,3.900000000001455,53,9,57,Explotacion activa
455,6,ILS,trayectoria,57755.0,57755.0,True,False,3.900000000001455,0.0,3.900000000001455,0.0,3.900000000001455,3.900000000001455,54,10,58,Explotacion activa
456,6,ILS,trayectoria,57755.0,57755.0,True,False,3.900000000001455,0.0,3.900000000001455,0.0,3.900000000001455,3.900000000001455,55,11,59,Explotacion activa
457,6,ILS,trayectoria,57755.0,57755.0,True,False,3.900000000001455,0.0,3.900000000001455,0.0,3.900000000001455,3.900000000001455,56,12,60,Explotacion activa
458,6,ILS,trayectoria,57755.0,57755.0,True,False,3.900000000001455,0.0,3.900000000001455,0.0,3.900000000001455,3.900000000001455,57,13,61,Explotacion activa
459,6,ILS,trayectoria,57755.0,57755.0,True,True,3.900000000001455,0.0,3.900000000001455,0.0,3.900000000001455,3.900000000001455,58,14,62,ESTANCAMIENTO (Fire)
460,7,GA,poblacional,57755.0,57755.0,False,False,,,,,,,0,0,1,Llenando ventana
461,7,GA,poblacional,57755.0,57755.0,False,False,,,,,,,1,0,2,Llenando ventana
462,7,GA,poblacional,57755.0,57755.0,False,False,,,,,,,2,0,3,Llenando ventana
463,7,GA,poblacional,57755.0,57755.0,False,False,,,,,,,3,0,4,Llenando ventana
464,7,GA,poblacional,57755.0,57755.0,False,False,,,,,,,4,0,5,Llenando ventana
465,7,GA,poblacional,57755.0,57755.0,False,False,,,,,,,5,0,6,Llenando ventana
466,7,GA,poblacional,57755.0,57755.0,False,False,,,,,,,6,0,7,Llenando ventana
467,7,GA,poblacional,57755.0,57755.0,False,False,,,,,,,7,0,8,Llenando ventana
468,7,GA,poblacional,57755.0,57755.0,False,False,,,,,,,8,0,9,Llenando ventana
469,7,GA,poblacional,57755.0,57755.0,False,False,,,,,,,9,0,10,Llenando ventana
470,7,GA,poblacional,57755.0,57755.0,False,False,,,,,,,10,0,11,Llenando ventana
471,7,GA,poblacional,57755.0,57755.0,False,False,,,,,,,11,0,12,Llenando ventana
472,7,GA,poblacional,57755.0,57755.0,False,False,,,,,,,12,0,13,Llenando ventana
473,7,GA,poblacional,57755.0,57755.0,False,False,,,,,,,13,0,14,Llenando ventana
474,7,GA,poblacional,57755.0,57755.0,False,False,,,,,,,14,0,15,Llenando ventana
475,7,GA,poblacional,57755.0,57755.0,False,False,,,,,,,15,0,16,Llenando ventana
476,7,GA,poblacional,57755.0,57755.0,False,False,,,,,,,16,0,17,Llenando ventana
477,7,GA,poblacional,57755.0,57755.0,False,False,,,,,,,17,0,18,Llenando ventana
478,7,GA,poblacional,57755.0,57755.0,False,False,,,,,,,18,0,19,Llenando ventana
479,7,GA,poblacional,57755.0,57755.0,False,False,,,,,,,19,0,20,Llenando ventana
480,7,GA,poblacional,57755.0,57755.0,False,False,,,,,,,20,0,21,Llenando ventana
481,7,GA,poblacional,57755.0,57755.0,False,False,,,,,,,21,0,22,Llenando ventana
482,7,GA,poblacional,57755.0,57755.0,False,False,,,,,,,22,0,23,Llenando ventana
483,7,GA,poblacional,57755.0,57755.0,False,False,,,,,,,23,0,24,Llenando ventana
484,7,GA,poblacional,57755.0,57755.0,False,False,,,,,,,24,0,25,Llenando ventana
485,7,GA,poblacional,57755.0,57755.0,False,False,,,,,,,25,0,26,Llenando ventana
486,7,GA,poblacional,57755.0,57755.0,False,False,,,,,,,26,0,27,Llenando ventana
487,7,GA,poblacional,57755.0,57755.0,False,False,,,,,,,27,0,28,Llenando ventana
488,7,GA,poblacional,57755.0,57755.0,False,False,,,,,,,28,0,29,Llenando ventana
489,7,GA,poblacional,57755.0,57755.0,False,False,,,,,,,29,0,30,Llenando ventana
490,7,GA,poblacional,57755.0,57755.0,False,False,,,,,,,30,0,31,Llenando ventana
491,7,GA,poblacional,57755.0,57755.0,False,False,,,,,,,31,0,32,Llenando ventana
492,7,GA,poblacional,57755.0,57755.0,False,False,,,,,,,32,0,33,Llenando ventana
493,7,GA,poblacional,57755.0,57755.0,False,False,,,,,,,33,0,34,Llenando ventana
494,7,GA,poblacional,57755.0,57755.0,False,False,,,,,,,34,0,35,Llenando ventana
495,7,GA,poblacional,57755.0,57755.0,False,False,,,,,,,35,0,36,Llenando ventana
496,7,GA,poblacional,57755.0,57755.0,False,False,,,,,,,36,0,37,Llenando ventana
497,7,GA,poblacional,57755.0,57755.0,False,False,,,,,,,37,0,38,Llenando ventana
498,7,GA,poblacional,57755.0,57755.0,False,False,,,,,,,38,0,39,Llenando ventana
499,7,GA,poblacional,57755.0,57755.0,True,False,3.900000000001455,0.0,3.900000000001455,4.0,20.0,12.0,39,0,40,Explotacion activa
500,7,GA,poblacional,57755.0,57755.0,True,False,3.900000000001455,0.0,3.900000000001455,4.0,20.0,12.0,40,0,41,Explotacion activa
501,7,GA,poblacional,57755.0,57755.0,True,False,3.900000000001455,0.0,3.900000000001455,4.0,20.0,12.0,41,0,42,Explotacion activa
502,7,GA,poblacional,57755.0,57755.0,True,False,3.900000000001455,0.0,3.900000000001455,4.0,20.0,12.0,42,0,43,Explotacion activa
503,7,GA,poblacional,57755.0,57755.0,True,False,3.900000000001455,0.0,3.900000000001455,4.0,20.0,12.0,43,0,44,Explotacion activa
504,7,GA,poblacional,57755.0,57755.0,True,False,3.900000000001455,0.0,3.900000000001455,4.0,20.0,12.0,44,0,45,Explotacion activa
505,7,GA,poblacional,57755.0,57755.0,True,False,3.900000000001455,0.0,3.900000000001455,4.0,20.0,12.0,45,0,46,Explotacion activa
506,7,GA,poblacional,57755.0,57755.0,True,False,3.900000000001455,0.0,3.900000000001455,4.0,20.0,12.0,46,0,47,Explotacion activa
507,7,GA,poblacional,57755.0,57755.0,True,False,3.900000000001455,0.0,3.900000000001455,4.0,20.0,12.0,47,0,48,Explotacion activa
508,7,GA,poblacional,57755.0,57755.0,True,False,3.900000000001455,0.0,3.900000000001455,0.0,3.900000000001455,3.900000000001455,48,1,49,Explotacion activa
509,7,GA,poblacional,57755.0,57755.0,True,False,3.900000000001455,0.0,3.900000000001455,0.0,3.900000000001455,3.900000000001455,49,2,50,Explotacion activa
510,7,GA,poblacional,57755.0,57755.0,True,False,3.900000000001455,0.0,3.900000000001455,0.0,3.900000000001455,3.900000000001455,50,3,51,Explotacion activa
511,7,GA,poblacional,57755.0,57755.0,True,False,3.900000000001455,0.0,3.900000000001455,0.0,3.900000000001455,3.900000000001455,51,4,52,Explotacion activa
512,7,GA,poblacional,57755.0,57755.0,True,False,3.900000000001455,0.0,3.900000000001455,0.0,3.900000000001455,3.900000000001455,52,5,53,Explotacion activa
513,7,GA,poblacional,57755.0,57755.0,True,False,3.900000000001455,0.0,3.900000000001455,0.0,3.900000000001455,3.900000000001455,53,6,54,Explotacion activa
514,7,GA,poblacional,57755.0,57755.0,True,False,3.900000000001455,0.0,3.900000000001455,0.0,3.900000000001455,3.900000000001455,54,7,55,Explotacion activa
515,7,GA,poblacional,57755.0,57755.0,True,False,3.900000000001455,0.0,3.900000000001455,0.0,3.900000000001455,3.900000000001455,55,8,56,Explotacion activa
516,7,GA,poblacional,57755.0,57755.0,True,False,3.900000000001455,0.0,3.900000000001455,0.0,3.900000000001455,3.900000000001455,56,9,57,Explotacion activa
517,7,GA,poblacional,57755.0,57755.0,True,False,3.900000000001455,0.0,3.900000000001455,0.0,3.900000000001455,3.900000000001455,57,10,58,Explotacion activa
518,7,GA,poblacional,57755.0,57755.0,True,False,3.900000000001455,0.0,3.900000000001455,0.0,3.900000000001455,3.900000000001455,58,11,59,Explotacion activa
519,7,GA,poblacional,57755.0,57755.0,True,False,3.900000000001455,0.0,3.900000000001455,0.0,3.900000000001455,3.900000000001455,59,12,60,Explotacion activa
520,7,GA,poblacional,57755.0,57755.0,True,False,3.900000000001455,0.0,3.900000000001455,0.0,3.900000000001455,3.900000000001455,60,13,61,Explotacion activa
521,7,GA,poblacional,57755.0,57755.0,True,True,3.900000000001455,0.0,3.900000000001455,0.0,3.900000000001455,3.900000000001455,61,14,62,ESTANCAMIENTO (Fire)
522,8,ILS,trayectoria,57755.0,57755.0,False,False,,,,,,,0,0,1,Llenando ventana
523,8,ILS,trayectoria,57755.0,57755.0,False,False,,,,,,,1,0,2,Llenando ventana
524,8,ILS,trayectoria,57755.0,57755.0,False,False,,,,,,,2,0,3,Llenando ventana
525,8,ILS,trayectoria,57755.0,57755.0,False,False,,,,,,,3,0,4,Llenando ventana
526,8,ILS,trayectoria,57785.0,57785.0,False,False,,,,,,,0,0,5,Llenando ventana
527,8,ILS,trayectoria,57785.0,57785.0,False,False,,,,,,,1,0,6,Llenando ventana
528,8,ILS,trayectoria,57785.0,57785.0,False,False,,,,,,,2,0,7,Llenando ventana
529,8,ILS,trayectoria,57785.0,57785.0,False,False,,,,,,,3,0,8,Llenando ventana
530,8,ILS,trayectoria,57785.0,57785.0,False,False,,,,,,,4,0,9,Llenando ventana
531,8,ILS,trayectoria,57785.0,57785.0,False,False,,,,,,,5,0,10,Llenando ventana
532,8,ILS,trayectoria,57785.0,57785.0,False,False,,,,,,,6,0,11,Llenando ventana
533,8,ILS,trayectoria,57785.0,57785.0,False,False,,,,,,,7,0,12,Llenando ventana
534,8,ILS,trayectoria,57785.0,57785.0,False,False,,,,,,,8,0,13,Llenando ventana
535,8,ILS,trayectoria,57785.0,57785.0,False,False,,,,,,,9,0,14,Llenando ventana
536,8,ILS,trayectoria,57785.0,57785.0,False,False,,,,,,,10,0,15,Llenando ventana
537,8,ILS,trayectoria,57785.0,57785.0,False,False,,,,,,,11,0,16,Llenando ventana
538,8,ILS,trayectoria,57785.0,57785.0,False,False,,,,,,,12,0,17,Llenando ventana
539,8,ILS,trayectoria,57785.0,57785.0,False,False,,,,,,,13,0,18,Llenando ventana
540,8,ILS,trayectoria,57785.0,57785.0,False,False,,,,,,,14,0,19,Llenando ventana
541,8,ILS,trayectoria,57785.0,57785.0,False,False,,,,,,,15,0,20,Llenando ventana
542,8,ILS,trayectoria,57785.0,57785.0,False,False,,,,,,,16,0,21,Llenando ventana
543,8,ILS,trayectoria,57785.0,57785.0,False,False,,,,,,,17,0,22,Llenando ventana
544,8,ILS,trayectoria,57785.0,57785.0,False,False,,,,,,,18,0,23,Llenando ventana
545,8,ILS,trayectoria,57785.0,57785.0,False,False,,,,,,,19,0,24,Llenando ventana
546,8,ILS,trayectoria,57785.0,57785.0,False,False,,,,,,,20,0,25,Llenando ventana
547,8,ILS,trayectoria,57785.0,57785.0,False,False,,,,,,,21,0,26,Llenando ventana
548,8,ILS,trayectoria,57785.0,57785.0,False,False,,,,,,,22,0,27,Llenando ventana
549,8,ILS,trayectoria,57785.0,57785.0,False,False,,,,,,,23,0,28,Llenando ventana
550,8,ILS,trayectoria,57785.0,57785.0,False,False,,,,,,,24,0,29,Llenando ventana
551,8,ILS,trayectoria,57785.0,57785.0,False,False,,,,,,,25,0,30,Llenando ventana
552,8,ILS,trayectoria,57785.0,57785.0,False,False,,,,,,,26,0,31,Llenando ventana
553,8,ILS,trayectoria,57785.0,57785.0,False,False,,,,,,,27,0,32,Llenando ventana
554,8,ILS,trayectoria,57785.0,57785.0,False,False,,,,,,,28,0,33,Llenando ventana
555,8,ILS,trayectoria,57785.0,57785.0,False,False,,,,,,,29,0,34,Llenando ventana
556,8,ILS,trayectoria,57785.0,57785.0,False,False,,,,,,,30,0,35,Llenando ventana
557,8,ILS,trayectoria,57785.0,57785.0,False,False,,,,,,,31,0,36,Llenando ventana
558,8,ILS,trayectoria,57785.0,57785.0,False,False,,,,,,,32,0,37,Llenando ventana
559,8,ILS,trayectoria,57785.0,57785.0,False,False,,,,,,,33,0,38,Llenando ventana
560,8,ILS,trayectoria,57785.0,57785.0,False,False,,,,,,,34,0,39,Llenando ventana
561,8,ILS,trayectoria,57785.0,57785.0,True,False,33.699999999989814,30.0,3.6999999999898137,4.0,20.0,12.0,35,0,40,Explotacion activa
562,8,ILS,trayectoria,57785.0,57785.0,True,False,33.699999999989814,30.0,3.6999999999898137,4.0,20.0,12.0,36,0,41,Explotacion activa
563,8,ILS,trayectoria,57785.0,57785.0,True,False,33.700000000004366,30.0,3.7000000000043656,4.0,20.0,12.0,37,0,42,Explotacion activa
564,8,ILS,trayectoria,57785.0,57785.0,True,False,33.700000000004366,30.0,3.7000000000043656,4.0,20.0,12.0,38,0,43,Explotacion activa
565,8,ILS,trayectoria,57785.0,57785.0,True,False,3.900000000001455,0.0,3.900000000001455,4.0,20.0,12.0,39,0,44,Explotacion activa
566,8,ILS,trayectoria,57785.0,57785.0,True,False,3.900000000001455,0.0,3.900000000001455,4.0,20.0,12.0,40,0,45,Explotacion activa
567,8,ILS,trayectoria,57785.0,57785.0,True,False,3.900000000001455,0.0,3.900000000001455,4.0,20.0,12.0,41,0,46,Explotacion activa
568,8,ILS,trayectoria,57785.0,57785.0,True,False,3.900000000001455,0.0,3.900000000001455,4.0,20.0,12.0,42,0,47,Explotacion activa
569,8,ILS,trayectoria,57823.0,57823.0,True,False,41.700000000004366,38.0,3.7000000000043656,4.0,20.0,12.0,0,0,48,Explotacion activa
570,8,ILS,trayectoria,57823.0,57823.0,True,False,41.699999999989814,38.0,3.6999999999898137,0.0,33.700000000004366,3.900000000001455,1,0,49,Explotacion activa
571,8,ILS,trayectoria,57823.0,57823.0,True,False,41.699999999989814,38.0,3.6999999999898137,0.0,33.700000000004366,3.900000000001455,2,0,50,Explotacion activa
572,8,ILS,trayectoria,57823.0,57823.0,True,False,41.699999999989814,38.0,3.6999999999898137,8.999999999999995,39.29999999999417,3.840000000002328,3,0,51,Explotacion activa
573,8,ILS,trayectoria,57823.0,57823.0,True,False,41.699999999989814,38.0,3.6999999999898137,17.99999999999999,41.699999999989814,3.7800000000032012,4,0,52,Explotacion activa
574,8,ILS,trayectoria,57823.0,57823.0,True,False,41.699999999989814,38.0,3.6999999999898137,26.999999999999996,41.699999999989814,3.7200000000040743,5,0,53,Explotacion activa
575,8,ILS,trayectoria,57823.0,57823.0,True,False,41.699999999989814,38.0,3.6999999999898137,30.0,41.699999999989814,3.7000000000043656,6,0,54,Explotacion activa
576,8,ILS,trayectoria,57823.0,57823.0,True,False,41.699999999989814,38.0,3.6999999999898137,30.0,41.699999999989814,3.7000000000043656,7,0,55,Explotacion activa
577,8,ILS,trayectoria,57823.0,57823.0,True,False,41.699999999989814,38.0,3.6999999999898137,30.0,41.699999999989814,3.7000000000043656,8,0,56,Explotacion activa
578,8,ILS,trayectoria,57823.0,57823.0,True,False,41.699999999989814,38.0,3.6999999999898137,30.0,41.699999999989814,3.7000000000043656,9,0,57,Explotacion activa
579,8,ILS,trayectoria,57823.0,57823.0,True,False,41.699999999989814,38.0,3.6999999999898137,30.0,41.699999999989814,3.7000000000043656,10,0,58,Explotacion activa
580,8,ILS,trayectoria,57823.0,57823.0,True,False,41.699999999989814,38.0,3.6999999999898137,30.0,41.699999999989814,3.7000000000043656,11,0,59,Explotacion activa
581,8,ILS,trayectoria,57823.0,57823.0,True,False,41.699999999989814,38.0,3.6999999999898137,30.0,41.699999999989814,3.7000000000043656,12,0,60,Explotacion activa
582,8,ILS,trayectoria,57823.0,57823.0,True,False,41.699999999989814,38.0,3.6999999999898137,30.0,41.699999999989814,3.7,13,0,61,Explotacion activa
583,8,ILS,trayectoria,57823.0,57823.0,True,False,41.699999999989814,38.0,3.6999999999898137,30.0,41.699999999989814,3.6999999999956343,14,0,62,Explotacion activa
584,8,ILS,trayectoria,57823.0,57823.0,True,False,41.699999999989814,38.0,3.6999999999898137,30.0,41.699999999989814,3.699999999991269,15,0,63,Explotacion activa
585,8,ILS,trayectoria,57823.0,57823.0,True,False,41.699999999989814,38.0,3.6999999999898137,31.599999999999994,41.699999999989814,3.6999999999898137,16,0,64,Explotacion activa
586,8,ILS,trayectoria,57823.0,57823.0,True,False,41.699999999989814,38.0,3.6999999999898137,34.0,41.699999999989814,3.6999999999898137,17,0,65,Explotacion activa
587,8,ILS,trayectoria,57823.0,57823.0,True,False,41.699999999989814,38.0,3.6999999999898137,36.4,41.699999999989814,3.6999999999898137,18,0,66,Explotacion activa
588,8,ILS,trayectoria,57823.0,57823.0,True,False,41.699999999989814,38.0,3.6999999999898137,38.0,41.699999999989814,3.6999999999898137,19,1,67,Explotacion activa
589,8,ILS,trayectoria,57823.0,57823.0,True,False,41.699999999989814,38.0,3.6999999999898137,38.0,41.699999999989814,3.6999999999898137,20,2,68,Explotacion activa
590,8,ILS,trayectoria,57823.0,57823.0,True,False,41.699999999989814,38.0,3.6999999999898137,38.0,41.699999999989814,3.6999999999898137,21,3,69,Explotacion activa
591,8,ILS,trayectoria,57823.0,57823.0,True,False,41.699999999989814,38.0,3.6999999999898137,38.0,41.699999999989814,3.6999999999898137,22,4,70,Explotacion activa
592,8,ILS,trayectoria,57823.0,57823.0,True,False,41.699999999989814,38.0,3.6999999999898137,38.0,41.699999999989814,3.6999999999898137,23,5,71,Explotacion activa
593,8,ILS,trayectoria,57823.0,57823.0,True,False,41.699999999989814,38.0,3.6999999999898137,38.0,41.699999999989814,3.6999999999898137,24,6,72,Explotacion activa
594,8,ILS,trayectoria,57823.0,57823.0,True,False,41.699999999989814,38.0,3.6999999999898137,38.0,41.699999999989814,3.6999999999898137,25,7,73,Explotacion activa
595,8,ILS,trayectoria,57823.0,57823.0,True,False,41.699999999989814,38.0,3.6999999999898137,38.0,41.699999999989814,3.6999999999898137,26,8,74,Explotacion activa
596,8,ILS,trayectoria,57823.0,57823.0,True,False,41.699999999989814,38.0,3.6999999999898137,38.0,41.699999999989814,3.6999999999898137,27,9,75,Explotacion activa
597,8,ILS,trayectoria,57823.0,57823.0,True,False,41.699999999989814,38.0,3.6999999999898137,38.0,41.699999999989814,3.6999999999898137,28,10,76,Explotacion activa
598,8,ILS,trayectoria,57823.0,57823.0,True,False,41.699999999989814,38.0,3.6999999999898137,38.0,41.699999999989814,3.6999999999898137,29,11,77,Explotacion activa
599,8,ILS,trayectoria,57823.0,57823.0,True,False,41.699999999989814,38.0,3.6999999999898137,38.0,41.699999999989814,3.6999999999898137,30,12,78,Explotacion activa
600,8,ILS,trayectoria,57823.0,57823.0,True,False,41.699999999989814,38.0,3.6999999999898137,38.0,41.699999999989814,3.6999999999898137,31,13,79,Explotacion activa
601,8,ILS,trayectoria,57823.0,57823.0,True,True,41.699999999989814,38.0,3.6999999999898137,38.0,41.699999999989814,3.6999999999898137,32,14,80,ESTANCAMIENTO (Fire)
602,9,ACO,poblacional,57823.0,50811.0,False,False,,,,,,,0,0,1,Llenando ventana
603,9,ACO,poblacional,57823.0,51691.0,False,False,,,,,,,1,0,2,Llenando ventana
604,9,ACO,poblacional,57823.0,52111.0,False,False,,,,,,,2,0,3,Llenando ventana
605,9,ACO,poblacional,57823.0,51204.0,False,False,,,,,,,3,0,4,Llenando ventana
606,9,ACO,poblacional,57823.0,51780.0,False,False,,,,,,,4,0,5,Llenando ventana
607,9,ACO,poblacional,57823.0,52412.0,False,False,,,,,,,5,0,6,Llenando ventana
608,9,ACO,poblacional,57823.0,52228.0,False,False,,,,,,,6,0,7,Llenando ventana
609,9,ACO,poblacional,57823.0,52187.0,False,False,,,,,,,7,0,8,Llenando ventana
610,9,ACO,poblacional,57823.0,53161.0,False,False,,,,,,,8,0,9,Llenando ventana
611,9,ACO,poblacional,57823.0,53531.0,False,False,,,,,,,9,0,10,Llenando ventana
612,9,ACO,poblacional,57823.0,53234.0,False,False,,,,,,,10,0,11,Llenando ventana
613,9,ACO,poblacional,57823.0,53741.0,False,False,,,,,,,11,0,12,Llenando ventana
614,9,ACO,poblacional,57823.0,53630.0,False,False,,,,,,,12,0,13,Llenando ventana
615,9,ACO,poblacional,57823.0,54198.0,False,False,,,,,,,13,0,14,Llenando ventana
616,9,ACO,poblacional,57823.0,54918.0,False,False,,,,,,,14,0,15,Llenando ventana
617,9,ACO,poblacional,57823.0,55796.0,False,False,,,,,,,15,0,16,Llenando ventana
618,9,ACO,poblacional,57823.0,55896.0,False,False,,,,,,,16,0,17,Llenando ventana
619,9,ACO,poblacional,57823.0,54612.0,False,False,,,,,,,17,0,18,Llenando ventana
620,9,ACO,poblacional,57823.0,55362.0,False,False,,,,,,,18,0,19,Llenando ventana
621,9,ACO,poblacional,57823.0,55224.0,False,False,,,,,,,19,0,20,Llenando ventana
622,9,ACO,poblacional,57823.0,55776.0,False,False,,,,,,,20,0,21,Llenando ventana
623,9,ACO,poblacional,57823.0,55800.0,False,False,,,,,,,21,0,22,Llenando ventana
624,9,ACO,poblacional,57823.0,55983.0,False,False,,,,,,,22,0,23,Llenando ventana
625,9,ACO,poblacional,57823.0,55207.0,False,False,,,,,,,23,0,24,Llenando ventana
626,9,ACO,poblacional,57823.0,55833.0,False,False,,,,,,,24,0,25,Llenando ventana
627,9,ACO,poblacional,57823.0,55818.0,False,False,,,,,,,25,0,26,Llenando ventana
628,9,ACO,poblacional,57823.0,56417.0,False,False,,,,,,,26,0,27,Llenando ventana
629,9,ACO,poblacional,57823.0,56196.0,False,False,,,,,,,27,0,28,Llenando ventana
630,9,ACO,poblacional,57823.0,55667.0,False,False,,,,,,,28,0,29,Llenando ventana
631,9,ACO,poblacional,57823.0,56099.0,False,False,,,,,,,29,0,30,Llenando ventana
632,9,ACO,poblacional,57823.0,56207.0,False,False,,,,,,,30,0,31,Llenando ventana
633,9,ACO,poblacional,57823.0,56027.0,False,False,,,,,,,31,0,32,Llenando ventana
634,9,ACO,poblacional,57823.0,55450.0,False,False,,,,,,,32,0,33,Llenando ventana
635,9,ACO,poblacional,57823.0,55962.0,False,False,,,,,,,33,0,34,Llenando ventana
636,9,ACO,poblacional,57823.0,56168.0,False,False,,,,,,,34,0,35,Llenando ventana
637,9,ACO,poblacional,57823.0,55807.0,False,False,,,,,,,35,0,36,Llenando ventana
638,9,ACO,poblacional,57823.0,55777.0,False,False,,,,,,,36,0,37,Llenando ventana
639,9,ACO,poblacional,57823.0,56168.0,False,False,,,,,,,37,0,38,Llenando ventana
640,9,ACO,poblacional,57823.0,56124.0,False,False,,,,,,,38,0,39,Llenando ventana
641,9,ACO,poblacional,57823.0,55987.0,True,False,3.900000000001455,0.0,3.900000000001455,4.0,20.0,12.0,39,0,40,Explotacion activa
642,9,ACO,poblacional,57823.0,55378.0,True,False,3.900000000001455,0.0,3.900000000001455,4.0,20.0,12.0,40,0,41,Explotacion activa
643,9,ACO,poblacional,57823.0,56000.0,True,False,3.900000000001455,0.0,3.900000000001455,4.0,20.0,12.0,41,0,42,Explotacion activa
644,9,ACO,poblacional,57823.0,56000.0,True,False,3.900000000001455,0.0,3.900000000001455,4.0,20.0,12.0,42,0,43,Explotacion activa
645,9,ACO,poblacional,57823.0,55601.0,True,False,3.900000000001455,0.0,3.900000000001455,4.0,20.0,12.0,43,0,44,Explotacion activa
646,9,ACO,poblacional,57823.0,56235.0,True,False,3.900000000001455,0.0,3.900000000001455,4.0,20.0,12.0,44,0,45,Explotacion activa
647,9,ACO,poblacional,57823.0,55734.0,True,False,3.900000000001455,0.0,3.900000000001455,4.0,20.0,12.0,45,0,46,Explotacion activa
648,9,ACO,poblacional,57823.0,55501.0,True,False,3.900000000001455,0.0,3.900000000001455,4.0,20.0,12.0,46,0,47,Explotacion activa
649,9,ACO,poblacional,57823.0,55704.0,True,False,3.900000000001455,0.0,3.900000000001455,4.0,20.0,12.0,47,0,48,Explotacion activa
650,9,ACO,poblacional,57823.0,55116.0,True,False,3.900000000001455,0.0,3.900000000001455,0.0,3.900000000001455,3.900000000001455,48,1,49,Explotacion activa
651,9,ACO,poblacional,57823.0,55245.0,True,False,3.900000000001455,0.0,3.900000000001455,0.0,3.900000000001455,3.900000000001455,49,2,50,Explotacion activa
652,9,ACO,poblacional,57823.0,55566.0,True,False,3.900000000001455,0.0,3.900000000001455,0.0,3.900000000001455,3.900000000001455,50,3,51,Explotacion activa
653,9,ACO,poblacional,57823.0,56378.0,True,False,3.900000000001455,0.0,3.900000000001455,0.0,3.900000000001455,3.900000000001455,51,4,52,Explotacion activa
654,9,ACO,poblacional,57823.0,55590.0,True,False,3.900000000001455,0.0,3.900000000001455,0.0,3.900000000001455,3.900000000001455,52,5,53,Explotacion activa
655,9,ACO,poblacional,57823.0,55367.0,True,False,3.900000000001455,0.0,3.900000000001455,0.0,3.900000000001455,3.900000000001455,53,6,54,Explotacion activa
656,9,ACO,poblacional,57823.0,56100.0,True,False,3.900000000001455,0.0,3.900000000001455,0.0,3.900000000001455,3.900000000001455,54,7,55,Explotacion activa
657,9,ACO,poblacional,57823.0,55673.0,True,True,3.900000000001455,0.0,3.900000000001455,0.0,3.900000000001455,3.900000000001455,55,8,56,ESTANCAMIENTO (Fire)
658,10,ILS,trayectoria,57823.0,57823.0,False,False,,,,,,,0,0,1,Llenando ventana
659,10,ILS,trayectoria,57823.0,57823.0,False,False,,,,,,,1,0,2,Llenando ventana
660,10,ILS,trayectoria,57823.0,57823.0,False,False,,,,,,,2,0,3,Llenando ventana
661,10,ILS,trayectoria,57823.0,57823.0,False,False,,,,,,,3,0,4,Llenando ventana
662,10,ILS,trayectoria,57823.0,57823.0,False,False,,,,,,,4,0,5,Llenando ventana
663,10,ILS,trayectoria,57823.0,57823.0,False,False,,,,,,,5,0,6,Llenando ventana
664,10,ILS,trayectoria,57823.0,57823.0,False,False,,,,,,,6,0,7,Llenando ventana
665,10,ILS,trayectoria,57823.0,57823.0,False,False,,,,,,,7,0,8,Llenando ventana
666,10,ILS,trayectoria,57823.0,57823.0,False,False,,,,,,,8,0,9,Llenando ventana
667,10,ILS,trayectoria,57823.0,57823.0,False,False,,,,,,,9,0,10,Llenando ventana
668,10,ILS,trayectoria,57823.0,57823.0,False,False,,,,,,,10,0,11,Llenando ventana
669,10,ILS,trayectoria,57823.0,57823.0,False,False,,,,,,,11,0,12,Llenando ventana
670,10,ILS,trayectoria,58015.0,58015.0,False,False,,,,,,,0,0,13,Llenando ventana
671,10,ILS,trayectoria,58015.0,58015.0,False,False,,,,,,,1,0,14,Llenando ventana
672,10,ILS,trayectoria,58015.0,58015.0,False,False,,,,,,,2,0,15,Llenando ventana
673,10,ILS,trayectoria,58015.0,58015.0,False,False,,,,,,,3,0,16,Llenando ventana
674,10,ILS,trayectoria,58015.0,58015.0,False,False,,,,,,,4,0,17,Llenando ventana
675,10,ILS,trayectoria,58015.0,58015.0,False,False,,,,,,,5,0,18,Llenando ventana
676,10,ILS,trayectoria,58015.0,58015.0,False,False,,,,,,,6,0,19,Llenando ventana
677,10,ILS,trayectoria,58015.0,58015.0,False,False,,,,,,,7,0,20,Llenando ventana
678,10,ILS,trayectoria,58015.0,58015.0,False,False,,,,,,,8,0,21,Llenando ventana
679,10,ILS,trayectoria,58015.0,58015.0,False,False,,,,,,,9,0,22,Llenando ventana
680,10,ILS,trayectoria,58015.0,58015.0,False,False,,,,,,,10,0,23,Llenando ventana
681,10,ILS,trayectoria,58015.0,58015.0,False,False,,,,,,,11,0,24,Llenando ventana
682,10,ILS,trayectoria,58015.0,58015.0,False,False,,,,,,,12,0,25,Llenando ventana
683,10,ILS,trayectoria,58015.0,58015.0,False,False,,,,,,,13,0,26,Llenando ventana
684,10,ILS,trayectoria,58015.0,58015.0,False,False,,,,,,,14,0,27,Llenando ventana
685,10,ILS,trayectoria,58015.0,58015.0,False,False,,,,,,,15,0,28,Llenando ventana
686,10,ILS,trayectoria,58015.0,58015.0,False,False,,,,,,,16,0,29,Llenando ventana
687,10,ILS,trayectoria,58015.0,58015.0,False,False,,,,,,,17,0,30,Llenando ventana
688,10,ILS,trayectoria,58015.0,58015.0,False,False,,,,,,,18,0,31,Llenando ventana
689,10,ILS,trayectoria,58015.0,58015.0,False,False,,,,,,,19,0,32,Llenando ventana
690,10,ILS,trayectoria,58015.0,58015.0,False,False,,,,,,,20,0,33,Llenando ventana
691,10,ILS,trayectoria,58015.0,58015.0,False,False,,,,,,,21,0,34,Llenando ventana
692,10,ILS,trayectoria,58015.0,58015.0,False,False,,,,,,,22,0,35,Llenando ventana
693,10,ILS,trayectoria,58015.0,58015.0,False,False,,,,,,,23,0,36,Llenando ventana
694,10,ILS,trayectoria,58015.0,58015.0,False,False,,,,,,,24,0,37,Llenando ventana
695,10,ILS,trayectoria,58015.0,58015.0,False,False,,,,,,,25,0,38,Llenando ventana
696,10,ILS,trayectoria,58015.0,58015.0,False,False,,,,,,,26,0,39,Llenando ventana
697,10,ILS,trayectoria,58015.0,58015.0,True,False,195.6999999999898,192.0,3.6999999999898137,4.0,20.0,12.0,27,0,40,Explotacion activa
698,10,ILS,trayectoria,58015.0,58015.0,True,False,195.6999999999898,192.0,3.6999999999898137,4.0,20.0,12.0,28,0,41,Explotacion activa
699,10,ILS,trayectoria,58015.0,58015.0,True,False,195.6999999999898,192.0,3.6999999999898137,4.0,20.0,12.0,29,0,42,Explotacion activa
700,10,ILS,trayectoria,58015.0,58015.0,True,False,195.6999999999898,192.0,3.6999999999898137,4.0,20.0,12.0,30,0,43,Explotacion activa
701,10,ILS,trayectoria,58015.0,58015.0,True,False,195.6999999999898,192.0,3.6999999999898137,4.0,20.0,12.0,31,0,44,Explotacion activa
702,10,ILS,trayectoria,58015.0,58015.0,True,False,195.6999999999898,192.0,3.6999999999898137,4.0,20.0,12.0,32,0,45,Explotacion activa
703,10,ILS,trayectoria,58015.0,58015.0,True,False,195.6999999999898,192.0,3.6999999999898137,4.0,20.0,12.0,33,0,46,Explotacion activa
704,10,ILS,trayectoria,58015.0,58015.0,True,False,195.6999999999898,192.0,3.6999999999898137,4.0,20.0,12.0,34,0,47,Explotacion activa
705,10,ILS,trayectoria,58015.0,58015.0,True,False,195.6999999999898,192.0,3.6999999999898137,4.0,20.0,12.0,35,0,48,Explotacion activa
706,10,ILS,trayectoria,58015.0,58015.0,True,False,195.6999999999898,192.0,3.6999999999898137,192.0,195.6999999999898,3.6999999999898137,36,1,49,Explotacion activa
707,10,ILS,trayectoria,58015.0,58015.0,True,False,195.70000000000437,192.0,3.7000000000043656,192.0,195.6999999999898,3.6999999999898137,37,2,50,Explotacion activa
708,10,ILS,trayectoria,58015.0,58015.0,True,False,195.70000000000437,192.0,3.7000000000043656,192.0,195.6999999999898,3.6999999999898137,38,3,51,Explotacion activa
709,10,ILS,trayectoria,58015.0,58015.0,True,False,3.900000000001455,0.0,3.900000000001455,192.0,195.6999999999898,3.6999999999898137,39,4,52,Explotacion activa
710,10,ILS,trayectoria,58015.0,58015.0,True,False,3.900000000001455,0.0,3.900000000001455,192.0,195.6999999999898,3.699999999991269,40,5,53,Explotacion activa
711,10,ILS,trayectoria,58015.0,58015.0,True,False,3.900000000001455,0.0,3.900000000001455,192.0,195.6999999999898,3.700000000001455,41,6,54,Explotacion activa
712,10,ILS,trayectoria,58015.0,58015.0,True,False,3.900000000001455,0.0,3.900000000001455,192.0,195.6999999999898,3.7000000000043656,42,7,55,Explotacion activa
713,10,ILS,trayectoria,58015.0,58015.0,True,False,3.900000000001455,0.0,3.900000000001455,153.59999999999997,195.6999999999898,3.7400000000037834,43,8,56,Explotacion activa
714,10,ILS,trayectoria,58015.0,58015.0,True,False,3.900000000001455,0.0,3.900000000001455,19.199999999999932,195.6999999999898,3.880000000001746,44,9,57,Explotacion activa
715,10,ILS,trayectoria,58015.0,58015.0,True,False,3.900000000001455,0.0,3.900000000001455,0.0,195.6999999999898,3.900000000001455,45,10,58,Explotacion activa
716,10,ILS,trayectoria,58015.0,58015.0,True,False,3.900000000001455,0.0,3.900000000001455,0.0,195.6999999999898,3.900000000001455,46,11,59,Explotacion activa
717,10,ILS,trayectoria,58015.0,58015.0,True,False,3.900000000001455,0.0,3.900000000001455,0.0,195.6999999999898,3.900000000001455,47,12,60,Explotacion activa
718,10,ILS,trayectoria,58015.0,58015.0,True,False,3.900000000001455,0.0,3.900000000001455,0.0,195.6999999999898,3.900000000001455,48,13,61,Explotacion activa
719,10,ILS,trayectoria,58015.0,58015.0,True,True,3.900000000001455,0.0,3.900000000001455,0.0,195.6999999999898,3.900000000001455,49,14,62,ESTANCAMIENTO (Fire)
720,11,ACO,poblacional,58015.0,52044.0,False,False,,,,,,,0,0,1,Llenando ventana
721,11,ACO,poblacional,58015.0,51328.0,False,False,,,,,,,1,0,2,Llenando ventana
722,11,ACO,poblacional,58015.0,51034.0,False,False,,,,,,,2,0,3,Llenando ventana
723,11,ACO,poblacional,58015.0,51630.0,False,False,,,,,,,3,0,4,Llenando ventana
724,11,ACO,poblacional,58015.0,52885.0,False,False,,,,,,,4,0,5,Llenando ventana
725,11,ACO,poblacional,58015.0,53162.0,False,False,,,,,,,5,0,6,Llenando ventana
726,11,ACO,poblacional,58015.0,52557.0,False,False,,,,,,,6,0,7,Llenando ventana
727,11,ACO,poblacional,58015.0,52878.0,False,False,,,,,,,7,0,8,Llenando ventana
728,11,ACO,poblacional,58015.0,52774.0,False,False,,,,,,,8,0,9,Llenando ventana
729,11,ACO,poblacional,58015.0,53587.0,False,False,,,,,,,9,0,10,Llenando ventana
730,11,ACO,poblacional,58015.0,54094.0,False,False,,,,,,,10,0,11,Llenando ventana
731,11,ACO,poblacional,58015.0,53595.0,False,False,,,,,,,11,0,12,Llenando ventana
732,11,ACO,poblacional,58015.0,54385.0,False,False,,,,,,,12,0,13,Llenando ventana
733,11,ACO,poblacional,58015.0,53931.0,False,False,,,,,,,13,0,14,Llenando ventana
734,11,ACO,poblacional,58015.0,54035.0,False,False,,,,,,,14,0,15,Llenando ventana
735,11,ACO,poblacional,58015.0,54763.0,False,False,,,,,,,15,0,16,Llenando ventana
736,11,ACO,poblacional,58015.0,54587.0,False,False,,,,,,,16,0,17,Llenando ventana
737,11,ACO,poblacional,58015.0,55499.0,False,False,,,,,,,17,0,18,Llenando ventana
738,11,ACO,poblacional,58015.0,55124.0,False,False,,,,,,,18,0,19,Llenando ventana
739,11,ACO,poblacional,58015.0,55926.0,False,False,,,,,,,19,0,20,Llenando ventana
740,11,ACO,poblacional,58015.0,55708.0,False,False,,,,,,,20,0,21,Llenando ventana
741,11,ACO,poblacional,58015.0,55798.0,False,False,,,,,,,21,0,22,Llenando ventana
742,11,ACO,poblacional,58015.0,56623.0,False,False,,,,,,,22,0,23,Llenando ventana
743,11,ACO,poblacional,58015.0,56019.0,False,False,,,,,,,23,0,24,Llenando ventana
744,11,ACO,poblacional,58015.0,55534.0,False,False,,,,,,,24,0,25,Llenando ventana
745,11,ACO,poblacional,58015.0,56190.0,False,False,,,,,,,25,0,26,Llenando ventana
746,11,ACO,poblacional,58015.0,55698.0,False,False,,,,,,,26,0,27,Llenando ventana
747,11,ACO,poblacional,58015.0,56315.0,False,False,,,,,,,27,0,28,Llenando ventana
748,11,ACO,poblacional,58015.0,55978.0,False,False,,,,,,,28,0,29,Llenando ventana
749,11,ACO,poblacional,58015.0,55899.0,False,False,,,,,,,29,0,30,Llenando ventana
750,11,ACO,poblacional,58015.0,56004.0,False,False,,,,,,,30,0,31,Llenando ventana
751,11,ACO,poblacional,58015.0,56750.0,False,False,,,,,,,31,0,32,Llenando ventana
752,11,ACO,poblacional,58015.0,56514.0,False,False,,,,,,,32,0,33,Llenando ventana
753,11,ACO,poblacional,58015.0,56209.0,False,False,,,,,,,33,0,34,Llenando ventana
754,11,ACO,poblacional,58015.0,55779.0,False,False,,,,,,,34,0,35,Llenando ventana
755,11,ACO,poblacional,58015.0,55699.0,False,False,,,,,,,35,0,36,Llenando ventana
756,11,ACO,poblacional,58015.0,55800.0,False,False,,,,,,,36,0,37,Llenando ventana
757,11,ACO,poblacional,58015.0,55930.0,False,False,,,,,,,37,0,38,Llenando ventana
758,11,ACO,poblacional,58015.0,55819.0,False,False,,,,,,,38,0,39,Llenando ventana
759,11,ACO,poblacional,58015.0,56273.0,True,False,3.900000000001455,0.0,3.900000000001455,4.0,20.0,12.0,39,0,40,Explotacion activa
760,11,ACO,poblacional,58015.0,55903.0,True,False,3.900000000001455,0.0,3.900000000001455,4.0,20.0,12.0,40,0,41,Explotacion activa
761,11,ACO,poblacional,58015.0,55808.0,True,False,3.900000000001455,0.0,3.900000000001455,4.0,20.0,12.0,41,0,42,Explotacion activa
762,11,ACO,poblacional,58015.0,56948.0,True,False,3.900000000001455,0.0,3.900000000001455,4.0,20.0,12.0,42,0,43,Explotacion activa
763,11,ACO,poblacional,58015.0,56466.0,True,False,3.900000000001455,0.0,3.900000000001455,4.0,20.0,12.0,43,0,44,Explotacion activa
764,11,ACO,poblacional,58015.0,55787.0,True,False,3.900000000001455,0.0,3.900000000001455,4.0,20.0,12.0,44,0,45,Explotacion activa
765,11,ACO,poblacional,58015.0,56168.0,True,False,3.900000000001455,0.0,3.900000000001455,4.0,20.0,12.0,45,0,46,Explotacion activa
766,11,ACO,poblacional,58015.0,55514.0,True,False,3.900000000001455,0.0,3.900000000001455,4.0,20.0,12.0,46,0,47,Explotacion activa
767,11,ACO,poblacional,58015.0,55685.0,True,False,3.900000000001455,0.0,3.900000000001455,4.0,20.0,12.0,47,0,48,Explotacion activa
768,11,ACO,poblacional,58015.0,55524.0,True,False,3.900000000001455,0.0,3.900000000001455,0.0,3.900000000001455,3.900000000001455,48,1,49,Explotacion activa
769,11,ACO,poblacional,58015.0,55606.0,True,False,3.900000000001455,0.0,3.900000000001455,0.0,3.900000000001455,3.900000000001455,49,2,50,Explotacion activa
770,11,ACO,poblacional,58015.0,55638.0,True,False,3.900000000001455,0.0,3.900000000001455,0.0,3.900000000001455,3.900000000001455,50,3,51,Explotacion activa
771,11,ACO,poblacional,58015.0,55972.0,True,False,3.900000000001455,0.0,3.900000000001455,0.0,3.900000000001455,3.900000000001455,51,4,52,Explotacion activa
772,11,ACO,poblacional,58015.0,57104.0,True,False,3.900000000001455,0.0,3.900000000001455,0.0,3.900000000001455,3.900000000001455,52,5,53,Explotacion activa
773,11,ACO,poblacional,58015.0,56232.0,True,False,3.900000000001455,0.0,3.900000000001455,0.0,3.900000000001455,3.900000000001455,53,6,54,Explotacion activa
774,11,ACO,poblacional,58015.0,56055.0,True,False,3.900000000001455,0.0,3.900000000001455,0.0,3.900000000001455,3.900000000001455,54,7,55,Explotacion activa
775,11,ACO,poblacional,58015.0,55734.0,True,True,3.900000000001455,0.0,3.900000000001455,0.0,3.900000000001455,3.900000000001455,55,8,56,ESTANCAMIENTO (Fire)
776,12,VNS,trayectoria,58015.0,58015.0,False,False,,,,,,,0,0,1,Llenando ventana
777,12,VNS,trayectoria,58015.0,58015.0,False,False,,,,,,,1,0,2,Llenando ventana
778,12,VNS,trayectoria,58015.0,58015.0,False,False,,,,,,,2,0,3,Llenando ventana
779,12,VNS,trayectoria,58015.0,58015.0,False,False,,,,,,,3,0,4,Llenando ventana
780,12,VNS,trayectoria,58015.0,58015.0,False,False,,,,,,,4,0,5,Llenando ventana
781,12,VNS,trayectoria,58015.0,58015.0,False,False,,,,,,,5,0,6,Llenando ventana
782,12,VNS,trayectoria,58015.0,58015.0,False,False,,,,,,,6,0,7,Llenando ventana
783,12,VNS,trayectoria,58015.0,58015.0,False,False,,,,,,,7,0,8,Llenando ventana
784,12,VNS,trayectoria,58015.0,58015.0,False,False,,,,,,,8,0,9,Llenando ventana
785,12,VNS,trayectoria,58015.0,58015.0,False,False,,,,,,,9,0,10,Llenando ventana
786,12,VNS,trayectoria,58015.0,58015.0,False,False,,,,,,,10,0,11,Llenando ventana
787,12,VNS,trayectoria,58015.0,58015.0,False,False,,,,,,,11,0,12,Llenando ventana
788,12,VNS,trayectoria,58015.0,58015.0,False,False,,,,,,,12,0,13,Llenando ventana
789,12,VNS,trayectoria,58015.0,58015.0,False,False,,,,,,,13,0,14,Llenando ventana
790,12,VNS,trayectoria,58015.0,58015.0,False,False,,,,,,,14,0,15,Llenando ventana
791,12,VNS,trayectoria,58015.0,58015.0,False,False,,,,,,,15,0,16,Llenando ventana
792,12,VNS,trayectoria,58015.0,58015.0,False,False,,,,,,,16,0,17,Llenando ventana
793,12,VNS,trayectoria,58015.0,58015.0,False,False,,,,,,,17,0,18,Llenando ventana
794,12,VNS,trayectoria,58015.0,58015.0,False,False,,,,,,,18,0,19,Llenando ventana
795,12,VNS,trayectoria,58015.0,58015.0,False,False,,,,,,,19,0,20,Llenando ventana
796,12,VNS,trayectoria,58015.0,58015.0,False,False,,,,,,,20,0,21,Llenando ventana
797,12,VNS,trayectoria,58015.0,58015.0,False,False,,,,,,,21,0,22,Llenando ventana
798,12,VNS,trayectoria,58015.0,58015.0,False,False,,,,,,,22,0,23,Llenando ventana
799,12,VNS,trayectoria,58015.0,58015.0,False,False,,,,,,,23,0,24,Llenando ventana
800,12,VNS,trayectoria,58015.0,58015.0,False,False,,,,,,,24,0,25,Llenando ventana
801,12,VNS,trayectoria,58015.0,58015.0,False,False,,,,,,,25,0,26,Llenando ventana
802,12,VNS,trayectoria,58015.0,58015.0,False,False,,,,,,,26,0,27,Llenando ventana
803,12,VNS,trayectoria,58015.0,58015.0,False,False,,,,,,,27,0,28,Llenando ventana
804,12,VNS,trayectoria,58015.0,58015.0,False,False,,,,,,,28,0,29,Llenando ventana
805,12,VNS,trayectoria,58015.0,58015.0,False,False,,,,,,,29,0,30,Llenando ventana
806,12,VNS,trayectoria,58015.0,58015.0,False,False,,,,,,,30,0,31,Llenando ventana
807,12,VNS,trayectoria,58015.0,58015.0,False,False,,,,,,,31,0,32,Llenando ventana
808,12,VNS,trayectoria,58015.0,58015.0,False,False,,,,,,,32,0,33,Llenando ventana
809,12,VNS,trayectoria,58015.0,58015.0,False,False,,,,,,,33,0,34,Llenando ventana
810,12,VNS,trayectoria,58015.0,58015.0,False,False,,,,,,,34,0,35,Llenando ventana
811,12,VNS,trayectoria,58015.0,58015.0,False,False,,,,,,,35,0,36,Llenando ventana
812,12,VNS,trayectoria,58015.0,58015.0,False,False,,,,,,,36,0,37,Llenando ventana
813,12,VNS,trayectoria,58015.0,58015.0,False,False,,,,,,,37,0,38,Llenando ventana
814,12,VNS,trayectoria,58015.0,58015.0,False,False,,,,,,,38,0,39,Llenando ventana
815,12,VNS,trayectoria,58015.0,58015.0,True,False,3.900000000001455,0.0,3.900000000001455,4.0,20.0,12.0,39,0,40,Explotacion activa
816,12,VNS,trayectoria,58015.0,58015.0,True,False,3.900000000001455,0.0,3.900000000001455,4.0,20.0,12.0,40,0,41,Explotacion activa
817,12,VNS,trayectoria,58015.0,58015.0,True,False,3.900000000001455,0.0,3.900000000001455,4.0,20.0,12.0,41,0,42,Explotacion activa
818,12,VNS,trayectoria,58015.0,58015.0,True,False,3.900000000001455,0.0,3.900000000001455,4.0,20.0,12.0,42,0,43,Explotacion activa
819,12,VNS,trayectoria,58015.0,58015.0,True,False,3.900000000001455,0.0,3.900000000001455,4.0,20.0,12.0,43,0,44,Explotacion activa
820,12,VNS,trayectoria,58015.0,58015.0,True,False,3.900000000001455,0.0,3.900000000001455,4.0,20.0,12.0,44,0,45,Explotacion activa
821,12,VNS,trayectoria,58015.0,58015.0,True,False,3.900000000001455,0.0,3.900000000001455,4.0,20.0,12.0,45,0,46,Explotacion activa
822,12,VNS,trayectoria,58015.0,58015.0,True,False,3.900000000001455,0.0,3.900000000001455,4.0,20.0,12.0,46,0,47,Explotacion activa
823,12,VNS,trayectoria,58015.0,58015.0,True,False,3.900000000001455,0.0,3.900000000001455,4.0,20.0,12.0,47,0,48,Explotacion activa
824,12,VNS,trayectoria,58015.0,58015.0,True,False,3.900000000001455,0.0,3.900000000001455,0.0,3.900000000001455,3.900000000001455,48,1,49,Explotacion activa
825,12,VNS,trayectoria,58015.0,58015.0,True,False,3.900000000001455,0.0,3.900000000001455,0.0,3.900000000001455,3.900000000001455,49,2,50,Explotacion activa
826,12,VNS,trayectoria,58015.0,58015.0,True,False,3.900000000001455,0.0,3.900000000001455,0.0,3.900000000001455,3.900000000001455,50,3,51,Explotacion activa
827,12,VNS,trayectoria,58015.0,58015.0,True,False,3.900000000001455,0.0,3.900000000001455,0.0,3.900000000001455,3.900000000001455,51,4,52,Explotacion activa
828,12,VNS,trayectoria,58015.0,58015.0,True,False,3.900000000001455,0.0,3.900000000001455,0.0,3.900000000001455,3.900000000001455,52,5,53,Explotacion activa
829,12,VNS,trayectoria,58015.0,58015.0,True,False,3.900000000001455,0.0,3.900000000001455,0.0,3.900000000001455,3.900000000001455,53,6,54,Explotacion activa
830,12,VNS,trayectoria,58015.0,58015.0,True,False,3.900000000001455,0.0,3.900000000001455,0.0,3.900000000001455,3.900000000001455,54,7,55,Explotacion activa
831,12,VNS,trayectoria,58015.0,58015.0,True,True,3.900000000001455,0.0,3.900000000001455,0.0,3.900000000001455,3.900000000001455,55,8,56,ESTANCAMIENTO (Fire)
832,13,ACO,poblacional,58015.0,50271.0,False,False,,,,,,,0,0,1,Llenando ventana
833,13,ACO,poblacional,58015.0,51751.0,False,False,,,,,,,1,0,2,Llenando ventana
834,13,ACO,poblacional,58015.0,52150.0,False,False,,,,,,,2,0,3,Llenando ventana
835,13,ACO,poblacional,58015.0,51284.0,False,False,,,,,,,3,0,4,Llenando ventana
836,13,ACO,poblacional,58015.0,52717.0,False,False,,,,,,,4,0,5,Llenando ventana
837,13,ACO,poblacional,58015.0,52643.0,False,False,,,,,,,5,0,6,Llenando ventana
838,13,ACO,poblacional,58015.0,51966.0,False,False,,,,,,,6,0,7,Llenando ventana
839,13,ACO,poblacional,58015.0,53150.0,False,False,,,,,,,7,0,8,Llenando ventana
840,13,ACO,poblacional,58015.0,54272.0,False,False,,,,,,,8,0,9,Llenando ventana
841,13,ACO,poblacional,58015.0,54044.0,False,False,,,,,,,9,0,10,Llenando ventana
842,13,ACO,poblacional,58015.0,53661.0,False,False,,,,,,,10,0,11,Llenando ventana
843,13,ACO,poblacional,58015.0,54787.0,False,False,,,,,,,11,0,12,Llenando ventana
844,13,ACO,poblacional,58015.0,53361.0,False,False,,,,,,,12,0,13,Llenando ventana
845,13,ACO,poblacional,58015.0,54118.0,False,False,,,,,,,13,0,14,Llenando ventana
846,13,ACO,poblacional,58015.0,54848.0,False,False,,,,,,,14,0,15,Llenando ventana
847,13,ACO,poblacional,58015.0,54987.0,False,False,,,,,,,15,0,16,Llenando ventana
848,13,ACO,poblacional,58015.0,55543.0,False,False,,,,,,,16,0,17,Llenando ventana
849,13,ACO,poblacional,58015.0,55203.0,False,False,,,,,,,17,0,18,Llenando ventana
850,13,ACO,poblacional,58015.0,55904.0,False,False,,,,,,,18,0,19,Llenando ventana
851,13,ACO,poblacional,58015.0,55082.0,False,False,,,,,,,19,0,20,Llenando ventana
852,13,ACO,poblacional,58015.0,56565.0,False,False,,,,,,,20,0,21,Llenando ventana
853,13,ACO,poblacional,58015.0,55003.0,False,False,,,,,,,21,0,22,Llenando ventana
854,13,ACO,poblacional,58015.0,56349.0,False,False,,,,,,,22,0,23,Llenando ventana
855,13,ACO,poblacional,58015.0,55918.0,False,False,,,,,,,23,0,24,Llenando ventana
856,13,ACO,poblacional,58015.0,55780.0,False,False,,,,,,,24,0,25,Llenando ventana
857,13,ACO,poblacional,58015.0,55869.0,False,False,,,,,,,25,0,26,Llenando ventana
858,13,ACO,poblacional,58015.0,55389.0,False,False,,,,,,,26,0,27,Llenando ventana
859,13,ACO,poblacional,58015.0,55908.0,False,False,,,,,,,27,0,28,Llenando ventana
860,13,ACO,poblacional,58015.0,55746.0,False,False,,,,,,,28,0,29,Llenando ventana
861,13,ACO,poblacional,58015.0,55787.0,False,False,,,,,,,29,0,30,Llenando ventana
862,13,ACO,poblacional,58015.0,56031.0,False,False,,,,,,,30,0,31,Llenando ventana
863,13,ACO,poblacional,58015.0,56181.0,False,False,,,,,,,31,0,32,Llenando ventana
864,13,ACO,poblacional,58015.0,55283.0,False,False,,,,,,,32,0,33,Llenando ventana
865,13,ACO,poblacional,58015.0,56196.0,False,False,,,,,,,33,0,34,Llenando ventana
866,13,ACO,poblacional,58015.0,55733.0,False,False,,,,,,,34,0,35,Llenando ventana
867,13,ACO,poblacional,58015.0,56021.0,False,False,,,,,,,35,0,36,Llenando ventana
868,13,ACO,poblacional,58015.0,55404.0,False,False,,,,,,,36,0,37,Llenando ventana
869,13,ACO,poblacional,58015.0,55821.0,False,False,,,,,,,37,0,38,Llenando ventana
870,13,ACO,poblacional,58015.0,55754.0,False,False,,,,,,,38,0,39,Llenando ventana
871,13,ACO,poblacional,58015.0,55282.0,True,False,3.900000000001455,0.0,3.900000000001455,4.0,20.0,12.0,39,0,40,Explotacion activa
872,13,ACO,poblacional,58015.0,56194.0,True,False,3.900000000001455,0.0,3.900000000001455,4.0,20.0,12.0,40,0,41,Explotacion activa
873,13,ACO,poblacional,58015.0,56467.0,True,False,3.900000000001455,0.0,3.900000000001455,4.0,20.0,12.0,41,0,42,Explotacion activa
874,13,ACO,poblacional,58015.0,56018.0,True,False,3.900000000001455,0.0,3.900000000001455,4.0,20.0,12.0,42,0,43,Explotacion activa
875,13,ACO,poblacional,58015.0,56488.0,True,False,3.900000000001455,0.0,3.900000000001455,4.0,20.0,12.0,43,0,44,Explotacion activa
876,13,ACO,poblacional,58015.0,55880.0,True,False,3.900000000001455,0.0,3.900000000001455,4.0,20.0,12.0,44,0,45,Explotacion activa
877,13,ACO,poblacional,58015.0,55663.0,True,False,3.900000000001455,0.0,3.900000000001455,4.0,20.0,12.0,45,0,46,Explotacion activa
878,13,ACO,poblacional,58015.0,56507.0,True,False,3.900000000001455,0.0,3.900000000001455,4.0,20.0,12.0,46,0,47,Explotacion activa
879,13,ACO,poblacional,58015.0,55671.0,True,False,3.900000000001455,0.0,3.900000000001455,4.0,20.0,12.0,47,0,48,Explotacion activa
880,13,ACO,poblacional,58015.0,55573.0,True,False,3.900000000001455,0.0,3.900000000001455,0.0,3.900000000001455,3.900000000001455,48,1,49,Explotacion activa
881,13,ACO,poblacional,58015.0,55689.0,True,False,3.900000000001455,0.0,3.900000000001455,0.0,3.900000000001455,3.900000000001455,49,2,50,Explotacion activa
882,13,ACO,poblacional,58015.0,55853.0,True,False,3.900000000001455,0.0,3.900000000001455,0.0,3.900000000001455,3.900000000001455,50,3,51,Explotacion activa
883,13,ACO,poblacional,58015.0,56191.0,True,False,3.900000000001455,0.0,3.900000000001455,0.0,3.900000000001455,3.900000000001455,51,4,52,Explotacion activa
884,13,ACO,poblacional,58015.0,56688.0,True,False,3.900000000001455,0.0,3.900000000001455,0.0,3.900000000001455,3.900000000001455,52,5,53,Explotacion activa
885,13,ACO,poblacional,58015.0,56007.0,True,False,3.900000000001455,0.0,3.900000000001455,0.0,3.900000000001455,3.900000000001455,53,6,54,Explotacion activa
886,13,ACO,poblacional,58015.0,55447.0,True,False,3.900000000001455,0.0,3.900000000001455,0.0,3.900000000001455,3.900000000001455,54,7,55,Explotacion activa
887,13,ACO,poblacional,58015.0,56394.0,True,True,3.900000000001455,0.0,3.900000000001455,0.0,3.900000000001455,3.900000000001455,55,8,56,ESTANCAMIENTO (Fire)
888,14,TS,trayectoria,58015.0,58015.0,False,False,,,,,,,0,0,1,Llenando ventana
889,14,TS,trayectoria,58015.0,58015.0,False,False,,,,,,,1,0,2,Llenando ventana
890,14,TS,trayectoria,58015.0,58015.0,False,False,,,,,,,2,0,3,Llenando ventana
891,14,TS,trayectoria,58015.0,58015.0,False,False,,,,,,,3,0,4,Llenando ventana
892,14,TS,trayectoria,58015.0,58015.0,False,False,,,,,,,4,0,5,Llenando ventana
893,14,TS,trayectoria,58015.0,58015.0,False,False,,,,,,,5,0,6,Llenando ventana
894,14,TS,trayectoria,58015.0,58015.0,False,False,,,,,,,6,0,7,Llenando ventana
895,14,TS,trayectoria,58015.0,58015.0,False,False,,,,,,,7,0,8,Llenando ventana
896,14,TS,trayectoria,58015.0,58015.0,False,False,,,,,,,8,0,9,Llenando ventana
897,14,TS,trayectoria,58015.0,58015.0,False,False,,,,,,,9,0,10,Llenando ventana
898,14,TS,trayectoria,58015.0,58015.0,False,False,,,,,,,10,0,11,Llenando ventana
899,14,TS,trayectoria,58015.0,58015.0,False,False,,,,,,,11,0,12,Llenando ventana
900,14,TS,trayectoria,58015.0,58015.0,False,False,,,,,,,12,0,13,Llenando ventana
901,14,TS,trayectoria,58015.0,58015.0,False,False,,,,,,,13,0,14,Llenando ventana
902,14,TS,trayectoria,58015.0,58015.0,False,False,,,,,,,14,0,15,Llenando ventana
903,14,TS,trayectoria,58015.0,58015.0,False,False,,,,,,,15,0,16,Llenando ventana
904,14,TS,trayectoria,58015.0,58015.0,False,False,,,,,,,16,0,17,Llenando ventana
905,14,TS,trayectoria,58015.0,58015.0,False,False,,,,,,,17,0,18,Llenando ventana
906,14,TS,trayectoria,58015.0,58015.0,False,False,,,,,,,18,0,19,Llenando ventana
907,14,TS,trayectoria,58015.0,58015.0,False,False,,,,,,,19,0,20,Llenando ventana
908,14,TS,trayectoria,58015.0,58015.0,False,False,,,,,,,20,0,21,Llenando ventana
909,14,TS,trayectoria,58015.0,58015.0,False,False,,,,,,,21,0,22,Llenando ventana
910,14,TS,trayectoria,58015.0,58015.0,False,False,,,,,,,22,0,23,Llenando ventana
911,14,TS,trayectoria,58015.0,58015.0,False,False,,,,,,,23,0,24,Llenando ventana
912,14,TS,trayectoria,58015.0,58015.0,False,False,,,,,,,24,0,25,Llenando ventana
913,14,TS,trayectoria,58015.0,58015.0,False,False,,,,,,,25,0,26,Llenando ventana
914,14,TS,trayectoria,58015.0,58015.0,False,False,,,,,,,26,0,27,Llenando ventana
915,14,TS,trayectoria,58015.0,58015.0,False,False,,,,,,,27,0,28,Llenando ventana
916,14,TS,trayectoria,58015.0,58015.0,False,False,,,,,,,28,0,29,Llenando ventana
917,14,TS,trayectoria,58015.0,58015.0,False,False,,,,,,,29,0,30,Llenando ventana
918,14,TS,trayectoria,58015.0,58015.0,False,False,,,,,,,30,0,31,Llenando ventana
919,14,TS,trayectoria,58015.0,58015.0,False,False,,,,,,,31,0,32,Llenando ventana
920,14,TS,trayectoria,58015.0,58015.0,False,False,,,,,,,32,0,33,Llenando ventana
921,14,TS,trayectoria,58015.0,58015.0,False,False,,,,,,,33,0,34,Llenando ventana
922,14,TS,trayectoria,58015.0,58015.0,False,False,,,,,,,34,0,35,Llenando ventana
923,14,TS,trayectoria,58015.0,58015.0,False,False,,,,,,,35,0,36,Llenando ventana
924,14,TS,trayectoria,58015.0,58015.0,False,False,,,,,,,36,0,37,Llenando ventana
925,14,TS,trayectoria,58015.0,58015.0,False,False,,,,,,,37,0,38,Llenando ventana
926,14,TS,trayectoria,58015.0,58015.0,False,False,,,,,,,38,0,39,Llenando ventana
927,14,TS,trayectoria,58015.0,58015.0,True,False,3.900000000001455,0.0,3.900000000001455,4.0,20.0,12.0,39,0,40,Explotacion activa
928,14,TS,trayectoria,58015.0,58015.0,True,False,3.900000000001455,0.0,3.900000000001455,4.0,20.0,12.0,40,0,41,Explotacion activa
929,14,TS,trayectoria,58015.0,58015.0,True,False,3.900000000001455,0.0,3.900000000001455,4.0,20.0,12.0,41,0,42,Explotacion activa
930,14,TS,trayectoria,58015.0,58015.0,True,False,3.900000000001455,0.0,3.900000000001455,4.0,20.0,12.0,42,0,43,Explotacion activa
931,14,TS,trayectoria,58015.0,58015.0,True,False,3.900000000001455,0.0,3.900000000001455,4.0,20.0,12.0,43,0,44,Explotacion activa
932,14,TS,trayectoria,58015.0,58015.0,True,False,3.900000000001455,0.0,3.900000000001455,4.0,20.0,12.0,44,0,45,Explotacion activa
933,14,TS,trayectoria,58015.0,58015.0,True,False,3.900000000001455,0.0,3.900000000001455,4.0,20.0,12.0,45,0,46,Explotacion activa
934,14,TS,trayectoria,58015.0,58015.0,True,False,3.900000000001455,0.0,3.900000000001455,4.0,20.0,12.0,46,0,47,Explotacion activa
935,14,TS,trayectoria,58015.0,58015.0,True,False,3.900000000001455,0.0,3.900000000001455,4.0,20.0,12.0,47,0,48,Explotacion activa
936,14,TS,trayectoria,58015.0,58015.0,True,False,3.900000000001455,0.0,3.900000000001455,0.0,3.900000000001455,3.900000000001455,48,1,49,Explotacion activa
937,14,TS,trayectoria,58015.0,58015.0,True,False,3.900000000001455,0.0,3.900000000001455,0.0,3.900000000001455,3.900000000001455,49,2,50,Explotacion activa
938,14,TS,trayectoria,58015.0,58015.0,True,False,3.900000000001455,0.0,3.900000000001455,0.0,3.900000000001455,3.900000000001455,50,3,51,Explotacion activa
939,14,TS,trayectoria,58015.0,58015.0,True,False,3.900000000001455,0.0,3.900000000001455,0.0,3.900000000001455,3.900000000001455,51,4,52,Explotacion activa
940,14,TS,trayectoria,58015.0,58015.0,True,False,3.900000000001455,0.0,3.900000000001455,0.0,3.900000000001455,3.900000000001455,52,5,53,Explotacion activa
941,14,TS,trayectoria,58015.0,58015.0,True,False,3.900000000001455,0.0,3.900000000001455,0.0,3.900000000001455,3.900000000001455,53,6,54,Explotacion activa
942,14,TS,trayectoria,58015.0,58015.0,True,False,3.900000000001455,0.0,3.900000000001455,0.0,3.900000000001455,3.900000000001455,54,7,55,Explotacion activa
943,14,TS,trayectoria,58015.0,58015.0,True,True,3.900000000001455,0.0,3.900000000001455,0.0,3.900000000001455,3.900000000001455,55,8,56,ESTANCAMIENTO (Fire)
944,15,PSO,poblacional,58015.0,58015.0,False,False,,,,,,,0,0,1,Llenando ventana
945,15,PSO,poblacional,58015.0,58015.0,False,False,,,,,,,1,0,2,Llenando ventana
946,15,PSO,poblacional,58015.0,58015.0,False,False,,,,,,,2,0,3,Llenando ventana
947,15,PSO,poblacional,58015.0,58015.0,False,False,,,,,,,3,0,4,Llenando ventana
948,15,PSO,poblacional,58015.0,58015.0,False,False,,,,,,,0,0,5,Llenando ventana
949,15,PSO,poblacional,58015.0,58015.0,False,False,,,,,,,1,0,6,Llenando ventana
950,15,PSO,poblacional,58015.0,58015.0,False,False,,,,,,,2,0,7,Llenando ventana
951,15,PSO,poblacional,58015.0,58015.0,False,False,,,,,,,3,0,8,Llenando ventana
952,15,PSO,poblacional,58015.0,58015.0,False,False,,,,,,,4,0,9,Llenando ventana
953,15,PSO,poblacional,58015.0,58015.0,False,False,,,,,,,5,0,10,Llenando ventana
954,15,PSO,poblacional,58015.0,58015.0,False,False,,,,,,,6,0,11,Llenando ventana
955,15,PSO,poblacional,58015.0,58015.0,False,False,,,,,,,7,0,12,Llenando ventana
956,15,PSO,poblacional,58015.0,58015.0,False,False,,,,,,,8,0,13,Llenando ventana
957,15,PSO,poblacional,58015.0,58015.0,False,False,,,,,,,9,0,14,Llenando ventana
958,15,PSO,poblacional,58015.0,58015.0,False,False,,,,,,,10,0,15,Llenando ventana
959,15,PSO,poblacional,58015.0,58015.0,False,False,,,,,,,11,0,16,Llenando ventana
960,15,PSO,poblacional,58015.0,58015.0,False,False,,,,,,,12,0,17,Llenando ventana
961,15,PSO,poblacional,58015.0,58015.0,False,False,,,,,,,13,0,18,Llenando ventana
962,15,PSO,poblacional,58015.0,58015.0,False,False,,,,,,,14,0,19,Llenando ventana
963,15,PSO,poblacional,58015.0,58015.0,False,False,,,,,,,15,0,20,Llenando ventana
964,15,PSO,poblacional,58015.0,58015.0,False,False,,,,,,,16,0,21,Llenando ventana
965,15,PSO,poblacional,58015.0,58015.0,False,False,,,,,,,17,0,22,Llenando ventana
966,15,PSO,poblacional,58015.0,58015.0,False,False,,,,,,,18,0,23,Llenando ventana
967,15,PSO,poblacional,58015.0,58015.0,False,False,,,,,,,19,0,24,Llenando ventana
968,15,PSO,poblacional,58015.0,58015.0,False,False,,,,,,,20,0,25,Llenando ventana
969,15,PSO,poblacional,58015.0,58015.0,False,False,,,,,,,21,0,26,Llenando ventana
970,15,PSO,poblacional,58015.0,58015.0,False,False,,,,,,,22,0,27,Llenando ventana
971,15,PSO,poblacional,58015.0,58015.0,False,False,,,,,,,23,0,28,Llenando ventana
972,15,PSO,poblacional,58015.0,58015.0,False,False,,,,,,,24,0,29,Llenando ventana
973,15,PSO,poblacional,58015.0,58015.0,False,False,,,,,,,25,0,30,Llenando ventana
974,15,PSO,poblacional,58015.0,58015.0,False,False,,,,,,,26,0,31,Llenando ventana
975,15,PSO,poblacional,58015.0,58015.0,False,False,,,,,,,27,0,32,Llenando ventana
976,15,PSO,poblacional,58015.0,58015.0,False,False,,,,,,,28,0,33,Llenando ventana
977,15,PSO,poblacional,58015.0,58015.0,False,False,,,,,,,29,0,34,Llenando ventana
978,15,PSO,poblacional,58015.0,58015.0,False,False,,,,,,,30,0,35,Llenando ventana
979,15,PSO,poblacional,58015.0,58015.0,False,False,,,,,,,31,0,36,Llenando ventana
980,15,PSO,poblacional,58015.0,58015.0,False,False,,,,,,,32,0,37,Llenando ventana
981,15,PSO,poblacional,58015.0,58015.0,False,False,,,,,,,33,0,38,Llenando ventana
982,15,PSO,poblacional,58015.0,58015.0,False,False,,,,,,,34,0,39,Llenando ventana
983,15,PSO,poblacional,58015.0,58015.0,True,False,240.6999999999898,237.0,3.6999999999898137,4.0,20.0,12.0,35,0,40,Explotacion activa
984,15,PSO,poblacional,58015.0,58015.0,True,False,240.6999999999898,237.0,3.6999999999898137,4.0,20.0,12.0,36,0,41,Explotacion activa
985,15,PSO,poblacional,58015.0,58015.0,True,False,240.70000000000437,237.0,3.7000000000043656,4.0,20.0,12.0,37,0,42,Explotacion activa
986,15,PSO,poblacional,58015.0,58015.0,True,False,240.70000000000437,237.0,3.7000000000043656,4.0,20.0,12.0,38,0,43,Explotacion activa
987,15,PSO,poblacional,58015.0,58015.0,True,False,3.900000000001455,0.0,3.900000000001455,4.0,20.0,12.0,39,0,44,Explotacion activa
988,15,PSO,poblacional,58015.0,58015.0,True,False,3.900000000001455,0.0,3.900000000001455,4.0,20.0,12.0,40,0,45,Explotacion activa
989,15,PSO,poblacional,58015.0,58015.0,True,False,3.900000000001455,0.0,3.900000000001455,4.0,20.0,12.0,41,0,46,Explotacion activa
990,15,PSO,poblacional,58015.0,58015.0,True,False,3.900000000001455,0.0,3.900000000001455,4.0,20.0,12.0,42,0,47,Explotacion activa
991,15,PSO,poblacional,58015.0,58015.0,True,False,3.900000000001455,0.0,3.900000000001455,4.0,20.0,12.0,43,0,48,Explotacion activa
992,15,PSO,poblacional,58015.0,58015.0,True,False,3.900000000001455,0.0,3.900000000001455,0.0,240.6999999999898,3.900000000001455,44,1,49,Explotacion activa
993,15,PSO,poblacional,58015.0,58015.0,True,False,3.900000000001455,0.0,3.900000000001455,0.0,240.6999999999898,3.900000000001455,45,2,50,Explotacion activa
994,15,PSO,poblacional,58015.0,58015.0,True,False,3.900000000001455,0.0,3.900000000001455,0.0,169.65999999999315,3.900000000001455,46,3,51,Explotacion activa
995,15,PSO,poblacional,58015.0,58015.0,True,False,3.900000000001455,0.0,3.900000000001455,0.0,98.61999999999647,3.900000000001455,47,4,52,Explotacion activa
996,15,PSO,poblacional,58015.0,58015.0,True,False,3.900000000001455,0.0,3.900000000001455,0.0,27.580000000000208,3.900000000001455,48,5,53,Explotacion activa
997,15,PSO,poblacional,58015.0,58015.0,True,False,3.900000000001455,0.0,3.900000000001455,0.0,3.900000000001455,3.900000000001455,49,6,54,Explotacion activa
998,15,PSO,poblacional,58015.0,58015.0,True,False,3.900000000001455,0.0,3.900000000001455,0.0,3.900000000001455,3.900000000001455,50,7,55,Explotacion activa
999,15,PSO,poblacional,58015.0,58015.0,True,True,3.900000000001455,0.0,3.900000000001455,0.0,3.900000000001455,3.900000000001455,51,8,56,ESTANCAMIENTO (Fire)
1000,16,VNS,trayectoria,58015.0,58015.0,False,False,,,,,,,0,0,0,Llenando ventana
1001,16,VNS,trayectoria,58015.0,58015.0,False,False,,,,,,,0,0,0,Llenando ventana
1002,16,VNS,trayectoria,58015.0,58015.0,False,False,,,,,,,0,0,0,Llenando ventana
1003,16,VNS,trayectoria,58015.0,58015.0,False,False,,,,,,,0,0,0,Llenando ventana
1004,16,VNS,trayectoria,58252.0,58252.0,False,False,,,,,,,0,0,0,Llenando ventana
1005,16,VNS,trayectoria,58252.0,58252.0,False,False,,,,,,,0,0,0,Llenando ventana
1006,16,VNS,trayectoria,58252.0,58252.0,False,False,,,,,,,0,0,0,Llenando ventana
1007,16,VNS,trayectoria,58252.0,58252.0,False,False,,,,,,,0,0,0,Llenando ventana
1008,16,VNS,trayectoria,58252.0,58252.0,False,False,,,,,,,0,0,0,Llenando ventana
1009,16,VNS,trayectoria,58252.0,58252.0,False,False,,,,,,,0,0,0,Llenando ventana
1010,16,VNS,trayectoria,58252.0,58252.0,False,False,,,,,,,0,0,0,Llenando ventana
1011,16,VNS,trayectoria,58252.0,58252.0,False,False,,,,,,,0,0,0,Llenando ventana
1012,16,VNS,trayectoria,58252.0,58252.0,False,False,,,,,,,0,0,0,Llenando ventana
1013,16,VNS,trayectoria,58252.0,58252.0,False,False,,,,,,,0,0,0,Llenando ventana
1014,16,VNS,trayectoria,58252.0,58252.0,False,False,,,,,,,0,0,0,Llenando ventana
1015,16,VNS,trayectoria,58252.0,58252.0,False,False,,,,,,,0,0,0,Llenando ventana
1016,16,VNS,trayectoria,58252.0,58252.0,False,False,,,,,,,0,0,0,Llenando ventana
1017,16,VNS,trayectoria,58252.0,58252.0,False,False,,,,,,,0,0,0,Llenando ventana
1018,16,VNS,trayectoria,58252.0,58252.0,False,False,,,,,,,0,0,0,Llenando ventana
1019,16,VNS,trayectoria,58252.0,58252.0,False,False,,,,,,,0,0,0,Llenando ventana
1020,16,VNS,trayectoria,58252.0,58252.0,False,False,,,,,,,0,0,0,Llenando ventana
1021,16,VNS,trayectoria,58252.0,58252.0,False,False,,,,,,,0,0,0,Llenando ventana
1022,16,VNS,trayectoria,58252.0,58252.0,False,False,,,,,,,0,0,0,Llenando ventana
1023,16,VNS,trayectoria,58252.0,58252.0,False,False,,,,,,,0,0,0,Llenando ventana
1024,16,VNS,trayectoria,58252.0,58252.0,False,False,,,,,,,0,0,0,Llenando ventana
1025,16,VNS,trayectoria,58252.0,58252.0,False,False,,,,,,,0,0,0,Llenando ventana
1026,16,VNS,trayectoria,58252.0,58252.0,False,False,,,,,,,0,0,0,Llenando ventana
1027,16,VNS,trayectoria,58252.0,58252.0,False,False,,,,,,,0,0,0,Llenando ventana
1028,16,VNS,trayectoria,58252.0,58252.0,False,False,,,,,,,0,0,0,Llenando ventana
1029,16,VNS,trayectoria,58252.0,58252.0,False,False,,,,,,,0,0,0,Llenando ventana
1030,16,VNS,trayectoria,58252.0,58252.0,False,False,,,,,,,0,0,0,Llenando ventana
1031,16,VNS,trayectoria,58252.0,58252.0,False,False,,,,,,,0,0,0,Llenando ventana
1032,16,VNS,trayectoria,58252.0,58252.0,False,False,,,,,,,0,0,0,Llenando ventana
1033,16,VNS,trayectoria,58252.0,58252.0,False,False,,,,,,,0,0,0,Llenando ventana
1034,16,VNS,trayectoria,58252.0,58252.0,False,False,,,,,,,0,0,0,Llenando ventana
1035,16,VNS,trayectoria,58252.0,58252.0,False,False,,,,,,,0,0,0,Llenando ventana
1036,16,VNS,trayectoria,58252.0,58252.0,False,False,,,,,,,0,0,0,Llenando ventana
1037,16,VNS,trayectoria,58252.0,58252.0,False,False,,,,,,,0,0,0,Llenando ventana
1038,16,VNS,trayectoria,58252.0,58252.0,False,False,,,,,,,0,0,0,Llenando ventana
1039,16,VNS,trayectoria,58252.0,58252.0,False,False,,,3.6999999999898137,,,,0,0,0,Llenando ventana
1040,16,VNS,trayectoria,58252.0,58252.0,False,False,,,3.6999999999898137,,,,0,0,0,Llenando ventana
1041,16,VNS,trayectoria,58252.0,58252.0,False,False,,,3.7000000000043656,,,,0,0,0,Llenando ventana
1042,16,VNS,trayectoria,58252.0,58252.0,False,False,,,3.7000000000043656,,,,0,0,0,Llenando ventana
1043,16,VNS,trayectoria,58252.0,58252.0,False,False,,,3.900000000001455,,,,0,0,0,Llenando ventana
1044,16,VNS,trayectoria,58252.0,58252.0,False,False,,,3.900000000001455,,,,0,0,0,Llenando ventana
1045,16,VNS,trayectoria,58252.0,58252.0,False,False,,,3.900000000001455,,,,0,0,0,Llenando ventana
1046,16,VNS,trayectoria,58252.0,58252.0,False,False,,,3.900000000001455,,,,0,0,0,Llenando ventana
1047,16,VNS,trayectoria,58252.0,58252.0,False,False,,,3.900000000001455,,,,0,0,0,Llenando ventana
1048,16,VNS,trayectoria,58252.0,58252.0,False,False,,,3.900000000001455,,,,0,0,0,Llenando ventana
1049,16,VNS,trayectoria,58252.0,58252.0,False,False,,,3.900000000001455,,,,0,0,0,Llenando ventana
1050,16,VNS,trayectoria,58252.0,58252.0,False,False,,,3.900000000001455,,,,0,0,0,Llenando ventana
1051,16,VNS,trayectoria,58252.0,58252.0,False,False,,,3.900000000001455,,,,0,0,0,Llenando ventana
1052,16,VNS,trayectoria,58252.0,58252.0,False,False,,,3.900000000001455,,,,0,0,0,Llenando ventana
1053,16,VNS,trayectoria,58252.0,58252.0,False,False,,,3.900000000001455,,,,0,0,0,Llenando ventana
1054,16,VNS,trayectoria,58252.0,58252.0,False,False,,,3.900000000001455,,,,0,0,0,Llenando ventana
1055,16,VNS,trayectoria,58252.0,58252.0,False,False,,,3.900000000001455,,,,0,0,0,Llenando ventana
