iteracion,epoch,mh,tipo,fitness_best,fitness_instantaneo,dtw_ready,dtw_fire,D1_vs_ramp,D2_vs_const,dtw_delta,theta_c,theta_r,theta_delta,no_improve_len,trigger_streak,window_n,estado_dtw
1,1,GWO,poblacional,53669.0,53669.0,False,False,,,,,,,0,0,1,Llenando ventana
2,1,GWO,poblacional,53669.0,53669.0,False,False,,,,,,,1,0,2,Llenando ventana
3,1,GWO,poblacional,53669.0,53669.0,False,False,,,,,,,2,0,3,Llenando ventana
4,1,GWO,poblacional,53669.0,53669.0,False,False,,,,,,,0,0,4,Llenando ventana
5,1,GWO,poblacional,53669.0,53669.0,False,False,,,,,,,1,0,5,Llenando ventana
6,1,GWO,poblacional,53669.0,53669.0,False,False,,,,,,,2,0,6,Llenando ventana
7,1,GWO,poblacional,53669.0,53669.0,False,False,,,,,,,3,0,7,Llenando ventana
8,1,GWO,poblacional,53669.0,53669.0,False,False,,,,,,,0,0,8,Llenando ventana
9,1,GWO,poblacional,53669.0,53669.0,False,False,,,,,,,0,0,9,Llenando ventana
10,1,GWO,poblacional,53669.0,53669.0,False,False,,,,,,,1,0,10,Llenando ventana
11,1,GWO,poblacional,53669.0,53669.0,False,False,,,,,,,2,0,11,Llenando ventana
12,1,GWO,poblacional,53669.0,53669.0,False,False,,,,,,,3,0,12,Llenando ventana
13,1,GWO,poblacional,53669.0,53669.0,False,False,,,,,,,4,0,13,Llenando ventana
14,1,GWO,poblacional,53729.0,53729.0,False,False,,,,,,,5,0,14,Llenando ventana
15,1,GWO,poblacional,54041.0,54041.0,False,False,,,,,,,6,0,15,Llenando ventana
16,1,GWO,poblacional,54041.0,54041.0,False,False,,,,,,,0,0,16,Llenando ventana
17,1,GWO,poblacional,54041.0,54041.0,False,False,,,,,,,1,0,17,Llenando ventana
18,1,GWO,poblacional,54041.0,54041.0,False,False,,,,,,,2,0,18,Llenando ventana
19,1,GWO,poblacional,54041.0,54041.0,False,False,,,,,,,3,0,19,Llenando ventana
20,1,GWO,poblacional,54041.0,54041.0,False,False,,,,,,,4,0,20,Llenando ventana
21,1,GWO,poblacional,54041.0,54041.0,False,False,,,,,,,5,0,21,Llenando ventana
22,1,GWO,poblacional,54041.0,54041.0,False,False,,,,,,,6,0,22,Llenando ventana
23,1,GWO,poblacional,54041.0,54041.0,False,False,,,,,,,7,0,23,Llenando ventana
24,1,GWO,poblacional,54041.0,54041.0,False,False,,,,,,,8,0,24,Llenando ventana
25,1,GWO,poblacional,54600.0,54600.0,False,False,,,,,,,9,0,25,Llenando ventana
26,1,GWO,poblacional,54600.0,54600.0,False,False,,,,,,,10,0,26,Llenando ventana
27,1,GWO,poblacional,54600.0,54600.0,False,False,,,,,,,11,0,27,Llenando ventana
28,1,GWO,poblacional,54600.0,54600.0,False,False,,,,,,,0,0,28,Llenando ventana
29,1,GWO,poblacional,54600.0,54600.0,False,False,,,,,,,1,0,29,Llenando ventana
30,1,GWO,poblacional,54600.0,54600.0,False,False,,,,,,,2,0,30,Llenando ventana
31,1,GWO,poblacional,54600.0,54600.0,False,False,,,,,,,3,0,31,Llenando ventana
32,1,GWO,poblacional,54600.0,54600.0,False,False,,,,,,,4,0,32,Llenando ventana
33,1,GWO,poblacional,54600.0,54600.0,False,False,,,,,,,5,0,33,Llenando ventana
34,1,GWO,poblacional,54600.0,54600.0,False,False,,,,,,,6,0,34,Llenando ventana
35,1,GWO,poblacional,54600.0,54600.0,False,False,,,,,,,7,0,35,Llenando ventana
36,1,GWO,poblacional,54600.0,54600.0,False,False,,,,,,,8,0,36,Llenando ventana
37,1,GWO,poblacional,54600.0,54600.0,False,False,,,,,,,9,0,37,Llenando ventana
38,1,GWO,poblacional,54600.0,54600.0,False,False,,,,,,,10,0,38,Llenando ventana
39,1,GWO,poblacional,54600.0,54600.0,False,False,,,,,,,11,0,39,Llenando ventana
40,1,GWO,poblacional,54600.0,54600.0,False,False,,,,,,,12,0,40,Llenando ventana
41,1,GWO,poblacional,54600.0,54600.0,False,False,,,,,,,13,0,41,Llenando ventana
42,1,GWO,poblacional,54600.0,54600.0,False,False,,,,,,,14,0,42,Llenando ventana
43,1,GWO,poblacional,54600.0,54600.0,False,False,,,,,,,15,0,43,Llenando ventana
44,1,GWO,poblacional,54600.0,54600.0,False,False,,,,,,,16,0,44,Llenando ventana
45,1,GWO,poblacional,54600.0,54600.0,False,False,,,,,,,17,0,45,Llenando ventana
46,1,GWO,poblacional,54600.0,54600.0,False,False,,,,,,,18,0,46,Llenando ventana
47,1,GWO,poblacional,54600.0,54600.0,False,False,,,,,,,19,0,47,Llenando ventana
48,1,GWO,poblacional,54600.0,54600.0,False,False,,,,,,,20,0,48,Llenando ventana
49,1,GWO,poblacional,54600.0,54600.0,False,False,,,,,,,21,0,49,Llenando ventana
50,1,GWO,poblacional,54600.0,54600.0,False,False,,,,,,,22,0,50,Llenando ventana
51,1,GWO,poblacional,54600.0,54600.0,False,False,,,,,,,23,0,51,Llenando ventana
52,1,GWO,poblacional,54600.0,54600.0,False,False,,,,,,,24,0,52,Llenando ventana
53,1,GWO,poblacional,54600.0,54600.0,False,False,,,,,,,25,0,53,Llenando ventana
54,1,GWO,poblacional,54600.0,54600.0,False,False,,,,,,,26,0,54,Llenando ventana
55,1,GWO,poblacional,54600.0,54600.0,False,False,,,,,,,27,0,55,Llenando ventana
56,1,GWO,poblacional,54600.0,54600.0,False,False,,,,,,,28,0,56,Llenando ventana
57,1,GWO,poblacional,54600.0,54600.0,False,False,,,,,,,29,0,57,Llenando ventana
58,1,GWO,poblacional,54600.0,54600.0,False,False,,,,,,,30,0,58,Llenando ventana
59,1,GWO,poblacional,54600.0,54600.0,False,False,,,,,,,31,0,59,Llenando ventana
60,1,GWO,poblacional,54600.0,54600.0,False,False,,,,,,,32,0,60,Llenando ventana
61,1,GWO,poblacional,54600.0,54600.0,False,False,,,,,,,33,0,61,Llenando ventana
62,1,GWO,poblacional,54600.0,54600.0,False,False,,,,,,,34,0,62,Llenando ventana
63,1,GWO,poblacional,54600.0,54600.0,False,False,,,,,,,35,0,63,Llenando ventana
64,1,GWO,poblacional,54600.0,54600.0,False,False,,,,,,,36,0,64,Llenando ventana
65,1,GWO,poblacional,54600.0,54600.0,False,False,,,,,,,37,0,65,Llenando ventana
66,1,GWO,poblacional,54600.0,54600.0,False,False,,,,,,,38,0,66,Llenando ventana
67,1,GWO,poblacional,54600.0,54600.0,False,False,,,,,,,39,0,67,Llenando ventana
68,1,GWO,poblacional,54600.0,54600.0,False,False,,,,,,,40,0,68,Llenando ventana
69,1,GWO,poblacional,54600.0,54600.0,False,False,,,,,,,41,0,69,Llenando ventana
70,1,GWO,poblacional,54600.0,54600.0,False,False,,,,,,,42,0,70,Llenando ventana
71,1,GWO,poblacional,54600.0,54600.0,False,False,,,,,,,43,0,71,Llenando ventana
72,1,GWO,poblacional,54600.0,54600.0,False,False,,,,,,,44,0,72,Llenando ventana
73,1,GWO,poblacional,54600.0,54600.0,False,False,,,,,,,45,0,73,Llenando ventana
74,1,GWO,poblacional,54600.0,54600.0,False,False,,,,,,,46,0,74,Llenando ventana
75,1,GWO,poblacional,54600.0,54600.0,True,False,45823.69999999999,46144.0,-320.3000000000102,7.5,37.5,22.5,47,0,75,Explotacion activa
76,1,GWO,poblacional,54600.0,54600.0,True,False,46613.89999999999,46936.0,-322.1000000000131,7.5,37.5,22.5,48,0,76,Explotacion activa
77,1,GWO,poblacional,54600.0,54600.0,True,False,47404.29999999998,47728.0,-323.7000000000189,7.5,37.5,22.5,49,0,77,Explotacion activa
78,1,GWO,poblacional,54600.0,54600.0,True,False,44676.69999999999,44995.0,-318.3000000000102,7.5,37.5,22.5,50,0,78,Explotacion activa
79,1,GWO,poblacional,54600.0,54600.0,True,False,45419.69999999999,45740.0,-320.3000000000102,7.5,37.5,22.5,51,0,79,Explotacion activa
80,1,GWO,poblacional,54600.0,54600.0,True,False,46162.89999999999,46485.0,-322.1000000000131,7.5,37.5,22.5,52,0,80,Explotacion activa
81,1,GWO,poblacional,54600.0,54600.0,True,False,46906.29999999998,47230.0,-323.7000000000189,7.5,37.5,22.5,53,0,81,Explotacion activa
82,1,GWO,poblacional,54600.0,54600.0,True,False,44876.29999999998,45200.0,-323.7000000000189,7.5,37.5,22.5,54,0,82,Explotacion activa
83,1,GWO,poblacional,54600.0,54600.0,True,False,35996.89999999999,36308.0,-311.1000000000131,7.5,37.5,22.5,55,0,83,Explotacion activa
84,1,GWO,poblacional,54600.0,54600.0,True,False,36574.29999999998,36888.0,-313.7000000000189,45138.5,46298.19999999999,-319.70000000001016,56,1,84,Explotacion activa
85,1,GWO,poblacional,54600.0,54600.0,True,False,37151.89999999999,37468.0,-316.1000000000131,44995.0,46162.89999999999,-318.3000000000102,57,2,85,Explotacion activa
86,1,GWO,poblacional,54600.0,54600.0,True,False,37901.69999999999,38220.0,-318.3000000000102,40252.5,46061.139999999985,-318.3000000000102,0,0,86,Explotacion activa
87,1,GWO,poblacional,54600.0,54600.0,True,False,38651.69999999999,38972.0,-320.3000000000102,38671.2,45959.37999999999,-318.3000000000102,1,0,87,Explotacion activa
88,1,GWO,poblacional,54600.0,54600.0,True,False,39401.89999999999,39724.0,-322.1000000000131,38896.8,45857.61999999999,-318.3000000000102,2,0,88,Explotacion activa
89,1,GWO,poblacional,54600.0,54600.0,True,False,40152.29999999998,40476.0,-323.7000000000189,39122.4,45742.89999999999,-318.70000000001016,3,0,89,Explotacion activa
90,1,GWO,poblacional,54600.0,54600.0,True,False,17007.899999999987,17303.0,-295.1000000000131,38596.0,45621.69999999999,-318.3000000000102,4,0,90,Explotacion activa
91,1,GWO,poblacional,54600.0,54600.0,True,False,17437.29999999998,17736.0,-298.7000000000189,38069.6,45500.49999999999,-317.86000000001076,5,0,91,Explotacion activa
92,1,GWO,poblacional,54600.0,54600.0,True,False,17866.899999999987,18169.0,-302.1000000000131,37543.2,45365.359999999986,-316.3200000000128,6,0,92,Explotacion activa
93,1,GWO,poblacional,54600.0,54600.0,True,False,18296.69999999999,18602.0,-305.3000000000102,37120.0,45202.33999999999,-314.66000000001657,7,0,93,Explotacion activa
94,1,GWO,poblacional,54600.0,54600.0,True,False,18726.69999999999,19035.0,-308.3000000000102,36714.0,45039.319999999985,-312.9200000000172,8,0,94,Explotacion activa
95,1,GWO,poblacional,54600.0,54600.0,True,False,19156.899999999987,19468.0,-311.1000000000131,36308.0,44876.29999999998,-311.1000000000131,9,0,95,Explotacion activa
96,1,GWO,poblacional,54600.0,54600.0,True,False,19587.29999999998,19901.0,-313.7000000000189,24823.1,44816.419999999984,-311.88000000001483,10,0,96,Explotacion activa
97,1,GWO,poblacional,54600.0,54600.0,True,False,20017.899999999987,20334.0,-316.1000000000131,20160.8,44756.539999999986,-312.66000000001657,11,0,97,Explotacion activa
98,1,GWO,poblacional,54600.0,54600.0,True,False,20448.69999999999,20767.0,-318.3000000000102,20290.7,44696.65999999999,-313.44000000001836,12,0,98,Explotacion activa
99,1,GWO,poblacional,54600.0,54600.0,True,False,20879.69999999999,21200.0,-320.3000000000102,20420.6,43771.81999999998,-313.7000000000189,13,0,99,Explotacion activa
100,1,GWO,poblacional,54600.0,54600.0,True,False,21310.899999999987,21633.0,-322.1000000000131,20550.5,42414.499999999985,-313.7000000000189,14,0,100,Explotacion activa
101,1,GWO,poblacional,54600.0,54600.0,True,False,21742.29999999998,22066.0,-323.7000000000189,20680.4,41057.17999999998,-313.7000000000189,15,0,101,Explotacion activa
102,1,GWO,poblacional,54600.0,54600.0,True,False,2977.0999999999913,2924.0,53.09999999999127,20377.3,40077.25999999998,-313.7000000000189,16,1,102,Explotacion activa
103,1,GWO,poblacional,54600.0,54600.0,True,False,3137.699999999997,3096.0,41.69999999999709,20074.2,39852.139999999985,-312.14000000001545,17,2,103,Explotacion activa
104,1,GWO,poblacional,54600.0,54600.0,True,False,3298.5,3268.0,30.5,19771.1,39627.01999999998,-311.1000000000131,18,3,104,Explotacion activa
105,1,GWO,poblacional,54600.0,54600.0,True,False,3459.5,3440.0,19.5,19468.0,39401.89999999999,-311.1000000000131,19,4,105,Explotacion activa
106,1,GWO,poblacional,54600.0,54600.0,True,False,3620.699999999997,3612.0,8.69999999999709,19164.899999999998,39176.83999999999,-309.14000000001107,20,5,106,Explotacion activa
107,1,GWO,poblacional,54600.0,54600.0,True,False,3782.0999999999913,3784.0,-1.9000000000087311,18861.8,38951.779999999984,-307.1000000000102,21,6,107,Explotacion activa
108,1,GWO,poblacional,54600.0,54600.0,True,False,3943.699999999997,3956.0,-12.30000000000291,18558.7,38726.71999999999,-304.9800000000105,22,7,108,Explotacion activa
109,1,GWO,poblacional,54600.0,54600.0,True,False,4105.5,4128.0,-22.5,18255.6,38501.69999999999,-302.7400000000125,23,8,109,Explotacion activa
110,1,GWO,poblacional,54600.0,54600.0,True,False,4267.5,4300.0,-32.5,17952.5,38276.69999999999,-300.400000000016,24,9,110,Explotacion activa
111,1,GWO,poblacional,54600.0,54600.0,True,False,4429.699999999997,4472.0,-42.30000000000291,17649.399999999998,38051.69999999999,-297.98000000001775,25,10,111,Explotacion activa
112,1,GWO,poblacional,54600.0,54600.0,True,False,4592.099999999991,4644.0,-51.90000000000873,17346.3,37826.71999999999,-295.4600000000137,26,11,112,Explotacion activa
113,1,GWO,poblacional,54600.0,54600.0,True,False,4754.699999999997,4816.0,-61.30000000000291,9810.800000000005,37601.779999999984,-154.8200000000075,27,12,113,Explotacion activa
114,1,GWO,poblacional,54600.0,54600.0,True,False,4917.5,4988.0,-70.5,4936.4,37376.83999999999,-67.7400000000009,28,0,114,Explotacion activa
115,1,GWO,poblacional,54600.0,54600.0,True,False,5080.5,5160.0,-79.5,4988.0,37151.89999999999,-70.5,29,0,115,Explotacion activa
116,1,GWO,poblacional,54600.0,54600.0,True,False,5243.699999999997,5332.0,-88.30000000000291,5039.599999999999,36978.61999999999,-73.2,30,0,116,Explotacion activa
117,1,GWO,poblacional,54600.0,54600.0,True,False,5407.099999999991,5504.0,-96.90000000000873,5091.2,36805.33999999998,-75.9,31,0,117,Explotacion activa
118,1,GWO,poblacional,54600.0,54600.0,True,False,5570.699999999997,5676.0,-105.30000000000291,5142.8,36632.05999999998,-78.60000000000002,32,0,118,Explotacion activa
119,1,GWO,poblacional,54600.0,54600.0,True,False,5901.5,6015.0,-113.5,5194.4,36458.81999999998,-81.2600000000006,0,0,119,Explotacion activa
120,1,GWO,poblacional,54600.0,54600.0,True,False,6232.5,6354.0,-121.5,5246.0,36285.599999999984,-83.90000000000148,1,0,120,Explotacion activa
121,1,GWO,poblacional,54600.0,54600.0,True,False,6563.699999999997,6693.0,-129.3000000000029,5297.599999999999,36112.37999999998,-86.54000000000237,2,0,121,Explotacion activa
122,1,GWO,poblacional,54600.0,54600.0,True,False,6895.099999999991,7032.0,-136.90000000000873,5349.2,34571.439999999966,-89.1600000000035,3,0,122,Explotacion activa
123,1,GWO,poblacional,54600.0,54600.0,True,False,7226.69999999999,7371.0,-144.3000000000102,5400.8,30295.059999999903,-91.74000000000528,4,0,123,Explotacion activa
124,2,SA,trayectoria,55776.0,55123.0,True,False,7558.299999999988,7710.0,-151.70000000001164,5452.4,26018.679999999942,-94.32000000000701,5,0,124,Explotacion activa
125,2,SA,trayectoria,55776.0,54144.0,True,False,7889.899999999987,8049.0,-159.1000000000131,5504.0,21742.29999999998,-96.90000000000873,6,0,125,Explotacion activa
126,2,SA,trayectoria,55776.0,55238.0,True,False,8221.499999999985,8388.0,-166.50000000001455,5555.599999999999,21612.87999999998,-99.42000000000702,7,0,126,Explotacion activa
127,2,SA,trayectoria,55823.0,54836.0,True,False,8553.099999999984,8727.0,-173.900000000016,5607.2,21483.459999999985,-101.94000000000526,8,0,127,Explotacion activa
128,2,SA,trayectoria,55823.0,54475.0,True,False,8884.699999999983,9066.0,-181.30000000001746,5658.8,21354.039999999983,-104.46000000000355,9,0,128,Explotacion activa
129,2,SA,trayectoria,55823.0,55725.0,True,False,9216.299999999981,9405.0,-188.70000000001892,5743.8,21224.659999999985,-106.94000000000236,10,0,129,Explotacion activa
130,2,SA,trayectoria,55823.0,54806.0,True,False,9547.899999999987,9744.0,-196.1000000000131,5845.5,21095.29999999999,-109.40000000000146,11,0,130,Explotacion activa
131,2,SA,trayectoria,55860.0,55225.0,True,False,9879.69999999999,10083.0,-203.3000000000102,5947.2,20965.939999999988,-111.86000000000061,12,0,131,Explotacion activa
132,2,SA,trayectoria,55988.0,54966.0,True,False,10211.69999999999,10422.0,-210.3000000000102,6048.9,20836.599999999988,-114.30000000000001,13,0,132,Explotacion activa
133,2,SA,trayectoria,55988.0,54401.0,True,False,10543.899999999987,10761.0,-217.1000000000131,6150.599999999999,20707.29999999999,-116.70000000000005,14,0,133,Explotacion activa
134,2,SA,trayectoria,55988.0,55119.0,True,False,10876.299999999981,11100.0,-223.70000000001892,6252.3,20577.99999999999,-119.10000000000002,15,0,134,Explotacion activa
135,2,SA,trayectoria,55988.0,54678.0,True,False,11616.899999999987,11847.0,-230.1000000000131,6354.0,20448.69999999999,-121.5,0,0,135,Explotacion activa
136,2,SA,trayectoria,55988.0,55132.0,True,False,12357.69999999999,12594.0,-236.3000000000102,6455.7,20319.45999999999,-123.84000000000091,1,0,136,Explotacion activa
137,2,SA,trayectoria,55988.0,53099.0,True,False,13098.69999999999,13341.0,-242.3000000000102,6557.4,20190.219999999987,-126.18000000000175,2,0,137,Explotacion activa
138,2,SA,trayectoria,55988.0,53913.0,True,False,13839.899999999987,14088.0,-248.1000000000131,6659.099999999999,20060.979999999985,-128.52000000000265,3,0,138,Explotacion activa
139,2,SA,trayectoria,56307.0,54845.0,True,False,14581.299999999981,14835.0,-253.70000000001892,6760.8,19931.779999999984,-130.8200000000041,4,0,139,Explotacion activa
140,2,SA,trayectoria,56307.0,54482.0,True,False,15322.899999999987,15582.0,-259.1000000000131,6862.5,19802.599999999984,-133.10000000000582,5,0,140,Explotacion activa
141,2,SA,trayectoria,56307.0,54246.0,True,False,16064.69999999999,16329.0,-264.3000000000102,6964.2,19673.41999999998,-135.3800000000076,6,0,141,Explotacion activa
142,2,SA,trayectoria,56307.0,54884.0,True,False,16806.69999999999,17076.0,-269.3000000000102,7065.9,19544.25999999998,-137.64000000000888,7,0,142,Explotacion activa
143,2,SA,trayectoria,56307.0,55059.0,True,False,17588.899999999987,17863.0,-274.1000000000131,7167.599999999999,19415.13999999998,-139.86000000000936,0,0,143,Explotacion activa
144,2,SA,trayectoria,56307.0,54238.0,True,False,18371.29999999998,18650.0,-278.7000000000189,7269.3,19286.019999999982,-142.08000000000976,1,0,144,Explotacion activa
145,2,SA,trayectoria,56307.0,54852.0,True,False,19476.899999999987,19760.0,-283.1000000000131,7371.0,19476.899999999987,-144.3000000000102,0,0,145,Explotacion activa
146,2,SA,trayectoria,56307.0,54870.0,True,False,20582.69999999999,20870.0,-287.3000000000102,7472.7,19554.179999999982,-146.52000000001067,1,0,146,Explotacion activa
147,2,SA,trayectoria,56307.0,54384.0,True,False,21688.69999999999,21980.0,-291.3000000000102,7574.4,19759.539999999983,-148.74000000001107,2,0,147,Explotacion activa
148,2,SA,trayectoria,56307.0,54417.0,True,False,22794.899999999987,23090.0,-295.1000000000131,7676.099999999999,20060.979999999985,-150.96000000001155,3,0,148,Explotacion activa
149,2,SA,trayectoria,56307.0,54382.0,True,False,23901.29999999998,24200.0,-298.7000000000189,7777.8,20362.539999999986,-153.18000000001194,4,0,149,Explotacion activa
150,2,SA,trayectoria,56307.0,54548.0,True,False,25007.899999999987,25310.0,-302.1000000000131,7879.5,20515.69999999999,-155.40000000001237,5,0,150,Explotacion activa
151,2,SA,trayectoria,56568.0,55365.0,True,False,26114.69999999999,26420.0,-305.3000000000102,7981.2,20642.099999999988,-157.62000000001285,6,0,151,Explotacion activa
152,2,SA,trayectoria,56568.0,54287.0,True,False,27366.69999999999,27675.0,-308.3000000000102,8082.9,20849.99999999999,-159.84000000001325,0,0,152,Explotacion activa
153,2,SA,trayectoria,56568.0,55453.0,True,False,28618.899999999987,28930.0,-311.1000000000131,8184.599999999999,21138.419999999987,-162.06000000001373,1,0,153,Explotacion activa
154,2,SA,trayectoria,56568.0,54227.0,True,False,29871.29999999998,30185.0,-313.7000000000189,8286.3,21424.239999999987,-164.28000000001413,2,0,154,Explotacion activa
155,2,SA,trayectoria,56568.0,53425.0,True,False,31123.899999999987,31440.0,-316.1000000000131,8388.0,21688.69999999999,-166.50000000001455,3,0,155,Explotacion activa
156,2,SA,trayectoria,56568.0,55286.0,True,False,32376.69999999999,32695.0,-318.3000000000102,8489.7,21726.219999999983,-168.72000000001503,4,0,156,Explotacion activa
157,2,SA,trayectoria,56568.0,54685.0,True,False,33629.69999999999,33950.0,-320.3000000000102,8591.4,22163.339999999982,-170.94000000001543,5,0,157,Explotacion activa
158,2,SA,trayectoria,56568.0,54807.0,True,False,34882.89999999999,35205.0,-322.1000000000131,8693.1,22905.53999999998,-173.1600000000159,6,0,158,Explotacion activa
159,2,SA,trayectoria,56568.0,55288.0,True,False,36136.29999999998,36460.0,-323.7000000000189,8794.8,23680.01999999998,-175.3800000000163,7,0,159,Explotacion activa
160,2,SA,trayectoria,56568.0,54793.0,True,False,24641.099999999984,24815.0,-173.900000000016,8896.5,24271.19999999998,-173.900000000016,8,0,160,Explotacion activa
161,2,SA,trayectoria,56568.0,54619.0,True,False,25716.699999999983,25898.0,-181.30000000001746,8998.2,24714.459999999985,-173.900000000016,9,0,161,Explotacion activa
162,2,SA,trayectoria,56568.0,54516.0,True,False,26792.29999999998,26981.0,-188.70000000001892,9099.9,24971.219999999987,-174.64000000001616,10,0,162,Explotacion activa
163,2,SA,trayectoria,56568.0,54604.0,True,False,27867.899999999987,28064.0,-196.1000000000131,9201.6,25433.17999999998,-176.86000000001664,11,0,163,Explotacion activa
164,2,SA,trayectoria,56568.0,54186.0,True,False,28943.69999999999,29147.0,-203.3000000000102,9303.3,25836.099999999984,-179.08000000001704,12,0,164,Explotacion activa
165,2,SA,trayectoria,56568.0,54507.0,True,False,30019.69999999999,30230.0,-210.3000000000102,9405.0,26114.699999999986,-181.30000000001746,13,0,165,Explotacion activa
166,2,SA,trayectoria,56568.0,54988.0,True,False,31095.899999999987,31313.0,-217.1000000000131,9506.7,26589.019999999982,-181.30000000001746,14,0,166,Explotacion activa
167,2,SA,trayectoria,56568.0,55844.0,True,False,32172.29999999998,32396.0,-223.70000000001892,9608.4,27022.05999999998,-181.30000000001746,15,0,167,Explotacion activa
168,2,SA,trayectoria,56568.0,54724.0,True,False,33248.89999999999,33479.0,-230.1000000000131,9710.1,27416.819999999985,-181.30000000001746,16,0,168,Explotacion activa
169,2,SA,trayectoria,56568.0,56177.0,True,False,34325.69999999999,34562.0,-236.3000000000102,9811.8,27767.659999999985,-182.78000000001776,17,0,169,Explotacion activa
170,2,SA,trayectoria,56568.0,54550.0,True,False,35402.69999999999,35645.0,-242.3000000000102,9913.5,28243.399999999987,-185.0000000000182,18,0,170,Explotacion activa
171,2,SA,trayectoria,56568.0,55067.0,True,False,36479.89999999999,36728.0,-248.1000000000131,10015.199999999999,28683.859999999982,-187.2200000000187,19,0,171,Explotacion activa
172,2,SA,trayectoria,56568.0,54397.0,True,False,37557.29999999998,37811.0,-253.70000000001892,10116.9,28911.219999999987,-188.70000000001892,20,0,172,Explotacion activa
173,2,SA,trayectoria,56568.0,54420.0,True,False,38634.89999999999,38894.0,-259.1000000000131,10218.6,29500.25999999998,-188.70000000001892,21,0,173,Explotacion activa
174,2,SA,trayectoria,56568.0,54532.0,True,False,39762.69999999999,40027.0,-264.3000000000102,10320.3,29915.81999999998,-188.70000000001892,0,0,174,Explotacion activa
175,2,SA,trayectoria,56568.0,55678.0,True,False,40890.69999999999,41160.0,-269.3000000000102,10422.0,30019.69999999999,-188.70000000001892,1,0,175,Explotacion activa
176,2,SA,trayectoria,56568.0,55681.0,True,False,42018.89999999999,42293.0,-274.1000000000131,10523.699999999999,30773.039999999975,-190.92000000001727,2,0,176,Explotacion activa
177,2,SA,trayectoria,56568.0,55207.0,True,False,43254.29999999998,43533.0,-278.7000000000189,10625.4,31107.099999999988,-193.14000000001548,0,0,177,Explotacion activa
178,2,SA,trayectoria,56568.0,55198.0,True,False,44489.89999999999,44773.0,-283.1000000000131,10727.1,31228.73999999998,-195.3600000000137,1,0,178,Explotacion activa
179,2,SA,trayectoria,56568.0,55611.0,True,False,45725.69999999999,46013.0,-287.3000000000102,10828.8,31962.61999999998,-196.1000000000131,2,0,179,Explotacion activa
180,2,SA,trayectoria,56568.0,56153.0,True,False,46961.69999999999,47253.0,-291.3000000000102,10930.5,32274.499999999985,-196.1000000000131,3,0,180,Explotacion activa
181,2,SA,trayectoria,56568.0,55501.0,True,False,48197.89999999999,48493.0,-295.1000000000131,11032.199999999999,32551.139999999978,-196.1000000000131,4,0,181,Explotacion activa
182,2,SA,trayectoria,56568.0,54961.0,True,False,49434.29999999998,49733.0,-298.7000000000189,11174.7,33161.67999999998,-196.82000000001287,5,0,182,Explotacion activa
183,2,SA,trayectoria,56568.0,55894.0,True,False,50670.89999999999,50973.0,-302.1000000000131,11398.8,33477.37999999999,-198.98000000001198,6,0,183,Explotacion activa
184,2,SA,trayectoria,56568.0,55680.0,True,False,51907.69999999999,52213.0,-305.3000000000102,11622.899999999996,33838.499999999985,-201.14000000001107,7,0,184,Explotacion activa
185,2,SA,trayectoria,56568.0,55747.0,True,False,53144.69999999999,53453.0,-308.3000000000102,11847.0,34325.69999999999,-203.3000000000102,8,0,185,Explotacion activa
186,2,SA,trayectoria,56568.0,55324.0,True,False,54393.89999999999,54705.0,-311.1000000000131,12071.099999999999,34715.73999999998,-203.3000000000102,0,0,186,Explotacion activa
187,2,SA,trayectoria,56568.0,55174.0,True,False,55643.29999999998,55957.0,-313.7000000000189,12295.2,35090.819999999985,-203.3000000000102,1,0,187,Explotacion activa
188,2,SA,trayectoria,56568.0,55154.0,True,False,56892.89999999999,57209.0,-316.1000000000131,12519.3,35462.11999999999,-203.3000000000102,2,0,188,Explotacion activa
189,2,SA,trayectoria,56568.0,55629.0,True,False,58142.69999999999,58461.0,-318.3000000000102,12743.399999999996,35878.05999999998,-204.70000000001022,3,0,189,Explotacion activa
190,2,SA,trayectoria,56568.0,54922.0,True,False,59392.69999999999,59713.0,-320.3000000000102,12967.5,36066.599999999984,-206.8000000000102,4,0,190,Explotacion activa
191,2,SA,trayectoria,56568.0,53997.0,True,False,60642.89999999999,60965.0,-322.1000000000131,13191.599999999999,36205.019999999975,-208.90000000001027,5,0,191,Explotacion activa
192,2,SA,trayectoria,56568.0,54518.0,True,False,61893.29999999998,62217.0,-323.7000000000189,13415.7,36445.539999999986,-210.3000000000102,6,0,192,Explotacion activa
193,2,SA,trayectoria,56568.0,55153.0,True,False,50665.29999999998,50944.0,-278.7000000000189,13639.8,36536.539999999986,-210.3000000000102,7,0,193,Explotacion activa
194,2,SA,trayectoria,56568.0,55168.0,True,False,51745.89999999999,52029.0,-283.1000000000131,13863.899999999996,36747.57999999998,-210.3000000000102,8,0,194,Explotacion activa
195,2,SA,trayectoria,56568.0,54870.0,True,False,52826.69999999999,53114.0,-287.3000000000102,14088.0,37151.89999999999,-210.3000000000102,9,0,195,Explotacion activa
196,2,SA,trayectoria,56568.0,54788.0,True,False,53907.69999999999,54199.0,-291.3000000000102,14312.099999999999,37435.67999999998,-212.34000000001114,10,0,196,Explotacion activa
197,2,SA,trayectoria,56568.0,55456.0,True,False,54988.89999999999,55284.0,-295.1000000000131,14536.2,37695.05999999998,-214.380000000012,11,0,197,Explotacion activa
198,2,SA,trayectoria,56568.0,55222.0,True,False,56070.29999999998,56369.0,-298.7000000000189,14760.3,37975.01999999998,-216.42000000001283,12,0,198,Explotacion activa
199,2,SA,trayectoria,56568.0,56427.0,True,False,57151.89999999999,57454.0,-302.1000000000131,14984.399999999996,38488.25999999999,-217.1000000000131,13,0,199,Explotacion activa
200,2,SA,trayectoria,56568.0,54914.0,True,False,58233.69999999999,58539.0,-305.3000000000102,15208.5,38643.29999999999,-217.1000000000131,14,0,200,Explotacion activa
201,2,SA,trayectoria,56568.0,55387.0,True,False,59315.69999999999,59624.0,-308.3000000000102,15432.599999999999,38801.73999999998,-217.1000000000131,15,0,201,Explotacion activa
202,2,SA,trayectoria,56568.0,54281.0,True,False,60397.89999999999,60709.0,-311.1000000000131,15656.7,39326.87999999998,-217.76000000001375,16,0,202,Explotacion activa
203,2,SA,trayectoria,56568.0,55051.0,True,False,61480.29999999998,61794.0,-313.7000000000189,15880.8,39618.37999999999,-219.74000000001547,17,0,203,Explotacion activa
204,2,SA,trayectoria,56568.0,54779.0,True,False,62562.89999999999,62879.0,-316.1000000000131,16104.899999999996,39879.57999999999,-221.7200000000172,18,0,204,Explotacion activa
205,2,SA,trayectoria,56568.0,54648.0,True,False,63745.69999999999,64064.0,-318.3000000000102,16329.0,40152.29999999998,-223.70000000001892,0,0,205,Explotacion activa
206,2,SA,trayectoria,56568.0,55082.0,True,False,64928.69999999999,65249.0,-320.3000000000102,16553.1,40669.17999999998,-223.70000000001892,1,0,206,Explotacion activa
207,2,SA,trayectoria,56568.0,54944.0,True,False,66111.9,66434.0,-322.1000000000058,16777.2,41341.97999999998,-223.70000000001892,2,0,207,Explotacion activa
208,2,SA,trayectoria,56568.0,55448.0,True,False,67502.29999999999,67826.0,-323.70000000001164,17001.3,42142.43999999998,-223.70000000001892,0,0,208,Explotacion activa
209,2,SA,trayectoria,56740.0,55909.0,True,False,38438.69999999999,38747.0,-308.3000000000102,17121.399999999998,41793.25999999999,-224.98000000001778,0,0,209,Explotacion activa
210,2,SA,trayectoria,56740.0,55563.0,True,False,39548.89999999999,39860.0,-311.1000000000131,17189.5,41454.79999999999,-226.900000000016,1,0,210,Explotacion activa
211,2,SA,trayectoria,56740.0,55595.0,True,False,40659.29999999998,40973.0,-313.7000000000189,17257.6,41116.339999999975,-228.82000000001435,2,0,211,Explotacion activa
212,2,SA,trayectoria,56740.0,55094.0,True,False,41769.89999999999,42086.0,-316.1000000000131,17346.3,41681.97999999998,-230.1000000000131,3,0,212,Explotacion activa
213,2,SA,trayectoria,56740.0,55593.0,True,False,42880.69999999999,43199.0,-318.3000000000102,17476.2,41919.29999999999,-230.1000000000131,4,0,213,Explotacion activa
214,2,SA,trayectoria,56740.0,54196.0,True,False,43991.69999999999,44312.0,-320.3000000000102,17606.1,42277.43999999999,-230.1000000000131,5,0,214,Explotacion activa
215,2,SA,trayectoria,56740.0,53991.0,True,False,45102.89999999999,45425.0,-322.1000000000131,17736.0,42880.69999999999,-230.1000000000131,6,0,215,Explotacion activa
216,2,SA,trayectoria,56740.0,56018.0,True,False,46214.29999999998,46538.0,-323.7000000000189,17774.1,43142.21999999998,-231.9600000000123,7,0,216,Explotacion activa
217,2,SA,trayectoria,56740.0,56104.0,True,False,44328.89999999999,44651.0,-322.1000000000131,17812.2,43549.25999999998,-233.8200000000114,8,0,217,Explotacion activa
218,2,SA,trayectoria,56740.0,56282.0,True,False,45400.29999999998,45724.0,-323.7000000000189,17850.3,44025.41999999999,-235.68000000001052,9,0,218,Explotacion activa
219,2,SA,trayectoria,56740.0,54815.0,True,False,22260.899999999987,22572.0,-311.1000000000131,17924.199999999997,43844.21999999999,-236.3000000000102,10,0,219,Explotacion activa
220,2,SA,trayectoria,56740.0,55499.0,True,False,23008.29999999998,23322.0,-313.7000000000189,18016.0,43622.999999999985,-236.3000000000102,11,0,220,Explotacion activa
221,2,SA,trayectoria,56740.0,54881.0,True,False,23755.899999999987,24072.0,-316.1000000000131,18107.8,43401.77999999998,-236.3000000000102,12,0,221,Explotacion activa
222,2,SA,trayectoria,56740.0,56371.0,True,False,24503.69999999999,24822.0,-318.3000000000102,18212.3,43216.93999999998,-236.90000000001024,13,0,222,Explotacion activa
223,2,SA,trayectoria,56740.0,56411.0,True,False,25251.69999999999,25572.0,-320.3000000000102,18342.2,43104.859999999986,-238.70000000001022,14,0,223,Explotacion activa
224,2,SA,trayectoria,56740.0,56104.0,True,False,25999.899999999987,26322.0,-322.1000000000131,18472.1,42992.779999999984,-240.5000000000102,15,0,224,Explotacion activa
225,2,SA,trayectoria,56740.0,56011.0,True,False,26748.29999999998,27072.0,-323.7000000000189,18602.0,42880.69999999999,-242.3000000000102,16,0,225,Explotacion activa
226,2,SA,trayectoria,56740.0,55807.0,True,False,16698.899999999987,16947.0,-248.1000000000131,18298.899999999998,42622.15999999998,-242.3000000000102,17,0,226,Explotacion activa
227,2,SA,trayectoria,56740.0,56163.0,True,False,17298.29999999998,17552.0,-253.70000000001892,18046.600000000002,42363.61999999998,-242.3000000000102,18,0,227,Explotacion activa
228,2,SA,trayectoria,56740.0,55639.0,True,False,17897.899999999987,18157.0,-259.1000000000131,18127.6,42105.07999999998,-242.3000000000102,19,0,228,Explotacion activa
229,2,SA,trayectoria,56740.0,56140.0,True,False,18497.69999999999,18762.0,-264.3000000000102,18159.4,41969.099999999984,-243.46000000001078,20,0,229,Explotacion activa
230,2,SA,trayectoria,56740.0,55580.0,True,False,19097.69999999999,19367.0,-269.3000000000102,18163.0,41894.39999999999,-245.20000000001164,21,0,230,Explotacion activa
231,2,SA,trayectoria,56740.0,56297.0,True,False,19697.899999999987,19972.0,-274.1000000000131,18166.6,41819.69999999998,-246.9400000000126,22,0,231,Explotacion activa
232,2,SA,trayectoria,56740.0,56436.0,True,False,20298.29999999998,20577.0,-278.7000000000189,18212.3,41681.97999999998,-248.1000000000131,23,0,232,Explotacion activa
233,2,SA,trayectoria,56740.0,56485.0,True,False,20898.899999999987,21182.0,-283.1000000000131,18342.2,41418.21999999999,-248.1000000000131,24,0,233,Explotacion activa
234,2,SA,trayectoria,56740.0,56028.0,True,False,21499.69999999999,21787.0,-287.3000000000102,18472.1,41154.459999999985,-248.1000000000131,25,0,234,Explotacion activa
235,2,SA,trayectoria,56740.0,55779.0,True,False,22161.69999999999,22453.0,-291.3000000000102,18602.0,40890.69999999999,-248.1000000000131,0,0,235,Explotacion activa
236,2,SA,trayectoria,56740.0,55929.0,True,False,22823.899999999987,23119.0,-295.1000000000131,18616.4,40821.279999999984,-248.1000000000131,1,0,236,Explotacion activa
237,2,SA,trayectoria,56740.0,55687.0,True,False,23486.29999999998,23785.0,-298.7000000000189,18630.8,40751.859999999986,-248.1000000000131,2,0,237,Explotacion activa
238,2,SA,trayectoria,56740.0,56258.0,True,False,24148.899999999987,24451.0,-302.1000000000131,18645.2,40682.43999999998,-248.1000000000131,3,0,238,Explotacion activa
239,2,SA,trayectoria,56740.0,56261.0,True,False,24811.69999999999,25117.0,-305.3000000000102,18672.399999999998,40557.89999999998,-249.22000000001427,4,0,239,Explotacion activa
240,2,SA,trayectoria,56740.0,56554.0,True,False,25474.69999999999,25783.0,-308.3000000000102,18706.0,40405.799999999974,-250.9000000000161,5,0,240,Explotacion activa
241,2,SA,trayectoria,56740.0,56608.0,True,False,26137.899999999987,26449.0,-311.1000000000131,18739.6,40253.699999999975,-252.5800000000178,6,0,241,Explotacion activa
242,2,SA,trayectoria,56907.0,56612.0,True,False,26801.29999999998,27115.0,-313.7000000000189,18789.3,40113.33999999998,-253.70000000001892,7,0,242,Explotacion activa
243,2,SA,trayectoria,56907.0,56160.0,True,False,27464.899999999987,27781.0,-316.1000000000131,18871.2,39996.459999999985,-253.70000000001892,8,0,243,Explotacion activa
244,2,SA,trayectoria,56907.0,56306.0,True,False,28128.69999999999,28447.0,-318.3000000000102,18953.1,39879.57999999999,-253.70000000001892,9,0,244,Explotacion activa
245,2,SA,trayectoria,56907.0,56494.0,True,False,28792.69999999999,29113.0,-320.3000000000102,19035.0,39762.69999999999,-253.70000000001892,10,0,245,Explotacion activa
246,2,SA,trayectoria,56907.0,56494.0,True,False,29456.899999999987,29779.0,-322.1000000000131,19134.6,39698.55999999998,-253.70000000001892,11,0,246,Explotacion activa
247,2,SA,trayectoria,56907.0,56832.0,True,False,30121.29999999998,30445.0,-323.7000000000189,19234.2,39634.419999999984,-253.70000000001892,12,0,247,Explotacion activa
248,2,SA,trayectoria,56907.0,56742.0,True,False,27040.69999999999,27361.0,-320.3000000000102,19333.8,39570.279999999984,-253.70000000001892,13,0,248,Explotacion activa
249,2,SA,trayectoria,56907.0,56742.0,True,False,27654.899999999987,27977.0,-322.1000000000131,19387.2,39519.499999999985,-254.78000000001776,14,0,249,Explotacion activa
250,2,SA,trayectoria,56907.0,56655.0,True,False,28269.29999999998,28593.0,-323.7000000000189,19417.5,39475.39999999999,-256.40000000001606,15,0,250,Explotacion activa
251,2,SA,trayectoria,56907.0,56777.0,True,False,20878.69999999999,21184.0,-305.3000000000102,19447.8,39431.29999999999,-258.0200000000143,16,0,251,Explotacion activa
252,2,SA,trayectoria,56907.0,56480.0,True,False,21384.69999999999,21693.0,-308.3000000000102,19497.2,39326.87999999998,-259.1000000000131,17,0,252,Explotacion activa
253,2,SA,trayectoria,56907.0,56702.0,True,False,21890.899999999987,22202.0,-311.1000000000131,19584.8,39101.819999999985,-259.1000000000131,18,0,253,Explotacion activa
254,2,SA,trayectoria,56907.0,56578.0,True,False,22397.29999999998,22711.0,-313.7000000000189,19672.399999999998,38876.75999999999,-259.1000000000131,19,0,254,Explotacion activa
255,2,SA,trayectoria,56907.0,56697.0,True,False,22903.899999999987,23220.0,-316.1000000000131,19760.0,38651.69999999999,-259.1000000000131,20,0,255,Explotacion activa
256,2,SA,trayectoria,56907.0,56699.0,True,False,23410.69999999999,23729.0,-318.3000000000102,19802.3,38646.65999999999,-259.1000000000131,21,0,256,Explotacion activa
257,2,SA,trayectoria,56907.0,56879.0,True,False,23917.69999999999,24238.0,-320.3000000000102,19844.6,38641.61999999999,-259.1000000000131,22,0,257,Explotacion activa
258,2,SA,trayectoria,57315.0,57315.0,True,False,24424.899999999987,24747.0,-322.1000000000131,19886.9,38636.57999999999,-259.1000000000131,23,0,258,Explotacion activa
259,2,SA,trayectoria,57315.0,57315.0,True,False,24932.29999999998,25256.0,-323.7000000000189,19915.2,38595.65999999998,-260.1400000000126,24,0,259,Explotacion activa
260,2,SA,trayectoria,57315.0,57315.0,True,False,24600.69999999999,24865.0,-264.3000000000102,19936.5,38536.79999999999,-261.70000000001164,25,0,260,Explotacion activa
261,2,SA,trayectoria,57315.0,57315.0,True,False,25092.69999999999,25362.0,-269.3000000000102,19957.8,38477.93999999999,-263.26000000001085,26,0,261,Explotacion activa
262,2,SA,trayectoria,57315.0,57315.0,True,False,25584.899999999987,25859.0,-274.1000000000131,20008.2,38384.99999999999,-264.3000000000102,27,0,262,Explotacion activa
263,2,SA,trayectoria,57315.0,57315.0,True,False,26077.29999999998,26356.0,-278.7000000000189,20116.8,38223.89999999999,-264.3000000000102,28,0,263,Explotacion activa
264,2,SA,trayectoria,57315.0,57315.0,True,False,26569.899999999987,26853.0,-283.1000000000131,20225.399999999998,38062.79999999998,-264.3000000000102,29,0,264,Explotacion activa
265,2,SA,trayectoria,57315.0,57315.0,True,False,27062.69999999999,27350.0,-287.3000000000102,20334.0,37901.69999999999,-264.3000000000102,30,0,265,Explotacion activa
266,2,SA,trayectoria,57355.0,57355.0,True,False,27555.69999999999,27847.0,-291.3000000000102,20406.899999999998,37798.37999999998,-264.3000000000102,31,0,266,Explotacion activa
267,2,SA,trayectoria,57355.0,57236.0,True,False,28048.899999999987,28344.0,-295.1000000000131,20479.8,37695.059999999976,-264.3000000000102,32,0,267,Explotacion activa
268,2,SA,trayectoria,57678.0,57678.0,True,False,28542.29999999998,28841.0,-298.7000000000189,20552.7,37591.73999999998,-264.3000000000102,33,0,268,Explotacion activa
269,2,SA,trayectoria,57678.0,57678.0,True,False,29035.899999999987,29338.0,-302.1000000000131,20615.0,37476.21999999997,-264.3000000000102,34,0,269,Explotacion activa
270,2,SA,trayectoria,57678.0,57678.0,True,False,29529.69999999999,29835.0,-305.3000000000102,20672.0,37354.599999999984,-264.3000000000102,35,0,270,Explotacion activa
271,2,SA,trayectoria,57678.0,57678.0,True,False,30023.69999999999,30332.0,-308.3000000000102,20729.0,37232.97999999998,-264.3000000000102,36,0,271,Explotacion activa
272,2,SA,trayectoria,57678.0,57678.0,True,False,30517.899999999987,30829.0,-311.1000000000131,20777.3,37094.13999999997,-264.8000000000103,37,0,272,Explotacion activa
273,2,SA,trayectoria,57678.0,57678.0,True,False,31012.29999999998,31326.0,-313.7000000000189,20808.2,36920.85999999998,-266.3000000000102,38,0,273,Explotacion activa
274,2,SA,trayectoria,57678.0,57678.0,True,False,31506.899999999987,31823.0,-316.1000000000131,20839.1,36747.57999999997,-267.8000000000103,39,0,274,Explotacion activa
275,2,SA,trayectoria,57823.0,57823.0,True,False,32197.69999999999,32516.0,-318.3000000000102,20870.0,36574.29999999998,-269.3000000000102,0,0,275,Explotacion activa
276,2,SA,trayectoria,57823.0,57823.0,True,False,32888.69999999999,33209.0,-320.3000000000102,20963.6,36545.97999999998,-269.3000000000102,1,0,276,Explotacion activa
277,2,SA,trayectoria,57823.0,57823.0,True,False,33579.89999999999,33902.0,-322.1000000000131,21057.199999999997,36517.65999999998,-269.3000000000102,2,0,277,Explotacion activa
278,2,SA,trayectoria,57823.0,57823.0,True,False,34271.29999999998,34595.0,-323.7000000000189,21150.8,36489.33999999999,-269.3000000000102,3,0,278,Explotacion activa
279,2,SA,trayectoria,57823.0,57823.0,True,False,27467.69999999999,27788.0,-320.3000000000102,21182.4,36411.17999999998,-269.3000000000102,4,0,279,Explotacion activa
280,2,SA,trayectoria,57823.0,57823.0,True,False,28058.899999999987,28381.0,-322.1000000000131,21183.0,36308.099999999984,-269.3000000000102,5,0,280,Explotacion activa
281,2,SA,trayectoria,57823.0,57823.0,False,False,,,-322.1000000000131,,,,0,0,1,Llenando ventana
282,2,SA,trayectoria,57823.0,57823.0,False,False,,,-323.7000000000189,,,,1,0,2,Llenando ventana
283,2,SA,trayectoria,57823.0,57823.0,False,False,,,-173.900000000016,,,,2,0,3,Llenando ventana
284,2,SA,trayectoria,57823.0,57823.0,False,False,,,-181.30000000001746,,,,3,0,4,Llenando ventana
285,2,SA,trayectoria,57823.0,57823.0,False,False,,,-188.70000000001892,,,,4,0,5,Llenando ventana
286,2,SA,trayectoria,57823.0,57823.0,False,False,,,-196.1000000000131,,,,5,0,6,Llenando ventana
287,2,SA,trayectoria,57823.0,57823.0,False,False,,,-203.3000000000102,,,,6,0,7,Llenando ventana
288,2,SA,trayectoria,57823.0,57823.0,False,False,,,-210.3000000000102,,,,7,0,8,Llenando ventana
289,2,SA,trayectoria,57823.0,57823.0,False,False,,,-217.1000000000131,,,,8,0,9,Llenando ventana
290,2,SA,trayectoria,57823.0,57823.0,False,False,,,-223.70000000001892,,,,9,0,10,Llenando ventana
291,2,SA,trayectoria,57823.0,57823.0,False,False,,,-230.1000000000131,,,,10,0,11,Llenando ventana
292,2,SA,trayectoria,57823.0,57823.0,False,False,,,-236.3000000000102,,,,11,0,12,Llenando ventana
293,2,SA,trayectoria,57823.0,57823.0,False,False,,,-242.3000000000102,,,,12,0,13,Llenando ventana
294,2,SA,trayectoria,57823.0,57823.0,False,False,,,-248.1000000000131,,,,13,0,14,Llenando ventana
295,2,SA,trayectoria,57823.0,57823.0,False,False,,,-253.70000000001892,,,,14,0,15,Llenando ventana
296,2,SA,trayectoria,57823.0,57823.0,False,False,,,-259.1000000000131,,,,15,0,16,Llenando ventana
297,2,SA,trayectoria,57873.0,57873.0,False,False,,,-264.3000000000102,,,,16,0,17,Llenando ventana
298,2,SA,trayectoria,57873.0,57873.0,False,False,,,-269.3000000000102,,,,17,0,18,Llenando ventana
299,2,SA,trayectoria,57873.0,57873.0,False,False,,,-274.1000000000131,,,,18,0,19,Llenando ventana
300,2,SA,trayectoria,57980.0,57980.0,False,False,,,-278.7000000000189,,,,19,0,20,Llenando ventana
301,2,SA,trayectoria,57980.0,57980.0,False,False,,,-283.1000000000131,,,,20,0,21,Llenando ventana
302,2,SA,trayectoria,57980.0,57980.0,False,False,,,-287.3000000000102,,,,21,0,22,Llenando ventana
303,2,SA,trayectoria,57980.0,57980.0,False,False,,,-291.3000000000102,,,,22,0,23,Llenando ventana
304,2,SA,trayectoria,57980.0,57952.0,False,False,,,-295.1000000000131,,,,23,0,24,Llenando ventana
305,2,SA,trayectoria,57980.0,57952.0,False,False,,,-298.7000000000189,,,,24,0,25,Llenando ventana
306,2,SA,trayectoria,57980.0,57952.0,False,False,,,-302.1000000000131,,,,25,0,26,Llenando ventana
307,2,SA,trayectoria,57980.0,57952.0,False,False,,,-305.3000000000102,,,,26,0,27,Llenando ventana
308,2,SA,trayectoria,57980.0,57890.0,False,False,,,-308.3000000000102,,,,27,0,28,Llenando ventana
309,2,SA,trayectoria,57992.0,57960.0,False,False,,,-311.1000000000131,,,,28,0,29,Llenando ventana
310,2,SA,trayectoria,57992.0,57960.0,False,False,,,-313.7000000000189,,,,29,0,30,Llenando ventana
311,2,SA,trayectoria,57992.0,57960.0,False,False,,,-316.1000000000131,,,,30,0,31,Llenando ventana
312,2,SA,trayectoria,57992.0,57960.0,False,False,,,-318.3000000000102,,,,31,0,32,Llenando ventana
313,2,SA,trayectoria,57992.0,57977.0,False,False,,,-320.3000000000102,,,,32,0,33,Llenando ventana
314,2,SA,trayectoria,57992.0,57977.0,False,False,,,-322.1000000000131,,,,33,0,34,Llenando ventana
315,2,SA,trayectoria,57992.0,57977.0,False,False,,,-323.7000000000189,,,,34,0,35,Llenando ventana
316,2,SA,trayectoria,57992.0,57977.0,False,False,,,-278.7000000000189,,,,35,0,36,Llenando ventana
317,2,SA,trayectoria,57992.0,57977.0,False,False,,,-283.1000000000131,,,,36,0,37,Llenando ventana
318,2,SA,trayectoria,57992.0,57977.0,False,False,,,-287.3000000000102,,,,37,0,38,Llenando ventana
319,2,SA,trayectoria,57992.0,57977.0,False,False,,,-291.3000000000102,,,,38,0,39,Llenando ventana
320,2,SA,trayectoria,57992.0,57977.0,False,False,,,-295.1000000000131,,,,39,0,40,Llenando ventana
321,2,SA,trayectoria,57992.0,57977.0,False,False,,,-298.7000000000189,,,,40,0,41,Llenando ventana
322,2,SA,trayectoria,57992.0,57977.0,False,False,,,-302.1000000000131,,,,41,0,42,Llenando ventana
323,2,SA,trayectoria,57992.0,57977.0,False,False,,,-305.3000000000102,,,,42,0,43,Llenando ventana
324,2,SA,trayectoria,57992.0,57977.0,False,False,,,-308.3000000000102,,,,43,0,44,Llenando ventana
325,2,SA,trayectoria,57992.0,57977.0,False,False,,,-311.1000000000131,,,,44,0,45,Llenando ventana
326,2,SA,trayectoria,57992.0,57977.0,False,False,,,-313.7000000000189,,,,45,0,46,Llenando ventana
327,2,SA,trayectoria,57992.0,57977.0,False,False,,,-316.1000000000131,,,,46,0,47,Llenando ventana
328,2,SA,trayectoria,58092.0,58092.0,False,False,,,-318.3000000000102,,,,47,0,48,Llenando ventana
329,2,SA,trayectoria,58092.0,58092.0,False,False,,,-320.3000000000102,,,,48,0,49,Llenando ventana
330,2,SA,trayectoria,58092.0,58092.0,False,False,,,-322.1000000000058,,,,49,0,50,Llenando ventana
331,2,SA,trayectoria,58299.0,58299.0,False,False,,,-323.70000000001164,,,,50,0,51,Llenando ventana
332,2,SA,trayectoria,58428.0,58428.0,False,False,,,-308.3000000000102,,,,51,0,52,Llenando ventana
333,2,SA,trayectoria,58428.0,58428.0,False,False,,,-311.1000000000131,,,,52,0,53,Llenando ventana
334,2,SA,trayectoria,58428.0,58428.0,False,False,,,-313.7000000000189,,,,53,0,54,Llenando ventana
335,2,SA,trayectoria,58428.0,58428.0,False,False,,,-316.1000000000131,,,,54,0,55,Llenando ventana
336,2,SA,trayectoria,58428.0,58428.0,False,False,,,-318.3000000000102,,,,55,0,56,Llenando ventana
337,2,SA,trayectoria,58428.0,58428.0,False,False,,,-320.3000000000102,,,,56,0,57,Llenando ventana
338,2,SA,trayectoria,58428.0,58428.0,False,False,,,-322.1000000000131,,,,57,0,58,Llenando ventana
339,2,SA,trayectoria,58428.0,58428.0,False,False,,,-323.7000000000189,,,,58,0,59,Llenando ventana
340,2,SA,trayectoria,58428.0,58428.0,False,False,,,-322.1000000000131,,,,59,0,60,Llenando ventana
341,2,SA,trayectoria,58428.0,58428.0,False,False,,,-323.7000000000189,,,,60,0,61,Llenando ventana
342,2,SA,trayectoria,58428.0,58428.0,False,False,,,-311.1000000000131,,,,61,0,62,Llenando ventana
343,2,SA,trayectoria,58428.0,58428.0,False,False,,,-313.7000000000189,,,,62,0,63,Llenando ventana
344,2,SA,trayectoria,58428.0,58428.0,False,False,,,-316.1000000000131,,,,63,0,64,Llenando ventana
345,2,SA,trayectoria,58428.0,58428.0,False,False,,,-318.3000000000102,,,,64,0,65,Llenando ventana
346,2,SA,trayectoria,58428.0,58428.0,False,False,,,-320.3000000000102,,,,65,0,66,Llenando ventana
347,2,SA,trayectoria,58428.0,58428.0,False,False,,,-322.1000000000131,,,,66,0,67,Llenando ventana
348,2,SA,trayectoria,58428.0,58428.0,False,False,,,-323.7000000000189,,,,67,0,68,Llenando ventana
349,2,SA,trayectoria,58428.0,58428.0,False,False,,,-248.1000000000131,,,,68,0,69,Llenando ventana
350,2,SA,trayectoria,58428.0,58428.0,False,False,,,-253.70000000001892,,,,69,0,70,Llenando ventana
351,2,SA,trayectoria,58428.0,58428.0,False,False,,,-259.1000000000131,,,,70,0,71,Llenando ventana
352,2,SA,trayectoria,58428.0,58428.0,False,False,,,-264.3000000000102,,,,71,0,72,Llenando ventana
353,2,SA,trayectoria,58428.0,58428.0,False,False,,,-269.3000000000102,,,,72,0,73,Llenando ventana
354,2,SA,trayectoria,58428.0,58428.0,False,False,,,-274.1000000000131,,,,73,0,74,Llenando ventana
355,2,SA,trayectoria,58428.0,58428.0,True,False,277.5,0.0,277.5,7.5,37.5,22.5,74,1,75,Explotacion activa
356,2,SA,trayectoria,58428.0,58428.0,True,False,277.5,0.0,277.5,7.5,37.5,22.5,75,2,76,Explotacion activa
357,2,SA,trayectoria,58428.0,58428.0,True,False,277.5,0.0,277.5,7.5,37.5,22.5,76,3,77,Explotacion activa
358,2,SA,trayectoria,58489.0,58489.0,True,False,277.5,0.0,277.5,7.5,37.5,22.5,77,4,78,Explotacion activa
359,2,SA,trayectoria,58489.0,58489.0,True,False,277.5,0.0,277.5,7.5,37.5,22.5,78,5,79,Explotacion activa
360,2,SA,trayectoria,58489.0,58489.0,True,False,277.5,0.0,277.5,7.5,37.5,22.5,79,6,80,Explotacion activa
361,2,SA,trayectoria,58489.0,58489.0,True,False,277.5,0.0,277.5,7.5,37.5,22.5,80,7,81,Explotacion activa
362,2,SA,trayectoria,58489.0,58489.0,True,False,277.5,0.0,277.5,7.5,37.5,22.5,81,8,82,Explotacion activa
363,2,SA,trayectoria,58489.0,58489.0,True,False,277.5,0.0,277.5,7.5,37.5,22.5,82,9,83,Explotacion activa
364,2,SA,trayectoria,58489.0,58489.0,True,False,277.5,0.0,277.5,0.0,277.5,277.5,83,10,84,Explotacion activa
365,2,SA,trayectoria,58489.0,58489.0,True,False,277.5,0.0,277.5,0.0,277.5,277.5,84,11,85,Explotacion activa
366,2,SA,trayectoria,58489.0,58489.0,True,False,277.5,0.0,277.5,0.0,277.5,277.5,85,12,86,Explotacion activa
367,2,SA,trayectoria,58489.0,58489.0,True,False,277.5,0.0,277.5,0.0,277.5,277.5,86,13,87,Explotacion activa
368,2,SA,trayectoria,58489.0,58489.0,True,False,277.5,0.0,277.5,0.0,277.5,277.5,87,14,88,Explotacion activa
369,2,SA,trayectoria,58489.0,58489.0,True,False,277.5,0.0,277.5,0.0,277.5,277.5,88,15,89,Explotacion activa
370,2,SA,trayectoria,58489.0,58489.0,True,False,277.5,0.0,277.5,0.0,277.5,277.5,89,16,90,Explotacion activa
371,2,SA,trayectoria,58489.0,58489.0,True,False,277.5,0.0,277.5,0.0,277.5,277.5,90,17,91,Explotacion activa
372,2,SA,trayectoria,58489.0,58489.0,True,False,277.5,0.0,277.5,0.0,277.5,277.5,91,18,92,Explotacion activa
373,2,SA,trayectoria,58489.0,58489.0,True,False,277.5,0.0,277.5,0.0,277.5,277.5,92,19,93,Explotacion activa
374,2,SA,trayectoria,58489.0,58489.0,True,False,277.5,0.0,277.5,0.0,277.5,277.5,93,20,94,Explotacion activa
375,2,SA,trayectoria,58489.0,58489.0,True,False,277.5,0.0,277.5,0.0,277.5,277.5,94,21,95,Explotacion activa
376,2,SA,trayectoria,58489.0,58489.0,True,False,277.5,0.0,277.5,0.0,277.5,277.5,95,22,96,Explotacion activa
377,2,SA,trayectoria,58489.0,58489.0,True,False,277.5,0.0,277.5,0.0,277.5,277.5,96,23,97,Explotacion activa
378,2,SA,trayectoria,58489.0,58489.0,True,False,277.5,0.0,277.5,0.0,277.5,277.5,97,24,98,Explotacion activa
379,2,SA,trayectoria,58489.0,58489.0,True,True,277.5,0.0,277.5,0.0,277.5,277.5,98,25,99,ESTANCAMIENTO (Fire)
380,2,SA,trayectoria,58489.0,58489.0,False,False,,,-320.3000000000102,,,,0,0,1,Llenando ventana
381,2,SA,trayectoria,58489.0,58489.0,False,False,,,-322.1000000000131,,,,1,0,2,Llenando ventana
382,2,SA,trayectoria,58489.0,58489.0,False,False,,,-323.7000000000189,,,,2,0,3,Llenando ventana
383,2,SA,trayectoria,58489.0,58489.0,False,False,,,-264.3000000000102,,,,3,0,4,Llenando ventana
384,2,SA,trayectoria,58489.0,58489.0,False,False,,,-269.3000000000102,,,,4,0,5,Llenando ventana
385,2,SA,trayectoria,58489.0,58489.0,False,False,,,-274.1000000000131,,,,5,0,6,Llenando ventana
386,2,SA,trayectoria,58489.0,58489.0,False,False,,,-278.7000000000189,,,,6,0,7,Llenando ventana
387,2,SA,trayectoria,58489.0,58489.0,False,False,,,-283.1000000000131,,,,7,0,8,Llenando ventana
388,2,SA,trayectoria,58489.0,58489.0,False,False,,,-287.3000000000102,,,,8,0,9,Llenando ventana
389,2,SA,trayectoria,58489.0,58489.0,False,False,,,-291.3000000000102,,,,9,0,10,Llenando ventana
390,2,SA,trayectoria,58489.0,58489.0,False,False,,,-295.1000000000131,,,,10,0,11,Llenando ventana
391,2,SA,trayectoria,58489.0,58489.0,False,False,,,-298.7000000000189,,,,11,0,12,Llenando ventana
392,2,SA,trayectoria,58489.0,58489.0,False,False,,,-302.1000000000131,,,,12,0,13,Llenando ventana
393,2,SA,trayectoria,58489.0,58489.0,False,False,,,-305.3000000000102,,,,13,0,14,Llenando ventana
394,2,SA,trayectoria,58489.0,58489.0,False,False,,,-308.3000000000102,,,,14,0,15,Llenando ventana
395,2,SA,trayectoria,58489.0,58489.0,False,False,,,-311.1000000000131,,,,15,0,16,Llenando ventana
396,2,SA,trayectoria,58489.0,58489.0,False,False,,,-313.7000000000189,,,,16,0,17,Llenando ventana
397,2,SA,trayectoria,58489.0,58489.0,False,False,,,-316.1000000000131,,,,17,0,18,Llenando ventana
398,2,SA,trayectoria,58685.0,58685.0,False,False,,,-318.3000000000102,,,,18,0,19,Llenando ventana
399,2,SA,trayectoria,58685.0,58685.0,False,False,,,-320.3000000000102,,,,19,0,20,Llenando ventana
400,2,SA,trayectoria,58685.0,58685.0,False,False,,,-322.1000000000131,,,,20,0,21,Llenando ventana
401,2,SA,trayectoria,58685.0,58685.0,False,False,,,-323.7000000000189,,,,21,0,22,Llenando ventana
402,2,SA,trayectoria,58685.0,58685.0,False,False,,,-320.3000000000102,,,,22,0,23,Llenando ventana
403,2,SA,trayectoria,58685.0,58685.0,False,False,,,-322.1000000000131,,,,23,0,24,Llenando ventana
404,3,GA,poblacional,58690.0,58690.0,False,False,,,,,,,24,0,25,Llenando ventana
405,3,GA,poblacional,58690.0,58690.0,False,False,,,,,,,25,0,26,Llenando ventana
406,3,GA,poblacional,58690.0,58690.0,False,False,,,,,,,26,0,27,Llenando ventana
407,3,GA,poblacional,58690.0,58690.0,False,False,,,,,,,27,0,28,Llenando ventana
408,3,GA,poblacional,58690.0,58690.0,False,False,,,,,,,28,0,29,Llenando ventana
409,3,GA,poblacional,58690.0,58690.0,False,False,,,,,,,29,0,30,Llenando ventana
410,3,GA,poblacional,58690.0,58690.0,False,False,,,,,,,30,0,31,Llenando ventana
411,3,GA,poblacional,58690.0,58690.0,False,False,,,,,,,31,0,32,Llenando ventana
412,3,GA,poblacional,58690.0,58690.0,False,False,,,,,,,32,0,33,Llenando ventana
413,3,GA,poblacional,58690.0,58690.0,False,False,,,,,,,33,0,34,Llenando ventana
414,3,GA,poblacional,58690.0,58690.0,False,False,,,,,,,34,0,35,Llenando ventana
415,3,GA,poblacional,58690.0,58690.0,False,False,,,,,,,35,0,36,Llenando ventana
416,3,GA,poblacional,58690.0,58690.0,False,False,,,,,,,36,0,37,Llenando ventana
417,3,GA,poblacional,58690.0,58690.0,False,False,,,,,,,37,0,38,Llenando ventana
418,3,GA,poblacional,58690.0,58690.0,False,False,,,,,,,38,0,39,Llenando ventana
419,3,GA,poblacional,58690.0,58690.0,False,False,,,,,,,39,0,40,Llenando ventana
420,3,GA,poblacional,58690.0,58690.0,False,False,,,,,,,40,0,41,Llenando ventana
421,3,GA,poblacional,58690.0,58690.0,False,False,,,,,,,41,0,42,Llenando ventana
422,3,GA,poblacional,58690.0,58690.0,False,False,,,,,,,42,0,43,Llenando ventana
423,3,GA,poblacional,58690.0,58690.0,False,False,,,,,,,43,0,44,Llenando ventana
424,3,GA,poblacional,58690.0,58690.0,False,False,,,,,,,44,0,45,Llenando ventana
425,3,GA,poblacional,58690.0,58690.0,False,False,,,,,,,45,0,46,Llenando ventana
426,3,GA,poblacional,58690.0,58690.0,False,False,,,,,,,46,0,47,Llenando ventana
427,3,GA,poblacional,58690.0,58690.0,False,False,,,,,,,47,0,48,Llenando ventana
428,3,GA,poblacional,58690.0,58690.0,False,False,,,,,,,48,0,49,Llenando ventana
429,3,GA,poblacional,58690.0,58690.0,False,False,,,,,,,49,0,50,Llenando ventana
430,3,GA,poblacional,58690.0,58690.0,False,False,,,,,,,50,0,51,Llenando ventana
431,3,GA,poblacional,58690.0,58690.0,False,False,,,,,,,51,0,52,Llenando ventana
432,3,GA,poblacional,58690.0,58690.0,False,False,,,,,,,52,0,53,Llenando ventana
433,3,GA,poblacional,58690.0,58690.0,False,False,,,,,,,53,0,54,Llenando ventana
434,3,GA,poblacional,58690.0,58690.0,False,False,,,,,,,54,0,55,Llenando ventana
435,3,GA,poblacional,58690.0,58690.0,False,False,,,,,,,55,0,56,Llenando ventana
436,3,GA,poblacional,58690.0,58690.0,False,False,,,,,,,56,0,57,Llenando ventana
437,3,GA,poblacional,58690.0,58690.0,False,False,,,,,,,57,0,58,Llenando ventana
438,3,GA,poblacional,58690.0,58690.0,False,False,,,,,,,58,0,59,Llenando ventana
439,3,GA,poblacional,58690.0,58690.0,False,False,,,,,,,59,0,60,Llenando ventana
440,3,GA,poblacional,58690.0,58690.0,False,False,,,,,,,60,0,61,Llenando ventana
441,3,GA,poblacional,58690.0,58690.0,False,False,,,,,,,61,0,62,Llenando ventana
442,3,GA,poblacional,58690.0,58690.0,False,False,,,,,,,62,0,63,Llenando ventana
443,3,GA,poblacional,58690.0,58690.0,False,False,,,,,,,63,0,64,Llenando ventana
444,3,GA,poblacional,58690.0,58690.0,False,False,,,,,,,64,0,65,Llenando ventana
445,3,GA,poblacional,58690.0,58690.0,False,False,,,,,,,65,0,66,Llenando ventana
446,3,GA,poblacional,58690.0,58690.0,False,False,,,,,,,66,0,67,Llenando ventana
447,3,GA,poblacional,58690.0,58690.0,False,False,,,,,,,67,0,68,Llenando ventana
448,3,GA,poblacional,58690.0,58690.0,False,False,,,,,,,68,0,69,Llenando ventana
449,3,GA,poblacional,58690.0,58690.0,False,False,,,,,,,69,0,70,Llenando ventana
450,3,GA,poblacional,58690.0,58690.0,False,False,,,,,,,70,0,71,Llenando ventana
451,3,GA,poblacional,58690.0,58690.0,False,False,,,,,,,71,0,72,Llenando ventana
452,3,GA,poblacional,58690.0,58690.0,False,False,,,,,,,72,0,73,Llenando ventana
453,3,GA,poblacional,58690.0,58690.0,False,False,,,,,,,73,0,74,Llenando ventana
454,3,GA,poblacional,58690.0,58690.0,True,False,277.5,0.0,277.5,7.5,37.5,22.5,74,1,75,Explotacion activa
455,3,GA,poblacional,58690.0,58690.0,True,False,277.5,0.0,277.5,7.5,37.5,22.5,75,2,76,Explotacion activa
456,3,GA,poblacional,58690.0,58690.0,True,False,277.5,0.0,277.5,7.5,37.5,22.5,76,3,77,Explotacion activa
457,3,GA,poblacional,58690.0,58690.0,True,False,277.5,0.0,277.5,7.5,37.5,22.5,77,4,78,Explotacion activa
458,3,GA,poblacional,58690.0,58690.0,True,False,277.5,0.0,277.5,7.5,37.5,22.5,78,5,79,Explotacion activa
459,3,GA,poblacional,58690.0,58690.0,True,False,277.5,0.0,277.5,7.5,37.5,22.5,79,6,80,Explotacion activa
460,3,GA,poblacional,58690.0,58690.0,True,False,277.5,0.0,277.5,7.5,37.5,22.5,80,7,81,Explotacion activa
461,3,GA,poblacional,58690.0,58690.0,True,False,277.5,0.0,277.5,7.5,37.5,22.5,81,8,82,Explotacion activa
462,3,GA,poblacional,58690.0,58690.0,True,False,277.5,0.0,277.5,7.5,37.5,22.5,82,9,83,Explotacion activa
463,3,GA,poblacional,58690.0,58690.0,True,False,277.5,0.0,277.5,0.0,277.5,277.5,83,10,84,Explotacion activa
464,3,GA,poblacional,58690.0,58690.0,True,False,277.5,0.0,277.5,0.0,277.5,277.5,84,11,85,Explotacion activa
465,3,GA,poblacional,58690.0,58690.0,True,False,277.5,0.0,277.5,0.0,277.5,277.5,85,12,86,Explotacion activa
466,3,GA,poblacional,58690.0,58690.0,True,False,277.5,0.0,277.5,0.0,277.5,277.5,86,13,87,Explotacion activa
467,3,GA,poblacional,58690.0,58690.0,True,False,277.5,0.0,277.5,0.0,277.5,277.5,87,14,88,Explotacion activa
468,3,GA,poblacional,58690.0,58690.0,True,False,277.5,0.0,277.5,0.0,277.5,277.5,88,15,89,Explotacion activa
469,3,GA,poblacional,58690.0,58690.0,True,False,277.5,0.0,277.5,0.0,277.5,277.5,89,16,90,Explotacion activa
470,3,GA,poblacional,58690.0,58690.0,True,False,277.5,0.0,277.5,0.0,277.5,277.5,90,17,91,Explotacion activa
471,3,GA,poblacional,58690.0,58690.0,True,False,277.5,0.0,277.5,0.0,277.5,277.5,91,18,92,Explotacion activa
472,3,GA,poblacional,58690.0,58690.0,True,False,277.5,0.0,277.5,0.0,277.5,277.5,92,19,93,Explotacion activa
473,3,GA,poblacional,58690.0,58690.0,True,False,277.5,0.0,277.5,0.0,277.5,277.5,93,20,94,Explotacion activa
474,3,GA,poblacional,58690.0,58690.0,True,False,277.5,0.0,277.5,0.0,277.5,277.5,94,21,95,Explotacion activa
475,3,GA,poblacional,58690.0,58690.0,True,False,277.5,0.0,277.5,0.0,277.5,277.5,95,22,96,Explotacion activa
476,3,GA,poblacional,58690.0,58690.0,True,False,277.5,0.0,277.5,0.0,277.5,277.5,96,23,97,Explotacion activa
477,3,GA,poblacional,58690.0,58690.0,True,False,277.5,0.0,277.5,0.0,277.5,277.5,97,24,98,Explotacion activa
478,3,GA,poblacional,58690.0,58690.0,True,True,277.5,0.0,277.5,0.0,277.5,277.5,98,25,99,ESTANCAMIENTO (Fire)
479,3,GA,poblacional,58690.0,58690.0,False,False,,,277.5,,,,0,0,1,Llenando ventana
480,3,GA,poblacional,58690.0,58690.0,False,False,,,277.5,,,,1,0,2,Llenando ventana
481,3,GA,poblacional,58690.0,58690.0,False,False,,,277.5,,,,2,0,3,Llenando ventana
482,3,GA,poblacional,58690.0,58690.0,False,False,,,277.5,,,,3,0,4,Llenando ventana
483,3,GA,poblacional,58690.0,58690.0,False,False,,,277.5,,,,4,0,5,Llenando ventana
484,3,GA,poblacional,58690.0,58690.0,False,False,,,277.5,,,,5,0,6,Llenando ventana
485,3,GA,poblacional,58690.0,58690.0,False,False,,,277.5,,,,6,0,7,Llenando ventana
486,3,GA,poblacional,58690.0,58690.0,False,False,,,277.5,,,,7,0,8,Llenando ventana
487,3,GA,poblacional,58690.0,58690.0,False,False,,,277.5,,,,8,0,9,Llenando ventana
488,3,GA,poblacional,58690.0,58690.0,False,False,,,277.5,,,,9,0,10,Llenando ventana
489,3,GA,poblacional,58690.0,58690.0,False,False,,,277.5,,,,10,0,11,Llenando ventana
490,3,GA,poblacional,58690.0,58690.0,False,False,,,277.5,,,,11,0,12,Llenando ventana
491,3,GA,poblacional,58690.0,58690.0,False,False,,,277.5,,,,12,0,13,Llenando ventana
492,3,GA,poblacional,58690.0,58690.0,False,False,,,277.5,,,,13,0,14,Llenando ventana
493,3,GA,poblacional,58690.0,58690.0,False,False,,,277.5,,,,14,0,15,Llenando ventana
494,3,GA,poblacional,58690.0,58690.0,False,False,,,277.5,,,,15,0,16,Llenando ventana
495,3,GA,poblacional,58690.0,58690.0,False,False,,,277.5,,,,16,0,17,Llenando ventana
496,3,GA,poblacional,58690.0,58690.0,False,False,,,277.5,,,,17,0,18,Llenando ventana
497,3,GA,poblacional,58690.0,58690.0,False,False,,,277.5,,,,18,0,19,Llenando ventana
498,3,GA,poblacional,58690.0,58690.0,False,False,,,277.5,,,,19,0,20,Llenando ventana
499,3,GA,poblacional,58690.0,58690.0,False,False,,,277.5,,,,20,0,21,Llenando ventana
500,3,GA,poblacional,58690.0,58690.0,False,False,,,277.5,,,,21,0,22,Llenando ventana
501,3,GA,poblacional,58690.0,58690.0,False,False,,,277.5,,,,22,0,23,Llenando ventana
502,3,GA,poblacional,58690.0,58690.0,False,False,,,277.5,,,,23,0,24,Llenando ventana
503,4,SA,trayectoria,58690.0,55302.0,False,False,,,,,,,24,0,25,Llenando ventana
504,4,SA,trayectoria,58690.0,54770.0,False,False,,,,,,,25,0,26,Llenando ventana
505,4,SA,trayectoria,58690.0,55046.0,False,False,,,,,,,26,0,27,Llenando ventana
506,4,SA,trayectoria,58690.0,55167.0,False,False,,,,,,,27,0,28,Llenando ventana
507,4,SA,trayectoria,58690.0,54341.0,False,False,,,,,,,28,0,29,Llenando ventana
508,4,SA,trayectoria,58690.0,54222.0,False,False,,,,,,,29,0,30,Llenando ventana
509,4,SA,trayectoria,58690.0,54261.0,False,False,,,,,,,30,0,31,Llenando ventana
510,4,SA,trayectoria,58690.0,54796.0,False,False,,,,,,,31,0,32,Llenando ventana
511,4,SA,trayectoria,58690.0,54557.0,False,False,,,,,,,32,0,33,Llenando ventana
512,4,SA,trayectoria,58690.0,54211.0,False,False,,,,,,,33,0,34,Llenando ventana
513,4,SA,trayectoria,58690.0,54414.0,False,False,,,,,,,34,0,35,Llenando ventana
514,4,SA,trayectoria,58690.0,55383.0,False,False,,,,,,,35,0,36,Llenando ventana
515,4,SA,trayectoria,58690.0,54736.0,False,False,,,,,,,36,0,37,Llenando ventana
516,4,SA,trayectoria,58690.0,55147.0,False,False,,,,,,,37,0,38,Llenando ventana
517,4,SA,trayectoria,58690.0,54677.0,False,False,,,,,,,38,0,39,Llenando ventana
518,4,SA,trayectoria,58690.0,55927.0,False,False,,,,,,,39,0,40,Llenando ventana
519,4,SA,trayectoria,58690.0,55105.0,False,False,,,,,,,40,0,41,Llenando ventana
520,4,SA,trayectoria,58690.0,55594.0,False,False,,,,,,,41,0,42,Llenando ventana
521,4,SA,trayectoria,58690.0,55037.0,False,False,,,,,,,42,0,43,Llenando ventana
522,4,SA,trayectoria,58690.0,54561.0,False,False,,,,,,,43,0,44,Llenando ventana
523,4,SA,trayectoria,58690.0,54079.0,False,False,,,,,,,44,0,45,Llenando ventana
524,4,SA,trayectoria,58690.0,53941.0,False,False,,,,,,,45,0,46,Llenando ventana
525,4,SA,trayectoria,58690.0,55162.0,False,False,,,,,,,46,0,47,Llenando ventana
526,4,SA,trayectoria,58690.0,54369.0,False,False,,,,,,,47,0,48,Llenando ventana
527,4,SA,trayectoria,58690.0,54728.0,False,False,,,,,,,48,0,49,Llenando ventana
528,4,SA,trayectoria,58690.0,54454.0,False,False,,,,,,,49,0,50,Llenando ventana
529,4,SA,trayectoria,58690.0,54731.0,False,False,,,,,,,50,0,51,Llenando ventana
530,4,SA,trayectoria,58690.0,55619.0,False,False,,,,,,,51,0,52,Llenando ventana
531,4,SA,trayectoria,58690.0,54719.0,False,False,,,,,,,52,0,53,Llenando ventana
532,4,SA,trayectoria,58690.0,55175.0,False,False,,,,,,,53,0,54,Llenando ventana
533,4,SA,trayectoria,58690.0,54366.0,False,False,,,,,,,54,0,55,Llenando ventana
534,4,SA,trayectoria,58690.0,54493.0,False,False,,,,,,,55,0,56,Llenando ventana
535,4,SA,trayectoria,58690.0,55048.0,False,False,,,,,,,56,0,57,Llenando ventana
536,4,SA,trayectoria,58690.0,54673.0,False,False,,,,,,,57,0,58,Llenando ventana
537,4,SA,trayectoria,58690.0,55318.0,False,False,,,,,,,58,0,59,Llenando ventana
538,4,SA,trayectoria,58690.0,53491.0,False,False,,,,,,,59,0,60,Llenando ventana
539,4,SA,trayectoria,58690.0,55309.0,False,False,,,,,,,60,0,61,Llenando ventana
540,4,SA,trayectoria,58690.0,55450.0,False,False,,,,,,,61,0,62,Llenando ventana
541,4,SA,trayectoria,58690.0,55391.0,False,False,,,,,,,62,0,63,Llenando ventana
542,4,SA,trayectoria,58690.0,54596.0,False,False,,,,,,,63,0,64,Llenando ventana
543,4,SA,trayectoria,58690.0,54167.0,False,False,,,,,,,64,0,65,Llenando ventana
544,4,SA,trayectoria,58690.0,54895.0,False,False,,,,,,,65,0,66,Llenando ventana
545,4,SA,trayectoria,58690.0,54345.0,False,False,,,,,,,66,0,67,Llenando ventana
546,4,SA,trayectoria,58690.0,55436.0,False,False,,,,,,,67,0,68,Llenando ventana
547,4,SA,trayectoria,58690.0,53781.0,False,False,,,,,,,68,0,69,Llenando ventana
548,4,SA,trayectoria,58690.0,54100.0,False,False,,,,,,,69,0,70,Llenando ventana
549,4,SA,trayectoria,58690.0,54230.0,False,False,,,,,,,70,0,71,Llenando ventana
550,4,SA,trayectoria,58690.0,54149.0,False,False,,,,,,,71,0,72,Llenando ventana
551,4,SA,trayectoria,58690.0,54334.0,False,False,,,,,,,72,0,73,Llenando ventana
552,4,SA,trayectoria,58690.0,54774.0,False,False,,,,,,,73,0,74,Llenando ventana
553,4,SA,trayectoria,58690.0,55638.0,True,False,277.5,0.0,277.5,7.5,37.5,22.5,74,1,75,Explotacion activa
554,4,SA,trayectoria,58690.0,54981.0,True,False,277.5,0.0,277.5,7.5,37.5,22.5,75,2,76,Explotacion activa
555,4,SA,trayectoria,58690.0,55312.0,True,False,277.5,0.0,277.5,7.5,37.5,22.5,76,3,77,Explotacion activa
556,4,SA,trayectoria,58690.0,55164.0,True,False,277.5,0.0,277.5,7.5,37.5,22.5,77,4,78,Explotacion activa
557,4,SA,trayectoria,58690.0,55619.0,True,False,277.5,0.0,277.5,7.5,37.5,22.5,78,5,79,Explotacion activa
558,4,SA,trayectoria,58690.0,54199.0,True,False,277.5,0.0,277.5,7.5,37.5,22.5,79,6,80,Explotacion activa
559,4,SA,trayectoria,58690.0,55128.0,True,False,277.5,0.0,277.5,7.5,37.5,22.5,80,7,81,Explotacion activa
560,4,SA,trayectoria,58690.0,54348.0,True,False,277.5,0.0,277.5,7.5,37.5,22.5,81,8,82,Explotacion activa
561,4,SA,trayectoria,58690.0,54567.0,True,False,277.5,0.0,277.5,7.5,37.5,22.5,82,9,83,Explotacion activa
562,4,SA,trayectoria,58690.0,55314.0,True,False,277.5,0.0,277.5,0.0,277.5,277.5,83,10,84,Explotacion activa
563,4,SA,trayectoria,58690.0,54560.0,True,False,277.5,0.0,277.5,0.0,277.5,277.5,84,11,85,Explotacion activa
564,4,SA,trayectoria,58690.0,55278.0,True,False,277.5,0.0,277.5,0.0,277.5,277.5,85,12,86,Explotacion activa
565,4,SA,trayectoria,58690.0,54935.0,True,False,277.5,0.0,277.5,0.0,277.5,277.5,86,13,87,Explotacion activa
566,4,SA,trayectoria,58690.0,55139.0,True,False,277.5,0.0,277.5,0.0,277.5,277.5,87,14,88,Explotacion activa
567,4,SA,trayectoria,58690.0,55605.0,True,False,277.5,0.0,277.5,0.0,277.5,277.5,88,15,89,Explotacion activa
568,4,SA,trayectoria,58690.0,55158.0,True,False,277.5,0.0,277.5,0.0,277.5,277.5,89,16,90,Explotacion activa
569,4,SA,trayectoria,58690.0,55494.0,True,False,277.5,0.0,277.5,0.0,277.5,277.5,90,17,91,Explotacion activa
570,4,SA,trayectoria,58690.0,54958.0,True,False,277.5,0.0,277.5,0.0,277.5,277.5,91,18,92,Explotacion activa
571,4,SA,trayectoria,58690.0,54253.0,True,False,277.5,0.0,277.5,0.0,277.5,277.5,92,19,93,Explotacion activa
572,4,SA,trayectoria,58690.0,55623.0,True,False,277.5,0.0,277.5,0.0,277.5,277.5,93,20,94,Explotacion activa
573,4,SA,trayectoria,58690.0,56316.0,True,False,277.5,0.0,277.5,0.0,277.5,277.5,94,21,95,Explotacion activa
574,4,SA,trayectoria,58690.0,55492.0,True,False,277.5,0.0,277.5,0.0,277.5,277.5,95,22,96,Explotacion activa
575,4,SA,trayectoria,58690.0,55221.0,True,False,277.5,0.0,277.5,0.0,277.5,277.5,96,23,97,Explotacion activa
576,4,SA,trayectoria,58690.0,55161.0,True,False,277.5,0.0,277.5,0.0,277.5,277.5,97,24,98,Explotacion activa
577,4,SA,trayectoria,58690.0,55163.0,True,True,277.5,0.0,277.5,0.0,277.5,277.5,98,25,99,ESTANCAMIENTO (Fire)
578,4,SA,trayectoria,58690.0,54406.0,False,False,,,277.5,,,,0,0,1,Llenando ventana
579,4,SA,trayectoria,58690.0,54517.0,False,False,,,277.5,,,,1,0,2,Llenando ventana
580,4,SA,trayectoria,58690.0,54162.0,False,False,,,277.5,,,,2,0,3,Llenando ventana
581,4,SA,trayectoria,58690.0,54742.0,False,False,,,277.5,,,,3,0,4,Llenando ventana
582,4,SA,trayectoria,58690.0,55488.0,False,False,,,277.5,,,,4,0,5,Llenando ventana
583,4,SA,trayectoria,58690.0,54580.0,False,False,,,277.5,,,,5,0,6,Llenando ventana
584,4,SA,trayectoria,58690.0,55196.0,False,False,,,277.5,,,,6,0,7,Llenando ventana
585,4,SA,trayectoria,58690.0,54708.0,False,False,,,277.5,,,,7,0,8,Llenando ventana
586,4,SA,trayectoria,58690.0,54962.0,False,False,,,277.5,,,,8,0,9,Llenando ventana
587,4,SA,trayectoria,58690.0,56022.0,False,False,,,277.5,,,,9,0,10,Llenando ventana
588,4,SA,trayectoria,58690.0,55725.0,False,False,,,277.5,,,,10,0,11,Llenando ventana
589,4,SA,trayectoria,58690.0,54820.0,False,False,,,277.5,,,,11,0,12,Llenando ventana
590,4,SA,trayectoria,58690.0,55375.0,False,False,,,277.5,,,,12,0,13,Llenando ventana
591,4,SA,trayectoria,58690.0,55804.0,False,False,,,277.5,,,,13,0,14,Llenando ventana
592,4,SA,trayectoria,58690.0,55712.0,False,False,,,277.5,,,,14,0,15,Llenando ventana
593,4,SA,trayectoria,58690.0,55702.0,False,False,,,277.5,,,,15,0,16,Llenando ventana
594,4,SA,trayectoria,58690.0,56030.0,False,False,,,277.5,,,,16,0,17,Llenando ventana
595,4,SA,trayectoria,58690.0,55524.0,False,False,,,277.5,,,,17,0,18,Llenando ventana
596,4,SA,trayectoria,58690.0,55438.0,False,False,,,277.5,,,,18,0,19,Llenando ventana
597,4,SA,trayectoria,58690.0,55621.0,False,False,,,277.5,,,,19,0,20,Llenando ventana
598,4,SA,trayectoria,58690.0,55698.0,False,False,,,277.5,,,,20,0,21,Llenando ventana
599,4,SA,trayectoria,58690.0,55924.0,False,False,,,277.5,,,,21,0,22,Llenando ventana
600,4,SA,trayectoria,58690.0,55715.0,False,False,,,277.5,,,,22,0,23,Llenando ventana
601,4,SA,trayectoria,58690.0,55711.0,False,False,,,277.5,,,,23,0,24,Llenando ventana
602,5,ACO,poblacional,58690.0,49625.0,False,False,,,,,,,24,0,25,Llenando ventana
603,5,ACO,poblacional,58690.0,51923.0,False,False,,,,,,,25,0,26,Llenando ventana
604,5,ACO,poblacional,58690.0,51595.0,False,False,,,,,,,26,0,27,Llenando ventana
605,5,ACO,poblacional,58690.0,52722.0,False,False,,,,,,,27,0,28,Llenando ventana
606,5,ACO,poblacional,58690.0,52558.0,False,False,,,,,,,28,0,29,Llenando ventana
607,5,ACO,poblacional,58690.0,52579.0,False,False,,,,,,,29,0,30,Llenando ventana
608,5,ACO,poblacional,58690.0,52381.0,False,False,,,,,,,30,0,31,Llenando ventana
609,5,ACO,poblacional,58690.0,52342.0,False,False,,,,,,,31,0,32,Llenando ventana
610,5,ACO,poblacional,58690.0,53197.0,False,False,,,,,,,32,0,33,Llenando ventana
611,5,ACO,poblacional,58690.0,53454.0,False,False,,,,,,,33,0,34,Llenando ventana
612,5,ACO,poblacional,58690.0,53409.0,False,False,,,,,,,34,0,35,Llenando ventana
613,5,ACO,poblacional,58690.0,54947.0,False,False,,,,,,,35,0,36,Llenando ventana
614,5,ACO,poblacional,58690.0,55182.0,False,False,,,,,,,36,0,37,Llenando ventana
615,5,ACO,poblacional,58690.0,54576.0,False,False,,,,,,,37,0,38,Llenando ventana
616,5,ACO,poblacional,58690.0,54934.0,False,False,,,,,,,38,0,39,Llenando ventana
617,5,ACO,poblacional,58690.0,55208.0,False,False,,,,,,,39,0,40,Llenando ventana
618,5,ACO,poblacional,58690.0,55355.0,False,False,,,,,,,40,0,41,Llenando ventana
619,5,ACO,poblacional,58690.0,55448.0,False,False,,,,,,,41,0,42,Llenando ventana
620,5,ACO,poblacional,58690.0,55977.0,False,False,,,,,,,42,0,43,Llenando ventana
621,5,ACO,poblacional,58690.0,55886.0,False,False,,,,,,,43,0,44,Llenando ventana
622,5,ACO,poblacional,58690.0,56116.0,False,False,,,,,,,44,0,45,Llenando ventana
623,5,ACO,poblacional,58690.0,57042.0,False,False,,,,,,,45,0,46,Llenando ventana
624,5,ACO,poblacional,58690.0,56549.0,False,False,,,,,,,46,0,47,Llenando ventana
625,5,ACO,poblacional,58690.0,56405.0,False,False,,,,,,,47,0,48,Llenando ventana
626,5,ACO,poblacional,58690.0,56551.0,False,False,,,,,,,48,0,49,Llenando ventana
627,5,ACO,poblacional,58690.0,56579.0,False,False,,,,,,,49,0,50,Llenando ventana
628,5,ACO,poblacional,58690.0,57053.0,False,False,,,,,,,50,0,51,Llenando ventana
629,5,ACO,poblacional,58690.0,56854.0,False,False,,,,,,,51,0,52,Llenando ventana
630,5,ACO,poblacional,58690.0,56299.0,False,False,,,,,,,52,0,53,Llenando ventana
631,5,ACO,poblacional,58690.0,55992.0,False,False,,,,,,,53,0,54,Llenando ventana
632,5,ACO,poblacional,58690.0,56784.0,False,False,,,,,,,54,0,55,Llenando ventana
633,5,ACO,poblacional,58690.0,57142.0,False,False,,,,,,,55,0,56,Llenando ventana
634,5,ACO,poblacional,58690.0,57041.0,False,False,,,,,,,56,0,57,Llenando ventana
635,5,ACO,poblacional,58690.0,56247.0,False,False,,,,,,,57,0,58,Llenando ventana
636,5,ACO,poblacional,58690.0,56111.0,False,False,,,,,,,58,0,59,Llenando ventana
637,5,ACO,poblacional,58690.0,56802.0,False,False,,,,,,,59,0,60,Llenando ventana
638,5,ACO,poblacional,58690.0,56593.0,False,False,,,,,,,60,0,61,Llenando ventana
639,5,ACO,poblacional,58690.0,56492.0,False,False,,,,,,,61,0,62,Llenando ventana
640,5,ACO,poblacional,58690.0,55920.0,False,False,,,,,,,62,0,63,Llenando ventana
641,5,ACO,poblacional,58690.0,56087.0,False,False,,,,,,,63,0,64,Llenando ventana
642,5,ACO,poblacional,58690.0,56051.0,False,False,,,,,,,64,0,65,Llenando ventana
643,5,ACO,poblacional,58690.0,56162.0,False,False,,,,,,,65,0,66,Llenando ventana
644,5,ACO,poblacional,58690.0,56271.0,False,False,,,,,,,66,0,67,Llenando ventana
645,5,ACO,poblacional,58690.0,56365.0,False,False,,,,,,,67,0,68,Llenando ventana
646,5,ACO,poblacional,58690.0,56227.0,False,False,,,,,,,68,0,69,Llenando ventana
647,5,ACO,poblacional,58690.0,55993.0,False,False,,,,,,,69,0,70,Llenando ventana
648,5,ACO,poblacional,58690.0,56221.0,False,False,,,,,,,70,0,71,Llenando ventana
649,5,ACO,poblacional,58690.0,56316.0,False,False,,,,,,,71,0,72,Llenando ventana
650,5,ACO,poblacional,58690.0,56690.0,False,False,,,,,,,72,0,73,Llenando ventana
651,5,ACO,poblacional,58690.0,57148.0,False,False,,,,,,,73,0,74,Llenando ventana
652,5,ACO,poblacional,58690.0,56492.0,True,False,277.5,0.0,277.5,7.5,37.5,22.5,74,1,75,Explotacion activa
653,5,ACO,poblacional,58690.0,56151.0,True,False,277.5,0.0,277.5,7.5,37.5,22.5,75,2,76,Explotacion activa
654,5,ACO,poblacional,58690.0,56742.0,True,False,277.5,0.0,277.5,7.5,37.5,22.5,76,3,77,Explotacion activa
655,5,ACO,poblacional,58690.0,55955.0,True,False,277.5,0.0,277.5,7.5,37.5,22.5,77,4,78,Explotacion activa
656,5,ACO,poblacional,58690.0,56209.0,True,False,277.5,0.0,277.5,7.5,37.5,22.5,78,5,79,Explotacion activa
657,5,ACO,poblacional,58690.0,56389.0,True,False,277.5,0.0,277.5,7.5,37.5,22.5,79,6,80,Explotacion activa
658,5,ACO,poblacional,58690.0,56319.0,True,False,277.5,0.0,277.5,7.5,37.5,22.5,80,7,81,Explotacion activa
659,5,ACO,poblacional,58690.0,56304.0,True,False,277.5,0.0,277.5,7.5,37.5,22.5,81,8,82,Explotacion activa
660,5,ACO,poblacional,58690.0,56479.0,True,False,277.5,0.0,277.5,7.5,37.5,22.5,82,9,83,Explotacion activa
661,5,ACO,poblacional,58690.0,56094.0,True,False,277.5,0.0,277.5,0.0,277.5,277.5,83,10,84,Explotacion activa
662,5,ACO,poblacional,58690.0,56784.0,True,False,277.5,0.0,277.5,0.0,277.5,277.5,84,11,85,Explotacion activa
663,5,ACO,poblacional,58690.0,56124.0,True,False,277.5,0.0,277.5,0.0,277.5,277.5,85,12,86,Explotacion activa
664,5,ACO,poblacional,58690.0,56409.0,True,False,277.5,0.0,277.5,0.0,277.5,277.5,86,13,87,Explotacion activa
665,5,ACO,poblacional,58690.0,56137.0,True,False,277.5,0.0,277.5,0.0,277.5,277.5,87,14,88,Explotacion activa
666,5,ACO,poblacional,58690.0,56246.0,True,False,277.5,0.0,277.5,0.0,277.5,277.5,88,15,89,Explotacion activa
667,5,ACO,poblacional,58690.0,56167.0,True,False,277.5,0.0,277.5,0.0,277.5,277.5,89,16,90,Explotacion activa
668,5,ACO,poblacional,58690.0,56528.0,True,False,277.5,0.0,277.5,0.0,277.5,277.5,90,17,91,Explotacion activa
669,5,ACO,poblacional,58690.0,56234.0,True,False,277.5,0.0,277.5,0.0,277.5,277.5,91,18,92,Explotacion activa
670,5,ACO,poblacional,58690.0,55821.0,True,False,277.5,0.0,277.5,0.0,277.5,277.5,92,19,93,Explotacion activa
671,5,ACO,poblacional,58690.0,56770.0,True,False,277.5,0.0,277.5,0.0,277.5,277.5,93,20,94,Explotacion activa
672,5,ACO,poblacional,58690.0,56290.0,True,False,277.5,0.0,277.5,0.0,277.5,277.5,94,21,95,Explotacion activa
673,5,ACO,poblacional,58690.0,56162.0,True,False,277.5,0.0,277.5,0.0,277.5,277.5,95,22,96,Explotacion activa
674,5,ACO,poblacional,58690.0,56984.0,True,False,277.5,0.0,277.5,0.0,277.5,277.5,96,23,97,Explotacion activa
675,5,ACO,poblacional,58690.0,56760.0,True,False,277.5,0.0,277.5,0.0,277.5,277.5,97,24,98,Explotacion activa
676,5,ACO,poblacional,58690.0,56060.0,True,True,277.5,0.0,277.5,0.0,277.5,277.5,98,25,99,ESTANCAMIENTO (Fire)
677,5,ACO,poblacional,58690.0,56487.0,False,False,,,277.5,,,,0,0,1,Llenando ventana
678,5,ACO,poblacional,58690.0,55960.0,False,False,,,277.5,,,,1,0,2,Llenando ventana
679,5,ACO,poblacional,58690.0,56224.0,False,False,,,277.5,,,,2,0,3,Llenando ventana
680,5,ACO,poblacional,58690.0,56519.0,False,False,,,277.5,,,,3,0,4,Llenando ventana
681,5,ACO,poblacional,58690.0,56698.0,False,False,,,277.5,,,,4,0,5,Llenando ventana
682,5,ACO,poblacional,58690.0,56555.0,False,False,,,277.5,,,,5,0,6,Llenando ventana
683,5,ACO,poblacional,58690.0,56803.0,False,False,,,277.5,,,,6,0,7,Llenando ventana
684,5,ACO,poblacional,58690.0,57872.0,False,False,,,277.5,,,,7,0,8,Llenando ventana
685,5,ACO,poblacional,58690.0,56012.0,False,False,,,277.5,,,,8,0,9,Llenando ventana
686,5,ACO,poblacional,58690.0,56496.0,False,False,,,277.5,,,,9,0,10,Llenando ventana
687,5,ACO,poblacional,58690.0,56352.0,False,False,,,277.5,,,,10,0,11,Llenando ventana
688,5,ACO,poblacional,58690.0,56527.0,False,False,,,277.5,,,,11,0,12,Llenando ventana
689,5,ACO,poblacional,58690.0,56542.0,False,False,,,277.5,,,,12,0,13,Llenando ventana
690,5,ACO,poblacional,58690.0,56603.0,False,False,,,277.5,,,,13,0,14,Llenando ventana
691,5,ACO,poblacional,58690.0,56503.0,False,False,,,277.5,,,,14,0,15,Llenando ventana
692,5,ACO,poblacional,58690.0,55631.0,False,False,,,277.5,,,,15,0,16,Llenando ventana
693,5,ACO,poblacional,58690.0,56696.0,False,False,,,277.5,,,,16,0,17,Llenando ventana
694,5,ACO,poblacional,58690.0,56563.0,False,False,,,277.5,,,,17,0,18,Llenando ventana
695,5,ACO,poblacional,58690.0,57027.0,False,False,,,277.5,,,,18,0,19,Llenando ventana
696,5,ACO,poblacional,58690.0,56037.0,False,False,,,277.5,,,,19,0,20,Llenando ventana
697,5,ACO,poblacional,58690.0,56514.0,False,False,,,277.5,,,,20,0,21,Llenando ventana
698,5,ACO,poblacional,58690.0,57068.0,False,False,,,277.5,,,,21,0,22,Llenando ventana
699,5,ACO,poblacional,58690.0,56208.0,False,False,,,277.5,,,,22,0,23,Llenando ventana
700,5,ACO,poblacional,58690.0,56319.0,False,False,,,277.5,,,,23,0,24,Llenando ventana
701,6,TS,trayectoria,58828.0,58828.0,False,False,,,,,,,24,0,25,Llenando ventana
702,6,TS,trayectoria,58828.0,58828.0,False,False,,,,,,,25,0,26,Llenando ventana
703,6,TS,trayectoria,58828.0,58828.0,False,False,,,,,,,26,0,27,Llenando ventana
704,6,TS,trayectoria,58828.0,58828.0,False,False,,,,,,,27,0,28,Llenando ventana
705,6,TS,trayectoria,58828.0,58828.0,False,False,,,,,,,28,0,29,Llenando ventana
706,6,TS,trayectoria,58828.0,58828.0,False,False,,,,,,,29,0,30,Llenando ventana
707,6,TS,trayectoria,58828.0,58828.0,False,False,,,,,,,30,0,31,Llenando ventana
708,6,TS,trayectoria,58828.0,58828.0,False,False,,,,,,,31,0,32,Llenando ventana
709,6,TS,trayectoria,58828.0,58828.0,False,False,,,,,,,32,0,33,Llenando ventana
710,6,TS,trayectoria,58828.0,58828.0,False,False,,,,,,,33,0,34,Llenando ventana
711,6,TS,trayectoria,58828.0,58828.0,False,False,,,,,,,34,0,35,Llenando ventana
712,6,TS,trayectoria,58828.0,58828.0,False,False,,,,,,,35,0,36,Llenando ventana
713,6,TS,trayectoria,58828.0,58828.0,False,False,,,,,,,36,0,37,Llenando ventana
714,6,TS,trayectoria,58828.0,58828.0,False,False,,,,,,,37,0,38,Llenando ventana
715,6,TS,trayectoria,58828.0,58828.0,False,False,,,,,,,38,0,39,Llenando ventana
716,6,TS,trayectoria,58828.0,58828.0,False,False,,,,,,,39,0,40,Llenando ventana
717,6,TS,trayectoria,58828.0,58828.0,False,False,,,,,,,40,0,41,Llenando ventana
718,6,TS,trayectoria,58828.0,58828.0,False,False,,,,,,,41,0,42,Llenando ventana
719,6,TS,trayectoria,58828.0,58828.0,False,False,,,,,,,42,0,43,Llenando ventana
720,6,TS,trayectoria,58828.0,58828.0,False,False,,,,,,,43,0,44,Llenando ventana
721,6,TS,trayectoria,58828.0,58828.0,False,False,,,,,,,44,0,45,Llenando ventana
722,6,TS,trayectoria,58828.0,58828.0,False,False,,,,,,,45,0,46,Llenando ventana
723,6,TS,trayectoria,58828.0,58828.0,False,False,,,,,,,46,0,47,Llenando ventana
724,6,TS,trayectoria,58828.0,58828.0,False,False,,,,,,,47,0,48,Llenando ventana
725,6,TS,trayectoria,58828.0,58828.0,False,False,,,,,,,48,0,49,Llenando ventana
726,6,TS,trayectoria,58828.0,58828.0,False,False,,,,,,,49,0,50,Llenando ventana
727,6,TS,trayectoria,58828.0,58828.0,False,False,,,,,,,50,0,51,Llenando ventana
728,6,TS,trayectoria,58828.0,58828.0,False,False,,,,,,,51,0,52,Llenando ventana
729,6,TS,trayectoria,58828.0,58828.0,False,False,,,,,,,52,0,53,Llenando ventana
730,6,TS,trayectoria,58828.0,58828.0,False,False,,,,,,,53,0,54,Llenando ventana
731,6,TS,trayectoria,58828.0,58828.0,False,False,,,,,,,54,0,55,Llenando ventana
732,6,TS,trayectoria,58828.0,58828.0,False,False,,,,,,,55,0,56,Llenando ventana
733,6,TS,trayectoria,58828.0,58828.0,False,False,,,,,,,56,0,57,Llenando ventana
734,6,TS,trayectoria,58828.0,58828.0,False,False,,,,,,,57,0,58,Llenando ventana
735,6,TS,trayectoria,58828.0,58828.0,False,False,,,,,,,58,0,59,Llenando ventana
736,6,TS,trayectoria,58828.0,58828.0,False,False,,,,,,,59,0,60,Llenando ventana
737,6,TS,trayectoria,58828.0,58828.0,False,False,,,,,,,60,0,61,Llenando ventana
738,6,TS,trayectoria,58828.0,58828.0,False,False,,,,,,,61,0,62,Llenando ventana
739,6,TS,trayectoria,58828.0,58828.0,False,False,,,,,,,62,0,63,Llenando ventana
740,6,TS,trayectoria,58828.0,58828.0,False,False,,,,,,,63,0,64,Llenando ventana
741,6,TS,trayectoria,58828.0,58828.0,False,False,,,,,,,64,0,65,Llenando ventana
742,6,TS,trayectoria,58828.0,58828.0,False,False,,,,,,,65,0,66,Llenando ventana
743,6,TS,trayectoria,58828.0,58828.0,False,False,,,,,,,66,0,67,Llenando ventana
744,6,TS,trayectoria,58828.0,58828.0,False,False,,,,,,,67,0,68,Llenando ventana
745,6,TS,trayectoria,58828.0,58828.0,False,False,,,,,,,68,0,69,Llenando ventana
746,6,TS,trayectoria,58828.0,58828.0,False,False,,,,,,,69,0,70,Llenando ventana
747,6,TS,trayectoria,58828.0,58828.0,False,False,,,,,,,70,0,71,Llenando ventana
748,6,TS,trayectoria,58828.0,58828.0,False,False,,,,,,,71,0,72,Llenando ventana
749,6,TS,trayectoria,58828.0,58828.0,False,False,,,,,,,72,0,73,Llenando ventana
750,6,TS,trayectoria,58828.0,58828.0,False,False,,,,,,,73,0,74,Llenando ventana
751,6,TS,trayectoria,58828.0,58828.0,True,False,277.5,0.0,277.5,7.5,37.5,22.5,74,1,75,Explotacion activa
752,6,TS,trayectoria,58828.0,58828.0,True,False,277.5,0.0,277.5,7.5,37.5,22.5,75,2,76,Explotacion activa
753,6,TS,trayectoria,58828.0,58828.0,True,False,277.5,0.0,277.5,7.5,37.5,22.5,76,3,77,Explotacion activa
754,6,TS,trayectoria,58828.0,58828.0,True,False,277.5,0.0,277.5,7.5,37.5,22.5,77,4,78,Explotacion activa
755,6,TS,trayectoria,58828.0,58828.0,True,False,277.5,0.0,277.5,7.5,37.5,22.5,78,5,79,Explotacion activa
756,6,TS,trayectoria,58828.0,58828.0,True,False,277.5,0.0,277.5,7.5,37.5,22.5,79,6,80,Explotacion activa
757,6,TS,trayectoria,58828.0,58828.0,True,False,277.5,0.0,277.5,7.5,37.5,22.5,80,7,81,Explotacion activa
758,6,TS,trayectoria,58828.0,58828.0,True,False,277.5,0.0,277.5,7.5,37.5,22.5,81,8,82,Explotacion activa
759,6,TS,trayectoria,58828.0,58828.0,True,False,277.5,0.0,277.5,7.5,37.5,22.5,82,9,83,Explotacion activa
760,6,TS,trayectoria,58828.0,58828.0,True,False,277.5,0.0,277.5,0.0,277.5,277.5,83,10,84,Explotacion activa
761,6,TS,trayectoria,58828.0,58828.0,True,False,277.5,0.0,277.5,0.0,277.5,277.5,84,11,85,Explotacion activa
762,6,TS,trayectoria,58828.0,58828.0,True,False,277.5,0.0,277.5,0.0,277.5,277.5,85,12,86,Explotacion activa
763,6,TS,trayectoria,58828.0,58828.0,True,False,277.5,0.0,277.5,0.0,277.5,277.5,86,13,87,Explotacion activa
764,6,TS,trayectoria,58828.0,58828.0,True,False,277.5,0.0,277.5,0.0,277.5,277.5,87,14,88,Explotacion activa
765,6,TS,trayectoria,58828.0,58828.0,True,False,277.5,0.0,277.5,0.0,277.5,277.5,88,15,89,Explotacion activa
766,6,TS,trayectoria,58828.0,58828.0,True,False,277.5,0.0,277.5,0.0,277.5,277.5,89,16,90,Explotacion activa
767,6,TS,trayectoria,58828.0,58828.0,True,False,277.5,0.0,277.5,0.0,277.5,277.5,90,17,91,Explotacion activa
768,6,TS,trayectoria,58828.0,58828.0,True,False,277.5,0.0,277.5,0.0,277.5,277.5,91,18,92,Explotacion activa
769,6,TS,trayectoria,58828.0,58828.0,True,False,277.5,0.0,277.5,0.0,277.5,277.5,92,19,93,Explotacion activa
770,6,TS,trayectoria,58828.0,58828.0,True,False,277.5,0.0,277.5,0.0,277.5,277.5,93,20,94,Explotacion activa
771,6,TS,trayectoria,58828.0,58828.0,True,False,277.5,0.0,277.5,0.0,277.5,277.5,94,21,95,Explotacion activa
772,6,TS,trayectoria,58828.0,58828.0,True,False,277.5,0.0,277.5,0.0,277.5,277.5,95,22,96,Explotacion activa
773,6,TS,trayectoria,58828.0,58828.0,True,False,277.5,0.0,277.5,0.0,277.5,277.5,96,23,97,Explotacion activa
774,6,TS,trayectoria,58828.0,58828.0,True,False,277.5,0.0,277.5,0.0,277.5,277.5,97,24,98,Explotacion activa
775,6,TS,trayectoria,58828.0,58828.0,True,True,277.5,0.0,277.5,0.0,277.5,277.5,98,25,99,ESTANCAMIENTO (Fire)
776,6,TS,trayectoria,58828.0,58828.0,False,False,,,277.5,,,,0,0,0,Llenando ventana
777,6,TS,trayectoria,58828.0,58828.0,False,False,,,277.5,,,,0,0,0,Llenando ventana
778,6,TS,trayectoria,58828.0,58828.0,False,False,,,277.5,,,,0,0,0,Llenando ventana
779,6,TS,trayectoria,58828.0,58828.0,False,False,,,277.5,,,,0,0,0,Llenando ventana
780,6,TS,trayectoria,58828.0,58828.0,False,False,,,277.5,,,,0,0,0,Llenando ventana
781,6,TS,trayectoria,58828.0,58828.0,False,False,,,277.5,,,,0,0,0,Llenando ventana
782,6,TS,trayectoria,58828.0,58828.0,False,False,,,277.5,,,,0,0,0,Llenando ventana
783,6,TS,trayectoria,58828.0,58828.0,False,False,,,277.5,,,,0,0,0,Llenando ventana
784,6,TS,trayectoria,58828.0,58828.0,False,False,,,277.5,,,,0,0,0,Llenando ventana
785,6,TS,trayectoria,58828.0,58828.0,False,False,,,277.5,,,,0,0,0,Llenando ventana
786,6,TS,trayectoria,58828.0,58828.0,False,False,,,277.5,,,,0,0,0,Llenando ventana
787,6,TS,trayectoria,58828.0,58828.0,False,False,,,277.5,,,,0,0,0,Llenando ventana
788,6,TS,trayectoria,58828.0,58828.0,False,False,,,277.5,,,,0,0,0,Llenando ventana
789,6,TS,trayectoria,58828.0,58828.0,False,False,,,277.5,,,,0,0,0,Llenando ventana
790,6,TS,trayectoria,58828.0,58828.0,False,False,,,277.5,,,,0,0,0,Llenando ventana
791,6,TS,trayectoria,58828.0,58828.0,False,False,,,277.5,,,,0,0,0,Llenando ventana
792,6,TS,trayectoria,58828.0,58828.0,False,False,,,277.5,,,,0,0,0,Llenando ventana
793,6,TS,trayectoria,58828.0,58828.0,False,False,,,277.5,,,,0,0,0,Llenando ventana
794,6,TS,trayectoria,58828.0,58828.0,False,False,,,277.5,,,,0,0,0,Llenando ventana
795,6,TS,trayectoria,58828.0,58828.0,False,False,,,277.5,,,,0,0,0,Llenando ventana
796,6,TS,trayectoria,58828.0,58828.0,False,False,,,277.5,,,,0,0,0,Llenando ventana
797,6,TS,trayectoria,58828.0,58828.0,False,False,,,277.5,,,,0,0,0,Llenando ventana
798,6,TS,trayectoria,58828.0,58828.0,False,False,,,277.5,,,,0,0,0,Llenando ventana
799,6,TS,trayectoria,58828.0,58828.0,False,False,,,277.5,,,,0,0,0,Llenando ventana
800,7,PSO,poblacional,58828.0,58828.0,False,False,,,,,,,0,0,0,Llenando ventana
801,7,PSO,poblacional,58828.0,58828.0,False,False,,,,,,,0,0,0,Llenando ventana
802,7,PSO,poblacional,58828.0,58828.0,False,False,,,,,,,0,0,0,Llenando ventana
803,7,PSO,poblacional,58828.0,58828.0,False,False,,,,,,,0,0,0,Llenando ventana
804,7,PSO,poblacional,58828.0,58828.0,False,False,,,,,,,0,0,0,Llenando ventana
805,7,PSO,poblacional,58828.0,58828.0,False,False,,,,,,,0,0,0,Llenando ventana
806,7,PSO,poblacional,58828.0,58828.0,False,False,,,,,,,0,0,0,Llenando ventana
807,7,PSO,poblacional,58828.0,58828.0,False,False,,,,,,,0,0,0,Llenando ventana
808,7,PSO,poblacional,58828.0,58828.0,False,False,,,,,,,0,0,0,Llenando ventana
809,7,PSO,poblacional,58828.0,58828.0,False,False,,,,,,,0,0,0,Llenando ventana
810,7,PSO,poblacional,58828.0,58828.0,False,False,,,,,,,0,0,0,Llenando ventana
811,7,PSO,poblacional,58828.0,58828.0,False,False,,,,,,,0,0,0,Llenando ventana
812,7,PSO,poblacional,58828.0,58828.0,False,False,,,,,,,0,0,0,Llenando ventana
813,7,PSO,poblacional,58828.0,58828.0,False,False,,,,,,,0,0,0,Llenando ventana
814,7,PSO,poblacional,58828.0,58828.0,False,False,,,,,,,0,0,0,Llenando ventana
815,7,PSO,poblacional,58828.0,58828.0,False,False,,,,,,,0,0,0,Llenando ventana
816,7,PSO,poblacional,58828.0,58828.0,False,False,,,,,,,0,0,0,Llenando ventana
817,7,PSO,poblacional,58828.0,58828.0,False,False,,,,,,,0,0,0,Llenando ventana
818,7,PSO,poblacional,58828.0,58828.0,False,False,,,,,,,0,0,0,Llenando ventana
819,7,PSO,poblacional,58828.0,58828.0,False,False,,,,,,,0,0,0,Llenando ventana
820,7,PSO,poblacional,58828.0,58828.0,False,False,,,,,,,0,0,0,Llenando ventana
821,7,PSO,poblacional,58828.0,58828.0,False,False,,,,,,,0,0,0,Llenando ventana
822,7,PSO,poblacional,58828.0,58828.0,False,False,,,,,,,0,0,0,Llenando ventana
823,7,PSO,poblacional,58828.0,58828.0,False,False,,,,,,,0,0,0,Llenando ventana
824,7,PSO,poblacional,58828.0,58828.0,False,False,,,,,,,0,0,0,Llenando ventana
825,7,PSO,poblacional,58828.0,58828.0,False,False,,,,,,,0,0,0,Llenando ventana
826,7,PSO,poblacional,58828.0,58828.0,False,False,,,,,,,0,0,0,Llenando ventana
827,7,PSO,poblacional,58828.0,58828.0,False,False,,,,,,,0,0,0,Llenando ventana
828,7,PSO,poblacional,58828.0,58828.0,False,False,,,,,,,0,0,0,Llenando ventana
829,7,PSO,poblacional,58828.0,58828.0,False,False,,,,,,,0,0,0,Llenando ventana
830,7,PSO,poblacional,58828.0,58828.0,False,False,,,,,,,0,0,0,Llenando ventana
831,7,PSO,poblacional,58828.0,58828.0,False,False,,,,,,,0,0,0,Llenando ventana
832,7,PSO,poblacional,58828.0,58828.0,False,False,,,,,,,0,0,0,Llenando ventana
833,7,PSO,poblacional,58828.0,58828.0,False,False,,,,,,,0,0,0,Llenando ventana
834,7,PSO,poblacional,58828.0,58828.0,False,False,,,,,,,0,0,0,Llenando ventana
835,7,PSO,poblacional,58828.0,58828.0,False,False,,,,,,,0,0,0,Llenando ventana
836,7,PSO,poblacional,58828.0,58828.0,False,False,,,,,,,0,0,0,Llenando ventana
837,7,PSO,poblacional,58828.0,58828.0,False,False,,,,,,,0,0,0,Llenando ventana
838,7,PSO,poblacional,58828.0,58828.0,False,False,,,,,,,0,0,0,Llenando ventana
839,7,PSO,poblacional,58828.0,58828.0,False,False,,,,,,,0,0,0,Llenando ventana
840,7,PSO,poblacional,58828.0,58828.0,False,False,,,,,,,0,0,0,Llenando ventana
841,7,PSO,poblacional,58828.0,58828.0,False,False,,,,,,,0,0,0,Llenando ventana
842,7,PSO,poblacional,58828.0,58828.0,False,False,,,,,,,0,0,0,Llenando ventana
843,7,PSO,poblacional,58828.0,58828.0,False,False,,,,,,,0,0,0,Llenando ventana
844,7,PSO,poblacional,58828.0,58828.0,False,False,,,,,,,0,0,0,Llenando ventana
845,7,PSO,poblacional,58828.0,58828.0,False,False,,,,,,,0,0,0,Llenando ventana
846,7,PSO,poblacional,58828.0,58828.0,False,False,,,,,,,0,0,0,Llenando ventana
847,7,PSO,poblacional,58828.0,58828.0,False,False,,,,,,,0,0,0,Llenando ventana
848,7,PSO,poblacional,58828.0,58828.0,False,False,,,,,,,0,0,0,Llenando ventana
849,7,PSO,poblacional,58828.0,58828.0,False,False,,,,,,,0,0,0,Llenando ventana
850,7,PSO,poblacional,58828.0,58828.0,False,False,,,,,,,0,0,0,Llenando ventana
851,7,PSO,poblacional,58828.0,58828.0,False,False,,,,,,,0,0,0,Llenando ventana
852,7,PSO,poblacional,58828.0,58828.0,False,False,,,,,,,0,0,0,Llenando ventana
853,7,PSO,poblacional,58828.0,58828.0,False,False,,,,,,,0,0,0,Llenando ventana
854,7,PSO,poblacional,58828.0,58828.0,False,False,,,,,,,0,0,0,Llenando ventana
855,7,PSO,poblacional,58828.0,58828.0,False,False,,,,,,,0,0,0,Llenando ventana
856,7,PSO,poblacional,58828.0,58828.0,False,False,,,,,,,0,0,0,Llenando ventana
857,7,PSO,poblacional,58828.0,58828.0,False,False,,,,,,,0,0,0,Llenando ventana
858,7,PSO,poblacional,58828.0,58828.0,False,False,,,,,,,0,0,0,Llenando ventana
859,7,PSO,poblacional,58828.0,58828.0,False,False,,,,,,,0,0,0,Llenando ventana
860,7,PSO,poblacional,58828.0,58828.0,False,False,,,,,,,0,0,0,Llenando ventana
861,7,PSO,poblacional,58828.0,58828.0,False,False,,,,,,,0,0,0,Llenando ventana
862,7,PSO,poblacional,58828.0,58828.0,False,False,,,,,,,0,0,0,Llenando ventana
863,7,PSO,poblacional,58828.0,58828.0,False,False,,,,,,,0,0,0,Llenando ventana
864,7,PSO,poblacional,58828.0,58828.0,False,False,,,,,,,0,0,0,Llenando ventana
865,7,PSO,poblacional,58828.0,58828.0,False,False,,,,,,,0,0,0,Llenando ventana
866,7,PSO,poblacional,58828.0,58828.0,False,False,,,,,,,0,0,0,Llenando ventana
867,7,PSO,poblacional,58828.0,58828.0,False,False,,,,,,,0,0,0,Llenando ventana
868,7,PSO,poblacional,58828.0,58828.0,False,False,,,,,,,0,0,0,Llenando ventana
869,7,PSO,poblacional,58828.0,58828.0,False,False,,,,,,,0,0,0,Llenando ventana
870,7,PSO,poblacional,58828.0,58828.0,False,False,,,,,,,0,0,0,Llenando ventana
871,7,PSO,poblacional,58828.0,58828.0,False,False,,,,,,,0,0,0,Llenando ventana
872,7,PSO,poblacional,58828.0,58828.0,False,False,,,,,,,0,0,0,Llenando ventana
873,7,PSO,poblacional,58828.0,58828.0,False,False,,,,,,,0,0,0,Llenando ventana
874,7,PSO,poblacional,58828.0,58828.0,False,False,,,277.5,,,,0,0,0,Llenando ventana
875,7,PSO,poblacional,58828.0,58828.0,False,False,,,277.5,,,,0,0,0,Llenando ventana
876,7,PSO,poblacional,58828.0,58828.0,False,False,,,277.5,,,,0,0,0,Llenando ventana
877,7,PSO,poblacional,58828.0,58828.0,False,False,,,277.5,,,,0,0,0,Llenando ventana
878,7,PSO,poblacional,58828.0,58828.0,False,False,,,277.5,,,,0,0,0,Llenando ventana
879,7,PSO,poblacional,58828.0,58828.0,False,False,,,277.5,,,,0,0,0,Llenando ventana
880,7,PSO,poblacional,58828.0,58828.0,False,False,,,277.5,,,,0,0,0,Llenando ventana
881,7,PSO,poblacional,58828.0,58828.0,False,False,,,277.5,,,,0,0,0,Llenando ventana
882,7,PSO,poblacional,58828.0,58828.0,False,False,,,277.5,,,,0,0,0,Llenando ventana
883,7,PSO,poblacional,58828.0,58828.0,False,False,,,277.5,,,,0,0,0,Llenando ventana
884,7,PSO,poblacional,58828.0,58828.0,False,False,,,277.5,,,,0,0,0,Llenando ventana
885,7,PSO,poblacional,58828.0,58828.0,False,False,,,277.5,,,,0,0,0,Llenando ventana
886,7,PSO,poblacional,58828.0,58828.0,False,False,,,277.5,,,,0,0,0,Llenando ventana
887,7,PSO,poblacional,58828.0,58828.0,False,False,,,277.5,,,,0,0,0,Llenando ventana
888,7,PSO,poblacional,58828.0,58828.0,False,False,,,277.5,,,,0,0,0,Llenando ventana
889,7,PSO,poblacional,58828.0,58828.0,False,False,,,277.5,,,,0,0,0,Llenando ventana
890,7,PSO,poblacional,58828.0,58828.0,False,False,,,277.5,,,,0,0,0,Llenando ventana
891,7,PSO,poblacional,58828.0,58828.0,False,False,,,277.5,,,,0,0,0,Llenando ventana
892,7,PSO,poblacional,58828.0,58828.0,False,False,,,277.5,,,,0,0,0,Llenando ventana
893,7,PSO,poblacional,58828.0,58828.0,False,False,,,277.5,,,,0,0,0,Llenando ventana
894,7,PSO,poblacional,58828.0,58828.0,False,False,,,277.5,,,,0,0,0,Llenando ventana
895,7,PSO,poblacional,58828.0,58828.0,False,False,,,277.5,,,,0,0,0,Llenando ventana
896,7,PSO,poblacional,58828.0,58828.0,False,False,,,277.5,,,,0,0,0,Llenando ventana
897,7,PSO,poblacional,58828.0,58828.0,False,False,,,277.5,,,,0,0,0,Llenando ventana
898,7,PSO,poblacional,58828.0,58828.0,False,False,,,277.5,,,,0,0,0,Llenando ventana
899,8,TS,trayectoria,58828.0,58828.0,False,False,,,,,,,0,0,0,Llenando ventana
900,8,TS,trayectoria,58828.0,58828.0,False,False,,,,,,,0,0,0,Llenando ventana
901,8,TS,trayectoria,58828.0,58828.0,False,False,,,,,,,0,0,0,Llenando ventana
902,8,TS,trayectoria,58828.0,58828.0,False,False,,,,,,,0,0,0,Llenando ventana
903,8,TS,trayectoria,58828.0,58828.0,False,False,,,,,,,0,0,0,Llenando ventana
904,8,TS,trayectoria,58828.0,58828.0,False,False,,,,,,,0,0,0,Llenando ventana
905,8,TS,trayectoria,58828.0,58828.0,False,False,,,,,,,0,0,0,Llenando ventana
906,8,TS,trayectoria,58828.0,58828.0,False,False,,,,,,,0,0,0,Llenando ventana
907,8,TS,trayectoria,58828.0,58828.0,False,False,,,,,,,0,0,0,Llenando ventana
908,8,TS,trayectoria,58828.0,58828.0,False,False,,,,,,,0,0,0,Llenando ventana
909,8,TS,trayectoria,58828.0,58828.0,False,False,,,,,,,0,0,0,Llenando ventana
910,8,TS,trayectoria,58828.0,58828.0,False,False,,,,,,,0,0,0,Llenando ventana
911,8,TS,trayectoria,58828.0,58828.0,False,False,,,,,,,0,0,0,Llenando ventana
912,8,TS,trayectoria,58828.0,58828.0,False,False,,,,,,,0,0,0,Llenando ventana
913,8,TS,trayectoria,58828.0,58828.0,False,False,,,,,,,0,0,0,Llenando ventana
914,8,TS,trayectoria,58828.0,58828.0,False,False,,,,,,,0,0,0,Llenando ventana
915,8,TS,trayectoria,58828.0,58828.0,False,False,,,,,,,0,0,0,Llenando ventana
916,8,TS,trayectoria,58828.0,58828.0,False,False,,,,,,,0,0,0,Llenando ventana
917,8,TS,trayectoria,58828.0,58828.0,False,False,,,,,,,0,0,0,Llenando ventana
918,8,TS,trayectoria,58828.0,58828.0,False,False,,,,,,,0,0,0,Llenando ventana
919,8,TS,trayectoria,58828.0,58828.0,False,False,,,,,,,0,0,0,Llenando ventana
920,8,TS,trayectoria,58828.0,58828.0,False,False,,,,,,,0,0,0,Llenando ventana
921,8,TS,trayectoria,58828.0,58828.0,False,False,,,,,,,0,0,0,Llenando ventana
922,8,TS,trayectoria,58828.0,58828.0,False,False,,,,,,,0,0,0,Llenando ventana
923,8,TS,trayectoria,58828.0,58828.0,False,False,,,,,,,0,0,0,Llenando ventana
924,8,TS,trayectoria,58828.0,58828.0,False,False,,,,,,,0,0,0,Llenando ventana
925,8,TS,trayectoria,58828.0,58828.0,False,False,,,,,,,0,0,0,Llenando ventana
926,8,TS,trayectoria,58828.0,58828.0,False,False,,,,,,,0,0,0,Llenando ventana
927,8,TS,trayectoria,58828.0,58828.0,False,False,,,,,,,0,0,0,Llenando ventana
928,8,TS,trayectoria,58828.0,58828.0,False,False,,,,,,,0,0,0,Llenando ventana
929,8,TS,trayectoria,58828.0,58828.0,False,False,,,,,,,0,0,0,Llenando ventana
930,8,TS,trayectoria,58828.0,58828.0,False,False,,,,,,,0,0,0,Llenando ventana
931,8,TS,trayectoria,58828.0,58828.0,False,False,,,,,,,0,0,0,Llenando ventana
932,8,TS,trayectoria,58828.0,58828.0,False,False,,,,,,,0,0,0,Llenando ventana
933,8,TS,trayectoria,58828.0,58828.0,False,False,,,,,,,0,0,0,Llenando ventana
934,8,TS,trayectoria,58828.0,58828.0,False,False,,,,,,,0,0,0,Llenando ventana
935,8,TS,trayectoria,58828.0,58828.0,False,False,,,,,,,0,0,0,Llenando ventana
936,8,TS,trayectoria,58828.0,58828.0,False,False,,,,,,,0,0,0,Llenando ventana
937,8,TS,trayectoria,58828.0,58828.0,False,False,,,,,,,0,0,0,Llenando ventana
938,8,TS,trayectoria,58828.0,58828.0,False,False,,,,,,,0,0,0,Llenando ventana
939,8,TS,trayectoria,58828.0,58828.0,False,False,,,,,,,0,0,0,Llenando ventana
940,8,TS,trayectoria,58828.0,58828.0,False,False,,,,,,,0,0,0,Llenando ventana
941,8,TS,trayectoria,58828.0,58828.0,False,False,,,,,,,0,0,0,Llenando ventana
942,8,TS,trayectoria,58828.0,58828.0,False,False,,,,,,,0,0,0,Llenando ventana
943,8,TS,trayectoria,58828.0,58828.0,False,False,,,,,,,0,0,0,Llenando ventana
944,8,TS,trayectoria,58828.0,58828.0,False,False,,,,,,,0,0,0,Llenando ventana
945,8,TS,trayectoria,58828.0,58828.0,False,False,,,,,,,0,0,0,Llenando ventana
946,8,TS,trayectoria,58828.0,58828.0,False,False,,,,,,,0,0,0,Llenando ventana
947,8,TS,trayectoria,58828.0,58828.0,False,False,,,,,,,0,0,0,Llenando ventana
948,8,TS,trayectoria,58828.0,58828.0,False,False,,,,,,,0,0,0,Llenando ventana
949,8,TS,trayectoria,58828.0,58828.0,False,False,,,,,,,0,0,0,Llenando ventana
950,8,TS,trayectoria,58828.0,58828.0,False,False,,,,,,,0,0,0,Llenando ventana
951,8,TS,trayectoria,58828.0,58828.0,False,False,,,,,,,0,0,0,Llenando ventana
952,8,TS,trayectoria,58828.0,58828.0,False,False,,,,,,,0,0,0,Llenando ventana
953,8,TS,trayectoria,58828.0,58828.0,False,False,,,,,,,0,0,0,Llenando ventana
954,8,TS,trayectoria,58828.0,58828.0,False,False,,,,,,,0,0,0,Llenando ventana
955,8,TS,trayectoria,58828.0,58828.0,False,False,,,,,,,0,0,0,Llenando ventana
956,8,TS,trayectoria,58828.0,58828.0,False,False,,,,,,,0,0,0,Llenando ventana
957,8,TS,trayectoria,58828.0,58828.0,False,False,,,,,,,0,0,0,Llenando ventana
958,8,TS,trayectoria,58828.0,58828.0,False,False,,,,,,,0,0,0,Llenando ventana
959,8,TS,trayectoria,58828.0,58828.0,False,False,,,,,,,0,0,0,Llenando ventana
960,8,TS,trayectoria,58828.0,58828.0,False,False,,,,,,,0,0,0,Llenando ventana
961,8,TS,trayectoria,58828.0,58828.0,False,False,,,,,,,0,0,0,Llenando ventana
962,8,TS,trayectoria,58828.0,58828.0,False,False,,,,,,,0,0,0,Llenando ventana
963,8,TS,trayectoria,58828.0,58828.0,False,False,,,,,,,0,0,0,Llenando ventana
964,8,TS,trayectoria,58828.0,58828.0,False,False,,,,,,,0,0,0,Llenando ventana
965,8,TS,trayectoria,58828.0,58828.0,False,False,,,,,,,0,0,0,Llenando ventana
966,8,TS,trayectoria,58828.0,58828.0,False,False,,,,,,,0,0,0,Llenando ventana
967,8,TS,trayectoria,58828.0,58828.0,False,False,,,,,,,0,0,0,Llenando ventana
968,8,TS,trayectoria,58828.0,58828.0,False,False,,,,,,,0,0,0,Llenando ventana
969,8,TS,trayectoria,58828.0,58828.0,False,False,,,,,,,0,0,0,Llenando ventana
970,8,TS,trayectoria,58828.0,58828.0,False,False,,,,,,,0,0,0,Llenando ventana
971,8,TS,trayectoria,58828.0,58828.0,False,False,,,,,,,0,0,0,Llenando ventana
972,8,TS,trayectoria,58828.0,58828.0,False,False,,,,,,,0,0,0,Llenando ventana
973,8,TS,trayectoria,58828.0,58828.0,False,False,,,277.5,,,,0,0,0,Llenando ventana
974,8,TS,trayectoria,58828.0,58828.0,False,False,,,277.5,,,,0,0,0,Llenando ventana
975,8,TS,trayectoria,58828.0,58828.0,False,False,,,277.5,,,,0,0,0,Llenando ventana
976,8,TS,trayectoria,58828.0,58828.0,False,False,,,277.5,,,,0,0,0,Llenando ventana
977,8,TS,trayectoria,58828.0,58828.0,False,False,,,277.5,,,,0,0,0,Llenando ventana
978,8,TS,trayectoria,58828.0,58828.0,False,False,,,277.5,,,,0,0,0,Llenando ventana
979,8,TS,trayectoria,58828.0,58828.0,False,False,,,277.5,,,,0,0,0,Llenando ventana
980,8,TS,trayectoria,58828.0,58828.0,False,False,,,277.5,,,,0,0,0,Llenando ventana
981,8,TS,trayectoria,58828.0,58828.0,False,False,,,277.5,,,,0,0,0,Llenando ventana
982,8,TS,trayectoria,58828.0,58828.0,False,False,,,277.5,,,,0,0,0,Llenando ventana
983,8,TS,trayectoria,58828.0,58828.0,False,False,,,277.5,,,,0,0,0,Llenando ventana
984,8,TS,trayectoria,58828.0,58828.0,False,False,,,277.5,,,,0,0,0,Llenando ventana
985,8,TS,trayectoria,58828.0,58828.0,False,False,,,277.5,,,,0,0,0,Llenando ventana
986,8,TS,trayectoria,58828.0,58828.0,False,False,,,277.5,,,,0,0,0,Llenando ventana
987,8,TS,trayectoria,58828.0,58828.0,False,False,,,277.5,,,,0,0,0,Llenando ventana
988,8,TS,trayectoria,58828.0,58828.0,False,False,,,277.5,,,,0,0,0,Llenando ventana
989,8,TS,trayectoria,58828.0,58828.0,False,False,,,277.5,,,,0,0,0,Llenando ventana
990,8,TS,trayectoria,58828.0,58828.0,False,False,,,277.5,,,,0,0,0,Llenando ventana
991,8,TS,trayectoria,58828.0,58828.0,False,False,,,277.5,,,,0,0,0,Llenando ventana
992,8,TS,trayectoria,58828.0,58828.0,False,False,,,277.5,,,,0,0,0,Llenando ventana
993,8,TS,trayectoria,58828.0,58828.0,False,False,,,277.5,,,,0,0,0,Llenando ventana
994,8,TS,trayectoria,58828.0,58828.0,False,False,,,277.5,,,,0,0,0,Llenando ventana
995,8,TS,trayectoria,58828.0,58828.0,False,False,,,277.5,,,,0,0,0,Llenando ventana
996,8,TS,trayectoria,58828.0,58828.0,False,False,,,277.5,,,,0,0,0,Llenando ventana
997,8,TS,trayectoria,58828.0,58828.0,False,False,,,277.5,,,,0,0,0,Llenando ventana
998,9,WOA,poblacional,58828.0,58828.0,False,False,,,,,,,0,0,0,Llenando ventana
999,9,WOA,poblacional,58828.0,58828.0,False,False,,,,,,,0,0,0,Llenando ventana
1000,9,WOA,poblacional,58828.0,58828.0,False,False,,,,,,,0,0,0,Llenando ventana
1001,9,WOA,poblacional,58828.0,58828.0,False,False,,,,,,,0,0,0,Llenando ventana
1002,9,WOA,poblacional,58828.0,58828.0,False,False,,,,,,,0,0,0,Llenando ventana
1003,9,WOA,poblacional,58828.0,58828.0,False,False,,,,,,,0,0,0,Llenando ventana
1004,9,WOA,poblacional,58828.0,58828.0,False,False,,,,,,,0,0,0,Llenando ventana
1005,9,WOA,poblacional,58828.0,58828.0,False,False,,,,,,,0,0,0,Llenando ventana
1006,9,WOA,poblacional,58828.0,58828.0,False,False,,,,,,,0,0,0,Llenando ventana
1007,9,WOA,poblacional,58828.0,58828.0,False,False,,,,,,,0,0,0,Llenando ventana
1008,9,WOA,poblacional,58828.0,58828.0,False,False,,,,,,,0,0,0,Llenando ventana
1009,9,WOA,poblacional,58828.0,58828.0,False,False,,,,,,,0,0,0,Llenando ventana
1010,9,WOA,poblacional,58828.0,58828.0,False,False,,,,,,,0,0,0,Llenando ventana
1011,9,WOA,poblacional,58828.0,58828.0,False,False,,,,,,,0,0,0,Llenando ventana
1012,9,WOA,poblacional,58828.0,58828.0,False,False,,,,,,,0,0,0,Llenando ventana
1013,9,WOA,poblacional,58828.0,58828.0,False,False,,,,,,,0,0,0,Llenando ventana
1014,9,WOA,poblacional,58828.0,58828.0,False,False,,,,,,,0,0,0,Llenando ventana
1015,9,WOA,poblacional,58828.0,58828.0,False,False,,,,,,,0,0,0,Llenando ventana
1016,9,WOA,poblacional,58828.0,58828.0,False,False,,,,,,,0,0,0,Llenando ventana
1017,9,WOA,poblacional,58828.0,58828.0,False,False,,,,,,,0,0,0,Llenando ventana
1018,9,WOA,poblacional,58828.0,58828.0,False,False,,,,,,,0,0,0,Llenando ventana
1019,9,WOA,poblacional,58828.0,58828.0,False,False,,,,,,,0,0,0,Llenando ventana
1020,9,WOA,poblacional,58828.0,58828.0,False,False,,,,,,,0,0,0,Llenando ventana
1021,9,WOA,poblacional,58828.0,58828.0,False,False,,,,,,,0,0,0,Llenando ventana
1022,9,WOA,poblacional,58828.0,58828.0,False,False,,,,,,,0,0,0,Llenando ventana
1023,9,WOA,poblacional,58828.0,58828.0,False,False,,,,,,,0,0,0,Llenando ventana
1024,9,WOA,poblacional,58828.0,58828.0,False,False,,,,,,,0,0,0,Llenando ventana
1025,9,WOA,poblacional,58828.0,58828.0,False,False,,,,,,,0,0,0,Llenando ventana
1026,9,WOA,poblacional,58828.0,58828.0,False,False,,,,,,,0,0,0,Llenando ventana
1027,9,WOA,poblacional,58828.0,58828.0,False,False,,,,,,,0,0,0,Llenando ventana
1028,9,WOA,poblacional,58828.0,58828.0,False,False,,,,,,,0,0,0,Llenando ventana
1029,9,WOA,poblacional,58828.0,58828.0,False,False,,,,,,,0,0,0,Llenando ventana
1030,9,WOA,poblacional,58828.0,58828.0,False,False,,,,,,,0,0,0,Llenando ventana
1031,9,WOA,poblacional,58828.0,58828.0,False,False,,,,,,,0,0,0,Llenando ventana
1032,9,WOA,poblacional,58828.0,58828.0,False,False,,,,,,,0,0,0,Llenando ventana
1033,9,WOA,poblacional,58828.0,58828.0,False,False,,,,,,,0,0,0,Llenando ventana
1034,9,WOA,poblacional,58828.0,58828.0,False,False,,,,,,,0,0,0,Llenando ventana
1035,9,WOA,poblacional,58828.0,58828.0,False,False,,,,,,,0,0,0,Llenando ventana
1036,9,WOA,poblacional,58828.0,58828.0,False,False,,,,,,,0,0,0,Llenando ventana
1037,9,WOA,poblacional,58828.0,58828.0,False,False,,,,,,,0,0,0,Llenando ventana
1038,9,WOA,poblacional,58828.0,58828.0,False,False,,,,,,,0,0,0,Llenando ventana
1039,9,WOA,poblacional,58828.0,58828.0,False,False,,,,,,,0,0,0,Llenando ventana
1040,9,WOA,poblacional,58828.0,58828.0,False,False,,,,,,,0,0,0,Llenando ventana
1041,9,WOA,poblacional,58828.0,58828.0,False,False,,,,,,,0,0,0,Llenando ventana
1042,9,WOA,poblacional,58828.0,58828.0,False,False,,,,,,,0,0,0,Llenando ventana
1043,9,WOA,poblacional,58828.0,58828.0,False,False,,,,,,,0,0,0,Llenando ventana
1044,9,WOA,poblacional,58828.0,58828.0,False,False,,,,,,,0,0,0,Llenando ventana
1045,9,WOA,poblacional,58828.0,58828.0,False,False,,,,,,,0,0,0,Llenando ventana
1046,9,WOA,poblacional,58828.0,58828.0,False,False,,,,,,,0,0,0,Llenando ventana
1047,9,WOA,poblacional,58828.0,58828.0,False,False,,,,,,,0,0,0,Llenando ventana
1048,9,WOA,poblacional,58828.0,58828.0,False,False,,,,,,,0,0,0,Llenando ventana
1049,9,WOA,poblacional,58828.0,58828.0,False,False,,,,,,,0,0,0,Llenando ventana
1050,9,WOA,poblacional,58828.0,58828.0,False,False,,,,,,,0,0,0,Llenando ventana
1051,9,WOA,poblacional,58828.0,58828.0,False,False,,,,,,,0,0,0,Llenando ventana
1052,9,WOA,poblacional,58828.0,58828.0,False,False,,,,,,,0,0,0,Llenando ventana
1053,9,WOA,poblacional,58828.0,58828.0,False,False,,,,,,,0,0,0,Llenando ventana
1054,9,WOA,poblacional,58828.0,58828.0,False,False,,,,,,,0,0,0,Llenando ventana
1055,9,WOA,poblacional,58828.0,58828.0,False,False,,,,,,,0,0,0,Llenando ventana
1056,9,WOA,poblacional,58828.0,58828.0,False,False,,,,,,,0,0,0,Llenando ventana
1057,9,WOA,poblacional,58828.0,58828.0,False,False,,,,,,,0,0,0,Llenando ventana
1058,9,WOA,poblacional,58828.0,58828.0,False,False,,,,,,,0,0,0,Llenando ventana
1059,9,WOA,poblacional,58828.0,58828.0,False,False,,,,,,,0,0,0,Llenando ventana
1060,9,WOA,poblacional,58828.0,58828.0,False,False,,,,,,,0,0,0,Llenando ventana
1061,9,WOA,poblacional,58828.0,58828.0,False,False,,,,,,,0,0,0,Llenando ventana
1062,9,WOA,poblacional,58828.0,58828.0,False,False,,,,,,,0,0,0,Llenando ventana
1063,9,WOA,poblacional,58828.0,58828.0,False,False,,,,,,,0,0,0,Llenando ventana
1064,9,WOA,poblacional,58828.0,58828.0,False,False,,,,,,,0,0,0,Llenando ventana
1065,9,WOA,poblacional,58828.0,58828.0,False,False,,,,,,,0,0,0,Llenando ventana
1066,9,WOA,poblacional,58828.0,58828.0,False,False,,,,,,,0,0,0,Llenando ventana
1067,9,WOA,poblacional,58828.0,58828.0,False,False,,,,,,,0,0,0,Llenando ventana
1068,9,WOA,poblacional,58828.0,58828.0,False,False,,,,,,,0,0,0,Llenando ventana
1069,9,WOA,poblacional,58828.0,58828.0,False,False,,,,,,,0,0,0,Llenando ventana
1070,9,WOA,poblacional,58828.0,58828.0,False,False,,,,,,,0,0,0,Llenando ventana
1071,9,WOA,poblacional,58828.0,58828.0,False,False,,,,,,,0,0,0,Llenando ventana
1072,9,WOA,poblacional,58828.0,58828.0,False,False,,,277.5,,,,0,0,0,Llenando ventana
1073,9,WOA,poblacional,58828.0,58828.0,False,False,,,277.5,,,,0,0,0,Llenando ventana
1074,9,WOA,poblacional,58828.0,58828.0,False,False,,,277.5,,,,0,0,0,Llenando ventana
1075,9,WOA,poblacional,58828.0,58828.0,False,False,,,277.5,,,,0,0,0,Llenando ventana
1076,9,WOA,poblacional,58828.0,58828.0,False,False,,,277.5,,,,0,0,0,Llenando ventana
1077,9,WOA,poblacional,58828.0,58828.0,False,False,,,277.5,,,,0,0,0,Llenando ventana
1078,9,WOA,poblacional,58828.0,58828.0,False,False,,,277.5,,,,0,0,0,Llenando ventana
1079,9,WOA,poblacional,58828.0,58828.0,False,False,,,277.5,,,,0,0,0,Llenando ventana
1080,9,WOA,poblacional,58828.0,58828.0,False,False,,,277.5,,,,0,0,0,Llenando ventana
1081,9,WOA,poblacional,58828.0,58828.0,False,False,,,277.5,,,,0,0,0,Llenando ventana
1082,9,WOA,poblacional,58828.0,58828.0,False,False,,,277.5,,,,0,0,0,Llenando ventana
1083,9,WOA,poblacional,58828.0,58828.0,False,False,,,277.5,,,,0,0,0,Llenando ventana
1084,9,WOA,poblacional,58828.0,58828.0,False,False,,,277.5,,,,0,0,0,Llenando ventana
1085,9,WOA,poblacional,58828.0,58828.0,False,False,,,277.5,,,,0,0,0,Llenando ventana
1086,9,WOA,poblacional,58828.0,58828.0,False,False,,,277.5,,,,0,0,0,Llenando ventana
1087,9,WOA,poblacional,58828.0,58828.0,False,False,,,277.5,,,,0,0,0,Llenando ventana
1088,9,WOA,poblacional,58828.0,58828.0,False,False,,,277.5,,,,0,0,0,Llenando ventana
1089,9,WOA,poblacional,58828.0,58828.0,False,False,,,277.5,,,,0,0,0,Llenando ventana
1090,9,WOA,poblacional,58828.0,58828.0,False,False,,,277.5,,,,0,0,0,Llenando ventana
1091,9,WOA,poblacional,58828.0,58828.0,False,False,,,277.5,,,,0,0,0,Llenando ventana
1092,9,WOA,poblacional,58828.0,58828.0,False,False,,,277.5,,,,0,0,0,Llenando ventana
1093,9,WOA,poblacional,58828.0,58828.0,False,False,,,277.5,,,,0,0,0,Llenando ventana
1094,9,WOA,poblacional,58828.0,58828.0,False,False,,,277.5,,,,0,0,0,Llenando ventana
1095,9,WOA,poblacional,58828.0,58828.0,False,False,,,277.5,,,,0,0,0,Llenando ventana
1096,9,WOA,poblacional,58828.0,58828.0,False,False,,,277.5,,,,0,0,0,Llenando ventana
