iteracion,epoch,mh,tipo,fitness_best,fitness_instantaneo,dtw_ready,dtw_fire,D1_vs_ramp,D2_vs_const,dtw_delta,theta_c,theta_r,theta_delta,no_improve_len,trigger_streak,window_n,estado_dtw
1,1,PSO,poblacional,151613.13930878183,151613.13930878183,False,False,,,,,,,0,0,0,Llenando ventana
2,1,PSO,poblacional,23345.03805421222,23345.03805421222,False,False,,,,,,,0,0,0,Llenando ventana
3,1,PSO,poblacional,23345.03805421222,43653.70528202556,False,False,,,,,,,0,0,0,Llenando ventana
4,1,PSO,poblacional,22218.13202165933,22218.13202165933,False,False,,,,,,,0,0,0,Llenando ventana
5,1,PSO,poblacional,20898.85621915995,20898.85621915995,False,False,,,,,,,0,0,0,Llenando ventana
6,1,PSO,poblacional,20898.85621915995,56095.71840715231,False,False,,,,,,,0,0,0,Llenando ventana
7,1,PSO,poblacional,20898.85621915995,27107.401387646314,False,False,,,,,,,0,0,0,Llenando ventana
8,1,PSO,poblacional,20173.01818840624,20173.01818840624,False,False,,,,,,,0,0,0,Llenando ventana
9,1,PSO,poblacional,20173.01818840624,20391.102673703786,False,False,,,,,,,0,0,0,Llenando ventana
10,1,PSO,poblacional,19854.37431033748,19854.37431033748,False,False,,,,,,,0,0,0,Llenando ventana
11,1,PSO,poblacional,13951.356832620339,13951.356832620339,False,False,,,,,,,0,0,0,Llenando ventana
12,1,PSO,poblacional,13951.356832620339,18383.1643738335,False,False,,,,,,,0,0,0,Llenando ventana
13,1,PSO,poblacional,13951.356832620339,3845353.3300714283,False,False,,,,,,,0,0,0,Llenando ventana
14,1,PSO,poblacional,13951.356832620339,37171.1632083042,False,False,,,,,,,0,0,0,Llenando ventana
15,1,PSO,poblacional,13951.356832620339,15067.771445222297,False,False,,,,,,,0,0,0,Llenando ventana
16,1,PSO,poblacional,13951.356832620339,31037.29987944741,False,False,,,,,,,0,0,0,Llenando ventana
17,1,PSO,poblacional,12783.165517087893,12783.165517087893,False,False,,,,,,,0,0,0,Llenando ventana
18,1,PSO,poblacional,12783.165517087893,22461.318985566697,False,False,,,,,,,0,0,0,Llenando ventana
19,1,PSO,poblacional,12783.165517087893,36902.695762895186,False,False,,,,,,,0,0,0,Llenando ventana
20,1,PSO,poblacional,12783.165517087893,14747.042108143607,False,False,,,,,,,0,0,0,Llenando ventana
21,1,PSO,poblacional,12783.165517087893,105743.54287310646,False,False,,,,,,,0,0,0,Llenando ventana
22,1,PSO,poblacional,12783.165517087893,15654.57518502997,False,False,,,,,,,0,0,0,Llenando ventana
23,1,PSO,poblacional,12783.165517087893,13009.688630356572,False,False,,,,,,,0,0,0,Llenando ventana
24,1,PSO,poblacional,12783.165517087893,13775.698275447025,False,False,,,,,,,0,0,0,Llenando ventana
25,1,PSO,poblacional,12609.43892361859,12609.43892361859,False,False,,,,,,,0,0,0,Llenando ventana
26,1,PSO,poblacional,11976.511096846141,11976.511096846141,False,False,,,,,,,0,0,0,Llenando ventana
27,1,PSO,poblacional,11976.511096846141,16605.945653493076,False,False,,,,,,,0,0,0,Llenando ventana
28,1,PSO,poblacional,11976.511096846141,12337.343603743993,False,False,,,,,,,0,0,0,Llenando ventana
29,1,PSO,poblacional,9871.149808222452,9871.149808222452,False,False,,,,,,,0,0,0,Llenando ventana
30,1,PSO,poblacional,9871.149808222452,12661.908500381775,False,False,,,,,,,0,0,0,Llenando ventana
31,1,PSO,poblacional,9871.149808222452,12450.964152288896,False,False,,,,,,,0,0,0,Llenando ventana
32,1,PSO,poblacional,9871.149808222452,40557.693113374684,False,False,,,,,,,0,0,0,Llenando ventana
33,1,PSO,poblacional,9871.149808222452,11296.091699184031,False,False,,,,,,,0,0,0,Llenando ventana
34,1,PSO,poblacional,9871.149808222452,10958.71831928318,False,False,,,,,,,0,0,0,Llenando ventana
35,1,PSO,poblacional,7455.048634635704,7455.048634635704,False,False,,,,,,,0,0,0,Llenando ventana
36,1,PSO,poblacional,6384.119246444734,6384.119246444734,False,False,,,,,,,0,0,0,Llenando ventana
37,1,PSO,poblacional,6384.119246444734,12036.867616257374,False,False,,,,,,,0,0,0,Llenando ventana
38,1,PSO,poblacional,6384.119246444734,7257.343006892198,False,False,,,,,,,0,0,0,Llenando ventana
39,1,PSO,poblacional,6384.119246444734,10562.7151485471,False,False,,,,,,,0,0,0,Llenando ventana
40,1,PSO,poblacional,6384.119246444734,9251.587613819393,False,False,,,544.608825233765,,,,0,0,0,Llenando ventana
41,1,PSO,poblacional,6384.119246444734,9499.410564491784,False,False,,,72.08390493299157,,,,0,0,0,Llenando ventana
42,1,PSO,poblacional,6384.119246444734,7881.19681527011,False,False,,,72.08390493299157,,,,0,0,0,Llenando ventana
43,1,PSO,poblacional,6384.119246444734,7170.669627505741,False,False,,,75.21156068226992,,,,0,0,0,Llenando ventana
44,1,PSO,poblacional,6384.119246444734,7690.394690620602,False,False,,,76.20236910673339,,,,0,0,0,Llenando ventana
45,1,PSO,poblacional,6384.119246444734,7510.324708536092,False,False,,,76.20236910674066,,,,0,0,0,Llenando ventana
46,1,PSO,poblacional,6178.136220616169,6178.136220616169,False,False,,,69.92341999309065,,,,0,0,0,Llenando ventana
47,1,PSO,poblacional,6178.136220616169,10050.355508483757,False,False,,,73.47313033089449,,,,0,0,0,Llenando ventana
48,1,PSO,poblacional,6178.136220616169,8741.111743288175,False,False,,,73.47313033089449,,,,0,0,0,Llenando ventana
49,1,PSO,poblacional,5726.653342170476,5726.653342170476,False,False,,,74.17053508288882,,,,0,0,0,Llenando ventana
50,1,PSO,poblacional,5726.653342170476,7471.761065791342,False,False,,,47.29204507008399,,,,0,0,0,Llenando ventana
51,1,PSO,poblacional,5726.653342170476,6004.429907399703,False,False,,,47.29204507008399,,,,0,0,0,Llenando ventana
52,1,PSO,poblacional,5726.653342170476,7017.951259743973,False,False,,,47.29204507008399,,,,0,0,0,Llenando ventana
53,1,PSO,poblacional,5726.653342170476,6081.534017992117,False,False,,,47.29204507008399,,,,0,0,0,Llenando ventana
54,1,PSO,poblacional,5726.653342170476,7537.454906224069,False,False,,,47.29204507008399,,,,0,0,0,Llenando ventana
55,1,PSO,poblacional,5726.653342170476,5803.661851766345,False,False,,,47.292045070085805,,,,0,0,0,Llenando ventana
56,1,PSO,poblacional,5726.653342170476,6815.79471730526,False,False,,,44.1032010932322,,,,0,0,0,Llenando ventana
57,1,PSO,poblacional,5726.653342170476,7298.652077488689,False,False,,,44.1032010932322,,,,0,0,0,Llenando ventana
58,1,PSO,poblacional,5115.539315185814,5115.539315185814,False,False,,,44.08885066093717,,,,0,0,0,Llenando ventana
59,1,PSO,poblacional,4446.9911228472265,4446.9911228472265,False,False,,,43.76491556975816,,,,0,0,0,Llenando ventana
60,1,PSO,poblacional,4446.9911228472265,4904.623468688184,False,False,,,43.76491556975816,,,,0,0,0,Llenando ventana
61,1,PSO,poblacional,2716.319150756771,2716.319150756771,False,False,,,47.817520240070735,,,,0,0,0,Llenando ventana
62,1,PSO,poblacional,2716.319150756771,13469.719674116175,False,False,,,47.81752024007437,,,,0,0,0,Llenando ventana
63,1,PSO,poblacional,2716.319150756771,6515.4378208722155,False,False,,,47.81752024007801,,,,0,0,0,Llenando ventana
64,1,PSO,poblacional,2716.319150756771,5496.167834367445,False,False,,,51.93887880753027,,,,0,0,0,Llenando ventana
65,1,PSO,poblacional,2716.319150756771,5217.261006312184,False,False,,,53.24610369000766,,,,0,0,0,Llenando ventana
66,1,PSO,poblacional,2716.319150756771,5722.613903701677,False,False,,,53.24610369000948,,,,0,0,0,Llenando ventana
67,1,PSO,poblacional,2716.319150756771,2809.5477519706255,False,False,,,53.246103690013115,,,,0,0,0,Llenando ventana
68,1,PSO,poblacional,2716.319150756771,5965.670902703718,False,False,,,44.71769160915392,,,,0,0,0,Llenando ventana
69,1,PSO,poblacional,2571.770400755951,2571.770400755951,False,False,,,41.971431592925,,,,0,0,0,Llenando ventana
70,1,PSO,poblacional,2571.770400755951,5408.057292024918,False,False,,,41.971431592925,,,,0,0,0,Llenando ventana
71,1,PSO,poblacional,2571.770400755951,10487.988920504358,False,False,,,41.971431592925,,,,0,0,0,Llenando ventana
72,1,PSO,poblacional,2571.770400755951,8171.943598066289,False,False,,,41.97143159293228,,,,0,0,0,Llenando ventana
73,1,PSO,poblacional,2571.770400755951,17192.205631236066,False,False,,,41.97143159293228,,,,0,0,0,Llenando ventana
74,1,PSO,poblacional,2571.770400755951,3034.2227986480075,False,False,,,30.520488961747105,,,,0,0,0,Llenando ventana
75,1,PSO,poblacional,2571.770400755951,3790.8543557314306,False,False,,,25.73335470839538,,,,0,0,0,Llenando ventana
76,1,PSO,poblacional,2571.770400755951,2625.8031743727415,False,False,,,25.733354708393563,,,,0,0,0,Llenando ventana
77,1,PSO,poblacional,1999.4422198842176,1999.4422198842176,False,False,,,27.404231415998765,,,,0,0,0,Llenando ventana
78,1,PSO,poblacional,1621.7730006654488,1621.7730006654488,False,False,,,27.383490913229252,,,,0,0,0,Llenando ventana
79,1,PSO,poblacional,1621.7730006654488,1653.2479936249586,False,False,,,27.383490913226524,,,,0,0,0,Llenando ventana
80,1,PSO,poblacional,1621.7730006654488,1846.7688705305216,False,False,,,27.383490913226524,,,,0,0,0,Llenando ventana
81,1,PSO,poblacional,1563.6358305566043,1563.6358305566043,False,False,,,25.307537933411368,,,,0,0,0,Llenando ventana
82,1,PSO,poblacional,1563.6358305566043,2164.5752957612103,False,False,,,25.30753793340955,,,,0,0,0,Llenando ventana
83,1,PSO,poblacional,1367.8051506238446,1367.8051506238446,False,False,,,23.827491955147707,,,,0,0,0,Llenando ventana
84,1,PSO,poblacional,1367.8051506238446,1722.233205289811,False,False,,,23.827491955150435,,,,0,0,0,Llenando ventana
85,1,PSO,poblacional,1367.8051506238446,1955.2745521720387,False,False,,,25.254238117456225,,,,0,0,0,Llenando ventana
86,1,PSO,poblacional,1272.245643211983,1272.245643211983,False,False,,,23.3029802426654,,,,0,0,0,Llenando ventana
87,1,PSO,poblacional,1272.245643211983,1423.743727807602,False,False,,,23.302980242667218,,,,0,0,0,Llenando ventana
88,1,PSO,poblacional,1075.7839730752767,1075.7839730752767,False,False,,,22.09162950319842,,,,0,0,0,Llenando ventana
89,1,PSO,poblacional,1075.7839730752767,1542.555265127076,False,False,,,22.09162950319751,,,,0,0,0,Llenando ventana
90,1,PSO,poblacional,1075.7839730752767,1153.7509020020389,False,False,,,22.091629503200238,,,,0,0,0,Llenando ventana
91,1,PSO,poblacional,1075.7839730752767,1535.5346948634835,False,False,,,22.09162950319751,,,,0,0,0,Llenando ventana
92,1,PSO,poblacional,926.2466118282817,926.2466118282817,False,False,,,20.40172860394523,,,,0,0,0,Llenando ventana
93,1,PSO,poblacional,926.2466118282817,1243.9774555485506,False,False,,,20.40172860394705,,,,0,0,0,Llenando ventana
94,1,PSO,poblacional,926.2466118282817,974.7551634287325,False,False,,,20.40172860394705,,,,0,0,0,Llenando ventana
95,1,PSO,poblacional,926.2466118282817,8995.057791006655,False,False,,,20.40172860394796,,,,0,0,0,Llenando ventana
96,1,PSO,poblacional,841.6333504715385,841.6333504715385,False,False,,,18.318824968866465,,,,0,0,0,Llenando ventana
97,1,PSO,poblacional,841.6333504715385,2757.4543491781733,False,False,,,18.16410035003446,,,,0,0,0,Llenando ventana
98,1,PSO,poblacional,771.1928468464532,771.1928468464532,False,False,,,15.622142672999871,,,,0,0,0,Llenando ventana
99,1,PSO,poblacional,771.1928468464532,810.3906396097013,False,False,,,15.62214267300351,,,,0,0,0,Llenando ventana
100,1,PSO,poblacional,771.1928468464532,1884.2301134104919,False,False,,,9.239349943572961,,,,0,0,0,Llenando ventana
101,1,PSO,poblacional,771.1928468464532,1996.6918559471596,False,False,,,9.239349943572051,,,,0,0,0,Llenando ventana
102,1,PSO,poblacional,649.6108833245246,649.6108833245246,False,False,,,8.783510136581754,,,,0,0,0,Llenando ventana
103,1,PSO,poblacional,649.6108833245246,877.5179062498693,False,False,,,8.783510136583573,,,,0,0,0,Llenando ventana
104,1,PSO,poblacional,588.4866530804802,588.4866530804802,False,False,,,7.979371866283145,,,,0,0,0,Llenando ventana
105,1,PSO,poblacional,588.3150765402568,588.3150765402568,False,False,,,7.2937091174189845,,,,0,0,0,Llenando ventana
106,1,PSO,poblacional,588.3150765402568,637.4770182721631,False,False,,,7.465285657642198,,,,0,0,0,Llenando ventana
107,1,PSO,poblacional,588.3150765402568,646.0727274722936,False,False,,,7.636862197865867,,,,0,0,0,Llenando ventana
108,1,PSO,poblacional,588.3150765402568,599.1227525677334,False,False,,,7.4002258865766635,,,,0,0,0,Llenando ventana
109,1,PSO,poblacional,588.3150765402568,700.3389250363638,False,False,,,7.4002258865766635,,,,0,0,0,Llenando ventana
110,1,PSO,poblacional,588.3150765402568,610.5083621480335,False,False,,,7.400225886575754,,,,0,0,0,Llenando ventana
111,1,PSO,poblacional,568.4713332971523,568.4713332971523,False,False,,,6.4829122616311,,,,0,0,0,Llenando ventana
112,1,PSO,poblacional,568.4713332971523,615.8926466280502,False,False,,,6.654488801853631,,,,0,0,0,Llenando ventana
113,1,PSO,poblacional,563.2676829693539,563.2676829693539,False,False,,,5.84132767191295,,,,0,0,0,Llenando ventana
114,1,PSO,poblacional,563.2676829693539,575.4745326677654,False,False,,,6.012904212136391,,,,0,0,0,Llenando ventana
115,1,PSO,poblacional,563.2676829693539,928.2569449639789,False,False,,,6.184480752359832,,,,0,0,0,Llenando ventana
116,1,PSO,poblacional,563.2676829693539,582.6237976410067,False,False,,,5.042501432983954,,,,0,0,0,Llenando ventana
117,1,PSO,poblacional,563.2676829693539,621.8085830082183,False,False,,,3.8123414393139683,,,,0,0,0,Llenando ventana
118,1,PSO,poblacional,563.2676829693539,624.471907521792,False,False,,,3.9839179795365,,,,0,0,0,Llenando ventana
119,1,PSO,poblacional,563.2676829693539,607.1262884098148,False,False,,,4.15549451976085,,,,0,0,0,Llenando ventana
120,1,PSO,poblacional,563.2676829693539,589.6599697812479,False,False,,,4.222473533493485,,,,0,0,0,Llenando ventana
121,1,PSO,poblacional,563.2676829693539,579.0512555982443,False,False,,,4.394050073716471,,,,0,0,0,Llenando ventana
122,1,PSO,poblacional,563.2676829693539,564.4483147693823,False,False,,,3.537515544291864,,,,0,0,0,Llenando ventana
123,1,PSO,poblacional,547.1141263744329,547.1141263744329,False,False,,,3.3835527445135085,,,,0,0,0,Llenando ventana
124,1,PSO,poblacional,547.1141263744329,551.1133161889422,False,False,,,3.5551292847374043,,,,0,0,0,Llenando ventana
125,1,PSO,poblacional,547.1141263744329,549.8524045840261,False,False,,,3.1400469804761997,,,,0,0,0,Llenando ventana
126,1,PSO,poblacional,547.1141263744329,555.4589882684088,False,False,,,3.1400469804748354,,,,0,0,0,Llenando ventana
127,1,PSO,poblacional,547.1141263744329,592.196703963217,False,False,,,2.49724154579917,,,,0,0,0,Llenando ventana
128,1,PSO,poblacional,547.1141263744329,557.6525028286778,False,False,,,2.5899999289256357,,,,0,0,0,Llenando ventana
129,1,PSO,poblacional,533.7328847022818,533.7328847022818,False,False,,,2.4479721981058447,,,,0,0,0,Llenando ventana
130,1,PSO,poblacional,492.7108013576566,492.7108013576566,False,False,,,2.289757383117376,,,,0,0,0,Llenando ventana
131,1,PSO,poblacional,467.94798145515733,467.94798145515733,False,False,,,1.7750508541965928,,,,0,0,0,Llenando ventana
132,1,PSO,poblacional,467.94798145515733,526.1248959791303,False,False,,,1.8326236291594569,,,,0,0,0,Llenando ventana
133,1,PSO,poblacional,462.907917028298,462.907917028298,False,False,,,1.6774272983233232,,,,0,0,0,Llenando ventana
134,1,PSO,poblacional,462.907917028298,521.242393859754,False,False,,,1.7375201055000389,,,,0,0,0,Llenando ventana
135,1,PSO,poblacional,455.8333297474838,455.8333297474838,False,False,,,1.425426607576469,,,,0,0,0,Llenando ventana
136,1,PSO,poblacional,454.4721687191115,454.4721687191115,False,False,,,1.258273840695324,,,,0,0,0,Llenando ventana
137,1,PSO,poblacional,454.4721687191115,491.4958892320471,False,False,,,1.1877025429770356,,,,0,0,0,Llenando ventana
138,1,PSO,poblacional,454.4721687191115,535.2165367404629,False,False,,,1.187702542977263,,,,0,0,0,Llenando ventana
139,1,PSO,poblacional,454.4721687191115,504.94322261303904,False,False,,,1.187702542977263,,,,0,0,0,Llenando ventana
140,1,PSO,poblacional,446.8874333549453,446.8874333549453,False,False,,,1.0539925938476244,,,,0,0,0,Llenando ventana
141,1,PSO,poblacional,446.8874333549453,568.5712446931664,False,False,,,0.7602129373859725,,,,0,0,0,Llenando ventana
142,1,PSO,poblacional,446.8874333549453,515.3205255276434,False,False,,,0.7602129373859725,,,,0,0,0,Llenando ventana
143,1,PSO,poblacional,446.8874333549453,466.3555906188161,False,False,,,0.6017966838332995,,,,0,0,0,Llenando ventana
144,1,PSO,poblacional,422.5346305926666,422.5346305926666,False,False,,,0.7045668952765709,,,,0,0,0,Llenando ventana
145,1,PSO,poblacional,417.53761334444636,417.53761334444636,False,False,,,0.6404154869836702,,,,0,0,0,Llenando ventana
146,1,PSO,poblacional,417.53761334444636,430.49591524609843,False,False,,,0.6404154869838976,,,,0,0,0,Llenando ventana
147,1,PSO,poblacional,417.53761334444636,469.1300438920051,False,False,,,0.640415486984125,,,,0,0,0,Llenando ventana
148,1,PSO,poblacional,417.53761334444636,446.2794656633438,False,False,,,0.640415486984125,,,,0,0,0,Llenando ventana
149,1,PSO,poblacional,417.53761334444636,438.2562639602039,False,False,,,0.640415486984125,,,,0,0,0,Llenando ventana
150,1,PSO,poblacional,417.53761334444636,439.3090041003089,False,False,,,0.6414683097991656,,,,0,0,0,Llenando ventana
151,1,PSO,poblacional,409.32063319274744,409.32063319274744,False,False,,,0.5968151253914584,,,,0,0,0,Llenando ventana
152,1,PSO,poblacional,409.32063319274744,431.9687335333985,False,False,,,0.6542749615501862,,,,0,0,0,Llenando ventana
153,1,PSO,poblacional,406.7387640426061,406.7387640426061,False,False,,,0.5869834459748517,,,,0,0,0,Llenando ventana
154,1,PSO,poblacional,406.7387640426061,420.44414306762474,False,False,,,0.5869834459746244,,,,0,0,0,Llenando ventana
155,1,PSO,poblacional,395.94191369285574,395.94191369285574,False,False,,,0.5438087501481732,,,,0,0,0,Llenando ventana
156,1,PSO,poblacional,395.94191369285574,427.39806986358394,False,False,,,0.5438087501481732,,,,0,0,0,Llenando ventana
157,1,PSO,poblacional,395.94191369285574,405.15733559015166,False,False,,,0.5438087501484006,,,,0,0,0,Llenando ventana
158,1,PSO,poblacional,395.94191369285574,448.8517776833336,False,False,,,0.5438087501484006,,,,0,0,0,Llenando ventana
159,1,PSO,poblacional,393.44837415718945,393.44837415718945,False,False,,,0.4670030992327838,,,,0,0,0,Llenando ventana
160,1,PSO,poblacional,393.44837415718945,395.3935367242859,False,False,,,0.46700309923323857,,,,0,0,0,Llenando ventana
161,1,PSO,poblacional,393.44837415718945,400.61861030919795,False,False,,,0.46700309923323857,,,,0,0,0,Llenando ventana
162,1,PSO,poblacional,393.44837415718945,396.6452245468687,False,False,,,0.49941369470559493,,,,0,0,0,Llenando ventana
163,1,PSO,poblacional,393.44837415718945,410.5128908165994,False,False,,,0.49941369470559493,,,,0,0,0,Llenando ventana
164,1,PSO,poblacional,388.08112847680286,388.08112847680286,False,False,,,0.4373407442184316,,,,0,0,0,Llenando ventana
165,1,PSO,poblacional,358.1919907900116,358.1919907900116,False,False,,,0.4250748050648099,,,,0,0,0,Llenando ventana
166,1,PSO,poblacional,358.1919907900116,382.55519068563206,False,False,,,0.42507480506503725,,,,0,0,0,Llenando ventana
167,1,PSO,poblacional,358.1919907900116,361.5510374551945,False,False,,,0.42507480506503725,,,,0,0,0,Llenando ventana
168,1,PSO,poblacional,356.1512833638335,356.1512833638335,False,False,,,0.39955860301108714,,,,0,0,0,Llenando ventana
169,1,PSO,poblacional,356.1512833638335,370.0584890033745,False,False,,,0.37553867448309575,,,,0,0,0,Llenando ventana
170,1,PSO,poblacional,356.1512833638335,363.8689167023834,False,False,,,0.36333926879660794,,,,0,0,0,Llenando ventana
171,1,PSO,poblacional,356.1512833638335,357.4987741686461,False,False,,,0.363339268796949,,,,0,0,0,Llenando ventana
172,1,PSO,poblacional,355.68725378826144,355.68725378826144,False,False,,,0.34846715553004515,,,,0,0,0,Llenando ventana
173,1,PSO,poblacional,348.96503283179743,348.96503283179743,False,False,,,0.3133429315405465,,,,0,0,0,Llenando ventana
174,1,PSO,poblacional,348.96503283179743,354.38872906072226,False,False,,,0.34732196497594714,,,,0,0,0,Llenando ventana
175,1,PSO,poblacional,342.67014442196694,342.67014442196694,False,False,,,0.3633565789654085,,,,0,0,0,Llenando ventana
176,1,PSO,poblacional,342.67014442196694,354.86246357958817,False,False,,,0.3633565789655222,,,,0,0,0,Llenando ventana
177,1,PSO,poblacional,342.67014442196694,344.0887034171585,False,False,,,0.3633565789655222,,,,0,0,0,Llenando ventana
178,1,PSO,poblacional,338.7411796185146,338.7411796185146,False,False,,,0.31826022002650234,,,,0,0,0,Llenando ventana
179,1,PSO,poblacional,337.5633473760542,337.5633473760542,False,False,,,0.30064123644189067,,,,0,0,0,Llenando ventana
180,1,PSO,poblacional,337.03473880301715,337.03473880301715,False,False,,,0.24716856274142174,,,,0,0,0,Llenando ventana
181,1,PSO,poblacional,337.03473880301715,344.2648718061789,False,False,,,0.24716856274153542,,,,0,0,0,Llenando ventana
182,1,PSO,poblacional,334.49736910686,334.49736910686,False,False,,,0.19668261243424467,,,,0,0,0,Llenando ventana
183,1,PSO,poblacional,334.49736910686,337.6881557155114,False,False,,,0.19808383834293863,,,,0,0,0,Llenando ventana
184,1,PSO,poblacional,334.49736910686,345.6482452512499,False,False,,,0.22836067165286522,,,,0,0,0,Llenando ventana
185,1,PSO,poblacional,334.49736910686,335.8816283693659,False,False,,,0.2283606716529789,,,,0,0,0,Llenando ventana
186,1,PSO,poblacional,334.49736910686,337.7636164935873,False,False,,,0.2283606716529789,,,,0,0,0,Llenando ventana
187,1,PSO,poblacional,333.8153935326534,333.8153935326534,False,False,,,0.18837499457629292,,,,0,0,0,Llenando ventana
188,1,PSO,poblacional,333.8153935326534,338.37566882718266,False,False,,,0.18837499457629292,,,,0,0,0,Llenando ventana
189,1,PSO,poblacional,330.8225879913646,330.8225879913646,False,False,,,0.15175129436818224,,,,0,0,0,Llenando ventana
190,1,PSO,poblacional,327.10416380689753,327.10416380689753,False,False,,,0.14387882142517583,,,,0,0,0,Llenando ventana
191,1,PSO,poblacional,327.10416380689753,328.82952843873767,False,False,,,0.14387882142517583,,,,0,0,0,Llenando ventana
192,1,PSO,poblacional,325.9865192739757,325.9865192739757,False,False,,,0.1413164283450783,,,,0,0,0,Llenando ventana
193,1,PSO,poblacional,320.11170592236067,320.11170592236067,False,False,,,0.10828382265032133,,,,0,0,0,Llenando ventana
194,1,PSO,poblacional,317.37280943733407,317.37280943733407,False,False,,,0.09821138031890086,,,,0,0,0,Llenando ventana
195,1,PSO,poblacional,317.37280943733407,327.22427383078053,False,False,,,0.09821138031912824,,,,0,0,0,Llenando ventana
196,1,PSO,poblacional,317.37280943733407,327.34419163286,False,False,,,0.09821138031912824,,,,0,0,0,Llenando ventana
197,1,PSO,poblacional,317.37280943733407,351.63643138237995,False,False,,,0.0982113803194693,,,,0,0,0,Llenando ventana
198,1,PSO,poblacional,317.37280943733407,322.7759243898266,False,False,,,0.133132238259293,,,,0,0,0,Llenando ventana
199,1,PSO,poblacional,313.91333542859235,313.91333542859235,False,False,,,0.09941879841051104,,,,0,0,0,Llenando ventana
200,1,PSO,poblacional,313.91333542859235,317.2014092813594,False,False,,,0.09941879841062473,,,,0,0,0,Llenando ventana
201,1,PSO,poblacional,313.91333542859235,317.6313477659463,False,False,,,0.09941879841062473,,,,0,0,0,Llenando ventana
202,1,PSO,poblacional,313.91333542859235,330.27127772315913,False,False,,,0.09941879841073842,,,,0,0,0,Llenando ventana
203,1,PSO,poblacional,313.91333542859235,314.53803282041287,False,False,,,0.12979363783443887,,,,0,0,0,Llenando ventana
204,1,PSO,poblacional,313.91333542859235,327.4199080443337,False,False,,,0.09962697456285241,,,,0,0,0,Llenando ventana
205,1,PSO,poblacional,313.91333542859235,314.13170139288354,False,False,,,0.0996269745629661,,,,0,0,0,Llenando ventana
206,1,PSO,poblacional,313.91333542859235,314.6664715651489,False,False,,,0.09962697456342084,,,,0,0,0,Llenando ventana
207,1,PSO,poblacional,313.91333542859235,317.94885105548235,False,False,,,0.11615435682165298,,,,0,0,0,Llenando ventana
208,1,PSO,poblacional,313.4095875462774,313.4095875462774,False,False,,,0.09616881558940804,,,,0,0,0,Llenando ventana
209,1,PSO,poblacional,310.6659636138279,310.6659636138279,False,False,,,0.07959930956246808,,,,0,0,0,Llenando ventana
210,1,PSO,poblacional,310.6659636138279,320.63907586243704,False,False,,,0.07959930956246808,,,,0,0,0,Llenando ventana
211,1,PSO,poblacional,310.6659636138279,319.14637956452344,False,False,,,0.10129790289227003,,,,0,0,0,Llenando ventana
212,1,PSO,poblacional,308.60695378315177,308.60695378315177,False,False,,,0.09080567785935045,,,,0,0,0,Llenando ventana
213,1,PSO,poblacional,308.60695378315177,310.76529520790183,False,False,,,0.09080567785935045,,,,0,0,0,Llenando ventana
214,1,PSO,poblacional,308.60695378315177,308.94707188953623,False,False,,,0.09367377425644463,,,,0,0,0,Llenando ventana
215,1,PSO,poblacional,308.57905818375326,308.57905818375326,False,False,,,0.07670494403583916,,,,0,0,0,Llenando ventana
216,1,PSO,poblacional,306.29051884920153,306.29051884920153,False,False,,,0.06366434475211236,,,,0,0,0,Llenando ventana
217,1,PSO,poblacional,305.3975514530876,305.3975514530876,False,False,,,0.05835134928952357,,,,0,0,0,Llenando ventana
218,1,PSO,poblacional,305.3975514530876,305.7038768969191,False,False,,,0.07237304082661922,,,,0,0,0,Llenando ventana
219,1,PSO,poblacional,305.3908659398959,305.3908659398959,False,False,,,0.06272950765497853,,,,0,0,0,Llenando ventana
220,1,PSO,poblacional,305.3908659398959,306.11929693775056,False,False,,,0.06272950765475116,,,,0,0,0,Llenando ventana
221,1,PSO,poblacional,305.3908659398959,305.7422489150656,False,False,,,0.054483056142316855,,,,0,0,0,Llenando ventana
222,1,PSO,poblacional,305.3908659398959,305.4855910910935,False,False,,,0.061168569334029144,,,,0,0,0,Llenando ventana
223,1,PSO,poblacional,305.1541458251926,305.1541458251926,False,False,,,0.05395181125771842,,,,0,0,0,Llenando ventana
224,1,PSO,poblacional,304.9849218175529,304.9849218175529,False,False,,,0.046346466825809784,,,,0,0,0,Llenando ventana
225,1,PSO,poblacional,304.83246774405166,304.83246774405166,False,False,,,0.038542551001398806,,,,0,0,0,Llenando ventana
226,1,PSO,poblacional,304.7901008164323,304.7901008164323,False,False,,,0.030737722678225055,,,,0,0,0,Llenando ventana
227,1,PSO,poblacional,304.674213990494,304.674213990494,False,False,,,0.023055448044317473,,,,0,0,0,Llenando ventana
228,1,PSO,poblacional,304.5658378842257,304.5658378842257,False,False,,,0.019692562580189588,,,,0,0,0,Llenando ventana
229,1,PSO,poblacional,304.50255038074346,304.50255038074346,False,False,,,0.012335916548067871,,,,0,0,0,Llenando ventana
230,1,PSO,poblacional,304.50255038074346,304.54087278283464,False,False,,,0.016951210069521494,,,,0,0,0,Llenando ventana
231,1,PSO,poblacional,304.50255038074346,304.5837998410569,False,False,,,0.026854961116328013,,,,0,0,0,Llenando ventana
232,1,PSO,poblacional,304.3422844929196,304.3422844929196,False,False,,,0.019711776786891733,,,,0,0,0,Llenando ventana
233,1,PSO,poblacional,304.3422844929196,304.3601464087499,False,False,,,0.02280341865241553,,,,0,0,0,Llenando ventana
234,1,PSO,poblacional,303.8412636956781,303.8412636956781,False,False,,,0.01667365313977598,,,,0,0,0,Llenando ventana
235,1,PSO,poblacional,302.04013902734107,302.04013902734107,False,False,,,0.009537858780902297,,,,0,0,0,Llenando ventana
236,1,PSO,poblacional,302.04013902734107,302.246144062039,False,False,,,0.010518680794348256,,,,0,0,0,Llenando ventana
237,1,PSO,poblacional,300.63400080024667,300.63400080024667,False,False,,,0.004184702159307108,,,,0,0,0,Llenando ventana
238,1,PSO,poblacional,300.63400080024667,301.11118564814973,False,False,,,0.009959500971206126,,,,0,0,0,Llenando ventana
239,1,PSO,poblacional,300.63400080024667,300.79437792170415,False,False,,,0.009959500971319812,,,,0,0,0,Llenando ventana
240,1,PSO,poblacional,300.63400080024667,300.66360662079063,False,False,,,0.009959500971319812,,,,0,0,0,Llenando ventana
241,1,PSO,poblacional,300.63400080024667,300.8115001196165,False,False,,,0.009959500971319812,,,,0,0,0,Llenando ventana
242,1,PSO,poblacional,300.63400080024667,300.7220274116812,False,False,,,0.009959500971206126,,,,0,0,0,Llenando ventana
243,1,PSO,poblacional,300.63400080024667,301.01208717678077,False,False,,,0.009959500971206126,,,,0,0,0,Llenando ventana
244,1,PSO,poblacional,300.63400080024667,300.6512449063233,False,False,,,0.009959500971206126,,,,0,0,0,Llenando ventana
245,1,PSO,poblacional,300.63400080024667,300.64870296914575,False,False,,,0.009959500971206126,,,,0,0,0,Llenando ventana
246,1,PSO,poblacional,300.63400080024667,300.72132003373684,False,False,,,0.009959500971206126,,,,0,0,0,Llenando ventana
247,1,PSO,poblacional,300.598506374226,300.598506374226,False,False,,,0.009608310879116289,,,,0,0,0,Llenando ventana
248,1,PSO,poblacional,300.5748963774409,300.5748963774409,False,False,,,0.0075683004268967125,,,,0,0,0,Llenando ventana
249,1,PSO,poblacional,300.5748963774409,300.58897477436307,False,False,,,0.007568300427010399,,,,0,0,0,Llenando ventana
250,1,PSO,poblacional,300.5748963774409,300.6001706883631,False,False,,,0.007568300427465147,,,,0,0,0,Llenando ventana
251,1,PSO,poblacional,300.5748963774409,300.5795149652742,False,False,,,0.010040071757032365,,,,0,0,0,Llenando ventana
252,1,PSO,poblacional,300.5190555566686,300.5190555566686,False,False,,,0.006065923669837048,,,,0,0,0,Llenando ventana
253,1,PSO,poblacional,300.5190555566686,300.9675819483685,False,False,,,0.006065923669950735,,,,0,0,0,Llenando ventana
254,1,PSO,poblacional,300.5190555566686,300.57642185639327,False,False,,,0.01007500328387323,,,,0,0,0,Llenando ventana
255,1,PSO,poblacional,300.4466013579161,300.4466013579161,False,False,,,0.007304896864127386,,,,0,0,0,Llenando ventana
256,1,PSO,poblacional,300.37917966752116,300.37917966752116,False,False,,,0.00627296473203387,,,,0,0,0,Llenando ventana
257,1,PSO,poblacional,300.37917966752116,300.43111380762946,False,False,,,0.00627296473203387,,,,0,0,0,Llenando ventana
258,1,PSO,poblacional,300.37917966752116,300.4062100103322,False,False,,,0.008770450976612665,,,,0,0,0,Llenando ventana
259,1,PSO,poblacional,300.32360582683634,300.32360582683634,False,False,,,0.0063340751410692064,,,,0,0,0,Llenando ventana
260,1,PSO,poblacional,300.32360582683634,300.34418325313726,False,False,,,0.006334075141182893,,,,0,0,0,Llenando ventana
261,1,PSO,poblacional,300.32360582683634,300.3257517409936,False,False,,,0.00633407514129658,,,,0,0,0,Llenando ventana
262,1,PSO,poblacional,300.32360582683634,300.3378692104649,False,False,,,0.008453444997144288,,,,0,0,0,Llenando ventana
263,1,PSO,poblacional,300.32360582683634,300.3346113979125,False,False,,,0.010487960979105537,,,,0,0,0,Llenando ventana
264,1,PSO,poblacional,300.2902793763067,300.2902793763067,False,False,,,0.010219923827435196,,,,0,0,0,Llenando ventana
265,1,PSO,poblacional,300.2709440933359,300.2709440933359,False,False,,,0.010168102627005737,,,,0,0,0,Llenando ventana
266,1,PSO,poblacional,300.25923297941694,300.25923297941694,False,False,,,0.009933707274853987,,,,0,0,0,Llenando ventana
267,1,PSO,poblacional,300.25923297941694,300.32716310417106,False,False,,,0.011843163488265418,,,,0,0,0,Llenando ventana
268,1,PSO,poblacional,300.25923297941694,300.2945701909679,False,False,,,0.013790781554234854,,,,0,0,0,Llenando ventana
269,1,PSO,poblacional,300.25923297941694,300.26186530274674,False,False,,,0.013790781554234854,,,,0,0,0,Llenando ventana
270,1,PSO,poblacional,300.2295571229293,300.2295571229293,False,False,,,0.011750731458903374,,,,0,0,0,Llenando ventana
271,1,PSO,poblacional,300.19578385997437,300.19578385997437,False,False,,,0.011402876740532975,,,,0,0,0,Llenando ventana
272,1,PSO,poblacional,300.1473015389946,300.1473015389946,False,False,,,0.009438711646396314,,,,0,0,0,Llenando ventana
273,1,PSO,poblacional,300.1473015389946,300.2390443068003,False,False,,,0.010158395930886854,,,,0,0,0,Llenando ventana
274,1,PSO,poblacional,300.1473015389946,300.17101324284846,False,False,,,0.006151721836943125,,,,0,0,0,Llenando ventana
275,1,PSO,poblacional,300.1473015389946,300.20868433787933,False,False,,,0.0061517218371704985,,,,0,0,0,Llenando ventana
276,1,PSO,poblacional,300.1473015389946,300.1541142699989,False,False,,,0.0037499999997976374,,,,0,0,0,Llenando ventana
277,1,PSO,poblacional,300.1473015389946,300.14777361228744,False,False,,,0.0037499999996839506,,,,0,0,0,Llenando ventana
278,1,PSO,poblacional,300.1473015389946,300.1509298750935,False,False,,,0.0037499999997976374,,,,0,0,0,Llenando ventana
279,1,PSO,poblacional,300.13270533681674,300.13270533681674,False,False,,,0.003249999999809461,,,,0,0,0,Llenando ventana
280,1,PSO,poblacional,300.13270533681674,300.15837052778136,False,False,,,0.003249999999809461,,,,0,0,0,Llenando ventana
281,1,PSO,poblacional,300.13270533681674,300.1381205676827,False,False,,,0.0032499999999231477,,,,0,0,0,Llenando ventana
282,1,PSO,poblacional,300.13270533681674,300.15285765147144,False,False,,,0.0032499999999231477,,,,0,0,0,Llenando ventana
283,1,PSO,poblacional,300.1237691658176,300.1237691658176,False,False,,,0.002749999999934971,,,,0,0,0,Llenando ventana
284,1,PSO,poblacional,300.1237691658176,300.13181743094964,False,False,,,0.002749999999934971,,,,0,0,0,Llenando ventana
285,1,PSO,poblacional,300.1143075039116,300.1143075039116,False,False,,,0.0022500000000604814,,,,0,0,0,Llenando ventana
286,1,PSO,poblacional,300.1143075039116,300.1424925457924,False,False,,,0.002749999999934971,,,,0,0,0,Llenando ventana
287,1,PSO,poblacional,300.1143075039116,300.1244419019346,False,False,,,0.003249999999809461,,,,0,0,0,Llenando ventana
288,1,PSO,poblacional,300.1143075039116,300.1176368088534,False,False,,,0.003249999999809461,,,,0,0,0,Llenando ventana
289,1,PSO,poblacional,300.1143075039116,300.11603695084705,False,False,,,0.003249999999809461,,,,0,0,0,Llenando ventana
290,1,PSO,poblacional,300.11029631891637,300.11029631891637,False,False,,,0.0027499999998212843,,,,0,0,0,Llenando ventana
291,1,PSO,poblacional,300.11029631891637,300.12111830010076,False,False,,,0.0032499999999231477,,,,0,0,0,Llenando ventana
292,1,PSO,poblacional,300.097834232733,300.097834232733,False,False,,,0.002749999999934971,,,,0,0,0,Llenando ventana
293,1,PSO,poblacional,300.097834232733,300.09821851169437,False,False,,,0.002749999999934971,,,,0,0,0,Llenando ventana
294,1,PSO,poblacional,300.0965216444598,300.0965216444598,False,False,,,0.002750000000048658,,,,0,0,0,Llenando ventana
295,1,PSO,poblacional,300.0965216444598,300.1007572232728,False,False,,,0.0032499999999231477,,,,0,0,0,Llenando ventana
296,1,PSO,poblacional,300.0965216444598,300.098146559696,False,False,,,0.0032499999999231477,,,,0,0,0,Llenando ventana
297,1,PSO,poblacional,300.0957291633165,300.0957291633165,False,False,,,0.002749999999934971,,,,0,0,0,Llenando ventana
298,1,PSO,poblacional,300.0957291633165,300.10233761274947,False,False,,,0.003249999999809461,,,,0,0,0,Llenando ventana
299,1,PSO,poblacional,300.0957291633165,300.1005733410354,False,False,,,0.003249999999809461,,,,0,0,0,Llenando ventana
300,1,PSO,poblacional,300.0957291633165,300.0969663256615,False,False,,,0.0032500000000368345,,,,0,0,0,Llenando ventana
301,2,EHO,poblacional,300.0957291633165,300.0957291633165,False,False,,,,,,,0,0,1,Llenando ventana
302,2,EHO,poblacional,300.0957291633165,300.0957291633165,False,False,,,,,,,1,0,2,Llenando ventana
303,2,EHO,poblacional,300.0957291633165,300.0957291633165,False,False,,,,,,,2,0,3,Llenando ventana
304,2,EHO,poblacional,300.0957291633165,300.0957291633165,False,False,,,,,,,3,0,4,Llenando ventana
305,2,EHO,poblacional,300.0957291633165,300.0957291633165,False,False,,,,,,,4,0,5,Llenando ventana
306,2,EHO,poblacional,300.0957291633165,300.0957291633165,False,False,,,,,,,5,0,6,Llenando ventana
307,2,EHO,poblacional,300.0957291633165,300.0957291633165,False,False,,,,,,,6,0,7,Llenando ventana
308,2,EHO,poblacional,300.0957291633165,300.0957291633165,False,False,,,,,,,7,0,8,Llenando ventana
309,2,EHO,poblacional,300.0957291633165,300.0957291633165,False,False,,,,,,,8,0,9,Llenando ventana
310,2,EHO,poblacional,300.0957291633165,300.0957291633165,False,False,,,,,,,9,0,10,Llenando ventana
311,2,EHO,poblacional,300.0957291633165,300.0957291633165,False,False,,,,,,,10,0,11,Llenando ventana
312,2,EHO,poblacional,300.0957291633165,300.0957291633165,False,False,,,,,,,11,0,12,Llenando ventana
313,2,EHO,poblacional,300.0957291633165,300.0957291633165,False,False,,,,,,,12,0,13,Llenando ventana
314,2,EHO,poblacional,300.0957291633165,300.0957291633165,False,False,,,,,,,13,0,14,Llenando ventana
315,2,EHO,poblacional,300.0842158763806,300.0842158763806,False,False,,,,,,,0,0,15,Llenando ventana
316,2,EHO,poblacional,300.06878003583705,300.06878003583705,False,False,,,,,,,0,0,16,Llenando ventana
317,2,EHO,poblacional,300.06878003583705,300.06878003583705,False,False,,,,,,,1,0,17,Llenando ventana
318,2,EHO,poblacional,300.0536826722338,300.0536826722338,False,False,,,,,,,0,0,18,Llenando ventana
319,2,EHO,poblacional,300.0515074592075,300.0515074592075,False,False,,,,,,,0,0,19,Llenando ventana
320,2,EHO,poblacional,300.0318199365196,300.0318199365196,False,False,,,,,,,0,0,20,Llenando ventana
321,2,EHO,poblacional,300.03006976987814,300.03006976987814,False,False,,,,,,,0,0,21,Llenando ventana
322,2,EHO,poblacional,300.01934007959204,300.01934007959204,False,False,,,,,,,0,0,22,Llenando ventana
323,2,EHO,poblacional,300.01934007959204,300.01934007959204,False,False,,,,,,,1,0,23,Llenando ventana
324,2,EHO,poblacional,300.01934007959204,300.01934007959204,False,False,,,,,,,2,0,24,Llenando ventana
325,2,EHO,poblacional,300.01934007959204,300.01934007959204,False,False,,,,,,,3,0,25,Llenando ventana
326,2,EHO,poblacional,300.01871980973476,300.01871980973476,False,False,,,,,,,0,0,26,Llenando ventana
327,2,EHO,poblacional,300.0167602993946,300.0167602993946,False,False,,,,,,,0,0,27,Llenando ventana
328,2,EHO,poblacional,300.0167602993946,300.0167602993946,False,False,,,,,,,1,0,28,Llenando ventana
329,2,EHO,poblacional,300.0167054002833,300.0167054002833,False,False,,,,,,,0,0,29,Llenando ventana
330,2,EHO,poblacional,300.01666666187214,300.01666666187214,False,False,,,,,,,0,0,30,Llenando ventana
331,2,EHO,poblacional,300.01666666187214,300.01666666187214,False,False,,,,,,,1,0,31,Llenando ventana
332,2,EHO,poblacional,300.0163024226867,300.0163024226867,False,False,,,,,,,0,0,32,Llenando ventana
333,2,EHO,poblacional,300.0161627721796,300.0161627721796,False,False,,,,,,,0,0,33,Llenando ventana
334,2,EHO,poblacional,300.0161627721796,300.0161627721796,False,False,,,,,,,1,0,34,Llenando ventana
335,2,EHO,poblacional,300.0158551487344,300.0158551487344,False,False,,,,,,,0,0,35,Llenando ventana
336,2,EHO,poblacional,300.01581660606854,300.01581660606854,False,False,,,,,,,0,0,36,Llenando ventana
337,2,EHO,poblacional,300.0157562508277,300.0157562508277,False,False,,,,,,,0,0,37,Llenando ventana
338,2,EHO,poblacional,300.01556729120847,300.01556729120847,False,False,,,,,,,0,0,38,Llenando ventana
339,2,EHO,poblacional,300.01537387425327,300.01537387425327,False,False,,,,,,,0,0,39,Llenando ventana
340,2,EHO,poblacional,300.0152794716818,300.0152794716818,True,False,0.08230809364965808,0.08044969163466931,0.0018584020149887692,4.0,20.0,12.0,0,0,40,Explotacion activa
341,2,EHO,poblacional,300.0151658630142,300.0151658630142,True,False,0.08219448498203974,0.08056330030228764,0.0016311846797520957,4.0,20.0,12.0,0,0,41,Explotacion activa
342,2,EHO,poblacional,300.0151658630142,300.0151658630142,True,False,0.08219448498192605,0.08056330030228764,0.0016311846796384089,4.0,20.0,12.0,1,0,42,Explotacion activa
343,2,EHO,poblacional,300.0150968778726,300.0150968778726,True,False,0.08212549984057205,0.08063228544386902,0.0014932143967030242,4.0,20.0,12.0,0,0,43,Explotacion activa
344,2,EHO,poblacional,300.0150968778726,300.0150968778726,True,False,0.08212549984057205,0.08063228544386902,0.0014932143967030242,4.0,20.0,12.0,1,0,44,Explotacion activa
345,2,EHO,poblacional,300.0150968778726,300.0150968778726,True,False,0.08212549984034467,0.08063228544386902,0.0014932143964756506,4.0,20.0,12.0,2,0,45,Explotacion activa
346,2,EHO,poblacional,300.0148827149013,300.0148827149013,True,False,0.08182835280462086,0.08084644841517274,0.0009819043894481183,4.0,20.0,12.0,0,0,46,Explotacion activa
347,2,EHO,poblacional,300.0147720821776,300.0147720821776,True,False,0.08171772008103062,0.08095708113887667,0.0007606389421539461,4.0,20.0,12.0,0,0,47,Explotacion activa
348,2,EHO,poblacional,300.0147720821776,300.0147720821776,True,False,0.08171772008103062,0.08095708113887667,0.0007606389421539461,4.0,20.0,12.0,1,0,48,Explotacion activa
349,2,EHO,poblacional,300.0147258397842,300.0147258397842,True,False,0.08167147768762106,0.08100332353228623,0.0006681541553348325,0.08061158990139461,0.08214619538297825,0.0015346054815836396,0,0,49,Explotacion activa
350,2,EHO,poblacional,300.0147258397842,300.0147258397842,True,False,0.08188564065892479,0.08100332353228623,0.0008823171266385543,0.08063228544386902,0.08212549984057205,0.0014932143967030242,1,0,50,Explotacion activa
351,2,EHO,poblacional,300.01468496066036,300.01468496066036,True,False,0.0820589245063843,0.08104420265613044,0.0010147218502538635,0.08063228544386902,0.08212549984057205,0.0014932143967030242,0,0,51,Explotacion activa
352,2,EHO,poblacional,300.01464866356065,300.01464866356065,True,False,0.08223679037797638,0.08108049975584208,0.0011562906221342928,0.08063228544386902,0.08215309389711364,0.0014932143967030242,0,0,52,Explotacion activa
353,2,EHO,poblacional,300.01461397535843,300.01461397535843,True,False,0.08241626514706013,0.08111518795806205,0.0013010771889980788,0.08063228544386902,0.08219448498193742,0.0014932143967030242,0,0,53,Explotacion activa
354,2,EHO,poblacional,300.0144963779781,300.0144963779781,True,False,0.07128538083082958,0.06971949840249181,0.0015658824283377726,0.08063228544386902,0.08218068795365525,0.0014932143967030242,0,0,54,Explotacion activa
355,2,EHO,poblacional,300.0144963779781,300.0144963779781,True,False,0.056135377315854385,0.054283657858945844,0.0018517194569085405,0.08059779287307833,0.08215999241124905,0.0015295484125203984,1,0,55,Explotacion activa
356,2,EHO,poblacional,300.0140026903663,300.0140026903663,True,False,0.056343227898992154,0.05477734547076807,0.0015658824282240857,0.08056330030228764,0.08213929686884285,0.0015658824282468232,0,0,56,Explotacion activa
357,2,EHO,poblacional,300.01354500827665,300.01354500827665,True,False,0.04170354638557683,0.04013766395712537,0.0015658824284514594,0.08056330030228764,0.08212549984057205,0.0015658824283264039,0,0,57,Explotacion activa
358,2,EHO,poblacional,300.0118468027965,300.0118468027965,True,False,0.04122653883945304,0.03966065641100158,0.0015658824284514594,0.08049513510171664,0.08212549984057205,0.0015658824284059847,0,0,58,Explotacion activa
359,2,EHO,poblacional,300.01143868226876,300.01143868226876,True,False,0.021947136679159485,0.020381254250821712,0.0015658824283377726,0.07723063366501606,0.08212549984057205,0.0015658824283718785,0,0,59,Explotacion activa
360,2,EHO,poblacional,300.0105364745639,300.0105364745639,True,False,0.020742525857485816,0.019533295314261068,0.0012092305432247485,0.06971949840249181,0.08212549984057205,0.0015658824283377726,0,0,60,Explotacion activa
361,2,EHO,poblacional,300.0100552697192,300.0100552697192,True,False,0.010208203387264803,0.009284809872838196,0.000923393514426607,0.05925999135028519,0.08212549984050384,0.0015658824283377726,0,0,61,Explotacion activa
362,2,EHO,poblacional,300.00993047362033,300.00993047362033,True,False,0.010297570259695021,0.009409605971711699,0.0008879642879833227,0.05457987042603918,0.08212549984043563,0.0015658824283377726,0,0,62,Explotacion activa
363,2,EHO,poblacional,300.0087692748171,300.0087692748171,True,False,0.011172932034241967,0.010570804774943099,0.000602127259298868,0.05286905846876379,0.0821254998403674,0.0015658824283377726,0,0,63,Explotacion activa
364,2,EHO,poblacional,300.0076170687784,300.0076170687784,True,False,0.012039301044239892,0.011723010813625478,0.0003162902306144133,0.04296686273748945,0.0821121847735526,0.0015658824283150351,0,0,64,Explotacion activa
365,2,EHO,poblacional,300.0070654494338,300.0070654494338,True,False,0.01180127369116235,0.011654360300951794,0.00014691339021055683,0.039899160184063476,0.08209221217336449,0.0015658824282809292,0,0,65,Explotacion activa
366,2,EHO,poblacional,300.0055926892398,300.0055926892398,True,False,0.010814523545150223,0.011167610154814156,-0.0003530866096639329,0.03580477597896561,0.08207223957317637,0.0015658824282468232,0,0,66,Explotacion activa
367,2,EHO,poblacional,300.00492067412466,300.00492067412466,True,False,0.011200701631707943,0.011839625269942644,-0.0006389236382347008,0.022309194466839693,0.08204159612163835,0.0015586156250719796,0,0,67,Explotacion activa
368,2,EHO,poblacional,300.0040694451006,300.0040694451006,True,False,0.011711194515669376,0.012635955182702219,-0.0009247606670328423,0.019872478888885325,0.0819896109674005,0.001536815215615661,0,0,68,Explotacion activa
369,2,EHO,poblacional,300.0040694451006,300.0040694451006,True,False,0.011886619075824001,0.012597216771553121,-0.0007105976957291205,0.017464093274793407,0.08193762581316263,0.0015150148061593425,1,0,69,Explotacion activa
370,2,EHO,poblacional,300.00185365302855,300.00185365302855,True,False,0.013816574119061897,0.01481300884358916,-0.000996434724527262,0.01481300884358916,0.08188564065892479,0.0014932143967030242,0,0,70,Explotacion activa
371,2,EHO,poblacional,300.00185365302855,300.00185365302855,True,False,0.013803310005187086,0.014448769658145011,-0.0006454596529579248,0.014558041413778255,0.0818684543026336,0.0014932143967030242,1,0,71,Explotacion activa
372,2,EHO,poblacional,300.0016702523118,300.0016702523118,True,False,0.013694421752632024,0.01449251986781519,-0.0007980981151831656,0.014475019783947118,0.08185126794634243,0.0014932143967030242,0,0,72,Explotacion activa
373,2,EHO,poblacional,300.0013529637021,300.0013529637021,True,False,0.013725873333612526,0.014809808477480146,-0.0010839351438676204,0.014488144846848173,0.08183408159005126,0.0014932143967030242,0,0,73,Explotacion activa
374,2,EHO,poblacional,300.0013113034914,300.0013113034914,True,False,0.013646059548534595,0.014543845242997122,-0.0008977856944625273,0.014502784942851576,0.08180622625990282,0.0014932143966575496,0,0,74,Explotacion activa
375,2,EHO,poblacional,300.0012560603204,300.0012560603204,True,False,0.013766436682885796,0.014560545748167897,-0.0007941090652821003,0.014518182555406156,0.08177303644282574,0.0014932143965893374,0,0,75,Explotacion activa
376,2,EHO,poblacional,300.00112594720673,300.00112594720673,True,False,0.013790131299913355,0.014630303620947416,-0.0008401723210340606,0.014533580167960736,0.08173984662574867,0.0014932143965211253,0,0,76,Explotacion activa
377,2,EHO,poblacional,300.0010139253265,300.0010139253265,True,False,0.013813273542098159,0.014553365881965874,-0.0007400923398677151,0.014544797306893998,0.08171772008103062,0.0014740006757278932,0,0,77,Explotacion activa
378,2,EHO,poblacional,300.00054430448677,300.00054430448677,True,False,0.013727447709698026,0.014829569766504846,-0.0011021220568068202,0.014547653498584622,0.08171772008103062,0.0014163595134846214,0,0,78,Explotacion activa
379,2,EHO,poblacional,300.00054430448677,300.00054430448677,True,False,0.013633045138362831,0.014735167195055965,-0.0011021220566931333,0.014550509690275248,0.08171772008103062,0.0013587183512413497,1,0,79,Explotacion activa
380,2,EHO,poblacional,300.00054430448677,300.00054430448677,True,False,0.013519436470630808,0.014621558527437628,-0.0011021220568068202,0.014553365881965874,0.08171772008103062,0.0013010771889980788,2,0,80,Explotacion activa
381,2,EHO,poblacional,300.00054430448677,300.00054430448677,True,False,0.01373359944193453,0.014621558527437628,-0.0008879590855030983,0.014555519841826481,0.08170384736300776,0.0012735231952660797,3,0,81,Explotacion activa
382,2,EHO,poblacional,300.00049134490666,300.00049134490666,True,False,0.01382581769155422,0.0146055329659589,-0.0007797152744046798,0.014557673801687088,0.08168997464498488,0.0012459692015340804,0,0,82,Explotacion activa
383,2,EHO,poblacional,300.00049134490666,300.00049134490666,True,False,0.014039980662857943,0.0146055329659589,-0.0005655523031009579,0.014559827761547694,0.08167610192696202,0.0012184152078020814,1,0,83,Explotacion activa
384,2,EHO,poblacional,300.0003870223367,300.0003870223367,True,False,0.014149821064222579,0.014709855535897987,-0.000560034471675408,0.014569543191726098,0.07959425831626274,0.0011986425590066573,0,0,84,Explotacion activa
385,2,EHO,poblacional,300.00035568084417,300.00035568084417,True,False,0.013912789910250467,0.014527034057152832,-0.0006142441469023652,0.014556955815066885,0.07647842925922528,0.0011827605826795204,0,0,85,Explotacion activa
386,2,EHO,poblacional,300.00035568084417,300.00035568084417,True,False,0.013883915434121263,0.014416401333448903,-0.0005324858993276393,0.014551461754172124,0.07336260020218784,0.0011668786063523838,1,0,86,Explotacion activa
387,2,EHO,poblacional,300.00035568084417,300.00035568084417,True,False,0.01395650963343087,0.014416401333448903,-0.0004598917000180336,0.014544797306893998,0.06979116553764582,0.0011421337449462497,2,0,87,Explotacion activa
388,2,EHO,poblacional,300.0002977775068,300.0002977775068,True,False,0.013921740307182517,0.014428062277431764,-0.0005063219702492461,0.014533758531490549,0.06530851965809453,0.0010996631133821204,0,0,88,Explotacion activa
389,2,EHO,poblacional,300.00023361790227,300.00023361790227,True,False,0.014040981419441323,0.01449222188193744,-0.0004512404624961164,0.01451667980035154,0.06082587377854334,0.001057192481817992,0,0,89,Explotacion activa
390,2,EHO,poblacional,300.00023361790227,300.00023361790227,True,False,0.014051896339481118,0.014451342758093233,-0.00039944641861211494,0.01449251986781519,0.056343227898992154,0.0010147218502538635,1,0,90,Explotacion activa
391,2,EHO,poblacional,300.00022499493576,300.00022499493576,True,False,0.014190376990029563,0.014423668624885977,-0.00023329163485641402,0.014492311277700764,0.05628087272405082,0.0010048766120121398,0,0,91,Explotacion activa
392,2,EHO,poblacional,300.0002083085366,300.0002083085366,True,False,0.014322403105325066,0.014405666821801333,-8.326371647626729e-05,0.014475870232399757,0.05621851754910949,0.0009950313737704163,0,0,92,Explotacion activa
393,2,EHO,poblacional,300.0001884711646,300.0001884711646,True,False,0.014368369069870823,0.01430790681348526,6.0462256385562796e-05,0.014451085448098411,0.05615616237416816,0.0009851861355286927,0,0,93,Explotacion activa
394,2,EHO,poblacional,300.00012293122364,300.00012293122364,True,False,0.014486229845658727,0.014373446754461838,0.00011278309119688856,0.014449284278134656,0.05324901112979883,0.0009702022144438159,0,0,94,Explotacion activa
395,2,EHO,poblacional,300.00008473190513,300.00008473190513,True,False,0.014454342915428242,0.013917958461149738,0.0005363844542785046,0.014438415967788387,0.048919461850715606,0.0009526489519373627,0,0,95,Explotacion activa
396,2,EHO,poblacional,300.00008473190513,300.00008473190513,True,False,0.014496660825898289,0.01346027637151792,0.001036384454380368,0.014427183546922606,0.04458991257163228,0.0009884678816092672,1,0,96,Explotacion activa
397,2,EHO,poblacional,300.0000843872109,300.0000843872109,True,False,0.013298110651305706,0.011762415585621966,0.0015356950656837398,0.014424107990140555,0.04165584563096445,0.0010114401041732889,0,0,97,Explotacion activa
398,2,EHO,poblacional,300.00006893884944,300.00006893884944,True,False,0.01337454176217534,0.011369743419322731,0.0020047983428526095,0.014419308250023733,0.04151274336712731,0.001027719412729766,0,0,98,Explotacion activa
399,2,EHO,poblacional,300.00006876862466,300.00006876862466,True,False,0.012972163832500883,0.010467705939220195,0.002504457893280687,0.014416401333448903,0.041369641103290174,0.0010723563047065452,0,0,99,Explotacion activa
400,2,EHO,poblacional,300.00006876862466,300.00006876862466,True,False,0.012990958987813883,0.00998650109454502,0.0030044578932688637,0.014416401333448903,0.04122653883945304,0.0011562906221342928,1,0,100,Explotacion activa
401,2,EHO,poblacional,300.0000654944553,300.0000654944553,True,False,0.013112480917357061,0.009864979165001841,0.0032475017523552197,0.014408887175295603,0.035442718191364894,0.0011933485668976116,0,0,101,Explotacion activa
402,2,EHO,poblacional,300.00006060483906,300.00006060483906,True,False,0.01244639249773627,0.008708669978034322,0.003737722519701947,0.014392778794865535,0.02965889754327688,0.0012459692015340804,0,0,102,Explotacion activa
403,2,EHO,poblacional,300.0000506854729,300.0000506854729,True,False,0.011784267093105427,0.007566383305515956,0.0042178837875894715,0.01436689276036418,0.02387507689518873,0.0013202909097458349,0,0,103,Explotacion activa
404,2,EHO,poblacional,300.00003784149504,300.00003784149504,True,False,0.011719803770517956,0.007027607938766778,0.004692195831751178,0.014321014801680576,0.021706214514824747,0.0014547869549801356,0,0,104,Explotacion activa
405,2,EHO,poblacional,300.00003784149504,300.00003784149504,True,False,0.01074704357660039,0.005554847744747349,0.0051921958318530415,0.014112932637317499,0.02134483126832265,0.0014932143965893374,1,0,105,Explotacion activa
406,2,EHO,poblacional,300.00002973886757,300.00002973886757,True,False,0.010566925833984442,0.0048909352570944975,0.005675990576889944,0.013826422043223374,0.020983448021820544,0.0014932143967030242,0,0,106,Explotacion activa
407,2,EHO,poblacional,300.0000244241505,300.0000244241505,True,False,0.010026981375972355,0.004045020950059097,0.0059819604259132575,0.0135060445804811,0.020117939354327055,0.0014932143967030242,0,0,107,Explotacion activa
408,2,EHO,poblacional,300.0000244241505,300.0000244241505,True,False,0.010210382092850523,0.004045020950059097,0.006165361142791426,0.012965683658228498,0.01824417984485077,0.0015187027980914534,1,0,108,Explotacion activa
409,2,EHO,poblacional,300.0000203528573,300.0000203528573,True,False,0.00830711801080497,0.001833300171256269,0.006473817839548701,0.01262433365935749,0.01637042033537453,0.0015447512744458435,0,0,109,Explotacion activa
410,2,EHO,poblacional,300.0000155501675,300.0000155501675,True,False,0.008485716037796465,0.001838102861029256,0.006647613176767209,0.012597216771553121,0.014496660825898289,0.0015658824282240857,0,0,110,Explotacion activa
411,2,EHO,poblacional,300.0000086942096,300.0000086942096,True,False,0.008662260796654664,0.0016615581021710568,0.007000702694483607,0.012066902720425788,0.01449353153182642,0.0015658824283036666,0,0,111,Explotacion activa
412,2,EHO,poblacional,300.0000065989644,300.0000065989644,True,False,0.008776457477836175,0.0013463647377420784,0.007430092740094096,0.011808741396214373,0.014490402237754552,0.0015658824283377726,0,0,112,Explotacion activa
413,2,EHO,poblacional,300.0000065755587,300.0000065755587,True,False,0.008864886975175068,0.0013047279326769967,0.007560159042498071,0.011758475108422317,0.014487272943682683,0.0015658824283491413,0,0,113,Explotacion activa
414,2,EHO,poblacional,300.0000062215058,300.0000062215058,True,False,0.008939402864939439,0.001249838814544546,0.0076895640503948925,0.011730891768024776,0.01447985245961263,0.001565882428428722,0,0,114,Explotacion activa
415,2,EHO,poblacional,300.00000552953804,300.00000552953804,True,False,0.009068824010796561,0.0011204176686874234,0.007948406342109138,0.011688685557288636,0.014470286380543484,0.0015658824284514594,0,0,115,Explotacion activa
416,2,EHO,poblacional,300.0000046337423,300.0000046337423,True,False,0.009179950095301592,0.0010092915841823924,0.0081706585111192,0.01159743692462598,0.014460720301474338,0.001578942878688849,0,0,116,Explotacion activa
417,2,EHO,poblacional,300.0000038886509,300.0000038886509,True,False,0.00889661645430806,0.0005404158358714994,0.00835620061843656,0.011398205107485637,0.0144457455308725,0.0016246544545197139,0,0,117,Explotacion activa
418,2,EHO,poblacional,300.00000343935295,300.00000343935295,True,False,0.008897763746631426,0.00054086513381435,0.008356898612817076,0.011248463460617586,0.014419953377205275,0.001631184679706621,0,0,118,Explotacion activa
419,2,EHO,poblacional,300.00000337203335,300.00000337203335,True,False,0.009002018996966399,0.0005409324534184634,0.008461086543547935,0.010988568540852839,0.014394161223538048,0.0016973451128990285,0,0,119,Explotacion activa
420,2,EHO,poblacional,300.0000019433152,300.0000019433152,True,False,0.009104912848783897,0.0005423611715400511,0.008562551677243846,0.010570804774943099,0.014368369069870823,0.0018517194569085405,0,0,120,Explotacion activa
421,2,EHO,poblacional,300.0000019433152,300.0000019433152,True,False,0.009156275838620331,0.0004894015914373995,0.008666874247182932,0.010498635589937067,0.014354579280507096,0.0018563972475647006,1,0,121,Explotacion activa
422,2,EHO,poblacional,300.0000016263404,300.0000016263404,True,False,0.009260281433739692,0.0004897185662571246,0.008770562867482568,0.010275224001350124,0.014340789491143369,0.0019169605461343052,0,0,122,Explotacion activa
423,2,EHO,poblacional,300.0000016263404,300.0000016263404,True,False,0.00923066716586618,0.00038539599631803867,0.008845271169548141,0.009974348901590702,0.014326999701779641,0.0020547642978954142,1,0,123,Explotacion activa
424,2,EHO,poblacional,300.00000156803463,300.00000156803463,True,False,0.009264807308511536,0.00035411280953212554,0.00891069449897941,0.009889283550910477,0.014295997882265965,0.0024045259831950703,0,0,124,Explotacion activa
425,2,EHO,poblacional,300.0000014466229,300.0000014466229,True,False,0.009330225837743455,0.0003542342212767835,0.008975991616466672,0.00963729256835677,0.014256390047677312,0.002754457893274772,0,0,125,Explotacion activa
426,2,EHO,poblacional,300.00000141375256,300.00000141375256,True,False,0.009394944961286456,0.00035426709160901737,0.009040677869677438,0.009384646751936999,0.014216782213088662,0.003053066665086134,0,0,126,Explotacion activa
427,2,EHO,poblacional,300.0000011409668,300.0000011409668,True,False,0.009370141636395601,0.00029663653998568407,0.009073505096409917,0.009297289482725546,0.014186321397448864,0.0032231973664465837,0,0,127,Explotacion activa
428,2,EHO,poblacional,300.0000009674436,300.0000009674436,True,False,0.009345483252729991,0.00023265045865628053,0.00911283279407371,0.008939125935955871,0.014174154619706768,0.0035416342127632533,0,0,128,Explotacion activa
429,2,EHO,poblacional,300.0000008313854,300.0000008313854,True,False,0.009410887135516077,0.00023278651684677243,0.009178100618669305,0.008365983976278812,0.014161987841964674,0.003881770900068203,0,0,129,Explotacion activa
430,2,EHO,poblacional,300.0000007522459,300.0000007522459,True,False,0.00946772497047732,0.00022424268985332674,0.009243482280623994,0.007566383305515956,0.014149821064222579,0.004217883787589468,0,0,130,Explotacion activa
431,2,EHO,poblacional,300.0000005498743,300.0000005498743,True,False,0.009516376140709326,0.00020775866232725093,0.009308617478382075,0.007189240548791532,0.01412044364680014,0.004549902218502664,0,0,131,Explotacion activa
432,2,EHO,poblacional,300.0000005498743,300.0000005498743,True,False,0.009562078709677735,0.0001879212903190819,0.009374157419358653,0.006438503861159003,0.014091066229377702,0.004892195831791919,1,0,132,Explotacion activa
433,2,EHO,poblacional,300.0000005498743,300.0000005498743,True,False,0.009627618650654313,0.0001223813493425041,0.009505237301311809,0.005488456495982063,0.014061688811955263,0.005240575306356729,2,0,133,Explotacion activa
434,2,EHO,poblacional,300.0000005498743,300.0000005498743,True,False,0.009635610634688874,8.41820308323804e-05,0.009551428603856493,0.005023717754625067,0.01404971335547316,0.005579231627882562,3,0,134,Explotacion activa
435,2,EHO,poblacional,300.00000054744504,300.00000054744504,True,False,0.009646366189429045,8.418446009272884e-05,0.009562181729336316,0.004467978103576797,0.01404643887946122,0.005828975501401601,0,0,135,Explotacion activa
436,2,EHO,poblacional,300.0000004674381,300.0000004674381,True,False,0.009652489826919464,8.391977280552965e-05,0.009568570054113934,0.004045020950059097,0.014043164403449281,0.006018640569288889,0,0,136,Explotacion activa
437,2,EHO,poblacional,300.0000004003479,300.0000004003479,True,False,0.009646753607796654,6.85385015231077e-05,0.009578215106273547,0.004045020950059097,0.014040881343782985,0.006147021071103607,0,0,137,Explotacion activa
438,2,EHO,poblacional,300.0000003123063,300.0000003123063,True,False,0.009659339319284754,6.845631833130028e-05,0.009590883000953454,0.002720870096641189,0.014040581116807971,0.00635043516084579,0,0,138,Explotacion activa
439,2,EHO,poblacional,300.0000003123063,300.0000003123063,True,False,0.009672183297141146,6.845631833130028e-05,0.009603726978809846,0.00183666205409736,0.014040280889832956,0.006525956440714253,1,0,139,Explotacion activa
440,2,EHO,poblacional,300.0000003123063,300.0000003123063,True,False,0.009681753105667212,6.518214900097519e-05,0.009616570956666237,0.001833300171256269,0.014039980662857943,0.006647613176767209,2,0,140,Explotacion activa
441,2,EHO,poblacional,300.00000029616825,300.00000029616825,True,False,0.009689691329185735,6.0308670811082266e-05,0.009629382658374652,0.00171308072289662,0.01401493935402982,0.006894775839168684,0,0,141,Explotacion activa
442,2,EHO,poblacional,300.00000029596686,300.00000029596686,True,False,0.009699610493953514,5.038950604330239e-05,0.009649220987910212,0.0015354807563994649,0.013989898045201697,0.007172458712727799,0,0,142,Explotacion activa
443,2,EHO,poblacional,300.00000027162156,300.00000027162156,True,False,0.009704327499036935,3.7569873484244454e-05,0.009666757625552691,0.0013422010572355701,0.013964856736373576,0.007443099370334493,0,0,143,Explotacion activa
444,2,EHO,poblacional,300.0000002508496,300.0000002508496,True,False,0.009712409354563079,3.7590645433738246e-05,0.00967481870912934,0.001313055293690013,0.013949555768181198,0.007534145782017276,0,0,144,Explotacion activa
445,2,EHO,poblacional,300.0000002408895,300.0000002408895,True,False,0.009717419540208994,2.94979780619542e-05,0.00968792156214704,0.0012772833736107714,0.013939124970306693,0.007624861546446482,0,0,145,Explotacion activa
446,2,EHO,poblacional,300.00000023883786,300.00000023883786,True,False,0.009718958729422411,2.4185312668123515e-05,0.009694773416754288,0.0012239545853731213,0.013928694172432187,0.007741332508737739,0,0,146,Explotacion activa
447,2,EHO,poblacional,300.0000002164359,300.0000002164359,True,False,0.009725792285394164,2.420771460265314e-05,0.00970158457079151,0.0011333597832731358,0.013920845267489313,0.00792252211293771,0,0,147,Explotacion activa
448,2,EHO,poblacional,300.0000002164359,300.0000002164359,True,False,0.009729863578627373,2.013642136944327e-05,0.00970972715725793,0.0010537420179844046,0.013918160148409697,0.008081757643515174,1,0,148,Explotacion activa
449,2,EHO,poblacional,300.00000021547726,300.00000021547726,True,False,0.009734665309736101,1.5334690260715433e-05,0.009719330619475386,0.000869212460389688,0.013915475029330082,0.008226321143314407,0,0,149,Explotacion activa
450,2,EHO,poblacional,300.0000001830019,300.0000001830019,True,False,0.009741488792258224,8.51120773859293e-06,0.009732977584519631,0.0005423611715400511,0.013912789910250467,0.00835620061843656,0,0,150,Explotacion activa
451,2,EHO,poblacional,300.00000013928934,300.00000013928934,True,False,0.009741393023261935,6.459675034875545e-06,0.00973493334822706,0.0005413610688549397,0.013904127567411705,0.008356689214502921,0,0,151,Explotacion activa
452,2,EHO,poblacional,300.00000013928934,300.00000013928934,True,False,0.009742798335707903,6.436269359255675e-06,0.009736362066348647,0.000540905525576818,0.013895465224572945,0.00839857378510942,1,0,152,Explotacion activa
453,2,EHO,poblacional,300.00000012704135,300.00000012704135,True,False,0.009743754968781104,6.094464481520845e-06,0.009737660504299583,0.000540820204020065,0.013886802881734184,0.008471233056917526,0,0,153,Explotacion activa
454,2,EHO,poblacional,300.0000001196371,300.0000001196371,True,False,0.009743190235951715,5.409900950326119e-06,0.00973778033500139,0.0005405056954600696,0.013872295885607854,0.008542258650504663,0,0,154,Explotacion activa
455,2,EHO,poblacional,300.00000007412865,300.00000007412865,True,False,0.009743677649908022,4.559613671517582e-06,0.009739118036236505,0.000515067201064312,0.013854866562837742,0.008614712962213389,0,0,155,Explotacion activa
456,2,EHO,poblacional,300.0000000657468,300.0000000657468,True,False,0.009744352894756503,3.822904091066448e-06,0.009740529990665436,0.0004896551712931796,0.013837437240067628,0.008687611971242858,0,0,156,Explotacion activa
457,2,EHO,poblacional,300.00000006533827,300.00000006533827,True,False,0.009745331906401589,3.3740146818672656e-06,0.009741957891719721,0.000489433288919372,0.013824893334304988,0.008760194005452603,0,0,157,Explotacion activa
458,2,EHO,poblacional,300.0000000622003,300.0000000622003,True,False,0.009746690166934968,3.3098330618486216e-06,0.00974338033387312,0.00042699823436578285,0.013822120262557292,0.008815387848721911,0,0,158,Explotacion activa
459,2,EHO,poblacional,300.0000000622003,300.0000000622003,True,False,0.009747778303164978,1.8811149402608862e-06,0.009745897188224717,0.00037605732490533214,0.013819347190809595,0.008864898168377522,1,0,159,Explotacion activa
460,2,EHO,poblacional,300.0000000586702,300.0000000586702,True,False,0.009748017596564296,1.8846450302589801e-06,0.009746132951534037,0.00035426709160901737,0.013816574119061897,0.00891069449897941,0,0,160,Explotacion activa
461,2,EHO,poblacional,300.0000000483508,300.0000000483508,True,False,0.009747756042997935,1.5779896216372435e-06,0.009746178053376298,0.00035424408237645367,0.013815583945972775,0.008956402481220493,0,0,161,Explotacion activa
462,2,EHO,poblacional,300.0000000483068,300.0000000483068,True,False,0.009748028784770213,1.5780336184434418e-06,0.00974645075115177,0.0003541856565789203,0.013814593772883655,0.009001866117750978,0,0,162,Explotacion activa
463,2,EHO,poblacional,300.000000046586,300.000000046586,True,False,0.009748241544002667,1.521448609764775e-06,0.009746720095392902,0.0003483651825774813,0.013813603599794532,0.009043960592350686,0,0,163,Explotacion activa
464,2,EHO,poblacional,300.00000003953636,300.00000003953636,True,False,0.00974838586836313,1.4070865290705115e-06,0.00974697878183406,0.0003081317938949721,0.013811280834715944,0.009066939651063421,0,0,164,Explotacion activa
465,2,EHO,poblacional,300.00000003784817,300.00000003784817,True,False,0.009748624095607283,1.3759043895333889e-06,0.00974724819121775,0.00026471152841622825,0.013808291773642623,0.009093168945241814,0,0,165,Explotacion activa
466,2,EHO,poblacional,300.0000000355637,300.0000000355637,True,False,0.009748894596896207,1.105403100609692e-06,0.009747789193795597,0.00023275930520867406,0.0138053027125693,0.009125886358992828,0,0,166,Explotacion activa
467,2,EHO,poblacional,300.0000000264879,300.0000000264879,True,False,0.009749059044281694,9.409557151229819e-07,0.00974811808856657,0.00023266406447532972,0.013801992134659713,0.009171573836209744,0,0,167,Explotacion activa
468,2,EHO,poblacional,300.00000002178473,300.00000002178473,True,False,0.009749146306717194,8.096006922642118e-07,0.00974833670602493,0.00022760579737450825,0.013798038523077594,0.009217329615842118,0,0,168,Explotacion activa
469,2,EHO,poblacional,300.00000002010376,300.00000002010376,True,False,0.009749267857841915,7.321421549022489e-07,0.009748535715687012,0.00021929748159550393,0.013794084911495474,0.009263022839951418,0,0,169,Explotacion activa
470,2,EHO,poblacional,300.0000000197288,300.0000000197288,True,False,0.0097491225466797,5.301454848449794e-07,0.009748592401194855,0.00020775866232725093,0.013790131299913355,0.009308617478382075,0,0,170,Explotacion activa
471,2,EHO,poblacional,300.0000000178623,300.0000000178623,True,False,0.00974920872175744,5.320119953466929e-07,0.009748676709762094,0.00019387250192153254,0.013783022914805087,0.00935449543706568,0,0,171,Explotacion activa
472,2,EHO,poblacional,300.00000001346046,300.00000001346046,True,False,0.009749292361505013,5.364138360164361e-07,0.009748755947668997,0.00016170531392845086,0.01377591452969682,0.009426589372139913,0,0,172,Explotacion activa
473,2,EHO,poblacional,300.0000000128464,300.0000000128464,True,False,0.009749379789013801,5.370279154703894e-07,0.00974884276109833,0.00011856166041752653,0.013768806144588553,0.009509856431566276,0,0,173,Explotacion activa
474,2,EHO,poblacional,300.0000000128464,300.0000000128464,True,False,0.009749465401341695,5.345986551219539e-07,0.009748930802686573,9.182383794268374e-05,0.013759869234695543,0.009542190343347556,1,0,174,Explotacion activa
475,2,EHO,poblacional,300.0000000128464,300.0000000128464,True,False,0.009749545408283211,4.5459171360562323e-07,0.009749090816569606,8.418324546255462e-05,0.013750018062410163,0.009556805166596405,2,0,175,Explotacion activa
476,2,EHO,poblacional,300.00000001135714,300.00000001135714,True,False,0.009749611009226555,3.889907702614437e-07,0.009749222018456294,8.412957922701025e-05,0.013740166890124783,0.00956345939429184,0,0,176,Explotacion activa
477,2,EHO,poblacional,300.00000001135714,300.00000001135714,True,False,0.009749549695982296,3.0094918201939436e-07,0.009749248746800276,8.394599860821473e-05,0.01373298426871088,0.009567931221636173,1,0,177,Explotacion activa
478,2,EHO,poblacional,300.0000000103267,300.0000000103267,True,False,0.009749594173968035,3.019796395165031e-07,0.009749292194328518,7.469101003607646e-05,0.013731138749039928,0.009574357085409702,0,0,178,Explotacion activa
479,2,EHO,poblacional,300.0000000095934,300.0000000095934,True,False,0.00974963816673835,3.027129196198075e-07,0.00974933545381873,6.851384656556548e-05,0.013729293229368977,0.009582015474677519,0,0,179,Explotacion activa
480,2,EHO,poblacional,300.0000000095934,300.0000000095934,True,False,0.009749641948872068,2.8657484563154867e-07,0.009749355374026436,6.845631833130028e-05,0.013727447709698026,0.009590883000953454,1,0,180,Explotacion activa
481,2,EHO,poblacional,300.0000000095934,300.0000000095934,True,False,0.009749645850774868,2.863734493985248e-07,0.00974935947732547,6.845631833130028e-05,0.013726975396872376,0.009599873785452928,2,0,181,Explotacion activa
482,2,EHO,poblacional,300.0000000085446,300.0000000085446,True,False,0.009749665260528673,2.630769699862867e-07,0.009749402183558686,6.714665059917025e-05,0.013726503084046725,0.009608864569952403,0,0,182,Explotacion activa
483,2,EHO,poblacional,300.0000000084039,300.0000000084039,True,False,0.009749644347891717,2.424457079541753e-07,0.009749401902183763,6.469480118198588e-05,0.013726030771221077,0.009617852126837079,0,0,183,Explotacion activa
484,2,EHO,poblacional,300.00000000665295,300.00000000665295,True,False,0.009749634554168551,2.34236551932554e-07,0.009749400317616619,6.128336644906082e-05,0.013719583017416426,0.00962682031803297,0,0,184,Explotacion activa
485,2,EHO,poblacional,300.00000000503104,300.00000000503104,True,False,0.009749676389049,2.3380681568596628e-07,0.009749442582233314,5.534908842719233e-05,0.013710147543122275,0.009639301823142432,0,0,185,Explotacion activa
486,2,EHO,poblacional,300.00000000490974,300.00000000490974,True,False,0.00974969937425385,2.1152618501218967e-07,0.009749487848068839,4.782973392138952e-05,0.013700712068828124,0.009652728315438707,0,0,186,Explotacion activa
487,2,EHO,poblacional,300.00000000396295,300.00000000396295,True,False,0.009749743935913102,2.124729689967353e-07,0.009749531462944105,3.8870531494694676e-05,0.01368958553222228,0.009665003961788442,0,0,187,Explotacion activa
488,2,EHO,poblacional,300.00000000396295,300.00000000396295,True,False,0.009749783323741212,2.1151430473764776e-07,0.009749571809436475,3.757818226404197e-05,0.013675076870993052,0.009671594275698681,1,0,188,Explotacion activa
489,2,EHO,poblacional,300.00000000396295,300.00000000396295,True,False,0.009749765656863474,1.7903892057802295e-07,0.009749586617942896,3.514830485755734e-05,0.013660568209763824,0.00967874956503465,2,0,189,Explotacion activa
490,2,EHO,poblacional,300.00000000396295,300.00000000396295,True,False,0.00974976745277445,1.3532638831748045e-07,0.009749632126386132,2.94979780619542e-05,0.013646059548534595,0.00968792156214704,3,0,190,Explotacion activa
491,2,EHO,poblacional,300.00000000352253,300.00000000352253,True,False,0.009749812520794876,1.35766811126814e-07,0.00974967675398375,2.5794793640443444e-05,0.013642155225483066,0.009692717860372114,0,0,191,Explotacion activa
492,2,EHO,poblacional,300.00000000243546,300.00000000243546,True,False,0.009749844694169951,1.2460589005058864e-07,0.0097497200882799,2.419875382884129e-05,0.013638250902431537,0.009697497878369177,0,0,192,Explotacion activa
493,2,EHO,poblacional,300.00000000233814,300.00000000233814,True,False,0.009749882701044044,1.1729895277312608e-07,0.00974976540209127,2.3780423538255485e-05,0.013634346579380008,0.009702398829438153,0,0,193,Explotacion activa
494,2,EHO,poblacional,300.00000000223827,300.00000000223827,True,False,0.009749910688697128,7.189038342403364e-08,0.009749838798313704,2.0946199629179302e-05,0.013610323404816426,0.009708098639964646,0,0,194,Explotacion activa
495,2,EHO,poblacional,300.00000000223827,300.00000000223827,True,False,0.009749909367030796,6.35085370959132e-08,0.0097498458584937,1.773555581507935e-05,0.01357624080449682,0.009714528888366658,1,0,195,Explotacion activa
496,2,EHO,poblacional,300.0000000019077,300.0000000019077,True,False,0.009749918947363767,6.343054792523617e-08,0.009749855516815842,1.3969993756290913e-05,0.013542158204177212,0.009722060012484235,0,0,196,Explotacion activa
497,2,EHO,poblacional,300.0000000016341,300.0000000016341,True,False,0.009749925855146557,6.056620804884005e-08,0.009749865288938508,9.193555990805189e-06,0.01350494699978526,0.009731612888015207,0,0,197,Explotacion activa
498,2,EHO,poblacional,300.0000000015731,300.0000000015731,True,False,0.009749934298156404,6.06272010372777e-08,0.009749873670955367,7.2802881163624955e-06,0.01346147858724862,0.009734151042744088,0,0,198,Explotacion activa
499,2,EHO,poblacional,300.0000000011333,300.0000000011333,True,False,0.00974993940405966,5.753690857090987e-08,0.009749881867151089,6.4526533321895835e-06,0.01341801017471198,0.009735361963663536,0,0,199,Explotacion activa
500,2,EHO,poblacional,300.0000000011333,300.0000000011333,True,False,0.009749937484571092,4.7217497467499925e-08,0.009749890267073624,6.436269359255675e-06,0.01337454176217534,0.009736362066348647,1,0,200,Explotacion activa
501,2,EHO,poblacional,300.0000000011117,300.0000000011117,True,False,0.009749941987934108,4.7195101160468766e-08,0.009749894792832947,6.197005944841293e-06,0.01335161242891445,0.009737270972914302,0,0,201,Explotacion activa
502,2,EHO,poblacional,300.00000000108327,300.00000000108327,True,False,0.009749949314539208,4.550275889414479e-08,0.009749903811780314,5.8206390690429555e-06,0.013328683095653559,0.009737708436580306,0,0,202,Explotacion activa
503,2,EHO,poblacional,300.0000000009884,300.0000000009884,True,False,0.009749951245794364,3.854796659652493e-08,0.009749912697827767,5.324872222445264e-06,0.013305753762392668,0.0097379141051249,0,0,203,Explotacion activa
504,2,EHO,poblacional,300.0000000008196,300.0000000008196,True,False,0.009749958464624342,3.702854201037553e-08,0.009749921436082332,4.729671127279285e-06,0.013260984704515977,0.009738850495989482,0,0,204,Explotacion activa
505,2,EHO,poblacional,300.0000000007345,300.0000000007345,True,False,0.009749965170783526,3.482921329123201e-08,0.009749930341570234,4.191258881292015e-06,0.01320529578433138,0.00973982401345097,0,0,205,Explotacion activa
506,2,EHO,poblacional,300.0000000006315,300.0000000006315,True,False,0.009749973787393174,2.5856422780634603e-08,0.009749947930970393,3.73312620922661e-06,0.013149606864146788,0.009740815570876294,0,0,206,Explotacion activa
507,2,EHO,poblacional,300.0000000004222,300.0000000004222,True,False,0.009749973276768742,2.1362552615755703e-08,0.009749951914216126,3.4189036227871844e-06,0.013100328724402742,0.009741815101614293,0,0,207,Explotacion activa
508,2,EHO,poblacional,300.0000000002629,300.0000000002629,True,False,0.00974997583836057,1.9840854292851873e-08,0.009749955997506277,3.335505709856079e-06,0.01306387214553979,0.009742811357011761,0,0,208,Explotacion activa
509,2,EHO,poblacional,300.0000000002629,300.0000000002629,True,False,0.009749979865262048,1.9465915102045983e-08,0.009749960399346946,2.882276652371723e-06,0.013027415566676836,0.009744135390178599,1,0,209,Explotacion activa
510,2,EHO,poblacional,300.000000000212,300.000000000212,True,False,0.009749982349717357,1.7650279460212914e-08,0.009749964699437896,1.8846450302589801e-06,0.012990958987813883,0.009745897188224717,0,0,210,Explotacion activa
511,2,EHO,poblacional,300.00000000019054,300.00000000019054,True,False,0.009749982705386628,1.3269925602799049e-08,0.009749969435461026,1.8821739672603145e-06,0.012985320441219982,0.00974606222254124,0,0,211,Explotacion activa
512,2,EHO,poblacional,300.00000000018514,300.00000000018514,True,False,0.00974998331344068,1.2661246273637516e-08,0.009749970652194406,1.759882411533909e-06,0.012979681894626083,0.009746150992270941,0,0,212,Explotacion activa
513,2,EHO,poblacional,300.00000000016723,300.00000000016723,True,False,0.009749985046482834,1.2679151950578671e-08,0.009749972367330884,1.578029218762822e-06,0.012974043348032182,0.009746205323153845,0,0,213,Explotacion activa
514,2,EHO,poblacional,300.00000000016723,300.00000000016723,True,False,0.009749986797430665,1.2679151950578671e-08,0.009749974118278715,1.5779984209984832e-06,0.012867009565547958,0.009746396211596675,1,0,214,Explotacion activa
515,2,EHO,poblacional,300.00000000013375,300.00000000013375,True,False,0.0097499853002887,1.1223391993553378e-08,0.009749974076896706,1.5497191157010093e-06,0.012709278165118569,0.009746585423272336,0,0,215,Explotacion activa
516,2,EHO,poblacional,300.00000000013375,300.00000000013375,True,False,0.0097499853002887,1.1223391993553378e-08,0.009749974076896706,1.498576193625922e-06,0.012551546764689185,0.009746771832681134,1,0,216,Explotacion activa
517,2,EHO,poblacional,300.00000000012864,300.00000000012864,True,False,0.009749986015663126,1.0198050404142123e-08,0.009749975817612722,1.418522737139938e-06,0.012405683352386628,0.009746952913189944,0,0,217,Explotacion activa
518,2,EHO,poblacional,300.0000000001124,300.0000000001124,True,False,0.00974998589418874,9.48102751863189e-09,0.009749976413161221,1.388377245348238e-06,0.012283555916337716,0.009747140427464274,0,0,218,Explotacion activa
519,2,EHO,poblacional,300.00000000010715,300.00000000010715,True,False,0.009749987639906976,9.486257113167085e-09,0.009749978153649863,1.2947540028562786e-06,0.012161428480288804,0.009747410491991104,0,0,219,Explotacion activa
520,2,EHO,poblacional,300.00000000010715,300.00000000010715,True,False,0.009749989390854807,9.486257113167085e-09,0.009749979904597694,1.105403100609692e-06,0.01203930104423989,0.009747789193795597,1,0,220,Explotacion activa
521,2,EHO,poblacional,300.00000000010715,300.00000000010715,True,False,0.009749990092984717,8.437439191766316e-09,0.009749981655545525,9.902899307689945e-07,0.011993496453715122,0.009748019420135279,2,0,221,Explotacion activa
522,2,EHO,poblacional,300.00000000009527,300.00000000009527,True,False,0.009749991691364812,8.308632004627725e-09,0.009749983382732808,8.884137059794741e-07,0.011947691863190356,0.009748205535549915,0,0,222,Explotacion activa
523,2,EHO,poblacional,300.0000000000927,300.0000000000927,True,False,0.00974999343975469,6.560242127306992e-09,0.009749986879512562,8.018548385280154e-07,0.01190188727266559,0.009748356606991138,0,0,223,Explotacion activa
524,2,EHO,poblacional,300.0000000000566,300.0000000000566,True,False,0.0097499928134539,4.97442442792817e-09,0.009749987839029473,7.476338623746411e-07,0.011869549998891669,0.009748495913754596,0,0,224,Explotacion activa
525,2,EHO,poblacional,300.00000000004525,300.00000000004525,True,False,0.00974999268078136,4.8644892558513675e-09,0.009749987816292105,6.345850351863191e-07,0.011843946383493176,0.009748564058440934,0,0,225,Explotacion activa
526,2,EHO,poblacional,300.00000000003314,300.00000000003314,True,False,0.009749992602735347,3.929812919523101e-09,0.009749988672922427,5.369050995795988e-07,0.011818342768094679,0.009748609262908303,0,0,226,Explotacion activa
527,2,EHO,poblacional,300.000000000027,300.000000000027,True,False,0.0097499936836698,3.9359520087600686e-09,0.009749989747717791,5.364752439618315e-07,0.011799573031356658,0.00974866827890537,0,0,227,Explotacion activa
528,2,EHO,poblacional,300.00000000002115,300.00000000002115,True,False,0.00974999476488847,3.941806880902732e-09,0.009749990823081589,5.353247274797468e-07,0.011794471051939582,0.009748724252506235,0,0,228,Explotacion activa
529,2,EHO,poblacional,300.00000000001427,300.00000000001427,True,False,0.009749995845083959,3.9486849345848896e-09,0.009749991896399024,5.338226571893756e-07,0.011789369072522505,0.009748781991697797,0,0,229,Explotacion activa
530,2,EHO,poblacional,300.00000000001427,300.00000000001427,True,False,0.009749996491734692,3.508262125251349e-09,0.009749992983472566,5.320119953466929e-07,0.011784267093105427,0.00974884276109833,1,0,230,Explotacion activa
531,2,EHO,poblacional,300.0000000000111,300.0000000000111,True,False,0.009749996650612047,2.424371814413462e-09,0.009749994226240233,5.307054379954935e-07,0.011764928096329185,0.0097489043902101,0,0,231,Explotacion activa
532,2,EHO,poblacional,300.00000000001063,300.00000000001063,True,False,0.009749996992638899,2.327510628674645e-09,0.00974999466512827,4.999239763492365e-07,0.011745589099552943,0.009748994808239786,0,0,232,Explotacion activa
533,2,EHO,poblacional,300.0000000000068,300.0000000000068,True,False,0.009749997328754034,2.2314452507998794e-09,0.009749995097308783,4.480316192712052e-07,0.011726250102776703,0.009749103936758274,0,0,233,Explotacion activa
534,2,EHO,poblacional,300.0000000000068,300.0000000000068,True,False,0.009749997768551566,2.2314452507998794e-09,0.009749995537106315,4.021109589302793e-07,0.01171808191954824,0.009749195778078956,1,0,234,Explotacion activa
535,2,EHO,poblacional,300.0000000000064,300.0000000000064,True,False,0.009749997888377493,1.9012986740563065e-09,0.009749995987078819,3.458518449406256e-07,0.011715499143093666,0.009749235382628285,0,0,235,Explotacion activa
536,2,EHO,poblacional,300.0000000000061,300.0000000000061,True,False,0.009749998054189746,1.6279955161735415e-09,0.00974999642619423,3.025662635991466e-07,0.011712916366639093,0.009749257436305924,0,0,236,Explotacion activa
537,2,EHO,poblacional,300.000000000006,300.000000000006,True,False,0.009749998432937446,1.5670593711547554e-09,0.009749996865878074,3.0205296752683353e-07,0.011660145227273221,0.009749287849575693,0,0,237,Explotacion activa
538,2,EHO,poblacional,300.0000000000058,300.0000000000058,True,False,0.00974999832510548,1.127489213104127e-09,0.009749997197616267,3.0136136501823786e-07,0.011506997362084801,0.009749318150022645,0,0,238,Explotacion activa
539,2,EHO,poblacional,300.0000000000055,300.0000000000055,True,False,0.009749998534118731,1.127773430198431e-09,0.009749997406345301,2.966368811030406e-07,0.011353849496896365,0.009749341429881042,0,0,239,Explotacion activa
540,2,EHO,poblacional,300.0000000000055,300.0000000000055,True,False,0.0097499987218157,1.106172931031324e-09,0.00974999761564277,2.8657484563154867e-07,0.011200701631707943,0.009749355374026436,1,0,240,Explotacion activa
541,2,EHO,poblacional,300.0000000000055,300.0000000000055,True,False,0.009749998902691459,1.07775122160092e-09,0.009749997824940237,2.86433868268432e-07,0.01119237075246815,0.00974935824633576,2,0,241,Explotacion activa
542,2,EHO,poblacional,300.00000000000534,300.00000000000534,True,False,0.009749999016946731,9.830500857788138e-10,0.009749998033896645,2.7705485763362945e-07,0.011184039873228357,0.00974937581344193,0,0,242,Explotacion activa
543,2,EHO,poblacional,300.0000000000053,300.0000000000053,True,False,0.009749999143366495,8.143388185999356e-10,0.009749998329027676,2.6101384378307555e-07,0.011175708993988565,0.009749400476073334,0,0,243,Explotacion activa
544,2,EHO,poblacional,300.0000000000053,300.0000000000053,True,False,0.009749999267512521,7.291873771464452e-10,0.009749998538325144,2.465719603605975e-07,0.011101250336423611,0.009749401585270333,1,0,244,Explotacion activa
545,2,EHO,poblacional,300.0000000000052,300.0000000000052,True,False,0.009749999373696028,6.263007890083827e-10,0.009749998747395239,2.3834112994336465e-07,0.010993727789696095,0.009749402042871225,0,0,245,Explotacion activa
546,2,EHO,poblacional,300.0000000000052,300.0000000000052,True,False,0.009749999582993496,4.170033207628876e-10,0.009749999165990175,2.3415060468323645e-07,0.010886205242968568,0.009749410263293613,1,0,246,Explotacion activa
547,2,EHO,poblacional,300.0000000000052,300.0000000000052,True,False,0.009749999691393896,2.5772806111490354e-10,0.009749999433665835,2.3384978931062506e-07,0.010807775548295238,0.009749438542365851,2,0,247,Explotacion activa
548,2,EHO,poblacional,300.00000000000483,300.00000000000483,True,False,0.009749999741927695,2.580691216280684e-10,0.009749999483858574,2.2100650767242767e-07,0.01078753155773029,0.009749469741734629,0,0,248,Explotacion activa
549,2,EHO,poblacional,300.00000000000483,300.00000000000483,True,False,0.0097499997380055,2.0719426174764521e-10,0.009749999530811237,2.121889338013716e-07,0.01076728756716534,0.009749500932531418,1,0,249,Explotacion activa
550,2,EHO,poblacional,300.0000000000047,300.0000000000047,True,False,0.009749999752500571,1.858211362559814e-10,0.009749999566679435,2.1152618501218967e-07,0.01074704357660039,0.009749531462944105,0,0,250,Explotacion activa
551,2,EHO,poblacional,300.00000000000466,300.00000000000466,True,False,0.00974999977790958,1.8047785488306545e-10,0.009749999597431724,2.1151786882001035e-07,0.010693008253815604,0.009749559705488764,0,0,251,Explotacion activa
552,2,EHO,poblacional,300.0000000000046,300.0000000000046,True,False,0.009749999770178874,1.6262902136077173e-10,0.009749999607549853,1.9852415107379764e-07,0.010638972931030817,0.009749577732839044,0,0,252,Explotacion activa
553,2,EHO,poblacional,300.00000000000443,300.00000000000443,True,False,0.00974999980252278,1.6279955161735415e-10,0.009749999639723228,1.74711709632902e-07,0.010584937608246036,0.009749591168787219,0,0,253,Explotacion activa
554,2,EHO,poblacional,300.0000000000041,300.0000000000041,True,False,0.009749999779160134,1.2965983842150308e-10,0.009749999649500296,1.444212330170559e-07,0.010513054719126553,0.009749623024697484,0,0,254,Explotacion activa
555,2,EHO,poblacional,300.000000000004,300.000000000004,True,False,0.009749999779046448,1.297735252592247e-10,0.009749999649272922,1.3554659972214722e-07,0.010432248046839732,0.00974965444018494,0,0,255,Explotacion activa
556,2,EHO,poblacional,300.00000000000364,300.00000000000364,True,False,0.00974999977358948,1.2499867807491682e-10,0.009749999648590801,1.3318228866410207e-07,0.010351441374552902,0.00974968542084298,0,0,256,Explotacion activa
557,2,EHO,poblacional,300.0000000000031,300.0000000000031,True,False,0.00974999978058122,1.09253051050473e-10,0.009749999671328169,1.2567793987727775e-07,0.010288851443010569,0.009749715754850286,0,0,257,Explotacion activa
558,2,EHO,poblacional,300.0000000000026,300.0000000000026,True,False,0.009749999779955942,1.0453504728502594e-10,0.009749999675420895,1.2022172768411105e-07,0.010262694992957221,0.009749747276566722,0,0,258,Explotacion activa
559,2,EHO,poblacional,300.0000000000019,300.0000000000019,True,False,0.009749999815312549,1.0527401173021644e-10,0.009749999710038537,1.0367638196839848e-07,0.010236538542903871,0.009749787420958,0,0,259,Explotacion activa
560,2,EHO,poblacional,300.0000000000017,300.0000000000017,True,False,0.00974999985123759,1.0544454198679887e-10,0.009749999745793048,7.189038342403364e-08,0.010210382092850523,0.009749838798313704,0,0,260,Explotacion activa
561,2,EHO,poblacional,300.0000000000017,300.0000000000017,True,False,0.009749999875452886,9.356426744488999e-11,0.009749999781888619,6.60230909943493e-08,0.010209728481174806,0.0097498437404397,1,0,261,Explotacion activa
562,2,EHO,poblacional,300.0000000000016,300.0000000000016,True,False,0.009749999908876816,9.112000043387525e-11,0.009749999817756816,6.347734142764238e-08,0.010209074869499091,0.009749849721822556,0,0,262,Explotacion activa
563,2,EHO,poblacional,300.0000000000016,300.0000000000016,True,False,0.009749999944972387,5.502442945726216e-11,0.009749999889947958,6.31502132364403e-08,0.010208421257823374,0.009749856494028108,1,0,263,Explotacion activa
564,2,EHO,poblacional,300.00000000000125,300.00000000000125,True,False,0.00974999995600001,4.3996806198265404e-11,0.009749999912003204,6.11878704148694e-08,0.01017195898500631,0.009749863334513975,0,0,264,Explotacion activa
565,2,EHO,poblacional,300.00000000000125,300.00000000000125,True,False,0.009749999968107659,3.1889157980913296e-11,0.0097499999362185,6.059670454305888e-08,0.010117592381618579,0.009749869479946938,1,0,265,Explotacion activa
566,2,EHO,poblacional,300.000000000001,300.000000000001,True,False,0.009749999974019374,2.5977442419389263e-11,0.009749999948041932,5.996034815325401e-08,0.010063225778230843,0.00974987531019451,0,0,266,Explotacion activa
567,2,EHO,poblacional,300.00000000000097,300.00000000000097,True,False,0.009749999979817403,2.0179413695586845e-11,0.00974999995963799,5.7839838518702875e-08,0.009999283236356854,0.009749881047531517,0,0,267,Explotacion activa
568,2,EHO,poblacional,300.0000000000009,300.0000000000009,True,False,0.009749999982489044,1.3358203432289883e-11,0.00974999996913084,5.134526190886382e-08,0.009916188818579029,0.00974988690710461,0,0,268,Explotacion activa
569,2,EHO,poblacional,300.0000000000008,300.0000000000008,True,False,0.009749999986183866,1.34718902700115e-11,0.009749999972711976,4.721077857539058e-08,0.009833094403120407,0.00974989162480142,0,0,269,Explotacion activa
570,2,EHO,poblacional,300.0000000000008,300.0000000000008,True,False,0.009749999986809144,1.028865881380625e-11,0.009749999976520485,4.7195101160468766e-08,0.009749999986809144,0.009749894792832947,1,0,270,Explotacion activa
571,2,EHO,poblacional,300.00000000000057,300.00000000000057,True,False,0.009749999989935532,1.0061285138363019e-11,0.009749999979874246,4.6010461574041975e-08,0.009749999988997615,0.009749901106096104,0,0,271,Explotacion activa
572,2,EHO,poblacional,300.0000000000005,300.0000000000005,True,False,0.009749999992322955,6.30961949354969e-12,0.009749999986013336,4.2720841975096806e-08,0.0097499999908905,0.009749907366199295,0,0,272,Explotacion activa
573,2,EHO,poblacional,300.00000000000034,300.00000000000034,True,False,0.009749999992607172,6.480149750132114e-12,0.009749999986127023,3.8396024137909977e-08,0.009749999992351377,0.009749913571653224,0,0,273,Explotacion activa
574,2,EHO,poblacional,300.0000000000003,300.0000000000003,True,False,0.00974999999272086,6.139089236967266e-12,0.00974999998658177,3.733242692760542e-08,0.009749999992550329,0.009749919688431419,0,0,274,Explotacion activa
575,2,EHO,poblacional,300.0000000000003,300.0000000000003,True,False,0.009749999992379799,5.7980287238024175e-12,0.00974999998658177,3.592887765080377e-08,0.009749999992493485,0.009749925888826283,1,0,275,Explotacion activa
576,2,EHO,poblacional,300.0000000000001,300.0000000000001,True,False,0.009749999992152425,5.9117155615240335e-12,0.00974999998624071,3.3034655189112503e-08,0.009749999992425273,0.009749933859450267,0,0,276,Explotacion activa
577,2,EHO,poblacional,300.0000000000001,300.0000000000001,True,False,0.009749999992266112,5.6843418860808015e-12,0.00974999998658177,2.6753701831694292e-08,0.009749999992374114,0.009749946172030377,1,0,277,Explotacion activa
578,2,EHO,poblacional,300.0000000000001,300.0000000000001,True,False,0.009749999992095582,5.4001247917767614e-12,0.009749999986695457,2.3160100681707226e-08,0.009749999992357062,0.009749950320917833,2,0,278,Explotacion activa
579,2,EHO,poblacional,300.0000000000001,300.0000000000001,True,False,0.009749999992095582,5.4001247917767614e-12,0.009749999986695457,2.0906043118884557e-08,0.009749999992340008,0.009749953139203172,3,0,279,Explotacion activa
580,2,EHO,poblacional,300.0000000000001,300.0000000000001,True,False,0.009749999992322955,5.4001247917767614e-12,0.00974999998692283,1.9840854292851873e-08,0.009749999992322955,0.009749955997506277,4,0,280,Explotacion activa
581,2,EHO,poblacional,300.0000000000001,300.0000000000001,True,False,0.009749999992152425,5.229594535194337e-12,0.00974999998692283,1.957839685928775e-08,0.009749999992322955,0.009749959078794746,5,0,281,Explotacion activa
582,2,EHO,poblacional,300.0000000000001,300.0000000000001,True,False,0.009749999992095582,5.172751116333529e-12,0.00974999998692283,1.8739660845312744e-08,0.009749999992322955,0.009749962119383327,6,0,282,Explotacion activa
583,2,EHO,poblacional,300.0000000000001,300.0000000000001,True,False,0.009749999992777703,5.172751116333529e-12,0.009749999987604951,1.721224407447149e-08,0.00974999999232864,0.00974996517304021,7,0,283,Explotacion activa
584,2,EHO,poblacional,300.0000000000001,300.0000000000001,True,False,0.009749999992664016,5.059064278611913e-12,0.009749999987604951,1.4145996374281835e-08,0.00974999999236843,0.0097499684882564,8,0,284,Explotacion activa
585,2,EHO,poblacional,300.0000000000001,300.0000000000001,True,False,0.00974999999289139,5.059064278611913e-12,0.009749999987832325,1.297453877668886e-08,0.009749999992493485,0.009749970043827716,9,0,285,Explotacion activa
586,2,EHO,poblacional,300.0000000000001,300.0000000000001,True,False,0.009749999993005076,5.059064278611913e-12,0.009749999987946012,1.2679151950578671e-08,0.009749999992618542,0.009749970995221702,10,0,286,Explotacion activa
587,2,EHO,poblacional,300.0000000000001,300.0000000000001,True,False,0.009749999992777703,4.718003765447065e-12,0.009749999988059699,1.2679151950578671e-08,0.009749999992658331,0.009749972195817237,11,0,287,Explotacion activa
588,2,EHO,poblacional,300.0000000000001,300.0000000000001,True,False,0.009749999993118763,4.718003765447065e-12,0.00974999998840076,1.2668408544413978e-08,0.009749999992698122,0.009749973393070377,12,0,288,Explotacion activa
589,2,EHO,poblacional,300.0000000000001,300.0000000000001,True,False,0.009749999993687197,4.604316927725449e-12,0.00974999998908288,1.2229889989612278e-08,0.009749999992737911,0.009749974076896706,13,0,289,Explotacion activa
590,2,EHO,poblacional,300.0000000000001,300.0000000000001,True,False,0.009749999993857728,4.547473508864641e-12,0.009749999989310254,1.1223391993553378e-08,0.009749999992777703,0.009749974076896706,14,0,290,Explotacion activa
591,2,EHO,poblacional,300.0000000000001,300.0000000000001,True,False,0.009749999994483005,4.490630090003833e-12,0.009749999989992375,1.1223391993553378e-08,0.009749999992777703,0.009749974105864112,15,1,291,Explotacion activa
592,2,EHO,poblacional,300.00000000000006,300.00000000000006,True,False,0.009749999994994596,4.376943252282217e-12,0.009749999990617653,1.081325535778887e-08,0.009749999992823177,0.009749974798012317,0,0,292,Explotacion activa
593,2,EHO,poblacional,300.00000000000006,300.00000000000006,True,False,0.0097499999953925,4.035882739117369e-12,0.009749999991356617,1.0126871075044613e-08,0.009749999992902759,0.009749975877167572,1,0,293,Explotacion activa
594,2,EHO,poblacional,300.00000000000006,300.00000000000006,True,False,0.009749999996017777,3.922195901395753e-12,0.009749999992095582,9.628615771362094e-09,0.00974999999298234,0.009749976294051521,2,0,294,Explotacion activa
595,2,EHO,poblacional,300.00000000000006,300.00000000000006,True,False,0.009749999996415681,3.581135388230905e-12,0.009749999992834546,9.486257113167085e-09,0.00974999999306192,0.009749977283405542,3,0,295,Explotacion activa
596,2,EHO,poblacional,300.00000000000006,300.00000000000006,True,False,0.009749999996927272,3.069544618483633e-12,0.009749999993857728,9.485211194260046e-09,0.00974999999323245,0.00974997850383943,4,0,296,Explotacion activa
597,2,EHO,poblacional,300.00000000000006,300.00000000000006,True,False,0.009749999997438863,2.5579538487363607e-12,0.009749999994880909,9.48155047808541e-09,0.009749999993630354,0.009749979729502912,5,0,297,Explotacion activa
598,2,EHO,poblacional,300.00000000000006,300.00000000000006,True,False,0.00974999999738202,1.8189894035458565e-12,0.00974999999556303,8.854874522512536e-09,0.009749999993789515,0.009749980955166392,6,0,298,Explotacion activa
599,2,EHO,poblacional,300.00000000000006,300.00000000000006,True,False,0.00974999999755255,1.6484591469634324e-12,0.00974999999590409,8.39879703562474e-09,0.00974999999404531,0.00974998217370171,7,0,299,Explotacion activa
600,2,EHO,poblacional,300.00000000000006,300.00000000000006,True,False,0.00974999999789361,1.6484591469634324e-12,0.009749999996245151,8.308632004627725e-09,0.009749999994483005,0.009749983382732808,8,0,300,Explotacion activa
601,3,GWO,poblacional,300.00000000000006,300.00000000000006,False,False,,,,,,,0,0,1,Llenando ventana
602,3,GWO,poblacional,300.00000000000006,300.00000000000006,False,False,,,,,,,1,0,2,Llenando ventana
603,3,GWO,poblacional,300.00000000000006,300.00000000000006,False,False,,,,,,,2,0,3,Llenando ventana
604,3,GWO,poblacional,300.00000000000006,300.00000000000006,False,False,,,,,,,3,0,4,Llenando ventana
605,3,GWO,poblacional,300.00000000000006,300.00000000000006,False,False,,,,,,,4,0,5,Llenando ventana
606,3,GWO,poblacional,300.00000000000006,300.00000000000006,False,False,,,,,,,5,0,6,Llenando ventana
607,3,GWO,poblacional,300.00000000000006,300.00000000000006,False,False,,,,,,,6,0,7,Llenando ventana
608,3,GWO,poblacional,300.00000000000006,300.00000000000006,False,False,,,,,,,7,0,8,Llenando ventana
609,3,GWO,poblacional,300.00000000000006,300.00000000000006,False,False,,,,,,,8,0,9,Llenando ventana
610,3,GWO,poblacional,300.00000000000006,300.00000000000006,False,False,,,,,,,9,0,10,Llenando ventana
611,3,GWO,poblacional,300.00000000000006,300.00000000000006,False,False,,,,,,,10,0,11,Llenando ventana
612,3,GWO,poblacional,300.00000000000006,300.00000000000006,False,False,,,,,,,11,0,12,Llenando ventana
613,3,GWO,poblacional,300.00000000000006,300.00000000000006,False,False,,,,,,,12,0,13,Llenando ventana
614,3,GWO,poblacional,300.00000000000006,300.00000000000006,False,False,,,,,,,13,0,14,Llenando ventana
615,3,GWO,poblacional,300.00000000000006,300.00000000000006,False,False,,,,,,,14,0,15,Llenando ventana
616,3,GWO,poblacional,300.00000000000006,300.00000000000006,False,False,,,,,,,15,0,16,Llenando ventana
617,3,GWO,poblacional,300.00000000000006,300.00000000000006,False,False,,,,,,,16,0,17,Llenando ventana
618,3,GWO,poblacional,300.00000000000006,300.00000000000006,False,False,,,,,,,17,0,18,Llenando ventana
619,3,GWO,poblacional,300.00000000000006,300.00000000000006,False,False,,,,,,,18,0,19,Llenando ventana
620,3,GWO,poblacional,300.00000000000006,300.00000000000006,False,False,,,,,,,19,0,20,Llenando ventana
621,3,GWO,poblacional,300.00000000000006,300.00000000000006,False,False,,,,,,,20,0,21,Llenando ventana
622,3,GWO,poblacional,300.00000000000006,300.00000000000006,False,False,,,,,,,21,0,22,Llenando ventana
623,3,GWO,poblacional,300.00000000000006,300.00000000000006,False,False,,,,,,,22,0,23,Llenando ventana
624,3,GWO,poblacional,300.00000000000006,300.00000000000006,False,False,,,,,,,23,0,24,Llenando ventana
625,3,GWO,poblacional,300.00000000000006,300.00000000000006,False,False,,,,,,,24,0,25,Llenando ventana
626,3,GWO,poblacional,300.00000000000006,300.00000000000006,False,False,,,,,,,25,0,26,Llenando ventana
627,3,GWO,poblacional,300.00000000000006,300.00000000000006,False,False,,,,,,,26,0,27,Llenando ventana
628,3,GWO,poblacional,300.00000000000006,300.00000000000006,False,False,,,,,,,27,0,28,Llenando ventana
629,3,GWO,poblacional,300.00000000000006,300.00000000000006,False,False,,,,,,,28,0,29,Llenando ventana
630,3,GWO,poblacional,300.00000000000006,300.00000000000006,False,False,,,,,,,29,0,30,Llenando ventana
631,3,GWO,poblacional,300.00000000000006,300.00000000000006,False,False,,,,,,,30,0,31,Llenando ventana
632,3,GWO,poblacional,300.00000000000006,300.00000000000006,False,False,,,,,,,31,0,32,Llenando ventana
633,3,GWO,poblacional,300.00000000000006,300.00000000000006,False,False,,,,,,,32,0,33,Llenando ventana
634,3,GWO,poblacional,300.00000000000006,300.00000000000006,False,False,,,,,,,33,0,34,Llenando ventana
635,3,GWO,poblacional,300.00000000000006,300.00000000000006,False,False,,,,,,,34,0,35,Llenando ventana
636,3,GWO,poblacional,300.00000000000006,300.00000000000006,False,False,,,,,,,35,0,36,Llenando ventana
637,3,GWO,poblacional,300.00000000000006,300.00000000000006,False,False,,,,,,,36,0,37,Llenando ventana
638,3,GWO,poblacional,300.00000000000006,300.00000000000006,False,False,,,,,,,37,0,38,Llenando ventana
639,3,GWO,poblacional,300.00000000000006,300.00000000000006,False,False,,,,,,,38,0,39,Llenando ventana
640,3,GWO,poblacional,300.00000000000006,300.00000000000006,True,False,0.009749999999996817,0.0,0.009749999999996817,4.0,20.0,12.0,39,0,40,Explotacion activa
641,3,GWO,poblacional,300.00000000000006,300.00000000000006,True,False,0.009749999999996817,0.0,0.009749999999996817,4.0,20.0,12.0,40,0,41,Explotacion activa
642,3,GWO,poblacional,300.00000000000006,300.00000000000006,True,False,0.009749999999996817,0.0,0.009749999999996817,4.0,20.0,12.0,41,0,42,Explotacion activa
643,3,GWO,poblacional,300.00000000000006,300.00000000000006,True,False,0.009749999999996817,0.0,0.009749999999996817,4.0,20.0,12.0,42,0,43,Explotacion activa
644,3,GWO,poblacional,300.00000000000006,300.00000000000006,True,False,0.009749999999996817,0.0,0.009749999999996817,4.0,20.0,12.0,43,0,44,Explotacion activa
645,3,GWO,poblacional,300.00000000000006,300.00000000000006,True,False,0.009749999999996817,0.0,0.009749999999996817,4.0,20.0,12.0,44,0,45,Explotacion activa
646,3,GWO,poblacional,300.00000000000006,300.00000000000006,True,False,0.009749999999996817,0.0,0.009749999999996817,4.0,20.0,12.0,45,0,46,Explotacion activa
647,3,GWO,poblacional,300.00000000000006,300.00000000000006,True,False,0.009749999999996817,0.0,0.009749999999996817,4.0,20.0,12.0,46,0,47,Explotacion activa
648,3,GWO,poblacional,300.00000000000006,300.00000000000006,True,False,0.009749999999996817,0.0,0.009749999999996817,4.0,20.0,12.0,47,0,48,Explotacion activa
649,3,GWO,poblacional,300.00000000000006,300.00000000000006,True,False,0.009749999999996817,0.0,0.009749999999996817,0.0,0.009749999999996817,0.009749999999996817,48,1,49,Explotacion activa
650,3,GWO,poblacional,300.00000000000006,300.00000000000006,True,False,0.009749999999996817,0.0,0.009749999999996817,0.0,0.009749999999996817,0.009749999999996817,49,2,50,Explotacion activa
651,3,GWO,poblacional,300.00000000000006,300.00000000000006,True,False,0.009749999999996817,0.0,0.009749999999996817,0.0,0.009749999999996817,0.009749999999996817,50,3,51,Explotacion activa
652,3,GWO,poblacional,300.00000000000006,300.00000000000006,True,False,0.009749999999996817,0.0,0.009749999999996817,0.0,0.009749999999996817,0.009749999999996817,51,4,52,Explotacion activa
653,3,GWO,poblacional,300.00000000000006,300.00000000000006,True,False,0.009749999999996817,0.0,0.009749999999996817,0.0,0.009749999999996817,0.009749999999996817,52,5,53,Explotacion activa
654,3,GWO,poblacional,300.00000000000006,300.00000000000006,True,False,0.009749999999996817,0.0,0.009749999999996817,0.0,0.009749999999996817,0.009749999999996817,53,6,54,Explotacion activa
655,3,GWO,poblacional,300.00000000000006,300.00000000000006,True,False,0.009749999999996817,0.0,0.009749999999996817,0.0,0.009749999999996817,0.009749999999996817,54,7,55,Explotacion activa
656,3,GWO,poblacional,300.00000000000006,300.00000000000006,True,True,0.009749999999996817,0.0,0.009749999999996817,0.0,0.009749999999996817,0.009749999999996817,55,8,56,ESTANCAMIENTO (Fire)
657,4,EHO,poblacional,300.00000000000006,300.00000000000006,False,False,,,,,,,0,0,1,Llenando ventana
658,4,EHO,poblacional,300.00000000000006,300.00000000000006,False,False,,,,,,,1,0,2,Llenando ventana
659,4,EHO,poblacional,300.00000000000006,300.00000000000006,False,False,,,,,,,2,0,3,Llenando ventana
660,4,EHO,poblacional,300.00000000000006,300.00000000000006,False,False,,,,,,,3,0,4,Llenando ventana
661,4,EHO,poblacional,300.00000000000006,300.00000000000006,False,False,,,,,,,4,0,5,Llenando ventana
662,4,EHO,poblacional,300.00000000000006,300.00000000000006,False,False,,,,,,,5,0,6,Llenando ventana
663,4,EHO,poblacional,300.00000000000006,300.00000000000006,False,False,,,,,,,6,0,7,Llenando ventana
664,4,EHO,poblacional,300.00000000000006,300.00000000000006,False,False,,,,,,,7,0,8,Llenando ventana
665,4,EHO,poblacional,300.00000000000006,300.00000000000006,False,False,,,,,,,8,0,9,Llenando ventana
666,4,EHO,poblacional,300.00000000000006,300.00000000000006,False,False,,,,,,,9,0,10,Llenando ventana
667,4,EHO,poblacional,300.00000000000006,300.00000000000006,False,False,,,,,,,10,0,11,Llenando ventana
668,4,EHO,poblacional,300.00000000000006,300.00000000000006,False,False,,,,,,,11,0,12,Llenando ventana
669,4,EHO,poblacional,300.00000000000006,300.00000000000006,False,False,,,,,,,12,0,13,Llenando ventana
670,4,EHO,poblacional,300.00000000000006,300.00000000000006,False,False,,,,,,,13,0,14,Llenando ventana
671,4,EHO,poblacional,300.00000000000006,300.00000000000006,False,False,,,,,,,14,0,15,Llenando ventana
672,4,EHO,poblacional,300.00000000000006,300.00000000000006,False,False,,,,,,,15,0,16,Llenando ventana
673,4,EHO,poblacional,300.00000000000006,300.00000000000006,False,False,,,,,,,16,0,17,Llenando ventana
674,4,EHO,poblacional,300.00000000000006,300.00000000000006,False,False,,,,,,,17,0,18,Llenando ventana
675,4,EHO,poblacional,300.00000000000006,300.00000000000006,False,False,,,,,,,18,0,19,Llenando ventana
676,4,EHO,poblacional,300.00000000000006,300.00000000000006,False,False,,,,,,,19,0,20,Llenando ventana
677,4,EHO,poblacional,300.00000000000006,300.00000000000006,False,False,,,,,,,20,0,21,Llenando ventana
678,4,EHO,poblacional,300.00000000000006,300.00000000000006,False,False,,,,,,,21,0,22,Llenando ventana
679,4,EHO,poblacional,300.00000000000006,300.00000000000006,False,False,,,,,,,22,0,23,Llenando ventana
680,4,EHO,poblacional,300.00000000000006,300.00000000000006,False,False,,,,,,,23,0,24,Llenando ventana
681,4,EHO,poblacional,300.00000000000006,300.00000000000006,False,False,,,,,,,24,0,25,Llenando ventana
682,4,EHO,poblacional,300.00000000000006,300.00000000000006,False,False,,,,,,,25,0,26,Llenando ventana
683,4,EHO,poblacional,300.00000000000006,300.00000000000006,False,False,,,,,,,26,0,27,Llenando ventana
684,4,EHO,poblacional,300.00000000000006,300.00000000000006,False,False,,,,,,,27,0,28,Llenando ventana
685,4,EHO,poblacional,300.00000000000006,300.00000000000006,False,False,,,,,,,28,0,29,Llenando ventana
686,4,EHO,poblacional,300.00000000000006,300.00000000000006,False,False,,,,,,,29,0,30,Llenando ventana
687,4,EHO,poblacional,300.00000000000006,300.00000000000006,False,False,,,,,,,30,0,31,Llenando ventana
688,4,EHO,poblacional,300.00000000000006,300.00000000000006,False,False,,,,,,,31,0,32,Llenando ventana
689,4,EHO,poblacional,300.00000000000006,300.00000000000006,False,False,,,,,,,32,0,33,Llenando ventana
690,4,EHO,poblacional,300.00000000000006,300.00000000000006,False,False,,,,,,,33,0,34,Llenando ventana
691,4,EHO,poblacional,300.00000000000006,300.00000000000006,False,False,,,,,,,34,0,35,Llenando ventana
692,4,EHO,poblacional,300.00000000000006,300.00000000000006,False,False,,,,,,,35,0,36,Llenando ventana
693,4,EHO,poblacional,300.00000000000006,300.00000000000006,False,False,,,,,,,36,0,37,Llenando ventana
694,4,EHO,poblacional,300.00000000000006,300.00000000000006,False,False,,,,,,,37,0,38,Llenando ventana
695,4,EHO,poblacional,300.00000000000006,300.00000000000006,False,False,,,,,,,38,0,39,Llenando ventana
696,4,EHO,poblacional,300.00000000000006,300.00000000000006,True,False,0.009749999999996817,0.0,0.009749999999996817,4.0,20.0,12.0,39,0,40,Explotacion activa
697,4,EHO,poblacional,300.00000000000006,300.00000000000006,True,False,0.009749999999996817,0.0,0.009749999999996817,4.0,20.0,12.0,40,0,41,Explotacion activa
698,4,EHO,poblacional,300.00000000000006,300.00000000000006,True,False,0.009749999999996817,0.0,0.009749999999996817,4.0,20.0,12.0,41,0,42,Explotacion activa
699,4,EHO,poblacional,300.00000000000006,300.00000000000006,True,False,0.009749999999996817,0.0,0.009749999999996817,4.0,20.0,12.0,42,0,43,Explotacion activa
700,4,EHO,poblacional,300.00000000000006,300.00000000000006,True,False,0.009749999999996817,0.0,0.009749999999996817,4.0,20.0,12.0,43,0,44,Explotacion activa
701,4,EHO,poblacional,300.00000000000006,300.00000000000006,True,False,0.009749999999996817,0.0,0.009749999999996817,4.0,20.0,12.0,44,0,45,Explotacion activa
702,4,EHO,poblacional,300.00000000000006,300.00000000000006,True,False,0.009749999999996817,0.0,0.009749999999996817,4.0,20.0,12.0,45,0,46,Explotacion activa
703,4,EHO,poblacional,300.00000000000006,300.00000000000006,True,False,0.009749999999996817,0.0,0.009749999999996817,4.0,20.0,12.0,46,0,47,Explotacion activa
704,4,EHO,poblacional,300.00000000000006,300.00000000000006,True,False,0.009749999999996817,0.0,0.009749999999996817,4.0,20.0,12.0,47,0,48,Explotacion activa
705,4,EHO,poblacional,300.00000000000006,300.00000000000006,True,False,0.009749999999996817,0.0,0.009749999999996817,0.0,0.009749999999996817,0.009749999999996817,48,1,49,Explotacion activa
706,4,EHO,poblacional,300.00000000000006,300.00000000000006,True,False,0.009749999999996817,0.0,0.009749999999996817,0.0,0.009749999999996817,0.009749999999996817,49,2,50,Explotacion activa
707,4,EHO,poblacional,300.00000000000006,300.00000000000006,True,False,0.009749999999996817,0.0,0.009749999999996817,0.0,0.009749999999996817,0.009749999999996817,50,3,51,Explotacion activa
708,4,EHO,poblacional,300.00000000000006,300.00000000000006,True,False,0.009749999999996817,0.0,0.009749999999996817,0.0,0.009749999999996817,0.009749999999996817,51,4,52,Explotacion activa
709,4,EHO,poblacional,300.00000000000006,300.00000000000006,True,False,0.009749999999996817,0.0,0.009749999999996817,0.0,0.009749999999996817,0.009749999999996817,52,5,53,Explotacion activa
710,4,EHO,poblacional,300.00000000000006,300.00000000000006,True,False,0.009749999999996817,0.0,0.009749999999996817,0.0,0.009749999999996817,0.009749999999996817,53,6,54,Explotacion activa
711,4,EHO,poblacional,300.00000000000006,300.00000000000006,True,False,0.009749999999996817,0.0,0.009749999999996817,0.0,0.009749999999996817,0.009749999999996817,54,7,55,Explotacion activa
712,4,EHO,poblacional,300.00000000000006,300.00000000000006,True,True,0.009749999999996817,0.0,0.009749999999996817,0.0,0.009749999999996817,0.009749999999996817,55,8,56,ESTANCAMIENTO (Fire)
713,5,PSO,poblacional,300.00000000000006,300.00000000000006,False,False,,,,,,,0,0,0,Llenando ventana
714,5,PSO,poblacional,300.00000000000006,300.00000000000006,False,False,,,,,,,0,0,0,Llenando ventana
715,5,PSO,poblacional,300.00000000000006,300.00000000000006,False,False,,,,,,,0,0,0,Llenando ventana
716,5,PSO,poblacional,300.00000000000006,300.00000000000006,False,False,,,,,,,0,0,0,Llenando ventana
717,5,PSO,poblacional,300.00000000000006,300.00000000000006,False,False,,,,,,,0,0,0,Llenando ventana
718,5,PSO,poblacional,300.00000000000006,300.00000000000006,False,False,,,,,,,0,0,0,Llenando ventana
719,5,PSO,poblacional,300.00000000000006,300.00000000000006,False,False,,,,,,,0,0,0,Llenando ventana
720,5,PSO,poblacional,300.00000000000006,300.00000000000006,False,False,,,,,,,0,0,0,Llenando ventana
721,5,PSO,poblacional,300.00000000000006,300.00000000000006,False,False,,,,,,,0,0,0,Llenando ventana
722,5,PSO,poblacional,300.00000000000006,300.00000000000006,False,False,,,,,,,0,0,0,Llenando ventana
723,5,PSO,poblacional,300.00000000000006,300.00000000000006,False,False,,,,,,,0,0,0,Llenando ventana
724,5,PSO,poblacional,300.00000000000006,300.00000000000006,False,False,,,,,,,0,0,0,Llenando ventana
725,5,PSO,poblacional,300.00000000000006,300.00000000000006,False,False,,,,,,,0,0,0,Llenando ventana
726,5,PSO,poblacional,300.00000000000006,300.00000000000006,False,False,,,,,,,0,0,0,Llenando ventana
727,5,PSO,poblacional,300.00000000000006,300.00000000000006,False,False,,,,,,,0,0,0,Llenando ventana
728,5,PSO,poblacional,300.00000000000006,300.00000000000006,False,False,,,,,,,0,0,0,Llenando ventana
729,5,PSO,poblacional,300.00000000000006,300.00000000000006,False,False,,,,,,,0,0,0,Llenando ventana
730,5,PSO,poblacional,300.00000000000006,300.00000000000006,False,False,,,,,,,0,0,0,Llenando ventana
731,5,PSO,poblacional,300.00000000000006,300.00000000000006,False,False,,,,,,,0,0,0,Llenando ventana
732,5,PSO,poblacional,300.00000000000006,300.00000000000006,False,False,,,,,,,0,0,0,Llenando ventana
733,5,PSO,poblacional,300.00000000000006,300.00000000000006,False,False,,,,,,,0,0,0,Llenando ventana
734,5,PSO,poblacional,300.00000000000006,300.00000000000006,False,False,,,,,,,0,0,0,Llenando ventana
735,5,PSO,poblacional,300.00000000000006,300.00000000000006,False,False,,,,,,,0,0,0,Llenando ventana
736,5,PSO,poblacional,300.00000000000006,300.00000000000006,False,False,,,,,,,0,0,0,Llenando ventana
737,5,PSO,poblacional,300.00000000000006,300.00000000000006,False,False,,,,,,,0,0,0,Llenando ventana
738,5,PSO,poblacional,300.00000000000006,300.00000000000006,False,False,,,,,,,0,0,0,Llenando ventana
739,5,PSO,poblacional,300.00000000000006,300.00000000000006,False,False,,,,,,,0,0,0,Llenando ventana
740,5,PSO,poblacional,300.00000000000006,300.00000000000006,False,False,,,,,,,0,0,0,Llenando ventana
741,5,PSO,poblacional,300.00000000000006,300.00000000000006,False,False,,,,,,,0,0,0,Llenando ventana
742,5,PSO,poblacional,300.00000000000006,300.00000000000006,False,False,,,,,,,0,0,0,Llenando ventana
743,5,PSO,poblacional,300.00000000000006,300.00000000000006,False,False,,,,,,,0,0,0,Llenando ventana
744,5,PSO,poblacional,300.00000000000006,300.00000000000006,False,False,,,,,,,0,0,0,Llenando ventana
745,5,PSO,poblacional,300.00000000000006,300.00000000000006,False,False,,,,,,,0,0,0,Llenando ventana
746,5,PSO,poblacional,300.00000000000006,300.00000000000006,False,False,,,,,,,0,0,0,Llenando ventana
747,5,PSO,poblacional,300.00000000000006,300.00000000000006,False,False,,,,,,,0,0,0,Llenando ventana
748,5,PSO,poblacional,300.00000000000006,300.00000000000006,False,False,,,,,,,0,0,0,Llenando ventana
749,5,PSO,poblacional,300.00000000000006,300.00000000000006,False,False,,,,,,,0,0,0,Llenando ventana
750,5,PSO,poblacional,300.00000000000006,300.00000000000006,False,False,,,,,,,0,0,0,Llenando ventana
751,5,PSO,poblacional,300.00000000000006,300.00000000000006,False,False,,,,,,,0,0,0,Llenando ventana
752,5,PSO,poblacional,300.00000000000006,300.00000000000006,False,False,,,0.009749999999996817,,,,0,0,0,Llenando ventana
753,5,PSO,poblacional,300.00000000000006,300.00000000000006,False,False,,,0.009749999999996817,,,,0,0,0,Llenando ventana
754,5,PSO,poblacional,300.00000000000006,300.00000000000006,False,False,,,0.009749999999996817,,,,0,0,0,Llenando ventana
755,5,PSO,poblacional,300.00000000000006,300.00000000000006,False,False,,,0.009749999999996817,,,,0,0,0,Llenando ventana
756,5,PSO,poblacional,300.00000000000006,300.00000000000006,False,False,,,0.009749999999996817,,,,0,0,0,Llenando ventana
757,5,PSO,poblacional,300.00000000000006,300.00000000000006,False,False,,,0.009749999999996817,,,,0,0,0,Llenando ventana
758,5,PSO,poblacional,300.00000000000006,300.00000000000006,False,False,,,0.009749999999996817,,,,0,0,0,Llenando ventana
759,5,PSO,poblacional,300.00000000000006,300.00000000000006,False,False,,,0.009749999999996817,,,,0,0,0,Llenando ventana
760,5,PSO,poblacional,300.00000000000006,300.00000000000006,False,False,,,0.009749999999996817,,,,0,0,0,Llenando ventana
761,5,PSO,poblacional,300.00000000000006,300.00000000000006,False,False,,,0.009749999999996817,,,,0,0,0,Llenando ventana
762,5,PSO,poblacional,300.00000000000006,300.00000000000006,False,False,,,0.009749999999996817,,,,0,0,0,Llenando ventana
763,5,PSO,poblacional,300.00000000000006,300.00000000000006,False,False,,,0.009749999999996817,,,,0,0,0,Llenando ventana
764,5,PSO,poblacional,300.00000000000006,300.00000000000006,False,False,,,0.009749999999996817,,,,0,0,0,Llenando ventana
765,5,PSO,poblacional,300.00000000000006,300.00000000000006,False,False,,,0.009749999999996817,,,,0,0,0,Llenando ventana
766,5,PSO,poblacional,300.00000000000006,300.00000000000006,False,False,,,0.009749999999996817,,,,0,0,0,Llenando ventana
767,5,PSO,poblacional,300.00000000000006,300.00000000000006,False,False,,,0.009749999999996817,,,,0,0,0,Llenando ventana
768,5,PSO,poblacional,300.00000000000006,300.00000000000006,False,False,,,0.009749999999996817,,,,0,0,0,Llenando ventana
769,6,ACO,poblacional,300.00000000000006,15647876.158555085,False,False,,,,,,,0,0,1,Llenando ventana
770,6,ACO,poblacional,300.00000000000006,51403.2462757836,False,False,,,,,,,1,0,2,Llenando ventana
771,6,ACO,poblacional,300.00000000000006,358310.4235331606,False,False,,,,,,,2,0,3,Llenando ventana
772,6,ACO,poblacional,300.00000000000006,18123.94608186769,False,False,,,,,,,3,0,4,Llenando ventana
773,6,ACO,poblacional,300.00000000000006,7626.078095526139,False,False,,,,,,,4,0,5,Llenando ventana
774,6,ACO,poblacional,300.00000000000006,9660.13029616668,False,False,,,,,,,5,0,6,Llenando ventana
775,6,ACO,poblacional,300.00000000000006,50791.44250651284,False,False,,,,,,,6,0,7,Llenando ventana
776,6,ACO,poblacional,300.00000000000006,37904.84880503519,False,False,,,,,,,7,0,8,Llenando ventana
777,6,ACO,poblacional,300.00000000000006,15041.377226777227,False,False,,,,,,,8,0,9,Llenando ventana
778,6,ACO,poblacional,300.00000000000006,1084830.036675475,False,False,,,,,,,9,0,10,Llenando ventana
779,6,ACO,poblacional,300.00000000000006,124596.46726258268,False,False,,,,,,,10,0,11,Llenando ventana
780,6,ACO,poblacional,300.00000000000006,9390.676306869082,False,False,,,,,,,11,0,12,Llenando ventana
781,6,ACO,poblacional,300.00000000000006,422457.40699614736,False,False,,,,,,,12,0,13,Llenando ventana
782,6,ACO,poblacional,300.00000000000006,3119.2050304280856,False,False,,,,,,,13,0,14,Llenando ventana
783,6,ACO,poblacional,300.00000000000006,169016.34028456642,False,False,,,,,,,14,0,15,Llenando ventana
784,6,ACO,poblacional,300.00000000000006,22549.20053885679,False,False,,,,,,,15,0,16,Llenando ventana
785,6,ACO,poblacional,300.00000000000006,7593.897267921605,False,False,,,,,,,16,0,17,Llenando ventana
786,6,ACO,poblacional,300.00000000000006,42163.90882329807,False,False,,,,,,,17,0,18,Llenando ventana
787,6,ACO,poblacional,300.00000000000006,2986388.2455724655,False,False,,,,,,,18,0,19,Llenando ventana
788,6,ACO,poblacional,300.00000000000006,279355.283177532,False,False,,,,,,,19,0,20,Llenando ventana
789,6,ACO,poblacional,300.00000000000006,1998620.2554542427,False,False,,,,,,,20,0,21,Llenando ventana
790,6,ACO,poblacional,300.00000000000006,129026.64879197106,False,False,,,,,,,21,0,22,Llenando ventana
791,6,ACO,poblacional,300.00000000000006,35402.35279346928,False,False,,,,,,,22,0,23,Llenando ventana
792,6,ACO,poblacional,300.00000000000006,18110.00324759451,False,False,,,,,,,23,0,24,Llenando ventana
793,6,ACO,poblacional,300.00000000000006,31244.00525086446,False,False,,,,,,,24,0,25,Llenando ventana
794,6,ACO,poblacional,300.00000000000006,302737.16357449396,False,False,,,,,,,25,0,26,Llenando ventana
795,6,ACO,poblacional,300.00000000000006,7934.441031486877,False,False,,,,,,,26,0,27,Llenando ventana
796,6,ACO,poblacional,300.00000000000006,93704.09526841319,False,False,,,,,,,27,0,28,Llenando ventana
797,6,ACO,poblacional,300.00000000000006,26811.842000816006,False,False,,,,,,,28,0,29,Llenando ventana
798,6,ACO,poblacional,300.00000000000006,15935.995873240518,False,False,,,,,,,29,0,30,Llenando ventana
799,6,ACO,poblacional,300.00000000000006,998039.2636496162,False,False,,,,,,,30,0,31,Llenando ventana
800,6,ACO,poblacional,300.00000000000006,29541.34989113846,False,False,,,,,,,31,0,32,Llenando ventana
801,6,ACO,poblacional,300.00000000000006,198781.12078305776,False,False,,,,,,,32,0,33,Llenando ventana
802,6,ACO,poblacional,300.00000000000006,6951.916451416183,False,False,,,,,,,33,0,34,Llenando ventana
803,6,ACO,poblacional,300.00000000000006,733993.1875006976,False,False,,,,,,,34,0,35,Llenando ventana
804,6,ACO,poblacional,300.00000000000006,8080.374258336362,False,False,,,,,,,35,0,36,Llenando ventana
805,6,ACO,poblacional,300.00000000000006,19595.192032233907,False,False,,,,,,,36,0,37,Llenando ventana
806,6,ACO,poblacional,300.00000000000006,2058423.7918404366,False,False,,,,,,,37,0,38,Llenando ventana
807,6,ACO,poblacional,300.00000000000006,19455.02293093633,False,False,,,,,,,38,0,39,Llenando ventana
808,6,ACO,poblacional,300.00000000000006,26925.810199011525,True,False,0.009749999999996817,0.0,0.009749999999996817,4.0,20.0,12.0,39,0,40,Explotacion activa
809,6,ACO,poblacional,300.00000000000006,11375.410783988262,True,False,0.009749999999996817,0.0,0.009749999999996817,4.0,20.0,12.0,40,0,41,Explotacion activa
810,6,ACO,poblacional,300.00000000000006,460171.0264427335,True,False,0.009749999999996817,0.0,0.009749999999996817,4.0,20.0,12.0,41,0,42,Explotacion activa
811,6,ACO,poblacional,300.00000000000006,8426.837255847382,True,False,0.009749999999996817,0.0,0.009749999999996817,4.0,20.0,12.0,42,0,43,Explotacion activa
812,6,ACO,poblacional,300.00000000000006,13164.981232519585,True,False,0.009749999999996817,0.0,0.009749999999996817,4.0,20.0,12.0,43,0,44,Explotacion activa
813,6,ACO,poblacional,300.00000000000006,1555549.4032771387,True,False,0.009749999999996817,0.0,0.009749999999996817,4.0,20.0,12.0,44,0,45,Explotacion activa
814,6,ACO,poblacional,300.00000000000006,26298.716833449198,True,False,0.009749999999996817,0.0,0.009749999999996817,4.0,20.0,12.0,45,0,46,Explotacion activa
815,6,ACO,poblacional,300.00000000000006,64013.072840594046,True,False,0.009749999999996817,0.0,0.009749999999996817,4.0,20.0,12.0,46,0,47,Explotacion activa
816,6,ACO,poblacional,300.00000000000006,59451.48968392388,True,False,0.009749999999996817,0.0,0.009749999999996817,4.0,20.0,12.0,47,0,48,Explotacion activa
817,6,ACO,poblacional,300.00000000000006,709422.3321571865,True,False,0.009749999999996817,0.0,0.009749999999996817,0.0,0.009749999999996817,0.009749999999996817,48,1,49,Explotacion activa
818,6,ACO,poblacional,300.00000000000006,16963.372278964925,True,False,0.009749999999996817,0.0,0.009749999999996817,0.0,0.009749999999996817,0.009749999999996817,49,2,50,Explotacion activa
819,6,ACO,poblacional,300.00000000000006,99647.73365046694,True,False,0.009749999999996817,0.0,0.009749999999996817,0.0,0.009749999999996817,0.009749999999996817,50,3,51,Explotacion activa
820,6,ACO,poblacional,300.00000000000006,8042.0044463350205,True,False,0.009749999999996817,0.0,0.009749999999996817,0.0,0.009749999999996817,0.009749999999996817,51,4,52,Explotacion activa
821,6,ACO,poblacional,300.00000000000006,33513.18694282813,True,False,0.009749999999996817,0.0,0.009749999999996817,0.0,0.009749999999996817,0.009749999999996817,52,5,53,Explotacion activa
822,6,ACO,poblacional,300.00000000000006,2671.0172354792576,True,False,0.009749999999996817,0.0,0.009749999999996817,0.0,0.009749999999996817,0.009749999999996817,53,6,54,Explotacion activa
823,6,ACO,poblacional,300.00000000000006,35568.01180831139,True,False,0.009749999999996817,0.0,0.009749999999996817,0.0,0.009749999999996817,0.009749999999996817,54,7,55,Explotacion activa
824,6,ACO,poblacional,300.00000000000006,24410.882199183558,True,True,0.009749999999996817,0.0,0.009749999999996817,0.0,0.009749999999996817,0.009749999999996817,55,8,56,ESTANCAMIENTO (Fire)
825,7,PSO,poblacional,300.00000000000006,300.00000000000006,False,False,,,,,,,0,0,0,Llenando ventana
826,7,PSO,poblacional,300.00000000000006,300.00000000000006,False,False,,,,,,,0,0,0,Llenando ventana
827,7,PSO,poblacional,300.00000000000006,300.00000000000006,False,False,,,,,,,0,0,0,Llenando ventana
828,7,PSO,poblacional,300.00000000000006,300.00000000000006,False,False,,,,,,,0,0,0,Llenando ventana
829,7,PSO,poblacional,300.00000000000006,300.00000000000006,False,False,,,,,,,0,0,0,Llenando ventana
830,7,PSO,poblacional,300.00000000000006,300.00000000000006,False,False,,,,,,,0,0,0,Llenando ventana
831,7,PSO,poblacional,300.00000000000006,300.00000000000006,False,False,,,,,,,0,0,0,Llenando ventana
832,7,PSO,poblacional,300.00000000000006,300.00000000000006,False,False,,,,,,,0,0,0,Llenando ventana
833,7,PSO,poblacional,300.00000000000006,300.00000000000006,False,False,,,,,,,0,0,0,Llenando ventana
834,7,PSO,poblacional,300.00000000000006,300.00000000000006,False,False,,,,,,,0,0,0,Llenando ventana
835,7,PSO,poblacional,300.00000000000006,300.00000000000006,False,False,,,,,,,0,0,0,Llenando ventana
836,7,PSO,poblacional,300.00000000000006,300.00000000000006,False,False,,,,,,,0,0,0,Llenando ventana
837,7,PSO,poblacional,300.00000000000006,300.00000000000006,False,False,,,,,,,0,0,0,Llenando ventana
838,7,PSO,poblacional,300.00000000000006,300.00000000000006,False,False,,,,,,,0,0,0,Llenando ventana
839,7,PSO,poblacional,300.00000000000006,300.00000000000006,False,False,,,,,,,0,0,0,Llenando ventana
840,7,PSO,poblacional,300.00000000000006,300.00000000000006,False,False,,,,,,,0,0,0,Llenando ventana
841,7,PSO,poblacional,300.00000000000006,300.00000000000006,False,False,,,,,,,0,0,0,Llenando ventana
842,7,PSO,poblacional,300.00000000000006,300.00000000000006,False,False,,,,,,,0,0,0,Llenando ventana
843,7,PSO,poblacional,300.00000000000006,300.00000000000006,False,False,,,,,,,0,0,0,Llenando ventana
844,7,PSO,poblacional,300.00000000000006,300.00000000000006,False,False,,,,,,,0,0,0,Llenando ventana
845,7,PSO,poblacional,300.00000000000006,300.00000000000006,False,False,,,,,,,0,0,0,Llenando ventana
846,7,PSO,poblacional,300.00000000000006,300.00000000000006,False,False,,,,,,,0,0,0,Llenando ventana
847,7,PSO,poblacional,300.00000000000006,300.00000000000006,False,False,,,,,,,0,0,0,Llenando ventana
848,7,PSO,poblacional,300.00000000000006,300.00000000000006,False,False,,,,,,,0,0,0,Llenando ventana
849,7,PSO,poblacional,300.00000000000006,300.00000000000006,False,False,,,,,,,0,0,0,Llenando ventana
850,7,PSO,poblacional,300.00000000000006,300.00000000000006,False,False,,,,,,,0,0,0,Llenando ventana
851,7,PSO,poblacional,300.00000000000006,300.00000000000006,False,False,,,,,,,0,0,0,Llenando ventana
852,7,PSO,poblacional,300.00000000000006,300.00000000000006,False,False,,,,,,,0,0,0,Llenando ventana
853,7,PSO,poblacional,300.00000000000006,300.00000000000006,False,False,,,,,,,0,0,0,Llenando ventana
854,7,PSO,poblacional,300.00000000000006,300.00000000000006,False,False,,,,,,,0,0,0,Llenando ventana
855,7,PSO,poblacional,300.00000000000006,300.00000000000006,False,False,,,,,,,0,0,0,Llenando ventana
856,7,PSO,poblacional,300.00000000000006,300.00000000000006,False,False,,,,,,,0,0,0,Llenando ventana
857,7,PSO,poblacional,300.00000000000006,300.00000000000006,False,False,,,,,,,0,0,0,Llenando ventana
858,7,PSO,poblacional,300.00000000000006,300.00000000000006,False,False,,,,,,,0,0,0,Llenando ventana
859,7,PSO,poblacional,300.00000000000006,300.00000000000006,False,False,,,,,,,0,0,0,Llenando ventana
860,7,PSO,poblacional,300.00000000000006,300.00000000000006,False,False,,,,,,,0,0,0,Llenando ventana
861,7,PSO,poblacional,300.00000000000006,300.00000000000006,False,False,,,,,,,0,0,0,Llenando ventana
862,7,PSO,poblacional,300.00000000000006,300.00000000000006,False,False,,,,,,,0,0,0,Llenando ventana
863,7,PSO,poblacional,300.00000000000006,300.00000000000006,False,False,,,,,,,0,0,0,Llenando ventana
864,7,PSO,poblacional,300.00000000000006,300.00000000000006,False,False,,,0.009749999999996817,,,,0,0,0,Llenando ventana
865,7,PSO,poblacional,300.00000000000006,300.00000000000006,False,False,,,0.009749999999996817,,,,0,0,0,Llenando ventana
866,7,PSO,poblacional,300.00000000000006,300.00000000000006,False,False,,,0.009749999999996817,,,,0,0,0,Llenando ventana
867,7,PSO,poblacional,300.00000000000006,300.00000000000006,False,False,,,0.009749999999996817,,,,0,0,0,Llenando ventana
868,7,PSO,poblacional,300.00000000000006,300.00000000000006,False,False,,,0.009749999999996817,,,,0,0,0,Llenando ventana
869,7,PSO,poblacional,300.00000000000006,300.00000000000006,False,False,,,0.009749999999996817,,,,0,0,0,Llenando ventana
870,7,PSO,poblacional,300.00000000000006,300.00000000000006,False,False,,,0.009749999999996817,,,,0,0,0,Llenando ventana
871,7,PSO,poblacional,300.00000000000006,300.00000000000006,False,False,,,0.009749999999996817,,,,0,0,0,Llenando ventana
872,7,PSO,poblacional,300.00000000000006,300.00000000000006,False,False,,,0.009749999999996817,,,,0,0,0,Llenando ventana
873,7,PSO,poblacional,300.00000000000006,300.00000000000006,False,False,,,0.009749999999996817,,,,0,0,0,Llenando ventana
874,7,PSO,poblacional,300.00000000000006,300.00000000000006,False,False,,,0.009749999999996817,,,,0,0,0,Llenando ventana
875,7,PSO,poblacional,300.00000000000006,300.00000000000006,False,False,,,0.009749999999996817,,,,0,0,0,Llenando ventana
876,7,PSO,poblacional,300.00000000000006,300.00000000000006,False,False,,,0.009749999999996817,,,,0,0,0,Llenando ventana
877,7,PSO,poblacional,300.00000000000006,300.00000000000006,False,False,,,0.009749999999996817,,,,0,0,0,Llenando ventana
878,7,PSO,poblacional,300.00000000000006,300.00000000000006,False,False,,,0.009749999999996817,,,,0,0,0,Llenando ventana
879,7,PSO,poblacional,300.00000000000006,300.00000000000006,False,False,,,0.009749999999996817,,,,0,0,0,Llenando ventana
880,7,PSO,poblacional,300.00000000000006,300.00000000000006,False,False,,,0.009749999999996817,,,,0,0,0,Llenando ventana
881,8,EHO,poblacional,300.00000000000006,300.00000000000006,False,False,,,,,,,0,0,1,Llenando ventana
882,8,EHO,poblacional,300.00000000000006,300.00000000000006,False,False,,,,,,,1,0,2,Llenando ventana
883,8,EHO,poblacional,300.00000000000006,300.00000000000006,False,False,,,,,,,2,0,3,Llenando ventana
884,8,EHO,poblacional,300.00000000000006,300.00000000000006,False,False,,,,,,,3,0,4,Llenando ventana
885,8,EHO,poblacional,300.00000000000006,300.00000000000006,False,False,,,,,,,4,0,5,Llenando ventana
886,8,EHO,poblacional,300.00000000000006,300.00000000000006,False,False,,,,,,,5,0,6,Llenando ventana
887,8,EHO,poblacional,300.00000000000006,300.00000000000006,False,False,,,,,,,6,0,7,Llenando ventana
888,8,EHO,poblacional,300.00000000000006,300.00000000000006,False,False,,,,,,,7,0,8,Llenando ventana
889,8,EHO,poblacional,300.00000000000006,300.00000000000006,False,False,,,,,,,8,0,9,Llenando ventana
890,8,EHO,poblacional,300.00000000000006,300.00000000000006,False,False,,,,,,,9,0,10,Llenando ventana
891,8,EHO,poblacional,300.00000000000006,300.00000000000006,False,False,,,,,,,10,0,11,Llenando ventana
892,8,EHO,poblacional,300.00000000000006,300.00000000000006,False,False,,,,,,,11,0,12,Llenando ventana
893,8,EHO,poblacional,300.00000000000006,300.00000000000006,False,False,,,,,,,12,0,13,Llenando ventana
894,8,EHO,poblacional,300.00000000000006,300.00000000000006,False,False,,,,,,,13,0,14,Llenando ventana
895,8,EHO,poblacional,300.00000000000006,300.00000000000006,False,False,,,,,,,14,0,15,Llenando ventana
896,8,EHO,poblacional,300.00000000000006,300.00000000000006,False,False,,,,,,,15,0,16,Llenando ventana
897,8,EHO,poblacional,300.00000000000006,300.00000000000006,False,False,,,,,,,16,0,17,Llenando ventana
898,8,EHO,poblacional,300.00000000000006,300.00000000000006,False,False,,,,,,,17,0,18,Llenando ventana
899,8,EHO,poblacional,300.00000000000006,300.00000000000006,False,False,,,,,,,18,0,19,Llenando ventana
900,8,EHO,poblacional,300.00000000000006,300.00000000000006,False,False,,,,,,,19,0,20,Llenando ventana
901,8,EHO,poblacional,300.00000000000006,300.00000000000006,False,False,,,,,,,20,0,21,Llenando ventana
902,8,EHO,poblacional,300.00000000000006,300.00000000000006,False,False,,,,,,,21,0,22,Llenando ventana
903,8,EHO,poblacional,300.00000000000006,300.00000000000006,False,False,,,,,,,22,0,23,Llenando ventana
904,8,EHO,poblacional,300.00000000000006,300.00000000000006,False,False,,,,,,,23,0,24,Llenando ventana
905,8,EHO,poblacional,300.00000000000006,300.00000000000006,False,False,,,,,,,24,0,25,Llenando ventana
906,8,EHO,poblacional,300.00000000000006,300.00000000000006,False,False,,,,,,,25,0,26,Llenando ventana
907,8,EHO,poblacional,300.00000000000006,300.00000000000006,False,False,,,,,,,26,0,27,Llenando ventana
908,8,EHO,poblacional,300.00000000000006,300.00000000000006,False,False,,,,,,,27,0,28,Llenando ventana
909,8,EHO,poblacional,300.00000000000006,300.00000000000006,False,False,,,,,,,28,0,29,Llenando ventana
910,8,EHO,poblacional,300.00000000000006,300.00000000000006,False,False,,,,,,,29,0,30,Llenando ventana
911,8,EHO,poblacional,300.00000000000006,300.00000000000006,False,False,,,,,,,30,0,31,Llenando ventana
912,8,EHO,poblacional,300.00000000000006,300.00000000000006,False,False,,,,,,,31,0,32,Llenando ventana
913,8,EHO,poblacional,300.00000000000006,300.00000000000006,False,False,,,,,,,32,0,33,Llenando ventana
914,8,EHO,poblacional,300.00000000000006,300.00000000000006,False,False,,,,,,,33,0,34,Llenando ventana
915,8,EHO,poblacional,300.00000000000006,300.00000000000006,False,False,,,,,,,34,0,35,Llenando ventana
916,8,EHO,poblacional,300.00000000000006,300.00000000000006,False,False,,,,,,,35,0,36,Llenando ventana
917,8,EHO,poblacional,300.00000000000006,300.00000000000006,False,False,,,,,,,36,0,37,Llenando ventana
918,8,EHO,poblacional,300.00000000000006,300.00000000000006,False,False,,,,,,,37,0,38,Llenando ventana
919,8,EHO,poblacional,300.00000000000006,300.00000000000006,False,False,,,,,,,38,0,39,Llenando ventana
920,8,EHO,poblacional,300.00000000000006,300.00000000000006,True,False,0.009749999999996817,0.0,0.009749999999996817,4.0,20.0,12.0,39,0,40,Explotacion activa
921,8,EHO,poblacional,300.00000000000006,300.00000000000006,True,False,0.009749999999996817,0.0,0.009749999999996817,4.0,20.0,12.0,40,0,41,Explotacion activa
922,8,EHO,poblacional,300.00000000000006,300.00000000000006,True,False,0.009749999999996817,0.0,0.009749999999996817,4.0,20.0,12.0,41,0,42,Explotacion activa
923,8,EHO,poblacional,300.00000000000006,300.00000000000006,True,False,0.009749999999996817,0.0,0.009749999999996817,4.0,20.0,12.0,42,0,43,Explotacion activa
924,8,EHO,poblacional,300.00000000000006,300.00000000000006,True,False,0.009749999999996817,0.0,0.009749999999996817,4.0,20.0,12.0,43,0,44,Explotacion activa
925,8,EHO,poblacional,300.00000000000006,300.00000000000006,True,False,0.009749999999996817,0.0,0.009749999999996817,4.0,20.0,12.0,44,0,45,Explotacion activa
926,8,EHO,poblacional,300.00000000000006,300.00000000000006,True,False,0.009749999999996817,0.0,0.009749999999996817,4.0,20.0,12.0,45,0,46,Explotacion activa
927,8,EHO,poblacional,300.00000000000006,300.00000000000006,True,False,0.009749999999996817,0.0,0.009749999999996817,4.0,20.0,12.0,46,0,47,Explotacion activa
928,8,EHO,poblacional,300.00000000000006,300.00000000000006,True,False,0.009749999999996817,0.0,0.009749999999996817,4.0,20.0,12.0,47,0,48,Explotacion activa
929,8,EHO,poblacional,300.00000000000006,300.00000000000006,True,False,0.009749999999996817,0.0,0.009749999999996817,0.0,0.009749999999996817,0.009749999999996817,48,1,49,Explotacion activa
930,8,EHO,poblacional,300.00000000000006,300.00000000000006,True,False,0.009749999999996817,0.0,0.009749999999996817,0.0,0.009749999999996817,0.009749999999996817,49,2,50,Explotacion activa
931,8,EHO,poblacional,300.00000000000006,300.00000000000006,True,False,0.009749999999996817,0.0,0.009749999999996817,0.0,0.009749999999996817,0.009749999999996817,50,3,51,Explotacion activa
932,8,EHO,poblacional,300.00000000000006,300.00000000000006,True,False,0.009749999999996817,0.0,0.009749999999996817,0.0,0.009749999999996817,0.009749999999996817,51,4,52,Explotacion activa
933,8,EHO,poblacional,300.00000000000006,300.00000000000006,True,False,0.009749999999996817,0.0,0.009749999999996817,0.0,0.009749999999996817,0.009749999999996817,52,5,53,Explotacion activa
934,8,EHO,poblacional,300.00000000000006,300.00000000000006,True,False,0.009749999999996817,0.0,0.009749999999996817,0.0,0.009749999999996817,0.009749999999996817,53,6,54,Explotacion activa
935,8,EHO,poblacional,300.00000000000006,300.00000000000006,True,False,0.009749999999996817,0.0,0.009749999999996817,0.0,0.009749999999996817,0.009749999999996817,54,7,55,Explotacion activa
936,8,EHO,poblacional,300.00000000000006,300.00000000000006,True,True,0.009749999999996817,0.0,0.009749999999996817,0.0,0.009749999999996817,0.009749999999996817,55,8,56,ESTANCAMIENTO (Fire)
937,9,GWO,poblacional,300.00000000000006,300.00000000000006,False,False,,,,,,,0,0,1,Llenando ventana
938,9,GWO,poblacional,300.00000000000006,300.00000000000006,False,False,,,,,,,1,0,2,Llenando ventana
939,9,GWO,poblacional,300.00000000000006,300.00000000000006,False,False,,,,,,,2,0,3,Llenando ventana
940,9,GWO,poblacional,300.00000000000006,300.00000000000006,False,False,,,,,,,3,0,4,Llenando ventana
941,9,GWO,poblacional,300.00000000000006,300.00000000000006,False,False,,,,,,,4,0,5,Llenando ventana
942,9,GWO,poblacional,300.00000000000006,300.00000000000006,False,False,,,,,,,5,0,6,Llenando ventana
943,9,GWO,poblacional,300.00000000000006,300.00000000000006,False,False,,,,,,,6,0,7,Llenando ventana
944,9,GWO,poblacional,300.00000000000006,300.00000000000006,False,False,,,,,,,7,0,8,Llenando ventana
945,9,GWO,poblacional,300.00000000000006,300.00000000000006,False,False,,,,,,,8,0,9,Llenando ventana
946,9,GWO,poblacional,300.00000000000006,300.00000000000006,False,False,,,,,,,9,0,10,Llenando ventana
947,9,GWO,poblacional,300.00000000000006,300.00000000000006,False,False,,,,,,,10,0,11,Llenando ventana
948,9,GWO,poblacional,300.00000000000006,300.00000000000006,False,False,,,,,,,11,0,12,Llenando ventana
949,9,GWO,poblacional,300.00000000000006,300.00000000000006,False,False,,,,,,,12,0,13,Llenando ventana
950,9,GWO,poblacional,300.00000000000006,300.00000000000006,False,False,,,,,,,13,0,14,Llenando ventana
951,9,GWO,poblacional,300.00000000000006,300.00000000000006,False,False,,,,,,,14,0,15,Llenando ventana
952,9,GWO,poblacional,300.00000000000006,300.00000000000006,False,False,,,,,,,15,0,16,Llenando ventana
953,9,GWO,poblacional,300.00000000000006,300.00000000000006,False,False,,,,,,,16,0,17,Llenando ventana
954,9,GWO,poblacional,300.00000000000006,300.00000000000006,False,False,,,,,,,17,0,18,Llenando ventana
955,9,GWO,poblacional,300.00000000000006,300.00000000000006,False,False,,,,,,,18,0,19,Llenando ventana
956,9,GWO,poblacional,300.00000000000006,300.00000000000006,False,False,,,,,,,19,0,20,Llenando ventana
957,9,GWO,poblacional,300.00000000000006,300.00000000000006,False,False,,,,,,,20,0,21,Llenando ventana
958,9,GWO,poblacional,300.00000000000006,300.00000000000006,False,False,,,,,,,21,0,22,Llenando ventana
959,9,GWO,poblacional,300.00000000000006,300.00000000000006,False,False,,,,,,,22,0,23,Llenando ventana
960,9,GWO,poblacional,300.00000000000006,300.00000000000006,False,False,,,,,,,23,0,24,Llenando ventana
961,9,GWO,poblacional,300.00000000000006,300.00000000000006,False,False,,,,,,,24,0,25,Llenando ventana
962,9,GWO,poblacional,300.00000000000006,300.00000000000006,False,False,,,,,,,25,0,26,Llenando ventana
963,9,GWO,poblacional,300.00000000000006,300.00000000000006,False,False,,,,,,,26,0,27,Llenando ventana
964,9,GWO,poblacional,300.00000000000006,300.00000000000006,False,False,,,,,,,27,0,28,Llenando ventana
965,9,GWO,poblacional,300.00000000000006,300.00000000000006,False,False,,,,,,,28,0,29,Llenando ventana
966,9,GWO,poblacional,300.00000000000006,300.00000000000006,False,False,,,,,,,29,0,30,Llenando ventana
967,9,GWO,poblacional,300.00000000000006,300.00000000000006,False,False,,,,,,,30,0,31,Llenando ventana
968,9,GWO,poblacional,300.00000000000006,300.00000000000006,False,False,,,,,,,31,0,32,Llenando ventana
969,9,GWO,poblacional,300.00000000000006,300.00000000000006,False,False,,,,,,,32,0,33,Llenando ventana
970,9,GWO,poblacional,300.00000000000006,300.00000000000006,False,False,,,,,,,33,0,34,Llenando ventana
971,9,GWO,poblacional,300.00000000000006,300.00000000000006,False,False,,,,,,,34,0,35,Llenando ventana
972,9,GWO,poblacional,300.00000000000006,300.00000000000006,False,False,,,,,,,35,0,36,Llenando ventana
973,9,GWO,poblacional,300.00000000000006,300.00000000000006,False,False,,,,,,,36,0,37,Llenando ventana
974,9,GWO,poblacional,300.00000000000006,300.00000000000006,False,False,,,,,,,37,0,38,Llenando ventana
975,9,GWO,poblacional,300.00000000000006,300.00000000000006,False,False,,,,,,,38,0,39,Llenando ventana
976,9,GWO,poblacional,300.00000000000006,300.00000000000006,True,False,0.009749999999996817,0.0,0.009749999999996817,4.0,20.0,12.0,39,0,40,Explotacion activa
977,9,GWO,poblacional,300.00000000000006,300.00000000000006,True,False,0.009749999999996817,0.0,0.009749999999996817,4.0,20.0,12.0,40,0,41,Explotacion activa
978,9,GWO,poblacional,300.00000000000006,300.00000000000006,True,False,0.009749999999996817,0.0,0.009749999999996817,4.0,20.0,12.0,41,0,42,Explotacion activa
979,9,GWO,poblacional,300.00000000000006,300.00000000000006,True,False,0.009749999999996817,0.0,0.009749999999996817,4.0,20.0,12.0,42,0,43,Explotacion activa
980,9,GWO,poblacional,300.00000000000006,300.00000000000006,True,False,0.009749999999996817,0.0,0.009749999999996817,4.0,20.0,12.0,43,0,44,Explotacion activa
981,9,GWO,poblacional,300.00000000000006,300.00000000000006,True,False,0.009749999999996817,0.0,0.009749999999996817,4.0,20.0,12.0,44,0,45,Explotacion activa
982,9,GWO,poblacional,300.00000000000006,300.00000000000006,True,False,0.009749999999996817,0.0,0.009749999999996817,4.0,20.0,12.0,45,0,46,Explotacion activa
983,9,GWO,poblacional,300.00000000000006,300.00000000000006,True,False,0.009749999999996817,0.0,0.009749999999996817,4.0,20.0,12.0,46,0,47,Explotacion activa
984,9,GWO,poblacional,300.00000000000006,300.00000000000006,True,False,0.009749999999996817,0.0,0.009749999999996817,4.0,20.0,12.0,47,0,48,Explotacion activa
985,9,GWO,poblacional,300.00000000000006,300.00000000000006,True,False,0.009749999999996817,0.0,0.009749999999996817,0.0,0.009749999999996817,0.009749999999996817,48,1,49,Explotacion activa
986,9,GWO,poblacional,300.00000000000006,300.00000000000006,True,False,0.009749999999996817,0.0,0.009749999999996817,0.0,0.009749999999996817,0.009749999999996817,49,2,50,Explotacion activa
987,9,GWO,poblacional,300.00000000000006,300.00000000000006,True,False,0.009749999999996817,0.0,0.009749999999996817,0.0,0.009749999999996817,0.009749999999996817,50,3,51,Explotacion activa
988,9,GWO,poblacional,300.00000000000006,300.00000000000006,True,False,0.009749999999996817,0.0,0.009749999999996817,0.0,0.009749999999996817,0.009749999999996817,51,4,52,Explotacion activa
989,9,GWO,poblacional,300.00000000000006,300.00000000000006,True,False,0.009749999999996817,0.0,0.009749999999996817,0.0,0.009749999999996817,0.009749999999996817,52,5,53,Explotacion activa
990,9,GWO,poblacional,300.00000000000006,300.00000000000006,True,False,0.009749999999996817,0.0,0.009749999999996817,0.0,0.009749999999996817,0.009749999999996817,53,6,54,Explotacion activa
991,9,GWO,poblacional,300.00000000000006,300.00000000000006,True,False,0.009749999999996817,0.0,0.009749999999996817,0.0,0.009749999999996817,0.009749999999996817,54,7,55,Explotacion activa
992,9,GWO,poblacional,300.00000000000006,300.00000000000006,True,True,0.009749999999996817,0.0,0.009749999999996817,0.0,0.009749999999996817,0.009749999999996817,55,8,56,ESTANCAMIENTO (Fire)
993,10,PSO,poblacional,300.00000000000006,300.00000000000006,False,False,,,,,,,0,0,0,Llenando ventana
994,10,PSO,poblacional,300.00000000000006,300.00000000000006,False,False,,,,,,,0,0,0,Llenando ventana
995,10,PSO,poblacional,300.00000000000006,300.00000000000006,False,False,,,,,,,0,0,0,Llenando ventana
996,10,PSO,poblacional,300.00000000000006,300.00000000000006,False,False,,,,,,,0,0,0,Llenando ventana
997,10,PSO,poblacional,300.00000000000006,300.00000000000006,False,False,,,,,,,0,0,0,Llenando ventana
998,10,PSO,poblacional,300.00000000000006,300.00000000000006,False,False,,,,,,,0,0,0,Llenando ventana
999,10,PSO,poblacional,300.00000000000006,300.00000000000006,False,False,,,,,,,0,0,0,Llenando ventana
1000,10,PSO,poblacional,300.00000000000006,300.00000000000006,False,False,,,,,,,0,0,0,Llenando ventana
1001,10,PSO,poblacional,300.00000000000006,300.00000000000006,False,False,,,,,,,0,0,0,Llenando ventana
1002,10,PSO,poblacional,300.00000000000006,300.00000000000006,False,False,,,,,,,0,0,0,Llenando ventana
1003,10,PSO,poblacional,300.00000000000006,300.00000000000006,False,False,,,,,,,0,0,0,Llenando ventana
1004,10,PSO,poblacional,300.00000000000006,300.00000000000006,False,False,,,,,,,0,0,0,Llenando ventana
1005,10,PSO,poblacional,300.00000000000006,300.00000000000006,False,False,,,,,,,0,0,0,Llenando ventana
1006,10,PSO,poblacional,300.00000000000006,300.00000000000006,False,False,,,,,,,0,0,0,Llenando ventana
1007,10,PSO,poblacional,300.00000000000006,300.00000000000006,False,False,,,,,,,0,0,0,Llenando ventana
1008,10,PSO,poblacional,300.00000000000006,300.00000000000006,False,False,,,,,,,0,0,0,Llenando ventana
1009,10,PSO,poblacional,300.00000000000006,300.00000000000006,False,False,,,,,,,0,0,0,Llenando ventana
1010,10,PSO,poblacional,300.00000000000006,300.00000000000006,False,False,,,,,,,0,0,0,Llenando ventana
1011,10,PSO,poblacional,300.00000000000006,300.00000000000006,False,False,,,,,,,0,0,0,Llenando ventana
1012,10,PSO,poblacional,300.00000000000006,300.00000000000006,False,False,,,,,,,0,0,0,Llenando ventana
1013,10,PSO,poblacional,300.00000000000006,300.00000000000006,False,False,,,,,,,0,0,0,Llenando ventana
1014,10,PSO,poblacional,300.00000000000006,300.00000000000006,False,False,,,,,,,0,0,0,Llenando ventana
1015,10,PSO,poblacional,300.00000000000006,300.00000000000006,False,False,,,,,,,0,0,0,Llenando ventana
1016,10,PSO,poblacional,300.00000000000006,300.00000000000006,False,False,,,,,,,0,0,0,Llenando ventana
1017,10,PSO,poblacional,300.00000000000006,300.00000000000006,False,False,,,,,,,0,0,0,Llenando ventana
1018,10,PSO,poblacional,300.00000000000006,300.00000000000006,False,False,,,,,,,0,0,0,Llenando ventana
1019,10,PSO,poblacional,300.00000000000006,300.00000000000006,False,False,,,,,,,0,0,0,Llenando ventana
1020,10,PSO,poblacional,300.00000000000006,300.00000000000006,False,False,,,,,,,0,0,0,Llenando ventana
1021,10,PSO,poblacional,300.00000000000006,300.00000000000006,False,False,,,,,,,0,0,0,Llenando ventana
1022,10,PSO,poblacional,300.00000000000006,300.00000000000006,False,False,,,,,,,0,0,0,Llenando ventana
1023,10,PSO,poblacional,300.00000000000006,300.00000000000006,False,False,,,,,,,0,0,0,Llenando ventana
1024,10,PSO,poblacional,300.00000000000006,300.00000000000006,False,False,,,,,,,0,0,0,Llenando ventana
1025,10,PSO,poblacional,300.00000000000006,300.00000000000006,False,False,,,,,,,0,0,0,Llenando ventana
1026,10,PSO,poblacional,300.00000000000006,300.00000000000006,False,False,,,,,,,0,0,0,Llenando ventana
1027,10,PSO,poblacional,300.00000000000006,300.00000000000006,False,False,,,,,,,0,0,0,Llenando ventana
1028,10,PSO,poblacional,300.00000000000006,300.00000000000006,False,False,,,,,,,0,0,0,Llenando ventana
1029,10,PSO,poblacional,300.00000000000006,300.00000000000006,False,False,,,,,,,0,0,0,Llenando ventana
1030,10,PSO,poblacional,300.00000000000006,300.00000000000006,False,False,,,,,,,0,0,0,Llenando ventana
1031,10,PSO,poblacional,300.00000000000006,300.00000000000006,False,False,,,,,,,0,0,0,Llenando ventana
1032,10,PSO,poblacional,300.00000000000006,300.00000000000006,False,False,,,0.009749999999996817,,,,0,0,0,Llenando ventana
1033,10,PSO,poblacional,300.00000000000006,300.00000000000006,False,False,,,0.009749999999996817,,,,0,0,0,Llenando ventana
1034,10,PSO,poblacional,300.00000000000006,300.00000000000006,False,False,,,0.009749999999996817,,,,0,0,0,Llenando ventana
1035,10,PSO,poblacional,300.00000000000006,300.00000000000006,False,False,,,0.009749999999996817,,,,0,0,0,Llenando ventana
1036,10,PSO,poblacional,300.00000000000006,300.00000000000006,False,False,,,0.009749999999996817,,,,0,0,0,Llenando ventana
1037,10,PSO,poblacional,300.00000000000006,300.00000000000006,False,False,,,0.009749999999996817,,,,0,0,0,Llenando ventana
1038,10,PSO,poblacional,300.00000000000006,300.00000000000006,False,False,,,0.009749999999996817,,,,0,0,0,Llenando ventana
1039,10,PSO,poblacional,300.00000000000006,300.00000000000006,False,False,,,0.009749999999996817,,,,0,0,0,Llenando ventana
1040,10,PSO,poblacional,300.00000000000006,300.00000000000006,False,False,,,0.009749999999996817,,,,0,0,0,Llenando ventana
1041,10,PSO,poblacional,300.00000000000006,300.00000000000006,False,False,,,0.009749999999996817,,,,0,0,0,Llenando ventana
1042,10,PSO,poblacional,300.00000000000006,300.00000000000006,False,False,,,0.009749999999996817,,,,0,0,0,Llenando ventana
1043,10,PSO,poblacional,300.00000000000006,300.00000000000006,False,False,,,0.009749999999996817,,,,0,0,0,Llenando ventana
1044,10,PSO,poblacional,300.00000000000006,300.00000000000006,False,False,,,0.009749999999996817,,,,0,0,0,Llenando ventana
1045,10,PSO,poblacional,300.00000000000006,300.00000000000006,False,False,,,0.009749999999996817,,,,0,0,0,Llenando ventana
1046,10,PSO,poblacional,300.00000000000006,300.00000000000006,False,False,,,0.009749999999996817,,,,0,0,0,Llenando ventana
1047,10,PSO,poblacional,300.00000000000006,300.00000000000006,False,False,,,0.009749999999996817,,,,0,0,0,Llenando ventana
1048,10,PSO,poblacional,300.00000000000006,300.00000000000006,False,False,,,0.009749999999996817,,,,0,0,0,Llenando ventana
