iteracion,epoch,mh,tipo,fitness_best,fitness_instantaneo,dtw_ready,dtw_fire,D1_vs_ramp,D2_vs_const,dtw_delta,theta_c,theta_r,theta_delta,no_improve_len,trigger_streak,window_n,estado_dtw
1,1,GWO,poblacional,691126490.8337272,691126490.8337272,False,False,,,,,,,0,0,1,Llenando ventana
2,1,GWO,poblacional,691126490.8337272,691126490.8337272,False,False,,,,,,,1,0,2,Llenando ventana
3,1,GWO,poblacional,602590683.9237739,602590683.9237739,False,False,,,,,,,0,0,3,Llenando ventana
4,1,GWO,poblacional,63148150.419136934,63148150.419136934,False,False,,,,,,,0,0,4,Llenando ventana
5,1,GWO,poblacional,63148150.419136934,63148150.419136934,False,False,,,,,,,1,0,5,Llenando ventana
6,1,GWO,poblacional,27271706.108947977,27271706.108947977,False,False,,,,,,,0,0,6,Llenando ventana
7,1,GWO,poblacional,27271706.108947977,27271706.108947977,False,False,,,,,,,1,0,7,Llenando ventana
8,1,GWO,poblacional,27271706.108947977,27271706.108947977,False,False,,,,,,,2,0,8,Llenando ventana
9,1,GWO,poblacional,27271706.108947977,27271706.108947977,False,False,,,,,,,3,0,9,Llenando ventana
10,1,GWO,poblacional,27271706.108947977,27271706.108947977,False,False,,,,,,,4,0,10,Llenando ventana
11,1,GWO,poblacional,27271706.108947977,27271706.108947977,False,False,,,,,,,5,0,11,Llenando ventana
12,1,GWO,poblacional,27271706.108947977,27271706.108947977,False,False,,,,,,,6,0,12,Llenando ventana
13,1,GWO,poblacional,27271706.108947977,27271706.108947977,False,False,,,,,,,7,0,13,Llenando ventana
14,1,GWO,poblacional,27271706.108947977,27271706.108947977,False,False,,,,,,,8,0,14,Llenando ventana
15,1,GWO,poblacional,27271706.108947977,27271706.108947977,False,False,,,,,,,9,0,15,Llenando ventana
16,1,GWO,poblacional,27271706.108947977,27271706.108947977,False,False,,,,,,,10,0,16,Llenando ventana
17,1,GWO,poblacional,27271706.108947977,27271706.108947977,False,False,,,,,,,11,0,17,Llenando ventana
18,1,GWO,poblacional,27271706.108947977,27271706.108947977,False,False,,,,,,,12,0,18,Llenando ventana
19,1,GWO,poblacional,27271706.108947977,27271706.108947977,False,False,,,,,,,13,0,19,Llenando ventana
20,1,GWO,poblacional,15515500.708474608,15515500.708474608,False,False,,,,,,,0,0,20,Llenando ventana
21,1,GWO,poblacional,15515500.708474608,15515500.708474608,False,False,,,,,,,1,0,21,Llenando ventana
22,1,GWO,poblacional,15515500.708474608,15515500.708474608,False,False,,,,,,,2,0,22,Llenando ventana
23,1,GWO,poblacional,15515500.708474608,15515500.708474608,False,False,,,,,,,3,0,23,Llenando ventana
24,1,GWO,poblacional,15515500.708474608,15515500.708474608,False,False,,,,,,,4,0,24,Llenando ventana
25,1,GWO,poblacional,15515500.708474608,15515500.708474608,False,False,,,,,,,5,0,25,Llenando ventana
26,1,GWO,poblacional,15515500.708474608,15515500.708474608,False,False,,,,,,,6,0,26,Llenando ventana
27,1,GWO,poblacional,15515500.708474608,15515500.708474608,False,False,,,,,,,7,0,27,Llenando ventana
28,1,GWO,poblacional,15515500.708474608,15515500.708474608,False,False,,,,,,,8,0,28,Llenando ventana
29,1,GWO,poblacional,15515500.708474608,15515500.708474608,False,False,,,,,,,9,0,29,Llenando ventana
30,1,GWO,poblacional,15515500.708474608,15515500.708474608,True,False,680340267.0561296,675610990.1252527,4729276.930876851,3.0,15.0,9.0,10,0,30,Explotacion activa
31,1,GWO,poblacional,15515500.708474608,15515500.708474608,True,False,680340267.0561296,675610990.1252527,4729276.930876851,3.0,15.0,9.0,11,0,31,Explotacion activa
32,1,GWO,poblacional,15515500.708474608,15515500.708474608,True,False,591576092.9532834,587075183.2152994,4500909.737984061,3.0,15.0,9.0,12,0,32,Explotacion activa
33,1,GWO,poblacional,15515500.708474608,15515500.708474608,True,False,48029588.45825117,47632649.71066233,396938.7475888431,3.0,15.0,9.0,13,0,33,Explotacion activa
34,1,GWO,poblacional,15515500.708474608,15515500.708474608,True,False,48029588.45825117,47632649.71066233,396938.7475888431,3.0,15.0,9.0,14,0,34,Explotacion activa
35,1,GWO,poblacional,15515500.708474608,15515500.708474608,True,False,11862011.249077627,11756205.40047337,105805.84860425815,3.0,15.0,9.0,15,0,35,Explotacion activa
36,1,GWO,poblacional,15515500.708474608,15515500.708474608,True,False,11862011.249077627,11756205.40047337,105805.84860425815,3.0,15.0,9.0,16,0,36,Explotacion activa
37,1,GWO,poblacional,15515500.708474608,15515500.708474608,True,False,11862011.249077627,11756205.40047337,105805.84860425815,3.0,15.0,9.0,17,0,37,Explotacion activa
38,1,GWO,poblacional,15515500.708474608,15515500.708474608,True,False,11862011.249077627,11756205.40047337,105805.84860425815,3.0,15.0,9.0,18,0,38,Explotacion activa
39,1,GWO,poblacional,15515500.708474608,15515500.708474608,True,False,11862011.249077627,11756205.40047337,105805.84860425815,11756205.40047337,211093539.8067608,1628130.0447074077,19,0,39,Explotacion activa
40,1,GWO,poblacional,15515500.708474608,15515500.708474608,True,False,11862011.249077627,11756205.40047337,105805.84860425815,11756205.40047337,48029588.45825117,396938.7475888431,20,0,40,Explotacion activa
41,1,GWO,poblacional,15515500.708474608,15515500.708474608,True,False,11862011.249077627,11756205.40047337,105805.84860425815,11756205.40047337,48029588.45825117,396938.7475888431,21,0,41,Explotacion activa
42,1,GWO,poblacional,13582732.93228788,13582732.93228788,True,False,13803047.953132268,13688973.176660098,114074.7764721699,11756205.40047337,48029588.45825117,396938.7475888431,0,0,42,Explotacion activa
43,1,GWO,poblacional,9700094.06991828,9700094.06991828,True,False,17706327.73132892,17571612.039029695,134715.69229922444,11756205.40047337,48029588.45825117,396938.7475888431,0,0,43,Explotacion activa
44,1,GWO,poblacional,9700094.06991828,9700094.06991828,True,False,17706327.731328916,17571612.039029695,134715.6922992207,11756205.40047337,41964936.31286669,344494.1365309191,1,0,44,Explotacion activa
45,1,GWO,poblacional,9700094.06991828,9700094.06991828,True,False,17706327.731328916,17571612.039029695,134715.6922992207,11756205.40047337,32867958.094790045,265827.2199440338,2,0,45,Explotacion activa
46,1,GWO,poblacional,9700094.06991828,9700094.06991828,True,False,17706327.731328916,17571612.039029695,134715.6922992207,11756205.40047337,23770979.87671335,187160.303357148,3,0,46,Explotacion activa
47,1,GWO,poblacional,9247625.246311307,9247625.246311307,True,False,18150249.428675123,18024080.86263667,126168.56603845209,11756205.40047337,18105857.258940503,134715.69229922406,0,0,47,Explotacion activa
48,1,GWO,poblacional,9247625.246311307,9247625.246311307,True,False,18150249.428675123,18024080.86263667,126168.56603845209,11756205.40047337,18150249.428675123,134715.69229922295,1,0,48,Explotacion activa
49,1,GWO,poblacional,9247625.246311307,9247625.246311307,True,False,6315929.174039884,6267875.462163301,48053.711876582354,11756205.40047337,18150249.428675123,134715.69229922182,2,0,49,Explotacion activa
50,1,GWO,poblacional,9247625.246311307,9247625.246311307,True,False,6315929.174039884,6267875.462163301,48053.711876582354,11756205.40047337,18150249.428675123,134715.6922992207,3,0,50,Explotacion activa
51,1,GWO,poblacional,9247625.246311307,9247625.246311307,True,False,6315929.174039884,6267875.462163301,48053.711876582354,11756205.40047337,18017072.91947126,134715.6922992207,4,0,51,Explotacion activa
52,1,GWO,poblacional,9247625.246311307,9247625.246311307,True,False,6315929.174039884,6267875.462163301,48053.711876582354,11756205.40047337,17883896.4102674,134715.6922992207,5,0,52,Explotacion activa
53,1,GWO,poblacional,9247625.246311307,9247625.246311307,True,False,6315929.174039884,6267875.462163301,48053.711876582354,11756205.40047337,17750719.90106354,134715.6922992207,6,0,53,Explotacion activa
54,1,GWO,poblacional,9247625.246311307,9247625.246311307,True,False,6315929.174039884,6267875.462163301,48053.711876582354,11756205.40047337,17706327.73132892,134715.6922992207,7,0,54,Explotacion activa
55,1,GWO,poblacional,9247625.246311307,9247625.246311307,True,False,6315929.174039884,6267875.462163301,48053.711876582354,11756205.40047337,17706327.73132892,134715.6922992207,8,0,55,Explotacion activa
56,1,GWO,poblacional,9247625.246311307,9247625.246311307,True,False,6315929.174039884,6267875.462163301,48053.711876582354,10658539.412811354,17706327.731328916,134715.6922992207,9,0,56,Explotacion activa
57,1,GWO,poblacional,9247625.246311307,9247625.246311307,True,False,6315929.174039884,6267875.462163301,48053.711876582354,6816708.455994306,17706327.731328916,133860.97967314383,10,0,57,Explotacion activa
58,1,GWO,poblacional,9247625.246311307,9247625.246311307,True,False,6315929.174039884,6267875.462163301,48053.711876582354,6267875.462163301,17706327.731328916,131296.84179491326,11,0,58,Explotacion activa
59,1,GWO,poblacional,9247625.246311307,9247625.246311307,True,False,6315929.174039884,6267875.462163301,48053.711876582354,6267875.462163301,17706327.731328916,128732.70391668266,12,0,59,Explotacion activa
60,1,GWO,poblacional,9247625.246311307,9247625.246311307,True,False,6315929.174039884,6267875.462163301,48053.711876582354,6267875.462163301,17706327.731328916,126168.56603845209,13,0,60,Explotacion activa
61,1,GWO,poblacional,9247625.246311307,9247625.246311307,True,False,6315929.174039884,6267875.462163301,48053.711876582354,6267875.462163301,17706327.731328916,126168.56603845209,14,0,61,Explotacion activa
62,1,GWO,poblacional,9247625.246311307,9247625.246311307,True,False,6315929.174039884,6267875.462163301,48053.711876582354,6267875.462163301,17706327.731328916,126168.56603845209,15,0,62,Explotacion activa
63,1,GWO,poblacional,9247625.246311307,9247625.246311307,True,False,6315929.174039884,6267875.462163301,48053.711876582354,6267875.462163301,17706327.731328916,126168.56603845209,16,0,63,Explotacion activa
64,1,GWO,poblacional,9247625.246311307,9247625.246311307,True,False,6315929.174039884,6267875.462163301,48053.711876582354,6267875.462163301,16925671.775689576,123749.80812519562,17,0,64,Explotacion activa
65,1,GWO,poblacional,9247625.246311307,9247625.246311307,True,False,6315929.174039884,6267875.462163301,48053.711876582354,6267875.462163301,15754687.842230592,120121.671255311,18,0,65,Explotacion activa
66,1,GWO,poblacional,9247625.246311307,9247625.246311307,True,False,6315929.174039884,6267875.462163301,48053.711876582354,6267875.462163301,14583703.908771595,116493.53438542633,19,0,66,Explotacion activa
67,1,GWO,poblacional,9247625.246311307,9247625.246311307,True,False,6315929.174039884,6267875.462163301,48053.711876582354,6267875.462163301,13608944.282726802,113247.88368537872,20,0,67,Explotacion activa
68,1,GWO,poblacional,9247625.246311307,9247625.246311307,True,False,6315929.174039887,6267875.462163301,48053.71187658608,6267875.462163301,13026633.271510407,110767.20532500518,21,0,68,Explotacion activa
69,1,GWO,poblacional,9247625.246311307,9247625.246311307,True,False,6315929.174039887,6267875.462163301,48053.71187658608,6267875.462163301,12444322.260294015,108286.52696463166,22,0,69,Explotacion activa
70,1,GWO,poblacional,9247625.246311307,9247625.246311307,True,False,6315929.174039887,6267875.462163301,48053.71187658608,6267875.462163301,11862011.249077627,105805.84860425815,23,0,70,Explotacion activa
71,1,GWO,poblacional,9247625.246311307,9247625.246311307,True,False,4371233.583359711,4335107.685976572,36125.89738313854,6267875.462163301,11862011.249077627,105805.84860425815,24,0,71,Explotacion activa
72,1,GWO,poblacional,9247625.246311307,9247625.246311307,True,False,456541.0430194363,452468.8236069735,4072.219412462786,6267875.462163301,11862011.249077627,105805.84860425815,25,0,72,Explotacion activa
73,1,GWO,poblacional,9247625.246311307,9247625.246311307,True,False,456541.0430194363,452468.8236069735,4072.219412462786,6267875.462163301,11862011.249077627,105805.84860425815,26,0,73,Explotacion activa
74,1,GWO,poblacional,9247625.246311307,9247625.246311307,True,False,456541.0430194363,452468.8236069735,4072.219412462786,6267875.462163301,11862011.249077627,105805.84860425815,27,0,74,Explotacion activa
75,1,GWO,poblacional,9247625.246311307,9247625.246311307,True,False,456541.0430194363,452468.8236069735,4072.219412462786,6267875.462163301,11862011.249077627,105805.84860425815,28,0,75,Explotacion activa
76,1,GWO,poblacional,9247625.246311307,9247625.246311307,True,False,0.009666666388511658,0.0,0.009666666388511658,6267875.462163301,11862011.249077627,105805.84860425815,29,0,76,Explotacion activa
77,1,GWO,poblacional,9247625.246311307,9247625.246311307,True,False,0.009666666388511658,0.0,0.009666666388511658,6267875.462163301,11862011.249077627,105805.84860425815,30,0,77,Explotacion activa
78,1,GWO,poblacional,9247625.246311307,9247625.246311307,True,False,0.009666666388511658,0.0,0.009666666388511658,6267875.462163301,11862011.249077627,105805.84860425815,31,0,78,Explotacion activa
79,1,GWO,poblacional,6828740.817034184,6828740.817034184,True,False,2440654.389140618,2418884.429277123,21769.95986349508,6267875.462163301,11862011.249077627,105805.84860425815,0,0,79,Explotacion activa
80,1,GWO,poblacional,6828740.817034184,6828740.817034184,True,False,2440654.3891406143,2418884.429277123,21769.959863491356,6267875.462163301,11862011.249077627,105805.84860425815,1,0,80,Explotacion activa
81,1,GWO,poblacional,6828740.817034184,6828740.817034184,True,False,2440654.389140618,2418884.429277123,21769.95986349508,6267875.462163301,11862011.249077627,105805.84860425815,2,0,81,Explotacion activa
82,1,GWO,poblacional,6828740.817034184,6828740.817034184,True,False,2440654.3891406143,2418884.429277123,21769.959863491356,6267875.462163301,11862011.249077627,105805.84860425815,3,0,82,Explotacion activa
83,1,GWO,poblacional,6828740.817034184,6828740.817034184,True,False,2440654.3891406143,2418884.429277123,21769.959863491356,6267875.462163301,11862011.249077627,105805.84860425815,4,0,83,Explotacion activa
84,1,GWO,poblacional,6828740.817034184,6828740.817034184,True,False,2440654.3891406143,2418884.429277123,21769.959863491356,6267875.462163301,11862011.249077627,105805.84860425815,5,0,84,Explotacion activa
85,1,GWO,poblacional,6828740.817034184,6828740.817034184,True,False,2440654.3891406143,2418884.429277123,21769.959863491356,6267875.462163301,11862011.249077627,105805.84860425815,6,0,85,Explotacion activa
86,1,GWO,poblacional,6828740.817034184,6828740.817034184,True,False,2440654.389140618,2418884.429277123,21769.95986349508,6267875.462163301,11862011.249077627,105805.84860425815,7,0,86,Explotacion activa
87,1,GWO,poblacional,6828740.817034184,6828740.817034184,True,False,2440654.3891406143,2418884.429277123,21769.959863491356,6267875.462163301,11862011.249077627,105805.84860425815,8,0,87,Explotacion activa
88,1,GWO,poblacional,6828740.817034184,6828740.817034184,True,False,2440654.3891406143,2418884.429277123,21769.959863491356,5108214.796451261,11862011.249077627,105805.84860425815,9,0,88,Explotacion activa
89,1,GWO,poblacional,6828740.817034184,6828740.817034184,True,False,2440654.3891406143,2418884.429277123,21769.959863491356,3760240.708966736,11862011.249077627,105805.84860425815,10,0,89,Explotacion activa
90,1,GWO,poblacional,6828740.817034184,6828740.817034184,True,False,2440654.3891406143,2418884.429277123,21769.959863491356,2418884.429277123,11862011.249077627,105805.84860425815,11,0,90,Explotacion activa
91,1,GWO,poblacional,6828740.817034184,6828740.817034184,True,False,2440654.389140618,2418884.429277123,21769.95986349508,2418884.429277123,10198186.626566282,88480.20758595629,12,0,91,Explotacion activa
92,1,GWO,poblacional,6828740.817034184,6828740.817034184,True,False,2440654.3891406143,2418884.429277123,21769.959863491356,2418884.429277123,8534362.004054975,71154.56656765482,13,0,92,Explotacion activa
93,1,GWO,poblacional,6828740.817034184,6828740.817034184,True,False,2440654.3891406143,2418884.429277123,21769.959863491356,2418884.429277123,6870537.38154363,53828.925549352956,14,0,93,Explotacion activa
94,1,GWO,poblacional,6828740.817034184,6828740.817034184,True,False,2440654.3891406143,2418884.429277123,21769.959863491356,2418884.429277123,6315929.174039887,48053.71187658608,15,0,94,Explotacion activa
95,1,GWO,poblacional,6828740.817034184,6828740.817034184,True,False,2440654.3891406143,2418884.429277123,21769.959863491356,2418884.429277123,6315929.174039887,48053.71187658608,16,0,95,Explotacion activa
96,1,GWO,poblacional,6828740.817034184,6828740.817034184,True,False,2440654.389140618,2418884.429277123,21769.95986349508,2418884.429277123,6315929.174039887,48053.71187658608,17,0,96,Explotacion activa
97,1,GWO,poblacional,6828740.817034184,6828740.817034184,True,False,2440654.3891406143,2418884.429277123,21769.959863491356,2418884.429277123,6315929.174039887,48053.71187658608,18,0,97,Explotacion activa
98,1,GWO,poblacional,6828740.817034184,6828740.817034184,True,False,2440654.3891406143,2418884.429277123,21769.959863491356,2418884.429277123,6315929.174039887,48053.71187658608,19,0,98,Explotacion activa
99,1,GWO,poblacional,6828740.817034184,6828740.817034184,True,False,2440654.3891406143,2418884.429277123,21769.959863491356,2418884.429277123,6315929.174039887,48053.71187658608,20,0,99,Explotacion activa
100,1,GWO,poblacional,6828740.817034184,6828740.817034184,True,False,2440654.3891406143,2418884.429277123,21769.959863491356,2418884.429277123,6315929.174039887,48053.71187658608,21,0,100,Explotacion activa
101,1,GWO,poblacional,6828740.817034184,6828740.817034184,True,False,2440654.389140618,2418884.429277123,21769.95986349508,2418884.429277123,6315929.174039886,48053.71187658496,22,0,101,Explotacion activa
102,1,GWO,poblacional,6828740.817034184,6828740.817034184,True,False,2440654.3891406143,2418884.429277123,21769.959863491356,2418884.429277123,6315929.174039885,48053.711876583846,23,0,102,Explotacion activa
103,1,GWO,poblacional,6828740.817034184,6828740.817034184,True,False,2440654.3891406143,2418884.429277123,21769.959863491356,2418884.429277123,6315929.174039884,48053.711876582725,24,0,103,Explotacion activa
104,1,GWO,poblacional,6828740.817034184,6828740.817034184,True,False,2440654.3891406143,2418884.429277123,21769.959863491356,2418884.429277123,6315929.174039884,48053.711876582354,25,0,104,Explotacion activa
105,1,GWO,poblacional,6828740.817034184,6828740.817034184,True,False,2440654.3891406143,2418884.429277123,21769.959863491356,2418884.429277123,6315929.174039884,48053.711876582354,26,0,105,Explotacion activa
106,1,GWO,poblacional,6828740.817034184,6828740.817034184,True,False,2440654.389140618,2418884.429277123,21769.95986349508,2418884.429277123,6315929.174039884,48053.711876582354,27,0,106,Explotacion activa
107,1,GWO,poblacional,6828740.817034184,6828740.817034184,True,False,2440654.389140618,2418884.429277123,21769.95986349508,2418884.429277123,6315929.174039884,48053.711876582354,28,0,107,Explotacion activa
108,1,GWO,poblacional,6828740.817034184,6828740.817034184,True,False,0.009666666388511658,0.0,0.009666666388511658,2418884.429277123,6315929.174039884,48053.711876582354,29,0,108,Explotacion activa
109,1,GWO,poblacional,6828740.817034184,6828740.817034184,True,False,0.009666666388511658,0.0,0.009666666388511658,2418884.429277123,6315929.174039884,48053.711876582354,30,0,109,Explotacion activa
110,1,GWO,poblacional,6828740.817034184,6828740.817034184,True,False,0.009666666388511658,0.0,0.009666666388511658,2418884.429277123,6315929.174039884,48053.711876582354,31,0,110,Explotacion activa
111,1,GWO,poblacional,6828740.817034184,6828740.817034184,True,False,0.009666666388511658,0.0,0.009666666388511658,2418884.429277123,6315929.174039884,48053.711876582354,32,0,111,Explotacion activa
112,1,GWO,poblacional,6828740.817034184,6828740.817034184,True,False,0.009666666388511658,0.0,0.009666666388511658,2418884.429277123,6315929.174039884,48053.711876582354,33,0,112,Explotacion activa
113,1,GWO,poblacional,6828740.817034184,6828740.817034184,True,False,0.009666666388511658,0.0,0.009666666388511658,2418884.429277123,6315929.174039884,48053.711876582354,34,0,113,Explotacion activa
114,1,GWO,poblacional,6828740.817034184,6828740.817034184,True,False,0.009666666388511658,0.0,0.009666666388511658,2418884.429277123,6315929.174039884,48053.711876582354,35,0,114,Explotacion activa
115,1,GWO,poblacional,6828740.817034184,6828740.817034184,True,False,0.009666666388511658,0.0,0.009666666388511658,2418884.429277123,6315929.174039884,48053.711876582354,36,0,115,Explotacion activa
116,1,GWO,poblacional,6684600.881017581,6684600.881017581,True,False,145437.19544075336,144139.93601660337,1297.25942414999,2418884.429277123,6315929.174039884,48053.711876582354,0,0,116,Explotacion activa
117,1,GWO,poblacional,6684600.881017581,6684600.881017581,True,False,145437.1954407515,144139.93601660337,1297.2594241481274,2418884.429277123,6315929.174039884,48053.711876582354,1,0,117,Explotacion activa
118,1,GWO,poblacional,6684600.881017581,6684600.881017581,True,False,145437.1954407515,144139.93601660337,1297.2594241481274,2418884.429277123,6315929.174039884,48053.711876582354,2,0,118,Explotacion activa
119,1,GWO,poblacional,6684600.881017581,6684600.881017581,True,False,145437.1954407515,144139.93601660337,1297.2594241481274,2418884.429277123,6315929.174039884,48053.711876582354,3,0,119,Explotacion activa
120,1,GWO,poblacional,6684600.881017581,6684600.881017581,True,False,145437.1954407515,144139.93601660337,1297.2594241481274,2418884.429277123,6315929.174039884,48053.711876582354,4,0,120,Explotacion activa
121,1,GWO,poblacional,6684600.881017581,6684600.881017581,True,False,145437.1954407515,144139.93601660337,1297.2594241481274,2418884.429277123,6315929.174039884,48053.711876582354,5,0,121,Explotacion activa
122,1,GWO,poblacional,6684600.881017581,6684600.881017581,True,False,145437.19544075336,144139.93601660337,1297.25942414999,2418884.429277123,6315929.174039884,48053.711876582354,6,0,122,Explotacion activa
123,1,GWO,poblacional,6684600.881017581,6684600.881017581,True,False,145437.1954407515,144139.93601660337,1297.2594241481274,2418884.429277123,6315929.174039884,48053.711876582354,7,0,123,Explotacion activa
124,1,GWO,poblacional,6684600.881017581,6684600.881017581,True,False,145437.1954407515,144139.93601660337,1297.2594241481274,2418884.429277123,6315929.174039884,48053.711876582354,8,0,124,Explotacion activa
125,1,GWO,poblacional,3024373.3717682767,3024373.3717682767,True,False,3836070.5073097893,3804367.4452659073,31703.062043881975,2418884.429277123,6315929.174039884,48053.711876582354,0,0,125,Explotacion activa
126,1,GWO,poblacional,3024373.3717682767,3024373.3717682767,True,False,3836070.5073097874,3804367.4452659073,31703.062043880112,2418884.429277123,6315929.174039884,48053.711876582354,1,0,126,Explotacion activa
127,1,GWO,poblacional,3024373.3717682767,3024373.3717682767,True,False,3836070.5073097874,3804367.4452659073,31703.062043880112,2418884.429277123,6315929.174039884,48053.711876582354,2,0,127,Explotacion activa
128,1,GWO,poblacional,3024373.3717682767,3024373.3717682767,True,False,3836070.5073097874,3804367.4452659073,31703.062043880112,2418884.429277123,6315929.174039884,48053.711876582354,3,0,128,Explotacion activa
129,1,GWO,poblacional,3024373.3717682767,3024373.3717682767,True,False,3836070.5073097874,3804367.4452659073,31703.062043880112,2418884.429277123,6315929.174039884,48053.711876582354,4,0,129,Explotacion activa
130,1,GWO,poblacional,3024373.3717682767,3024373.3717682767,True,False,3836070.5073097893,3804367.4452659073,31703.062043881975,2418884.429277123,6315929.174039884,48053.711876582354,5,0,130,Explotacion activa
131,1,GWO,poblacional,3024373.3717682767,3024373.3717682767,True,False,3836070.5073097874,3804367.4452659073,31703.062043880112,2418884.429277123,6315929.174039884,48053.711876582354,6,0,131,Explotacion activa
132,1,GWO,poblacional,3024373.3717682767,3024373.3717682767,True,False,3836070.5073097874,3804367.4452659073,31703.062043880112,2418884.429277123,6315929.174039884,48053.711876582354,7,0,132,Explotacion activa
133,1,GWO,poblacional,3024373.3717682767,3024373.3717682767,True,False,3836070.5073097893,3804367.4452659073,31703.062043881975,2418884.429277123,6315929.174039884,48053.711876582354,8,0,133,Explotacion activa
134,1,GWO,poblacional,3024373.3717682767,3024373.3717682767,True,False,3836070.5073097874,3804367.4452659073,31703.062043880112,2418884.429277123,6315929.174039884,48053.711876582354,9,0,134,Explotacion activa
135,1,GWO,poblacional,3024373.3717682767,3024373.3717682767,True,False,3836070.5073097874,3804367.4452659073,31703.062043880112,2418884.429277123,6315929.174039884,48053.711876582354,10,0,135,Explotacion activa
136,1,GWO,poblacional,3024373.3717682767,3024373.3717682767,True,False,3836070.5073097893,3804367.4452659073,31703.062043881975,2418884.429277123,6315929.174039884,48053.711876582354,11,0,136,Explotacion activa
137,1,GWO,poblacional,3024373.3717682767,3024373.3717682767,True,False,3836070.5073097874,3804367.4452659073,31703.062043880112,2418884.429277123,6315929.174039884,48053.711876582354,12,0,137,Explotacion activa
138,1,GWO,poblacional,3024373.3717682767,3024373.3717682767,True,False,3836070.5073097874,3804367.4452659073,31703.062043880112,2418884.429277123,6315929.174039884,48053.711876582354,13,0,138,Explotacion activa
139,1,GWO,poblacional,3024373.3717682767,3024373.3717682767,True,False,3836070.5073097874,3804367.4452659073,31703.062043880112,2418884.429277123,6315929.174039884,48053.711876582354,14,0,139,Explotacion activa
140,1,GWO,poblacional,3024373.3717682767,3024373.3717682767,True,False,3836070.5073097874,3804367.4452659073,31703.062043880112,2418884.429277123,6315929.174039884,48053.711876582354,15,0,140,Explotacion activa
141,1,GWO,poblacional,3024373.3717682767,3024373.3717682767,True,False,3836070.5073097874,3804367.4452659073,31703.062043880112,2418884.429277123,6315929.174039884,48053.711876582354,16,0,141,Explotacion activa
142,1,GWO,poblacional,3024373.3717682767,3024373.3717682767,True,False,3836070.5073097874,3804367.4452659073,31703.062043880112,2418884.429277123,6315929.174039884,48053.711876582354,17,0,142,Explotacion activa
143,1,GWO,poblacional,3024373.3717682767,3024373.3717682767,True,False,3836070.5073097874,3804367.4452659073,31703.062043880112,2418884.429277123,6315929.174039884,48053.711876582354,18,0,143,Explotacion activa
144,1,GWO,poblacional,3024373.3717682767,3024373.3717682767,True,False,3836070.507309791,3804367.4452659073,31703.062043883838,2418884.429277123,6315929.174039884,48053.711876582354,19,0,144,Explotacion activa
145,1,GWO,poblacional,3024373.3717682767,3024373.3717682767,True,False,3693169.5568325478,3660227.509249304,32942.04758324381,2418884.429277123,6315929.174039884,48053.711876582354,20,0,145,Explotacion activa
146,1,GWO,poblacional,3024373.3717682767,3024373.3717682767,True,False,3693169.556832546,3660227.509249304,32942.04758324195,2418884.429277123,6315929.174039884,48053.711876582354,21,0,146,Explotacion activa
147,1,GWO,poblacional,3024373.3717682767,3024373.3717682767,True,False,3693169.556832546,3660227.509249304,32942.04758324195,2418884.429277123,6315929.174039884,48053.711876582354,22,0,147,Explotacion activa
148,1,GWO,poblacional,3024373.3717682767,3024373.3717682767,True,False,3693169.556832546,3660227.509249304,32942.04758324195,2418884.429277123,6315929.174039884,48053.711876582354,23,0,148,Explotacion activa
149,1,GWO,poblacional,3024373.3717682767,3024373.3717682767,True,False,3693169.556832546,3660227.509249304,32942.04758324195,2418884.429277123,6315929.174039884,48053.711876582354,24,0,149,Explotacion activa
150,1,GWO,poblacional,3024373.3717682767,3024373.3717682767,True,False,3693169.5568325478,3660227.509249304,32942.04758324381,2418884.429277123,6315929.174039884,48053.711876582354,25,0,150,Explotacion activa
151,1,GWO,poblacional,3024373.3717682767,3024373.3717682767,True,False,3693169.5568325478,3660227.509249304,32942.04758324381,2418884.429277123,6315929.174039884,48053.711876582354,26,0,151,Explotacion activa
152,1,GWO,poblacional,3024373.3717682767,3024373.3717682767,True,False,3693169.5568325478,3660227.509249304,32942.04758324381,2418884.429277123,6315929.174039884,48053.711876582354,27,0,152,Explotacion activa
153,1,GWO,poblacional,3024373.3717682767,3024373.3717682767,True,False,3693169.5568325478,3660227.509249304,32942.04758324381,2418884.429277123,6315929.174039884,48053.711876582354,28,0,153,Explotacion activa
154,1,GWO,poblacional,3024373.3717682767,3024373.3717682767,True,False,0.009666666854172945,0.0,0.009666666854172945,2418884.429277123,6315929.174039884,48053.711876582354,29,0,154,Explotacion activa
155,1,GWO,poblacional,3024373.3717682767,3024373.3717682767,True,False,0.009666666854172945,0.0,0.009666666854172945,2418884.429277123,6315929.174039884,48053.711876582354,30,0,155,Explotacion activa
156,1,GWO,poblacional,3024373.3717682767,3024373.3717682767,True,False,0.009666666854172945,0.0,0.009666666854172945,2418884.429277123,6315929.174039884,48053.711876582354,31,0,156,Explotacion activa
157,1,GWO,poblacional,3024373.3717682767,3024373.3717682767,True,False,0.009666666854172945,0.0,0.009666666854172945,2418884.429277123,6315929.174039884,48053.711876582354,32,0,157,Explotacion activa
158,1,GWO,poblacional,3024373.3717682767,3024373.3717682767,True,False,0.009666666854172945,0.0,0.009666666854172945,2418884.429277123,6315929.174039884,48053.711876582354,33,0,158,Explotacion activa
159,1,GWO,poblacional,3024373.3717682767,3024373.3717682767,True,False,0.009666666854172945,0.0,0.009666666854172945,2418884.429277123,6315929.174039884,48053.711876582354,34,0,159,Explotacion activa
160,1,GWO,poblacional,3024373.3717682767,3024373.3717682767,True,False,0.009666666854172945,0.0,0.009666666854172945,2418884.429277123,6315929.174039884,48053.711876582354,35,0,160,Explotacion activa
161,1,GWO,poblacional,3024373.3717682767,3024373.3717682767,True,False,0.009666666854172945,0.0,0.009666666854172945,2418884.429277123,6315929.174039884,48053.711876582354,36,0,161,Explotacion activa
162,1,GWO,poblacional,3024373.3717682767,3024373.3717682767,True,False,0.009666666854172945,0.0,0.009666666854172945,2418884.429277123,6315929.174039884,48053.711876582354,37,0,162,Explotacion activa
163,1,GWO,poblacional,3024373.3717682767,3024373.3717682767,True,False,0.009666666854172945,0.0,0.009666666854172945,2418884.429277123,6315929.174039884,48053.711876582354,38,0,163,Explotacion activa
164,1,GWO,poblacional,3024373.3717682767,3024373.3717682767,True,False,0.009666666854172945,0.0,0.009666666854172945,2418884.429277123,5926990.055903844,45668.14897789356,39,0,164,Explotacion activa
165,1,GWO,poblacional,3024373.3717682767,3024373.3717682767,True,False,0.009666666854172945,0.0,0.009666666854172945,2418884.429277123,5343581.378699797,42089.804629860446,40,0,165,Explotacion activa
166,1,GWO,poblacional,3024373.3717682767,3024373.3717682767,True,False,0.009666666854172945,0.0,0.009666666854172945,2418884.429277123,4760172.701495723,38511.46028182717,41,0,166,Explotacion activa
167,1,GWO,poblacional,3024373.3717682767,3024373.3717682767,True,False,0.009666666854172945,0.0,0.009666666854172945,2418884.429277123,4317717.275754714,35807.512403149034,42,0,167,Explotacion activa
168,1,GWO,poblacional,3024373.3717682767,3024373.3717682767,True,False,0.009666666854172945,0.0,0.009666666854172945,2418884.429277123,4157168.35293974,34852.357463180626,43,0,168,Explotacion activa
169,1,GWO,poblacional,3024373.3717682767,3024373.3717682767,True,False,0.009666666854172945,0.0,0.009666666854172945,2418884.429277123,3996619.4301247657,33897.20252321222,44,0,169,Explotacion activa
170,1,GWO,poblacional,3024373.3717682767,3024373.3717682767,True,False,0.009666666854172945,0.0,0.009666666854172945,2418884.429277123,3836070.507309791,32942.04758324381,45,0,170,Explotacion activa
171,1,GWO,poblacional,3024373.3717682767,3024373.3717682767,True,False,0.009666666854172945,0.0,0.009666666854172945,2418884.429277123,3836070.5073097907,32942.04758324381,46,0,171,Explotacion activa
172,1,GWO,poblacional,3024373.3717682767,3024373.3717682767,True,False,0.009666666854172945,0.0,0.009666666854172945,1632318.1870090659,3836070.5073097902,32942.04758324381,47,0,172,Explotacion activa
173,1,GWO,poblacional,3024373.3717682767,3024373.3717682767,True,False,0.009666666854172945,0.0,0.009666666854172945,452468.8236069735,3836070.5073097893,32942.04758324381,48,0,173,Explotacion activa
174,1,GWO,poblacional,3024373.3717682767,3024373.3717682767,True,False,0.009666666854172945,0.0,0.009666666854172945,452468.8236069735,3836070.5073097893,32942.04758324381,49,0,174,Explotacion activa
175,1,GWO,poblacional,3024373.3717682767,3024373.3717682767,True,False,0.009666666854172945,0.0,0.009666666854172945,452468.8236069735,3836070.5073097893,32942.04758324381,50,0,175,Explotacion activa
176,1,GWO,poblacional,3024373.3717682767,3024373.3717682767,True,False,0.009666666854172945,0.0,0.009666666854172945,452468.8236069735,3836070.5073097893,32942.04758324381,51,0,176,Explotacion activa
177,1,GWO,poblacional,3024373.3717682767,3024373.3717682767,True,False,0.009666666854172945,0.0,0.009666666854172945,452468.8236069735,3836070.5073097893,32942.04758324381,52,0,177,Explotacion activa
178,1,GWO,poblacional,3024373.3717682767,3024373.3717682767,True,False,0.009666666854172945,0.0,0.009666666854172945,267471.49105275096,3836070.5073097893,32942.04758324381,53,0,178,Explotacion activa
179,1,GWO,poblacional,3024373.3717682767,3024373.3717682767,True,False,0.009666666854172945,0.0,0.009666666854172945,144139.93601660337,3836070.5073097893,32942.04758324381,54,0,179,Explotacion activa
180,1,GWO,poblacional,3024373.3717682767,3024373.3717682767,True,False,0.009666666854172945,0.0,0.009666666854172945,144139.93601660337,3836070.5073097893,32942.04758324381,55,0,180,Explotacion activa
181,1,GWO,poblacional,3024373.3717682767,3024373.3717682767,True,False,0.009666666854172945,0.0,0.009666666854172945,144139.93601660337,3836070.5073097893,32942.04758324381,56,0,181,Explotacion activa
182,1,GWO,poblacional,3024373.3717682767,3024373.3717682767,True,False,0.009666666854172945,0.0,0.009666666854172945,144139.93601660337,3836070.5073097893,32942.04758324381,57,0,182,Explotacion activa
183,1,GWO,poblacional,3024373.3717682767,3024373.3717682767,True,False,0.009666666854172945,0.0,0.009666666854172945,144139.93601660337,3836070.5073097893,32942.04758324381,58,0,183,Explotacion activa
184,1,GWO,poblacional,3024373.3717682767,3024373.3717682767,True,False,0.009666666854172945,0.0,0.009666666854172945,144139.93601660337,3836070.507309789,32942.04758324344,59,0,184,Explotacion activa
185,1,GWO,poblacional,3024373.3717682767,3024373.3717682767,True,False,0.009666666854172945,0.0,0.009666666854172945,144139.93601660337,3836070.5073097884,32942.04758324288,60,0,185,Explotacion activa
186,1,GWO,poblacional,3024373.3717682767,3024373.3717682767,True,False,0.009666666854172945,0.0,0.009666666854172945,144139.93601660337,3836070.507309788,32942.04758324232,61,0,186,Explotacion activa
187,1,GWO,poblacional,3024373.3717682767,3024373.3717682767,True,False,0.009666666854172945,0.0,0.009666666854172945,144139.93601660337,3836070.5073097874,32942.04758324195,62,0,187,Explotacion activa
188,1,GWO,poblacional,1461573.713833387,1461573.713833387,True,False,1576864.8548563034,1562799.6579348897,14065.196921413764,144139.93601660337,3836070.5073097874,32942.04758324195,0,0,188,Explotacion activa
189,1,GWO,poblacional,1461573.713833387,1461573.713833387,True,False,1576864.8548563034,1562799.6579348897,14065.196921413764,144139.93601660337,3836070.5073097874,32942.04758324195,1,0,189,Explotacion activa
190,1,GWO,poblacional,1461573.713833387,1461573.713833387,True,False,1576864.8548563034,1562799.6579348897,14065.196921413764,144139.93601660337,3836070.5073097874,32942.04758324195,2,0,190,Explotacion activa
191,1,GWO,poblacional,1461573.713833387,1461573.713833387,True,False,1576864.8548563034,1562799.6579348897,14065.196921413764,144139.93601660337,3836070.5073097874,32942.04758324195,3,0,191,Explotacion activa
192,1,GWO,poblacional,1461573.713833387,1461573.713833387,True,False,1576864.8548563034,1562799.6579348897,14065.196921413764,144139.93601660337,3836070.5073097874,32942.04758324195,4,0,192,Explotacion activa
193,1,GWO,poblacional,1461573.713833387,1461573.713833387,True,False,1576864.8548563034,1562799.6579348897,14065.196921413764,144139.93601660337,3836070.5073097874,32942.04758324195,5,0,193,Explotacion activa
194,1,GWO,poblacional,1461573.713833387,1461573.713833387,True,False,1576864.8548563034,1562799.6579348897,14065.196921413764,144139.93601660337,3836070.5073097874,32942.04758324195,6,0,194,Explotacion activa
195,1,GWO,poblacional,1461573.713833387,1461573.713833387,True,False,1576864.8548563034,1562799.6579348897,14065.196921413764,144139.93601660337,3836070.5073097874,32942.04758324195,7,0,195,Explotacion activa
196,1,GWO,poblacional,1461573.713833387,1461573.713833387,True,False,1576864.8548563034,1562799.6579348897,14065.196921413764,144139.93601660337,3836070.5073097874,32942.04758324195,8,0,196,Explotacion activa
197,1,GWO,poblacional,1461573.713833387,1461573.713833387,True,False,1576864.8548563034,1562799.6579348897,14065.196921413764,144139.93601660337,3836070.5073097874,32818.14902930613,9,0,197,Explotacion activa
198,1,GWO,poblacional,1461573.713833387,1461573.713833387,True,False,1576864.8548563034,1562799.6579348897,14065.196921413764,144139.93601660337,3836070.5073097874,32446.453367498696,10,0,198,Explotacion activa
199,1,GWO,poblacional,1461573.713833387,1461573.713833387,True,False,1576864.8548563034,1562799.6579348897,14065.196921413764,144139.93601660337,3836070.5073097874,32074.757705691267,11,0,199,Explotacion activa
200,1,GWO,poblacional,1461573.713833387,1461573.713833387,True,False,1576864.8548563034,1562799.6579348897,14065.196921413764,144139.93601660337,3836070.5073097874,31703.062043883838,12,0,200,Explotacion activa
201,1,GWO,poblacional,1461573.713833387,1461573.713833387,True,False,1576864.8548563034,1562799.6579348897,14065.196921413764,144139.93601660337,3836070.5073097874,31703.062043883278,13,0,201,Explotacion activa
202,1,GWO,poblacional,1461573.713833387,1461573.713833387,True,False,1576864.8548563034,1562799.6579348897,14065.196921413764,144139.93601660337,3836070.5073097874,31703.06204388272,14,0,202,Explotacion activa
203,1,GWO,poblacional,1461573.713833387,1461573.713833387,True,False,1576864.8548563034,1562799.6579348897,14065.196921413764,144139.93601660337,3836070.5073097874,31703.06204388216,15,0,203,Explotacion activa
204,1,GWO,poblacional,1461573.713833387,1461573.713833387,True,False,1576864.8548563034,1562799.6579348897,14065.196921413764,144139.93601660337,3836070.5073097874,31703.062043881975,16,0,204,Explotacion activa
205,1,GWO,poblacional,1461573.713833387,1461573.713833387,True,False,1576864.8548563034,1562799.6579348897,14065.196921413764,144139.93601660337,3836070.5073097874,31703.062043881975,17,0,205,Explotacion activa
206,1,GWO,poblacional,1461573.713833387,1461573.713833387,True,False,1576864.8548563034,1562799.6579348897,14065.196921413764,144139.93601660337,3836070.5073097874,31703.062043881975,18,0,206,Explotacion activa
207,1,GWO,poblacional,1461573.713833387,1461573.713833387,True,False,1576864.8548563034,1562799.6579348897,14065.196921413764,174972.82477564082,3836070.5073097874,31703.062043881975,19,0,207,Explotacion activa
208,1,GWO,poblacional,1461573.713833387,1461573.713833387,True,False,1576864.8548563034,1562799.6579348897,14065.196921413764,267471.49105275096,3836070.5073097874,31703.062043881975,20,0,208,Explotacion activa
209,1,GWO,poblacional,1461573.713833387,1461573.713833387,True,False,1576864.8548563034,1562799.6579348897,14065.196921413764,359970.1573298612,3836070.5073097874,31703.062043881975,21,0,209,Explotacion activa
210,1,GWO,poblacional,1461573.713833387,1461573.713833387,True,False,1576864.8548563034,1562799.6579348897,14065.196921413764,452468.8236069735,3836070.5073097874,31703.062043881975,22,0,210,Explotacion activa
211,1,GWO,poblacional,1461573.713833387,1461573.713833387,True,False,1576864.8548563034,1562799.6579348897,14065.196921413764,452468.8236069735,3836070.5073097874,31703.062043881975,23,0,211,Explotacion activa
212,1,GWO,poblacional,1461573.713833387,1461573.713833387,True,False,1576864.8548563034,1562799.6579348897,14065.196921413764,452468.8236069735,3836070.5073097874,31703.062043881975,24,0,212,Explotacion activa
213,1,GWO,poblacional,1461573.713833387,1461573.713833387,True,False,1576864.8548563034,1562799.6579348897,14065.196921413764,452468.8236069735,3836070.5073097874,31703.062043881975,25,0,213,Explotacion activa
214,1,GWO,poblacional,1461573.713833387,1461573.713833387,True,False,1576864.8548563034,1562799.6579348897,14065.196921413764,452468.8236069735,3836070.5073097874,31703.062043881604,26,0,214,Explotacion activa
215,1,GWO,poblacional,1461573.713833387,1461573.713833387,True,False,1576864.8548563034,1562799.6579348897,14065.196921413764,452468.8236069735,3836070.5073097874,31703.062043881044,27,0,215,Explotacion activa
216,1,GWO,poblacional,1461573.713833387,1461573.713833387,True,False,1576864.8548563034,1562799.6579348897,14065.196921413764,452468.8236069735,3836070.5073097874,31703.062043880484,28,0,216,Explotacion activa
217,1,GWO,poblacional,1461573.713833387,1461573.713833387,True,False,0.009666666621342301,0.0,0.009666666621342301,452468.8236069735,3836070.5073097874,31703.062043880112,29,0,217,Explotacion activa
218,1,GWO,poblacional,1461573.713833387,1461573.713833387,True,False,0.009666666621342301,0.0,0.009666666621342301,452468.8236069735,3836070.5073097874,31703.062043880112,30,0,218,Explotacion activa
219,1,GWO,poblacional,1461573.713833387,1461573.713833387,True,False,0.009666666621342301,0.0,0.009666666621342301,359970.1573298612,3836070.5073097874,31703.062043880112,31,0,219,Explotacion activa
220,1,GWO,poblacional,1461573.713833387,1461573.713833387,True,False,0.009666666621342301,0.0,0.009666666621342301,144139.93601660337,3836070.5073097874,31703.062043880112,32,0,220,Explotacion activa
221,1,GWO,poblacional,1461573.713833387,1461573.713833387,True,False,0.009666666621342301,0.0,0.009666666621342301,144139.93601660337,3836070.5073097874,31703.062043880112,33,0,221,Explotacion activa
222,1,GWO,poblacional,1461573.713833387,1461573.713833387,True,False,0.009666666621342301,0.0,0.009666666621342301,144139.93601660337,3836070.5073097874,31703.062043880112,34,0,222,Explotacion activa
223,1,GWO,poblacional,1461573.713833387,1461573.713833387,True,False,0.009666666621342301,0.0,0.009666666621342301,144139.93601660337,3836070.5073097874,31703.062043880112,35,0,223,Explotacion activa
224,1,GWO,poblacional,1461573.713833387,1461573.713833387,True,False,0.009666666621342301,0.0,0.009666666621342301,144139.93601660337,3836070.5073097874,31703.062043880112,36,0,224,Explotacion activa
225,1,GWO,poblacional,1461573.713833387,1461573.713833387,True,False,0.009666666621342301,0.0,0.009666666621342301,144139.93601660337,3836070.5073097874,31703.062043880112,37,0,225,Explotacion activa
226,1,GWO,poblacional,1461573.713833387,1461573.713833387,True,False,0.009666666621342301,0.0,0.009666666621342301,144139.93601660337,3836070.5073097874,31703.062043880112,38,0,226,Explotacion activa
227,1,GWO,poblacional,1461573.713833387,1461573.713833387,True,False,0.009666666621342301,0.0,0.009666666621342301,144139.93601660337,3836070.5073097874,31703.062043880112,39,0,227,Explotacion activa
228,1,GWO,poblacional,1461573.713833387,1461573.713833387,True,False,0.009666666621342301,0.0,0.009666666621342301,144139.93601660337,3836070.5073097874,31703.062043880112,40,0,228,Explotacion activa
229,1,GWO,poblacional,1461573.713833387,1461573.713833387,True,False,0.009666666621342301,0.0,0.009666666621342301,144139.93601660337,3836070.5073097874,31703.062043880112,41,0,229,Explotacion activa
230,1,GWO,poblacional,1461573.713833387,1461573.713833387,True,False,0.009666666621342301,0.0,0.009666666621342301,144139.93601660337,3836070.5073097874,31703.062043880112,42,0,230,Explotacion activa
231,1,GWO,poblacional,1461573.713833387,1461573.713833387,True,False,0.009666666621342301,0.0,0.009666666621342301,144139.93601660337,3836070.5073097874,31703.062043880112,43,0,231,Explotacion activa
232,1,GWO,poblacional,1461573.713833387,1461573.713833387,True,False,0.009666666621342301,0.0,0.009666666621342301,86483.9616099612,3836070.5073097874,31703.062043880112,44,0,232,Explotacion activa
233,1,GWO,poblacional,1461573.713833387,1461573.713833387,True,False,0.009666666621342301,0.0,0.009666666621342301,0.0,3836070.5073097874,31703.062043880112,45,0,233,Explotacion activa
234,1,GWO,poblacional,1461573.713833387,1461573.713833387,True,False,0.009666666621342301,0.0,0.009666666621342301,0.0,3807490.317214337,31703.062043880112,46,0,234,Explotacion activa
235,1,GWO,poblacional,1461573.713833387,1461573.713833387,True,False,0.009666666621342301,0.0,0.009666666621342301,0.0,3764620.0320711676,31703.062043880112,47,0,235,Explotacion activa
236,1,GWO,poblacional,1219105.2591295396,1219105.2591295396,True,False,244650.67079618177,242468.4547038474,2182.2160923343617,0.0,3721749.7469279943,31703.062043880112,0,0,236,Explotacion activa
237,1,GWO,poblacional,1219105.2591295396,1219105.2591295396,True,False,244650.67079618177,242468.4547038474,2182.2160923343617,0.0,3693169.5568325478,31703.062043880112,1,0,237,Explotacion activa
238,1,GWO,poblacional,1219105.2591295396,1219105.2591295396,True,False,244650.67079618177,242468.4547038474,2182.2160923343617,0.0,3693169.5568325478,31703.062043880112,2,0,238,Explotacion activa
239,1,GWO,poblacional,1219105.2591295396,1219105.2591295396,True,False,244650.67079618177,242468.4547038474,2182.2160923343617,0.0,3693169.5568325478,31703.062043880112,3,0,239,Explotacion activa
240,1,GWO,poblacional,1219105.2591295396,1219105.2591295396,True,False,244650.67079618177,242468.4547038474,2182.2160923343617,0.0,3693169.5568325478,31703.062043880112,4,0,240,Explotacion activa
241,1,GWO,poblacional,1219105.2591295396,1219105.2591295396,True,False,244650.67079618224,242468.4547038474,2182.2160923348274,43241.9808049806,3693169.5568325478,31703.062043880112,5,0,241,Explotacion activa
242,1,GWO,poblacional,1219105.2591295396,1219105.2591295396,True,False,244650.67079618177,242468.4547038474,2182.2160923343617,86483.9616099612,3693169.5568325478,31703.062043880112,6,0,242,Explotacion activa
243,1,GWO,poblacional,1219105.2591295396,1219105.2591295396,True,False,244650.67079618177,242468.4547038474,2182.2160923343617,129725.94241494284,3693169.5568325478,31703.062043880112,7,0,243,Explotacion activa
244,1,GWO,poblacional,1219105.2591295396,1219105.2591295396,True,False,244650.67079618177,242468.4547038474,2182.2160923343617,144139.93601660337,3693169.5568325478,31703.062043880112,8,0,244,Explotacion activa
245,1,GWO,poblacional,1219105.2591295396,1219105.2591295396,True,False,244650.67079618177,242468.4547038474,2182.2160923343617,144139.93601660337,3693169.5568325478,31703.062043880112,9,0,245,Explotacion activa
246,1,GWO,poblacional,1219105.2591295396,1219105.2591295396,True,False,244650.67079618177,242468.4547038474,2182.2160923343617,144139.93601660337,3693169.5568325478,31703.062043880112,10,0,246,Explotacion activa
247,1,GWO,poblacional,244419.21524590426,244419.21524590426,True,False,1227297.4527423782,1217154.4985874826,10142.954154895619,144139.93601660337,3693169.5568325478,31703.062043880112,0,0,247,Explotacion activa
248,1,GWO,poblacional,244419.21524590426,244419.21524590426,True,False,1227297.4527423778,1217154.4985874826,10142.954154895153,144139.93601660337,3693169.5568325478,31703.062043880112,1,0,248,Explotacion activa
249,1,GWO,poblacional,244419.21524590426,244419.21524590426,True,False,1227297.4527423778,1217154.4985874826,10142.954154895153,144139.93601660337,3693169.5568325478,31703.062043880112,2,0,249,Explotacion activa
250,1,GWO,poblacional,244419.21524590426,244419.21524590426,True,False,1227297.452742378,1217154.4985874826,10142.954154895386,144139.93601660337,3693169.5568325478,31703.062043880112,3,0,250,Explotacion activa
251,1,GWO,poblacional,186330.4383557963,186330.4383557963,True,False,1285020.1405895858,1275243.2754775905,9776.865111995256,144139.93601660337,3693169.5568325473,31703.062043880112,0,0,251,Explotacion activa
252,1,GWO,poblacional,186330.4383557963,186330.4383557963,True,False,1285020.1405895853,1275243.2754775905,9776.86511199479,144139.93601660337,3693169.556832547,31703.062043880112,1,0,252,Explotacion activa
253,1,GWO,poblacional,186330.4383557963,186330.4383557963,True,False,1285020.1405895848,1275243.2754775905,9776.865111994324,144139.93601660337,3693169.556832546,31703.062043880112,2,0,253,Explotacion activa
254,1,GWO,poblacional,186330.4383557963,186330.4383557963,True,False,1285020.1405895853,1275243.2754775905,9776.86511199479,144139.93601660337,3693169.556832546,31703.062043880112,3,0,254,Explotacion activa
255,1,GWO,poblacional,186330.4383557963,186330.4383557963,True,False,1285020.1405895853,1275243.2754775905,9776.86511199479,144139.93601660337,3693169.556832546,31703.062043880112,4,0,255,Explotacion activa
256,1,GWO,poblacional,186330.4383557963,186330.4383557963,True,False,1285020.1405895853,1275243.2754775905,9776.86511199479,144139.93601660337,3693169.556832546,31703.062043880112,5,0,256,Explotacion activa
257,1,GWO,poblacional,186330.4383557963,186330.4383557963,True,False,1285020.1405895858,1275243.2754775905,9776.865111995256,144139.93601660337,3693169.556832546,31703.062043880112,6,0,257,Explotacion activa
258,1,GWO,poblacional,186330.4383557963,186330.4383557963,True,False,1285020.1405895858,1275243.2754775905,9776.865111995256,144139.93601660337,3693169.556832546,31703.062043880112,7,0,258,Explotacion activa
259,1,GWO,poblacional,186330.4383557963,186330.4383557963,True,False,1285020.1405895858,1275243.2754775905,9776.865111995256,144139.93601660337,3693169.556832546,31703.062043880112,8,0,259,Explotacion activa
260,1,GWO,poblacional,186330.4383557963,186330.4383557963,True,False,1285020.1405895858,1275243.2754775905,9776.865111995256,144139.93601660337,3693169.556832546,31703.062043880112,9,0,260,Explotacion activa
261,1,GWO,poblacional,186330.4383557963,186330.4383557963,True,False,1285020.1405895858,1275243.2754775905,9776.865111995256,144139.93601660337,3693169.556832546,31703.062043880112,10,0,261,Explotacion activa
262,1,GWO,poblacional,186330.4383557963,186330.4383557963,True,False,1285020.1405895858,1275243.2754775905,9776.865111995256,144139.93601660337,3693169.556832546,31703.062043880112,11,0,262,Explotacion activa
263,1,GWO,poblacional,186330.4383557963,186330.4383557963,True,False,1285020.1405895858,1275243.2754775905,9776.865111995256,144139.93601660337,3693169.556832546,31703.062043880112,12,0,263,Explotacion activa
264,1,GWO,poblacional,186330.4383557963,186330.4383557963,True,False,1285020.1405895858,1275243.2754775905,9776.865111995256,144139.93601660337,3442666.523294139,29716.441607802935,13,0,264,Explotacion activa
265,1,GWO,poblacional,186330.4383557963,186330.4383557963,True,False,1041381.2776135243,1032774.8207737433,8606.456839781022,144139.93601660337,3066911.9729865817,26736.510953687597,14,0,265,Explotacion activa
266,1,GWO,poblacional,186330.4383557963,186330.4383557963,True,False,1041381.2776135243,1032774.8207737433,8606.456839781022,144139.93601660337,2691157.4226789894,23756.580299571975,15,0,266,Explotacion activa
267,1,GWO,poblacional,186330.4383557963,186330.4383557963,True,False,1041381.2776135243,1032774.8207737433,8606.456839781022,144139.93601660337,2440654.389140618,21769.95986349508,16,0,267,Explotacion activa
268,1,GWO,poblacional,186330.4383557963,186330.4383557963,True,False,1041381.2776135243,1032774.8207737433,8606.456839781022,144139.93601660337,2440654.389140618,21769.95986349508,17,0,268,Explotacion activa
269,1,GWO,poblacional,186330.4383557963,186330.4383557963,True,False,1041381.2776135243,1032774.8207737433,8606.456839781022,144139.93601660337,2440654.389140618,21769.95986349508,18,0,269,Explotacion activa
270,1,GWO,poblacional,186330.4383557963,186330.4383557963,True,False,1041381.2776135243,1032774.8207737433,8606.456839781022,144139.93601660337,2440654.389140618,21769.95986349508,19,0,270,Explotacion activa
271,1,GWO,poblacional,186330.4383557963,186330.4383557963,True,False,1041381.2776135243,1032774.8207737433,8606.456839781022,173638.49162277632,2440654.389140618,21769.95986349508,20,0,271,Explotacion activa
272,1,GWO,poblacional,186330.4383557963,186330.4383557963,True,False,1041381.2776135243,1032774.8207737433,8606.456839781022,203137.04722894923,2440654.389140618,21769.95986349508,21,0,272,Explotacion activa
273,1,GWO,poblacional,186330.4383557963,186330.4383557963,True,False,1041381.2776135243,1032774.8207737433,8606.456839781022,232635.60283512218,2440654.389140618,21769.95986349508,22,0,273,Explotacion activa
274,1,GWO,poblacional,186330.4383557963,186330.4383557963,True,False,1041381.2776135243,1032774.8207737433,8606.456839781022,242468.4547038474,2440654.389140618,21769.95986349508,23,0,274,Explotacion activa
275,1,GWO,poblacional,186330.4383557963,186330.4383557963,True,False,1041381.2776135243,1032774.8207737433,8606.456839781022,242468.4547038474,2440654.389140618,21769.95986349508,24,0,275,Explotacion activa
276,1,GWO,poblacional,186330.4383557963,186330.4383557963,True,False,58611.57588211892,58088.776890107954,522.7989920109685,222802.75096639834,2440654.389140618,21769.95986349508,25,0,276,Explotacion activa
277,1,GWO,poblacional,186330.4383557963,186330.4383557963,True,False,58611.57588211892,58088.776890107954,522.7989920109685,153972.7878853272,2440654.389140618,21769.95986349508,26,0,277,Explotacion activa
278,1,GWO,poblacional,186330.4383557963,186330.4383557963,True,False,58611.57588211892,58088.776890107954,522.7989920109685,144139.93601660337,2440654.389140618,21769.95986349508,27,0,278,Explotacion activa
279,1,GWO,poblacional,186330.4383557963,186330.4383557963,True,False,58611.57588211892,58088.776890107954,522.7989920109685,144139.93601660337,2440654.389140618,21769.95986349508,28,0,279,Explotacion activa
280,1,GWO,poblacional,46800.67377106603,46800.67377106603,True,False,140785.53246599282,139529.76458473026,1255.7678812625527,144139.93601660337,2440654.389140618,21769.95986349508,0,0,280,Explotacion activa
281,1,GWO,poblacional,46800.67377106603,46800.67377106603,True,False,140785.53246599282,139529.76458473026,1255.7678812625527,144139.93601660337,2440654.389140618,21769.95986349508,1,0,281,Explotacion activa
282,1,GWO,poblacional,46800.67377106603,46800.67377106603,True,False,140785.53246599282,139529.76458473026,1255.7678812625527,144139.93601660337,2440654.389140618,21769.95986349508,2,0,282,Explotacion activa
283,1,GWO,poblacional,46800.67377106603,46800.67377106603,True,False,140785.53246599282,139529.76458473026,1255.7678812625527,144139.93601660337,2440654.389140618,21769.95986349508,3,0,283,Explotacion activa
284,1,GWO,poblacional,46800.67377106603,46800.67377106603,True,False,140785.53246599282,139529.76458473026,1255.7678812625527,144139.93601660337,2440654.389140618,21769.95986349508,4,0,284,Explotacion activa
285,1,GWO,poblacional,46800.67377106603,46800.67377106603,True,False,140785.53246599282,139529.76458473026,1255.7678812625527,144139.93601660337,2440654.389140618,21769.95986349508,5,0,285,Explotacion activa
286,1,GWO,poblacional,46800.67377106603,46800.67377106603,True,False,140785.53246599282,139529.76458473026,1255.7678812625527,144139.93601660337,2440654.389140618,21769.95986349508,6,0,286,Explotacion activa
287,1,GWO,poblacional,46800.67377106603,46800.67377106603,True,False,140785.53246599282,139529.76458473026,1255.7678812625527,144139.93601660337,2440654.389140618,21769.95986349508,7,0,287,Explotacion activa
288,1,GWO,poblacional,46800.67377106603,46800.67377106603,True,False,140785.53246599282,139529.76458473026,1255.7678812625527,144139.93601660337,2440654.389140618,21769.95986349508,8,0,288,Explotacion activa
289,1,GWO,poblacional,46800.67377106603,46800.67377106603,True,False,140785.53246599282,139529.76458473026,1255.7678812625527,142756.88458704145,2440654.389140618,21769.95986349508,9,0,289,Explotacion activa
290,1,GWO,poblacional,46800.67377106603,46800.67377106603,True,False,140785.53246599282,139529.76458473026,1255.7678812625527,139529.76458473026,2440654.389140618,21769.95986349508,10,0,290,Explotacion activa
291,1,GWO,poblacional,46800.67377106603,46800.67377106603,True,False,140785.53246599282,139529.76458473026,1255.7678812625527,139529.76458473026,2440654.389140617,21769.959863493965,11,0,291,Explotacion activa
292,1,GWO,poblacional,46800.67377106603,46800.67377106603,True,False,140785.53246599282,139529.76458473026,1255.7678812625527,139529.76458473026,2440654.3891406157,21769.959863492848,12,0,292,Explotacion activa
293,1,GWO,poblacional,46800.67377106603,46800.67377106603,True,False,140785.53246599282,139529.76458473026,1255.7678812625527,139529.76458473026,2440654.389140615,21769.959863491727,13,0,293,Explotacion activa
294,1,GWO,poblacional,46800.67377106603,46800.67377106603,True,False,140785.53246599282,139529.76458473026,1255.7678812625527,139529.76458473026,2440654.3891406143,21769.959863491356,14,0,294,Explotacion activa
295,1,GWO,poblacional,10077.121579660807,10077.121579660807,True,False,177722.09441593662,176253.31677613547,1468.7776398011483,139529.76458473026,2440654.3891406143,21769.959863491356,0,0,295,Explotacion activa
296,1,GWO,poblacional,10077.121579660807,10077.121579660807,True,False,177722.09441593653,176253.31677613547,1468.777639801061,139529.76458473026,2440654.3891406143,21769.959863491356,1,0,296,Explotacion activa
297,1,GWO,poblacional,10077.121579660807,10077.121579660807,True,False,177722.09441593656,176253.31677613547,1468.7776398010901,139529.76458473026,2440654.3891406143,21769.959863491356,2,0,297,Explotacion activa
298,1,GWO,poblacional,10077.121579660807,10077.121579660807,True,False,177722.09441593656,176253.31677613547,1468.7776398010901,139529.76458473026,2440654.3891406143,21769.959863491356,3,0,298,Explotacion activa
299,1,GWO,poblacional,9343.312667287046,9343.312667287046,True,False,178344.02698545443,176987.12568850923,1356.9012969452015,139529.76458473026,2440654.3891406143,21769.959863491356,0,0,299,Explotacion activa
300,1,GWO,poblacional,2928.6947703995147,2928.6947703995147,True,False,184685.5557904945,183401.74358539676,1283.8122050977254,139529.76458473026,2440654.3891406143,21769.959863491356,0,0,300,Explotacion activa
301,2,ACO,poblacional,2928.6947703995147,379868008.7590186,False,False,,,,,,,0,0,1,Llenando ventana
302,2,ACO,poblacional,2928.6947703995147,82685984.5691355,False,False,,,,,,,1,0,2,Llenando ventana
303,2,ACO,poblacional,2928.6947703995147,159008620.3169927,False,False,,,,,,,2,0,3,Llenando ventana
304,2,ACO,poblacional,2928.6947703995147,106589512.6766999,False,False,,,,,,,3,0,4,Llenando ventana
305,2,ACO,poblacional,2928.6947703995147,52418627.01011641,False,False,,,,,,,4,0,5,Llenando ventana
306,2,ACO,poblacional,2928.6947703995147,56319273.697393276,False,False,,,,,,,5,0,6,Llenando ventana
307,2,ACO,poblacional,2928.6947703995147,59531841.75657012,False,False,,,,,,,6,0,7,Llenando ventana
308,2,ACO,poblacional,2928.6947703995147,37755152.35930751,False,False,,,,,,,7,0,8,Llenando ventana
309,2,ACO,poblacional,2928.6947703995147,30773780.670701645,False,False,,,,,,,8,0,9,Llenando ventana
310,2,ACO,poblacional,2928.6947703995147,24858371.71469251,False,False,,,,,,,9,0,10,Llenando ventana
311,2,ACO,poblacional,2928.6947703995147,8119939.898461136,False,False,,,,,,,10,0,11,Llenando ventana
312,2,ACO,poblacional,2928.6947703995147,37726000.20515587,False,False,,,,,,,11,0,12,Llenando ventana
313,2,ACO,poblacional,2928.6947703995147,20219715.19015182,False,False,,,,,,,12,0,13,Llenando ventana
314,2,ACO,poblacional,2928.6947703995147,29060740.855502814,False,False,,,,,,,13,0,14,Llenando ventana
315,2,ACO,poblacional,2928.6947703995147,19835450.502788547,False,False,,,,,,,14,0,15,Llenando ventana
316,2,ACO,poblacional,2928.6947703995147,11352972.31454052,False,False,,,,,,,15,0,16,Llenando ventana
317,2,ACO,poblacional,2928.6947703995147,19908662.608174466,False,False,,,,,,,16,0,17,Llenando ventana
318,2,ACO,poblacional,2928.6947703995147,11137438.07343871,False,False,,,,,,,17,0,18,Llenando ventana
319,2,ACO,poblacional,2928.6947703995147,8746696.276858507,False,False,,,,,,,18,0,19,Llenando ventana
320,2,ACO,poblacional,2928.6947703995147,26734336.04736271,False,False,,,,,,,19,0,20,Llenando ventana
321,2,ACO,poblacional,2928.6947703995147,12101674.511936517,False,False,,,,,,,20,0,21,Llenando ventana
322,2,ACO,poblacional,2928.6947703995147,8298572.21754619,False,False,,,,,,,21,0,22,Llenando ventana
323,2,ACO,poblacional,2928.6947703995147,8856301.761501344,False,False,,,,,,,22,0,23,Llenando ventana
324,2,ACO,poblacional,2928.6947703995147,6817410.356858247,False,False,,,,,,,23,0,24,Llenando ventana
325,2,ACO,poblacional,2928.6947703995147,4302045.326935579,False,False,,,,,,,24,0,25,Llenando ventana
326,2,ACO,poblacional,2928.6947703995147,8211920.0287661925,False,False,,,,,,,25,0,26,Llenando ventana
327,2,ACO,poblacional,2928.6947703995147,14836533.548722306,False,False,,,,,,,26,0,27,Llenando ventana
328,2,ACO,poblacional,2928.6947703995147,6613177.432855529,False,False,,,,,,,27,0,28,Llenando ventana
329,2,ACO,poblacional,2928.6947703995147,13335371.742806016,False,False,,,,,,,28,0,29,Llenando ventana
330,2,ACO,poblacional,2928.6947703995147,7213713.999317797,True,False,0.009666666666817036,0.0,0.009666666666817036,3.0,15.0,9.0,29,0,30,Explotacion activa
331,2,ACO,poblacional,2928.6947703995147,12184321.83834415,True,False,0.009666666666817036,0.0,0.009666666666817036,3.0,15.0,9.0,30,0,31,Explotacion activa
332,2,ACO,poblacional,2928.6947703995147,11577595.046167277,True,False,0.009666666666817036,0.0,0.009666666666817036,3.0,15.0,9.0,31,0,32,Explotacion activa
333,2,ACO,poblacional,2928.6947703995147,379022.0355600812,True,False,0.009666666666817036,0.0,0.009666666666817036,3.0,15.0,9.0,32,0,33,Explotacion activa
334,2,ACO,poblacional,2928.6947703995147,6109860.9084206,True,False,0.009666666666817036,0.0,0.009666666666817036,3.0,15.0,9.0,33,0,34,Explotacion activa
335,2,ACO,poblacional,2928.6947703995147,10053219.477975324,True,False,0.009666666666817036,0.0,0.009666666666817036,3.0,15.0,9.0,34,0,35,Explotacion activa
336,2,ACO,poblacional,2928.6947703995147,3050083.7170645916,True,False,0.009666666666817036,0.0,0.009666666666817036,3.0,15.0,9.0,35,0,36,Explotacion activa
337,2,ACO,poblacional,2928.6947703995147,606168.8502436972,True,False,0.009666666666817036,0.0,0.009666666666817036,3.0,15.0,9.0,36,0,37,Explotacion activa
338,2,ACO,poblacional,2928.6947703995147,101196.90084315721,True,False,0.009666666666817036,0.0,0.009666666666817036,3.0,15.0,9.0,37,0,38,Explotacion activa
339,2,ACO,poblacional,2928.6947703995147,20197150.42224668,True,False,0.009666666666817036,0.0,0.009666666666817036,0.0,0.009666666666817036,0.009666666666817036,38,1,39,Explotacion activa
340,2,ACO,poblacional,2928.6947703995147,4680382.864353603,True,False,0.009666666666817036,0.0,0.009666666666817036,0.0,0.009666666666817036,0.009666666666817036,39,2,40,Explotacion activa
341,2,ACO,poblacional,2928.6947703995147,40949039.68083708,True,True,0.009666666666817036,0.0,0.009666666666817036,0.0,0.009666666666817036,0.009666666666817036,40,3,41,ESTANCAMIENTO (Fire)
342,3,PSO,poblacional,2928.6947703995147,2928.6947703995147,False,False,,,,,,,0,0,0,Llenando ventana
343,3,PSO,poblacional,2928.6947703995147,2928.6947703995147,False,False,,,,,,,0,0,0,Llenando ventana
344,3,PSO,poblacional,2928.6947703995147,2928.6947703995147,False,False,,,,,,,0,0,0,Llenando ventana
345,3,PSO,poblacional,2928.6947703995147,2928.6947703995147,False,False,,,,,,,0,0,0,Llenando ventana
346,3,PSO,poblacional,2928.6947703995147,2928.6947703995147,False,False,,,,,,,0,0,0,Llenando ventana
347,3,PSO,poblacional,2928.6947703995147,2928.6947703995147,False,False,,,,,,,0,0,0,Llenando ventana
348,3,PSO,poblacional,2928.6947703995147,2928.6947703995147,False,False,,,,,,,0,0,0,Llenando ventana
349,3,PSO,poblacional,2928.6947703995147,2928.6947703995147,False,False,,,,,,,0,0,0,Llenando ventana
350,3,PSO,poblacional,2928.6947703995147,2928.6947703995147,False,False,,,,,,,0,0,0,Llenando ventana
351,3,PSO,poblacional,2928.6947703995147,2928.6947703995147,False,False,,,,,,,0,0,0,Llenando ventana
352,3,PSO,poblacional,2928.6947703995147,2928.6947703995147,False,False,,,,,,,0,0,0,Llenando ventana
353,3,PSO,poblacional,2928.6947703995147,2928.6947703995147,False,False,,,,,,,0,0,0,Llenando ventana
354,3,PSO,poblacional,2928.6947703995147,2928.6947703995147,False,False,,,,,,,0,0,0,Llenando ventana
355,3,PSO,poblacional,2928.6947703995147,2928.6947703995147,False,False,,,,,,,0,0,0,Llenando ventana
356,3,PSO,poblacional,2889.9128998628285,2889.9128998628285,False,False,,,,,,,0,0,0,Llenando ventana
357,3,PSO,poblacional,2726.076080781836,2726.076080781836,False,False,,,,,,,0,0,0,Llenando ventana
358,3,PSO,poblacional,2726.076080781836,3790.125335051904,False,False,,,,,,,0,0,0,Llenando ventana
359,3,PSO,poblacional,2644.2415402027323,2644.2415402027323,False,False,,,,,,,0,0,0,Llenando ventana
360,3,PSO,poblacional,2644.2415402027323,2649.9700552151717,False,False,,,,,,,0,0,0,Llenando ventana
361,3,PSO,poblacional,2103.6898751176823,2103.6898751176823,False,False,,,,,,,0,0,0,Llenando ventana
362,3,PSO,poblacional,2103.6898751176823,2661.5323689787756,False,False,,,,,,,0,0,0,Llenando ventana
363,3,PSO,poblacional,2103.6898751176823,2354.539520349512,False,False,,,,,,,0,0,0,Llenando ventana
364,3,PSO,poblacional,1950.8989648851993,1950.8989648851993,False,False,,,,,,,0,0,0,Llenando ventana
365,3,PSO,poblacional,1950.8989648851993,2392.4796490679464,False,False,,,,,,,0,0,0,Llenando ventana
366,3,PSO,poblacional,1950.8989648851993,2068.8330163542255,False,False,,,,,,,0,0,0,Llenando ventana
367,3,PSO,poblacional,1923.9764167731137,1923.9764167731137,False,False,,,,,,,0,0,0,Llenando ventana
368,3,PSO,poblacional,1923.9764167731137,1959.507614578107,False,False,,,,,,,0,0,0,Llenando ventana
369,3,PSO,poblacional,1923.9764167731137,1992.466655652123,False,False,,,,,,,0,0,0,Llenando ventana
370,3,PSO,poblacional,1923.9764167731137,2048.7384640499517,False,False,,,,,,,0,0,0,Llenando ventana
371,3,PSO,poblacional,1910.3523026581224,1910.3523026581224,False,False,,,5.091712338706202,,,,0,0,0,Llenando ventana
372,3,PSO,poblacional,1910.3523026581224,1942.903446543623,False,False,,,5.091712338706202,,,,0,0,0,Llenando ventana
373,3,PSO,poblacional,1904.681700109456,1904.681700109456,False,False,,,4.4373899712568345,,,,0,0,0,Llenando ventana
374,3,PSO,poblacional,1904.681700109456,1942.841930686885,False,False,,,4.4373899712568345,,,,0,0,0,Llenando ventana
375,3,PSO,poblacional,1904.681700109456,1908.303389104148,False,False,,,4.4373899712568345,,,,0,0,0,Llenando ventana
376,3,PSO,poblacional,1904.681700109456,1916.922334011806,False,False,,,4.4373899712568345,,,,0,0,0,Llenando ventana
377,3,PSO,poblacional,1904.681700109456,1904.7122926553157,False,False,,,4.4373899712568345,,,,0,0,0,Llenando ventana
378,3,PSO,poblacional,1904.681700109456,1910.2951281964372,False,False,,,4.4373899712568345,,,,0,0,0,Llenando ventana
379,3,PSO,poblacional,1904.681700109456,1907.3846970854747,False,False,,,4.4373899712568345,,,,0,0,0,Llenando ventana
380,3,PSO,poblacional,1900.9289505380284,1900.9289505380284,False,False,,,3.7684746728232312,,,,0,0,0,Llenando ventana
381,3,PSO,poblacional,1900.9289505380284,1904.0055998402056,False,False,,,3.7684746728232312,,,,0,0,0,Llenando ventana
382,3,PSO,poblacional,1900.9289505380284,1969.5060934815215,False,False,,,3.7684746728232312,,,,0,0,0,Llenando ventana
383,3,PSO,poblacional,1889.8355842573333,1889.8355842573333,False,False,,,3.116577558424524,,,,0,0,0,Llenando ventana
384,3,PSO,poblacional,1889.8355842573333,1891.282814374689,False,False,,,3.116577558424524,,,,0,0,0,Llenando ventana
385,3,PSO,poblacional,1889.8355842573333,1895.069341125154,False,False,,,3.6669501572187073,,,,0,0,0,Llenando ventana
386,3,PSO,poblacional,1889.8355842573333,1892.453279653499,False,False,,,3.623708818272007,,,,0,0,0,Llenando ventana
387,3,PSO,poblacional,1889.8355842573333,1896.5588304029773,False,False,,,3.6237088182729167,,,,0,0,0,Llenando ventana
388,3,PSO,poblacional,1889.3616927423677,1889.3616927423677,False,False,,,3.2417842889885833,,,,0,0,0,Llenando ventana
389,3,PSO,poblacional,1889.3616927423677,1889.8013052589545,False,False,,,3.2711460056639226,,,,0,0,0,Llenando ventana
390,3,PSO,poblacional,1889.3616927423677,1892.550810044574,False,False,,,1.0716409118749652,,,,0,0,0,Llenando ventana
391,3,PSO,poblacional,1889.3616927423677,1890.3244157701624,False,False,,,1.0716409118758747,,,,0,0,0,Llenando ventana
392,3,PSO,poblacional,1889.3616927423677,1895.1341946555726,False,False,,,1.0716409118776937,,,,0,0,0,Llenando ventana
393,3,PSO,poblacional,1889.3616927423677,1889.9485843176105,False,False,,,0.3487112088091635,,,,0,0,0,Llenando ventana
394,3,PSO,poblacional,1889.3616927423677,1890.129228265761,False,False,,,0.3487112088091635,,,,0,0,0,Llenando ventana
395,3,PSO,poblacional,1888.0427144355924,1888.0427144355924,False,False,,,0.3142812522487475,,,,0,0,0,Llenando ventana
396,3,PSO,poblacional,1888.0427144355924,1891.0745986207294,False,False,,,0.20362431324520003,,,,0,0,0,Llenando ventana
397,3,PSO,poblacional,1887.8019691178993,1887.8019691178993,False,False,,,0.18087223827501475,,,,0,0,0,Llenando ventana
398,3,PSO,poblacional,1887.8019691178993,1888.917065397271,False,False,,,0.1808722382754695,,,,0,0,0,Llenando ventana
399,3,PSO,poblacional,1887.8019691178993,1888.2972722250981,False,False,,,0.180872238276379,,,,0,0,0,Llenando ventana
400,3,PSO,poblacional,1887.8019691178993,1888.434765690816,False,False,,,0.1277852233934027,,,,0,0,0,Llenando ventana
401,3,PSO,poblacional,1887.8019691178993,1887.8286882297061,False,False,,,0.1277852233934027,,,,0,0,0,Llenando ventana
402,3,PSO,poblacional,1887.8019691178993,1888.1619843706535,False,False,,,0.10690496294637342,,,,0,0,0,Llenando ventana
403,3,PSO,poblacional,1887.8019691178993,1887.9347545589,False,False,,,0.10690496294637342,,,,0,0,0,Llenando ventana
404,3,PSO,poblacional,1887.8019691178993,1887.9621593537936,False,False,,,0.10690496294637342,,,,0,0,0,Llenando ventana
405,3,PSO,poblacional,1887.8019691178993,1887.812555592221,False,False,,,0.10690496294637342,,,,0,0,0,Llenando ventana
406,3,PSO,poblacional,1887.8019691178993,1887.9016076885746,False,False,,,0.10690496294637342,,,,0,0,0,Llenando ventana
407,3,PSO,poblacional,1887.7762665942669,1887.7762665942669,False,False,,,0.09579745658584216,,,,0,0,0,Llenando ventana
408,3,PSO,poblacional,1887.7762665942669,1887.7831800997737,False,False,,,0.09579745658584216,,,,0,0,0,Llenando ventana
409,3,PSO,poblacional,1887.7762665942669,1887.7819535310134,False,False,,,0.08330033164338602,,,,0,0,0,Llenando ventana
410,3,PSO,poblacional,1887.7762665942669,1887.7771158160303,False,False,,,0.08330033164338602,,,,0,0,0,Llenando ventana
411,3,PSO,poblacional,1887.7642323889481,1887.7642323889481,False,False,,,0.07460006951214382,,,,0,0,0,Llenando ventana
412,3,PSO,poblacional,1887.7642323889481,1887.7678048577056,False,False,,,0.013118561832470732,,,,0,0,0,Llenando ventana
413,3,PSO,poblacional,1887.7571669561953,1887.7571669561953,False,False,,,0.011777698039168172,,,,0,0,0,Llenando ventana
414,3,PSO,poblacional,1887.7571669561953,1887.757502583897,False,False,,,0.011777698039168172,,,,0,0,0,Llenando ventana
415,3,PSO,poblacional,1887.7568588619395,1887.7568588619395,False,False,,,0.010855161139033953,,,,0,0,0,Llenando ventana
416,3,PSO,poblacional,1887.7568588619395,1887.757576908641,False,False,,,0.011163255394876614,,,,0,0,0,Llenando ventana
417,3,PSO,poblacional,1887.7515530580658,1887.7515530580658,False,False,,,0.007583653599340323,,,,0,0,0,Llenando ventana
418,3,PSO,poblacional,1887.7515530580658,1887.7538932547532,False,False,,,0.007583653597521334,,,,0,0,0,Llenando ventana
419,3,PSO,poblacional,1887.7515530580658,1887.7531624005017,False,False,,,0.007583653598430828,,,,0,0,0,Llenando ventana
420,3,PSO,poblacional,1887.7515530580658,1887.7518176753617,False,False,,,0.007583653599340323,,,,0,0,0,Llenando ventana
421,3,PSO,poblacional,1887.7515530580658,1887.7524366712914,False,False,,,0.007891747854728237,,,,0,0,0,Llenando ventana
422,3,PSO,poblacional,1887.7515512520831,1887.7515512520831,False,False,,,0.008196240378765651,,,,0,0,0,Llenando ventana
423,3,PSO,poblacional,1887.7515512520831,1887.7530073823734,False,False,,,0.008504334634608313,,,,0,0,0,Llenando ventana
424,3,PSO,poblacional,1887.7515512520831,1887.7517463738968,False,False,,,0.005405438600064372,,,,0,0,0,Llenando ventana
425,3,PSO,poblacional,1887.7512888716774,1887.7512888716774,False,False,,,0.0049311559437228425,,,,0,0,0,Llenando ventana
426,3,PSO,poblacional,1887.7512888716774,1887.7518075440587,False,False,,,0.004931155943268095,,,,0,0,0,Llenando ventana
427,3,PSO,poblacional,1887.7512888716774,1887.751730027874,False,False,,,0.004931155944632337,,,,0,0,0,Llenando ventana
428,3,PSO,poblacional,1887.7512888716774,1887.7515616312644,False,False,,,0.0049311559437228425,,,,0,0,0,Llenando ventana
429,3,PSO,poblacional,1887.7512888716774,1887.7524302938655,False,False,,,0.004931155943268095,,,,0,0,0,Llenando ventana
430,3,PSO,poblacional,1887.7512888716774,1887.7527347152736,False,False,,,0.00493115594417759,,,,0,0,0,Llenando ventana
431,3,PSO,poblacional,1887.7512888716774,1887.7516991657808,False,False,,,0.00493115594417759,,,,0,0,0,Llenando ventana
432,3,PSO,poblacional,1887.7512888716774,1887.751312518974,False,False,,,0.004931155943268095,,,,0,0,0,Llenando ventana
433,3,PSO,poblacional,1887.7512888716774,1887.751932544505,False,False,,,0.0052392501991107565,,,,0,0,0,Llenando ventana
434,3,PSO,poblacional,1887.7512888716774,1887.751539528357,False,False,,,0.005547344455408165,,,,0,0,0,Llenando ventana
435,3,PSO,poblacional,1887.7512888716774,1887.7513766793966,False,False,,,0.005597822610525327,,,,0,0,0,Llenando ventana
436,3,PSO,poblacional,1887.7512888716774,1887.7514083185245,False,False,,,0.00559782261007058,,,,0,0,0,Llenando ventana
437,3,PSO,poblacional,1887.7512799272001,1887.7512799272001,False,False,,,0.005888027911851168,,,,0,0,0,Llenando ventana
438,3,PSO,poblacional,1887.7512799272001,1887.7513606592483,False,False,,,0.006196122167239082,,,,0,0,0,Llenando ventana
439,3,PSO,poblacional,1887.7512775117498,1887.7512775117498,False,False,,,0.006499385522374723,,,,0,0,0,Llenando ventana
440,3,PSO,poblacional,1887.751247956675,1887.751247956675,False,False,,,0.006798847784011741,,,,0,0,0,Llenando ventana
441,3,PSO,poblacional,1887.751247956675,1887.7513823209576,False,False,,,0.007106942039399655,,,,0,0,0,Llenando ventana
442,3,PSO,poblacional,1887.751247956675,1887.751251448938,False,False,,,0.007465514450359478,,,,0,0,0,Llenando ventana
443,3,PSO,poblacional,1887.751247956675,1887.7512539355148,False,False,,,0.00777360870620214,,,,0,0,0,Llenando ventana
444,3,PSO,poblacional,1887.751247956675,1887.7512544804997,False,False,,,0.008127416812158117,,,,0,0,0,Llenando ventana
445,3,PSO,poblacional,1887.7512464635645,1887.7512464635645,False,False,,,0.008266336446695277,,,,0,0,0,Llenando ventana
446,3,PSO,poblacional,1887.7512464635645,1887.7512475822275,False,False,,,0.008266336446695277,,,,0,0,0,Llenando ventana
447,3,PSO,poblacional,1887.7512410939976,1887.7512410939976,False,False,,,0.008255597312881946,,,,0,0,0,Llenando ventana
448,3,PSO,poblacional,1887.751236282502,1887.751236282502,False,False,,,0.008249586287320199,,,,0,0,0,Llenando ventana
449,3,PSO,poblacional,1887.751236282502,1887.7513328899743,False,False,,,0.008249586287320199,,,,0,0,0,Llenando ventana
450,3,PSO,poblacional,1887.7512245574749,1887.7512245574749,False,False,,,0.008226136232906356,,,,0,0,0,Llenando ventana
451,3,PSO,poblacional,1887.7512097471888,1887.7512097471888,False,False,,,0.008458896066485977,,,,0,0,0,Llenando ventana
452,3,PSO,poblacional,1887.7512097471888,1887.7512173099967,False,False,,,0.008721276472215322,,,,0,0,0,Llenando ventana
453,3,PSO,poblacional,1887.751089772993,1887.751089772993,False,False,,,0.00874370848646322,,,,0,0,0,Llenando ventana
454,3,PSO,poblacional,1887.7510233618757,1887.7510233618757,False,False,,,0.008775724475981406,,,,0,0,0,Llenando ventana
455,3,PSO,poblacional,1887.7507356087897,1887.7507356087897,False,False,,,0.007696881633137309,,,,0,0,0,Llenando ventana
456,3,PSO,poblacional,1887.7505292778171,1887.7505292778171,False,False,,,0.0072842196880174015,,,,0,0,0,Llenando ventana
457,3,PSO,poblacional,1887.7504954590602,1887.7504954590602,False,False,,,0.007216582174123687,,,,0,0,0,Llenando ventana
458,3,PSO,poblacional,1887.7504954590602,1887.7505259862635,False,False,,,0.007216582174123687,,,,0,0,0,Llenando ventana
459,3,PSO,poblacional,1887.7504954590602,1887.7505973251625,False,False,,,0.007216582174123687,,,,0,0,0,Llenando ventana
460,3,PSO,poblacional,1887.750389989043,1887.750389989043,False,False,,,0.0070056421398021484,,,,0,0,0,Llenando ventana
461,3,PSO,poblacional,1887.750389989043,1887.750399703887,False,False,,,0.0070056421398021484,,,,0,0,0,Llenando ventana
462,3,PSO,poblacional,1887.7494351898476,1887.7494351898476,False,False,,,0.006338975473454411,,,,0,0,0,Llenando ventana
463,3,PSO,poblacional,1887.7494351898476,1887.749539298108,False,False,,,0.006356864427516484,,,,0,0,0,Llenando ventana
464,3,PSO,poblacional,1887.7494351898476,1887.7494354342712,False,False,,,0.006356864427516484,,,,0,0,0,Llenando ventana
465,3,PSO,poblacional,1887.7488951755186,1887.7488951755186,False,False,,,0.005695028662330515,,,,0,0,0,Llenando ventana
466,3,PSO,poblacional,1887.7488951755186,1887.7489916693914,False,False,,,0.0057541388111985725,,,,0,0,0,Llenando ventana
467,3,PSO,poblacional,1887.7488006625879,1887.7488006625879,False,False,,,0.005565112949852846,,,,0,0,0,Llenando ventana
468,3,PSO,poblacional,1887.7488006625879,1887.7488098197914,False,False,,,0.0055651129503075936,,,,0,0,0,Llenando ventana
469,3,PSO,poblacional,1887.7487800721806,1887.7487800721806,False,False,,,0.005523932135702125,,,,0,0,0,Llenando ventana
470,3,PSO,poblacional,1887.7486453668962,1887.7486453668962,False,False,,,0.005254521566484982,,,,0,0,0,Llenando ventana
471,3,PSO,poblacional,1887.748151801473,1887.748151801473,False,False,,,0.004590841120943878,,,,0,0,0,Llenando ventana
472,3,PSO,poblacional,1887.7476559753372,1887.7476559753372,False,False,,,0.003924174455050888,,,,0,0,0,Llenando ventana
473,3,PSO,poblacional,1887.7472281536336,1887.7472281536336,False,False,,,0.0032682469211522402,,,,0,0,0,Llenando ventana
474,3,PSO,poblacional,1887.7472281536336,1887.747496719874,False,False,,,0.0032778699121536192,,,,0,0,0,Llenando ventana
475,3,PSO,poblacional,1887.7468742098301,1887.7468742098301,False,False,,,0.002536293914772614,,,,0,0,0,Llenando ventana
476,3,PSO,poblacional,1887.7468742098301,1887.7468949127895,False,False,,,0.002559743968731709,,,,0,0,0,Llenando ventana
477,3,PSO,poblacional,1887.745631641491,1887.745631641491,False,False,,,0.001922697874078949,,,,0,0,0,Llenando ventana
478,3,PSO,poblacional,1887.7442087144689,1887.7442087144689,False,False,,,0.0012560312072764646,,,,0,0,0,Llenando ventana
479,3,PSO,poblacional,1887.7419114481422,1887.7419114481422,False,False,,,0.0008293129328649229,,,,0,0,0,Llenando ventana
480,3,PSO,poblacional,1887.741618857643,1887.741618857643,False,False,,,0.00037695416835958895,,,,0,0,0,Llenando ventana
481,3,PSO,poblacional,1887.741618857643,1887.7437621201968,False,False,,,0.000689677031687097,,,,0,0,0,Llenando ventana
482,3,PSO,poblacional,1887.741618857643,1887.7420335789266,False,False,,,0.0010023998950146051,,,,0,0,0,Llenando ventana
483,3,PSO,poblacional,1887.741618857643,1887.7429140919091,False,False,,,0.0013151227574326185,,,,0,0,0,Llenando ventana
484,3,PSO,poblacional,1887.7411968037159,1887.7411968037159,False,False,,,0.0007660931325972342,,,,0,0,0,Llenando ventana
485,3,PSO,poblacional,1887.7407498116163,1887.7407498116163,False,False,,,9.942646715899173e-05,,,,0,0,0,Llenando ventana
486,3,PSO,poblacional,1887.7404054995507,1887.7404054995507,False,False,,,-0.00038519537929460057,,,,0,0,0,Llenando ventana
487,3,PSO,poblacional,1887.7404054995507,1887.7413490551783,False,False,,,-0.00038519538020409527,,,,0,0,0,Llenando ventana
488,3,PSO,poblacional,1887.7404054995507,1887.7416511647616,False,False,,,-6.284077903728758e-05,,,,0,0,0,Llenando ventana
489,3,PSO,poblacional,1887.7401531197288,1887.7401531197288,False,False,,,-0.00024524582158846897,,,,0,0,0,Llenando ventana
490,3,PSO,poblacional,1887.7401531197288,1887.7413791583372,False,False,,,-0.00022328835757434717,,,,0,0,0,Llenando ventana
491,3,PSO,poblacional,1887.7401531197288,1887.740406208959,False,False,,,9.906624359246052e-05,,,,0,0,0,Llenando ventana
492,3,PSO,poblacional,1887.7401531197288,1887.7402077284396,False,False,,,0.0004214208447592682,,,,0,0,0,Llenando ventana
493,3,PSO,poblacional,1887.7400909830928,1887.7400909830928,False,False,,,0.0005081308995613654,,,,0,0,0,Llenando ventana
494,3,PSO,poblacional,1887.7400909830928,1887.740404358664,False,False,,,0.000508130899106618,,,,0,0,0,Llenando ventana
495,3,PSO,poblacional,1887.7400909830928,1887.7403163962376,False,False,,,0.0005493117146215809,,,,0,0,0,Llenando ventana
496,3,PSO,poblacional,1887.7397140632677,1887.7397140632677,False,False,,,0.00015205561658149236,,,,0,0,0,Llenando ventana
497,3,PSO,poblacional,1887.7397140632677,1887.7399468712242,False,False,,,0.00047441021683880535,,,,0,0,0,Llenando ventana
498,3,PSO,poblacional,1887.7397140632677,1887.7400055333032,False,False,,,0.000796764818005613,,,,0,0,0,Llenando ventana
499,3,PSO,poblacional,1887.7396603323355,1887.7396603323355,False,False,,,0.001011657555181955,,,,0,0,0,Llenando ventana
500,3,PSO,poblacional,1887.7396603323355,1887.7397714593908,False,False,,,0.001678324221074945,,,,0,0,0,Llenando ventana
501,3,PSO,poblacional,1887.7396603323355,1887.7396997142432,False,False,,,0.0023449908878774295,,,,0,0,0,Llenando ventana
502,3,PSO,poblacional,1887.7396603323355,1887.739883708709,False,False,,,0.002689302953058359,,,,0,0,0,Llenando ventana
503,3,PSO,poblacional,1887.739649607164,1887.739649607164,False,False,,,0.0029902072117238276,,,,0,0,0,Llenando ventana
504,3,PSO,poblacional,1887.7395795766688,1887.7395795766688,False,False,,,0.0031944582869982696,,,,0,0,0,Llenando ventana
505,3,PSO,poblacional,1887.7393791187592,1887.7393791187592,False,False,,,0.0031158970689375565,,,,0,0,0,Llenando ventana
506,3,PSO,poblacional,1887.739319797927,1887.739319797927,False,False,,,0.003663922071837078,,,,0,0,0,Llenando ventana
507,3,PSO,poblacional,1887.7390348820973,1887.7390348820973,False,False,,,0.0037607570782256516,,,,0,0,0,Llenando ventana
508,3,PSO,poblacional,1887.7389467827954,1887.7389467827954,False,False,,,0.0038693423366567004,,,,0,0,0,Llenando ventana
509,3,PSO,poblacional,1887.7389467827954,1887.7390396136755,False,False,,,0.0038693423371114477,,,,0,0,0,Llenando ventana
510,3,PSO,poblacional,1887.7388599365663,1887.7388599365663,False,False,,,0.004018004479121373,,,,0,0,0,Llenando ventana
511,3,PSO,poblacional,1887.7384838005526,1887.7384838005526,False,False,,,0.0036736924139404437,,,,0,0,0,Llenando ventana
512,3,PSO,poblacional,1887.7381742346847,1887.7381742346847,False,False,,,0.0033769152789773216,,,,0,0,0,Llenando ventana
513,3,PSO,poblacional,1887.7379450522312,1887.7379450522312,False,False,,,0.003585217039244526,,,,0,0,0,Llenando ventana
514,3,PSO,poblacional,1887.7376483581,1887.7376483581,False,False,,,0.003396464505840413,,,,0,0,0,Llenando ventana
515,3,PSO,poblacional,1887.7369158015242,1887.7369158015242,False,False,,,0.003039363707330267,,,,0,0,0,Llenando ventana
516,3,PSO,poblacional,1887.7361124271233,1887.7361124271233,False,False,,,0.0025678908168629277,,,,0,0,0,Llenando ventana
517,3,PSO,poblacional,1887.7359189793751,1887.7359189793751,False,False,,,0.0021809953195770504,,,,0,0,0,Llenando ventana
518,3,PSO,poblacional,1887.7354683617486,1887.7354683617486,False,False,,,0.001514328654138808,,,,0,0,0,Llenando ventana
519,3,PSO,poblacional,1887.734378699578,1887.734378699578,False,False,,,0.000971935258803569,,,,0,0,0,Llenando ventana
520,3,PSO,poblacional,1887.7299029008013,1887.7299029008013,False,False,,,0.00030526859200108447,,,,0,0,0,Llenando ventana
521,3,PSO,poblacional,1887.7295522813497,1887.7295522813497,False,False,,,-0.00038084211632849474,,,,0,0,0,Llenando ventana
522,3,PSO,poblacional,1887.7295522813497,1887.7310956912543,False,False,,,-6.47949016183702e-05,,,,0,0,0,Llenando ventana
523,3,PSO,poblacional,1887.7282535891857,1887.7282535891857,False,False,,,-0.0004154143528012355,,,,0,0,0,Llenando ventana
524,3,PSO,poblacional,1887.7282535891857,1887.7282660430253,False,False,,,-0.0003808421167832421,,,,0,0,0,Llenando ventana
525,3,PSO,poblacional,1887.7282535891857,1887.7293811238462,False,False,,,-0.0002733802514285344,,,,0,0,0,Llenando ventana
526,3,PSO,poblacional,1887.7279033264406,1887.7279033264406,False,False,,,-0.0009411170378825773,,,,0,0,0,Llenando ventana
527,3,PSO,poblacional,1887.7279033264406,1887.7302976165222,False,False,,,-0.0009411170383373246,,,,0,0,0,Llenando ventana
528,3,PSO,poblacional,1887.7279033264406,1887.7317344496769,False,False,,,-0.0009411170378825773,,,,0,0,0,Llenando ventana
529,3,PSO,poblacional,1887.7279033264406,1887.728371013018,False,False,,,-0.0009196666953812382,,,,0,0,0,Llenando ventana
530,3,PSO,poblacional,1887.7279033264406,1887.7280889696472,False,False,,,-0.000779605704565256,,,,0,0,0,Llenando ventana
531,3,PSO,poblacional,1887.7277164379323,1887.7277164379323,False,False,,,-0.0008369787994979561,,,,0,0,0,Llenando ventana
532,3,PSO,poblacional,1887.7277164379323,1887.727877319051,False,False,,,-0.0006338252380828635,,,,0,0,0,Llenando ventana
533,3,PSO,poblacional,1887.7277164379323,1887.7285281158843,False,False,,,-0.00031742131636747217,,,,0,0,0,Llenando ventana
534,3,PSO,poblacional,1887.7272710303016,1887.7272710303016,False,False,,,-0.0006676840614545654,,,,0,0,0,Llenando ventana
535,3,PSO,poblacional,1887.7272710303016,1887.7278900372708,False,False,,,-0.0005544616408315051,,,,0,0,0,Llenando ventana
536,3,PSO,poblacional,1887.7271785080802,1887.7271785080802,False,False,,,-0.0005658136258261948,,,,0,0,0,Llenando ventana
537,3,PSO,poblacional,1887.7271785080802,1887.7275680005957,False,False,,,-0.00024940970411080343,,,,0,0,0,Llenando ventana
538,3,PSO,poblacional,1887.7265976767826,1887.7265976767826,False,False,,,-0.0005996724491978966,,,,0,0,0,Llenando ventana
539,3,PSO,poblacional,1887.7260534119982,1887.7260534119982,False,False,,,-0.0009499351942849898,,,,0,0,0,Llenando ventana
540,3,PSO,poblacional,1887.7260534119982,1887.7260876155665,False,False,,,-0.000283268528392,,,,0,0,0,Llenando ventana
541,3,PSO,poblacional,1887.7260534119982,1887.7263984900196,False,False,,,0.0003358632081926771,,,,0,0,0,Llenando ventana
542,3,PSO,poblacional,1887.7260534119982,1887.7266464758632,False,False,,,0.0007942281147279573,,,,0,0,0,Llenando ventana
543,3,PSO,poblacional,1887.7260070082095,1887.7260070082095,False,False,,,0.001294808800366809,,,,0,0,0,Llenando ventana
544,3,PSO,poblacional,1887.7258795207101,1887.7258795207101,False,False,,,0.0017065004674350348,,,,0,0,0,Llenando ventana
545,3,PSO,poblacional,1887.7256517239873,1887.7256517239873,False,False,,,0.0019175736886154482,,,,0,0,0,Llenando ventana
546,3,PSO,poblacional,1887.7256517239873,1887.7257717827858,False,False,,,0.0023044691859013255,,,,0,0,0,Llenando ventana
547,3,PSO,poblacional,1887.724402926654,1887.724402926654,False,False,,,0.002304469185446578,,,,0,0,0,Llenando ventana
548,3,PSO,poblacional,1887.7235078135063,1887.7235078135063,False,False,,,0.002304469185446578,,,,0,0,0,Llenando ventana
549,3,PSO,poblacional,1887.7235078135063,1887.72611533012,False,False,,,0.0029711358517943154,,,,0,0,0,Llenando ventana
550,3,PSO,poblacional,1887.7235078135063,1887.7285505521122,False,False,,,0.0033213985964266612,,,,0,0,0,Llenando ventana
551,3,PSO,poblacional,1887.7235078135063,1887.7255814718874,False,False,,,0.003355257421162605,,,,0,0,0,Llenando ventana
552,3,PSO,poblacional,1887.7235078135063,1887.7271672345516,False,False,,,0.003671661341968502,,,,0,0,0,Llenando ventana
553,3,PSO,poblacional,1887.7235078135063,1887.724743335601,False,False,,,0.003988065263229146,,,,0,0,0,Llenando ventana
554,3,PSO,poblacional,1887.7233144543195,1887.7233144543195,False,False,,,0.003901027310121208,,,,0,0,0,Llenando ventana
555,3,PSO,poblacional,1887.7233144543195,1887.7260810627633,False,False,,,0.003901027310121208,,,,0,0,0,Llenando ventana
556,3,PSO,poblacional,1887.7233144543195,1887.7245732553456,False,False,,,0.0039010273096664605,,,,0,0,0,Llenando ventana
557,3,PSO,poblacional,1887.7233144543195,1887.7301541329612,False,False,,,0.004128824032932243,,,,0,0,0,Llenando ventana
558,3,PSO,poblacional,1887.7212566593341,1887.7212566593341,False,False,,,0.0036081376608763094,,,,0,0,0,Llenando ventana
559,3,PSO,poblacional,1887.7196539185936,1887.7196539185936,False,False,,,0.00294147099316433,,,,0,0,0,Llenando ventana
560,3,PSO,poblacional,1887.7196539185936,1887.7204786105726,False,False,,,0.0031692677159753657,,,,0,0,0,Llenando ventana
561,3,PSO,poblacional,1887.7196539185936,1887.7204414664443,False,False,,,0.0033970644392411486,,,,0,0,0,Llenando ventana
562,3,PSO,poblacional,1887.7196539185936,1887.7249311404862,False,False,,,0.003624861161597437,,,,0,0,0,Llenando ventana
563,3,PSO,poblacional,1887.7196539185936,1887.7208518681016,False,False,,,0.0037931821022993972,,,,0,0,0,Llenando ventana
564,3,PSO,poblacional,1887.7196539185936,1887.7232975368208,False,False,,,0.00402097882556518,,,,0,0,0,Llenando ventana
565,3,PSO,poblacional,1887.7196539185936,1887.7210945005775,False,False,,,0.004248775548830963,,,,0,0,0,Llenando ventana
566,3,PSO,poblacional,1887.7172532152626,1887.7172532152626,False,False,,,0.003809905604839514,,,,0,0,0,Llenando ventana
567,3,PSO,poblacional,1887.7172532152626,1887.721709430332,False,False,,,0.004459848769101882,,,,0,0,0,Llenando ventana
568,3,PSO,poblacional,1887.7172532152626,1887.72129877419,False,False,,,0.004459848769556629,,,,0,0,0,Llenando ventana
569,3,PSO,poblacional,1887.7172532152626,1887.7186623226478,False,False,,,0.004552656346959338,,,,0,0,0,Llenando ventana
570,3,PSO,poblacional,1887.71576115868,1887.71576115868,False,False,,,0.0041137864029678894,,,,0,0,0,Llenando ventana
571,3,PSO,poblacional,1887.71576115868,1887.7175356678908,False,False,,,0.004341583125778925,,,,0,0,0,Llenando ventana
572,3,PSO,poblacional,1887.71576115868,1887.71651775074,False,False,,,0.004569379848135213,,,,0,0,0,Llenando ventana
573,3,PSO,poblacional,1887.71576115868,1887.7209034933137,False,False,,,0.004824354847414725,,,,0,0,0,Llenando ventana
574,3,PSO,poblacional,1887.71576115868,1887.7161326798591,False,False,,,0.005086589105758321,,,,0,0,0,Llenando ventana
575,3,PSO,poblacional,1887.71576115868,1887.7159115148452,False,False,,,0.005279948293036796,,,,0,0,0,Llenando ventana
576,3,PSO,poblacional,1887.71576115868,1887.7162582878248,False,False,,,0.00594661495983928,,,,0,0,0,Llenando ventana
577,3,PSO,poblacional,1887.71576115868,1887.7184598356243,False,False,,,0.006033204065715836,,,,0,0,0,Llenando ventana
578,3,PSO,poblacional,1887.71576115868,1887.7161271282623,False,False,,,0.006033204065715836,,,,0,0,0,Llenando ventana
579,3,PSO,poblacional,1887.7155387190028,1887.7155387190028,False,False,,,0.0055010832404605026,,,,0,0,0,Llenando ventana
580,3,PSO,poblacional,1887.7155387190028,1887.7175034236932,False,False,,,0.0057235229176058056,,,,0,0,0,Llenando ventana
581,3,PSO,poblacional,1887.7154349243417,1887.7154349243417,False,False,,,0.005680212291508724,,,,0,0,0,Llenando ventana
582,3,PSO,poblacional,1887.7154349243417,1887.7176136732585,False,False,,,0.005680212291963471,,,,0,0,0,Llenando ventana
583,3,PSO,poblacional,1887.714783614508,1887.714783614508,False,False,,,0.005013545626070481,,,,0,0,0,Llenando ventana
584,3,PSO,poblacional,1887.714783614508,1887.71485295422,False,False,,,0.005235985302761037,,,,0,0,0,Llenando ventana
585,3,PSO,poblacional,1887.714783614508,1887.7152016667073,False,False,,,0.00545842497990634,,,,0,0,0,Llenando ventana
586,3,PSO,poblacional,1887.7144616684511,1887.7144616684511,False,False,,,0.005036972543848606,,,,0,0,0,Llenando ventana
587,3,PSO,poblacional,1887.7144616684511,1887.714676114685,False,False,,,0.0054044677065121505,,,,0,0,0,Llenando ventana
588,3,PSO,poblacional,1887.7144616684511,1887.7148989673922,False,False,,,0.005404467705602656,,,,0,0,0,Llenando ventana
589,3,PSO,poblacional,1887.7144616684511,1887.715212555286,False,False,,,0.005404467705602656,,,,0,0,0,Llenando ventana
590,3,PSO,poblacional,1887.7143937827418,1887.7143937827418,False,False,,,0.005268696288339925,,,,0,0,0,Llenando ventana
591,3,PSO,poblacional,1887.7143937827418,1887.7146648374473,False,False,,,0.005268696286975683,,,,0,0,0,Llenando ventana
592,3,PSO,poblacional,1887.7143937827418,1887.714492891213,False,False,,,0.005590642343804575,,,,0,0,0,Llenando ventana
593,3,PSO,poblacional,1887.7143937827418,1887.7144985059601,False,False,,,0.005912588400633467,,,,0,0,0,Llenando ventana
594,3,PSO,poblacional,1887.7143937827418,1887.714454965246,False,False,,,0.0059353629542329145,,,,0,0,0,Llenando ventana
595,3,PSO,poblacional,1887.7143937827418,1887.714703829519,False,False,,,0.005935362953778167,,,,0,0,0,Llenando ventana
596,3,PSO,poblacional,1887.7143622663134,1887.7143622663134,False,False,,,0.006194276153792089,,,,0,0,0,Llenando ventana
597,3,PSO,poblacional,1887.7143622663134,1887.7165630866864,False,False,,,0.006516222210620981,,,,0,0,0,Llenando ventana
598,3,PSO,poblacional,1887.7143622663134,1887.715749344323,False,False,,,0.006538996763765681,,,,0,0,0,Llenando ventana
599,3,PSO,poblacional,1887.7143622663134,1887.7151009283932,False,False,,,0.006538996763765681,,,,0,0,0,Llenando ventana
600,3,PSO,poblacional,1887.7143622663134,1887.716005007569,False,False,,,0.006538996764220428,,,,0,0,0,Llenando ventana
601,3,PSO,poblacional,1887.7143622663134,1887.7191456410249,False,False,,,0.006538996763765681,,,,0,0,0,Llenando ventana
602,3,PSO,poblacional,1887.7143622663134,1887.7148573519705,False,False,,,0.006538996763765681,,,,0,0,0,Llenando ventana
603,3,PSO,poblacional,1887.7143622663134,1887.7170568554054,False,False,,,0.006538996764220428,,,,0,0,0,Llenando ventana
604,3,PSO,poblacional,1887.7143622663134,1887.7186582646996,False,False,,,0.006538996763765681,,,,0,0,0,Llenando ventana
605,3,PSO,poblacional,1887.7143622663134,1887.7155113982667,False,False,,,0.006860942820594573,,,,0,0,0,Llenando ventana
606,3,PSO,poblacional,1887.7143622663134,1887.7183853337874,False,False,,,0.006983876118056287,,,,0,0,0,Llenando ventana
607,3,PSO,poblacional,1887.7143622663134,1887.714619460831,False,False,,,0.00719146544065552,,,,0,0,0,Llenando ventana
608,3,PSO,poblacional,1887.7143622663134,1887.7160688933798,False,False,,,0.007191465440200773,,,,0,0,0,Llenando ventana
609,3,PSO,poblacional,1887.7131925976876,1887.7131925976876,False,False,,,0.006846744830681928,,,,0,0,0,Llenando ventana
610,3,PSO,poblacional,1887.7131925976876,1887.7143200485737,False,False,,,0.007168690887056073,,,,0,0,0,Llenando ventana
611,3,PSO,poblacional,1887.7131925976876,1887.7137855533942,False,False,,,0.007191465440200773,,,,0,0,0,Llenando ventana
612,3,PSO,poblacional,1887.7131925976876,1887.7136804446259,False,False,,,0.007513411497484412,,,,0,0,0,Llenando ventana
613,3,PSO,poblacional,1887.7131925976876,1887.7135978779543,False,False,,,0.007835357553858557,,,,0,0,0,Llenando ventana
614,3,PSO,poblacional,1887.7131925976876,1887.7136085912534,False,False,,,0.00815730361068745,,,,0,0,0,Llenando ventana
615,3,PSO,poblacional,1887.7131925976876,1887.7132153043656,False,False,,,0.008597538596404775,,,,0,0,0,Llenando ventana
616,3,PSO,poblacional,1887.712985650616,1887.712985650616,False,False,,,0.007902231785692493,,,,0,0,0,Llenando ventana
617,3,PSO,poblacional,1887.712985650616,1887.7132631905533,False,False,,,0.007902231785237745,,,,0,0,0,Llenando ventana
618,3,PSO,poblacional,1887.712985650616,1887.7130177981435,False,False,,,0.007902231785237745,,,,0,0,0,Llenando ventana
619,3,PSO,poblacional,1887.7112229064708,1887.7112229064708,False,False,,,0.007235565119344756,,,,0,0,0,Llenando ventana
620,3,PSO,poblacional,1887.7112227681896,1887.7112227681896,False,False,,,0.007235288556103114,,,,0,0,0,Llenando ventana
621,3,PSO,poblacional,1887.7102784147203,1887.7102784147203,False,False,,,0.006568621889755377,,,,0,0,0,Llenando ventana
622,3,PSO,poblacional,1887.709770034844,1887.709770034844,False,False,,,0.005964988080222611,,,,0,0,0,Llenando ventana
623,3,PSO,poblacional,1887.70826358157,1887.70826358157,False,False,,,0.005298321413420126,,,,0,0,0,Llenando ventana
624,3,PSO,poblacional,1887.7073537770916,1887.7073537770916,False,False,,,0.004631654746617642,,,,0,0,0,Llenando ventana
625,3,PSO,poblacional,1887.7073537770916,1887.7076432331708,False,False,,,0.004631654746162894,,,,0,0,0,Llenando ventana
626,3,PSO,poblacional,1887.7073537770916,1887.7085081656458,False,False,,,0.004631654747072389,,,,0,0,0,Llenando ventana
627,3,PSO,poblacional,1887.7073537770916,1887.7076580272358,False,False,,,0.004631654746162894,,,,0,0,0,Llenando ventana
628,3,PSO,poblacional,1887.7071182047262,1887.7071182047262,False,False,,,0.004074634133985455,,,,0,0,0,Llenando ventana
629,3,PSO,poblacional,1887.7071182047262,1887.7074150477015,False,False,,,0.004074634134440203,,,,0,0,0,Llenando ventana
630,3,PSO,poblacional,1887.7071182047262,1887.7082486438655,False,False,,,0.004074634133530708,,,,0,0,0,Llenando ventana
631,3,PSO,poblacional,1887.7068769258788,1887.7068769258788,False,False,,,0.003574956993361411,,,,0,0,0,Llenando ventana
632,3,PSO,poblacional,1887.7068769258788,1887.707235424549,False,False,,,0.003574956992906664,,,,0,0,0,Llenando ventana
633,3,PSO,poblacional,1887.705379476,1887.705379476,False,False,,,0.0029082903274684213,,,,0,0,0,Llenando ventana
634,3,PSO,poblacional,1887.7051313794761,1887.7051313794761,False,False,,,0.0023916442492009082,,,,0,0,0,Llenando ventana
635,3,PSO,poblacional,1887.7042172740362,1887.7042172740362,False,False,,,0.0019730741066723567,,,,0,0,0,Llenando ventana
636,3,PSO,poblacional,1887.7041090373004,1887.7041090373004,False,False,,,0.002004697158554336,,,,0,0,0,Llenando ventana
637,3,PSO,poblacional,1887.7038261874638,1887.7038261874638,False,False,,,0.0015052111666591372,,,,0,0,0,Llenando ventana
638,3,PSO,poblacional,1887.7038261874638,1887.7049736388697,False,False,,,0.0015052111666591372,,,,0,0,0,Llenando ventana
639,3,PSO,poblacional,1887.7038261874638,1887.7045197516775,False,False,,,0.0015052111671138846,,,,0,0,0,Llenando ventana
640,3,PSO,poblacional,1887.702869451941,1887.702869451941,False,False,,,0.0008385445003114,,,,0,0,0,Llenando ventana
641,3,PSO,poblacional,1887.702869451941,1887.7035926817666,False,False,,,0.0008385444998566527,,,,0,0,0,Llenando ventana
642,4,ACO,poblacional,1887.702869451941,860688279.6296285,False,False,,,,,,,0,0,1,Llenando ventana
643,4,ACO,poblacional,1887.702869451941,605316942.9780439,False,False,,,,,,,1,0,2,Llenando ventana
644,4,ACO,poblacional,1887.702869451941,230932783.61968926,False,False,,,,,,,2,0,3,Llenando ventana
645,4,ACO,poblacional,1887.702869451941,170408912.8115472,False,False,,,,,,,3,0,4,Llenando ventana
646,4,ACO,poblacional,1887.702869451941,35367520.581417106,False,False,,,,,,,4,0,5,Llenando ventana
647,4,ACO,poblacional,1887.702869451941,78034595.59022254,False,False,,,,,,,5,0,6,Llenando ventana
648,4,ACO,poblacional,1887.702869451941,36302064.34987286,False,False,,,,,,,6,0,7,Llenando ventana
649,4,ACO,poblacional,1887.702869451941,31366758.917422116,False,False,,,,,,,7,0,8,Llenando ventana
650,4,ACO,poblacional,1887.702869451941,43592013.731149,False,False,,,,,,,8,0,9,Llenando ventana
651,4,ACO,poblacional,1887.702869451941,15911708.59770145,False,False,,,,,,,9,0,10,Llenando ventana
652,4,ACO,poblacional,1887.702869451941,1462184.5309988821,False,False,,,,,,,10,0,11,Llenando ventana
653,4,ACO,poblacional,1887.702869451941,21124973.88347032,False,False,,,,,,,11,0,12,Llenando ventana
654,4,ACO,poblacional,1887.702869451941,953961.8376602266,False,False,,,,,,,12,0,13,Llenando ventana
655,4,ACO,poblacional,1887.702869451941,27948799.191147003,False,False,,,,,,,13,0,14,Llenando ventana
656,4,ACO,poblacional,1887.702869451941,14211875.090552958,False,False,,,,,,,14,0,15,Llenando ventana
657,4,ACO,poblacional,1887.702869451941,9015386.325268148,False,False,,,,,,,15,0,16,Llenando ventana
658,4,ACO,poblacional,1887.702869451941,40246706.393905856,False,False,,,,,,,16,0,17,Llenando ventana
659,4,ACO,poblacional,1887.702869451941,4199716.920785702,False,False,,,,,,,17,0,18,Llenando ventana
660,4,ACO,poblacional,1887.702869451941,15120540.780396536,False,False,,,,,,,18,0,19,Llenando ventana
661,4,ACO,poblacional,1887.702869451941,7197719.372506393,False,False,,,,,,,19,0,20,Llenando ventana
662,4,ACO,poblacional,1887.702869451941,6500970.950067363,False,False,,,,,,,20,0,21,Llenando ventana
663,4,ACO,poblacional,1887.702869451941,15518706.547670206,False,False,,,,,,,21,0,22,Llenando ventana
664,4,ACO,poblacional,1887.702869451941,10578291.141329888,False,False,,,,,,,22,0,23,Llenando ventana
665,4,ACO,poblacional,1887.702869451941,6170547.664093134,False,False,,,,,,,23,0,24,Llenando ventana
666,4,ACO,poblacional,1887.702869451941,3599263.785383302,False,False,,,,,,,24,0,25,Llenando ventana
667,4,ACO,poblacional,1887.702869451941,7853979.9660337,False,False,,,,,,,25,0,26,Llenando ventana
668,4,ACO,poblacional,1887.702869451941,34025606.07412115,False,False,,,,,,,26,0,27,Llenando ventana
669,4,ACO,poblacional,1887.702869451941,585340.3156342464,False,False,,,,,,,27,0,28,Llenando ventana
670,4,ACO,poblacional,1887.702869451941,5470325.910791989,False,False,,,,,,,28,0,29,Llenando ventana
671,4,ACO,poblacional,1887.702869451941,7063955.360579809,True,False,0.009666666666589663,0.0,0.009666666666589663,3.0,15.0,9.0,29,0,30,Explotacion activa
672,4,ACO,poblacional,1887.702869451941,886548.5308780231,True,False,0.009666666666589663,0.0,0.009666666666589663,3.0,15.0,9.0,30,0,31,Explotacion activa
673,4,ACO,poblacional,1887.702869451941,3369277.04922118,True,False,0.009666666666589663,0.0,0.009666666666589663,3.0,15.0,9.0,31,0,32,Explotacion activa
674,4,ACO,poblacional,1887.702869451941,5539304.536968353,True,False,0.009666666666589663,0.0,0.009666666666589663,3.0,15.0,9.0,32,0,33,Explotacion activa
675,4,ACO,poblacional,1887.702869451941,6480049.24893117,True,False,0.009666666666589663,0.0,0.009666666666589663,3.0,15.0,9.0,33,0,34,Explotacion activa
676,4,ACO,poblacional,1887.702869451941,6386400.235119843,True,False,0.009666666666589663,0.0,0.009666666666589663,3.0,15.0,9.0,34,0,35,Explotacion activa
677,4,ACO,poblacional,1887.702869451941,2876614.2468887907,True,False,0.009666666666589663,0.0,0.009666666666589663,3.0,15.0,9.0,35,0,36,Explotacion activa
678,4,ACO,poblacional,1887.702869451941,3678998.1146556907,True,False,0.009666666666589663,0.0,0.009666666666589663,3.0,15.0,9.0,36,0,37,Explotacion activa
679,4,ACO,poblacional,1887.702869451941,5984601.56069407,True,False,0.009666666666589663,0.0,0.009666666666589663,3.0,15.0,9.0,37,0,38,Explotacion activa
680,4,ACO,poblacional,1887.702869451941,7754917.419745713,True,False,0.009666666666589663,0.0,0.009666666666589663,0.0,0.009666666666589663,0.009666666666589663,38,1,39,Explotacion activa
681,4,ACO,poblacional,1887.702869451941,3886779.107329967,True,False,0.009666666666589663,0.0,0.009666666666589663,0.0,0.009666666666589663,0.009666666666589663,39,2,40,Explotacion activa
682,4,ACO,poblacional,1887.702869451941,3374871.3641806003,True,True,0.009666666666589663,0.0,0.009666666666589663,0.0,0.009666666666589663,0.009666666666589663,40,3,41,ESTANCAMIENTO (Fire)
683,5,GWO,poblacional,1887.702869451941,1887.702869451941,False,False,,,,,,,0,0,1,Llenando ventana
684,5,GWO,poblacional,1887.702869451941,1887.702869451941,False,False,,,,,,,1,0,2,Llenando ventana
685,5,GWO,poblacional,1887.702869451941,1887.702869451941,False,False,,,,,,,2,0,3,Llenando ventana
686,5,GWO,poblacional,1887.702869451941,1887.702869451941,False,False,,,,,,,3,0,4,Llenando ventana
687,5,GWO,poblacional,1887.702869451941,1887.702869451941,False,False,,,,,,,4,0,5,Llenando ventana
688,5,GWO,poblacional,1887.702869451941,1887.702869451941,False,False,,,,,,,5,0,6,Llenando ventana
689,5,GWO,poblacional,1887.702869451941,1887.702869451941,False,False,,,,,,,6,0,7,Llenando ventana
690,5,GWO,poblacional,1887.702869451941,1887.702869451941,False,False,,,,,,,7,0,8,Llenando ventana
691,5,GWO,poblacional,1887.702869451941,1887.702869451941,False,False,,,,,,,8,0,9,Llenando ventana
692,5,GWO,poblacional,1887.702869451941,1887.702869451941,False,False,,,,,,,9,0,10,Llenando ventana
693,5,GWO,poblacional,1887.702869451941,1887.702869451941,False,False,,,,,,,10,0,11,Llenando ventana
694,5,GWO,poblacional,1887.702869451941,1887.702869451941,False,False,,,,,,,11,0,12,Llenando ventana
695,5,GWO,poblacional,1887.702869451941,1887.702869451941,False,False,,,,,,,12,0,13,Llenando ventana
696,5,GWO,poblacional,1887.702869451941,1887.702869451941,False,False,,,,,,,13,0,14,Llenando ventana
697,5,GWO,poblacional,1887.702869451941,1887.702869451941,False,False,,,,,,,14,0,15,Llenando ventana
698,5,GWO,poblacional,1887.702869451941,1887.702869451941,False,False,,,,,,,15,0,16,Llenando ventana
699,5,GWO,poblacional,1887.702869451941,1887.702869451941,False,False,,,,,,,16,0,17,Llenando ventana
700,5,GWO,poblacional,1887.702869451941,1887.702869451941,False,False,,,,,,,17,0,18,Llenando ventana
701,5,GWO,poblacional,1887.702869451941,1887.702869451941,False,False,,,,,,,18,0,19,Llenando ventana
702,5,GWO,poblacional,1887.702869451941,1887.702869451941,False,False,,,,,,,19,0,20,Llenando ventana
703,5,GWO,poblacional,1887.702869451941,1887.702869451941,False,False,,,,,,,20,0,21,Llenando ventana
704,5,GWO,poblacional,1887.702869451941,1887.702869451941,False,False,,,,,,,21,0,22,Llenando ventana
705,5,GWO,poblacional,1887.702869451941,1887.702869451941,False,False,,,,,,,22,0,23,Llenando ventana
706,5,GWO,poblacional,1887.702869451941,1887.702869451941,False,False,,,,,,,23,0,24,Llenando ventana
707,5,GWO,poblacional,1887.702869451941,1887.702869451941,False,False,,,,,,,24,0,25,Llenando ventana
708,5,GWO,poblacional,1887.702869451941,1887.702869451941,False,False,,,,,,,25,0,26,Llenando ventana
709,5,GWO,poblacional,1887.702869451941,1887.702869451941,False,False,,,,,,,26,0,27,Llenando ventana
710,5,GWO,poblacional,1887.702869451941,1887.702869451941,False,False,,,,,,,27,0,28,Llenando ventana
711,5,GWO,poblacional,1887.702869451941,1887.702869451941,False,False,,,,,,,28,0,29,Llenando ventana
712,5,GWO,poblacional,1887.702869451941,1887.702869451941,True,False,0.009666666666589663,0.0,0.009666666666589663,3.0,15.0,9.0,29,0,30,Explotacion activa
713,5,GWO,poblacional,1887.702869451941,1887.702869451941,True,False,0.009666666666589663,0.0,0.009666666666589663,3.0,15.0,9.0,30,0,31,Explotacion activa
714,5,GWO,poblacional,1887.702869451941,1887.702869451941,True,False,0.009666666666589663,0.0,0.009666666666589663,3.0,15.0,9.0,31,0,32,Explotacion activa
715,5,GWO,poblacional,1887.702869451941,1887.702869451941,True,False,0.009666666666589663,0.0,0.009666666666589663,3.0,15.0,9.0,32,0,33,Explotacion activa
716,5,GWO,poblacional,1887.702869451941,1887.702869451941,True,False,0.009666666666589663,0.0,0.009666666666589663,3.0,15.0,9.0,33,0,34,Explotacion activa
717,5,GWO,poblacional,1887.702869451941,1887.702869451941,True,False,0.009666666666589663,0.0,0.009666666666589663,3.0,15.0,9.0,34,0,35,Explotacion activa
718,5,GWO,poblacional,1887.702869451941,1887.702869451941,True,False,0.009666666666589663,0.0,0.009666666666589663,3.0,15.0,9.0,35,0,36,Explotacion activa
719,5,GWO,poblacional,1887.702869451941,1887.702869451941,True,False,0.009666666666589663,0.0,0.009666666666589663,3.0,15.0,9.0,36,0,37,Explotacion activa
720,5,GWO,poblacional,1887.702869451941,1887.702869451941,True,False,0.009666666666589663,0.0,0.009666666666589663,3.0,15.0,9.0,37,0,38,Explotacion activa
721,5,GWO,poblacional,1887.702869451941,1887.702869451941,True,False,0.009666666666589663,0.0,0.009666666666589663,0.0,0.009666666666589663,0.009666666666589663,38,1,39,Explotacion activa
722,5,GWO,poblacional,1887.702869451941,1887.702869451941,True,False,0.009666666666589663,0.0,0.009666666666589663,0.0,0.009666666666589663,0.009666666666589663,39,2,40,Explotacion activa
723,5,GWO,poblacional,1887.702869451941,1887.702869451941,True,True,0.009666666666589663,0.0,0.009666666666589663,0.0,0.009666666666589663,0.009666666666589663,40,3,41,ESTANCAMIENTO (Fire)
724,6,EHO,poblacional,1887.702869451941,1887.702869451941,False,False,,,,,,,0,0,1,Llenando ventana
725,6,EHO,poblacional,1887.702869451941,1887.702869451941,False,False,,,,,,,1,0,2,Llenando ventana
726,6,EHO,poblacional,1887.702869451941,1887.702869451941,False,False,,,,,,,2,0,3,Llenando ventana
727,6,EHO,poblacional,1887.702869451941,1887.702869451941,False,False,,,,,,,3,0,4,Llenando ventana
728,6,EHO,poblacional,1887.702869451941,1887.702869451941,False,False,,,,,,,4,0,5,Llenando ventana
729,6,EHO,poblacional,1887.702869451941,1887.702869451941,False,False,,,,,,,5,0,6,Llenando ventana
730,6,EHO,poblacional,1887.702869451941,1887.702869451941,False,False,,,,,,,6,0,7,Llenando ventana
731,6,EHO,poblacional,1887.702869451941,1887.702869451941,False,False,,,,,,,7,0,8,Llenando ventana
732,6,EHO,poblacional,1887.702869451941,1887.702869451941,False,False,,,,,,,8,0,9,Llenando ventana
733,6,EHO,poblacional,1887.702869451941,1887.702869451941,False,False,,,,,,,9,0,10,Llenando ventana
734,6,EHO,poblacional,1887.702869451941,1887.702869451941,False,False,,,,,,,10,0,11,Llenando ventana
735,6,EHO,poblacional,1887.702869451941,1887.702869451941,False,False,,,,,,,11,0,12,Llenando ventana
736,6,EHO,poblacional,1887.702869451941,1887.702869451941,False,False,,,,,,,12,0,13,Llenando ventana
737,6,EHO,poblacional,1887.702869451941,1887.702869451941,False,False,,,,,,,13,0,14,Llenando ventana
738,6,EHO,poblacional,1887.702869451941,1887.702869451941,False,False,,,,,,,14,0,15,Llenando ventana
739,6,EHO,poblacional,1887.702869451941,1887.702869451941,False,False,,,,,,,15,0,16,Llenando ventana
740,6,EHO,poblacional,1887.702869451941,1887.702869451941,False,False,,,,,,,16,0,17,Llenando ventana
741,6,EHO,poblacional,1887.702869451941,1887.702869451941,False,False,,,,,,,17,0,18,Llenando ventana
742,6,EHO,poblacional,1887.702869451941,1887.702869451941,False,False,,,,,,,18,0,19,Llenando ventana
743,6,EHO,poblacional,1887.702869451941,1887.702869451941,False,False,,,,,,,19,0,20,Llenando ventana
744,6,EHO,poblacional,1887.702869451941,1887.702869451941,False,False,,,,,,,20,0,21,Llenando ventana
745,6,EHO,poblacional,1887.702869451941,1887.702869451941,False,False,,,,,,,21,0,22,Llenando ventana
746,6,EHO,poblacional,1887.702869451941,1887.702869451941,False,False,,,,,,,22,0,23,Llenando ventana
747,6,EHO,poblacional,1887.702869451941,1887.702869451941,False,False,,,,,,,23,0,24,Llenando ventana
748,6,EHO,poblacional,1887.702869451941,1887.702869451941,False,False,,,,,,,24,0,25,Llenando ventana
749,6,EHO,poblacional,1887.702869451941,1887.702869451941,False,False,,,,,,,25,0,26,Llenando ventana
750,6,EHO,poblacional,1887.702869451941,1887.702869451941,False,False,,,,,,,26,0,27,Llenando ventana
751,6,EHO,poblacional,1887.702869451941,1887.702869451941,False,False,,,,,,,27,0,28,Llenando ventana
752,6,EHO,poblacional,1887.702869451941,1887.702869451941,False,False,,,,,,,28,0,29,Llenando ventana
753,6,EHO,poblacional,1887.702869451941,1887.702869451941,True,False,0.009666666666589663,0.0,0.009666666666589663,3.0,15.0,9.0,29,0,30,Explotacion activa
754,6,EHO,poblacional,1887.702869451941,1887.702869451941,True,False,0.009666666666589663,0.0,0.009666666666589663,3.0,15.0,9.0,30,0,31,Explotacion activa
755,6,EHO,poblacional,1887.7028580509898,1887.7028580509898,True,False,0.009621062861469909,1.1400951279938454e-05,0.00960966191018997,3.0,15.0,9.0,0,0,32,Explotacion activa
756,6,EHO,poblacional,1887.702363052937,1887.702363052937,True,False,0.008968591260099856,0.0005063990040525823,0.008462192256047274,3.0,15.0,9.0,0,0,33,Explotacion activa
757,6,EHO,poblacional,1887.7022215418826,1887.7022215418826,True,False,0.008827080205264792,0.000647910058432899,0.008179170146831893,3.0,15.0,9.0,0,0,34,Explotacion activa
758,6,EHO,poblacional,1887.7019487265225,1887.7019487265225,True,False,0.008250824606193419,0.000920725418609436,0.007330099187583983,3.0,15.0,9.0,0,0,35,Explotacion activa
759,6,EHO,poblacional,1887.7017193194056,1887.7017193194056,True,False,0.008021417489317173,0.0011501325354856817,0.006871284953831491,3.0,15.0,9.0,0,0,36,Explotacion activa
760,6,EHO,poblacional,1887.7015994239455,1887.7015994239455,True,False,0.00790152202966965,0.0012700279955879523,0.0066314940340816975,3.0,15.0,9.0,0,0,37,Explotacion activa
761,6,EHO,poblacional,1887.7015663526765,1887.7015663526765,True,False,0.007868450760270207,0.0013030992645326478,0.006565351495737559,3.0,15.0,9.0,0,0,38,Explotacion activa
762,6,EHO,poblacional,1887.701193425671,1887.701193425671,True,False,0.007511938197012569,0.0016760262701609463,0.005835911926851622,0.00035789958822078904,0.009164332740510872,0.008806433152290082,0,0,39,Explotacion activa
763,6,EHO,poblacional,1887.7011561950112,1887.7011561950112,True,False,0.007474707537312497,0.0017132569298610179,0.005761450607451479,0.0005063990040525823,0.008968591260099856,0.008462192256047274,0,0,40,Explotacion activa
764,6,EHO,poblacional,1887.7011561950112,1887.7011561950112,True,False,0.00747470753685775,0.0017132569298610179,0.005761450606996732,0.0005488523203666773,0.008926137943649336,0.00837728562328266,1,0,41,Explotacion activa
765,6,EHO,poblacional,1887.7011561950112,1887.7011561950112,True,False,0.00747470753685775,0.0017132569298610179,0.005761450606996732,0.0005913056366807722,0.008883684627198818,0.008292378990518046,2,0,42,Explotacion activa
766,6,EHO,poblacional,1887.7011561950112,1887.7011561950112,True,False,0.007474707537312497,0.0017132569298610179,0.005761450607451479,0.0006337589529948673,0.008841231310748298,0.008207472357753431,3,0,43,Explotacion activa
767,6,EHO,poblacional,1887.7009720251165,1887.7009720251165,True,False,0.007290537642120398,0.0018974268245983694,0.005393110817522029,0.0007024731304682065,0.008711829085450517,0.00800935595498231,0,0,44,Explotacion activa
768,6,EHO,poblacional,1887.7008464610608,1887.7008464610608,True,False,0.007164973586441192,0.0020229908802775753,0.005141982706163617,0.0007843177385211675,0.008538952405729106,0.007754634667207938,0,0,45,Explotacion activa
769,6,EHO,poblacional,1887.7008464610608,1887.7008464610608,True,False,0.00716497358689594,0.0020229908802775753,0.005141982706618364,0.0008661623465741285,0.008366075726007694,0.007499913379433564,1,0,46,Explotacion activa
770,6,EHO,poblacional,1887.7008464610608,1887.7008464610608,True,False,0.00716497358689594,0.0020229908802775753,0.005141982706618364,0.0009436661302970605,0.008227883894505794,0.007284217764208733,2,0,47,Explotacion activa
771,6,EHO,poblacional,1887.7006960950619,1887.7006960950619,True,False,0.007014607587507271,0.0021733568792114966,0.0048412507082957745,0.001012488265359934,0.00815906175944292,0.007146573494082986,0,0,48,Explotacion activa
772,6,EHO,poblacional,1887.7006960950619,1887.7006960950619,True,False,0.0070146075879620184,0.0021733568792114966,0.004841250708750522,0.001081310400422808,0.008090239624380047,0.007008929223957238,1,0,49,Explotacion activa
773,6,EHO,poblacional,1887.7004483155317,1887.7004483155317,True,False,0.006766828057834573,0.002421136409338942,0.004345691648495631,0.0011501325354856817,0.008021417489317173,0.006871284953831491,0,0,50,Explotacion activa
774,6,EHO,poblacional,1887.700254740669,1887.700254740669,True,False,0.006573253194574136,0.002614711272144632,0.003958541922429504,0.001186101173516363,0.007985448851422916,0.006799347677906553,0,0,51,Explotacion activa
775,6,EHO,poblacional,1887.700254740669,1887.700254740669,True,False,0.006573253194574136,0.002614711272144632,0.003958541922429504,0.001222069811547044,0.007949480213528658,0.006727410401981614,1,0,52,Explotacion activa
776,6,EHO,poblacional,1887.7002240400839,1887.7002240400839,True,False,0.006542552609971608,0.002645411857201907,0.003897140752769701,0.0012580384495777253,0.007913511575634401,0.006655473126056677,0,0,53,Explotacion activa
777,6,EHO,poblacional,1887.7000005280686,1887.7000005280686,True,False,0.006319040594235048,0.0028689238724837196,0.0034501167217513284,0.0012766422493768915,0.007894907775789762,0.00661826552641287,0,0,54,Explotacion activa
778,6,EHO,poblacional,1887.7000005280686,1887.7000005280686,True,False,0.006319040594235048,0.0028689238724837196,0.0034501167217513284,0.0012865636300603,0.007884986394969928,0.006598422764909628,1,0,55,Explotacion activa
779,6,EHO,poblacional,1887.6998662167998,1887.6998662167998,True,False,0.006184729325923399,0.0030032351412501157,0.0031814941846732836,0.0012964850107437087,0.007875065014150095,0.006578580003406387,0,0,56,Explotacion activa
780,6,EHO,poblacional,1887.6996771766528,1887.6996771766528,True,False,0.005995689178917019,0.0031922752882564964,0.002803413890660522,0.0013403919650954775,0.007832799503944443,0.006492407538848964,0,0,57,Explotacion activa
781,6,EHO,poblacional,1887.6995848968018,1887.6995848968018,True,False,0.005926211229962064,0.0032845551393165806,0.0026416560906454833,0.0014522700667839673,0.007725845734967151,0.006273575668183183,0,0,58,Explotacion activa
782,6,EHO,poblacional,1887.6995848968018,1887.6995848968018,True,False,0.00621995089113625,0.0032845551393165806,0.0029353957518196694,0.0015641481684724565,0.007618891965989859,0.0060547437975174015,1,0,59,Explotacion activa
783,6,EHO,poblacional,1887.6995625424763,1887.6995625424763,True,False,0.006491336226417843,0.003306909464754426,0.003184426761663417,0.0016760262701609463,0.007511938197012569,0.005835911926851622,0,0,60,Explotacion activa
784,6,EHO,poblacional,1887.6991815861693,1887.6991815861693,True,False,0.006487964576990635,0.003676464820500769,0.002811499756489866,0.0016871954680709677,0.007500768999102547,0.00581357353103158,0,0,61,Explotacion activa
785,6,EHO,poblacional,1887.6991815861693,1887.6991815861693,True,False,0.006648915638606923,0.003181466767728125,0.0034674488708787976,0.0016983646659809893,0.007489599801192526,0.005791235135211536,1,0,62,Explotacion activa
786,6,EHO,poblacional,1887.699094490098,1887.699094490098,True,False,0.006714048173762421,0.0031270517845314316,0.0035869963892309897,0.0017095338638910107,0.007478430603282504,0.005768896739391493,0,0,63,Explotacion activa
787,6,EHO,poblacional,1887.6988245852592,1887.6988245852592,True,False,0.0066004874042846495,0.0031241412632425636,0.003476346141042086,0.0017132569298610179,0.007474707537312497,0.005761450607451479,0,0,64,Explotacion activa
788,6,EHO,poblacional,1887.6982406732195,1887.6982406732195,True,False,0.006582065321481423,0.0034786461860676354,0.0031034191354137874,0.0017132569298610179,0.007474707537312497,0.005761450607451479,0,0,65,Explotacion activa
789,6,EHO,poblacional,1887.6981075302492,1887.6981075302492,True,False,0.006622766551799941,0.0034918936962640146,0.0031308728555359266,0.0017132569298610179,0.007474707537312497,0.005761450607451479,0,0,66,Explotacion activa
790,6,EHO,poblacional,1887.6976486594092,1887.6976486594092,True,False,0.006559636024576321,0.003917693267339928,0.002641942757236393,0.0017132569298610179,0.007474707537267022,0.005761450607406004,0,0,67,Explotacion activa
791,6,EHO,poblacional,1887.6976486594092,1887.6976486594092,True,False,0.00618670901940277,0.0035447662617116293,0.0026419427576911403,0.0017132569298610179,0.007474707537130598,0.0057614506072695805,1,0,68,Explotacion activa
792,6,EHO,poblacional,1887.6973269489176,1887.6973269489176,True,False,0.005719767471873638,0.0038292460935736017,0.0018905213783000363,0.0017132569298610179,0.007474707536994174,0.005761450607133156,0,0,69,Explotacion activa
793,6,EHO,poblacional,1887.6967528754242,1887.6967528754242,True,False,0.005948884790541342,0.004403319587026999,0.001545565203514343,0.0017132569298610179,0.00747470753685775,0.005761450606996732,0,0,70,Explotacion activa
794,6,EHO,poblacional,1887.6954825927014,1887.6954825927014,True,False,0.006850258256235975,0.005673602309798298,0.001176655946437677,0.0017132569298610179,0.00747470753685775,0.005761450606996732,0,0,71,Explotacion activa
795,6,EHO,poblacional,1887.695482467067,1887.695482467067,True,False,0.006850132620911609,0.005673727944213169,0.0011764046766984393,0.0017132569298610179,0.00747470753685775,0.005761450606996732,0,0,72,Explotacion activa
796,6,EHO,poblacional,1887.695482467067,1887.695482467067,True,False,0.006665962726174257,0.005489558049475818,0.0011764046766984393,0.0017132569298610179,0.00747470753685775,0.005761450606996732,1,0,73,Explotacion activa
797,6,EHO,poblacional,1887.695482467067,1887.695482467067,True,False,0.006841130668817641,0.005363993993796612,0.001477136675021029,0.001750090908808488,0.007437873557910279,0.00568778264910179,2,0,74,Explotacion activa
798,6,EHO,poblacional,1887.6950873453613,1887.6950873453613,True,False,0.00656958570812094,0.005759115699447648,0.0008104700086732919,0.0018053418772296936,0.007382622589489073,0.005577280712259379,0,0,75,Explotacion activa
799,6,EHO,poblacional,1887.6942702993204,1887.6942702993204,True,False,0.007041675573873363,0.0065761617404405115,0.00046551383343285124,0.001860592845650899,0.007327371621067867,0.005466778775416968,0,0,76,Explotacion activa
800,6,EHO,poblacional,1887.6937201040007,1887.6937201040007,True,False,0.007096548719800921,0.0069759910611537634,0.00012055765864715795,0.00190998323016629,0.007277981236597952,0.005367998006431662,0,0,77,Explotacion activa
801,6,EHO,poblacional,1887.6937201040007,1887.6937201040007,True,False,0.007335836522088357,0.0069759910611537634,0.0003598454609345936,0.0019476524468700516,0.007317716970101173,0.0052926595731605615,1,0,78,Explotacion activa
802,6,EHO,poblacional,1887.6936430883827,1887.6936430883827,True,False,0.007072442543631041,0.006805227149015991,0.00026721539461505017,0.0019853216635738135,0.007304127306110786,0.005217321139889463,0,0,79,Explotacion activa
803,6,EHO,poblacional,1887.6933643619034,1887.6933643619034,True,False,0.006921851693505232,0.0068903787655472115,3.147292795802059e-05,0.0020229908802775753,0.007290537642120398,0.005141982706618364,0,0,80,Explotacion activa
804,6,EHO,poblacional,1887.693053435015,1887.693053435015,True,False,0.0067362383440467966,0.0072013056540072284,-0.0004650673099604319,0.0020229908802775753,0.00725286842555306,0.005141982706618364,0,0,81,Explotacion activa
805,6,EHO,poblacional,1887.6928958743733,1887.6928958743733,True,False,0.0068165996544848895,0.00732816571053263,-0.0005115660560477409,0.0020229908802775753,0.007215199208985723,0.005141982706618364,0,0,82,Explotacion activa
806,6,EHO,poblacional,1887.6928958743733,1887.6928958743733,True,False,0.006914798131219868,0.007104653695250818,-0.0001898555640309496,0.0020229908802775753,0.007177529992418385,0.005141982706618364,1,0,83,Explotacion activa
807,6,EHO,poblacional,1887.6928078867975,1887.6928078867975,True,False,0.0070677400599379325,0.007192641271103639,-0.00012490121116570663,0.0020229908802775753,0.00716497358689594,0.0051419827065274145,0,0,84,Explotacion activa
808,6,EHO,poblacional,1887.6928078867975,1887.6928078867975,True,False,0.006933428791171536,0.007058330002337243,-0.00012490121116570663,0.0020229908802775753,0.00716497358689594,0.005141982706390991,1,0,85,Explotacion activa
809,6,EHO,poblacional,1887.6925298668323,1887.6925298668323,True,False,0.00651107732892342,0.007147309820538794,-0.0006362324916153739,0.0020229908802775753,0.00716497358689594,0.005141982706254567,0,0,86,Explotacion activa
810,6,EHO,poblacional,1887.6925298668323,1887.6925298668323,True,False,0.006740507969880127,0.00705502996947871,-0.0003145219995985826,0.002038027480170967,0.007164973586850465,0.005111909506422307,1,0,87,Explotacion activa
811,6,EHO,poblacional,1887.691740383264,1887.691740383264,True,False,0.007185035363363568,0.007844513537747844,-0.0006594781743842759,0.0020831372798511437,0.00716497358689594,0.005021689907198377,0,0,88,Explotacion activa
812,6,EHO,poblacional,1887.6916288928173,1887.6916288928173,True,False,0.007248628416846259,0.007933649658980357,-0.0006850212421340984,0.00212824707953132,0.007170992119836228,0.004931470307974449,0,0,89,Explotacion activa
813,6,EHO,poblacional,1887.6916288928173,1887.6916288928173,True,False,0.007189382601836769,0.007552693351954076,-0.0003633107501173072,0.0021733568792114966,0.007185035363363568,0.004841250708750522,1,0,90,Explotacion activa
814,6,EHO,poblacional,1887.6916288928173,1887.6916288928173,True,False,0.007511093093398813,0.007552693351954076,-4.160025855526328e-05,0.0021733568792114966,0.007188078430294809,0.004841250708614098,2,0,91,Explotacion activa
815,6,EHO,poblacional,1887.6915157486612,1887.6915157486612,True,False,0.007632563357219624,0.007578741436873315,5.3821920346308616e-05,0.0021733568792114966,0.007213080927840565,0.004841250708477673,0,0,92,Explotacion activa
816,6,EHO,poblacional,1887.6914095968757,1887.6914095968757,True,False,0.007796316410576765,0.0074149883835161745,0.0003813280270605901,0.0021733568792114966,0.007252819339373673,0.0048412507083412494,0,0,93,Explotacion activa
817,6,EHO,poblacional,1887.6910622078226,1887.6910622078226,True,False,0.007504368873469502,0.007178465396918909,0.00032590347655059304,0.0022229127852369853,0.00728215579706557,0.004742138896335744,0,0,94,Explotacion activa
818,6,EHO,poblacional,1887.6904617453972,1887.6904617453972,True,False,0.007626732153312332,0.00764578485200218,-1.9052698689847603e-05,0.0022972466442752193,0.007313187082104378,0.004593471178395703,0,0,95,Explotacion activa
819,6,EHO,poblacional,1887.6904617453972,1887.6904617453972,True,False,0.007512817487622669,0.007186914011981571,0.00032590347564109834,0.0023715805033134533,0.007363610725042235,0.004444803460455658,1,0,96,Explotacion activa
820,6,EHO,poblacional,1887.690052188977,1887.690052188977,True,False,0.007577417733955372,0.007596470432190472,-1.905269823510025e-05,0.0024404938956195106,0.00746082043538081,0.004306976675889018,0,0,97,Explotacion activa
821,6,EHO,poblacional,1887.6898129267684,1887.6898129267684,True,False,0.007659866016865635,0.007514022149280208,0.00014584386758542678,0.0024985663544612176,0.00747470753685775,0.004190831758069178,0,0,98,Explotacion activa
822,6,EHO,poblacional,1887.6896341887268,1887.6896341887268,True,False,0.007282806242301376,0.007118686697367593,0.0001641195449337829,0.002556638813302925,0.00747470753685775,0.004074686840249341,0,0,99,Explotacion activa
823,6,EHO,poblacional,1887.6893638304502,1887.6893638304502,True,False,0.00574216524341864,0.0061187622511624795,-0.00037659700774383964,0.002614711272144632,0.00747470753685775,0.003958541922429504,0,0,100,Explotacion activa
824,6,EHO,poblacional,1887.6893638304502,1887.6893638304502,True,False,0.006061317222247453,0.006118636616747608,-5.7319394500154885e-05,0.002614711272144632,0.0074330462324269314,0.003958541922429504,1,0,101,Explotacion activa
825,6,EHO,poblacional,1887.6890834168935,1887.6890834168935,True,False,0.006100181279180106,0.0063990501735133876,-0.0002988688943332818,0.002614711272144632,0.007391384927996114,0.003958541922429504,0,0,102,Explotacion activa
826,6,EHO,poblacional,1887.6890083913115,1887.6890083913115,True,False,0.006344433310459863,0.006474075755477315,-0.0001296424450174527,0.002614711272144632,0.007349723623565296,0.003958541922429504,0,0,103,Explotacion activa
827,6,EHO,poblacional,1887.6890083913115,1887.6890083913115,True,False,0.006615978272520806,0.0060789540498262795,0.0005370242226945265,0.002620851389156087,0.007326776746094765,0.003946261688497543,1,0,104,Explotacion activa
828,6,EHO,poblacional,1887.6889403150149,1887.6889403150149,True,False,0.006260387663360234,0.005329984305490143,0.000930403357870091,0.0026300615646732695,0.007313187082104378,0.003927841337599602,0,0,105,Explotacion activa
829,6,EHO,poblacional,1887.6885619804996,1887.6885619804996,True,False,0.005741137805898688,0.00515812350113265,0.0005830143047660385,0.002639271740190452,0.00729959741811399,0.003909420986701662,0,0,106,Explotacion activa
830,6,EHO,poblacional,1887.6882635193472,1887.6882635193472,True,False,0.0057619542672000534,0.005456584653529717,0.00030536961367033655,0.0026677630587300877,0.007289764502138496,0.0038661263164158294,0,0,107,Explotacion activa
831,6,EHO,poblacional,1887.6879958832308,1887.6879958832308,True,False,0.005736580146049164,0.005647205151944945,8.937499410421879e-05,0.0027348166633146317,0.007287445082192789,0.003773083007354215,0,0,108,Explotacion activa
832,6,EHO,poblacional,1887.6876763574503,1887.6876763574503,True,False,0.005674178563140231,0.005688004453077156,-1.3825889936924796e-05,0.0028018702678991756,0.007285125662247083,0.003680039698292602,0,0,109,Explotacion activa
833,6,EHO,poblacional,1887.6866802467116,1887.6866802467116,True,False,0.005868670898735218,0.006373188303314237,-0.0005045174045790191,0.0028689238724837196,0.007282806242301376,0.0035869963892309897,0,0,110,Explotacion activa
834,6,EHO,poblacional,1887.68381004661,1887.68381004661,True,False,0.007914643692402024,0.00908582776332878,-0.0011711840709267562,0.0028689238724837196,0.007288218222174692,0.0035538013147743183,0,0,111,Explotacion activa
835,6,EHO,poblacional,1887.683001982604,1887.683001982604,True,False,0.00837556681199203,0.00989389176925215,-0.0015183249572601198,0.0028689238724837196,0.007308657194107582,0.003520606240317647,0,0,112,Explotacion activa
836,6,EHO,poblacional,1887.683001982604,1887.683001982604,True,False,0.008524093385631204,0.009805904193399329,-0.0012818108077681245,0.0028689238724837196,0.007349723623565296,0.0034874111658609757,1,0,113,Explotacion activa
837,6,EHO,poblacional,1887.6820268038466,1887.6820268038466,True,False,0.009152131257224028,0.010781082950870768,-0.0016289516936467408,0.0028957861262369987,0.007446933333903871,0.003474566687009428,0,0,114,Explotacion activa
838,6,EHO,poblacional,1887.681931742708,1887.681931742708,True,False,0.009098575933421671,0.010598124124271635,-0.0014995481908499642,0.0029360795068669177,0.00747470753685775,0.0034718975059604418,0,0,115,Explotacion activa
839,6,EHO,poblacional,1887.6817594052582,1887.6817594052582,True,False,0.009176834482332197,0.010770461574111323,-0.0015936270917791262,0.0029763728874968366,0.0074747075369487,0.0034692283249114554,0,0,116,Explotacion activa
840,6,EHO,poblacional,1887.6811177336003,1887.6811177336003,True,False,0.008362355906456287,0.010622649663673656,-0.0022602937572173687,0.0030153257534493603,0.007474707537267022,0.003465715655966051,0,0,117,Explotacion activa
841,6,EHO,poblacional,1887.6807370692882,1887.6807370692882,True,False,0.008191151416895082,0.010891823529163958,-0.002700672112268876,0.0030515975900470946,0.007474707537312497,0.0034605160112278098,0,0,118,Explotacion activa
842,6,EHO,poblacional,1887.6800960913222,1887.6800960913222,True,False,0.00837776628713982,0.011532801495150125,-0.003155035208010304,0.0030878694266448293,0.0074836059381595986,0.003455316366489569,0,0,119,Explotacion activa
843,6,EHO,poblacional,1887.6800960913222,1887.6800960913222,True,False,0.008697292067608942,0.011532801495150125,-0.002835509427541183,0.0031241412632425636,0.007504368873469502,0.0034501167217513284,1,0,120,Explotacion activa
844,6,EHO,poblacional,1887.6793672898864,1887.6793672898864,True,False,0.008965808461880442,0.012148458774845494,-0.003182650312965052,0.003125014419629224,0.00750907582742002,0.0034501167217513284,0,0,121,Explotacion activa
845,6,EHO,poblacional,1887.6793672898864,1887.6793672898864,True,False,0.00917918245590954,0.012042306989314966,-0.0028631245334054256,0.0031258875760158842,0.007511431134844315,0.0034501167217513284,1,0,122,Explotacion activa
846,6,EHO,poblacional,1887.6793446989661,1887.6793446989661,True,False,0.009475869148900529,0.01171750885646361,-0.002241639707563081,0.003126760732402545,0.007512026126073578,0.0034501167217513284,0,0,123,Explotacion activa
847,6,EHO,poblacional,1887.6793446989661,1887.6793446989661,True,False,0.009222547610761467,0.01111704643108169,-0.0018944988203202229,0.00313793478117077,0.007512641629500649,0.0033969787297337454,1,0,124,Explotacion activa
848,6,EHO,poblacional,1887.6790647952873,1887.6790647952873,True,False,0.009262169711519164,0.011396950109883619,-0.0021347803983644553,0.0031542592761297783,0.0075451176107890205,0.0033172717417073727,0,0,125,Explotacion activa
849,6,EHO,poblacional,1887.6790218006984,1887.6790218006984,True,False,0.009476285369146353,0.011030388278641112,-0.001554102909494759,0.003170583771088786,0.007587280617826763,0.003237564753680996,0,0,126,Explotacion activa
850,6,EHO,poblacional,1887.6790055749427,1887.6790055749427,True,False,0.00963893711741548,0.010807351825633305,-0.0011684147082178242,0.003182547619780962,0.007621800711376636,0.0031841335039644036,0,0,127,Explotacion activa
851,6,EHO,poblacional,1887.6790055749427,1887.6790055749427,True,False,0.009779724856343819,0.010628613784092522,-0.0008488889277487033,0.0031857901759394735,0.007630230875656707,0.0031832537308673636,1,0,128,Explotacion activa
852,6,EHO,poblacional,1887.6790055749427,1887.6790055749427,True,False,0.009828892359792007,0.010358255507526337,-0.0005293631477343297,0.003189032732097985,0.007640754155113427,0.0031823739577703236,2,0,129,Explotacion activa
853,6,EHO,poblacional,1887.6787478934712,1887.6787478934712,True,False,0.009643037605201243,0.010615936979093021,-0.0009728993738917779,0.0031922752882564964,0.007659866016865635,0.0031814941846732836,0,0,130,Explotacion activa
854,6,EHO,poblacional,1887.6787478934712,1887.6787478934712,True,False,0.009498776642203666,0.010335523422327242,-0.0008367467801235762,0.0032199592435745213,0.0077553812924634246,0.003166307785932076,1,0,131,Explotacion activa
855,6,EHO,poblacional,1887.6787478934712,1887.6787478934712,True,False,0.009743276839799364,0.010260497840363314,-0.0005172210005639499,0.0032476431988925467,0.007825170150454142,0.003151121387190869,2,0,132,Explotacion activa
856,6,EHO,poblacional,1887.6787478934712,1887.6787478934712,True,False,0.010062802619813738,0.010260497840363314,-0.00019769522054957633,0.003275327154210572,0.007871757887210151,0.003135934988449662,3,0,133,Explotacion activa
857,6,EHO,poblacional,1887.6786178299176,1887.6786178299176,True,False,0.010184188551420448,0.010322485097276513,-0.00013829654585606477,0.0032845551393165806,0.007894907775789762,0.0031253821115114987,0,0,134,Explotacion activa
858,6,EHO,poblacional,1887.6784253231672,1887.6784253231672,True,False,0.01028001395161482,0.010136657332395771,0.0001433566192190483,0.0032845551393165806,0.007908082861035837,0.003117145995474857,0,0,135,Explotacion activa
859,6,EHO,poblacional,1887.678415735529,1887.678415735529,True,False,0.010568887465296939,0.009847783818258904,0.000721103647038035,0.0032845551393165806,0.007935998451785052,0.003108909879438215,0,0,136,Explotacion activa
860,6,EHO,poblacional,1887.678287508503,1887.678287508503,True,False,0.010708296556686037,0.009708374727779301,0.0009999218289067358,0.003286790571860365,0.008010740109625656,0.0030866167970543743,0,0,137,Explotacion activa
861,6,EHO,poblacional,1887.6776849607434,1887.6776849607434,True,False,0.01096370343043418,0.00999139670693694,0.0009723067234972405,0.003293496869491719,0.008123257845863917,0.0030362097819761394,0,0,138,Explotacion activa
862,6,EHO,poblacional,1887.677569446669,1887.677569446669,True,False,0.010518745283206954,0.009110800042662959,0.0014079452405439952,0.0033002031671230726,0.008209053373684582,0.002985802766897904,0,0,139,Explotacion activa
863,6,EHO,poblacional,1887.6772568639585,1887.6772568639585,True,False,0.008002629137536132,0.006553182651487077,0.0014494464860490552,0.003306909464754426,0.008191151416895082,0.0029353957518196694,0,0,140,Explotacion activa
864,6,EHO,poblacional,1887.6769582612978,1887.6769582612978,True,False,0.007250046427316192,0.006043721306241423,0.0012063251210747694,0.0033584304811483884,0.008140231238621707,0.002898226953220727,0,0,141,Explotacion activa
865,6,EHO,poblacional,1887.6769203085232,1887.6769203085232,True,False,0.007524676363118488,0.006081674080860466,0.0014430022822580213,0.003409951497542352,0.008089311060348336,0.0028610581546217864,0,0,142,Explotacion activa
866,6,EHO,poblacional,1887.6768106904342,1887.6768106904342,True,False,0.00698408575067333,0.0052161134124162345,0.0017679723382570955,0.0034614725139363142,0.008038390882074963,0.0028238893560228453,0,0,143,Explotacion activa
867,6,EHO,poblacional,1887.6768106904342,1887.6768106904342,True,False,0.00720160732248587,0.005121052273807436,0.002080555048678434,0.003481295688106911,0.008017659818960965,0.0028098825833239973,1,0,144,Explotacion activa
868,6,EHO,poblacional,1887.6767496374894,1887.6767496374894,True,False,0.00731289182749606,0.005009767768797246,0.0023031240586988133,0.003485269941165825,0.008012023313426653,0.002807456823575194,0,0,145,Explotacion activa
869,6,EHO,poblacional,1887.6767186470674,1887.6767186470674,True,False,0.007306896414092989,0.004399086532885121,0.002907809881207868,0.0034892441942247386,0.00800638680789234,0.002830761781433465,0,0,146,Explotacion activa
870,6,EHO,poblacional,1887.6764959643572,1887.6764959643572,True,False,0.007370216058006918,0.004241104930997608,0.0031291111270093097,0.0034971809528087762,0.007993830593022722,0.002898178868736067,0,0,147,Explotacion activa
871,6,EHO,poblacional,1887.6764915657234,1887.6764915657234,True,False,0.007078923414610472,0.0036045255988028657,0.003474397815807606,0.0035130427224430603,0.007967434959482489,0.0029243614035749485,0,0,148,Explotacion activa
872,6,EHO,poblacional,1887.6761182081996,1887.6761182081996,True,False,0.006872297358540891,0.003977883122615822,0.002894414235925069,0.003528904492077345,0.007941039325942256,0.0029160856423914084,0,0,149,Explotacion activa
873,6,EHO,poblacional,1887.6758786937462,1887.6758786937462,True,False,0.005903981468918573,0.003488596140186928,0.002415385328731645,0.0034918936962640146,0.007914643692402024,0.002907809881207868,0,0,150,Explotacion activa
874,6,EHO,poblacional,1887.6757450331454,1887.6757450331454,True,False,0.006082903578544574,0.003622256740982266,0.002460646837562308,0.0035077554658982987,0.007910707193582311,0.002903791187623028,0,0,151,Explotacion activa
875,6,EHO,poblacional,1887.6756419628205,1887.6756419628205,True,False,0.006269825044228128,0.0037027361456694052,0.0025670888985587226,0.0035236172355325836,0.007906770694762599,0.0028997724940381885,0,0,152,Explotacion activa
876,6,EHO,poblacional,1887.6752639085216,1887.6752639085216,True,False,0.006034295302242754,0.004080790444504601,0.001953504857738153,0.0035394790051668677,0.007902834195942888,0.002895753800453349,0,0,153,Explotacion activa
877,6,EHO,poblacional,1887.6749537604173,1887.6749537604173,True,False,0.005444243518695657,0.004111034869993091,0.0013332086487025663,0.0035567181291298764,0.007894907775789762,0.002877831340038028,0,0,154,Explotacion activa
878,6,EHO,poblacional,1887.6746065171399,1887.6746065171399,True,False,0.005061303505044634,0.00441528355850096,0.0006460199465436745,0.0035746459302572475,0.007884986394969928,0.0028529569962074675,0,0,155,Explotacion activa
879,6,EHO,poblacional,1887.6746065171399,1887.6746065171399,True,False,0.005364501138274136,0.004399057802856987,0.0009654433354171488,0.003592573731384618,0.007875065014150095,0.0028280826523769055,1,0,156,Explotacion activa
880,6,EHO,poblacional,1887.674590612066,1887.674590612066,True,False,0.005544535618128066,0.004414962876808204,0.001129572741319862,0.0036062987130208056,0.007861237325300863,0.0028106911699069316,0,0,157,Explotacion activa
881,6,EHO,poblacional,1887.673837401698,1887.673837401698,True,False,0.005631079319755372,0.005168173244783247,0.00046290607497212477,0.003611618055674626,0.00783959702039283,0.0028082654101581283,0,0,158,Explotacion activa
882,6,EHO,poblacional,1887.6737702974158,1887.6737702974158,True,False,0.0053062935655816545,0.004977596055368849,0.00032869751021280535,0.003616937398328446,0.007817956715484797,0.0028058396504093254,0,0,159,Explotacion activa
883,6,EHO,poblacional,1887.6735018411086,1887.6735018411086,True,False,0.00529796436558172,0.005246052362508635,5.1912003073084634e-05,0.003622256740982266,0.007796316410576765,0.002803413890660522,0,0,160,Explotacion activa
884,6,EHO,poblacional,1887.672849832089,1887.672849832089,True,False,0.005602730108648757,0.00589806138214044,-0.00029533127349168353,0.003638519164837817,0.0077553812924634246,0.002754972550769706,0,0,161,Explotacion activa
885,6,EHO,poblacional,1887.6723362763648,1887.6723362763648,True,False,0.005534384554039207,0.00641161710632332,-0.0008772325522841129,0.0036547815886933677,0.007714446174350085,0.0027065312108788915,0,0,162,Explotacion activa
886,6,EHO,poblacional,1887.6723362763648,1887.6723362763648,True,False,0.00566077505186513,0.006281553552753394,-0.0006207785008882638,0.0036710440125489185,0.007673511056236747,0.0026580898709880774,1,0,163,Explotacion activa
887,6,EHO,poblacional,1887.6720405904637,1887.6720405904637,True,False,0.005492005790074472,0.006384732703509144,-0.0008927269134346716,0.003681719085534496,0.0076544054849364326,0.002641942757600191,0,0,164,Explotacion activa
888,6,EHO,poblacional,1887.671469214801,1887.671469214801,True,False,0.005706550537979638,0.0069465207279790775,-0.0012399701899994398,0.003689600483085087,0.0076462146870426295,0.0026419427574637666,0,0,165,Explotacion activa
889,6,EHO,poblacional,1887.6703254701124,1887.6703254701124,True,False,0.006374824921749678,0.007962038390587622,-0.0015872134688379447,0.003697481880635678,0.007638023889148826,0.0026419427573273423,0,0,166,Explotacion activa
890,6,EHO,poblacional,1887.6703254701124,1887.6703254701124,True,False,0.006350548587533922,0.007359490630960863,-0.0010089420434269414,0.003715387140459825,0.007631980236828895,0.002641914090577302,1,0,167,Explotacion activa
891,6,EHO,poblacional,1887.668210358582,1887.668210358582,True,False,0.008002902767884734,0.009359088086966949,-0.0013561853190822148,0.003753340124831084,0.007648944953007231,0.002641828090600029,0,0,168,Explotacion activa
892,6,EHO,poblacional,1887.668210358582,1887.668210358582,True,False,0.008249562358514595,0.00904650537654561,-0.0007969430180310155,0.0037912931092023423,0.0077008011349789735,0.002641742090622756,1,0,169,Explotacion activa
893,6,EHO,poblacional,1887.6678876514222,1887.6678876514222,True,False,0.007618401225954585,0.00907060987560726,-0.0014522086496526754,0.0038292460935736017,0.007659866016865635,0.0026416560906454833,0,0,170,Explotacion activa
894,6,EHO,poblacional,1887.6678876514222,1887.6678876514222,True,False,0.007702554340539791,0.009032657100988217,-0.0013301027604484261,0.0038557802457034993,0.007689747843437544,0.002619285933019454,1,0,171,Explotacion activa
895,6,EHO,poblacional,1887.6673682802332,1887.6673682802332,True,False,0.007507621619879501,0.009442410201017992,-0.0019347885811384913,0.0038823143978333973,0.007676941346335297,0.002596915775393426,0,0,172,Explotacion activa
896,6,EHO,poblacional,1887.6670486082762,1887.6670486082762,True,False,0.007510656822205419,0.009762082157976693,-0.0022514253357712732,0.003908848549963295,0.007664134849233051,0.002574545617767398,0,0,173,Explotacion activa
897,6,EHO,poblacional,1887.6670486082762,1887.6670486082762,True,False,0.007581059403491963,0.009701029213147194,-0.002119969809655231,0.003929731238395106,0.0076544054849364326,0.0025458004863594392,1,0,174,Explotacion activa
898,6,EHO,poblacional,1887.6665949331684,1887.6665949331684,True,False,0.007659784583211149,0.010123713899020004,-0.002463929315808855,0.003947788194977875,0.007659825300038392,0.0025138678680605153,0,0,175,Explotacion activa
899,6,EHO,poblacional,1887.6665949331684,1887.6665949331684,True,False,0.0077598090317678725,0.009901031188746856,-0.0021412221569789835,0.0039658451515606425,0.007668403681600466,0.0024819352497615897,1,0,176,Explotacion activa
900,6,EHO,poblacional,1887.6665949331684,1887.6665949331684,True,False,0.008078117557715814,0.009896632554955431,-0.0018185149972396175,0.0039881738548046995,0.007698285508172375,0.0024561206866792413,2,0,177,Explotacion activa
901,6,EHO,poblacional,1887.6665949331684,1887.6665949331684,True,False,0.008355795981515257,0.009523275031142475,-0.001167479049627218,0.0040190460513713335,0.00773690715527664,0.0024425422340300425,3,0,178,Explotacion activa
902,6,EHO,poblacional,1887.6665949331684,1887.6665949331684,True,False,0.008438988687885285,0.009283760577773137,-0.000844771889887852,0.004049918247937967,0.00777076124541054,0.002428963781380844,4,0,179,Explotacion activa
903,6,EHO,poblacional,1887.6665276465826,1887.6665276465826,True,False,0.008560748660556783,0.009217386562795582,-0.0006566379022387991,0.004080790444504601,0.007796316410576765,0.002415385328731645,0,0,180,Explotacion activa
904,6,EHO,poblacional,1887.6659823823452,1887.6659823823452,True,False,0.008658983066425208,0.009659580475272378,-0.0010005974088471703,0.004089863772151148,0.007846810455362174,0.002381706947721794,0,0,181,Explotacion activa
905,6,EHO,poblacional,1887.6658962621445,1887.6658962621445,True,False,0.008861475234198224,0.009367646377086203,-0.0005061711428879789,0.004098937099797695,0.007881679268029984,0.002348028566711945,0,0,182,Explotacion activa
906,6,EHO,poblacional,1887.6658962621445,1887.6658962621445,True,False,0.008901978672156474,0.009057498272795783,-0.00015551960063930892,0.004108010427444242,0.007902834195942888,0.002314350185702096,1,0,183,Explotacion activa
907,6,EHO,poblacional,1887.665859262263,1887.665859262263,True,False,0.008840442673317739,0.008747254876880106,9.318779643763264e-05,0.004137048882193994,0.00791201935985555,0.002258610256694737,0,0,184,Explotacion activa
908,6,EHO,poblacional,1887.6655981476483,1887.6655981476483,True,False,0.008902035218852689,0.00900836949153927,-0.00010633427268658124,0.004176069900495349,0.007958636414969078,0.0021918395536886237,0,0,185,Explotacion activa
909,6,EHO,poblacional,1887.6655981476483,1887.6655981476483,True,False,0.009208837303731343,0.008992464417588053,0.0002163728861432901,0.004215090918796704,0.008002683863605854,0.0021250688506825074,1,0,186,Explotacion activa
910,6,EHO,poblacional,1887.6653748496403,1887.6653748496403,True,False,0.008710497000038231,0.008462552057608264,0.00024794494242996734,0.004256900218183546,0.008002875404849874,0.002067850029584405,0,0,187,Explotacion activa
911,6,EHO,poblacional,1887.6652389936103,1887.6652389936103,True,False,0.008830243848478858,0.008531303805511925,0.0002989400429669331,0.004304286079741359,0.008014011600744197,0.002029734972302321,0,0,188,Explotacion activa
912,6,EHO,poblacional,1887.6648081344367,1887.6648081344367,True,False,0.008862892661909427,0.008693706671920154,0.00016918598998927337,0.004351671941299173,0.008038427509836766,0.001991619915020237,0,0,189,Explotacion activa
913,6,EHO,poblacional,1887.6648081344367,1887.6648081344367,True,False,0.008877550307261117,0.008041697652288349,0.0008358526549727685,0.004399057802856987,0.008078117557715814,0.001953504857738153,1,0,190,Explotacion activa
914,6,EHO,poblacional,1887.6641504012866,1887.6641504012866,True,False,0.008699020574795213,0.008185875078197569,0.0005131454965976445,0.004399066421865427,0.0081572412591413,0.0019346098139067173,0,0,191,Explotacion activa
915,6,EHO,poblacional,1887.6641504012866,1887.6641504012866,True,False,0.009021727734989327,0.008185875078197569,0.0008358526567917579,0.004399075040873867,0.008214515793542886,0.0019157147700752824,1,0,192,Explotacion activa
916,6,EHO,poblacional,1887.6641499280438,1887.6641499280438,True,False,0.009316940391954631,0.007890662419868022,0.0014262779720866092,0.004399083659882308,0.008249688583282478,0.0018968197262438477,0,0,193,Explotacion activa
917,6,EHO,poblacional,1887.6635095400138,1887.6635095400138,True,False,0.00938595276011256,0.007959674787116455,0.001426277972996104,0.004399933143713497,0.008250572156657653,0.0018660115702914478,0,0,194,Explotacion activa
918,6,EHO,poblacional,1887.6633845741253,1887.6633845741253,True,False,0.008461201689669906,0.006940895987099793,0.0015203057025701128,0.00440120305995606,0.008303310293854336,0.0018292468582785642,0,0,195,Explotacion activa
919,6,EHO,poblacional,1887.6633845741253,1887.6633845741253,True,False,0.008783908848954525,0.006940895987099793,0.0018430128618547315,0.004402472976198624,0.008357107966503463,0.001852514565143792,1,0,196,Explotacion activa
920,6,EHO,poblacional,1887.663209125771,1887.663209125771,True,False,0.006837308471176584,0.0050012328110824456,0.0018360756600941386,0.00440448391600512,0.008345298843983072,0.001842319141678672,0,0,197,Explotacion activa
921,6,EHO,poblacional,1887.663209125771,1887.663209125771,True,False,0.007160015631825445,0.0050012328110824456,0.0021587828207429993,0.004407976902939481,0.008313807431386521,0.0018715179717219141,1,0,198,Explotacion activa
922,6,EHO,poblacional,1887.66289299603,1887.66289299603,True,False,0.0068469210928014945,0.004994655392238201,0.0018522657005632936,0.0044114698898738425,0.00828231601878997,0.0018637424038843164,0,0,199,Explotacion activa
923,6,EHO,poblacional,1887.6625187549587,1887.6625187549587,True,False,0.006874167454270719,0.005368896463551209,0.0015052709907195094,0.004414962876808204,0.008250824606193419,0.0018522657005632934,0,0,200,Explotacion activa
924,6,EHO,poblacional,1887.6625187549587,1887.6625187549587,True,False,0.007021462932925715,0.004849525274494226,0.0021719376584314887,0.004415059081316031,0.008250445931889772,0.001879044674979013,1,0,201,Explotacion activa
925,6,EHO,poblacional,1887.6625187549587,1887.6625187549587,True,False,0.007025005147625052,0.004529853317535526,0.002495151830089526,0.004415155285823857,0.008250067257586124,0.0019157147700752824,2,0,202,Explotacion activa
926,6,EHO,poblacional,1887.6620958391618,1887.6620958391618,True,False,0.006815661464088407,0.004952769114424882,0.0018628923496635252,0.004415251490331684,0.008249688583282478,0.0018968197262438477,0,0,203,Explotacion activa
927,6,EHO,poblacional,1887.6620074678112,1887.6620074678112,True,False,0.00627361500482948,0.004587465357190013,0.0016861496476394677,0.004438197510307873,0.008237880170190693,0.001884995572572734,0,0,204,Explotacion activa
928,6,EHO,poblacional,1887.661803753233,1887.661803753233,True,False,0.006069900427064567,0.004791179935409673,0.0012787204916548944,0.004472568438018243,0.008220356887704838,0.0018767068639817803,0,0,205,Explotacion activa
929,6,EHO,poblacional,1887.661803753233,1887.661803753233,True,False,0.006204473598700133,0.004791179935409673,0.0014132936632904602,0.004506939365728612,0.008202833605218984,0.001868418155390827,1,0,206,Explotacion activa
930,6,EHO,poblacional,1887.6611633763812,1887.6611633763812,True,False,0.006494313525081452,0.005431556787243608,0.0010627567378378444,0.004535614521500975,0.008179848030977153,0.001861829684753502,0,0,207,Explotacion activa
931,6,EHO,poblacional,1887.6611550107802,1887.6611550107802,True,False,0.006802077664133321,0.005439922388177365,0.0013621552759559563,0.004552898133397321,0.008145937873223374,0.0018586416900234326,0,0,208,Explotacion activa
932,6,EHO,poblacional,1887.6601061426734,1887.6601061426734,True,False,0.007323640105141749,0.006421503909223247,0.0009021361959185015,0.004570181745293667,0.008112027715469594,0.001855453695293363,0,0,209,Explotacion activa
933,6,EHO,poblacional,1887.6592520400727,1887.6592520400727,True,False,0.0070398115656189475,0.006730342272476264,0.00030946929314268345,0.004587465357190013,0.008078117557715814,0.0018522657005632934,0,0,210,Explotacion activa
934,6,EHO,poblacional,1887.6592520400727,1887.6592520400727,True,False,0.007269821104046059,0.006644222071827244,0.0006255990322188154,0.00464857973065591,0.008061107537196221,0.001849489848950725,1,0,211,Explotacion activa
935,6,EHO,poblacional,1887.6592520400727,1887.6592520400727,True,False,0.0074759205929240125,0.006644222071827244,0.0008316985210967687,0.004709694104121809,0.008044097516676629,0.0018467139973381563,2,0,212,Explotacion activa
936,6,EHO,poblacional,1887.6588776916055,1887.6588776916055,True,False,0.007462732253998183,0.006981570657444536,0.00048116159655364754,0.004770808477587707,0.008027087496157036,0.0018439381457255877,0,0,213,Explotacion activa
937,6,EHO,poblacional,1887.658652391929,1887.658652391929,True,False,0.007292447702411664,0.006945755719243607,0.00034669198316805705,0.004791179935409673,0.008017714545030684,0.0018416254215026127,0,0,214,Explotacion activa
938,6,EHO,poblacional,1887.6586194304466,1887.6586194304466,True,False,0.007575615960377036,0.006978717201718609,0.0005968987586584262,0.004791179935409673,0.008012160128600954,0.001839544260974435,0,0,215,Explotacion activa
939,6,EHO,poblacional,1887.658372263857,1887.658372263857,True,False,0.00750732969981982,0.007002585783311588,0.0005047439165082324,0.004791179935409673,0.008006605712171221,0.0018374631004462571,0,0,216,Explotacion activa
940,6,EHO,poblacional,1887.6579808145677,1887.6579808145677,True,False,0.007412386033593066,0.007258179042537449,0.00015420699105561653,0.004797014469318128,0.008002875404849874,0.0018292653279104348,0,0,217,Explotacion activa
941,6,EHO,poblacional,1887.6576499890364,1887.6576499890364,True,False,0.006986542462300349,0.007158145400353533,-0.0001716029380531836,0.004814518071043494,0.008002793315745294,0.0018088343313593209,0,0,218,Explotacion activa
942,6,EHO,poblacional,1887.6560850680974,1887.6560850680974,True,False,0.007890758824714794,0.008723066339371144,-0.0008323075146563497,0.00483202167276886,0.008002711226640712,0.0017884033348082072,0,0,219,Explotacion activa
943,6,EHO,poblacional,1887.656077631572,1887.656077631572,True,False,0.0075564146802662435,0.008072769714544847,-0.0005163550342786039,0.004849525274494226,0.008002629137536132,0.0017679723382570955,0,0,220,Explotacion activa
944,6,EHO,poblacional,1887.655033481906,1887.655033481906,True,False,0.008264723211368619,0.009116919380630861,-0.0008521961692622426,0.004880498426473423,0.008002820678780154,0.0017434255310718064,0,0,221,Explotacion activa
945,6,EHO,poblacional,1887.655033481906,1887.655033481906,True,False,0.00851919734918738,0.00911644613779572,-0.00059724878860834,0.004911471578452619,0.00801030865645771,0.001718878723886517,1,0,222,Explotacion activa
946,6,EHO,poblacional,1887.6546221784733,1887.6546221784733,True,False,0.007954271616426922,0.008887361540473648,-0.0009330899240467261,0.004942444730431816,0.008004754240027978,0.00169433191670123,0,0,223,Explotacion activa
947,6,EHO,poblacional,1887.6546221784733,1887.6546221784733,True,False,0.007849376907188343,0.008762395651956467,-0.0009130187447681237,0.004957734502613676,0.008002848041815013,0.0016580327588144404,1,0,224,Explotacion activa
948,6,EHO,poblacional,1887.6545294073333,1887.6545294073333,True,False,0.008087431298008596,0.008855166792045566,-0.0007677354940369696,0.004965182584896866,0.008012160128600954,0.0016158574255769054,0,0,225,Explotacion activa
949,6,EHO,poblacional,1887.6544762038195,1887.6544762038195,True,False,0.008189604962126396,0.008732921951377648,-0.0005433169892512524,0.004972630667180056,0.0080327575029969,0.0015736820923393663,0,0,226,Explotacion activa
950,6,EHO,poblacional,1887.6541547659185,1887.6541547659185,True,False,0.00819899259158774,0.009054359852370908,-0.0008553672607831686,0.0049793019890557845,0.008072447550875949,0.0015430392534199193,0,0,227,Explotacion activa
951,6,EHO,poblacional,1887.6540480784968,1887.6540480784968,True,False,0.008082624982080233,0.008844917533224361,-0.0007622925511441281,0.00498441979011659,0.008080822012334465,0.0015354614031366507,0,0,228,Explotacion activa
952,6,EHO,poblacional,1887.6539732034337,1887.6539732034337,True,False,0.007964334379039428,0.008545551525003248,-0.0005812171459638193,0.004989537591177396,0.00807946978502514,0.0015278835528533814,0,0,229,Explotacion activa
953,6,EHO,poblacional,1887.653829223551,1887.653829223551,True,False,0.008151180027653027,0.008689531407753748,-0.0005383513801007211,0.004994655392238201,0.008082624982080233,0.0015203057025701128,0,0,230,Explotacion activa
954,6,EHO,poblacional,1887.652757793402,1887.652757793402,True,False,0.008886769041509979,0.009760961556594339,-0.0008741925150843599,0.0049966286178914745,0.008085989403230086,0.0015157952890149317,0,0,231,Explotacion activa
955,6,EHO,poblacional,1887.652757793402,1887.652757793402,True,False,0.008722215174429948,0.009338045759704983,-0.0006158305852750345,0.004998601843544748,0.008112930789866368,0.0015112848754597504,1,0,232,Explotacion activa
956,6,EHO,poblacional,1887.6513445732264,1887.6513445732264,True,False,0.009711222864552838,0.010662894584811511,-0.0009516717202586733,0.005000575069198021,0.008155022521100364,0.0015067744619045697,0,0,233,Explotacion activa
957,6,EHO,poblacional,1887.6513445732264,1887.6513445732264,True,False,0.009838333817697276,0.01045918000659185,-0.0006208461888945749,0.0050012328110824456,0.008181919975231721,0.0014996441275798129,1,0,234,Explotacion activa
958,6,EHO,poblacional,1887.6511893381407,1887.6511893381407,True,False,0.01001392426246639,0.01061441509227734,-0.0006004908298109513,0.0050012328110824456,0.008190378189510739,0.0014912038328702693,0,0,235,Explotacion activa
959,6,EHO,poblacional,1887.6511893381407,1887.6511893381407,True,False,0.009726119750212092,0.009974038240443406,-0.0002479184902313136,0.0050012328110824456,0.008192719651833612,0.0014827635381607248,1,0,236,Explotacion activa
960,6,EHO,poblacional,1887.650142652206,1887.650142652206,True,False,0.01042859894778303,0.011012358574362224,-0.0005837596265791944,0.005002086306853925,0.008198208474118474,0.0014743676561238311,0,0,237,Explotacion activa
961,6,EHO,poblacional,1887.6485186738182,1887.6485186738182,True,False,0.010677899301299476,0.011587468855168481,-0.0009095695538690052,0.005004646794168366,0.008229334451743852,0.0014660605994322395,0,0,238,Explotacion activa
962,6,EHO,poblacional,1887.6485186738182,1887.6485186738182,True,False,0.010154622231084431,0.010733366254498833,-0.0005787440234144015,0.005007207281482806,0.008249941032818241,0.001457753542740647,1,0,239,Explotacion activa
963,6,EHO,poblacional,1887.6485186738182,1887.6485186738182,True,False,0.010485447763358025,0.010733366254498833,-0.00024791849114080833,0.005009767768797246,0.008250824606193419,0.0014494464860490552,2,0,240,Explotacion activa
964,6,EHO,poblacional,1887.6479518092672,1887.6479518092672,True,False,0.010716471179421205,0.011300230805545652,-0.0005837596261244471,0.005043153120300303,0.008260553629816059,0.001447513224911745,0,0,241,Explotacion activa
965,6,EHO,poblacional,1887.6477676321715,1887.6477676321715,True,False,0.010679483537614942,0.011110059434031427,-0.0004305758964164852,0.00507653847180336,0.008301152319427272,0.0014455799637744348,0,0,242,Explotacion activa
966,6,EHO,poblacional,1887.6477676321715,1887.6477676321715,True,False,0.010785009392975553,0.010884759757573192,-9.975036459763942e-05,0.005109923823306417,0.00835645197400936,0.0014436467026371247,1,0,243,Explotacion activa
967,6,EHO,poblacional,1887.6468303406427,1887.6468303406427,True,False,0.011353498305197718,0.011789089803869501,-0.0004355914986717835,0.005128466519272479,0.008361043921468081,0.0014396574204056376,0,0,244,Explotacion activa
968,6,EHO,poblacional,1887.6457051411414,1887.6457051411414,True,False,0.012059197727467108,0.0126671227155839,-0.0006079249881167925,0.005139587887470043,0.008368961359224159,0.0014346401276270626,0,0,245,Explotacion activa
969,6,EHO,poblacional,1887.6457051411414,1887.6457051411414,True,False,0.012334415105442531,0.012275673426302092,5.8741679140439373e-05,0.005150709255667607,0.008376006707021589,0.0014296228348484872,1,0,246,Explotacion activa
970,6,EHO,poblacional,1887.6457051411414,1887.6457051411414,True,False,0.012665240636351882,0.011944847894937993,0.0007203927414138889,0.00515912847549771,0.008377546339625041,0.0014262779729051545,2,0,247,Explotacion activa
971,6,EHO,poblacional,1887.6457051411414,1887.6457051411414,True,False,0.011460421514584596,0.010379926955920382,0.0010804945586642134,0.005162143398592889,0.008414499727587099,0.001426277972632306,3,0,248,Explotacion activa
972,6,EHO,poblacional,1887.6457051411414,1887.6457051411414,True,False,0.011774422888493064,0.01037249043065458,0.001401932457838484,0.005165158321688068,0.008445652588420671,0.0014262779723594576,4,0,249,Explotacion activa
973,6,EHO,poblacional,1887.6454174741107,1887.6454174741107,True,False,0.010787834958364328,0.009616007795330006,0.0011718271630343224,0.005168173244783247,0.008461201689669906,0.0014262779720866092,0,0,250,Explotacion activa
974,6,EHO,poblacional,1887.645051129935,1887.645051129935,True,False,0.010696845613665573,0.009982351971075332,0.0007144936425902415,0.005182555295073143,0.008501798651332137,0.0014223826794477644,0,0,251,Explotacion activa
975,6,EHO,poblacional,1887.645051129935,1887.645051129935,True,False,0.010391949206677964,0.009571048538418836,0.000820900668259128,0.005196937345363039,0.00852115576376491,0.0014184873868089195,1,0,252,Explotacion activa
976,6,EHO,poblacional,1887.645051129935,1887.645051129935,True,False,0.010713387107671224,0.009571048538418836,0.001142338569252388,0.005211319395652936,0.008527758913123762,0.001414592094170075,2,0,253,Explotacion activa
977,6,EHO,poblacional,1887.644707388721,1887.644707388721,True,False,0.010617640864893474,0.009822018612339889,0.000795622252553585,0.005222101202434715,0.008553417605571666,0.001412223978741167,0,0,254,Explotacion activa
978,6,EHO,poblacional,1887.6443642917393,1887.6443642917393,True,False,0.010563793118762987,0.010111912080219554,0.00045188103854343353,0.005231082887462435,0.008609865863490995,0.0014106194519172277,0,0,255,Explotacion activa
979,6,EHO,poblacional,1887.6433560189798,1887.6433560189798,True,False,0.01090721279160789,0.010798746938689874,0.00010846585291801603,0.005240064572490155,0.008666644866661953,0.001409014925093288,0,0,256,Explotacion activa
980,6,EHO,poblacional,1887.6432193511735,1887.6432193511735,True,False,0.010987427248210224,0.010828727323314524,0.00015869992489569995,0.0052544455568067855,0.008693461167490568,0.001407343962273444,0,0,257,Explotacion activa
981,6,EHO,poblacional,1887.6415874678557,1887.6415874678557,True,False,0.012201338521663274,0.01238573557793643,-0.0001843970562731556,0.005279625139701238,0.008698329171920705,0.0014055401274617907,0,0,258,Explotacion activa
982,6,EHO,poblacional,1887.6415705659044,1887.6415705659044,True,False,0.012364026372324588,0.01225865764649825,0.00010536872582633805,0.0053048047225956905,0.008702463502368118,0.0014037362926501372,0,0,259,Explotacion activa
983,6,EHO,poblacional,1887.6412141881128,1887.6412141881128,True,False,0.011325404332183098,0.011543605289261905,-0.00021820095707880682,0.005329984305490143,0.008710497000038231,0.001401932457838484,0,0,260,Explotacion activa
984,6,EHO,poblacional,1887.6412141881128,1887.6412141881128,True,False,0.01164897401736198,0.011543605289261905,0.0001053687281000748,0.0053401872119820835,0.008718699722112432,0.0013899993032737252,1,0,261,Explotacion activa
985,6,EHO,poblacional,1887.6408987429882,1887.6408987429882,True,False,0.009926736498755417,0.010445830238268172,-0.0005190937395127548,0.005350390118474024,0.008746892644239777,0.0013780661487089664,0,0,262,Explotacion activa
986,6,EHO,poblacional,1887.6405617686867,1887.6405617686867,True,False,0.009908368458809491,0.010782804539758217,-0.0008744360809487262,0.0053605930249659645,0.00878822598458555,0.001366132994144209,0,0,263,Explotacion activa
987,6,EHO,poblacional,1887.6403012857554,1887.6403012857554,True,False,0.009822342806728557,0.010888052385325864,-0.001065709578597307,0.005364974487747531,0.008818445934002737,0.0013563659505052778,0,0,264,Explotacion activa
988,6,EHO,poblacional,1887.6400596939545,1887.6400596939545,True,False,0.009910443371154543,0.011129644186212317,-0.0012192008150577749,0.005366445228673911,0.008828662026871825,0.0013476819623292613,0,0,265,Explotacion activa
989,6,EHO,poblacional,1887.63966640817,1887.63966640817,True,False,0.00893463279135176,0.010476244035999116,-0.0015416112446473562,0.00536791596960029,0.008832283613446634,0.001338997974153244,0,0,266,Explotacion activa
990,6,EHO,poblacional,1887.6396005919205,1887.6396005919205,True,False,0.00757453051869561,0.008918081897718366,-0.001343551379022756,0.005375162495920449,0.008829927484157452,0.0013277598329977979,0,0,267,Explotacion activa
991,6,EHO,poblacional,1887.6396005919205,1887.6396005919205,True,False,0.00790422288400805,0.008918081897718366,-0.0010138590137103165,0.005393960593028168,0.008828978391193232,0.0013114133858834972,1,0,268,Explotacion activa
992,6,EHO,poblacional,1887.6393643238505,1887.6393643238505,True,False,0.00799764717976359,0.009154349967730013,-0.0011567027879664238,0.005412758690135889,0.008828029298229012,0.001295066938769195,0,0,269,Explotacion activa
993,6,EHO,poblacional,1887.6393643238505,1887.6393643238505,True,False,0.007806418756672429,0.008587485416683194,-0.0007810666600107652,0.005431556787243608,0.008827080205264792,0.0012787204916548944,1,0,270,Explotacion activa
994,6,EHO,poblacional,1887.6391771231656,1887.6391771231656,True,False,0.00776473334099137,0.008590509005898639,-0.000825775664907269,0.0054340664675237346,0.008814128798371712,0.0012570018804808562,0,0,271,Explotacion activa
995,6,EHO,poblacional,1887.6388772702594,1887.6388772702594,True,False,0.007794572800094102,0.008890361912108347,-0.001095789112014245,0.005436576147803862,0.008801177391478631,0.0012352832693068177,0,0,272,Explotacion activa
996,6,EHO,poblacional,1887.6388772702594,1887.6388772702594,True,False,0.007201537509899936,0.007953070383337035,-0.0007515328734370996,0.005439085828083989,0.00878822598458555,0.0012135646581327814,1,0,273,Explotacion activa
997,6,EHO,poblacional,1887.6388772702594,1887.6388772702594,True,False,0.006076338008142557,0.006827870882034404,-0.000751532873891847,0.005443254841247835,0.008771570114049608,0.0012003912861473505,2,0,274,Explotacion activa
998,6,EHO,poblacional,1887.638522230791,1887.638522230791,True,False,0.005764710810581164,0.007182910350366001,-0.0014181995397848368,0.005448253520853541,0.008753062011692236,0.0011914905337562232,0,0,275,Explotacion activa
999,6,EHO,poblacional,1887.638522230791,1887.638522230791,True,False,0.0060944031758936035,0.007182910350366001,-0.0010885071744723973,0.005453252200459247,0.008734553909334863,0.001182589781365095,1,0,276,Explotacion activa
1000,6,EHO,poblacional,1887.6383665725443,1887.6383665725443,True,False,0.006268437293556417,0.007338568597106132,-0.001070131303549715,0.0054598819931243265,0.008721043356990777,0.001176630819463753,0,0,277,Explotacion activa
1001,6,EHO,poblacional,1887.6381825803846,1887.6381825803846,True,False,0.0064141374996324885,0.0075225607567972474,-0.001108423257164759,0.005469774011908157,0.008717527904673261,0.001176555438541982,0,0,278,Explotacion activa
1002,6,EHO,poblacional,1887.6377865883671,1887.6377865883671,True,False,0.006108719451958677,0.007630885743537874,-0.0015221662915791967,0.005479666030691987,0.008714012452355745,0.0011764800576202106,0,0,279,Explotacion activa
1003,6,EHO,poblacional,1887.6375509734305,1887.6375509734305,True,False,0.005836452703988471,0.007500156504420374,-0.0016637038004319038,0.005489558049475818,0.008710497000038231,0.0011764046766984393,0,0,280,Explotacion activa
1004,6,EHO,poblacional,1887.637352618459,1887.637352618459,True,False,0.005967790097429315,0.007698511475837222,-0.0017307213784079067,0.005536852180216555,0.008707054072465326,0.0011764046766984393,0,0,281,Explotacion activa
1005,6,EHO,poblacional,1887.6371385136695,1887.6371385136695,True,False,0.006083377674030999,0.007912616265457473,-0.0018292385914264742,0.005584146310957294,0.00870361114489242,0.0011764046766984393,0,0,282,Explotacion activa
1006,6,EHO,poblacional,1887.6368371206995,1887.6368371206995,True,False,0.006104910157318955,0.007870268021406446,-0.0017653578640874912,0.005631440441698031,0.008700168217319514,0.0011764046766984393,0,0,283,Explotacion activa
1007,6,EHO,poblacional,1887.6366501827038,1887.6366501827038,True,False,0.006241541844929088,0.007714109035532601,-0.0014725671906035132,0.005652484583515615,0.008698674873357959,0.0011754891739656158,0,0,284,Explotacion activa
1008,6,EHO,poblacional,1887.6361647236572,1887.6361647236572,True,False,0.005662371380822151,0.007191295322627411,-0.0015289239418052603,0.0056604037308716215,0.008698156321202077,0.0011741159198663809,0,0,285,Explotacion activa
1009,6,EHO,poblacional,1887.6358014742484,1887.6358014742484,True,False,0.005551978682206027,0.007417876925046585,-0.001865898242840558,0.005668322878227628,0.008697637769046196,0.0011727426657671457,0,0,286,Explotacion activa
1010,6,EHO,poblacional,1887.6352829565978,1887.6352829565978,True,False,0.004142724551002175,0.006304511257894774,-0.002161786706892599,0.005673614873239785,0.008693461167490568,0.0011688783036561284,0,0,287,Explotacion activa
1011,6,EHO,poblacional,1887.6351535851084,1887.6351535851084,True,False,0.0043261434759642725,0.006416980796075222,-0.00209083732011095,0.005673652563564247,0.008681968467135448,0.0011600317255215484,0,0,288,Explotacion activa
1012,6,EHO,poblacional,1887.6351535851084,1887.6351535851084,True,False,0.004306739986759567,0.006060603004470977,-0.00175386301771141,0.005673690253888708,0.008670475766780327,0.0011511851473869677,1,0,289,Explotacion activa
1013,6,EHO,poblacional,1887.6343951417648,1887.6343951417648,True,False,0.004728209028371566,0.0068190463480277685,-0.0020908373196562025,0.005673727944213169,0.008658983066425208,0.001142338569252388,0,0,290,Explotacion activa
1014,6,EHO,poblacional,1887.634297931604,1887.634297931604,True,False,0.004946443990775151,0.006600811384259941,-0.0016543673934847902,0.005678010896872365,0.00862951274466468,0.00113850882087263,0,0,291,Explotacion activa
1015,6,EHO,poblacional,1887.6337060033093,1887.6337060033093,True,False,0.0052013979857292725,0.006855765377395073,-0.0016543673916658008,0.005682293849531561,0.008600042422904151,0.0011346790724928721,0,0,292,Explotacion activa
1016,6,EHO,poblacional,1887.6329778185232,1887.6329778185232,True,False,0.005523399036292176,0.007323467232254188,-0.0018000681959620124,0.005686576802190757,0.008570572101143625,0.0011308493241131146,0,0,293,Explotacion activa
1017,6,EHO,poblacional,1887.6323247643409,1887.6323247643409,True,False,0.005614795922383564,0.007734929613661734,-0.00212013369127817,0.005702226702351254,0.008553417605571666,0.0011197571047887314,0,0,294,Explotacion activa
1018,6,EHO,poblacional,1887.6319881721392,1887.6319881721392,True,False,0.005166168338064381,0.007678236030642438,-0.002512067692578057,0.005723560076262402,0.008542421023093993,0.0011050336499920377,0,0,295,Explotacion activa
1019,6,EHO,poblacional,1887.6311673312132,1887.6311673312132,True,False,0.005396988023221638,0.008433260707306545,-0.0030362726840849064,0.0057448934501735495,0.008531424440616319,0.0010903101951953425,0,0,296,Explotacion activa
1020,6,EHO,poblacional,1887.6299246916738,1887.6299246916738,True,False,0.00630303536104293,0.009675900246747915,-0.0033728648857049848,0.005773010267716926,0.008523603781986822,0.0010787207765815762,0,0,297,Explotacion activa
1021,6,EHO,poblacional,1887.6298608133943,1887.6298608133943,True,False,0.006332963476324949,0.009503510456170261,-0.0031705469798453123,0.005814693972524764,0.008522134971053674,0.0010733994303336657,0,0,298,Explotacion activa
1022,6,EHO,poblacional,1887.6286368593107,1887.6286368593107,True,False,0.007204209146266294,0.01072746453974105,-0.0035232553934747557,0.005856377677332603,0.008520666160120528,0.0010680780840857547,0,0,299,Explotacion activa
1023,6,EHO,poblacional,1887.6286368593107,1887.6286368593107,True,False,0.007017008460479701,0.010540263854863952,-0.0035232553943842504,0.00589806138214044,0.00851919734918738,0.0010627567378378444,1,0,300,Explotacion activa
