iteracion,epoch,mh,tipo,fitness_best,fitness_instantaneo,dtw_ready,dtw_fire,D1_vs_ramp,D2_vs_const,dtw_delta,theta_c,theta_r,theta_delta,no_improve_len,trigger_streak,window_n,estado_dtw
1,1,PSO,poblacional,151613.13930878183,151613.13930878183,False,False,,,,,,,0,0,0,Llenando ventana
2,1,PSO,poblacional,23345.03805421222,23345.03805421222,False,False,,,,,,,0,0,0,Llenando ventana
3,1,PSO,poblacional,23345.03805421222,43653.70528202556,False,False,,,,,,,0,0,0,Llenando ventana
4,1,PSO,poblacional,22218.13202165933,22218.13202165933,False,False,,,,,,,0,0,0,Llenando ventana
5,1,PSO,poblacional,20898.85621915995,20898.85621915995,False,False,,,,,,,0,0,0,Llenando ventana
6,1,PSO,poblacional,20898.85621915995,56095.71840715231,False,False,,,,,,,0,0,0,Llenando ventana
7,1,PSO,poblacional,20898.85621915995,27107.401387646314,False,False,,,,,,,0,0,0,Llenando ventana
8,1,PSO,poblacional,20173.01818840624,20173.01818840624,False,False,,,,,,,0,0,0,Llenando ventana
9,1,PSO,poblacional,20173.01818840624,20391.102673703786,False,False,,,,,,,0,0,0,Llenando ventana
10,1,PSO,poblacional,19854.37431033748,19854.37431033748,False,False,,,,,,,0,0,0,Llenando ventana
11,1,PSO,poblacional,13951.356832620339,13951.356832620339,False,False,,,,,,,0,0,0,Llenando ventana
12,1,PSO,poblacional,13951.356832620339,18383.1643738335,False,False,,,,,,,0,0,0,Llenando ventana
13,1,PSO,poblacional,13951.356832620339,3845353.3300714283,False,False,,,,,,,0,0,0,Llenando ventana
14,1,PSO,poblacional,13951.356832620339,37171.1632083042,False,False,,,,,,,0,0,0,Llenando ventana
15,1,PSO,poblacional,13951.356832620339,15067.771445222297,False,False,,,,,,,0,0,0,Llenando ventana
16,1,PSO,poblacional,13951.356832620339,31037.29987944741,False,False,,,,,,,0,0,0,Llenando ventana
17,1,PSO,poblacional,12783.165517087893,12783.165517087893,False,False,,,,,,,0,0,0,Llenando ventana
18,1,PSO,poblacional,12783.165517087893,22461.318985566697,False,False,,,,,,,0,0,0,Llenando ventana
19,1,PSO,poblacional,12783.165517087893,36902.695762895186,False,False,,,,,,,0,0,0,Llenando ventana
20,1,PSO,poblacional,12783.165517087893,14747.042108143607,False,False,,,,,,,0,0,0,Llenando ventana
21,1,PSO,poblacional,12783.165517087893,105743.54287310646,False,False,,,,,,,0,0,0,Llenando ventana
22,1,PSO,poblacional,12783.165517087893,15654.57518502997,False,False,,,,,,,0,0,0,Llenando ventana
23,1,PSO,poblacional,12783.165517087893,13009.688630356572,False,False,,,,,,,0,0,0,Llenando ventana
24,1,PSO,poblacional,12783.165517087893,13775.698275447025,False,False,,,,,,,0,0,0,Llenando ventana
25,1,PSO,poblacional,12609.43892361859,12609.43892361859,False,False,,,,,,,0,0,0,Llenando ventana
26,1,PSO,poblacional,11976.511096846141,11976.511096846141,False,False,,,,,,,0,0,0,Llenando ventana
27,1,PSO,poblacional,11976.511096846141,16605.945653493076,False,False,,,,,,,0,0,0,Llenando ventana
28,1,PSO,poblacional,11976.511096846141,12337.343603743993,False,False,,,,,,,0,0,0,Llenando ventana
29,1,PSO,poblacional,9871.149808222452,9871.149808222452,False,False,,,,,,,0,0,0,Llenando ventana
30,1,PSO,poblacional,9871.149808222452,12661.908500381775,False,False,,,,,,,0,0,0,Llenando ventana
31,1,PSO,poblacional,9871.149808222452,12450.964152288896,False,False,,,,,,,0,0,0,Llenando ventana
32,1,PSO,poblacional,9871.149808222452,40557.693113374684,False,False,,,,,,,0,0,0,Llenando ventana
33,1,PSO,poblacional,9871.149808222452,11296.091699184031,False,False,,,,,,,0,0,0,Llenando ventana
34,1,PSO,poblacional,9871.149808222452,10958.71831928318,False,False,,,,,,,0,0,0,Llenando ventana
35,1,PSO,poblacional,7455.048634635704,7455.048634635704,False,False,,,,,,,0,0,0,Llenando ventana
36,1,PSO,poblacional,6384.119246444734,6384.119246444734,False,False,,,,,,,0,0,0,Llenando ventana
37,1,PSO,poblacional,6384.119246444734,12036.867616257374,False,False,,,,,,,0,0,0,Llenando ventana
38,1,PSO,poblacional,6384.119246444734,7257.343006892198,False,False,,,,,,,0,0,0,Llenando ventana
39,1,PSO,poblacional,6384.119246444734,10562.7151485471,False,False,,,,,,,0,0,0,Llenando ventana
40,1,PSO,poblacional,6384.119246444734,9251.587613819393,False,False,,,-33257.44559426978,,,,0,0,0,Llenando ventana
41,1,PSO,poblacional,6384.119246444734,9499.410564491784,False,False,,,-3841.6481099594384,,,,0,0,0,Llenando ventana
42,1,PSO,poblacional,6384.119246444734,7881.19681527011,False,False,,,-3884.050406978873,,,,0,0,0,Llenando ventana
43,1,PSO,poblacional,6384.119246444734,7170.669627505741,False,False,,,-3625.988925524289,,,,0,0,0,Llenando ventana
44,1,PSO,poblacional,6384.119246444734,7690.394690620602,False,False,,,-3244.0437134021777,,,,0,0,0,Llenando ventana
45,1,PSO,poblacional,6384.119246444734,7510.324708536092,False,False,,,-3287.587924320309,,,,0,0,0,Llenando ventana
46,1,PSO,poblacional,6178.136220616169,6178.136220616169,False,False,,,-3371.044879666879,,,,0,0,0,Llenando ventana
47,1,PSO,poblacional,6178.136220616169,10050.355508483757,False,False,,,-3169.8407657045755,,,,0,0,0,Llenando ventana
48,1,PSO,poblacional,6178.136220616169,8741.111743288175,False,False,,,-3204.8279706240864,,,,0,0,0,Llenando ventana
49,1,PSO,poblacional,5726.653342170476,5726.653342170476,False,False,,,-3235.248101710109,,,,0,0,0,Llenando ventana
50,1,PSO,poblacional,5726.653342170476,7471.761065791342,False,False,,,-1739.5247882301337,,,,0,0,0,Llenando ventana
51,1,PSO,poblacional,5726.653342170476,6004.429907399703,False,False,,,-1776.5359539371857,,,,0,0,0,Llenando ventana
52,1,PSO,poblacional,5726.653342170476,7017.951259743973,False,False,,,-1809.434767898987,,,,0,0,0,Llenando ventana
53,1,PSO,poblacional,5726.653342170476,6081.534017992117,False,False,,,-1838.2212301155378,,,,0,0,0,Llenando ventana
54,1,PSO,poblacional,5726.653342170476,7537.454906224069,False,False,,,-1862.8953405869252,,,,0,0,0,Llenando ventana
55,1,PSO,poblacional,5726.653342170476,5803.661851766345,False,False,,,-1883.4570993130328,,,,0,0,0,Llenando ventana
56,1,PSO,poblacional,5726.653342170476,6815.79471730526,False,False,,,-1418.3589471583255,,,,0,0,0,Llenando ventana
57,1,PSO,poblacional,5726.653342170476,7298.652077488689,False,False,,,-1457.1697641203646,,,,0,0,0,Llenando ventana
58,1,PSO,poblacional,5115.539315185814,5115.539315185814,False,False,,,-1621.7029417022131,,,,0,0,0,Llenando ventana
59,1,PSO,poblacional,4446.9911228472265,4446.9911228472265,False,False,,,-1800.6136691559223,,,,0,0,0,Llenando ventana
60,1,PSO,poblacional,4446.9911228472265,4904.623468688184,False,False,,,-1833.9583667328989,,,,0,0,0,Llenando ventana
61,1,PSO,poblacional,2716.319150756771,2716.319150756771,False,False,,,-2249.940162874991,,,,0,0,0,Llenando ventana
62,1,PSO,poblacional,2716.319150756771,13469.719674116175,False,False,,,-2280.1407019739563,,,,0,0,0,Llenando ventana
63,1,PSO,poblacional,2716.319150756771,6515.4378208722155,False,False,,,-2305.307817889785,,,,0,0,0,Llenando ventana
64,1,PSO,poblacional,2716.319150756771,5496.167834367445,False,False,,,-2265.5244279854232,,,,0,0,0,Llenando ventana
65,1,PSO,poblacional,2716.319150756771,5217.261006312184,False,False,,,-2069.652899951063,,,,0,0,0,Llenando ventana
66,1,PSO,poblacional,2716.319150756771,5722.613903701677,False,False,,,-2097.433475789323,,,,0,0,0,Llenando ventana
67,1,PSO,poblacional,2716.319150756771,2809.5477519706255,False,False,,,-2120.5839556546125,,,,0,0,0,Llenando ventana
68,1,PSO,poblacional,2716.319150756771,5965.670902703718,False,False,,,-1513.246684053971,,,,0,0,0,Llenando ventana
69,1,PSO,poblacional,2571.770400755951,2571.770400755951,False,False,,,-1576.6659520127578,,,,0,0,0,Llenando ventana
70,1,PSO,poblacional,2571.770400755951,5408.057292024918,False,False,,,-1605.8634696426452,,,,0,0,0,Llenando ventana
71,1,PSO,poblacional,2571.770400755951,10487.988920504358,False,False,,,-1631.4112975687312,,,,0,0,0,Llenando ventana
72,1,PSO,poblacional,2571.770400755951,8171.943598066289,False,False,,,-1653.3094357911614,,,,0,0,0,Llenando ventana
73,1,PSO,poblacional,2571.770400755951,17192.205631236066,False,False,,,-1671.5578843098483,,,,0,0,0,Llenando ventana
74,1,PSO,poblacional,2571.770400755951,3034.2227986480075,False,False,,,-1118.2707155584649,,,,0,0,0,Llenando ventana
75,1,PSO,poblacional,2571.770400755951,3790.8543557314306,False,False,,,-718.6277574123669,,,,0,0,0,Llenando ventana
76,1,PSO,poblacional,2571.770400755951,2625.8031743727415,False,False,,,-743.4080249093386,,,,0,0,0,Llenando ventana
77,1,PSO,poblacional,1999.4422198842176,1999.4422198842176,False,False,,,-881.3200823386869,,,,0,0,0,Llenando ventana
78,1,PSO,poblacional,1621.7730006654488,1621.7730006654488,False,False,,,-983.4244997534552,,,,0,0,0,Llenando ventana
79,1,PSO,poblacional,1621.7730006654488,1653.2479936249586,False,False,,,-1007.2362309823511,,,,0,0,0,Llenando ventana
80,1,PSO,poblacional,1621.7730006654488,1846.7688705305216,False,False,,,-1028.66678908834,,,,0,0,0,Llenando ventana
81,1,PSO,poblacional,1563.6358305566043,1563.6358305566043,False,False,,,-1060.506351495409,,,,0,0,0,Llenando ventana
82,1,PSO,poblacional,1563.6358305566043,2164.5752957612103,False,False,,,-1077.3780434510118,,,,0,0,0,Llenando ventana
83,1,PSO,poblacional,1367.8051506238446,1367.8051506238446,False,False,,,-1136.1951427034364,,,,0,0,0,Llenando ventana
84,1,PSO,poblacional,1367.8051506238446,1722.233205289811,False,False,,,-1148.7359279429947,,,,0,0,0,Llenando ventana
85,1,PSO,poblacional,1367.8051506238446,1955.2745521720387,False,False,,,-1075.108994143331,,,,0,0,0,Llenando ventana
86,1,PSO,poblacional,1272.245643211983,1272.245643211983,False,False,,,-1111.1842157820793,,,,0,0,0,Llenando ventana
87,1,PSO,poblacional,1272.245643211983,1423.743727807602,False,False,,,-1123.448942225601,,,,0,0,0,Llenando ventana
88,1,PSO,poblacional,1075.7839730752767,1075.7839730752767,False,False,,,-906.9195269735501,,,,0,0,0,Llenando ventana
89,1,PSO,poblacional,1075.7839730752767,1542.555265127076,False,False,,,-934.8247431881173,,,,0,0,0,Llenando ventana
90,1,PSO,poblacional,1075.7839730752767,1153.7509020020389,False,False,,,-960.4045247181639,,,,0,0,0,Llenando ventana
91,1,PSO,poblacional,1075.7839730752767,1535.5346948634835,False,False,,,-983.6588715636753,,,,0,0,0,Llenando ventana
92,1,PSO,poblacional,926.2466118282817,926.2466118282817,False,False,,,-1036.8878537538985,,,,0,0,0,Llenando ventana
93,1,PSO,poblacional,926.2466118282817,1243.9774555485506,False,False,,,-1056.0894806752622,,,,0,0,0,Llenando ventana
94,1,PSO,poblacional,926.2466118282817,974.7551634287325,False,False,,,-1072.890904231419,,,,0,0,0,Llenando ventana
95,1,PSO,poblacional,926.2466118282817,8995.057791006655,False,False,,,-1087.2921244224708,,,,0,0,0,Llenando ventana
96,1,PSO,poblacional,841.6333504715385,841.6333504715385,False,False,,,-1118.6695780990703,,,,0,0,0,Llenando ventana
97,1,PSO,poblacional,841.6333504715385,2757.4543491781733,False,False,,,-978.7244659195712,,,,0,0,0,Llenando ventana
98,1,PSO,poblacional,771.1928468464532,771.1928468464532,False,False,,,-832.5683095141721,,,,0,0,0,Llenando ventana
99,1,PSO,poblacional,771.1928468464532,810.3906396097013,False,False,,,-841.757805204179,,,,0,0,0,Llenando ventana
100,1,PSO,poblacional,771.1928468464532,1884.2301134104919,False,False,,,-390.9703870859521,,,,0,0,0,Llenando ventana
101,1,PSO,poblacional,771.1928468464532,1996.6918559471596,False,False,,,-401.6685817574471,,,,0,0,0,Llenando ventana
102,1,PSO,poblacional,649.6108833245246,649.6108833245246,False,False,,,-437.1087985619015,,,,0,0,0,Llenando ventana
103,1,PSO,poblacional,649.6108833245246,877.5179062498693,False,False,,,-446.4089857653453,,,,0,0,0,Llenando ventana
104,1,PSO,poblacional,588.4866530804802,588.4866530804802,False,False,,,-468.12314948876883,,,,0,0,0,Llenando ventana
105,1,PSO,poblacional,588.3150765402568,588.3150765402568,False,False,,,-475.6089105873616,,,,0,0,0,Llenando ventana
106,1,PSO,poblacional,588.3150765402568,637.4770182721631,False,False,,,-481.99292281001544,,,,0,0,0,Llenando ventana
107,1,PSO,poblacional,588.3150765402568,646.0727274722936,False,False,,,-487.31293299557,,,,0,0,0,Llenando ventana
108,1,PSO,poblacional,588.3150765402568,599.1227525677334,False,False,,,-398.6745201673548,,,,0,0,0,Llenando ventana
109,1,PSO,poblacional,588.3150765402568,700.3389250363638,False,False,,,-409.5835244505506,,,,0,0,0,Llenando ventana
110,1,PSO,poblacional,588.3150765402568,610.5083621480335,False,False,,,-419.5008010716265,,,,0,0,0,Llenando ventana
111,1,PSO,poblacional,568.4713332971523,568.4713332971523,False,False,,,-432.71259857106634,,,,0,0,0,Llenando ventana
112,1,PSO,poblacional,568.4713332971523,615.8926466280502,False,False,,,-440.72579484090966,,,,0,0,0,Llenando ventana
113,1,PSO,poblacional,563.2676829693539,563.2676829693539,False,False,,,-448.9003574252856,,,,0,0,0,Llenando ventana
114,1,PSO,poblacional,563.2676829693539,575.4745326677654,False,False,,,-454.92586557865434,,,,0,0,0,Llenando ventana
115,1,PSO,poblacional,563.2676829693539,928.2569449639789,False,False,,,-459.94712237310887,,,,0,0,0,Llenando ventana
116,1,PSO,poblacional,563.2676829693539,582.6237976410067,False,False,,,-328.88396895351616,,,,0,0,0,Llenando ventana
117,1,PSO,poblacional,563.2676829693539,621.8085830082183,False,False,,,-236.57593850507328,,,,0,0,0,Llenando ventana
118,1,PSO,poblacional,563.2676829693539,624.471907521792,False,False,,,-239.7514544581536,,,,0,0,0,Llenando ventana
119,1,PSO,poblacional,563.2676829693539,607.1262884098148,False,False,,,-242.39771775239933,,,,0,0,0,Llenando ventana
120,1,PSO,poblacional,563.2676829693539,589.6599697812479,False,False,,,-226.5833854285156,,,,0,0,0,Llenando ventana
121,1,PSO,poblacional,563.2676829693539,579.0512555982443,False,False,,,-229.08430579748529,,,,0,0,0,Llenando ventana
122,1,PSO,poblacional,563.2676829693539,564.4483147693823,False,False,,,-179.81412402076967,,,,0,0,0,Llenando ventana
123,1,PSO,poblacional,547.1141263744329,547.1141263744329,False,False,,,-185.88651699247202,,,,0,0,0,Llenando ventana
124,1,PSO,poblacional,547.1141263744329,551.1133161889422,False,False,,,-187.93824455310096,,,,0,0,0,Llenando ventana
125,1,PSO,poblacional,547.1141263744329,549.8524045840261,False,False,,,-164.24228856370246,,,,0,0,0,Llenando ventana
126,1,PSO,poblacional,547.1141263744329,555.4589882684088,False,False,,,-166.05511735580512,,,,0,0,0,Llenando ventana
127,1,PSO,poblacional,547.1141263744329,592.196703963217,False,False,,,-116.30736627418992,,,,0,0,0,Llenando ventana
128,1,PSO,poblacional,547.1141263744329,557.6525028286778,False,False,,,-118.15771073764336,,,,0,0,0,Llenando ventana
129,1,PSO,poblacional,533.7328847022818,533.7328847022818,False,False,,,-122.77457151648741,,,,0,0,0,Llenando ventana
130,1,PSO,poblacional,492.7108013576566,492.7108013576566,False,False,,,-133.5237563233386,,,,0,0,0,Llenando ventana
131,1,PSO,poblacional,467.94798145515733,467.94798145515733,False,False,,,-100.82569868208884,,,,0,0,0,Llenando ventana
132,1,PSO,poblacional,467.94798145515733,526.1248959791303,False,False,,,-102.42974388839684,,,,0,0,0,Llenando ventana
133,1,PSO,poblacional,462.907917028298,462.907917028298,False,False,,,-104.94621437220303,,,,0,0,0,Llenando ventana
134,1,PSO,poblacional,462.907917028298,521.242393859754,False,False,,,-106.10456110920495,,,,0,0,0,Llenando ventana
135,1,PSO,poblacional,455.8333297474838,455.8333297474838,False,False,,,-87.3837046940007,,,,0,0,0,Llenando ventana
136,1,PSO,poblacional,454.4721687191115,454.4721687191115,False,False,,,-88.6599106213016,,,,0,0,0,Llenando ventana
137,1,PSO,poblacional,454.4721687191115,491.4958892320471,False,False,,,-69.67854918801459,,,,0,0,0,Llenando ventana
138,1,PSO,poblacional,454.4721687191115,535.2165367404629,False,False,,,-70.78707156146083,,,,0,0,0,Llenando ventana
139,1,PSO,poblacional,454.4721687191115,504.94322261303904,False,False,,,-71.73723359584255,,,,0,0,0,Llenando ventana
140,1,PSO,poblacional,446.8874333549453,446.8874333549453,False,False,,,-74.26593968955422,,,,0,0,0,Llenando ventana
141,1,PSO,poblacional,446.8874333549453,568.5712446931664,False,False,,,-45.916861418110784,,,,0,0,0,Llenando ventana
142,1,PSO,poblacional,446.8874333549453,515.3205255276434,False,False,,,-46.42367004303651,,,,0,0,0,Llenando ventana
143,1,PSO,poblacional,446.8874333549453,466.3555906188161,False,False,,,-31.45160154459745,,,,0,0,0,Llenando ventana
144,1,PSO,poblacional,422.5346305926666,422.5346305926666,False,False,,,-35.06256431791462,,,,0,0,0,Llenando ventana
145,1,PSO,poblacional,417.53761334444636,417.53761334444636,False,False,,,-36.88793205029424,,,,0,0,0,Llenando ventana
146,1,PSO,poblacional,417.53761334444636,430.49591524609843,False,False,,,-37.57104190307746,,,,0,0,0,Llenando ventana
147,1,PSO,poblacional,417.53761334444636,469.1300438920051,False,False,,,-38.168763024263626,,,,0,0,0,Llenando ventana
148,1,PSO,poblacional,417.53761334444636,446.2794656633438,False,False,,,-38.681095413850926,,,,0,0,0,Llenando ventana
149,1,PSO,poblacional,417.53761334444636,438.2562639602039,False,False,,,-39.10803907184072,,,,0,0,0,Llenando ventana
150,1,PSO,poblacional,417.53761334444636,439.3090041003089,False,False,,,-34.18648756928815,,,,0,0,0,Llenando ventana
151,1,PSO,poblacional,409.32063319274744,409.32063319274744,False,False,,,-36.44551032390882,,,,0,0,0,Llenando ventana
152,1,PSO,poblacional,409.32063319274744,431.9687335333985,False,False,,,-29.01901888288876,,,,0,0,0,Llenando ventana
153,1,PSO,poblacional,406.7387640426061,406.7387640426061,False,False,,,-30.523139190715483,,,,0,0,0,Llenando ventana
154,1,PSO,poblacional,406.7387640426061,420.44414306762474,False,False,,,-31.462312704276428,,,,0,0,0,Llenando ventana
155,1,PSO,poblacional,395.94191369285574,395.94191369285574,False,False,,,-34.55277135559709,,,,0,0,0,Llenando ventana
156,1,PSO,poblacional,395.94191369285574,427.39806986358394,False,False,,,-35.38940020197879,,,,0,0,0,Llenando ventana
157,1,PSO,poblacional,395.94191369285574,405.15733559015166,False,False,,,-36.14236616372318,,,,0,0,0,Llenando ventana
158,1,PSO,poblacional,395.94191369285574,448.8517776833336,False,False,,,-36.81166924082936,,,,0,0,0,Llenando ventana
159,1,PSO,poblacional,393.44837415718945,393.44837415718945,False,False,,,-37.95461551951803,,,,0,0,0,Llenando ventana
160,1,PSO,poblacional,393.44837415718945,395.3935367242859,False,False,,,-38.464073445953545,,,,0,0,0,Llenando ventana
161,1,PSO,poblacional,393.44837415718945,400.61861030919795,False,False,,,-38.88862171798337,,,,0,0,0,Llenando ventana
162,1,PSO,poblacional,393.44837415718945,396.6452245468687,False,False,,,-32.50030659394679,,,,0,0,0,Llenando ventana
163,1,PSO,poblacional,393.44837415718945,410.5128908165994,False,False,,,-33.19180247892473,,,,0,0,0,Llenando ventana
164,1,PSO,poblacional,388.08112847680286,388.08112847680286,False,False,,,-34.987259537479076,,,,0,0,0,Llenando ventana
165,1,PSO,poblacional,358.1919907900116,358.1919907900116,False,False,,,-42.22409730311756,,,,0,0,0,Llenando ventana
166,1,PSO,poblacional,358.1919907900116,382.55519068563206,False,False,,,-42.79086370986988,,,,0,0,0,Llenando ventana
167,1,PSO,poblacional,358.1919907900116,361.5510374551945,False,False,,,-43.263169048830605,,,,0,0,0,Llenando ventana
168,1,PSO,poblacional,356.1512833638335,356.1512833638335,False,False,,,-40.66618670650405,,,,0,0,0,Llenando ventana
169,1,PSO,poblacional,356.1512833638335,370.0584890033745,False,False,,,-31.272129620586384,,,,0,0,0,Llenando ventana
170,1,PSO,poblacional,356.1512833638335,363.8689167023834,False,False,,,-25.321952117685214,,,,0,0,0,Llenando ventana
171,1,PSO,poblacional,356.1512833638335,357.4987741686461,False,False,,,-25.60144386291313,,,,0,0,0,Llenando ventana
172,1,PSO,poblacional,355.68725378826144,355.68725378826144,False,False,,,-24.2854802238694,,,,0,0,0,Llenando ventana
173,1,PSO,poblacional,348.96503283179743,348.96503283179743,False,False,,,-26.0929204809986,,,,0,0,0,Llenando ventana
174,1,PSO,poblacional,348.96503283179743,354.38872906072226,False,False,,,-24.472839993692105,,,,0,0,0,Llenando ventana
175,1,PSO,poblacional,342.67014442196694,342.67014442196694,False,False,,,-24.59644534537165,,,,0,0,0,Llenando ventana
176,1,PSO,poblacional,342.67014442196694,354.86246357958817,False,False,,,-24.987752430412456,,,,0,0,0,Llenando ventana
177,1,PSO,poblacional,342.67014442196694,344.0887034171585,False,False,,,-25.323158503304512,,,,0,0,0,Llenando ventana
178,1,PSO,poblacional,338.7411796185146,338.7411796185146,False,False,,,-26.502396504038188,,,,0,0,0,Llenando ventana
179,1,PSO,poblacional,337.5633473760542,337.5633473760542,False,False,,,-24.051298915355346,,,,0,0,0,Llenando ventana
180,1,PSO,poblacional,337.03473880301715,337.03473880301715,False,False,,,-24.55207723235526,,,,0,0,0,Llenando ventana
181,1,PSO,poblacional,337.03473880301715,344.2648718061789,False,False,,,-24.881635316010488,,,,0,0,0,Llenando ventana
182,1,PSO,poblacional,334.49736910686,334.49736910686,False,False,,,-25.737324712810278,,,,0,0,0,Llenando ventana
183,1,PSO,poblacional,334.49736910686,337.6881557155114,False,False,,,-20.160532880249093,,,,0,0,0,Llenando ventana
184,1,PSO,poblacional,334.49736910686,345.6482452512499,False,False,,,-17.563011656249955,,,,0,0,0,Llenando ventana
185,1,PSO,poblacional,334.49736910686,335.8816283693659,False,False,,,-17.936692755318973,,,,0,0,0,Llenando ventana
186,1,PSO,poblacional,334.49736910686,337.7636164935873,False,False,,,-18.268853732269463,,,,0,0,0,Llenando ventana
187,1,PSO,poblacional,333.8153935326534,333.8153935326534,False,False,,,-18.711916127935865,,,,0,0,0,Llenando ventana
188,1,PSO,poblacional,333.8153935326534,338.37566882718266,False,False,,,-18.963082787371377,,,,0,0,0,Llenando ventana
189,1,PSO,poblacional,330.8225879913646,330.8225879913646,False,False,,,-19.857740805856338,,,,0,0,0,Llenando ventana
190,1,PSO,poblacional,327.10416380689753,327.10416380689753,False,False,,,-18.62203031589479,,,,0,0,0,Llenando ventana
191,1,PSO,poblacional,327.10416380689753,328.82952843873767,False,False,,,-18.82757148935957,,,,0,0,0,Llenando ventana
192,1,PSO,poblacional,325.9865192739757,325.9865192739757,False,False,,,-18.290383440094274,,,,0,0,0,Llenando ventana
193,1,PSO,poblacional,320.11170592236067,320.11170592236067,False,False,,,-19.837596309535456,,,,0,0,0,Llenando ventana
194,1,PSO,poblacional,317.37280943733407,317.37280943733407,False,False,,,-17.285202936214546,,,,0,0,0,Llenando ventana
195,1,PSO,poblacional,317.37280943733407,327.22427383078053,False,False,,,-17.56019480110899,,,,0,0,0,Llenando ventana
196,1,PSO,poblacional,317.37280943733407,327.34419163286,False,False,,,-17.795902113875627,,,,0,0,0,Llenando ventana
197,1,PSO,poblacional,317.37280943733407,351.63643138237995,False,False,,,-17.992324874514907,,,,0,0,0,Llenando ventana
198,1,PSO,poblacional,317.37280943733407,322.7759243898266,False,False,,,-16.432321979488506,,,,0,0,0,Llenando ventana
199,1,PSO,poblacional,313.91333542859235,313.91333542859235,False,False,,,-17.49770852029087,,,,0,0,0,Llenando ventana
200,1,PSO,poblacional,313.91333542859235,317.2014092813594,False,False,,,-17.776081155840984,,,,0,0,0,Llenando ventana
201,1,PSO,poblacional,313.91333542859235,317.6313477659463,False,False,,,-18.014686272026665,,,,0,0,0,Llenando ventana
202,1,PSO,poblacional,313.91333542859235,330.27127772315913,False,False,,,-18.213523868847915,,,,0,0,0,Llenando ventana
203,1,PSO,poblacional,313.91333542859235,314.53803282041287,False,False,,,-16.984424608039717,,,,0,0,0,Llenando ventana
204,1,PSO,poblacional,313.91333542859235,327.4199080443337,False,False,,,-9.896279473276763,,,,0,0,0,Llenando ventana
205,1,PSO,poblacional,313.91333542859235,314.13170139288354,False,False,,,-10.029115439361021,,,,0,0,0,Llenando ventana
206,1,PSO,poblacional,313.91333542859235,314.6664715651489,False,False,,,-10.139812077764418,,,,0,0,0,Llenando ventana
207,1,PSO,poblacional,313.91333542859235,317.94885105548235,False,False,,,-9.292348545753612,,,,0,0,0,Llenando ventana
208,1,PSO,poblacional,313.4095875462774,313.4095875462774,False,False,,,-9.552769015224612,,,,0,0,0,Llenando ventana
209,1,PSO,poblacional,310.6659636138279,310.6659636138279,False,False,,,-10.302424923376975,,,,0,0,0,Llenando ventana
210,1,PSO,poblacional,310.6659636138279,320.63907586243704,False,False,,,-10.416138222751897,,,,0,0,0,Llenando ventana
211,1,PSO,poblacional,310.6659636138279,319.14637956452344,False,False,,,-10.309875449945139,,,,0,0,0,Llenando ventana
212,1,PSO,poblacional,308.60695378315177,308.60695378315177,False,False,,,-9.141104904517647,,,,0,0,0,Llenando ventana
213,1,PSO,poblacional,308.60695378315177,310.76529520790183,False,False,,,-9.2420001021394,,,,0,0,0,Llenando ventana
214,1,PSO,poblacional,308.60695378315177,308.94707188953623,False,False,,,-7.613123107774982,,,,0,0,0,Llenando ventana
215,1,PSO,poblacional,308.57905818375326,308.57905818375326,False,False,,,-7.721631032955088,,,,0,0,0,Llenando ventana
216,1,PSO,poblacional,306.29051884920153,306.29051884920153,False,False,,,-8.33093425616346,,,,0,0,0,Llenando ventana
217,1,PSO,poblacional,305.3975514530876,305.3975514530876,False,False,,,-7.635690849883076,,,,0,0,0,Llenando ventana
218,1,PSO,poblacional,305.3975514530876,305.7038768969191,False,False,,,-7.365967266359348,,,,0,0,0,Llenando ventana
219,1,PSO,poblacional,305.3908659398959,305.3908659398959,False,False,,,-7.1673372034968,,,,0,0,0,Llenando ventana
220,1,PSO,poblacional,305.3908659398959,306.11929693775056,False,False,,,-7.246446885654677,,,,0,0,0,Llenando ventana
221,1,PSO,poblacional,305.3908659398959,305.7422489150656,False,False,,,-6.287004684064186,,,,0,0,0,Llenando ventana
222,1,PSO,poblacional,305.3908659398959,305.4855910910935,False,False,,,-6.403430696731903,,,,0,0,0,Llenando ventana
223,1,PSO,poblacional,305.1541458251926,305.1541458251926,False,False,,,-6.558210403452222,,,,0,0,0,Llenando ventana
224,1,PSO,poblacional,304.9849218175529,304.9849218175529,False,False,,,-6.684569311027644,,,,0,0,0,Llenando ventana
225,1,PSO,poblacional,304.83246774405166,304.83246774405166,False,False,,,-6.793262412082754,,,,0,0,0,Llenando ventana
226,1,PSO,poblacional,304.7901008164323,304.7901008164323,False,False,,,-6.5742288002243185,,,,0,0,0,Llenando ventana
227,1,PSO,poblacional,304.674213990494,304.674213990494,False,False,,,-6.673330115154499,,,,0,0,0,Llenando ventana
228,1,PSO,poblacional,304.5658378842257,304.5658378842257,False,False,,,-6.0127957745348795,,,,0,0,0,Llenando ventana
229,1,PSO,poblacional,304.50255038074346,304.50255038074346,False,False,,,-5.119265441024027,,,,0,0,0,Llenando ventana
230,1,PSO,poblacional,304.50255038074346,304.54087278283464,False,False,,,-5.175769474589174,,,,0,0,0,Llenando ventana
231,1,PSO,poblacional,304.50255038074346,304.5837998410569,False,False,,,-4.919828876550014,,,,0,0,0,Llenando ventana
232,1,PSO,poblacional,304.3422844929196,304.3422844929196,False,False,,,-3.611197507341842,,,,0,0,0,Llenando ventana
233,1,PSO,poblacional,304.3422844929196,304.3601464087499,False,False,,,-2.814593387993625,,,,0,0,0,Llenando ventana
234,1,PSO,poblacional,303.8412636956781,303.8412636956781,False,False,,,-2.976940063164079,,,,0,0,0,Llenando ventana
235,1,PSO,poblacional,302.04013902734107,302.04013902734107,False,False,,,-3.4268518366336025,,,,0,0,0,Llenando ventana
236,1,PSO,poblacional,302.04013902734107,302.246144062039,False,False,,,-3.472849847863529,,,,0,0,0,Llenando ventana
237,1,PSO,poblacional,300.63400080024667,300.63400080024667,False,False,,,-3.8331871778930235,,,,0,0,0,Llenando ventana
238,1,PSO,poblacional,300.63400080024667,301.11118564814973,False,False,,,-2.589470252527178,,,,0,0,0,Llenando ventana
239,1,PSO,poblacional,300.63400080024667,300.79437792170415,False,False,,,-2.669146260297282,,,,0,0,0,Llenando ventana
240,1,PSO,poblacional,300.63400080024667,300.66360662079063,False,False,,,-2.7421826007532104,,,,0,0,0,Llenando ventana
241,1,PSO,poblacional,300.63400080024667,300.8115001196165,False,False,,,-2.8085792738949635,,,,0,0,0,Llenando ventana
242,1,PSO,poblacional,300.63400080024667,300.7220274116812,False,False,,,-2.8683362797225413,,,,0,0,0,Llenando ventana
243,1,PSO,poblacional,300.63400080024667,301.01208717678077,False,False,,,-2.921453618235944,,,,0,0,0,Llenando ventana
244,1,PSO,poblacional,300.63400080024667,300.6512449063233,False,False,,,-2.967931289435171,,,,0,0,0,Llenando ventana
245,1,PSO,poblacional,300.63400080024667,300.64870296914575,False,False,,,-3.007769293320223,,,,0,0,0,Llenando ventana
246,1,PSO,poblacional,300.63400080024667,300.72132003373684,False,False,,,-3.0409676298910995,,,,0,0,0,Llenando ventana
247,1,PSO,poblacional,300.598506374226,300.598506374226,False,False,,,-2.9337375883997083,,,,0,0,0,Llenando ventana
248,1,PSO,poblacional,300.5748963774409,300.5748963774409,False,False,,,-2.2553535273324314,,,,0,0,0,Llenando ventana
249,1,PSO,poblacional,300.5748963774409,300.58897477436307,False,False,,,-2.28562672904161,,,,0,0,0,Llenando ventana
250,1,PSO,poblacional,300.5748963774409,300.6001706883631,False,False,,,-2.31085439713263,,,,0,0,0,Llenando ventana
251,1,PSO,poblacional,300.5748963774409,300.5795149652742,False,False,,,-1.795164830176418,,,,0,0,0,Llenando ventana
252,1,PSO,poblacional,300.5190555566686,300.5190555566686,False,False,,,-1.8319089482984623,,,,0,0,0,Llenando ventana
253,1,PSO,poblacional,300.5190555566686,300.9675819483685,False,False,,,-1.8521286938646995,,,,0,0,0,Llenando ventana
254,1,PSO,poblacional,300.5190555566686,300.57642185639327,False,False,,,-1.8457406016023015,,,,0,0,0,Llenando ventana
255,1,PSO,poblacional,300.4466013579161,300.4466013579161,False,False,,,-1.3382571055042831,,,,0,0,0,Llenando ventana
256,1,PSO,poblacional,300.37917966752116,300.37917966752116,False,False,,,-1.1249234293192103,,,,0,0,0,Llenando ventana
257,1,PSO,poblacional,300.37917966752116,300.43111380762946,False,False,,,-1.1408205891625016,,,,0,0,0,Llenando ventana
258,1,PSO,poblacional,300.37917966752116,300.4062100103322,False,False,,,-1.1025709799225183,,,,0,0,0,Llenando ventana
259,1,PSO,poblacional,300.32360582683634,300.32360582683634,False,False,,,-1.1325326352689444,,,,0,0,0,Llenando ventana
260,1,PSO,poblacional,300.32360582683634,300.34418325313726,False,False,,,-1.14773441560817,,,,0,0,0,Llenando ventana
261,1,PSO,poblacional,300.32360582683634,300.3257517409936,False,False,,,-1.160402565890763,,,,0,0,0,Llenando ventana
262,1,PSO,poblacional,300.32360582683634,300.3378692104649,False,False,,,-1.1061936596235,,,,0,0,0,Llenando ventana
263,1,PSO,poblacional,300.32360582683634,300.3346113979125,False,False,,,-1.0674413618741596,,,,0,0,0,Llenando ventana
264,1,PSO,poblacional,300.2902793763067,300.2902793763067,False,False,,,-1.0401611362135554,,,,0,0,0,Llenando ventana
265,1,PSO,poblacional,300.2709440933359,300.2709440933359,False,False,,,-1.0348868895891883,,,,0,0,0,Llenando ventana
266,1,PSO,poblacional,300.25923297941694,300.25923297941694,False,False,,,-1.011030651536771,,,,0,0,0,Llenando ventana
267,1,PSO,poblacional,300.25923297941694,300.32716310417106,False,False,,,-0.9862125232012886,,,,0,0,0,Llenando ventana
268,1,PSO,poblacional,300.25923297941694,300.2945701909679,False,False,,,-0.9483814391965666,,,,0,0,0,Llenando ventana
269,1,PSO,poblacional,300.25923297941694,300.26186530274674,False,False,,,-0.9611113914004932,,,,0,0,0,Llenando ventana
270,1,PSO,poblacional,300.2295571229293,300.2295571229293,False,False,,,-0.978515456039986,,,,0,0,0,Llenando ventana
271,1,PSO,poblacional,300.19578385997437,300.19578385997437,False,False,,,-0.9391823933619321,,,,0,0,0,Llenando ventana
272,1,PSO,poblacional,300.1473015389946,300.1473015389946,False,False,,,-0.9606510964487143,,,,0,0,0,Llenando ventana
273,1,PSO,poblacional,300.1473015389946,300.2390443068003,False,False,,,-0.8459173338806636,,,,0,0,0,Llenando ventana
274,1,PSO,poblacional,300.1473015389946,300.17101324284846,False,False,,,-0.4287276911105664,,,,0,0,0,Llenando ventana
275,1,PSO,poblacional,300.1473015389946,300.20868433787933,False,False,,,-0.4334597848314843,,,,0,0,0,Llenando ventana
276,1,PSO,poblacional,300.1473015389946,300.1541142699989,False,False,,,-0.1885000000000332,,,,0,0,0,Llenando ventana
277,1,PSO,poblacional,300.1473015389946,300.14777361228744,False,False,,,-0.19499999999999318,,,,0,0,0,Llenando ventana
278,1,PSO,poblacional,300.1473015389946,300.1509298750935,False,False,,,-0.20099999999996498,,,,0,0,0,Llenando ventana
279,1,PSO,poblacional,300.13270533681674,300.13270533681674,False,False,,,-0.2064999999999486,,,,0,0,0,Llenando ventana
280,1,PSO,poblacional,300.13270533681674,300.15837052778136,False,False,,,-0.21149999999994407,,,,0,0,0,Llenando ventana
281,1,PSO,poblacional,300.13270533681674,300.1381205676827,False,False,,,-0.21599999999995134,,,,0,0,0,Llenando ventana
282,1,PSO,poblacional,300.13270533681674,300.15285765147144,False,False,,,-0.21999999999997044,,,,0,0,0,Llenando ventana
283,1,PSO,poblacional,300.1237691658176,300.1237691658176,False,False,,,-0.22350000000000136,,,,0,0,0,Llenando ventana
284,1,PSO,poblacional,300.1237691658176,300.13181743094964,False,False,,,-0.2265000000000441,,,,0,0,0,Llenando ventana
285,1,PSO,poblacional,300.1143075039116,300.1143075039116,False,False,,,-0.22900000000009868,,,,0,0,0,Llenando ventana
286,1,PSO,poblacional,300.1143075039116,300.1424925457924,False,False,,,-0.22900000000009868,,,,0,0,0,Llenando ventana
287,1,PSO,poblacional,300.1143075039116,300.1244419019346,False,False,,,-0.21999999999997044,,,,0,0,0,Llenando ventana
288,1,PSO,poblacional,300.1143075039116,300.1176368088534,False,False,,,-0.22350000000000136,,,,0,0,0,Llenando ventana
289,1,PSO,poblacional,300.1143075039116,300.11603695084705,False,False,,,-0.2265000000000441,,,,0,0,0,Llenando ventana
290,1,PSO,poblacional,300.11029631891637,300.11029631891637,False,False,,,-0.22900000000009868,,,,0,0,0,Llenando ventana
291,1,PSO,poblacional,300.11029631891637,300.12111830010076,False,False,,,-0.22350000000000136,,,,0,0,0,Llenando ventana
292,1,PSO,poblacional,300.097834232733,300.097834232733,False,False,,,-0.2265000000000441,,,,0,0,0,Llenando ventana
293,1,PSO,poblacional,300.097834232733,300.09821851169437,False,False,,,-0.22900000000009868,,,,0,0,0,Llenando ventana
294,1,PSO,poblacional,300.0965216444598,300.0965216444598,False,False,,,-0.22900000000009868,,,,0,0,0,Llenando ventana
295,1,PSO,poblacional,300.0965216444598,300.1007572232728,False,False,,,-0.22350000000000136,,,,0,0,0,Llenando ventana
296,1,PSO,poblacional,300.0965216444598,300.098146559696,False,False,,,-0.2265000000000441,,,,0,0,0,Llenando ventana
297,1,PSO,poblacional,300.0957291633165,300.0957291633165,False,False,,,-0.22900000000009868,,,,0,0,0,Llenando ventana
298,1,PSO,poblacional,300.0957291633165,300.10233761274947,False,False,,,-0.21599999999995134,,,,0,0,0,Llenando ventana
299,1,PSO,poblacional,300.0957291633165,300.1005733410354,False,False,,,-0.21999999999997044,,,,0,0,0,Llenando ventana
300,1,PSO,poblacional,300.0957291633165,300.0969663256615,False,False,,,-0.22350000000000136,,,,0,0,0,Llenando ventana
301,2,EHO,poblacional,300.0957291633165,300.0957291633165,False,False,,,,,,,0,0,1,Llenando ventana
302,2,EHO,poblacional,300.0957291633165,300.0957291633165,False,False,,,,,,,1,0,2,Llenando ventana
303,2,EHO,poblacional,300.0957291633165,300.0957291633165,False,False,,,,,,,2,0,3,Llenando ventana
304,2,EHO,poblacional,300.0957291633165,300.0957291633165,False,False,,,,,,,3,0,4,Llenando ventana
305,2,EHO,poblacional,300.0957291633165,300.0957291633165,False,False,,,,,,,4,0,5,Llenando ventana
306,2,EHO,poblacional,300.0957291633165,300.0957291633165,False,False,,,,,,,5,0,6,Llenando ventana
307,2,EHO,poblacional,300.0957291633165,300.0957291633165,False,False,,,,,,,6,0,7,Llenando ventana
308,2,EHO,poblacional,300.0957291633165,300.0957291633165,False,False,,,,,,,7,0,8,Llenando ventana
309,2,EHO,poblacional,300.0957291633165,300.0957291633165,False,False,,,,,,,8,0,9,Llenando ventana
310,2,EHO,poblacional,300.0957291633165,300.0957291633165,False,False,,,,,,,9,0,10,Llenando ventana
311,2,EHO,poblacional,300.0957291633165,300.0957291633165,False,False,,,,,,,10,0,11,Llenando ventana
312,2,EHO,poblacional,300.0957291633165,300.0957291633165,False,False,,,,,,,11,0,12,Llenando ventana
313,2,EHO,poblacional,300.0957291633165,300.0957291633165,False,False,,,,,,,12,0,13,Llenando ventana
314,2,EHO,poblacional,300.0957291633165,300.0957291633165,False,False,,,,,,,13,0,14,Llenando ventana
315,2,EHO,poblacional,300.0842158763806,300.0842158763806,False,False,,,,,,,0,0,15,Llenando ventana
316,2,EHO,poblacional,300.06878003583705,300.06878003583705,False,False,,,,,,,0,0,16,Llenando ventana
317,2,EHO,poblacional,300.06878003583705,300.06878003583705,False,False,,,,,,,1,0,17,Llenando ventana
318,2,EHO,poblacional,300.0536826722338,300.0536826722338,False,False,,,,,,,0,0,18,Llenando ventana
319,2,EHO,poblacional,300.0515074592075,300.0515074592075,False,False,,,,,,,0,0,19,Llenando ventana
320,2,EHO,poblacional,300.0318199365196,300.0318199365196,False,False,,,,,,,0,0,20,Llenando ventana
321,2,EHO,poblacional,300.03006976987814,300.03006976987814,False,False,,,,,,,0,0,21,Llenando ventana
322,2,EHO,poblacional,300.01934007959204,300.01934007959204,False,False,,,,,,,0,0,22,Llenando ventana
323,2,EHO,poblacional,300.01934007959204,300.01934007959204,False,False,,,,,,,1,0,23,Llenando ventana
324,2,EHO,poblacional,300.01934007959204,300.01934007959204,False,False,,,,,,,2,0,24,Llenando ventana
325,2,EHO,poblacional,300.01934007959204,300.01934007959204,False,False,,,,,,,3,0,25,Llenando ventana
326,2,EHO,poblacional,300.01871980973476,300.01871980973476,False,False,,,,,,,0,0,26,Llenando ventana
327,2,EHO,poblacional,300.0167602993946,300.0167602993946,False,False,,,,,,,0,0,27,Llenando ventana
328,2,EHO,poblacional,300.0167602993946,300.0167602993946,False,False,,,,,,,1,0,28,Llenando ventana
329,2,EHO,poblacional,300.0167054002833,300.0167054002833,False,False,,,,,,,0,0,29,Llenando ventana
330,2,EHO,poblacional,300.01666666187214,300.01666666187214,False,False,,,,,,,0,0,30,Llenando ventana
331,2,EHO,poblacional,300.01666666187214,300.01666666187214,False,False,,,,,,,1,0,31,Llenando ventana
332,2,EHO,poblacional,300.0163024226867,300.0163024226867,False,False,,,,,,,0,0,32,Llenando ventana
333,2,EHO,poblacional,300.0161627721796,300.0161627721796,False,False,,,,,,,0,0,33,Llenando ventana
334,2,EHO,poblacional,300.0161627721796,300.0161627721796,False,False,,,,,,,1,0,34,Llenando ventana
335,2,EHO,poblacional,300.0158551487344,300.0158551487344,False,False,,,,,,,0,0,35,Llenando ventana
336,2,EHO,poblacional,300.01581660606854,300.01581660606854,False,False,,,,,,,0,0,36,Llenando ventana
337,2,EHO,poblacional,300.0157562508277,300.0157562508277,False,False,,,,,,,0,0,37,Llenando ventana
338,2,EHO,poblacional,300.01556729120847,300.01556729120847,False,False,,,,,,,0,0,38,Llenando ventana
339,2,EHO,poblacional,300.01537387425327,300.01537387425327,False,False,,,,,,,0,0,39,Llenando ventana
340,2,EHO,poblacional,300.0152794716818,300.0152794716818,True,False,1.6206863995953427,1.778186399595313,-0.15749999999997044,4.0,20.0,12.0,0,0,40,Explotacion activa
341,2,EHO,poblacional,300.0151658630142,300.0151658630142,True,False,1.692749699897604,1.8587496998976007,-0.16599999999999682,4.0,20.0,12.0,0,0,41,Explotacion activa
342,2,EHO,poblacional,300.0151658630142,300.0151658630142,True,False,1.7653130001998534,1.9393130001998884,-0.17400000000003502,4.0,20.0,12.0,1,0,42,Explotacion activa
343,2,EHO,poblacional,300.0150968778726,300.0150968778726,True,False,1.8384452856436724,2.0199452856437574,-0.18150000000008504,4.0,20.0,12.0,0,0,43,Explotacion activa
344,2,EHO,poblacional,300.0150968778726,300.0150968778726,True,False,1.9120775710875932,2.1005775710876264,-0.1885000000000332,4.0,20.0,12.0,1,0,44,Explotacion activa
345,2,EHO,poblacional,300.0150968778726,300.0150968778726,True,False,1.9862098565315023,2.1812098565314955,-0.19499999999999318,4.0,20.0,12.0,2,0,45,Explotacion activa
346,2,EHO,poblacional,300.0148827149013,300.0148827149013,True,False,2.061056304946703,2.262056304946668,-0.20099999999996498,4.0,20.0,12.0,0,0,46,Explotacion activa
347,2,EHO,poblacional,300.0147720821776,300.0147720821776,True,False,2.1365133860855963,2.343013386085545,-0.2064999999999486,4.0,20.0,12.0,0,0,47,Explotacion activa
348,2,EHO,poblacional,300.0147720821776,300.0147720821776,True,False,2.2124704672244775,2.4239704672244216,-0.21149999999994407,4.0,20.0,12.0,1,0,48,Explotacion activa
349,2,EHO,poblacional,300.0147258397842,300.0147258397842,True,False,2.2889737907567564,2.504973790756708,-0.21599999999995134,1.9957556000105967,2.0836934292883713,-0.17925000000007002,0,0,49,Explotacion activa
350,2,EHO,poblacional,300.0147258397842,300.0147258397842,True,False,2.3659771142890236,2.585977114288994,-0.21999999999997044,2.0199452856437574,2.1365133860855963,-0.18150000000008504,1,0,50,Explotacion activa
351,2,EHO,poblacional,300.01468496066036,300.01468496066036,True,False,2.443521316945123,2.6670213169451245,-0.22350000000000136,2.044134971276918,2.189683342882813,-0.18360000000006949,0,0,51,Explotacion activa
352,2,EHO,poblacional,300.01464866356065,300.01464866356065,True,False,2.5216018167009224,2.7481018167009665,-0.2265000000000441,2.068324656910079,2.243071796637389,-0.18570000000005393,0,0,52,Explotacion activa
353,2,EHO,poblacional,300.01461397535843,300.01461397535843,True,False,2.60021700465893,2.8292170046590286,-0.22900000000009868,2.0925143425432395,2.296674123109983,-0.18780000000003838,0,0,53,Explotacion activa
354,2,EHO,poblacional,300.0144963779781,300.0144963779781,True,False,2.220918312561537,2.4499183125616355,-0.22900000000009868,2.1167040281764002,2.2753626951177126,-0.1898000000000252,0,0,54,Explotacion activa
355,2,EHO,poblacional,300.0144963779781,300.0144963779781,True,False,1.6757041892222446,1.9022041892222887,-0.2265000000000441,2.060261428365692,2.2549460516591466,-0.1917500000000132,1,0,55,Explotacion activa
356,2,EHO,poblacional,300.0140026903663,300.0140026903663,True,False,1.7279815346929581,1.9569815346930568,-0.22900000000009868,2.0073525354536175,2.2345294082005807,-0.19370000000000118,0,0,56,Explotacion activa
357,2,EHO,poblacional,300.01354500827665,300.01354500827665,True,False,1.1793220181223774,1.408322018122476,-0.22900000000009868,1.9632779097881268,2.220073528027831,-0.19559999999999036,0,0,57,Explotacion activa
358,2,EHO,poblacional,300.0118468027965,300.0118468027965,True,False,1.1341493665096891,1.3631493665097878,-0.22900000000009868,1.9463804139971557,2.217539174426713,-0.1973999999999819,0,0,58,Explotacion activa
359,2,EHO,poblacional,300.01143868226876,300.01143868226876,True,False,0.38646740257212286,0.615717235930731,-0.22924983335860816,1.9281803569066085,2.2150048208255955,-0.19919999999997345,0,0,59,Explotacion activa
360,2,EHO,poblacional,300.0105364745639,300.0105364745639,True,False,0.33799403222860747,0.5669940322287061,-0.22900000000009868,1.9022041892222887,2.2124704672244775,-0.20099999999996498,0,0,60,Explotacion activa
361,2,EHO,poblacional,300.0100552697192,300.0100552697192,True,False,0.026670719976607415,0.15782092094372047,-0.13115020096711305,1.8717860466950071,2.189683342882813,-0.19679999999998474,0,0,61,Explotacion activa
362,2,EHO,poblacional,300.00993047362033,300.00993047362033,True,False,0.022769730455593162,0.16723052691543216,-0.144460796459839,1.8265243797766857,2.1668962185411487,-0.1924000000000092,0,0,62,Explotacion activa
363,2,EHO,poblacional,300.0087692748171,300.0087692748171,True,False,0.019918593767954462,0.17780133169037526,-0.1578827379224208,1.7411999614480291,2.144109094199484,-0.1878000000000384,0,0,63,Explotacion activa
364,2,EHO,poblacional,300.0076170687784,300.0076170687784,True,False,0.02009259632791327,0.18952434250400074,-0.16943174617608747,1.482294894417043,2.1214219698578174,-0.1829000000000747,0,0,64,Explotacion activa
365,2,EHO,poblacional,300.0070654494338,300.0070654494338,True,False,0.025134565483313054,0.17698817837106162,-0.15185361288774857,1.385735692316132,2.0987848455161497,-0.17775000000006003,0,0,65,Explotacion activa
366,2,EHO,poblacional,300.0055926892398,300.0055926892398,True,False,0.054286574746356564,0.11173488525975017,-0.05744831051339361,1.2136629403939763,2.0761477211744817,-0.17308634923524552,0,0,66,Explotacion activa
367,2,EHO,poblacional,300.00492067412466,300.00492067412466,True,False,0.04986722459381099,0.12357451052969282,-0.07370728593588183,0.6904604489886365,2.053571660105183,-0.16988857155848222,0,0,67,Explotacion activa
368,2,EHO,poblacional,300.0040694451006,300.0040694451006,True,False,0.04778587345776941,0.13406940037094728,-0.08628352691317787,0.5864833137095161,2.0311177255806228,-0.1673726984704331,0,0,68,Explotacion activa
369,2,EHO,poblacional,300.0040694451006,300.0040694451006,True,False,0.04573686328802751,0.1451558191076856,-0.0994189558196581,0.45375312531129425,2.0086637910560623,-0.16356482137672404,1,0,69,Explotacion activa
370,2,EHO,poblacional,300.00185365302855,300.00185365302855,True,False,0.04578806590149043,0.15996882795127476,-0.11418076204978433,0.18952434250400074,1.9862098565315023,-0.1578827379224208,0,0,70,Explotacion activa
371,2,EHO,poblacional,300.00185365302855,300.00185365302855,True,False,0.050887957087809355,0.16021226937709798,-0.10932431228928863,0.1813182349344629,1.9639701708983295,-0.15761482137670554,1,0,71,Explotacion activa
372,2,EHO,poblacional,300.0016702523118,300.0016702523118,True,False,0.05326276494457716,0.1692584194682354,-0.11599565452365823,0.1774760703626498,1.9417304852651567,-0.1552414451550817,0,0,72,Explotacion activa
373,2,EHO,poblacional,300.0013529637021,300.0013529637021,True,False,0.054744574438927884,0.18406822794571553,-0.12932365350678765,0.1777200163584439,1.9194907996319839,-0.15111433124495763,0,0,73,Explotacion activa
374,2,EHO,poblacional,300.0013113034914,300.0013113034914,True,False,0.05885222484278074,0.18661475882498735,-0.1277625339822066,0.17905471094144332,1.8973511139988088,-0.14593935974542094,0,0,74,Explotacion activa
375,2,EHO,poblacional,300.0012560603204,300.0012560603204,True,False,0.061347072026080696,0.1996721406056281,-0.1383250685795474,0.1809347798180454,1.8752614283656328,-0.1413929325196932,0,0,75,Explotacion activa
376,2,EHO,poblacional,300.00112594720673,300.00112594720673,True,False,0.06458568481190241,0.21194858983295717,-0.14736290502105476,0.18281484869464748,1.8531717427324566,-0.14323365088378068,0,0,76,Explotacion activa
377,2,EHO,poblacional,300.0010139253265,300.0010139253265,True,False,0.06794848445952084,0.21913253056578696,-0.15118404610626612,0.18432288103364272,1.8311320570992904,-0.14475100731596058,0,0,77,Explotacion activa
378,2,EHO,poblacional,300.00054430448677,300.00054430448677,True,False,0.07180512445552267,0.22641883907954252,-0.15461371462401985,0.18508684029742425,1.8091923714661446,-0.1456216398843253,0,0,78,Explotacion activa
379,2,EHO,poblacional,300.00054430448677,300.00054430448677,True,False,0.07585173577911064,0.2374723059880921,-0.16162057020898146,0.18585079956120582,1.787252685832999,-0.14649227245269003,1,0,79,Explotacion activa
380,2,EHO,poblacional,300.00054430448677,300.00054430448677,True,False,0.08003977634086823,0.2476631264784146,-0.16762335013754637,0.18661475882498735,1.7653130001998534,-0.14736290502105476,2,0,80,Explotacion activa
381,2,EHO,poblacional,300.00054430448677,300.00054430448677,True,False,0.0858769832830717,0.2622846850058522,-0.17640770172278053,0.18748763392869136,1.7541135605477847,-0.14850924734661816,3,0,81,Explotacion activa
382,2,EHO,poblacional,300.00049134490666,300.00049134490666,True,False,0.09141928653752984,0.27419979745013734,-0.1827805109126075,0.18836050903239537,1.7429141208957162,-0.1496555896721816,0,0,82,Explotacion activa
383,2,EHO,poblacional,300.00049134490666,300.00049134490666,True,False,0.09843936770090522,0.28880533041609624,-0.19036596271519102,0.18923338413609941,1.7317146812436475,-0.150801931997745,1,0,83,Explotacion activa
384,2,EHO,poblacional,300.0003870223367,300.0003870223367,True,False,0.10625583406999795,0.3035151859519942,-0.19725935188199628,0.19155390212432621,1.720935167733887,-0.1513179594625626,0,0,84,Explotacion activa
385,2,EHO,poblacional,300.00035568084417,300.00035568084417,True,False,0.11065794526120953,0.3096898641283019,-0.19903191886709237,0.19459824155481442,1.7103656172952808,-0.15151882949700735,0,0,85,Explotacion activa
386,2,EHO,poblacional,300.00035568084417,300.00035568084417,True,False,0.11670151429012776,0.31979158923729756,-0.2030900749471698,0.19764258098530263,1.6997960668566747,-0.1517196995314521,1,0,86,Explotacion activa
387,2,EHO,poblacional,300.00035568084417,300.00035568084417,True,False,0.1258732865702541,0.33420799057074646,-0.20833470400049237,0.200899785528361,1.691045148830068,-0.1521296230613757,2,0,87,Explotacion activa
388,2,EHO,poblacional,300.0002977775068,300.0002977775068,True,False,0.13433700688699446,0.3468325995052055,-0.21249559261821105,0.20458272029655972,1.68593149562746,-0.1529576535822571,0,0,88,Explotacion activa
389,2,EHO,poblacional,300.00023361790227,300.00023361790227,True,False,0.14508953570236827,0.36132482138714295,-0.21623528568477468,0.20826565506475844,1.6808178424248523,-0.15378568410313848,0,0,89,Explotacion activa
390,2,EHO,poblacional,300.00023361790227,300.00023361790227,True,False,0.15508989373267923,0.37418187831531213,-0.2190919845826329,0.21194858983295717,1.6757041892222446,-0.15461371462401985,1,0,90,Explotacion activa
391,2,EHO,poblacional,300.00022499493576,300.00022499493576,True,False,0.1654776002032463,0.3871899600514439,-0.2217123598481976,0.2141037720528061,1.6591988523341739,-0.15547960023680504,0,0,91,Explotacion activa
392,2,EHO,poblacional,300.0002083085366,300.0002083085366,True,False,0.17595657855054014,0.4002427869866665,-0.22428620843612634,0.21625895427265504,1.6426935154461033,-0.1563454858495902,0,0,92,Explotacion activa
393,2,EHO,poblacional,300.0001884711646,300.0001884711646,True,False,0.1836652295499448,0.40996439596750633,-0.22629916641756154,0.21841413649250396,1.6261881785580325,-0.1572113714623754,0,0,93,Explotacion activa
394,2,EHO,poblacional,300.00012293122364,300.00012293122364,True,False,0.19549004600582975,0.4243378427219682,-0.22884779671613842,0.22058979226853806,1.5324135233007483,-0.15757654758446052,0,0,94,Explotacion activa
395,2,EHO,poblacional,300.00008473190513,300.00008473190513,True,False,0.1901712559634916,0.41900198432205116,-0.22883072835855955,0.22277568482266474,1.40000420885886,-0.15769136896119562,0,0,95,Explotacion activa
396,2,EHO,poblacional,300.00008473190513,300.00008473190513,True,False,0.1853108646780015,0.4146126591979282,-0.22930179451992672,0.22496157737679143,1.2675948944169686,-0.15780619033793072,1,0,96,Explotacion activa
397,2,EHO,poblacional,300.0000843872109,300.0000843872109,True,False,0.13099616165078487,0.36014506105868804,-0.22914889940790317,0.22752418577039746,1.1748047529611085,-0.15825652115107688,0,0,97,Explotacion activa
398,2,EHO,poblacional,300.00006893884944,300.00006893884944,True,False,0.12608989524670733,0.35559810389514723,-0.2295082086484399,0.23084022584296235,1.1612529574773018,-0.15937787083704508,0,0,98,Explotacion activa
399,2,EHO,poblacional,300.00006876862466,300.00006876862466,True,False,0.1026149011620987,0.3308797093439466,-0.2282648081818479,0.2341562659155272,1.1477011619934954,-0.16049922052301327,0,0,99,Explotacion activa
400,2,EHO,poblacional,300.00006876862466,300.00006876862466,True,False,0.093510828101671,0.32209922149615977,-0.22858839339448878,0.2374723059880921,1.1341493665096891,-0.16162057020898146,1,0,100,Explotacion activa
401,2,EHO,poblacional,300.0000654944553,300.0000654944553,True,False,0.09709715280513365,0.327097152805095,-0.22999999999996135,0.24052955213518887,0.9098447773284161,-0.16293439914628607,0,0,101,Explotacion activa
402,2,EHO,poblacional,300.00006060483906,300.00006060483906,True,False,0.07059083802545274,0.2905190694571047,-0.21992823143165197,0.24358679828228558,0.6855401881471483,-0.16424822808359069,0,0,102,Explotacion activa
403,2,EHO,poblacional,300.0000506854729,300.0000506854729,True,False,0.05544306543640687,0.25314941725400786,-0.197706351817601,0.24664404442938234,0.46123559896587524,-0.1655620570208953,0,0,103,Explotacion activa
404,2,EHO,poblacional,300.00003784149504,300.00003784149504,True,False,0.05440088451570091,0.23866387075315743,-0.18426298623745652,0.24046372189820886,0.37677272850341964,-0.16632467002750673,0,0,104,Explotacion activa
405,2,EHO,poblacional,300.00003784149504,300.00003784149504,True,False,0.05298073429298711,0.18678107093114704,-0.13380033663815993,0.23806808837062476,0.36223071740036517,-0.16381028510448914,1,0,105,Explotacion activa
406,2,EHO,poblacional,300.00002973886757,300.00002973886757,True,False,0.06139061478211261,0.1654634166982305,-0.1040728019161179,0.2352616126063822,0.34768870629731036,-0.16087300375166935,0,0,106,Explotacion activa
407,2,EHO,poblacional,300.0000244241505,300.0000244241505,True,False,0.07622629769042533,0.13631050570921843,-0.060084208018793106,0.22752418577039746,0.3237436336063295,-0.15825652115107688,0,0,107,Explotacion activa
408,2,EHO,poblacional,300.0000244241505,300.0000244241505,True,False,0.07675685519183162,0.14035552665927753,-0.06359867146744591,0.22204705397128918,0.28099243773949556,-0.1576530951689506,1,0,108,Explotacion activa
409,2,EHO,poblacional,300.0000203528573,300.0000203528573,True,False,0.13466252060447914,0.055772936021128316,0.07888958458335082,0.21697734834593801,0.23824124187266266,-0.15663411438718527,0,0,109,Explotacion activa
410,2,EHO,poblacional,300.0000155501675,300.0000155501675,True,False,0.1341739040678931,0.05761103888215757,0.07656286518573552,0.21194858983295717,0.19549004600582975,-0.15461371462401985,0,0,110,Explotacion activa
411,2,EHO,poblacional,300.0000086942096,300.0000086942096,True,False,0.1401767792812052,0.05211996903051386,0.08805681025069134,0.20335507537382683,0.1938944089931283,-0.15268164340862997,0,0,111,Explotacion activa
412,2,EHO,poblacional,300.0000065989644,300.0000065989644,True,False,0.15065154553485627,0.04109207799132264,0.10955946754353363,0.19561302136497713,0.19229877198042686,-0.15158578617515558,0,0,112,Explotacion activa
413,2,EHO,poblacional,300.0000065755587,300.0000065755587,True,False,0.15150550894315984,0.040772057705112275,0.11073345123804756,0.18925001534671537,0.1907031349677254,-0.150801931997745,0,0,113,Explotacion activa
414,2,EHO,poblacional,300.0000062215058,300.0000062215058,True,False,0.15308617438597594,0.039867412850469464,0.11321876153550647,0.18732972524571778,0.18919917770639358,-0.14812713323809704,0,0,114,Explotacion activa
415,2,EHO,poblacional,300.00000552953804,300.00000552953804,True,False,0.15750805199786555,0.0359134190871373,0.12159463291072825,0.1866979148780672,0.18774106032074656,-0.14591185074044688,0,0,115,Explotacion activa
416,2,EHO,poblacional,300.0000046337423,300.0000046337423,True,False,0.16093853967964833,0.03255385734246374,0.12838468233718459,0.18610545264913297,0.1862829429350995,-0.1432336508837807,0,0,116,Explotacion activa
417,2,EHO,poblacional,300.0000038886509,300.0000038886509,True,False,0.17816519538814646,0.014779060428566027,0.16338613495958043,0.18432288103364272,0.18514630116519584,-0.13893864136757658,0,0,117,Explotacion activa
418,2,EHO,poblacional,300.00000343935295,300.00000343935295,True,False,0.177728452222766,0.015319925562380377,0.16240852666038563,0.18030809019251137,0.18465261062677882,-0.13561022941471496,0,0,118,Explotacion activa
419,2,EHO,poblacional,300.00000337203335,300.00000337203335,True,False,0.17743725049092518,0.01586085801579884,0.16157639247512634,0.17755738569458118,0.1841589200883618,-0.13300529593684587,0,0,119,Explotacion activa
420,2,EHO,poblacional,300.0000019433152,300.0000019433152,True,False,0.17713917444689287,0.01640321918733889,0.16073595525955398,0.17698817837106162,0.1836652295499448,-0.13115020096711305,0,0,120,Explotacion activa
421,2,EHO,poblacional,300.0000019433152,300.0000019433152,True,False,0.17892384161933705,0.014827197154772875,0.16409664446456418,0.17157734713908326,0.18224281317076246,-0.1298716177448853,1,0,121,Explotacion activa
422,2,EHO,poblacional,300.0000016263404,300.0000016263404,True,False,0.17868285515379512,0.01531691572103,0.16336593943276512,0.16844726244711408,0.18082039679158016,-0.12869920569695523,0,0,122,Explotacion activa
423,2,EHO,poblacional,300.0000016263404,300.0000016263404,True,False,0.1821912231402507,0.011633731489723687,0.17055749165052703,0.167053815893712,0.18233862378122012,-0.12658584603635184,1,0,123,Explotacion activa
424,2,EHO,poblacional,300.00000156803463,300.00000156803463,True,False,0.18317795523097402,0.010765526089471678,0.17241242914150234,0.16581683874167083,0.18298060881282935,-0.11834903041536794,0,0,124,Explotacion activa
425,2,EHO,poblacional,300.0000014466229,300.0000014466229,True,False,0.1830673612465148,0.011119760310748461,0.17194760093576633,0.16283784303766424,0.1831226582387444,-0.1150882082867213,0,0,125,Explotacion activa
426,2,EHO,poblacional,300.00000141375256,300.00000141375256,True,False,0.18296296267357093,0.011474027402357478,0.17148893527121345,0.16016358109193335,0.18308948004340664,-0.11320947209768521,0,0,126,Explotacion activa
427,2,EHO,poblacional,300.0000011409668,300.0000011409668,True,False,0.18488216155634518,0.009512433784038876,0.1753697277723063,0.15999317209385708,0.1831668958325281,-0.10980995726533821,0,0,127,Explotacion activa
428,2,EHO,poblacional,300.0000009674436,300.0000009674436,True,False,0.18698469663797823,0.0072428596669738,0.17974183697100443,0.15868008374674217,0.18347031982235648,-0.10617340606538622,0,0,128,Explotacion activa
429,2,EHO,poblacional,300.0000008313854,300.0000008313854,True,False,0.1869727392456184,0.007475646183820572,0.17949709306179784,0.15402139039291,0.1840303091518649,-0.10267664808717997,0,0,129,Explotacion activa
430,2,EHO,poblacional,300.0000007522459,300.0000007522459,True,False,0.1872742265152283,0.007363593180002681,0.1799106333352256,0.1451558191076856,0.18488216155634518,-0.09941895581965812,0,0,130,Explotacion activa
431,2,EHO,poblacional,300.0000005498743,300.0000005498743,True,False,0.1878743297692722,0.006920582276052301,0.1809537474932199,0.14179561439379995,0.1851822537415046,-0.09022415558512199,0,0,131,Explotacion activa
432,2,EHO,poblacional,300.0000005498743,300.0000005498743,True,False,0.18860831253357446,0.00633484605805279,0.18227346647552167,0.13873751827925387,0.18597561450504826,-0.08125303052225956,1,0,132,Explotacion activa
433,2,EHO,poblacional,300.0000005498743,300.0000005498743,True,False,0.19094717494124325,0.0039011697093087605,0.1870460052319345,0.1360863951753913,0.1869739349848544,-0.07269642448903829,2,0,133,Explotacion activa
434,2,EHO,poblacional,300.0000005498743,300.0000005498743,True,False,0.19223189561921572,0.0024955783182463165,0.1897363173009694,0.13451762143860152,0.18698230515950626,-0.06562039436113312,3,0,134,Explotacion activa
435,2,EHO,poblacional,300.00000054744504,300.00000054744504,True,False,0.19217962800303212,0.0025797627783390453,0.18959986522469308,0.12882195545032005,0.18712946157660326,-0.06184143974311951,0,0,135,Explotacion activa
436,2,EHO,poblacional,300.0000004674381,300.0000004674381,True,False,0.1921452380116193,0.0026502394762246695,0.18949499853539464,0.12120658547570426,0.18739424716603706,-0.05955702851771324,0,0,136,Explotacion activa
437,2,EHO,poblacional,300.0000004003479,300.0000004003479,True,False,0.1926337918214358,0.0021162918805543995,0.1905174999408814,0.11291884778674441,0.1878143194438678,-0.05771190026393358,0,0,137,Explotacion activa
438,2,EHO,poblacional,300.0000003123063,300.0000003123063,True,False,0.1926071075075697,0.0021781094324637706,0.19042899807510594,0.07926057743319453,0.18831471942785355,0.022958394906083104,0,0,138,Explotacion activa
439,2,EHO,poblacional,300.0000003123063,300.0000003123063,True,False,0.19260050544846763,0.002246565750795071,0.19035393969767256,0.057059608023848796,0.1890771955625496,0.0772608810050201,1,0,139,Explotacion activa
440,2,EHO,poblacional,300.0000003123063,300.0000003123063,True,False,0.1927052251465966,0.0021840552959133674,0.19052116985068324,0.055772936021128316,0.1901712559634916,0.07888958458335082,2,0,140,Explotacion activa
441,2,EHO,poblacional,300.00000029616825,300.00000029616825,True,False,0.1928762971635365,0.0020536689324330837,0.1908226282311034,0.05321585912769818,0.19071439924791775,0.08530664255048909,0,0,141,Explotacion activa
442,2,EHO,poblacional,300.00000029596686,300.00000029596686,True,False,0.193224897445873,0.001717203158079883,0.19150769428779313,0.047708812614837344,0.19142640016939366,0.09665787316782808,0,0,142,Explotacion activa
443,2,EHO,poblacional,300.00000027162156,300.00000027162156,True,False,0.19366573724391856,0.001253857895164856,0.1924118793487537,0.0410600759627016,0.1921486770107606,0.10967686591298502,0,0,143,Explotacion activa
444,2,EHO,poblacional,300.0000002508496,300.0000002508496,True,False,0.19366304078619123,0.0012914485405985943,0.19237159224559264,0.040836061762354346,0.19217275000474957,0.11049865449914477,0,0,144,Explotacion activa
445,2,EHO,poblacional,300.0000002408895,300.0000002408895,True,False,0.19394547232946024,0.0010049440471107118,0.19294052828234953,0.04031973527779087,0.19220576181112392,0.11197610638677702,0,0,145,Explotacion activa
446,2,EHO,poblacional,300.00000023883786,300.00000023883786,True,False,0.19413147921937934,0.0008218553950882779,0.19330962382429107,0.03907661409780302,0.1923056175850661,0.11489393581055074,0,0,146,Explotacion activa
447,2,EHO,poblacional,300.0000002164359,300.0000002164359,True,False,0.19413141201357575,0.000846063109690931,0.19328534890388482,0.03630881846347052,0.19256364446554244,0.120757045773206,0,0,147,Explotacion activa
448,2,EHO,poblacional,300.0000002164359,300.0000002164359,True,False,0.19428204986320452,0.0007074190949651893,0.19357463076823933,0.03389768204033316,0.1926044666839289,0.125668662566602,1,0,148,Explotacion activa
449,2,EHO,poblacional,300.00000021547726,300.00000021547726,True,False,0.1944629283414656,0.0005354488840794147,0.1939274794573862,0.02770866589592622,0.19261511280172955,0.1380900642138953,0,0,149,Explotacion activa
450,2,EHO,poblacional,300.0000001830019,300.0000001830019,True,False,0.19470907997856557,0.00027657773347300463,0.19443250224509256,0.01640321918733889,0.1926337918214358,0.16073595525955398,0,0,150,Explotacion activa
451,2,EHO,poblacional,300.00000013928934,300.00000013928934,True,False,0.19477970948076972,0.000201322844304741,0.19457838663646498,0.016023566367260853,0.19268379514904838,0.16132426131045463,0,0,151,Explotacion activa
452,2,EHO,poblacional,300.00000013928934,300.00000013928934,True,False,0.19477946622566833,0.00020684629231482177,0.1945726199333535,0.015644485034431454,0.19277365395337256,0.16190924614923005,1,0,152,Explotacion activa
453,2,EHO,poblacional,300.00000012704135,300.00000012704135,True,False,0.19479127892549286,0.00019913269477456197,0.1945921462307183,0.01531962457824534,0.19291115719177016,0.16250426793762357,0,0,153,Explotacion activa
454,2,EHO,poblacional,300.0000001196371,300.0000001196371,True,False,0.19481437328937545,0.00017755585213308223,0.19463681743724237,0.015317517689300075,0.1931551773894057,0.16317445687828921,0,0,154,Explotacion activa
455,2,EHO,poblacional,300.00000007412865,300.00000007412865,True,False,0.19484554410587407,0.00014717943264486166,0.1946983646732292,0.015072056437901438,0.19344396911603212,0.16337603719617277,0,0,155,Explotacion activa
456,2,EHO,poblacional,300.0000000657468,300.0000000657468,True,False,0.19487234225169914,0.0001219437710915372,0.1947503984806076,0.014817569809531505,0.1936635800777367,0.1635282368605772,0,0,156,Explotacion activa
457,2,EHO,poblacional,300.00000006533827,300.00000006533827,True,False,0.19488820158005637,0.0001077951660022336,0.19478040641405414,0.01478387410118671,0.19366546759814582,0.1640255935140658,0,0,157,Explotacion activa
458,2,EHO,poblacional,300.0000000622003,300.0000000622003,True,False,0.19489061567185217,0.00010847953450365821,0.19478213613734852,0.012891863065260618,0.19383357829524356,0.16797315277614186,0,0,158,Explotacion activa
459,2,EHO,poblacional,300.0000000622003,300.0000000622003,True,False,0.1949398533579938,5.464064270199742e-05,0.1948852127152918,0.011585820263513824,0.1940012542346949,0.17083692473673295,1,0,159,Explotacion activa
460,2,EHO,poblacional,300.0000000586702,300.0000000586702,True,False,0.19493894797727762,5.65252877322564e-05,0.19488242268954536,0.011474027402357478,0.19413141201357575,0.17148893527121345,0,0,160,Explotacion activa
461,2,EHO,poblacional,300.0000000483508,300.0000000483508,True,False,0.19494884800440104,4.574125938461293e-05,0.19490310674501643,0.011226040438231165,0.19413145905763826,0.17181000123640047,0,0,161,Explotacion activa
462,2,EHO,poblacional,300.0000000483068,300.0000000483068,True,False,0.19494824054203264,4.731929300305637e-05,0.19490092124902958,0.010978066622237747,0.19419170747690942,0.17213353221806074,0,0,162,Explotacion activa
463,2,EHO,poblacional,300.000000046586,300.000000046586,True,False,0.19494995409445437,4.656681647929872e-05,0.19490338727797507,0.010640216858928396,0.19430013771103063,0.17270815900458272,0,0,163,Explotacion activa
464,2,EHO,poblacional,300.00000003953636,300.00000003953636,True,False,0.19495399869526864,4.323884496670871e-05,0.19491075985030193,0.009763052245125432,0.19442675264581338,0.1747782680461455,0,0,164,Explotacion activa
465,2,EHO,poblacional,300.00000003784817,300.00000003784817,True,False,0.1949550895130301,4.333280639912118e-05,0.19491175670663097,0.008494039983929724,0.1945860041600156,0.17743341041705207,0,0,165,Explotacion activa
466,2,EHO,poblacional,300.0000000355637,300.0000000355637,True,False,0.1949646278770274,3.3799564505443414e-05,0.19493082831252195,0.007453235583056994,0.1947231572279861,0.17954604184363915,0,0,166,Explotacion activa
467,2,EHO,poblacional,300.0000000264879,300.0000000264879,True,False,0.19497063584981333,2.7973116345947346e-05,0.1949426627334674,0.00737479848038447,0.19477242760095806,0.17971736258008378,0,0,167,Explotacion activa
468,2,EHO,poblacional,300.00000002178473,300.00000002178473,True,False,0.19497513249535814,2.3476447609027673e-05,0.1949516560477491,0.007291153072185352,0.19477961217872916,0.17984311478953713,0,0,168,Explotacion activa
469,2,EHO,poblacional,300.00000002010376,300.00000002010376,True,False,0.19497756825541046,2.1122148837093846e-05,0.19495644610657337,0.0071461764496973485,0.19478318031418668,0.1802235675826239,0,0,169,Explotacion activa
470,2,EHO,poblacional,300.0000000197288,300.0000000197288,True,False,0.19498412447501323,1.3759801561263885e-05,0.19497036467345197,0.006920582276052301,0.19479127892549286,0.1809537474932199,0,0,170,Explotacion activa
471,2,EHO,poblacional,300.0000000178623,300.0000000178623,True,False,0.1949837498693796,1.4291813556610578e-05,0.194969458055823,0.006510566923452641,0.1948074449802107,0.18187755078083112,0,0,171,Explotacion activa
472,2,EHO,poblacional,300.00000001346046,300.00000001346046,True,False,0.1949834949009528,1.4828227392627014e-05,0.19496866667356016,0.005361375518555181,0.1948268416159749,0.18418248197808676,0,0,172,Explotacion activa
473,2,EHO,poblacional,300.0000000128464,300.0000000128464,True,False,0.19498343055266787,1.5365255308097403e-05,0.19496806529735977,0.0037760766860003496,0.1948482239204566,0.18729090456228048,0,0,173,Explotacion activa
474,2,EHO,poblacional,300.0000000128464,300.0000000128464,True,False,0.1949834512555526,1.5805112809630373e-05,0.19496764614274298,0.0029004255228414822,0.19486698262253413,0.1890051998747026,1,0,174,Explotacion activa
475,2,EHO,poblacional,300.0000000128464,300.0000000128464,True,False,0.1949861071703367,1.3139433804099099e-05,0.1949729677365326,0.0026150011272818574,0.19488027191587776,0.18954743188004386,2,0,175,Explotacion activa
476,2,EHO,poblacional,300.00000001135714,300.00000001135714,True,False,0.1949882687383706,1.0911907395438902e-05,0.19497735683097517,0.0025629258863204994,0.19488868439841553,0.18962715563994834,0,0,176,Explotacion activa
477,2,EHO,poblacional,300.00000001135714,300.00000001135714,True,False,0.1949910819237175,7.779234636018373e-06,0.19498330268908148,0.0025039967642555895,0.19489037426267258,0.18972267209334176,1,0,177,Explotacion activa
478,2,EHO,poblacional,300.0000000103267,300.0000000103267,True,False,0.1949908571917831,8.081214275534876e-06,0.19498277597750757,0.0023461707777755686,0.19491961505510744,0.19010689073899129,0,0,178,Explotacion activa
479,2,EHO,poblacional,300.0000000095934,300.0000000095934,True,False,0.19499067445917717,8.383927195154683e-06,0.19498229053198202,0.0022278126143305595,0.19493921959149246,0.19037645721090257,0,0,179,Explotacion activa
480,2,EHO,poblacional,300.0000000095934,300.0000000095934,True,False,0.19499106327441496,8.041117155244137e-06,0.1949830221572597,0.0021840552959133674,0.1949398533579938,0.19042899807510594,1,0,180,Explotacion activa
481,2,EHO,poblacional,300.0000000095934,300.0000000095934,True,False,0.1949908982078341,8.319636151554732e-06,0.19498257857168255,0.00217989319149865,0.19494572438682098,0.19049094938114877,2,0,181,Explotacion activa
482,2,EHO,poblacional,300.0000000085446,300.0000000085446,True,False,0.1949915933922739,7.633246525529103e-06,0.19498396014574837,0.0021533824117000223,0.19494848352698,0.19051896790480213,0,0,182,Explotacion activa
483,2,EHO,poblacional,300.0000000084039,300.0000000084039,True,False,0.19499214622942418,7.0655862032253935e-06,0.19498508064322095,0.002110029585742268,0.1949489586134064,0.19055131568872524,0,0,183,Explotacion activa
484,2,EHO,poblacional,300.00000000665295,300.00000000665295,True,False,0.19499230441721238,6.911378704899107e-06,0.19498539303850748,0.0020661935220573466,0.1949497328764437,0.19076233655501937,0,0,184,Explotacion activa
485,2,EHO,poblacional,300.00000000503104,300.00000000503104,True,False,0.1949922476024426,7.065171189424291e-06,0.19498518243125318,0.0018854360452564833,0.1949519763948615,0.19116516125944827,0,0,185,Explotacion activa
486,2,EHO,poblacional,300.00000000490974,300.00000000490974,True,False,0.19499297395191206,6.403021927781083e-06,0.19498657092998428,0.001632052234583624,0.19495421685882092,0.19168047387935302,0,0,186,Explotacion activa
487,2,EHO,poblacional,300.00000000396295,300.00000000396295,True,False,0.1949929119849685,6.615494896777818e-06,0.1949862964900717,0.0013340240023467238,0.19495498043125395,0.19228520244981268,0,0,187,Explotacion activa
488,2,EHO,poblacional,300.00000000396295,300.00000000396295,True,False,0.1949929108957349,6.789621295411052e-06,0.19498612127443948,0.0012688941533383514,0.19496081253142847,0.19239576450748927,1,0,188,Explotacion activa
489,2,EHO,poblacional,300.00000000396295,300.00000000396295,True,False,0.19499399522482008,5.702120233763708e-06,0.19498829310458632,0.0011791837407486116,0.19496643026886318,0.19257047402883246,2,0,189,Explotacion activa
490,2,EHO,poblacional,300.00000000396295,300.00000000396295,True,False,0.19499552015844301,4.132657863920031e-06,0.1949913875005791,0.0010049440471107118,0.19497063584981333,0.19294052828234953,3,0,190,Explotacion activa
491,2,EHO,poblacional,300.00000000352253,300.00000000352253,True,False,0.19499551839675178,4.268424675046845e-06,0.19499124997207673,0.0008937273909168648,0.1949737835016947,0.19318190271742422,0,0,191,Explotacion activa
492,2,EHO,poblacional,300.00000000243546,300.00000000243546,True,False,0.19499595284679572,3.915358774975175e-06,0.19499203748802074,0.0008363800238498698,0.19497610679937907,0.19329505887204732,0,0,192,Explotacion activa
493,2,EHO,poblacional,300.00000000233814,300.00000000233814,True,False,0.1949962091810562,3.7438918525367626e-06,0.19499246528920366,0.0008104117650759689,0.1949781544851362,0.1933361245186859,0,0,193,Explotacion activa
494,2,EHO,poblacional,300.00000000223827,300.00000000223827,True,False,0.19499775354341864,2.0409529497555923e-06,0.19499571259046888,0.0007303063549898065,0.1949822580932164,0.19352162937944967,0,0,194,Explotacion activa
495,2,EHO,poblacional,300.00000000223827,300.00000000223827,True,False,0.19499799755271852,1.777569480054808e-06,0.19499621998323846,0.000621433989522302,0.19498344090411024,0.19375105511281276,1,0,195,Explotacion activa
496,2,EHO,poblacional,300.0000000019077,300.0000000019077,True,False,0.19499798107364086,1.8250672155772918e-06,0.19499615600642528,0.00048367465395813197,0.19498345998463265,0.19402848401492748,0,0,196,Explotacion activa
497,2,EHO,poblacional,300.0000000016341,300.0000000016341,True,False,0.19499805702929507,1.763252043929242e-06,0.19499629377725114,0.000302464848533646,0.19498349053641278,0.1943819999663219,0,0,197,Explotacion activa
498,2,EHO,poblacional,300.0000000015731,300.0000000015731,True,False,0.19499802738664584,1.8238792449665198e-06,0.19499620350740088,0.0002347388687780948,0.1949836478820089,0.19451657285804913,0,0,198,Explotacion activa
499,2,EHO,poblacional,300.0000000011333,300.0000000011333,True,False,0.19499812991136878,1.7437426436117676e-06,0.19499638616872517,0.0002051892579117975,0.1949838622510697,0.19457434994428696,0,0,199,Explotacion activa
500,2,EHO,poblacional,300.0000000011333,300.0000000011333,True,False,0.19499846487849481,1.3885031080462795e-06,0.19499707637538677,0.000201322844304741,0.19498412447501323,0.19457838663646498,1,0,200,Explotacion activa
501,2,EHO,poblacional,300.0000000011117,300.0000000011117,True,False,0.19499844462308147,1.433982333765016e-06,0.1949970106407477,0.0001997897396336157,0.19498551236173967,0.1945880183524423,0,0,201,Explotacion activa
502,2,EHO,poblacional,300.00000000108327,300.00000000108327,True,False,0.1949984994296301,1.41237529760474e-06,0.1949970870543325,0.0001905019577179701,0.19498697179755026,0.19461001471332792,0,0,202,Explotacion activa
503,2,EHO,poblacional,300.0000000009884,300.0000000009884,True,False,0.19499874274367812,1.1759863696170214e-06,0.1949975667573085,0.00017451821018426013,0.19498850931045125,0.19464297216084106,0,0,203,Explotacion activa
504,2,EHO,poblacional,300.0000000008196,300.0000000008196,True,False,0.19499879961563238,1.1471753964542586e-06,0.19499765244023592,0.00015325471654250563,0.19499019331501585,0.19468605522603183,0,0,204,Explotacion activa
505,2,EHO,poblacional,300.0000000007345,300.0000000007345,True,False,0.19499887607236133,1.092909883482207e-06,0.19499778316247784,0.00013456160186819943,0.19499076582548014,0.1947243815769184,0,0,205,Explotacion activa
506,2,EHO,poblacional,300.0000000006315,300.0000000006315,True,False,0.19499918470779676,7.648104656254873e-07,0.19499841989733113,0.00011925092377396136,0.1949908653949933,0.19475640006729691,0,0,206,Explotacion activa
507,2,EHO,poblacional,300.0000000004222,300.0000000004222,True,False,0.19499934376744932,6.027494805493916e-07,0.19499874101796877,0.00010982595816244613,0.194990894106229,0.1947774056207095,0,0,207,Explotacion activa
508,2,EHO,poblacional,300.0000000002629,300.0000000002629,True,False,0.194999396638309,5.570323651227227e-07,0.19499883960594389,0.00010806891340280345,0.19499099724778263,0.19478144424803076,0,0,208,Explotacion activa
509,2,EHO,poblacional,300.0000000002629,300.0000000002629,True,False,0.19499940406012684,5.61875651783339e-07,0.19499884218447505,9.241420252124023e-05,0.19499106886920572,0.19481222210300758,1,0,209,Explotacion activa
510,2,EHO,poblacional,300.000000000212,300.000000000212,True,False,0.19499946156605574,5.067320216767257e-07,0.19499895483403407,5.65252877322564e-05,0.1949910819237175,0.19488242268954536,0,0,210,Explotacion activa
511,2,EHO,poblacional,300.00000000019054,300.00000000019054,True,False,0.1949996064812467,3.4833016115953797e-07,0.19499925815108554,5.520603621107511e-05,0.19499143995170698,0.19488437570756786,0,0,211,Explotacion activa
512,2,EHO,poblacional,300.00000000018514,300.00000000018514,True,False,0.19499961826966228,3.3704230872899643e-07,0.19499928122735355,5.171210282242101e-05,0.19499181452713402,0.19489149612878692,0,0,212,Explotacion activa
513,2,EHO,poblacional,300.00000000016723,300.00000000016723,True,False,0.19499961055828408,3.497214606795751e-07,0.1949992608368234,4.7244045350680605e-05,0.194992156366726,0.19490113979862828,0,0,213,Explotacion activa
514,2,EHO,poblacional,300.00000000016723,300.00000000016723,True,False,0.1949996043850888,3.6240061263015377e-07,0.19499924198447616,4.671731178405025e-05,0.1949922273278389,0.19490266964581907,1,0,214,Explotacion activa
515,2,EHO,poblacional,300.00000000013375,300.00000000013375,True,False,0.19499964867867448,3.155436161250691e-07,0.19499933313505835,4.615403793195583e-05,0.1949922760098275,0.19490324701149575,0,0,215,Explotacion activa
516,2,EHO,poblacional,300.00000000013375,300.00000000013375,True,False,0.19499964098275768,3.2676700811862247e-07,0.19499931421574956,4.525956878751457e-05,0.1949924257129169,0.19490486179244043,1,0,216,Explotacion activa
517,2,EHO,poblacional,300.00000000012864,300.00000000012864,True,False,0.1949996703944521,2.967772161355242e-07,0.19499937361723596,4.357365169767036e-05,0.19499285024788265,0.19491002259306925,0,0,217,Explotacion activa
518,2,EHO,poblacional,300.0000000001124,300.0000000001124,True,False,0.1949996888922101,2.776603196252836e-07,0.19499941123189046,4.32764295396737e-05,0.19499291154927506,0.19491135796409936,0,0,218,Explotacion activa
519,2,EHO,poblacional,300.00000000010715,300.00000000010715,True,False,0.19499968526594103,2.871465767384507e-07,0.1949993981193643,4.040706082832908e-05,0.19499293057505157,0.19491747818839827,0,0,219,Explotacion activa
520,2,EHO,poblacional,300.00000000010715,300.00000000010715,True,False,0.19499968490441688,2.9663283385161776e-07,0.19499938827158303,3.3799564505443414e-05,0.19499297395191206,0.19493082831252195,1,0,220,Explotacion activa
521,2,EHO,poblacional,300.00000000010715,300.00000000010715,True,False,0.19499972044530978,2.641663741087541e-07,0.19499945627893567,2.972105079379615e-05,0.19499368884294768,0.19493911240718376,2,0,221,Explotacion activa
522,2,EHO,poblacional,300.00000000009527,300.00000000009527,True,False,0.19499972532184984,2.6698819510784233e-07,0.19499945833365473,2.6174448851179485e-05,0.19499460449359277,0.1949462600591801,0,0,222,Explotacion activa
523,2,EHO,poblacional,300.0000000000927,300.0000000000927,True,False,0.1949997859878181,2.0526147181954002e-07,0.19499958072634627,2.3241017731834288e-05,0.1949955185729209,0.19495213505363154,0,0,223,Explotacion activa
524,2,EHO,poblacional,300.0000000000566,300.0000000000566,True,False,0.19499983977215152,1.4698127870360622e-07,0.19499969279087281,2.15930085914806e-05,0.19499551980610477,0.1949554880948085,0,0,224,Explotacion activa
525,2,EHO,poblacional,300.00000000004525,300.00000000004525,True,False,0.19499984100139045,1.4711491758134798e-07,0.19499969388647287,1.846363082336211e-05,0.19499573650261937,0.19496204612465817,0,0,225,Explotacion activa
526,2,EHO,poblacional,300.00000000003314,300.00000000003314,True,False,0.19499987104143202,1.1412015510359197e-07,0.1949997569212769,1.571714130932378e-05,0.19499600411364781,0.19496772997366635,0,0,226,Explotacion activa
527,2,EHO,poblacional,300.000000000027,300.000000000027,True,False,0.19499987013591635,1.1805610711235204e-07,0.19499975207980924,1.54092410582507e-05,0.19499618354763015,0.1949680233818981,0,0,227,Explotacion activa
528,2,EHO,poblacional,300.00000000002115,300.00000000002115,True,False,0.19499986942031455,1.2199791399325477e-07,0.19499974742240056,1.504303855881517e-05,0.19499713579847366,0.19496842612308002,0,0,228,Explotacion activa
529,2,EHO,poblacional,300.00000000001427,300.00000000001427,True,False,0.19499986889348975,1.2594659892783966e-07,0.19499974294689082,1.466730324182208e-05,0.19499782180248532,0.19496890408823903,0,0,229,Explotacion activa
530,2,EHO,poblacional,300.00000000001427,300.00000000001427,True,False,0.19499988336855267,1.1227837148908293e-07,0.19499977109018118,1.4291813556610578e-05,0.19499798107364086,0.194969458055823,1,0,230,Explotacion activa
531,2,EHO,poblacional,300.0000000000111,300.0000000000111,True,False,0.19499992003449051,7.230687515402678e-08,0.19499984772761536,1.3919405159867892e-05,0.19499799260899522,0.1949700926881633,0,0,231,Explotacion activa
532,2,EHO,poblacional,300.00000000001063,300.00000000001063,True,False,0.19499992251934373,7.0839064392203e-08,0.19499985168027933,1.3511654458397967e-05,0.19499800948628945,0.19497140589868422,0,0,232,Explotacion activa
533,2,EHO,poblacional,300.0000000000068,300.0000000000068,True,False,0.19499992509861386,6.917542805240373e-08,0.1949998559231858,1.2916681163233075e-05,0.19499803035091076,0.19497340664597687,0,0,233,Explotacion activa
534,2,EHO,poblacional,300.0000000000068,300.0000000000068,True,False,0.19499992507712705,7.140687330320361e-08,0.19499985367025374,1.1357412677170932e-05,0.19499805110076524,0.19497647901208665,1,0,234,Explotacion activa
535,2,EHO,poblacional,300.0000000000064,300.0000000000064,True,False,0.19499993629216306,6.041693723091157e-08,0.19499987587522583,9.647917295296793e-06,0.19499809347033192,0.1949798236814786,0,0,235,Explotacion activa
536,2,EHO,poblacional,300.0000000000061,300.0000000000061,True,False,0.19499994528513298,5.137280822964385e-08,0.19499989391232475,8.371068986434693e-06,0.1949981928537113,0.19498234813992213,0,0,236,Explotacion activa
537,2,EHO,poblacional,300.000000000006,300.000000000006,True,False,0.1949999468322403,5.0561141051730374e-08,0.19499989627109926,8.326065255914727e-06,0.1949984131519102,0.1949825497677125,0,0,237,Explotacion activa
538,2,EHO,poblacional,300.0000000000058,300.0000000000058,True,False,0.19499996138654296,3.453652652751771e-08,0.19499992685001644,8.176583025942817e-06,0.1949984567763295,0.19498269701517756,0,0,238,Explotacion activa
539,2,EHO,poblacional,300.0000000000055,300.0000000000055,True,False,0.19499996088495664,3.566429995771614e-08,0.19499992522065668,8.069185139447654e-06,0.1949984752438354,0.1949828498314332,0,0,239,Explotacion activa
540,2,EHO,poblacional,300.0000000000055,300.0000000000055,True,False,0.19499996128922703,3.592805342123029e-08,0.1949999253611736,8.041117155244137e-06,0.1949984994296301,0.1949830221572597,1,0,240,Explotacion activa
541,2,EHO,poblacional,300.0000000000055,300.0000000000055,True,False,0.19499996210981863,3.589735797504545e-08,0.19499992621246065,7.857799391786101e-06,0.19499866974946373,0.19498321852953496,2,0,241,Explotacion activa
542,2,EHO,poblacional,300.00000000000534,300.00000000000534,True,False,0.19499996542964482,3.318041308375541e-08,0.19499993224923173,7.720839391822665e-06,0.1949987654924598,0.19498356567174824,0,0,242,Explotacion activa
543,2,EHO,poblacional,300.0000000000053,300.0000000000053,True,False,0.19499997148568582,2.7412795589043526e-08,0.19499994407289023,7.576480493298731e-06,0.19499880726130528,0.19498407219549563,0,0,243,Explotacion activa
544,2,EHO,poblacional,300.0000000000053,300.0000000000053,True,False,0.1949999745511377,2.4821076749503845e-08,0.19499994973006096,7.179118267686133e-06,0.19499886078101553,0.19498485654372644,1,0,244,Explotacion activa
545,2,EHO,poblacional,300.0000000000052,300.0000000000052,True,False,0.1949999783619205,2.1430366814456647e-08,0.1949999569315537,7.065378696324842e-06,0.19499903039007904,0.19498513153723707,0,0,245,Explotacion activa
546,2,EHO,poblacional,300.0000000000052,300.0000000000052,True,False,0.1949999861183187,1.3684768873645226e-08,0.19499997243354983,7.034412692519254e-06,0.19499921651972726,0.19498522455270403,1,0,246,Explotacion activa
547,2,EHO,poblacional,300.0000000000052,300.0000000000052,True,False,0.19499999164031578,7.730761808488751e-09,0.19499998390955398,6.926757953351624e-06,0.19499932786148405,0.19498537197778204,2,0,247,Explotacion activa
548,2,EHO,poblacional,300.00000000000483,300.00000000000483,True,False,0.19499999157221737,7.98883093011682e-09,0.19499998358338644,6.838324259206274e-06,0.19499937548996513,0.1949858299800667,0,0,248,Explotacion activa
549,2,EHO,poblacional,300.00000000000483,300.00000000000483,True,False,0.19499999323522843,6.211905656527961e-09,0.19499998702332277,6.737383375821081e-06,0.19499939886485435,0.19498617383912914,1,0,249,Explotacion activa
550,2,EHO,poblacional,300.0000000000047,300.0000000000047,True,False,0.19499999391456413,5.55974111193791e-09,0.19499998835482302,6.615494896777818e-06,0.19499940406012684,0.1949862964900717,0,0,250,Explotacion activa
551,2,EHO,poblacional,300.00000000000466,300.00000000000466,True,False,0.19499999402563617,5.529614099941682e-09,0.19499998849602207,6.466763818480103e-06,0.19499944431427707,0.19498648859801052,0,0,251,Explotacion activa
552,2,EHO,poblacional,300.0000000000046,300.0000000000046,True,False,0.19499999456667183,4.993921720597427e-09,0.1949999895727501,6.1226612501741285e-06,0.19499951869366897,0.1949872597998251,0,0,252,Explotacion activa
553,2,EHO,poblacional,300.00000000000443,300.00000000000443,True,False,0.19499999451289796,5.1567212722147815e-09,0.19499998935617668,5.5587506778920195e-06,0.19499960459470458,0.19498858879133535,0,0,253,Explotacion activa
554,2,EHO,poblacional,300.0000000000041,300.0000000000041,True,False,0.1949999956069064,3.980630935984664e-09,0.19499999162627546,4.555163786790221e-06,0.1949996060620151,0.19499065859857864,0,0,254,Explotacion activa
555,2,EHO,poblacional,300.000000000004,300.000000000004,True,False,0.19499999552988356,4.110404461243888e-09,0.1949999914194791,4.200541269483438e-06,0.1949996085197654,0.1949913187363279,0,0,255,Explotacion activa
556,2,EHO,poblacional,300.00000000000364,300.00000000000364,True,False,0.19499999562555104,4.035882739117369e-09,0.1949999915896683,4.0891980461310585e-06,0.19499961210055972,0.19499151749806742,0,0,256,Explotacion activa
557,2,EHO,poblacional,300.0000000000031,300.0000000000031,True,False,0.19499999611747398,3.5111042961943895e-09,0.1949999926063697,3.937088683869659e-06,0.19499961749852446,0.19499197248927658,0,0,257,Explotacion activa
558,2,EHO,poblacional,300.0000000000026,300.0000000000026,True,False,0.19499999622280484,3.4116851566068362e-09,0.19499999281111968,3.812478621512126e-06,0.1949996318975195,0.19499229416873048,0,0,258,Explotacion activa
559,2,EHO,poblacional,300.0000000000019,300.0000000000019,True,False,0.19499999621564257,3.5169591683370527e-09,0.1949999926986834,3.2330101817024162e-06,0.19499964329153271,0.19499343947958322,0,0,259,Explotacion activa
560,2,EHO,poblacional,300.0000000000017,300.0000000000017,True,False,0.19499999621496045,3.6224037103238516e-09,0.19499999259255674,2.0409529497555923e-06,0.19499964867867448,0.19499571259046888,0,0,260,Explotacion activa
561,2,EHO,poblacional,300.0000000000017,300.0000000000017,True,False,0.19499999664265033,3.2526372706342954e-09,0.19499999339001306,1.8898329358307814e-06,0.19499966387971882,0.19499602298163837,1,0,261,Explotacion activa
562,2,EHO,poblacional,300.0000000000016,300.0000000000016,True,False,0.19499999673706725,3.2439970709674526e-09,0.19499999349307018,1.824592027332983e-06,0.194999676198438,0.19499617500681551,0,0,262,Explotacion activa
563,2,EHO,poblacional,300.0000000000016,300.0000000000016,True,False,0.19499999806834012,1.8912942323368043e-09,0.1949999961770459,1.8192482684753482e-06,0.1949996849405693,0.19499620515498464,1,0,263,Explotacion activa
564,2,EHO,poblacional,300.00000000000125,300.00000000000125,True,False,0.19499999848079597,1.4919123714207672e-09,0.1949999969888836,1.7868314330371506e-06,0.1949996851936362,0.19499621668807093,0,0,264,Explotacion activa
565,2,EHO,poblacional,300.00000000000125,300.00000000000125,True,False,0.19499999892087772,1.0516032489249483e-09,0.19499999786927447,1.770410761992025e-06,0.19499968707907556,0.1949962568802448,1,0,265,Explotacion activa
566,2,EHO,poblacional,300.000000000001,300.000000000001,True,False,0.1949999991465461,8.381562111026142e-10,0.19499999830838988,1.759350163865747e-06,0.19499969520283003,0.19499631225554595,0,0,266,Explotacion activa
567,2,EHO,poblacional,300.00000000000097,300.00000000000097,True,False,0.1949999993570941,6.299956112343352e-10,0.1949999987270985,1.7456935836435148e-06,0.19499971728999982,0.19499637692957777,0,0,267,Explotacion activa
568,2,EHO,poblacional,300.0000000000009,300.0000000000009,True,False,0.19499999959845127,3.751097210624721e-10,0.19499999922334155,1.557886457703714e-06,0.1949997233712338,0.19499676085193868,0,0,268,Explotacion activa
569,2,EHO,poblacional,300.0000000000008,300.0000000000008,True,False,0.1949999995981102,3.885816113324836e-10,0.1949999992095286,1.4275002229169331e-06,0.19499974352164032,0.1949970303611394,0,0,269,Explotacion activa
570,2,EHO,poblacional,300.0000000000008,300.0000000000008,True,False,0.19499999971139914,2.7472424335428514e-10,0.1949999994366749,1.41237529760474e-06,0.1949997859878181,0.19499707637538677,1,0,270,Explotacion activa
571,2,EHO,poblacional,300.00000000000057,300.00000000000057,True,False,0.19499999972543947,2.6705038180807605e-10,0.19499999945838908,1.3956647649138176e-06,0.19499982363685148,0.1949970838506488,0,0,271,Explotacion activa
572,2,EHO,poblacional,300.0000000000005,300.0000000000005,True,False,0.1949999998537919,1.248281478183344e-10,0.19499999972896376,1.3034964126745751e-06,0.1949998402638471,0.1949972789355229,0,0,272,Explotacion activa
573,2,EHO,poblacional,300.00000000000034,300.00000000000034,True,False,0.194999999848676,1.3130829756846651e-10,0.1949999997173677,1.1731052723007449e-06,0.19499984379060037,0.19499757532560125,0,0,273,Explotacion activa
574,2,EHO,poblacional,300.0000000000003,300.0000000000003,True,False,0.19499999985805516,1.219291334564332e-10,0.19499999973612603,1.1529375910868112e-06,0.19499986331506988,0.19499763530365044,0,0,274,Explotacion activa
575,2,EHO,poblacional,300.0000000000003,300.0000000000003,True,False,0.19499999986533112,1.1442580216680653e-10,0.19499999975090532,1.1200426399682328e-06,0.19499986915690215,0.19499771780135688,1,0,275,Explotacion activa
576,2,EHO,poblacional,300.0000000000001,300.0000000000001,True,False,0.19499999986174998,1.1812062439275905e-10,0.19499999974362936,1.027289999910862e-06,0.1949998695634349,0.1949979105094485,0,0,276,Explotacion activa
577,2,EHO,poblacional,300.0000000000001,300.0000000000001,True,False,0.19499999986493322,1.149373929365538e-10,0.19499999974999582,7.976204074111574e-07,0.19499987006435618,0.19499835622384581,1,0,277,Explotacion activa
578,2,EHO,poblacional,300.0000000000001,300.0000000000001,True,False,0.19499999986993544,1.09253051050473e-10,0.19499999976068239,6.675738745798284e-07,0.19499987067922575,0.1949986125697137,2,0,278,Explotacion activa
579,2,EHO,poblacional,300.0000000000001,300.0000000000001,True,False,0.19499999986499006,1.1465317584224977e-10,0.19499999975033688,5.904873319195759e-07,0.1949998747395682,0.1949987705943613,3,0,279,Explotacion activa
580,2,EHO,poblacional,300.0000000000001,300.0000000000001,True,False,0.19499999986027206,1.2005330063402653e-10,0.19499999974021875,5.61875651783339e-07,0.19499988336855267,0.19499883960594389,4,0,280,Explotacion activa
581,2,EHO,poblacional,300.0000000000001,300.0000000000001,True,False,0.19499999986135208,1.1863221516250633e-10,0.19499999974271987,5.584853511209075e-07,0.19499990903470915,0.1949988414109157,5,0,281,Explotacion activa
582,2,EHO,poblacional,300.0000000000001,300.0000000000001,True,False,0.19499999985839622,1.2158807294326834e-10,0.19499999973680815,5.369122277443236e-07,0.1949999210284318,0.19499888724429865,6,0,282,Explotacion activa
583,2,EHO,poblacional,300.0000000000001,300.0000000000001,True,False,0.19499999985413297,1.2676082405960187e-10,0.19499999972737214,4.922988807720672e-07,0.19499992277512207,0.19499898354907827,7,0,283,Explotacion activa
584,2,EHO,poblacional,300.0000000000001,300.0000000000001,True,False,0.19499999985373506,1.2738610166707076e-10,0.19499999972634896,3.912668944394686e-07,0.1949999245655704,0.19499918455438775,8,0,284,Explotacion activa
585,2,EHO,poblacional,300.0000000000001,300.0000000000001,True,False,0.1949999998495855,1.3244516594568267e-10,0.19499999971714033,3.5606103665486444e-07,0.19499992508787045,0.19499925006778085,9,0,285,Explotacion activa
586,2,EHO,poblacional,300.0000000000001,300.0000000000001,True,False,0.1949999998455496,1.375042302242946e-10,0.19499999970804538,3.4944320077556766e-07,0.1949999273373237,0.19499925868823312,10,0,286,Explotacion activa
587,2,EHO,poblacional,300.0000000000001,300.0000000000001,True,False,0.19499999985322347,1.2892087397631258e-10,0.1949999997243026,3.4846929111154166e-07,0.19499993517280814,0.19499926056824962,11,0,287,Explotacion activa
588,2,EHO,poblacional,300.0000000000001,300.0000000000001,True,False,0.19499999984930128,1.3363887774175964e-10,0.1949999997156624,3.4155744970121295e-07,0.19499994168794502,0.19499927307114148,12,0,288,Explotacion activa
589,2,EHO,poblacional,300.0000000000001,300.0000000000001,True,False,0.19499999984992655,1.3380940799834207e-10,0.19499999971611714,3.339597185458843e-07,0.19499994574926519,0.19499929112387235,13,0,289,Explotacion activa
590,2,EHO,poblacional,300.0000000000001,300.0000000000001,True,False,0.19499999984873284,1.361399881716352e-10,0.19499999971259285,3.2676700811862247e-07,0.1949999468322403,0.19499931421574956,14,0,290,Explotacion activa
591,2,EHO,poblacional,300.0000000000001,300.0000000000001,True,False,0.1949999998481644,1.3841372492606752e-10,0.19499999970975068,3.1891063372313506e-07,0.19499995666914174,0.1949993274592657,15,1,291,Explotacion activa
592,2,EHO,poblacional,300.00000000000006,300.00000000000006,True,False,0.19499999985214345,1.361399881716352e-10,0.19499999971600346,3.0803705612925105e-07,0.19499996104666478,0.1949993493279294,0,0,292,Explotacion activa
593,2,EHO,poblacional,300.00000000000006,300.00000000000006,True,False,0.19499999986300054,1.268745108973235e-10,0.19499999973612603,2.9676277790713357e-07,0.19499996129895864,0.19499937508267068,1,0,293,Explotacion activa
594,2,EHO,poblacional,300.00000000000006,300.00000000000006,True,False,0.19499999986697958,1.2636292012757622e-10,0.19499999974061666,2.9666171030839905e-07,0.19499996136707978,0.19499938534071362,2,0,294,Explotacion activa
595,2,EHO,poblacional,300.00000000000006,300.00000000000006,True,False,0.1949999998792009,1.1664269550237805e-10,0.19499999976255822,2.918897052950342e-07,0.1949999617481808,0.19499939319547366,3,0,295,Explotacion activa
596,2,EHO,poblacional,300.00000000000006,300.00000000000006,True,False,0.19499999989716343,9.976020010071807e-11,0.19499999979740323,2.852493253158172e-07,0.19499996277378387,0.19499940074186953,4,0,296,Explotacion activa
597,2,EHO,poblacional,300.00000000000006,300.00000000000006,True,False,0.19499999991455752,8.236611392931081e-11,0.1949999998321914,2.7860894533660027e-07,0.1949999650976622,0.19499940992063786,5,0,297,Explotacion activa
598,2,EHO,poblacional,300.00000000000006,300.00000000000006,True,False,0.19499999993917072,5.5365489970427006e-11,0.19499999988380523,2.7125704491481875e-07,0.1949999690632694,0.1949994382601176,6,0,298,Explotacion activa
599,2,EHO,poblacional,300.00000000000006,300.00000000000006,True,False,0.19499999994440032,5.03632691106759e-11,0.19499999989403705,2.661416488081159e-07,0.19499997240532138,0.1949994568953514,7,0,299,Explotacion activa
600,2,EHO,poblacional,300.00000000000006,300.00000000000006,True,False,0.19499999994366135,5.2011728257639334e-11,0.19499999989164962,2.641663741087541e-07,0.1949999745511377,0.19499945833365473,8,0,300,Explotacion activa
601,3,GWO,poblacional,300.00000000000006,300.00000000000006,False,False,,,,,,,0,0,1,Llenando ventana
602,3,GWO,poblacional,300.00000000000006,300.00000000000006,False,False,,,,,,,1,0,2,Llenando ventana
603,3,GWO,poblacional,300.00000000000006,300.00000000000006,False,False,,,,,,,2,0,3,Llenando ventana
604,3,GWO,poblacional,300.00000000000006,300.00000000000006,False,False,,,,,,,3,0,4,Llenando ventana
605,3,GWO,poblacional,300.00000000000006,300.00000000000006,False,False,,,,,,,4,0,5,Llenando ventana
606,3,GWO,poblacional,300.00000000000006,300.00000000000006,False,False,,,,,,,5,0,6,Llenando ventana
607,3,GWO,poblacional,300.00000000000006,300.00000000000006,False,False,,,,,,,6,0,7,Llenando ventana
608,3,GWO,poblacional,300.00000000000006,300.00000000000006,False,False,,,,,,,7,0,8,Llenando ventana
609,3,GWO,poblacional,300.00000000000006,300.00000000000006,False,False,,,,,,,8,0,9,Llenando ventana
610,3,GWO,poblacional,300.00000000000006,300.00000000000006,False,False,,,,,,,9,0,10,Llenando ventana
611,3,GWO,poblacional,300.00000000000006,300.00000000000006,False,False,,,,,,,10,0,11,Llenando ventana
612,3,GWO,poblacional,300.00000000000006,300.00000000000006,False,False,,,,,,,11,0,12,Llenando ventana
613,3,GWO,poblacional,300.00000000000006,300.00000000000006,False,False,,,,,,,12,0,13,Llenando ventana
614,3,GWO,poblacional,300.00000000000006,300.00000000000006,False,False,,,,,,,13,0,14,Llenando ventana
615,3,GWO,poblacional,300.00000000000006,300.00000000000006,False,False,,,,,,,14,0,15,Llenando ventana
616,3,GWO,poblacional,300.00000000000006,300.00000000000006,False,False,,,,,,,15,0,16,Llenando ventana
617,3,GWO,poblacional,300.00000000000006,300.00000000000006,False,False,,,,,,,16,0,17,Llenando ventana
618,3,GWO,poblacional,300.00000000000006,300.00000000000006,False,False,,,,,,,17,0,18,Llenando ventana
619,3,GWO,poblacional,300.00000000000006,300.00000000000006,False,False,,,,,,,18,0,19,Llenando ventana
620,3,GWO,poblacional,300.00000000000006,300.00000000000006,False,False,,,,,,,19,0,20,Llenando ventana
621,3,GWO,poblacional,300.00000000000006,300.00000000000006,False,False,,,,,,,20,0,21,Llenando ventana
622,3,GWO,poblacional,300.00000000000006,300.00000000000006,False,False,,,,,,,21,0,22,Llenando ventana
623,3,GWO,poblacional,300.00000000000006,300.00000000000006,False,False,,,,,,,22,0,23,Llenando ventana
624,3,GWO,poblacional,300.00000000000006,300.00000000000006,False,False,,,,,,,23,0,24,Llenando ventana
625,3,GWO,poblacional,300.00000000000006,300.00000000000006,False,False,,,,,,,24,0,25,Llenando ventana
626,3,GWO,poblacional,300.00000000000006,300.00000000000006,False,False,,,,,,,25,0,26,Llenando ventana
627,3,GWO,poblacional,300.00000000000006,300.00000000000006,False,False,,,,,,,26,0,27,Llenando ventana
628,3,GWO,poblacional,300.00000000000006,300.00000000000006,False,False,,,,,,,27,0,28,Llenando ventana
629,3,GWO,poblacional,300.00000000000006,300.00000000000006,False,False,,,,,,,28,0,29,Llenando ventana
630,3,GWO,poblacional,300.00000000000006,300.00000000000006,False,False,,,,,,,29,0,30,Llenando ventana
631,3,GWO,poblacional,300.00000000000006,300.00000000000006,False,False,,,,,,,30,0,31,Llenando ventana
632,3,GWO,poblacional,300.00000000000006,300.00000000000006,False,False,,,,,,,31,0,32,Llenando ventana
633,3,GWO,poblacional,300.00000000000006,300.00000000000006,False,False,,,,,,,32,0,33,Llenando ventana
634,3,GWO,poblacional,300.00000000000006,300.00000000000006,False,False,,,,,,,33,0,34,Llenando ventana
635,3,GWO,poblacional,300.00000000000006,300.00000000000006,False,False,,,,,,,34,0,35,Llenando ventana
636,3,GWO,poblacional,300.00000000000006,300.00000000000006,False,False,,,,,,,35,0,36,Llenando ventana
637,3,GWO,poblacional,300.00000000000006,300.00000000000006,False,False,,,,,,,36,0,37,Llenando ventana
638,3,GWO,poblacional,300.00000000000006,300.00000000000006,False,False,,,,,,,37,0,38,Llenando ventana
639,3,GWO,poblacional,300.00000000000006,300.00000000000006,False,False,,,,,,,38,0,39,Llenando ventana
640,3,GWO,poblacional,300.00000000000006,300.00000000000006,True,False,0.19499999999999318,0.0,0.19499999999999318,4.0,20.0,12.0,39,0,40,Explotacion activa
641,3,GWO,poblacional,300.00000000000006,300.00000000000006,True,False,0.19499999999999318,0.0,0.19499999999999318,4.0,20.0,12.0,40,0,41,Explotacion activa
642,3,GWO,poblacional,300.00000000000006,300.00000000000006,True,False,0.19499999999999318,0.0,0.19499999999999318,4.0,20.0,12.0,41,0,42,Explotacion activa
643,3,GWO,poblacional,300.00000000000006,300.00000000000006,True,False,0.19499999999999318,0.0,0.19499999999999318,4.0,20.0,12.0,42,0,43,Explotacion activa
644,3,GWO,poblacional,300.00000000000006,300.00000000000006,True,False,0.19499999999999318,0.0,0.19499999999999318,4.0,20.0,12.0,43,0,44,Explotacion activa
645,3,GWO,poblacional,300.00000000000006,300.00000000000006,True,False,0.19499999999999318,0.0,0.19499999999999318,4.0,20.0,12.0,44,0,45,Explotacion activa
646,3,GWO,poblacional,300.00000000000006,300.00000000000006,True,False,0.19499999999999318,0.0,0.19499999999999318,4.0,20.0,12.0,45,0,46,Explotacion activa
647,3,GWO,poblacional,300.00000000000006,300.00000000000006,True,False,0.19499999999999318,0.0,0.19499999999999318,4.0,20.0,12.0,46,0,47,Explotacion activa
648,3,GWO,poblacional,300.00000000000006,300.00000000000006,True,False,0.19499999999999318,0.0,0.19499999999999318,4.0,20.0,12.0,47,0,48,Explotacion activa
649,3,GWO,poblacional,300.00000000000006,300.00000000000006,True,False,0.19499999999999318,0.0,0.19499999999999318,0.0,0.19499999999999318,0.19499999999999318,48,1,49,Explotacion activa
650,3,GWO,poblacional,300.00000000000006,300.00000000000006,True,False,0.19499999999999318,0.0,0.19499999999999318,0.0,0.19499999999999318,0.19499999999999318,49,2,50,Explotacion activa
651,3,GWO,poblacional,300.00000000000006,300.00000000000006,True,False,0.19499999999999318,0.0,0.19499999999999318,0.0,0.19499999999999318,0.19499999999999318,50,3,51,Explotacion activa
652,3,GWO,poblacional,300.00000000000006,300.00000000000006,True,False,0.19499999999999318,0.0,0.19499999999999318,0.0,0.19499999999999318,0.19499999999999318,51,4,52,Explotacion activa
653,3,GWO,poblacional,300.00000000000006,300.00000000000006,True,False,0.19499999999999318,0.0,0.19499999999999318,0.0,0.19499999999999318,0.19499999999999318,52,5,53,Explotacion activa
654,3,GWO,poblacional,300.00000000000006,300.00000000000006,True,False,0.19499999999999318,0.0,0.19499999999999318,0.0,0.19499999999999318,0.19499999999999318,53,6,54,Explotacion activa
655,3,GWO,poblacional,300.00000000000006,300.00000000000006,True,False,0.19499999999999318,0.0,0.19499999999999318,0.0,0.19499999999999318,0.19499999999999318,54,7,55,Explotacion activa
656,3,GWO,poblacional,300.00000000000006,300.00000000000006,True,True,0.19499999999999318,0.0,0.19499999999999318,0.0,0.19499999999999318,0.19499999999999318,55,8,56,ESTANCAMIENTO (Fire)
657,4,EHO,poblacional,300.00000000000006,300.00000000000006,False,False,,,,,,,0,0,1,Llenando ventana
658,4,EHO,poblacional,300.00000000000006,300.00000000000006,False,False,,,,,,,1,0,2,Llenando ventana
659,4,EHO,poblacional,300.00000000000006,300.00000000000006,False,False,,,,,,,2,0,3,Llenando ventana
660,4,EHO,poblacional,300.00000000000006,300.00000000000006,False,False,,,,,,,3,0,4,Llenando ventana
661,4,EHO,poblacional,300.00000000000006,300.00000000000006,False,False,,,,,,,4,0,5,Llenando ventana
662,4,EHO,poblacional,300.00000000000006,300.00000000000006,False,False,,,,,,,5,0,6,Llenando ventana
663,4,EHO,poblacional,300.00000000000006,300.00000000000006,False,False,,,,,,,6,0,7,Llenando ventana
664,4,EHO,poblacional,300.00000000000006,300.00000000000006,False,False,,,,,,,7,0,8,Llenando ventana
665,4,EHO,poblacional,300.00000000000006,300.00000000000006,False,False,,,,,,,8,0,9,Llenando ventana
666,4,EHO,poblacional,300.00000000000006,300.00000000000006,False,False,,,,,,,9,0,10,Llenando ventana
667,4,EHO,poblacional,300.00000000000006,300.00000000000006,False,False,,,,,,,10,0,11,Llenando ventana
668,4,EHO,poblacional,300.00000000000006,300.00000000000006,False,False,,,,,,,11,0,12,Llenando ventana
669,4,EHO,poblacional,300.00000000000006,300.00000000000006,False,False,,,,,,,12,0,13,Llenando ventana
670,4,EHO,poblacional,300.00000000000006,300.00000000000006,False,False,,,,,,,13,0,14,Llenando ventana
671,4,EHO,poblacional,300.00000000000006,300.00000000000006,False,False,,,,,,,14,0,15,Llenando ventana
672,4,EHO,poblacional,300.00000000000006,300.00000000000006,False,False,,,,,,,15,0,16,Llenando ventana
673,4,EHO,poblacional,300.00000000000006,300.00000000000006,False,False,,,,,,,16,0,17,Llenando ventana
674,4,EHO,poblacional,300.00000000000006,300.00000000000006,False,False,,,,,,,17,0,18,Llenando ventana
675,4,EHO,poblacional,300.00000000000006,300.00000000000006,False,False,,,,,,,18,0,19,Llenando ventana
676,4,EHO,poblacional,300.00000000000006,300.00000000000006,False,False,,,,,,,19,0,20,Llenando ventana
677,4,EHO,poblacional,300.00000000000006,300.00000000000006,False,False,,,,,,,20,0,21,Llenando ventana
678,4,EHO,poblacional,300.00000000000006,300.00000000000006,False,False,,,,,,,21,0,22,Llenando ventana
679,4,EHO,poblacional,300.00000000000006,300.00000000000006,False,False,,,,,,,22,0,23,Llenando ventana
680,4,EHO,poblacional,300.00000000000006,300.00000000000006,False,False,,,,,,,23,0,24,Llenando ventana
681,4,EHO,poblacional,300.00000000000006,300.00000000000006,False,False,,,,,,,24,0,25,Llenando ventana
682,4,EHO,poblacional,300.00000000000006,300.00000000000006,False,False,,,,,,,25,0,26,Llenando ventana
683,4,EHO,poblacional,300.00000000000006,300.00000000000006,False,False,,,,,,,26,0,27,Llenando ventana
684,4,EHO,poblacional,300.00000000000006,300.00000000000006,False,False,,,,,,,27,0,28,Llenando ventana
685,4,EHO,poblacional,300.00000000000006,300.00000000000006,False,False,,,,,,,28,0,29,Llenando ventana
686,4,EHO,poblacional,300.00000000000006,300.00000000000006,False,False,,,,,,,29,0,30,Llenando ventana
687,4,EHO,poblacional,300.00000000000006,300.00000000000006,False,False,,,,,,,30,0,31,Llenando ventana
688,4,EHO,poblacional,300.00000000000006,300.00000000000006,False,False,,,,,,,31,0,32,Llenando ventana
689,4,EHO,poblacional,300.00000000000006,300.00000000000006,False,False,,,,,,,32,0,33,Llenando ventana
690,4,EHO,poblacional,300.00000000000006,300.00000000000006,False,False,,,,,,,33,0,34,Llenando ventana
691,4,EHO,poblacional,300.00000000000006,300.00000000000006,False,False,,,,,,,34,0,35,Llenando ventana
692,4,EHO,poblacional,300.00000000000006,300.00000000000006,False,False,,,,,,,35,0,36,Llenando ventana
693,4,EHO,poblacional,300.00000000000006,300.00000000000006,False,False,,,,,,,36,0,37,Llenando ventana
694,4,EHO,poblacional,300.00000000000006,300.00000000000006,False,False,,,,,,,37,0,38,Llenando ventana
695,4,EHO,poblacional,300.00000000000006,300.00000000000006,False,False,,,,,,,38,0,39,Llenando ventana
696,4,EHO,poblacional,300.00000000000006,300.00000000000006,True,False,0.19499999999999318,0.0,0.19499999999999318,4.0,20.0,12.0,39,0,40,Explotacion activa
697,4,EHO,poblacional,300.00000000000006,300.00000000000006,True,False,0.19499999999999318,0.0,0.19499999999999318,4.0,20.0,12.0,40,0,41,Explotacion activa
698,4,EHO,poblacional,300.00000000000006,300.00000000000006,True,False,0.19499999999999318,0.0,0.19499999999999318,4.0,20.0,12.0,41,0,42,Explotacion activa
699,4,EHO,poblacional,300.00000000000006,300.00000000000006,True,False,0.19499999999999318,0.0,0.19499999999999318,4.0,20.0,12.0,42,0,43,Explotacion activa
700,4,EHO,poblacional,300.00000000000006,300.00000000000006,True,False,0.19499999999999318,0.0,0.19499999999999318,4.0,20.0,12.0,43,0,44,Explotacion activa
701,4,EHO,poblacional,300.00000000000006,300.00000000000006,True,False,0.19499999999999318,0.0,0.19499999999999318,4.0,20.0,12.0,44,0,45,Explotacion activa
702,4,EHO,poblacional,300.00000000000006,300.00000000000006,True,False,0.19499999999999318,0.0,0.19499999999999318,4.0,20.0,12.0,45,0,46,Explotacion activa
703,4,EHO,poblacional,300.00000000000006,300.00000000000006,True,False,0.19499999999999318,0.0,0.19499999999999318,4.0,20.0,12.0,46,0,47,Explotacion activa
704,4,EHO,poblacional,300.00000000000006,300.00000000000006,True,False,0.19499999999999318,0.0,0.19499999999999318,4.0,20.0,12.0,47,0,48,Explotacion activa
705,4,EHO,poblacional,300.00000000000006,300.00000000000006,True,False,0.19499999999999318,0.0,0.19499999999999318,0.0,0.19499999999999318,0.19499999999999318,48,1,49,Explotacion activa
706,4,EHO,poblacional,300.00000000000006,300.00000000000006,True,False,0.19499999999999318,0.0,0.19499999999999318,0.0,0.19499999999999318,0.19499999999999318,49,2,50,Explotacion activa
707,4,EHO,poblacional,300.00000000000006,300.00000000000006,True,False,0.19499999999999318,0.0,0.19499999999999318,0.0,0.19499999999999318,0.19499999999999318,50,3,51,Explotacion activa
708,4,EHO,poblacional,300.00000000000006,300.00000000000006,True,False,0.19499999999999318,0.0,0.19499999999999318,0.0,0.19499999999999318,0.19499999999999318,51,4,52,Explotacion activa
709,4,EHO,poblacional,300.00000000000006,300.00000000000006,True,False,0.19499999999999318,0.0,0.19499999999999318,0.0,0.19499999999999318,0.19499999999999318,52,5,53,Explotacion activa
710,4,EHO,poblacional,300.00000000000006,300.00000000000006,True,False,0.19499999999999318,0.0,0.19499999999999318,0.0,0.19499999999999318,0.19499999999999318,53,6,54,Explotacion activa
711,4,EHO,poblacional,300.00000000000006,300.00000000000006,True,False,0.19499999999999318,0.0,0.19499999999999318,0.0,0.19499999999999318,0.19499999999999318,54,7,55,Explotacion activa
712,4,EHO,poblacional,300.00000000000006,300.00000000000006,True,True,0.19499999999999318,0.0,0.19499999999999318,0.0,0.19499999999999318,0.19499999999999318,55,8,56,ESTANCAMIENTO (Fire)
713,5,PSO,poblacional,300.00000000000006,300.00000000000006,False,False,,,,,,,0,0,0,Llenando ventana
714,5,PSO,poblacional,300.00000000000006,300.00000000000006,False,False,,,,,,,0,0,0,Llenando ventana
715,5,PSO,poblacional,300.00000000000006,300.00000000000006,False,False,,,,,,,0,0,0,Llenando ventana
716,5,PSO,poblacional,300.00000000000006,300.00000000000006,False,False,,,,,,,0,0,0,Llenando ventana
717,5,PSO,poblacional,300.00000000000006,300.00000000000006,False,False,,,,,,,0,0,0,Llenando ventana
718,5,PSO,poblacional,300.00000000000006,300.00000000000006,False,False,,,,,,,0,0,0,Llenando ventana
719,5,PSO,poblacional,300.00000000000006,300.00000000000006,False,False,,,,,,,0,0,0,Llenando ventana
720,5,PSO,poblacional,300.00000000000006,300.00000000000006,False,False,,,,,,,0,0,0,Llenando ventana
721,5,PSO,poblacional,300.00000000000006,300.00000000000006,False,False,,,,,,,0,0,0,Llenando ventana
722,5,PSO,poblacional,300.00000000000006,300.00000000000006,False,False,,,,,,,0,0,0,Llenando ventana
723,5,PSO,poblacional,300.00000000000006,300.00000000000006,False,False,,,,,,,0,0,0,Llenando ventana
724,5,PSO,poblacional,300.00000000000006,300.00000000000006,False,False,,,,,,,0,0,0,Llenando ventana
725,5,PSO,poblacional,300.00000000000006,300.00000000000006,False,False,,,,,,,0,0,0,Llenando ventana
726,5,PSO,poblacional,300.00000000000006,300.00000000000006,False,False,,,,,,,0,0,0,Llenando ventana
727,5,PSO,poblacional,300.00000000000006,300.00000000000006,False,False,,,,,,,0,0,0,Llenando ventana
728,5,PSO,poblacional,300.00000000000006,300.00000000000006,False,False,,,,,,,0,0,0,Llenando ventana
729,5,PSO,poblacional,300.00000000000006,300.00000000000006,False,False,,,,,,,0,0,0,Llenando ventana
730,5,PSO,poblacional,300.00000000000006,300.00000000000006,False,False,,,,,,,0,0,0,Llenando ventana
731,5,PSO,poblacional,300.00000000000006,300.00000000000006,False,False,,,,,,,0,0,0,Llenando ventana
732,5,PSO,poblacional,300.00000000000006,300.00000000000006,False,False,,,,,,,0,0,0,Llenando ventana
733,5,PSO,poblacional,300.00000000000006,300.00000000000006,False,False,,,,,,,0,0,0,Llenando ventana
734,5,PSO,poblacional,300.00000000000006,300.00000000000006,False,False,,,,,,,0,0,0,Llenando ventana
735,5,PSO,poblacional,300.00000000000006,300.00000000000006,False,False,,,,,,,0,0,0,Llenando ventana
736,5,PSO,poblacional,300.00000000000006,300.00000000000006,False,False,,,,,,,0,0,0,Llenando ventana
737,5,PSO,poblacional,300.00000000000006,300.00000000000006,False,False,,,,,,,0,0,0,Llenando ventana
738,5,PSO,poblacional,300.00000000000006,300.00000000000006,False,False,,,,,,,0,0,0,Llenando ventana
739,5,PSO,poblacional,300.00000000000006,300.00000000000006,False,False,,,,,,,0,0,0,Llenando ventana
740,5,PSO,poblacional,300.00000000000006,300.00000000000006,False,False,,,,,,,0,0,0,Llenando ventana
741,5,PSO,poblacional,300.00000000000006,300.00000000000006,False,False,,,,,,,0,0,0,Llenando ventana
742,5,PSO,poblacional,300.00000000000006,300.00000000000006,False,False,,,,,,,0,0,0,Llenando ventana
743,5,PSO,poblacional,300.00000000000006,300.00000000000006,False,False,,,,,,,0,0,0,Llenando ventana
744,5,PSO,poblacional,300.00000000000006,300.00000000000006,False,False,,,,,,,0,0,0,Llenando ventana
745,5,PSO,poblacional,300.00000000000006,300.00000000000006,False,False,,,,,,,0,0,0,Llenando ventana
746,5,PSO,poblacional,300.00000000000006,300.00000000000006,False,False,,,,,,,0,0,0,Llenando ventana
747,5,PSO,poblacional,300.00000000000006,300.00000000000006,False,False,,,,,,,0,0,0,Llenando ventana
748,5,PSO,poblacional,300.00000000000006,300.00000000000006,False,False,,,,,,,0,0,0,Llenando ventana
749,5,PSO,poblacional,300.00000000000006,300.00000000000006,False,False,,,,,,,0,0,0,Llenando ventana
750,5,PSO,poblacional,300.00000000000006,300.00000000000006,False,False,,,,,,,0,0,0,Llenando ventana
751,5,PSO,poblacional,300.00000000000006,300.00000000000006,False,False,,,,,,,0,0,0,Llenando ventana
752,5,PSO,poblacional,300.00000000000006,300.00000000000006,False,False,,,0.19499999999999318,,,,0,0,0,Llenando ventana
753,5,PSO,poblacional,300.00000000000006,300.00000000000006,False,False,,,0.19499999999999318,,,,0,0,0,Llenando ventana
754,5,PSO,poblacional,300.00000000000006,300.00000000000006,False,False,,,0.19499999999999318,,,,0,0,0,Llenando ventana
755,5,PSO,poblacional,300.00000000000006,300.00000000000006,False,False,,,0.19499999999999318,,,,0,0,0,Llenando ventana
756,5,PSO,poblacional,300.00000000000006,300.00000000000006,False,False,,,0.19499999999999318,,,,0,0,0,Llenando ventana
757,5,PSO,poblacional,300.00000000000006,300.00000000000006,False,False,,,0.19499999999999318,,,,0,0,0,Llenando ventana
758,5,PSO,poblacional,300.00000000000006,300.00000000000006,False,False,,,0.19499999999999318,,,,0,0,0,Llenando ventana
759,5,PSO,poblacional,300.00000000000006,300.00000000000006,False,False,,,0.19499999999999318,,,,0,0,0,Llenando ventana
760,5,PSO,poblacional,300.00000000000006,300.00000000000006,False,False,,,0.19499999999999318,,,,0,0,0,Llenando ventana
761,5,PSO,poblacional,300.00000000000006,300.00000000000006,False,False,,,0.19499999999999318,,,,0,0,0,Llenando ventana
762,5,PSO,poblacional,300.00000000000006,300.00000000000006,False,False,,,0.19499999999999318,,,,0,0,0,Llenando ventana
763,5,PSO,poblacional,300.00000000000006,300.00000000000006,False,False,,,0.19499999999999318,,,,0,0,0,Llenando ventana
764,5,PSO,poblacional,300.00000000000006,300.00000000000006,False,False,,,0.19499999999999318,,,,0,0,0,Llenando ventana
765,5,PSO,poblacional,300.00000000000006,300.00000000000006,False,False,,,0.19499999999999318,,,,0,0,0,Llenando ventana
766,5,PSO,poblacional,300.00000000000006,300.00000000000006,False,False,,,0.19499999999999318,,,,0,0,0,Llenando ventana
767,5,PSO,poblacional,300.00000000000006,300.00000000000006,False,False,,,0.19499999999999318,,,,0,0,0,Llenando ventana
768,5,PSO,poblacional,300.00000000000006,300.00000000000006,False,False,,,0.19499999999999318,,,,0,0,0,Llenando ventana
769,6,ACO,poblacional,300.00000000000006,15647876.158555085,False,False,,,,,,,0,0,1,Llenando ventana
770,6,ACO,poblacional,300.00000000000006,51403.2462757836,False,False,,,,,,,1,0,2,Llenando ventana
771,6,ACO,poblacional,300.00000000000006,358310.4235331606,False,False,,,,,,,2,0,3,Llenando ventana
772,6,ACO,poblacional,300.00000000000006,18123.94608186769,False,False,,,,,,,3,0,4,Llenando ventana
773,6,ACO,poblacional,300.00000000000006,7626.078095526139,False,False,,,,,,,4,0,5,Llenando ventana
774,6,ACO,poblacional,300.00000000000006,9660.13029616668,False,False,,,,,,,5,0,6,Llenando ventana
775,6,ACO,poblacional,300.00000000000006,50791.44250651284,False,False,,,,,,,6,0,7,Llenando ventana
776,6,ACO,poblacional,300.00000000000006,37904.84880503519,False,False,,,,,,,7,0,8,Llenando ventana
777,6,ACO,poblacional,300.00000000000006,15041.377226777227,False,False,,,,,,,8,0,9,Llenando ventana
778,6,ACO,poblacional,300.00000000000006,1084830.036675475,False,False,,,,,,,9,0,10,Llenando ventana
779,6,ACO,poblacional,300.00000000000006,124596.46726258268,False,False,,,,,,,10,0,11,Llenando ventana
780,6,ACO,poblacional,300.00000000000006,9390.676306869082,False,False,,,,,,,11,0,12,Llenando ventana
781,6,ACO,poblacional,300.00000000000006,422457.40699614736,False,False,,,,,,,12,0,13,Llenando ventana
782,6,ACO,poblacional,300.00000000000006,3119.2050304280856,False,False,,,,,,,13,0,14,Llenando ventana
783,6,ACO,poblacional,300.00000000000006,169016.34028456642,False,False,,,,,,,14,0,15,Llenando ventana
784,6,ACO,poblacional,300.00000000000006,22549.20053885679,False,False,,,,,,,15,0,16,Llenando ventana
785,6,ACO,poblacional,300.00000000000006,7593.897267921605,False,False,,,,,,,16,0,17,Llenando ventana
786,6,ACO,poblacional,300.00000000000006,42163.90882329807,False,False,,,,,,,17,0,18,Llenando ventana
787,6,ACO,poblacional,300.00000000000006,2986388.2455724655,False,False,,,,,,,18,0,19,Llenando ventana
788,6,ACO,poblacional,300.00000000000006,279355.283177532,False,False,,,,,,,19,0,20,Llenando ventana
789,6,ACO,poblacional,300.00000000000006,1998620.2554542427,False,False,,,,,,,20,0,21,Llenando ventana
790,6,ACO,poblacional,300.00000000000006,129026.64879197106,False,False,,,,,,,21,0,22,Llenando ventana
791,6,ACO,poblacional,300.00000000000006,35402.35279346928,False,False,,,,,,,22,0,23,Llenando ventana
792,6,ACO,poblacional,300.00000000000006,18110.00324759451,False,False,,,,,,,23,0,24,Llenando ventana
793,6,ACO,poblacional,300.00000000000006,31244.00525086446,False,False,,,,,,,24,0,25,Llenando ventana
794,6,ACO,poblacional,300.00000000000006,302737.16357449396,False,False,,,,,,,25,0,26,Llenando ventana
795,6,ACO,poblacional,300.00000000000006,7934.441031486877,False,False,,,,,,,26,0,27,Llenando ventana
796,6,ACO,poblacional,300.00000000000006,93704.09526841319,False,False,,,,,,,27,0,28,Llenando ventana
797,6,ACO,poblacional,300.00000000000006,26811.842000816006,False,False,,,,,,,28,0,29,Llenando ventana
798,6,ACO,poblacional,300.00000000000006,15935.995873240518,False,False,,,,,,,29,0,30,Llenando ventana
799,6,ACO,poblacional,300.00000000000006,998039.2636496162,False,False,,,,,,,30,0,31,Llenando ventana
800,6,ACO,poblacional,300.00000000000006,29541.34989113846,False,False,,,,,,,31,0,32,Llenando ventana
801,6,ACO,poblacional,300.00000000000006,198781.12078305776,False,False,,,,,,,32,0,33,Llenando ventana
802,6,ACO,poblacional,300.00000000000006,6951.916451416183,False,False,,,,,,,33,0,34,Llenando ventana
803,6,ACO,poblacional,300.00000000000006,733993.1875006976,False,False,,,,,,,34,0,35,Llenando ventana
804,6,ACO,poblacional,300.00000000000006,8080.374258336362,False,False,,,,,,,35,0,36,Llenando ventana
805,6,ACO,poblacional,300.00000000000006,19595.192032233907,False,False,,,,,,,36,0,37,Llenando ventana
806,6,ACO,poblacional,300.00000000000006,2058423.7918404366,False,False,,,,,,,37,0,38,Llenando ventana
807,6,ACO,poblacional,300.00000000000006,19455.02293093633,False,False,,,,,,,38,0,39,Llenando ventana
808,6,ACO,poblacional,300.00000000000006,26925.810199011525,True,False,0.19499999999999318,0.0,0.19499999999999318,4.0,20.0,12.0,39,0,40,Explotacion activa
809,6,ACO,poblacional,300.00000000000006,11375.410783988262,True,False,0.19499999999999318,0.0,0.19499999999999318,4.0,20.0,12.0,40,0,41,Explotacion activa
810,6,ACO,poblacional,300.00000000000006,460171.0264427335,True,False,0.19499999999999318,0.0,0.19499999999999318,4.0,20.0,12.0,41,0,42,Explotacion activa
811,6,ACO,poblacional,300.00000000000006,8426.837255847382,True,False,0.19499999999999318,0.0,0.19499999999999318,4.0,20.0,12.0,42,0,43,Explotacion activa
812,6,ACO,poblacional,300.00000000000006,13164.981232519585,True,False,0.19499999999999318,0.0,0.19499999999999318,4.0,20.0,12.0,43,0,44,Explotacion activa
813,6,ACO,poblacional,300.00000000000006,1555549.4032771387,True,False,0.19499999999999318,0.0,0.19499999999999318,4.0,20.0,12.0,44,0,45,Explotacion activa
814,6,ACO,poblacional,300.00000000000006,26298.716833449198,True,False,0.19499999999999318,0.0,0.19499999999999318,4.0,20.0,12.0,45,0,46,Explotacion activa
815,6,ACO,poblacional,300.00000000000006,64013.072840594046,True,False,0.19499999999999318,0.0,0.19499999999999318,4.0,20.0,12.0,46,0,47,Explotacion activa
816,6,ACO,poblacional,300.00000000000006,59451.48968392388,True,False,0.19499999999999318,0.0,0.19499999999999318,4.0,20.0,12.0,47,0,48,Explotacion activa
817,6,ACO,poblacional,300.00000000000006,709422.3321571865,True,False,0.19499999999999318,0.0,0.19499999999999318,0.0,0.19499999999999318,0.19499999999999318,48,1,49,Explotacion activa
818,6,ACO,poblacional,300.00000000000006,16963.372278964925,True,False,0.19499999999999318,0.0,0.19499999999999318,0.0,0.19499999999999318,0.19499999999999318,49,2,50,Explotacion activa
819,6,ACO,poblacional,300.00000000000006,99647.73365046694,True,False,0.19499999999999318,0.0,0.19499999999999318,0.0,0.19499999999999318,0.19499999999999318,50,3,51,Explotacion activa
820,6,ACO,poblacional,300.00000000000006,8042.0044463350205,True,False,0.19499999999999318,0.0,0.19499999999999318,0.0,0.19499999999999318,0.19499999999999318,51,4,52,Explotacion activa
821,6,ACO,poblacional,300.00000000000006,33513.18694282813,True,False,0.19499999999999318,0.0,0.19499999999999318,0.0,0.19499999999999318,0.19499999999999318,52,5,53,Explotacion activa
822,6,ACO,poblacional,300.00000000000006,2671.0172354792576,True,False,0.19499999999999318,0.0,0.19499999999999318,0.0,0.19499999999999318,0.19499999999999318,53,6,54,Explotacion activa
823,6,ACO,poblacional,300.00000000000006,35568.01180831139,True,False,0.19499999999999318,0.0,0.19499999999999318,0.0,0.19499999999999318,0.19499999999999318,54,7,55,Explotacion activa
824,6,ACO,poblacional,300.00000000000006,24410.882199183558,True,True,0.19499999999999318,0.0,0.19499999999999318,0.0,0.19499999999999318,0.19499999999999318,55,8,56,ESTANCAMIENTO (Fire)
825,7,PSO,poblacional,300.00000000000006,300.00000000000006,False,False,,,,,,,0,0,0,Llenando ventana
826,7,PSO,poblacional,300.00000000000006,300.00000000000006,False,False,,,,,,,0,0,0,Llenando ventana
827,7,PSO,poblacional,300.00000000000006,300.00000000000006,False,False,,,,,,,0,0,0,Llenando ventana
828,7,PSO,poblacional,300.00000000000006,300.00000000000006,False,False,,,,,,,0,0,0,Llenando ventana
829,7,PSO,poblacional,300.00000000000006,300.00000000000006,False,False,,,,,,,0,0,0,Llenando ventana
830,7,PSO,poblacional,300.00000000000006,300.00000000000006,False,False,,,,,,,0,0,0,Llenando ventana
831,7,PSO,poblacional,300.00000000000006,300.00000000000006,False,False,,,,,,,0,0,0,Llenando ventana
832,7,PSO,poblacional,300.00000000000006,300.00000000000006,False,False,,,,,,,0,0,0,Llenando ventana
833,7,PSO,poblacional,300.00000000000006,300.00000000000006,False,False,,,,,,,0,0,0,Llenando ventana
834,7,PSO,poblacional,300.00000000000006,300.00000000000006,False,False,,,,,,,0,0,0,Llenando ventana
835,7,PSO,poblacional,300.00000000000006,300.00000000000006,False,False,,,,,,,0,0,0,Llenando ventana
836,7,PSO,poblacional,300.00000000000006,300.00000000000006,False,False,,,,,,,0,0,0,Llenando ventana
837,7,PSO,poblacional,300.00000000000006,300.00000000000006,False,False,,,,,,,0,0,0,Llenando ventana
838,7,PSO,poblacional,300.00000000000006,300.00000000000006,False,False,,,,,,,0,0,0,Llenando ventana
839,7,PSO,poblacional,300.00000000000006,300.00000000000006,False,False,,,,,,,0,0,0,Llenando ventana
840,7,PSO,poblacional,300.00000000000006,300.00000000000006,False,False,,,,,,,0,0,0,Llenando ventana
841,7,PSO,poblacional,300.00000000000006,300.00000000000006,False,False,,,,,,,0,0,0,Llenando ventana
842,7,PSO,poblacional,300.00000000000006,300.00000000000006,False,False,,,,,,,0,0,0,Llenando ventana
843,7,PSO,poblacional,300.00000000000006,300.00000000000006,False,False,,,,,,,0,0,0,Llenando ventana
844,7,PSO,poblacional,300.00000000000006,300.00000000000006,False,False,,,,,,,0,0,0,Llenando ventana
845,7,PSO,poblacional,300.00000000000006,300.00000000000006,False,False,,,,,,,0,0,0,Llenando ventana
846,7,PSO,poblacional,300.00000000000006,300.00000000000006,False,False,,,,,,,0,0,0,Llenando ventana
847,7,PSO,poblacional,300.00000000000006,300.00000000000006,False,False,,,,,,,0,0,0,Llenando ventana
848,7,PSO,poblacional,300.00000000000006,300.00000000000006,False,False,,,,,,,0,0,0,Llenando ventana
849,7,PSO,poblacional,300.00000000000006,300.00000000000006,False,False,,,,,,,0,0,0,Llenando ventana
850,7,PSO,poblacional,300.00000000000006,300.00000000000006,False,False,,,,,,,0,0,0,Llenando ventana
851,7,PSO,poblacional,300.00000000000006,300.00000000000006,False,False,,,,,,,0,0,0,Llenando ventana
852,7,PSO,poblacional,300.00000000000006,300.00000000000006,False,False,,,,,,,0,0,0,Llenando ventana
853,7,PSO,poblacional,300.00000000000006,300.00000000000006,False,False,,,,,,,0,0,0,Llenando ventana
854,7,PSO,poblacional,300.00000000000006,300.00000000000006,False,False,,,,,,,0,0,0,Llenando ventana
855,7,PSO,poblacional,300.00000000000006,300.00000000000006,False,False,,,,,,,0,0,0,Llenando ventana
856,7,PSO,poblacional,300.00000000000006,300.00000000000006,False,False,,,,,,,0,0,0,Llenando ventana
857,7,PSO,poblacional,300.00000000000006,300.00000000000006,False,False,,,,,,,0,0,0,Llenando ventana
858,7,PSO,poblacional,300.00000000000006,300.00000000000006,False,False,,,,,,,0,0,0,Llenando ventana
859,7,PSO,poblacional,300.00000000000006,300.00000000000006,False,False,,,,,,,0,0,0,Llenando ventana
860,7,PSO,poblacional,300.00000000000006,300.00000000000006,False,False,,,,,,,0,0,0,Llenando ventana
861,7,PSO,poblacional,300.00000000000006,300.00000000000006,False,False,,,,,,,0,0,0,Llenando ventana
862,7,PSO,poblacional,300.00000000000006,300.00000000000006,False,False,,,,,,,0,0,0,Llenando ventana
863,7,PSO,poblacional,300.00000000000006,300.00000000000006,False,False,,,,,,,0,0,0,Llenando ventana
864,7,PSO,poblacional,300.00000000000006,300.00000000000006,False,False,,,0.19499999999999318,,,,0,0,0,Llenando ventana
865,7,PSO,poblacional,300.00000000000006,300.00000000000006,False,False,,,0.19499999999999318,,,,0,0,0,Llenando ventana
866,7,PSO,poblacional,300.00000000000006,300.00000000000006,False,False,,,0.19499999999999318,,,,0,0,0,Llenando ventana
867,7,PSO,poblacional,300.00000000000006,300.00000000000006,False,False,,,0.19499999999999318,,,,0,0,0,Llenando ventana
868,7,PSO,poblacional,300.00000000000006,300.00000000000006,False,False,,,0.19499999999999318,,,,0,0,0,Llenando ventana
869,7,PSO,poblacional,300.00000000000006,300.00000000000006,False,False,,,0.19499999999999318,,,,0,0,0,Llenando ventana
870,7,PSO,poblacional,300.00000000000006,300.00000000000006,False,False,,,0.19499999999999318,,,,0,0,0,Llenando ventana
871,7,PSO,poblacional,300.00000000000006,300.00000000000006,False,False,,,0.19499999999999318,,,,0,0,0,Llenando ventana
872,7,PSO,poblacional,300.00000000000006,300.00000000000006,False,False,,,0.19499999999999318,,,,0,0,0,Llenando ventana
873,7,PSO,poblacional,300.00000000000006,300.00000000000006,False,False,,,0.19499999999999318,,,,0,0,0,Llenando ventana
874,7,PSO,poblacional,300.00000000000006,300.00000000000006,False,False,,,0.19499999999999318,,,,0,0,0,Llenando ventana
875,7,PSO,poblacional,300.00000000000006,300.00000000000006,False,False,,,0.19499999999999318,,,,0,0,0,Llenando ventana
876,7,PSO,poblacional,300.00000000000006,300.00000000000006,False,False,,,0.19499999999999318,,,,0,0,0,Llenando ventana
877,7,PSO,poblacional,300.00000000000006,300.00000000000006,False,False,,,0.19499999999999318,,,,0,0,0,Llenando ventana
878,7,PSO,poblacional,300.00000000000006,300.00000000000006,False,False,,,0.19499999999999318,,,,0,0,0,Llenando ventana
879,7,PSO,poblacional,300.00000000000006,300.00000000000006,False,False,,,0.19499999999999318,,,,0,0,0,Llenando ventana
880,7,PSO,poblacional,300.00000000000006,300.00000000000006,False,False,,,0.19499999999999318,,,,0,0,0,Llenando ventana
881,8,EHO,poblacional,300.00000000000006,300.00000000000006,False,False,,,,,,,0,0,1,Llenando ventana
882,8,EHO,poblacional,300.00000000000006,300.00000000000006,False,False,,,,,,,1,0,2,Llenando ventana
883,8,EHO,poblacional,300.00000000000006,300.00000000000006,False,False,,,,,,,2,0,3,Llenando ventana
884,8,EHO,poblacional,300.00000000000006,300.00000000000006,False,False,,,,,,,3,0,4,Llenando ventana
885,8,EHO,poblacional,300.00000000000006,300.00000000000006,False,False,,,,,,,4,0,5,Llenando ventana
886,8,EHO,poblacional,300.00000000000006,300.00000000000006,False,False,,,,,,,5,0,6,Llenando ventana
887,8,EHO,poblacional,300.00000000000006,300.00000000000006,False,False,,,,,,,6,0,7,Llenando ventana
888,8,EHO,poblacional,300.00000000000006,300.00000000000006,False,False,,,,,,,7,0,8,Llenando ventana
889,8,EHO,poblacional,300.00000000000006,300.00000000000006,False,False,,,,,,,8,0,9,Llenando ventana
890,8,EHO,poblacional,300.00000000000006,300.00000000000006,False,False,,,,,,,9,0,10,Llenando ventana
891,8,EHO,poblacional,300.00000000000006,300.00000000000006,False,False,,,,,,,10,0,11,Llenando ventana
892,8,EHO,poblacional,300.00000000000006,300.00000000000006,False,False,,,,,,,11,0,12,Llenando ventana
893,8,EHO,poblacional,300.00000000000006,300.00000000000006,False,False,,,,,,,12,0,13,Llenando ventana
894,8,EHO,poblacional,300.00000000000006,300.00000000000006,False,False,,,,,,,13,0,14,Llenando ventana
895,8,EHO,poblacional,300.00000000000006,300.00000000000006,False,False,,,,,,,14,0,15,Llenando ventana
896,8,EHO,poblacional,300.00000000000006,300.00000000000006,False,False,,,,,,,15,0,16,Llenando ventana
897,8,EHO,poblacional,300.00000000000006,300.00000000000006,False,False,,,,,,,16,0,17,Llenando ventana
898,8,EHO,poblacional,300.00000000000006,300.00000000000006,False,False,,,,,,,17,0,18,Llenando ventana
899,8,EHO,poblacional,300.00000000000006,300.00000000000006,False,False,,,,,,,18,0,19,Llenando ventana
900,8,EHO,poblacional,300.00000000000006,300.00000000000006,False,False,,,,,,,19,0,20,Llenando ventana
901,8,EHO,poblacional,300.00000000000006,300.00000000000006,False,False,,,,,,,20,0,21,Llenando ventana
902,8,EHO,poblacional,300.00000000000006,300.00000000000006,False,False,,,,,,,21,0,22,Llenando ventana
903,8,EHO,poblacional,300.00000000000006,300.00000000000006,False,False,,,,,,,22,0,23,Llenando ventana
904,8,EHO,poblacional,300.00000000000006,300.00000000000006,False,False,,,,,,,23,0,24,Llenando ventana
905,8,EHO,poblacional,300.00000000000006,300.00000000000006,False,False,,,,,,,24,0,25,Llenando ventana
906,8,EHO,poblacional,300.00000000000006,300.00000000000006,False,False,,,,,,,25,0,26,Llenando ventana
907,8,EHO,poblacional,300.00000000000006,300.00000000000006,False,False,,,,,,,26,0,27,Llenando ventana
908,8,EHO,poblacional,300.00000000000006,300.00000000000006,False,False,,,,,,,27,0,28,Llenando ventana
909,8,EHO,poblacional,300.00000000000006,300.00000000000006,False,False,,,,,,,28,0,29,Llenando ventana
910,8,EHO,poblacional,300.00000000000006,300.00000000000006,False,False,,,,,,,29,0,30,Llenando ventana
911,8,EHO,poblacional,300.00000000000006,300.00000000000006,False,False,,,,,,,30,0,31,Llenando ventana
912,8,EHO,poblacional,300.00000000000006,300.00000000000006,False,False,,,,,,,31,0,32,Llenando ventana
913,8,EHO,poblacional,300.00000000000006,300.00000000000006,False,False,,,,,,,32,0,33,Llenando ventana
914,8,EHO,poblacional,300.00000000000006,300.00000000000006,False,False,,,,,,,33,0,34,Llenando ventana
915,8,EHO,poblacional,300.00000000000006,300.00000000000006,False,False,,,,,,,34,0,35,Llenando ventana
916,8,EHO,poblacional,300.00000000000006,300.00000000000006,False,False,,,,,,,35,0,36,Llenando ventana
917,8,EHO,poblacional,300.00000000000006,300.00000000000006,False,False,,,,,,,36,0,37,Llenando ventana
918,8,EHO,poblacional,300.00000000000006,300.00000000000006,False,False,,,,,,,37,0,38,Llenando ventana
919,8,EHO,poblacional,300.00000000000006,300.00000000000006,False,False,,,,,,,38,0,39,Llenando ventana
920,8,EHO,poblacional,300.00000000000006,300.00000000000006,True,False,0.19499999999999318,0.0,0.19499999999999318,4.0,20.0,12.0,39,0,40,Explotacion activa
921,8,EHO,poblacional,300.00000000000006,300.00000000000006,True,False,0.19499999999999318,0.0,0.19499999999999318,4.0,20.0,12.0,40,0,41,Explotacion activa
922,8,EHO,poblacional,300.00000000000006,300.00000000000006,True,False,0.19499999999999318,0.0,0.19499999999999318,4.0,20.0,12.0,41,0,42,Explotacion activa
923,8,EHO,poblacional,300.00000000000006,300.00000000000006,True,False,0.19499999999999318,0.0,0.19499999999999318,4.0,20.0,12.0,42,0,43,Explotacion activa
924,8,EHO,poblacional,300.00000000000006,300.00000000000006,True,False,0.19499999999999318,0.0,0.19499999999999318,4.0,20.0,12.0,43,0,44,Explotacion activa
925,8,EHO,poblacional,300.00000000000006,300.00000000000006,True,False,0.19499999999999318,0.0,0.19499999999999318,4.0,20.0,12.0,44,0,45,Explotacion activa
926,8,EHO,poblacional,300.00000000000006,300.00000000000006,True,False,0.19499999999999318,0.0,0.19499999999999318,4.0,20.0,12.0,45,0,46,Explotacion activa
927,8,EHO,poblacional,300.00000000000006,300.00000000000006,True,False,0.19499999999999318,0.0,0.19499999999999318,4.0,20.0,12.0,46,0,47,Explotacion activa
928,8,EHO,poblacional,300.00000000000006,300.00000000000006,True,False,0.19499999999999318,0.0,0.19499999999999318,4.0,20.0,12.0,47,0,48,Explotacion activa
929,8,EHO,poblacional,300.00000000000006,300.00000000000006,True,False,0.19499999999999318,0.0,0.19499999999999318,0.0,0.19499999999999318,0.19499999999999318,48,1,49,Explotacion activa
930,8,EHO,poblacional,300.00000000000006,300.00000000000006,True,False,0.19499999999999318,0.0,0.19499999999999318,0.0,0.19499999999999318,0.19499999999999318,49,2,50,Explotacion activa
931,8,EHO,poblacional,300.00000000000006,300.00000000000006,True,False,0.19499999999999318,0.0,0.19499999999999318,0.0,0.19499999999999318,0.19499999999999318,50,3,51,Explotacion activa
932,8,EHO,poblacional,300.00000000000006,300.00000000000006,True,False,0.19499999999999318,0.0,0.19499999999999318,0.0,0.19499999999999318,0.19499999999999318,51,4,52,Explotacion activa
933,8,EHO,poblacional,300.00000000000006,300.00000000000006,True,False,0.19499999999999318,0.0,0.19499999999999318,0.0,0.19499999999999318,0.19499999999999318,52,5,53,Explotacion activa
934,8,EHO,poblacional,300.00000000000006,300.00000000000006,True,False,0.19499999999999318,0.0,0.19499999999999318,0.0,0.19499999999999318,0.19499999999999318,53,6,54,Explotacion activa
935,8,EHO,poblacional,300.00000000000006,300.00000000000006,True,False,0.19499999999999318,0.0,0.19499999999999318,0.0,0.19499999999999318,0.19499999999999318,54,7,55,Explotacion activa
936,8,EHO,poblacional,300.00000000000006,300.00000000000006,True,True,0.19499999999999318,0.0,0.19499999999999318,0.0,0.19499999999999318,0.19499999999999318,55,8,56,ESTANCAMIENTO (Fire)
937,9,GWO,poblacional,300.00000000000006,300.00000000000006,False,False,,,,,,,0,0,1,Llenando ventana
938,9,GWO,poblacional,300.00000000000006,300.00000000000006,False,False,,,,,,,1,0,2,Llenando ventana
939,9,GWO,poblacional,300.00000000000006,300.00000000000006,False,False,,,,,,,2,0,3,Llenando ventana
940,9,GWO,poblacional,300.00000000000006,300.00000000000006,False,False,,,,,,,3,0,4,Llenando ventana
941,9,GWO,poblacional,300.00000000000006,300.00000000000006,False,False,,,,,,,4,0,5,Llenando ventana
942,9,GWO,poblacional,300.00000000000006,300.00000000000006,False,False,,,,,,,5,0,6,Llenando ventana
943,9,GWO,poblacional,300.00000000000006,300.00000000000006,False,False,,,,,,,6,0,7,Llenando ventana
944,9,GWO,poblacional,300.00000000000006,300.00000000000006,False,False,,,,,,,7,0,8,Llenando ventana
945,9,GWO,poblacional,300.00000000000006,300.00000000000006,False,False,,,,,,,8,0,9,Llenando ventana
946,9,GWO,poblacional,300.00000000000006,300.00000000000006,False,False,,,,,,,9,0,10,Llenando ventana
947,9,GWO,poblacional,300.00000000000006,300.00000000000006,False,False,,,,,,,10,0,11,Llenando ventana
948,9,GWO,poblacional,300.00000000000006,300.00000000000006,False,False,,,,,,,11,0,12,Llenando ventana
949,9,GWO,poblacional,300.00000000000006,300.00000000000006,False,False,,,,,,,12,0,13,Llenando ventana
950,9,GWO,poblacional,300.00000000000006,300.00000000000006,False,False,,,,,,,13,0,14,Llenando ventana
951,9,GWO,poblacional,300.00000000000006,300.00000000000006,False,False,,,,,,,14,0,15,Llenando ventana
952,9,GWO,poblacional,300.00000000000006,300.00000000000006,False,False,,,,,,,15,0,16,Llenando ventana
953,9,GWO,poblacional,300.00000000000006,300.00000000000006,False,False,,,,,,,16,0,17,Llenando ventana
954,9,GWO,poblacional,300.00000000000006,300.00000000000006,False,False,,,,,,,17,0,18,Llenando ventana
955,9,GWO,poblacional,300.00000000000006,300.00000000000006,False,False,,,,,,,18,0,19,Llenando ventana
956,9,GWO,poblacional,300.00000000000006,300.00000000000006,False,False,,,,,,,19,0,20,Llenando ventana
957,9,GWO,poblacional,300.00000000000006,300.00000000000006,False,False,,,,,,,20,0,21,Llenando ventana
958,9,GWO,poblacional,300.00000000000006,300.00000000000006,False,False,,,,,,,21,0,22,Llenando ventana
959,9,GWO,poblacional,300.00000000000006,300.00000000000006,False,False,,,,,,,22,0,23,Llenando ventana
960,9,GWO,poblacional,300.00000000000006,300.00000000000006,False,False,,,,,,,23,0,24,Llenando ventana
961,9,GWO,poblacional,300.00000000000006,300.00000000000006,False,False,,,,,,,24,0,25,Llenando ventana
962,9,GWO,poblacional,300.00000000000006,300.00000000000006,False,False,,,,,,,25,0,26,Llenando ventana
963,9,GWO,poblacional,300.00000000000006,300.00000000000006,False,False,,,,,,,26,0,27,Llenando ventana
964,9,GWO,poblacional,300.00000000000006,300.00000000000006,False,False,,,,,,,27,0,28,Llenando ventana
965,9,GWO,poblacional,300.00000000000006,300.00000000000006,False,False,,,,,,,28,0,29,Llenando ventana
966,9,GWO,poblacional,300.00000000000006,300.00000000000006,False,False,,,,,,,29,0,30,Llenando ventana
967,9,GWO,poblacional,300.00000000000006,300.00000000000006,False,False,,,,,,,30,0,31,Llenando ventana
968,9,GWO,poblacional,300.00000000000006,300.00000000000006,False,False,,,,,,,31,0,32,Llenando ventana
969,9,GWO,poblacional,300.00000000000006,300.00000000000006,False,False,,,,,,,32,0,33,Llenando ventana
970,9,GWO,poblacional,300.00000000000006,300.00000000000006,False,False,,,,,,,33,0,34,Llenando ventana
971,9,GWO,poblacional,300.00000000000006,300.00000000000006,False,False,,,,,,,34,0,35,Llenando ventana
972,9,GWO,poblacional,300.00000000000006,300.00000000000006,False,False,,,,,,,35,0,36,Llenando ventana
973,9,GWO,poblacional,300.00000000000006,300.00000000000006,False,False,,,,,,,36,0,37,Llenando ventana
974,9,GWO,poblacional,300.00000000000006,300.00000000000006,False,False,,,,,,,37,0,38,Llenando ventana
975,9,GWO,poblacional,300.00000000000006,300.00000000000006,False,False,,,,,,,38,0,39,Llenando ventana
976,9,GWO,poblacional,300.00000000000006,300.00000000000006,True,False,0.19499999999999318,0.0,0.19499999999999318,4.0,20.0,12.0,39,0,40,Explotacion activa
977,9,GWO,poblacional,300.00000000000006,300.00000000000006,True,False,0.19499999999999318,0.0,0.19499999999999318,4.0,20.0,12.0,40,0,41,Explotacion activa
978,9,GWO,poblacional,300.00000000000006,300.00000000000006,True,False,0.19499999999999318,0.0,0.19499999999999318,4.0,20.0,12.0,41,0,42,Explotacion activa
979,9,GWO,poblacional,300.00000000000006,300.00000000000006,True,False,0.19499999999999318,0.0,0.19499999999999318,4.0,20.0,12.0,42,0,43,Explotacion activa
980,9,GWO,poblacional,300.00000000000006,300.00000000000006,True,False,0.19499999999999318,0.0,0.19499999999999318,4.0,20.0,12.0,43,0,44,Explotacion activa
981,9,GWO,poblacional,300.00000000000006,300.00000000000006,True,False,0.19499999999999318,0.0,0.19499999999999318,4.0,20.0,12.0,44,0,45,Explotacion activa
982,9,GWO,poblacional,300.00000000000006,300.00000000000006,True,False,0.19499999999999318,0.0,0.19499999999999318,4.0,20.0,12.0,45,0,46,Explotacion activa
983,9,GWO,poblacional,300.00000000000006,300.00000000000006,True,False,0.19499999999999318,0.0,0.19499999999999318,4.0,20.0,12.0,46,0,47,Explotacion activa
984,9,GWO,poblacional,300.00000000000006,300.00000000000006,True,False,0.19499999999999318,0.0,0.19499999999999318,4.0,20.0,12.0,47,0,48,Explotacion activa
985,9,GWO,poblacional,300.00000000000006,300.00000000000006,True,False,0.19499999999999318,0.0,0.19499999999999318,0.0,0.19499999999999318,0.19499999999999318,48,1,49,Explotacion activa
986,9,GWO,poblacional,300.00000000000006,300.00000000000006,True,False,0.19499999999999318,0.0,0.19499999999999318,0.0,0.19499999999999318,0.19499999999999318,49,2,50,Explotacion activa
987,9,GWO,poblacional,300.00000000000006,300.00000000000006,True,False,0.19499999999999318,0.0,0.19499999999999318,0.0,0.19499999999999318,0.19499999999999318,50,3,51,Explotacion activa
988,9,GWO,poblacional,300.00000000000006,300.00000000000006,True,False,0.19499999999999318,0.0,0.19499999999999318,0.0,0.19499999999999318,0.19499999999999318,51,4,52,Explotacion activa
989,9,GWO,poblacional,300.00000000000006,300.00000000000006,True,False,0.19499999999999318,0.0,0.19499999999999318,0.0,0.19499999999999318,0.19499999999999318,52,5,53,Explotacion activa
990,9,GWO,poblacional,300.00000000000006,300.00000000000006,True,False,0.19499999999999318,0.0,0.19499999999999318,0.0,0.19499999999999318,0.19499999999999318,53,6,54,Explotacion activa
991,9,GWO,poblacional,300.00000000000006,300.00000000000006,True,False,0.19499999999999318,0.0,0.19499999999999318,0.0,0.19499999999999318,0.19499999999999318,54,7,55,Explotacion activa
992,9,GWO,poblacional,300.00000000000006,300.00000000000006,True,True,0.19499999999999318,0.0,0.19499999999999318,0.0,0.19499999999999318,0.19499999999999318,55,8,56,ESTANCAMIENTO (Fire)
993,10,PSO,poblacional,300.00000000000006,300.00000000000006,False,False,,,,,,,0,0,0,Llenando ventana
994,10,PSO,poblacional,300.00000000000006,300.00000000000006,False,False,,,,,,,0,0,0,Llenando ventana
995,10,PSO,poblacional,300.00000000000006,300.00000000000006,False,False,,,,,,,0,0,0,Llenando ventana
996,10,PSO,poblacional,300.00000000000006,300.00000000000006,False,False,,,,,,,0,0,0,Llenando ventana
997,10,PSO,poblacional,300.00000000000006,300.00000000000006,False,False,,,,,,,0,0,0,Llenando ventana
998,10,PSO,poblacional,300.00000000000006,300.00000000000006,False,False,,,,,,,0,0,0,Llenando ventana
999,10,PSO,poblacional,300.00000000000006,300.00000000000006,False,False,,,,,,,0,0,0,Llenando ventana
1000,10,PSO,poblacional,300.00000000000006,300.00000000000006,False,False,,,,,,,0,0,0,Llenando ventana
1001,10,PSO,poblacional,300.00000000000006,300.00000000000006,False,False,,,,,,,0,0,0,Llenando ventana
1002,10,PSO,poblacional,300.00000000000006,300.00000000000006,False,False,,,,,,,0,0,0,Llenando ventana
1003,10,PSO,poblacional,300.00000000000006,300.00000000000006,False,False,,,,,,,0,0,0,Llenando ventana
1004,10,PSO,poblacional,300.00000000000006,300.00000000000006,False,False,,,,,,,0,0,0,Llenando ventana
1005,10,PSO,poblacional,300.00000000000006,300.00000000000006,False,False,,,,,,,0,0,0,Llenando ventana
1006,10,PSO,poblacional,300.00000000000006,300.00000000000006,False,False,,,,,,,0,0,0,Llenando ventana
1007,10,PSO,poblacional,300.00000000000006,300.00000000000006,False,False,,,,,,,0,0,0,Llenando ventana
1008,10,PSO,poblacional,300.00000000000006,300.00000000000006,False,False,,,,,,,0,0,0,Llenando ventana
1009,10,PSO,poblacional,300.00000000000006,300.00000000000006,False,False,,,,,,,0,0,0,Llenando ventana
1010,10,PSO,poblacional,300.00000000000006,300.00000000000006,False,False,,,,,,,0,0,0,Llenando ventana
1011,10,PSO,poblacional,300.00000000000006,300.00000000000006,False,False,,,,,,,0,0,0,Llenando ventana
1012,10,PSO,poblacional,300.00000000000006,300.00000000000006,False,False,,,,,,,0,0,0,Llenando ventana
1013,10,PSO,poblacional,300.00000000000006,300.00000000000006,False,False,,,,,,,0,0,0,Llenando ventana
1014,10,PSO,poblacional,300.00000000000006,300.00000000000006,False,False,,,,,,,0,0,0,Llenando ventana
1015,10,PSO,poblacional,300.00000000000006,300.00000000000006,False,False,,,,,,,0,0,0,Llenando ventana
1016,10,PSO,poblacional,300.00000000000006,300.00000000000006,False,False,,,,,,,0,0,0,Llenando ventana
1017,10,PSO,poblacional,300.00000000000006,300.00000000000006,False,False,,,,,,,0,0,0,Llenando ventana
1018,10,PSO,poblacional,300.00000000000006,300.00000000000006,False,False,,,,,,,0,0,0,Llenando ventana
1019,10,PSO,poblacional,300.00000000000006,300.00000000000006,False,False,,,,,,,0,0,0,Llenando ventana
1020,10,PSO,poblacional,300.00000000000006,300.00000000000006,False,False,,,,,,,0,0,0,Llenando ventana
1021,10,PSO,poblacional,300.00000000000006,300.00000000000006,False,False,,,,,,,0,0,0,Llenando ventana
1022,10,PSO,poblacional,300.00000000000006,300.00000000000006,False,False,,,,,,,0,0,0,Llenando ventana
1023,10,PSO,poblacional,300.00000000000006,300.00000000000006,False,False,,,,,,,0,0,0,Llenando ventana
1024,10,PSO,poblacional,300.00000000000006,300.00000000000006,False,False,,,,,,,0,0,0,Llenando ventana
1025,10,PSO,poblacional,300.00000000000006,300.00000000000006,False,False,,,,,,,0,0,0,Llenando ventana
1026,10,PSO,poblacional,300.00000000000006,300.00000000000006,False,False,,,,,,,0,0,0,Llenando ventana
1027,10,PSO,poblacional,300.00000000000006,300.00000000000006,False,False,,,,,,,0,0,0,Llenando ventana
1028,10,PSO,poblacional,300.00000000000006,300.00000000000006,False,False,,,,,,,0,0,0,Llenando ventana
1029,10,PSO,poblacional,300.00000000000006,300.00000000000006,False,False,,,,,,,0,0,0,Llenando ventana
1030,10,PSO,poblacional,300.00000000000006,300.00000000000006,False,False,,,,,,,0,0,0,Llenando ventana
1031,10,PSO,poblacional,300.00000000000006,300.00000000000006,False,False,,,,,,,0,0,0,Llenando ventana
1032,10,PSO,poblacional,300.00000000000006,300.00000000000006,False,False,,,0.19499999999999318,,,,0,0,0,Llenando ventana
1033,10,PSO,poblacional,300.00000000000006,300.00000000000006,False,False,,,0.19499999999999318,,,,0,0,0,Llenando ventana
1034,10,PSO,poblacional,300.00000000000006,300.00000000000006,False,False,,,0.19499999999999318,,,,0,0,0,Llenando ventana
1035,10,PSO,poblacional,300.00000000000006,300.00000000000006,False,False,,,0.19499999999999318,,,,0,0,0,Llenando ventana
1036,10,PSO,poblacional,300.00000000000006,300.00000000000006,False,False,,,0.19499999999999318,,,,0,0,0,Llenando ventana
1037,10,PSO,poblacional,300.00000000000006,300.00000000000006,False,False,,,0.19499999999999318,,,,0,0,0,Llenando ventana
1038,10,PSO,poblacional,300.00000000000006,300.00000000000006,False,False,,,0.19499999999999318,,,,0,0,0,Llenando ventana
1039,10,PSO,poblacional,300.00000000000006,300.00000000000006,False,False,,,0.19499999999999318,,,,0,0,0,Llenando ventana
1040,10,PSO,poblacional,300.00000000000006,300.00000000000006,False,False,,,0.19499999999999318,,,,0,0,0,Llenando ventana
1041,10,PSO,poblacional,300.00000000000006,300.00000000000006,False,False,,,0.19499999999999318,,,,0,0,0,Llenando ventana
1042,10,PSO,poblacional,300.00000000000006,300.00000000000006,False,False,,,0.19499999999999318,,,,0,0,0,Llenando ventana
1043,10,PSO,poblacional,300.00000000000006,300.00000000000006,False,False,,,0.19499999999999318,,,,0,0,0,Llenando ventana
1044,10,PSO,poblacional,300.00000000000006,300.00000000000006,False,False,,,0.19499999999999318,,,,0,0,0,Llenando ventana
1045,10,PSO,poblacional,300.00000000000006,300.00000000000006,False,False,,,0.19499999999999318,,,,0,0,0,Llenando ventana
1046,10,PSO,poblacional,300.00000000000006,300.00000000000006,False,False,,,0.19499999999999318,,,,0,0,0,Llenando ventana
1047,10,PSO,poblacional,300.00000000000006,300.00000000000006,False,False,,,0.19499999999999318,,,,0,0,0,Llenando ventana
1048,10,PSO,poblacional,300.00000000000006,300.00000000000006,False,False,,,0.19499999999999318,,,,0,0,0,Llenando ventana
