iteracion,epoch,mh,tipo,fitness_best,fitness_instantaneo,dtw_ready,dtw_fire,D1_vs_ramp,D2_vs_const,dtw_delta,theta_c,theta_r,theta_delta,no_improve_len,trigger_streak,window_n,estado_dtw
1,1,GA,poblacional,22359.0,22359.0,False,False,,,,,,,0,0,1,Llenando ventana
2,1,GA,poblacional,22431.0,22431.0,False,False,,,,,,,0,0,2,Llenando ventana
3,1,GA,poblacional,22431.0,22431.0,False,False,,,,,,,1,0,3,Llenando ventana
4,1,GA,poblacional,22556.0,22556.0,False,False,,,,,,,0,0,4,Llenando ventana
5,1,GA,poblacional,22559.0,22559.0,False,False,,,,,,,0,0,5,Llenando ventana
6,1,GA,poblacional,23385.0,23385.0,False,False,,,,,,,0,0,6,Llenando ventana
7,1,GA,poblacional,23385.0,23385.0,False,False,,,,,,,1,0,7,Llenando ventana
8,1,GA,poblacional,23399.0,23399.0,False,False,,,,,,,0,0,8,Llenando ventana
9,1,GA,poblacional,23399.0,23399.0,False,False,,,,,,,1,0,9,Llenando ventana
10,1,GA,poblacional,23399.0,23399.0,False,False,,,,,,,2,0,10,Llenando ventana
11,1,GA,poblacional,23416.0,23416.0,False,False,,,,,,,0,0,11,Llenando ventana
12,1,GA,poblacional,23416.0,23416.0,False,False,,,,,,,1,0,12,Llenando ventana
13,1,GA,poblacional,23416.0,23416.0,False,False,,,,,,,2,0,13,Llenando ventana
14,1,GA,poblacional,23416.0,23416.0,False,False,,,,,,,3,0,14,Llenando ventana
15,1,GA,poblacional,23416.0,23416.0,False,False,,,,,,,4,0,15,Llenando ventana
16,1,GA,poblacional,23480.0,23480.0,False,False,,,,,,,0,0,16,Llenando ventana
17,1,GA,poblacional,23480.0,23480.0,False,False,,,,,,,1,0,17,Llenando ventana
18,1,GA,poblacional,23480.0,23480.0,False,False,,,,,,,2,0,18,Llenando ventana
19,1,GA,poblacional,23480.0,23480.0,False,False,,,,,,,3,0,19,Llenando ventana
20,1,GA,poblacional,23480.0,23480.0,False,False,,,,,,,4,0,20,Llenando ventana
21,1,GA,poblacional,23480.0,23480.0,False,False,,,,,,,5,0,21,Llenando ventana
22,1,GA,poblacional,23480.0,23480.0,False,False,,,,,,,6,0,22,Llenando ventana
23,1,GA,poblacional,23480.0,23480.0,False,False,,,,,,,7,0,23,Llenando ventana
24,1,GA,poblacional,23480.0,23480.0,False,False,,,,,,,8,0,24,Llenando ventana
25,1,GA,poblacional,23480.0,23480.0,False,False,,,,,,,9,0,25,Llenando ventana
26,1,GA,poblacional,23480.0,23480.0,False,False,,,,,,,10,0,26,Llenando ventana
27,1,GA,poblacional,23480.0,23480.0,False,False,,,,,,,11,0,27,Llenando ventana
28,1,GA,poblacional,23480.0,23480.0,False,False,,,,,,,12,0,28,Llenando ventana
29,1,GA,poblacional,23480.0,23480.0,False,False,,,,,,,13,0,29,Llenando ventana
30,1,GA,poblacional,23480.0,23480.0,False,False,,,,,,,14,0,30,Llenando ventana
31,1,GA,poblacional,23480.0,23480.0,False,False,,,,,,,15,0,31,Llenando ventana
32,1,GA,poblacional,23480.0,23480.0,False,False,,,,,,,16,0,32,Llenando ventana
33,1,GA,poblacional,23480.0,23480.0,False,False,,,,,,,17,0,33,Llenando ventana
34,1,GA,poblacional,23480.0,23480.0,False,False,,,,,,,18,0,34,Llenando ventana
35,1,GA,poblacional,23480.0,23480.0,False,False,,,,,,,19,0,35,Llenando ventana
36,1,GA,poblacional,23566.0,23566.0,False,False,,,,,,,0,0,36,Llenando ventana
37,1,GA,poblacional,23566.0,23566.0,False,False,,,,,,,1,0,37,Llenando ventana
38,1,GA,poblacional,23566.0,23566.0,False,False,,,,,,,2,0,38,Llenando ventana
39,1,GA,poblacional,23566.0,23566.0,False,False,,,,,,,3,0,39,Llenando ventana
40,1,GA,poblacional,23593.0,23593.0,True,False,1236.1000000000058,1234.0,2.1000000000058208,4.0,20.0,12.0,0,0,40,Explotacion activa
41,1,GA,poblacional,23608.0,23608.0,True,False,1179.099999999984,1177.0,2.099999999983993,4.0,20.0,12.0,0,0,41,Explotacion activa
42,1,GA,poblacional,23630.0,23630.0,True,False,1200.9000000000087,1199.0,1.9000000000087311,4.0,20.0,12.0,0,0,42,Explotacion activa
43,1,GA,poblacional,23630.0,23630.0,True,False,1076.099999999984,1074.0,2.099999999983993,4.0,20.0,12.0,1,0,43,Explotacion activa
44,1,GA,poblacional,23630.0,23630.0,True,False,1073.3000000000175,1071.0,2.3000000000174623,4.0,20.0,12.0,2,0,44,Explotacion activa
45,1,GA,poblacional,23630.0,23630.0,True,False,247.49999999999272,245.0,2.499999999992724,4.0,20.0,12.0,3,0,45,Explotacion activa
46,1,GA,poblacional,23630.0,23630.0,True,False,247.49999999999272,245.0,2.499999999992724,4.0,20.0,12.0,4,0,46,Explotacion activa
47,1,GA,poblacional,23630.0,23630.0,True,False,233.69999999998254,231.0,2.6999999999825377,4.0,20.0,12.0,5,0,47,Explotacion activa
48,1,GA,poblacional,23630.0,23630.0,True,False,233.6999999999898,231.0,2.6999999999898137,4.0,20.0,12.0,6,0,48,Explotacion activa
49,1,GA,poblacional,23630.0,23630.0,True,False,233.70000000001164,231.0,2.7000000000116415,240.79999999999998,1106.999999999984,2.5599999999896683,7,0,49,Explotacion activa
50,1,GA,poblacional,23630.0,23630.0,True,False,216.8999999999869,214.0,2.8999999999869033,231.0,1076.099999999984,2.6999999999825377,8,0,50,Explotacion activa
51,1,GA,poblacional,23630.0,23630.0,True,False,216.8999999999869,214.0,2.8999999999869033,231.0,1075.259999999994,2.699999999987631,9,0,51,Explotacion activa
52,1,GA,poblacional,23630.0,23630.0,True,False,216.8999999999869,214.0,2.8999999999869033,231.0,1074.4200000000042,2.699999999998545,10,0,52,Explotacion activa
53,1,GA,poblacional,23630.0,23630.0,True,False,216.89999999999418,214.0,2.8999999999941792,229.3,1073.580000000014,2.7200000000091675,11,0,53,Explotacion activa
54,1,GA,poblacional,23630.0,23630.0,True,False,216.90000000000873,214.0,2.900000000008731,217.4,908.1400000000117,2.859999999991851,12,0,54,Explotacion activa
55,1,GA,poblacional,23630.0,23630.0,True,False,153.09999999999127,150.0,3.099999999991269,214.0,660.4000000000051,2.8999999999869033,13,0,55,Explotacion activa
56,1,GA,poblacional,23630.0,23630.0,True,False,153.09999999999127,150.0,3.099999999991269,214.0,412.6599999999971,2.8999999999869033,14,0,56,Explotacion activa
57,1,GA,poblacional,23630.0,23630.0,True,False,153.09999999999127,150.0,3.099999999991269,214.0,247.49999999999272,2.8999999999869033,15,1,57,Explotacion activa
58,1,GA,poblacional,23630.0,23630.0,True,False,153.09999999999854,150.0,3.099999999998545,214.0,247.49999999999272,2.8999999999912687,16,2,58,Explotacion activa
59,1,GA,poblacional,23630.0,23630.0,True,False,153.09999999999127,150.0,3.099999999991269,214.0,247.49999999999272,2.8999999999985446,17,3,59,Explotacion activa
60,1,GA,poblacional,23630.0,23630.0,True,False,153.09999999999127,150.0,3.099999999991269,214.0,247.49999999999272,2.900000000008731,18,4,60,Explotacion activa
61,1,GA,poblacional,23630.0,23630.0,True,False,153.09999999999127,150.0,3.099999999991269,169.2,243.3599999999984,3.0399999999965073,19,5,61,Explotacion activa
62,1,GA,poblacional,23637.0,23637.0,True,False,159.8999999999869,157.0,2.8999999999869033,154.2,239.22000000000406,2.980000000001746,0,0,62,Explotacion activa
63,1,GA,poblacional,23637.0,23637.0,True,False,159.89999999999418,157.0,2.8999999999941792,156.29999999999998,235.08000000000973,2.9200000000069846,1,0,63,Explotacion activa
64,1,GA,poblacional,23637.0,23637.0,True,False,159.8999999999869,157.0,2.8999999999869033,157.0,233.70000000000726,2.9000000000058206,2,0,64,Explotacion activa
65,1,GA,poblacional,23637.0,23637.0,True,False,159.8999999999869,157.0,2.8999999999869033,157.0,233.70000000000073,2.900000000001455,3,0,65,Explotacion activa
66,1,GA,poblacional,23637.0,23637.0,True,False,159.8999999999869,157.0,2.8999999999869033,157.0,233.6999999999942,2.89999999999709,4,0,66,Explotacion activa
67,1,GA,poblacional,23637.0,23637.0,True,False,159.8999999999869,157.0,2.8999999999869033,157.0,233.69999999998907,2.8999999999941792,5,0,67,Explotacion activa
68,1,GA,poblacional,23637.0,23637.0,True,False,159.89999999999418,157.0,2.8999999999941792,157.0,233.69999999998691,2.8999999999941792,6,0,68,Explotacion activa
69,1,GA,poblacional,23637.0,23637.0,True,False,159.8999999999869,157.0,2.8999999999869033,157.0,233.69999999998473,2.8999999999941792,7,0,69,Explotacion activa
70,1,GA,poblacional,23637.0,23637.0,True,False,159.8999999999869,157.0,2.8999999999869033,157.0,233.69999999998254,2.8999999999941792,8,0,70,Explotacion activa
71,1,GA,poblacional,23637.0,23637.0,True,False,159.8999999999869,157.0,2.8999999999869033,157.0,228.6599999999904,2.8999999999941792,9,0,71,Explotacion activa
72,1,GA,poblacional,23637.0,23637.0,True,False,159.8999999999869,157.0,2.8999999999869033,157.0,223.61999999999824,2.8999999999941792,10,0,72,Explotacion activa
73,1,GA,poblacional,23637.0,23637.0,True,False,159.90000000000146,157.0,2.900000000001455,157.0,218.58000000000607,2.8999999999941792,11,0,73,Explotacion activa
74,1,GA,poblacional,23637.0,23637.0,True,False,159.90000000000146,157.0,2.900000000001455,157.0,216.90000000000583,2.8999999999941792,12,0,74,Explotacion activa
75,1,GA,poblacional,23637.0,23637.0,True,False,74.09999999999127,71.0,3.099999999991269,157.0,216.90000000000146,2.899999999997817,13,0,75,Explotacion activa
76,1,GA,poblacional,23655.0,23655.0,True,False,91.8999999999869,89.0,2.8999999999869033,157.0,216.89999999999708,2.8999999999956345,0,0,76,Explotacion activa
77,1,GA,poblacional,23655.0,23655.0,True,False,91.89999999999418,89.0,2.8999999999941792,157.0,216.89999999999344,2.8999999999941792,1,0,77,Explotacion activa
78,1,GA,poblacional,23699.0,23699.0,True,False,135.6999999999971,133.0,2.6999999999970896,157.0,216.89999999999128,2.8999999999941792,0,0,78,Explotacion activa
79,1,GA,poblacional,23699.0,23699.0,True,False,108.90000000000146,106.0,2.900000000001455,154.9,216.8999999999891,2.899999999996362,1,0,79,Explotacion activa
80,1,GA,poblacional,23699.0,23699.0,True,False,94.10000000000582,91.0,3.1000000000058208,150.0,216.8999999999869,2.900000000001455,2,0,80,Explotacion activa
81,1,GA,poblacional,23699.0,23699.0,True,False,72.29999999998836,69.0,3.2999999999883585,150.0,216.8999999999869,2.900000000001455,3,0,81,Explotacion activa
82,1,GA,poblacional,23699.0,23699.0,True,False,72.29999999998836,69.0,3.2999999999883585,150.0,216.8999999999869,2.900000000001455,4,0,82,Explotacion activa
83,1,GA,poblacional,23724.0,23724.0,True,False,97.09999999998399,94.0,3.099999999983993,150.0,216.8999999999869,2.9000000000021826,0,0,83,Explotacion activa
84,1,GA,poblacional,23724.0,23724.0,True,False,97.09999999998399,94.0,3.099999999983993,150.0,216.8999999999869,2.900000000007276,1,0,84,Explotacion activa
85,1,GA,poblacional,23724.0,23724.0,True,False,97.09999999998399,94.0,3.099999999983993,150.0,216.8999999999869,2.999999999996361,2,0,85,Explotacion activa
86,1,GA,poblacional,23724.0,23724.0,True,False,97.09999999998399,94.0,3.099999999983993,150.0,216.8999999999869,3.099999999983993,3,0,86,Explotacion activa
87,1,GA,poblacional,23724.0,23724.0,True,False,97.09999999998399,94.0,3.099999999983993,150.0,211.19999999998828,3.099999999983993,4,0,87,Explotacion activa
88,1,GA,poblacional,23724.0,23724.0,True,False,97.09999999998399,94.0,3.099999999983993,150.0,194.0999999999924,3.099999999983993,5,0,88,Explotacion activa
89,1,GA,poblacional,23724.0,23724.0,True,False,97.09999999998399,94.0,3.099999999983993,144.89999999999998,176.99999999999693,3.099999999983993,6,0,89,Explotacion activa
90,1,GA,poblacional,23724.0,23724.0,True,False,97.09999999998399,94.0,3.099999999983993,133.0,159.90000000000146,3.099999999983993,7,0,90,Explotacion activa
91,1,GA,poblacional,23724.0,23724.0,True,False,97.09999999998399,94.0,3.099999999983993,114.09999999999997,159.90000000000146,3.099999999983993,8,0,91,Explotacion activa
92,1,GA,poblacional,23724.0,23724.0,True,False,97.09999999998399,94.0,3.099999999983993,101.19999999999999,159.90000000000146,3.099999999983993,9,0,92,Explotacion activa
93,1,GA,poblacional,23724.0,23724.0,True,False,97.09999999998399,94.0,3.099999999983993,94.0,159.90000000000146,3.099999999983993,10,0,93,Explotacion activa
94,1,GA,poblacional,23724.0,23724.0,True,False,97.09999999998399,94.0,3.099999999983993,94.0,159.9,3.099999999983993,11,0,94,Explotacion activa
95,1,GA,poblacional,23724.0,23724.0,True,False,97.09999999998399,94.0,3.099999999983993,94.0,159.89999999999782,3.099999999983993,12,0,95,Explotacion activa
96,1,GA,poblacional,23724.0,23724.0,True,False,97.09999999998399,94.0,3.099999999983993,94.0,159.89999999999563,3.099999999983993,13,0,96,Explotacion activa
97,1,GA,poblacional,23724.0,23724.0,True,False,97.09999999998399,94.0,3.099999999983993,94.0,159.89999999999418,3.099999999983993,14,0,97,Explotacion activa
98,1,GA,poblacional,23724.0,23724.0,True,False,97.09999999998399,94.0,3.099999999983993,94.0,159.89999999999418,3.099999999983993,15,1,98,Explotacion activa
99,1,GA,poblacional,23724.0,23724.0,True,False,97.09999999999854,94.0,3.099999999998545,94.0,159.89999999999418,3.099999999983993,16,2,99,Explotacion activa
100,1,GA,poblacional,23724.0,23724.0,True,False,97.09999999999854,94.0,3.099999999998545,94.0,159.89999999999418,3.099999999983993,17,3,100,Explotacion activa
101,1,GA,poblacional,23724.0,23724.0,True,False,90.29999999998836,87.0,3.2999999999883585,94.0,159.899999999992,3.099999999983993,18,4,101,Explotacion activa
102,1,GA,poblacional,23724.0,23724.0,True,False,90.29999999998836,87.0,3.2999999999883585,94.0,159.8999999999898,3.099999999983993,19,5,102,Explotacion activa
103,1,GA,poblacional,23724.0,23724.0,True,False,90.29999999998836,87.0,3.2999999999883585,94.0,159.89999999998764,3.099999999983993,20,6,103,Explotacion activa
104,1,GA,poblacional,23724.0,23724.0,True,False,90.29999999998836,87.0,3.2999999999883585,94.0,159.8999999999869,3.099999999983993,21,7,104,Explotacion activa
105,1,GA,poblacional,23724.0,23724.0,True,False,90.29999999998836,87.0,3.2999999999883585,94.0,159.8999999999869,3.099999999983993,22,8,105,Explotacion activa
106,1,GA,poblacional,23724.0,23724.0,True,False,90.29999999998836,87.0,3.2999999999883585,94.0,159.8999999999869,3.099999999983993,23,9,106,Explotacion activa
107,1,GA,poblacional,23724.0,23724.0,True,False,90.29999999998836,87.0,3.2999999999883585,94.0,159.8999999999869,3.099999999983993,24,10,107,Explotacion activa
108,1,GA,poblacional,23724.0,23724.0,True,False,90.29999999998836,87.0,3.2999999999883585,94.0,159.8999999999869,3.0999999999883583,25,11,108,Explotacion activa
109,1,GA,poblacional,23724.0,23724.0,True,False,90.29999999998836,87.0,3.2999999999883585,94.0,159.8999999999869,3.099999999991269,26,12,109,Explotacion activa
110,1,GA,poblacional,23724.0,23724.0,True,False,90.29999999998836,87.0,3.2999999999883585,94.0,159.8999999999869,3.099999999991269,27,13,110,Explotacion activa
111,1,GA,poblacional,23724.0,23724.0,True,True,90.29999999998836,87.0,3.2999999999883585,94.0,159.8999999999869,3.099999999991269,28,14,111,ESTANCAMIENTO (Fire)
112,2,VNS,trayectoria,23724.0,23724.0,False,False,,,,,,,0,0,1,Llenando ventana
113,2,VNS,trayectoria,23724.0,23724.0,False,False,,,,,,,1,0,2,Llenando ventana
114,2,VNS,trayectoria,23724.0,23724.0,False,False,,,,,,,2,0,3,Llenando ventana
115,2,VNS,trayectoria,23724.0,23724.0,False,False,,,,,,,3,0,4,Llenando ventana
116,2,VNS,trayectoria,23724.0,23724.0,False,False,,,,,,,4,0,5,Llenando ventana
117,2,VNS,trayectoria,23724.0,23724.0,False,False,,,,,,,5,0,6,Llenando ventana
118,2,VNS,trayectoria,23724.0,23724.0,False,False,,,,,,,6,0,7,Llenando ventana
119,2,VNS,trayectoria,23724.0,23724.0,False,False,,,,,,,7,0,8,Llenando ventana
120,2,VNS,trayectoria,23724.0,23724.0,False,False,,,,,,,8,0,9,Llenando ventana
121,2,VNS,trayectoria,23724.0,23724.0,False,False,,,,,,,9,0,10,Llenando ventana
122,2,VNS,trayectoria,23724.0,23724.0,False,False,,,,,,,10,0,11,Llenando ventana
123,2,VNS,trayectoria,23724.0,23724.0,False,False,,,,,,,11,0,12,Llenando ventana
124,2,VNS,trayectoria,23724.0,23724.0,False,False,,,,,,,12,0,13,Llenando ventana
125,2,VNS,trayectoria,23724.0,23724.0,False,False,,,,,,,13,0,14,Llenando ventana
126,2,VNS,trayectoria,23724.0,23724.0,False,False,,,,,,,14,0,15,Llenando ventana
127,2,VNS,trayectoria,23724.0,23724.0,False,False,,,,,,,15,0,16,Llenando ventana
128,2,VNS,trayectoria,23724.0,23724.0,False,False,,,,,,,16,0,17,Llenando ventana
129,2,VNS,trayectoria,23724.0,23724.0,False,False,,,,,,,17,0,18,Llenando ventana
130,2,VNS,trayectoria,23724.0,23724.0,False,False,,,,,,,18,0,19,Llenando ventana
131,2,VNS,trayectoria,23724.0,23724.0,False,False,,,,,,,19,0,20,Llenando ventana
132,2,VNS,trayectoria,23724.0,23724.0,False,False,,,,,,,20,0,21,Llenando ventana
133,2,VNS,trayectoria,23724.0,23724.0,False,False,,,,,,,21,0,22,Llenando ventana
134,2,VNS,trayectoria,23724.0,23724.0,False,False,,,,,,,22,0,23,Llenando ventana
135,2,VNS,trayectoria,23724.0,23724.0,False,False,,,,,,,23,0,24,Llenando ventana
136,2,VNS,trayectoria,23828.0,23828.0,False,False,,,,,,,0,0,25,Llenando ventana
137,2,VNS,trayectoria,23828.0,23828.0,False,False,,,,,,,1,0,26,Llenando ventana
138,2,VNS,trayectoria,23828.0,23828.0,False,False,,,,,,,2,0,27,Llenando ventana
139,2,VNS,trayectoria,23828.0,23828.0,False,False,,,,,,,3,0,28,Llenando ventana
140,2,VNS,trayectoria,23828.0,23828.0,False,False,,,,,,,4,0,29,Llenando ventana
141,2,VNS,trayectoria,23828.0,23828.0,False,False,,,,,,,5,0,30,Llenando ventana
142,2,VNS,trayectoria,23828.0,23828.0,False,False,,,,,,,6,0,31,Llenando ventana
143,2,VNS,trayectoria,23828.0,23828.0,False,False,,,,,,,7,0,32,Llenando ventana
144,2,VNS,trayectoria,23828.0,23828.0,False,False,,,,,,,8,0,33,Llenando ventana
145,2,VNS,trayectoria,23828.0,23828.0,False,False,,,,,,,9,0,34,Llenando ventana
146,2,VNS,trayectoria,23828.0,23828.0,False,False,,,,,,,10,0,35,Llenando ventana
147,2,VNS,trayectoria,23828.0,23828.0,False,False,,,,,,,11,0,36,Llenando ventana
148,2,VNS,trayectoria,23828.0,23828.0,False,False,,,,,,,12,0,37,Llenando ventana
149,2,VNS,trayectoria,23828.0,23828.0,False,False,,,,,,,13,0,38,Llenando ventana
150,2,VNS,trayectoria,23828.0,23828.0,False,False,,,,,,,14,0,39,Llenando ventana
151,2,VNS,trayectoria,23828.0,23828.0,True,False,107.69999999999709,104.0,3.6999999999970896,4.0,20.0,12.0,15,0,40,Explotacion activa
152,2,VNS,trayectoria,23828.0,23828.0,True,False,107.69999999999709,104.0,3.6999999999970896,4.0,20.0,12.0,16,0,41,Explotacion activa
153,2,VNS,trayectoria,23828.0,23828.0,True,False,107.69999999999709,104.0,3.6999999999970896,4.0,20.0,12.0,17,0,42,Explotacion activa
154,2,VNS,trayectoria,23828.0,23828.0,True,False,107.69999999999709,104.0,3.6999999999970896,4.0,20.0,12.0,18,0,43,Explotacion activa
155,2,VNS,trayectoria,23828.0,23828.0,True,False,107.69999999999709,104.0,3.6999999999970896,4.0,20.0,12.0,19,0,44,Explotacion activa
156,2,VNS,trayectoria,23828.0,23828.0,True,False,107.69999999999709,104.0,3.6999999999970896,4.0,20.0,12.0,20,0,45,Explotacion activa
157,2,VNS,trayectoria,23828.0,23828.0,True,False,107.69999999999709,104.0,3.6999999999970896,4.0,20.0,12.0,21,0,46,Explotacion activa
158,2,VNS,trayectoria,23828.0,23828.0,True,False,107.69999999999709,104.0,3.6999999999970896,4.0,20.0,12.0,22,0,47,Explotacion activa
159,2,VNS,trayectoria,23828.0,23828.0,True,False,107.69999999999709,104.0,3.6999999999970896,4.0,20.0,12.0,23,0,48,Explotacion activa
160,2,VNS,trayectoria,23828.0,23828.0,True,False,107.69999999999709,104.0,3.6999999999970896,104.0,107.69999999999709,3.6999999999970896,24,1,49,Explotacion activa
161,2,VNS,trayectoria,23828.0,23828.0,True,False,107.69999999999709,104.0,3.6999999999970896,104.0,107.69999999999709,3.6999999999970896,25,2,50,Explotacion activa
162,2,VNS,trayectoria,23828.0,23828.0,True,False,107.69999999999709,104.0,3.6999999999970896,104.0,107.69999999999709,3.6999999999970896,26,3,51,Explotacion activa
163,2,VNS,trayectoria,23828.0,23828.0,True,False,107.69999999999709,104.0,3.6999999999970896,104.0,107.69999999999709,3.6999999999970896,27,4,52,Explotacion activa
164,2,VNS,trayectoria,23828.0,23828.0,True,False,107.69999999999709,104.0,3.6999999999970896,104.0,107.69999999999709,3.6999999999970896,28,5,53,Explotacion activa
165,2,VNS,trayectoria,23828.0,23828.0,True,False,107.69999999999709,104.0,3.6999999999970896,104.0,107.69999999999709,3.6999999999970896,29,6,54,Explotacion activa
166,2,VNS,trayectoria,23828.0,23828.0,True,False,107.69999999999709,104.0,3.6999999999970896,104.0,107.69999999999709,3.6999999999970896,30,7,55,Explotacion activa
167,2,VNS,trayectoria,23828.0,23828.0,True,True,107.69999999999709,104.0,3.6999999999970896,104.0,107.69999999999709,3.6999999999970896,31,8,56,ESTANCAMIENTO (Fire)
168,3,GA,poblacional,23828.0,23828.0,False,False,,,,,,,0,0,1,Llenando ventana
169,3,GA,poblacional,23828.0,23828.0,False,False,,,,,,,1,0,2,Llenando ventana
170,3,GA,poblacional,23828.0,23828.0,False,False,,,,,,,2,0,3,Llenando ventana
171,3,GA,poblacional,23828.0,23828.0,False,False,,,,,,,3,0,4,Llenando ventana
172,3,GA,poblacional,23828.0,23828.0,False,False,,,,,,,4,0,5,Llenando ventana
173,3,GA,poblacional,23830.0,23830.0,False,False,,,,,,,0,0,6,Llenando ventana
174,3,GA,poblacional,23830.0,23830.0,False,False,,,,,,,1,0,7,Llenando ventana
175,3,GA,poblacional,23830.0,23830.0,False,False,,,,,,,2,0,8,Llenando ventana
176,3,GA,poblacional,23830.0,23830.0,False,False,,,,,,,3,0,9,Llenando ventana
177,3,GA,poblacional,23830.0,23830.0,False,False,,,,,,,4,0,10,Llenando ventana
178,3,GA,poblacional,23830.0,23830.0,False,False,,,,,,,5,0,11,Llenando ventana
179,3,GA,poblacional,23830.0,23830.0,False,False,,,,,,,6,0,12,Llenando ventana
180,3,GA,poblacional,23830.0,23830.0,False,False,,,,,,,7,0,13,Llenando ventana
181,3,GA,poblacional,23830.0,23830.0,False,False,,,,,,,8,0,14,Llenando ventana
182,3,GA,poblacional,23830.0,23830.0,False,False,,,,,,,9,0,15,Llenando ventana
183,3,GA,poblacional,23830.0,23830.0,False,False,,,,,,,10,0,16,Llenando ventana
184,3,GA,poblacional,23830.0,23830.0,False,False,,,,,,,11,0,17,Llenando ventana
185,3,GA,poblacional,23830.0,23830.0,False,False,,,,,,,12,0,18,Llenando ventana
186,3,GA,poblacional,23830.0,23830.0,False,False,,,,,,,13,0,19,Llenando ventana
187,3,GA,poblacional,23830.0,23830.0,False,False,,,,,,,14,0,20,Llenando ventana
188,3,GA,poblacional,23830.0,23830.0,False,False,,,,,,,15,0,21,Llenando ventana
189,3,GA,poblacional,23830.0,23830.0,False,False,,,,,,,16,0,22,Llenando ventana
190,3,GA,poblacional,23830.0,23830.0,False,False,,,,,,,17,0,23,Llenando ventana
191,3,GA,poblacional,23830.0,23830.0,False,False,,,,,,,18,0,24,Llenando ventana
192,3,GA,poblacional,23830.0,23830.0,False,False,,,,,,,19,0,25,Llenando ventana
193,3,GA,poblacional,23830.0,23830.0,False,False,,,,,,,20,0,26,Llenando ventana
194,3,GA,poblacional,23830.0,23830.0,False,False,,,,,,,21,0,27,Llenando ventana
195,3,GA,poblacional,23830.0,23830.0,False,False,,,,,,,22,0,28,Llenando ventana
196,3,GA,poblacional,23830.0,23830.0,False,False,,,,,,,23,0,29,Llenando ventana
197,3,GA,poblacional,23830.0,23830.0,False,False,,,,,,,24,0,30,Llenando ventana
198,3,GA,poblacional,23830.0,23830.0,False,False,,,,,,,25,0,31,Llenando ventana
199,3,GA,poblacional,23830.0,23830.0,False,False,,,,,,,26,0,32,Llenando ventana
200,3,GA,poblacional,23830.0,23830.0,False,False,,,,,,,27,0,33,Llenando ventana
201,3,GA,poblacional,23830.0,23830.0,False,False,,,,,,,28,0,34,Llenando ventana
202,3,GA,poblacional,23830.0,23830.0,False,False,,,,,,,29,0,35,Llenando ventana
203,3,GA,poblacional,23830.0,23830.0,False,False,,,,,,,30,0,36,Llenando ventana
204,3,GA,poblacional,23830.0,23830.0,False,False,,,,,,,31,0,37,Llenando ventana
205,3,GA,poblacional,23830.0,23830.0,False,False,,,,,,,32,0,38,Llenando ventana
206,3,GA,poblacional,23830.0,23830.0,False,False,,,,,,,33,0,39,Llenando ventana
207,3,GA,poblacional,23830.0,23830.0,True,False,5.69999999999709,2.0,3.6999999999970896,4.0,20.0,12.0,34,0,40,Explotacion activa
208,3,GA,poblacional,23830.0,23830.0,True,False,5.69999999999709,2.0,3.6999999999970896,4.0,20.0,12.0,35,0,41,Explotacion activa
209,3,GA,poblacional,23830.0,23830.0,True,False,5.69999999999709,2.0,3.6999999999970896,4.0,20.0,12.0,36,0,42,Explotacion activa
210,3,GA,poblacional,23830.0,23830.0,True,False,5.69999999999709,2.0,3.6999999999970896,4.0,20.0,12.0,37,0,43,Explotacion activa
211,3,GA,poblacional,23830.0,23830.0,True,False,5.700000000004366,2.0,3.7000000000043656,4.0,20.0,12.0,38,0,44,Explotacion activa
212,3,GA,poblacional,23830.0,23830.0,True,False,3.900000000001455,0.0,3.900000000001455,4.0,20.0,12.0,39,0,45,Explotacion activa
213,3,GA,poblacional,23830.0,23830.0,True,False,3.900000000001455,0.0,3.900000000001455,4.0,20.0,12.0,40,0,46,Explotacion activa
214,3,GA,poblacional,23830.0,23830.0,True,False,3.900000000001455,0.0,3.900000000001455,4.0,20.0,12.0,41,0,47,Explotacion activa
215,3,GA,poblacional,23830.0,23830.0,True,False,3.900000000001455,0.0,3.900000000001455,4.0,20.0,12.0,42,0,48,Explotacion activa
216,3,GA,poblacional,23830.0,23830.0,True,False,3.900000000001455,0.0,3.900000000001455,0.0,5.69999999999709,3.900000000001455,43,1,49,Explotacion activa
217,3,GA,poblacional,23830.0,23830.0,True,False,3.900000000001455,0.0,3.900000000001455,0.0,5.69999999999709,3.900000000001455,44,2,50,Explotacion activa
218,3,GA,poblacional,23830.0,23830.0,True,False,3.900000000001455,0.0,3.900000000001455,0.0,5.69999999999709,3.900000000001455,45,3,51,Explotacion activa
219,3,GA,poblacional,23830.0,23830.0,True,False,3.900000000001455,0.0,3.900000000001455,0.0,5.69999999999709,3.900000000001455,46,4,52,Explotacion activa
220,3,GA,poblacional,23830.0,23830.0,True,False,3.900000000001455,0.0,3.900000000001455,0.0,5.69999999999709,3.900000000001455,47,5,53,Explotacion activa
221,3,GA,poblacional,23830.0,23830.0,True,False,3.900000000001455,0.0,3.900000000001455,0.0,5.339999999997961,3.900000000001455,48,6,54,Explotacion activa
222,3,GA,poblacional,23830.0,23830.0,True,False,3.900000000001455,0.0,3.900000000001455,0.0,4.799999999999272,3.900000000001455,49,7,55,Explotacion activa
223,3,GA,poblacional,23830.0,23830.0,True,False,3.900000000001455,0.0,3.900000000001455,0.0,4.260000000000581,3.900000000001455,50,8,56,Explotacion activa
224,3,GA,poblacional,23830.0,23830.0,True,False,3.900000000001455,0.0,3.900000000001455,0.0,3.900000000001455,3.900000000001455,51,9,57,Explotacion activa
225,3,GA,poblacional,23830.0,23830.0,True,False,3.900000000001455,0.0,3.900000000001455,0.0,3.900000000001455,3.900000000001455,52,10,58,Explotacion activa
226,3,GA,poblacional,23830.0,23830.0,True,False,3.900000000001455,0.0,3.900000000001455,0.0,3.900000000001455,3.900000000001455,53,11,59,Explotacion activa
227,3,GA,poblacional,23830.0,23830.0,True,False,3.900000000001455,0.0,3.900000000001455,0.0,3.900000000001455,3.900000000001455,54,12,60,Explotacion activa
228,3,GA,poblacional,23830.0,23830.0,True,False,3.900000000001455,0.0,3.900000000001455,0.0,3.900000000001455,3.900000000001455,55,13,61,Explotacion activa
229,3,GA,poblacional,23830.0,23830.0,True,True,3.900000000001455,0.0,3.900000000001455,0.0,3.900000000001455,3.900000000001455,56,14,62,ESTANCAMIENTO (Fire)
230,4,ILS,trayectoria,23830.0,23830.0,False,False,,,,,,,0,0,1,Llenando ventana
231,4,ILS,trayectoria,23830.0,23830.0,False,False,,,,,,,1,0,2,Llenando ventana
232,4,ILS,trayectoria,23830.0,23830.0,False,False,,,,,,,2,0,3,Llenando ventana
233,4,ILS,trayectoria,23830.0,23830.0,False,False,,,,,,,3,0,4,Llenando ventana
234,4,ILS,trayectoria,23830.0,23830.0,False,False,,,,,,,4,0,5,Llenando ventana
235,4,ILS,trayectoria,23830.0,23830.0,False,False,,,,,,,5,0,6,Llenando ventana
236,4,ILS,trayectoria,23830.0,23830.0,False,False,,,,,,,6,0,7,Llenando ventana
237,4,ILS,trayectoria,23830.0,23830.0,False,False,,,,,,,7,0,8,Llenando ventana
238,4,ILS,trayectoria,23830.0,23830.0,False,False,,,,,,,8,0,9,Llenando ventana
239,4,ILS,trayectoria,23830.0,23830.0,False,False,,,,,,,9,0,10,Llenando ventana
240,4,ILS,trayectoria,23830.0,23830.0,False,False,,,,,,,10,0,11,Llenando ventana
241,4,ILS,trayectoria,23830.0,23830.0,False,False,,,,,,,11,0,12,Llenando ventana
242,4,ILS,trayectoria,23830.0,23830.0,False,False,,,,,,,12,0,13,Llenando ventana
243,4,ILS,trayectoria,23830.0,23830.0,False,False,,,,,,,13,0,14,Llenando ventana
244,4,ILS,trayectoria,23830.0,23830.0,False,False,,,,,,,14,0,15,Llenando ventana
245,4,ILS,trayectoria,23830.0,23830.0,False,False,,,,,,,15,0,16,Llenando ventana
246,4,ILS,trayectoria,23830.0,23830.0,False,False,,,,,,,16,0,17,Llenando ventana
247,4,ILS,trayectoria,23830.0,23830.0,False,False,,,,,,,17,0,18,Llenando ventana
248,4,ILS,trayectoria,23830.0,23830.0,False,False,,,,,,,18,0,19,Llenando ventana
249,4,ILS,trayectoria,23830.0,23830.0,False,False,,,,,,,19,0,20,Llenando ventana
250,4,ILS,trayectoria,23830.0,23830.0,False,False,,,,,,,20,0,21,Llenando ventana
251,4,ILS,trayectoria,23830.0,23830.0,False,False,,,,,,,21,0,22,Llenando ventana
252,4,ILS,trayectoria,23830.0,23830.0,False,False,,,,,,,22,0,23,Llenando ventana
253,4,ILS,trayectoria,23830.0,23830.0,False,False,,,,,,,23,0,24,Llenando ventana
254,4,ILS,trayectoria,23830.0,23830.0,False,False,,,,,,,24,0,25,Llenando ventana
255,4,ILS,trayectoria,23830.0,23830.0,False,False,,,,,,,25,0,26,Llenando ventana
256,4,ILS,trayectoria,23830.0,23830.0,False,False,,,,,,,26,0,27,Llenando ventana
257,4,ILS,trayectoria,23830.0,23830.0,False,False,,,,,,,27,0,28,Llenando ventana
258,4,ILS,trayectoria,23830.0,23830.0,False,False,,,,,,,28,0,29,Llenando ventana
259,4,ILS,trayectoria,23830.0,23830.0,False,False,,,,,,,29,0,30,Llenando ventana
260,4,ILS,trayectoria,23830.0,23830.0,False,False,,,,,,,30,0,31,Llenando ventana
261,4,ILS,trayectoria,23830.0,23830.0,False,False,,,,,,,31,0,32,Llenando ventana
262,4,ILS,trayectoria,23830.0,23830.0,False,False,,,,,,,32,0,33,Llenando ventana
263,4,ILS,trayectoria,23830.0,23830.0,False,False,,,,,,,33,0,34,Llenando ventana
264,4,ILS,trayectoria,23830.0,23830.0,False,False,,,,,,,34,0,35,Llenando ventana
265,4,ILS,trayectoria,23830.0,23830.0,False,False,,,,,,,35,0,36,Llenando ventana
266,4,ILS,trayectoria,23830.0,23830.0,False,False,,,,,,,36,0,37,Llenando ventana
267,4,ILS,trayectoria,23830.0,23830.0,False,False,,,,,,,37,0,38,Llenando ventana
268,4,ILS,trayectoria,23830.0,23830.0,False,False,,,,,,,38,0,39,Llenando ventana
269,4,ILS,trayectoria,23830.0,23830.0,True,False,3.900000000001455,0.0,3.900000000001455,4.0,20.0,12.0,39,0,40,Explotacion activa
270,4,ILS,trayectoria,23830.0,23830.0,True,False,3.900000000001455,0.0,3.900000000001455,4.0,20.0,12.0,40,0,41,Explotacion activa
271,4,ILS,trayectoria,23830.0,23830.0,True,False,3.900000000001455,0.0,3.900000000001455,4.0,20.0,12.0,41,0,42,Explotacion activa
272,4,ILS,trayectoria,23830.0,23830.0,True,False,3.900000000001455,0.0,3.900000000001455,4.0,20.0,12.0,42,0,43,Explotacion activa
273,4,ILS,trayectoria,23830.0,23830.0,True,False,3.900000000001455,0.0,3.900000000001455,4.0,20.0,12.0,43,0,44,Explotacion activa
274,4,ILS,trayectoria,23830.0,23830.0,True,False,3.900000000001455,0.0,3.900000000001455,4.0,20.0,12.0,44,0,45,Explotacion activa
275,4,ILS,trayectoria,23830.0,23830.0,True,False,3.900000000001455,0.0,3.900000000001455,4.0,20.0,12.0,45,0,46,Explotacion activa
276,4,ILS,trayectoria,23830.0,23830.0,True,False,3.900000000001455,0.0,3.900000000001455,4.0,20.0,12.0,46,0,47,Explotacion activa
277,4,ILS,trayectoria,23830.0,23830.0,True,False,3.900000000001455,0.0,3.900000000001455,4.0,20.0,12.0,47,0,48,Explotacion activa
278,4,ILS,trayectoria,23830.0,23830.0,True,False,3.900000000001455,0.0,3.900000000001455,0.0,3.900000000001455,3.900000000001455,48,1,49,Explotacion activa
279,4,ILS,trayectoria,23830.0,23830.0,True,False,3.900000000001455,0.0,3.900000000001455,0.0,3.900000000001455,3.900000000001455,49,2,50,Explotacion activa
280,4,ILS,trayectoria,23830.0,23830.0,True,False,3.900000000001455,0.0,3.900000000001455,0.0,3.900000000001455,3.900000000001455,50,3,51,Explotacion activa
281,4,ILS,trayectoria,23830.0,23830.0,True,False,3.900000000001455,0.0,3.900000000001455,0.0,3.900000000001455,3.900000000001455,51,4,52,Explotacion activa
282,4,ILS,trayectoria,23830.0,23830.0,True,False,3.900000000001455,0.0,3.900000000001455,0.0,3.900000000001455,3.900000000001455,52,5,53,Explotacion activa
283,4,ILS,trayectoria,23830.0,23830.0,True,False,3.900000000001455,0.0,3.900000000001455,0.0,3.900000000001455,3.900000000001455,53,6,54,Explotacion activa
284,4,ILS,trayectoria,23830.0,23830.0,True,False,3.900000000001455,0.0,3.900000000001455,0.0,3.900000000001455,3.900000000001455,54,7,55,Explotacion activa
285,4,ILS,trayectoria,23830.0,23830.0,True,False,3.900000000001455,0.0,3.900000000001455,0.0,3.900000000001455,3.900000000001455,55,8,56,Explotacion activa
286,4,ILS,trayectoria,23830.0,23830.0,True,False,3.900000000001455,0.0,3.900000000001455,0.0,3.900000000001455,3.900000000001455,56,9,57,Explotacion activa
287,4,ILS,trayectoria,23830.0,23830.0,True,False,3.900000000001455,0.0,3.900000000001455,0.0,3.900000000001455,3.900000000001455,57,10,58,Explotacion activa
288,4,ILS,trayectoria,23830.0,23830.0,True,False,3.900000000001455,0.0,3.900000000001455,0.0,3.900000000001455,3.900000000001455,58,11,59,Explotacion activa
289,4,ILS,trayectoria,23830.0,23830.0,True,False,3.900000000001455,0.0,3.900000000001455,0.0,3.900000000001455,3.900000000001455,59,12,60,Explotacion activa
290,4,ILS,trayectoria,23830.0,23830.0,True,False,3.900000000001455,0.0,3.900000000001455,0.0,3.900000000001455,3.900000000001455,60,13,61,Explotacion activa
291,4,ILS,trayectoria,23830.0,23830.0,True,True,3.900000000001455,0.0,3.900000000001455,0.0,3.900000000001455,3.900000000001455,61,14,62,ESTANCAMIENTO (Fire)
292,5,ACO,poblacional,23830.0,21303.0,False,False,,,,,,,0,0,1,Llenando ventana
293,5,ACO,poblacional,23830.0,21639.0,False,False,,,,,,,1,0,2,Llenando ventana
294,5,ACO,poblacional,23830.0,21489.0,False,False,,,,,,,2,0,3,Llenando ventana
295,5,ACO,poblacional,23830.0,21755.0,False,False,,,,,,,3,0,4,Llenando ventana
296,5,ACO,poblacional,23830.0,21738.0,False,False,,,,,,,4,0,5,Llenando ventana
297,5,ACO,poblacional,23830.0,21898.0,False,False,,,,,,,5,0,6,Llenando ventana
298,5,ACO,poblacional,23830.0,22034.0,False,False,,,,,,,6,0,7,Llenando ventana
299,5,ACO,poblacional,23830.0,23151.0,False,False,,,,,,,7,0,8,Llenando ventana
300,5,ACO,poblacional,23830.0,22132.0,False,False,,,,,,,8,0,9,Llenando ventana
301,5,ACO,poblacional,23830.0,22838.0,False,False,,,,,,,9,0,10,Llenando ventana
302,5,ACO,poblacional,23830.0,22157.0,False,False,,,,,,,10,0,11,Llenando ventana
303,5,ACO,poblacional,23830.0,22605.0,False,False,,,,,,,11,0,12,Llenando ventana
304,5,ACO,poblacional,23830.0,22577.0,False,False,,,,,,,12,0,13,Llenando ventana
305,5,ACO,poblacional,23830.0,22586.0,False,False,,,,,,,13,0,14,Llenando ventana
306,5,ACO,poblacional,23830.0,22628.0,False,False,,,,,,,14,0,15,Llenando ventana
307,5,ACO,poblacional,23830.0,22822.0,False,False,,,,,,,15,0,16,Llenando ventana
308,5,ACO,poblacional,23830.0,22769.0,False,False,,,,,,,16,0,17,Llenando ventana
309,5,ACO,poblacional,23830.0,23200.0,False,False,,,,,,,17,0,18,Llenando ventana
310,5,ACO,poblacional,23830.0,23106.0,False,False,,,,,,,18,0,19,Llenando ventana
311,5,ACO,poblacional,23830.0,23268.0,False,False,,,,,,,19,0,20,Llenando ventana
312,5,ACO,poblacional,23912.0,23912.0,False,False,,,,,,,0,0,21,Llenando ventana
313,5,ACO,poblacional,23912.0,22847.0,False,False,,,,,,,1,0,22,Llenando ventana
314,5,ACO,poblacional,23912.0,22955.0,False,False,,,,,,,2,0,23,Llenando ventana
315,5,ACO,poblacional,23912.0,23168.0,False,False,,,,,,,3,0,24,Llenando ventana
316,5,ACO,poblacional,23912.0,23466.0,False,False,,,,,,,4,0,25,Llenando ventana
317,5,ACO,poblacional,23912.0,23174.0,False,False,,,,,,,5,0,26,Llenando ventana
318,5,ACO,poblacional,23912.0,23396.0,False,False,,,,,,,6,0,27,Llenando ventana
319,5,ACO,poblacional,23912.0,23181.0,False,False,,,,,,,7,0,28,Llenando ventana
320,5,ACO,poblacional,23912.0,23380.0,False,False,,,,,,,8,0,29,Llenando ventana
321,5,ACO,poblacional,23912.0,23458.0,False,False,,,,,,,9,0,30,Llenando ventana
322,5,ACO,poblacional,23912.0,23502.0,False,False,,,,,,,10,0,31,Llenando ventana
323,5,ACO,poblacional,23912.0,23408.0,False,False,,,,,,,11,0,32,Llenando ventana
324,5,ACO,poblacional,23912.0,23399.0,False,False,,,,,,,12,0,33,Llenando ventana
325,5,ACO,poblacional,23912.0,23640.0,False,False,,,,,,,13,0,34,Llenando ventana
326,5,ACO,poblacional,23912.0,23122.0,False,False,,,,,,,14,0,35,Llenando ventana
327,5,ACO,poblacional,23912.0,23801.0,False,False,,,,,,,15,0,36,Llenando ventana
328,5,ACO,poblacional,23912.0,23440.0,False,False,,,,,,,16,0,37,Llenando ventana
329,5,ACO,poblacional,23912.0,23072.0,False,False,,,,,,,17,0,38,Llenando ventana
330,5,ACO,poblacional,23912.0,22991.0,False,False,,,,,,,18,0,39,Llenando ventana
331,5,ACO,poblacional,23912.0,23502.0,True,False,85.69999999999709,82.0,3.6999999999970896,4.0,20.0,12.0,19,0,40,Explotacion activa
332,5,ACO,poblacional,23912.0,23646.0,True,False,85.69999999999709,82.0,3.6999999999970896,4.0,20.0,12.0,20,0,41,Explotacion activa
333,5,ACO,poblacional,23912.0,23557.0,True,False,85.69999999999709,82.0,3.6999999999970896,4.0,20.0,12.0,21,0,42,Explotacion activa
334,5,ACO,poblacional,23912.0,23210.0,True,False,85.69999999999709,82.0,3.6999999999970896,4.0,20.0,12.0,22,0,43,Explotacion activa
335,5,ACO,poblacional,23912.0,23597.0,True,False,85.69999999999709,82.0,3.6999999999970896,4.0,20.0,12.0,23,0,44,Explotacion activa
336,5,ACO,poblacional,23912.0,23500.0,True,False,85.69999999999709,82.0,3.6999999999970896,4.0,20.0,12.0,24,0,45,Explotacion activa
337,5,ACO,poblacional,23912.0,23292.0,True,False,85.69999999999709,82.0,3.6999999999970896,4.0,20.0,12.0,25,0,46,Explotacion activa
338,5,ACO,poblacional,23912.0,22951.0,True,False,85.69999999999709,82.0,3.6999999999970896,4.0,20.0,12.0,26,0,47,Explotacion activa
339,5,ACO,poblacional,23912.0,23380.0,True,False,85.69999999999709,82.0,3.6999999999970896,4.0,20.0,12.0,27,0,48,Explotacion activa
340,5,ACO,poblacional,23912.0,23452.0,True,False,85.69999999999709,82.0,3.6999999999970896,82.0,85.69999999999709,3.6999999999970896,28,1,49,Explotacion activa
341,5,ACO,poblacional,23912.0,23345.0,True,False,85.69999999999709,82.0,3.6999999999970896,82.0,85.69999999999709,3.6999999999970896,29,2,50,Explotacion activa
342,5,ACO,poblacional,23912.0,23306.0,True,False,85.69999999999709,82.0,3.6999999999970896,82.0,85.69999999999709,3.6999999999970896,30,3,51,Explotacion activa
343,5,ACO,poblacional,23912.0,23722.0,True,False,85.69999999999709,82.0,3.6999999999970896,82.0,85.69999999999709,3.6999999999970896,31,4,52,Explotacion activa
344,5,ACO,poblacional,23912.0,22929.0,True,False,85.69999999999709,82.0,3.6999999999970896,82.0,85.69999999999709,3.6999999999970896,32,5,53,Explotacion activa
345,5,ACO,poblacional,23912.0,23397.0,True,False,85.69999999999709,82.0,3.6999999999970896,82.0,85.69999999999709,3.6999999999970896,33,6,54,Explotacion activa
346,5,ACO,poblacional,23912.0,23295.0,True,False,85.69999999999709,82.0,3.6999999999970896,82.0,85.69999999999709,3.6999999999970896,34,7,55,Explotacion activa
347,5,ACO,poblacional,23912.0,23524.0,True,True,85.69999999999709,82.0,3.6999999999970896,82.0,85.69999999999709,3.6999999999970896,35,8,56,ESTANCAMIENTO (Fire)
348,6,ILS,trayectoria,23912.0,23912.0,False,False,,,,,,,0,0,1,Llenando ventana
349,6,ILS,trayectoria,23912.0,23912.0,False,False,,,,,,,1,0,2,Llenando ventana
350,6,ILS,trayectoria,23912.0,23912.0,False,False,,,,,,,2,0,3,Llenando ventana
351,6,ILS,trayectoria,23912.0,23912.0,False,False,,,,,,,3,0,4,Llenando ventana
352,6,ILS,trayectoria,23912.0,23912.0,False,False,,,,,,,4,0,5,Llenando ventana
353,6,ILS,trayectoria,23912.0,23912.0,False,False,,,,,,,5,0,6,Llenando ventana
354,6,ILS,trayectoria,23912.0,23912.0,False,False,,,,,,,6,0,7,Llenando ventana
355,6,ILS,trayectoria,23912.0,23912.0,False,False,,,,,,,7,0,8,Llenando ventana
356,6,ILS,trayectoria,23912.0,23912.0,False,False,,,,,,,8,0,9,Llenando ventana
357,6,ILS,trayectoria,23912.0,23912.0,False,False,,,,,,,9,0,10,Llenando ventana
358,6,ILS,trayectoria,23912.0,23912.0,False,False,,,,,,,10,0,11,Llenando ventana
359,6,ILS,trayectoria,23912.0,23912.0,False,False,,,,,,,11,0,12,Llenando ventana
360,6,ILS,trayectoria,23912.0,23912.0,False,False,,,,,,,12,0,13,Llenando ventana
361,6,ILS,trayectoria,23912.0,23912.0,False,False,,,,,,,13,0,14,Llenando ventana
362,6,ILS,trayectoria,23912.0,23912.0,False,False,,,,,,,14,0,15,Llenando ventana
363,6,ILS,trayectoria,23912.0,23912.0,False,False,,,,,,,15,0,16,Llenando ventana
364,6,ILS,trayectoria,23912.0,23912.0,False,False,,,,,,,16,0,17,Llenando ventana
365,6,ILS,trayectoria,23999.0,23999.0,False,False,,,,,,,0,0,18,Llenando ventana
366,6,ILS,trayectoria,23999.0,23999.0,False,False,,,,,,,1,0,19,Llenando ventana
367,6,ILS,trayectoria,23999.0,23999.0,False,False,,,,,,,2,0,20,Llenando ventana
368,6,ILS,trayectoria,23999.0,23999.0,False,False,,,,,,,3,0,21,Llenando ventana
369,6,ILS,trayectoria,23999.0,23999.0,False,False,,,,,,,4,0,22,Llenando ventana
370,6,ILS,trayectoria,23999.0,23999.0,False,False,,,,,,,5,0,23,Llenando ventana
371,6,ILS,trayectoria,23999.0,23999.0,False,False,,,,,,,6,0,24,Llenando ventana
372,6,ILS,trayectoria,23999.0,23999.0,False,False,,,,,,,7,0,25,Llenando ventana
373,6,ILS,trayectoria,23999.0,23999.0,False,False,,,,,,,8,0,26,Llenando ventana
374,6,ILS,trayectoria,23999.0,23999.0,False,False,,,,,,,9,0,27,Llenando ventana
375,6,ILS,trayectoria,23999.0,23999.0,False,False,,,,,,,10,0,28,Llenando ventana
376,6,ILS,trayectoria,23999.0,23999.0,False,False,,,,,,,11,0,29,Llenando ventana
377,6,ILS,trayectoria,23999.0,23999.0,False,False,,,,,,,12,0,30,Llenando ventana
378,6,ILS,trayectoria,23999.0,23999.0,False,False,,,,,,,13,0,31,Llenando ventana
379,6,ILS,trayectoria,23999.0,23999.0,False,False,,,,,,,14,0,32,Llenando ventana
380,6,ILS,trayectoria,23999.0,23999.0,False,False,,,,,,,15,0,33,Llenando ventana
381,6,ILS,trayectoria,23999.0,23999.0,False,False,,,,,,,16,0,34,Llenando ventana
382,6,ILS,trayectoria,23999.0,23999.0,False,False,,,,,,,17,0,35,Llenando ventana
383,6,ILS,trayectoria,23999.0,23999.0,False,False,,,,,,,18,0,36,Llenando ventana
384,6,ILS,trayectoria,23999.0,23999.0,False,False,,,,,,,19,0,37,Llenando ventana
385,6,ILS,trayectoria,23999.0,23999.0,False,False,,,,,,,20,0,38,Llenando ventana
386,6,ILS,trayectoria,23999.0,23999.0,False,False,,,,,,,21,0,39,Llenando ventana
387,6,ILS,trayectoria,23999.0,23999.0,True,False,90.69999999999709,87.0,3.6999999999970896,4.0,20.0,12.0,22,0,40,Explotacion activa
388,6,ILS,trayectoria,23999.0,23999.0,True,False,90.69999999999709,87.0,3.6999999999970896,4.0,20.0,12.0,23,0,41,Explotacion activa
389,6,ILS,trayectoria,23999.0,23999.0,True,False,90.69999999999709,87.0,3.6999999999970896,4.0,20.0,12.0,24,0,42,Explotacion activa
390,6,ILS,trayectoria,23999.0,23999.0,True,False,90.69999999999709,87.0,3.6999999999970896,4.0,20.0,12.0,25,0,43,Explotacion activa
391,6,ILS,trayectoria,23999.0,23999.0,True,False,90.69999999999709,87.0,3.6999999999970896,4.0,20.0,12.0,26,0,44,Explotacion activa
392,6,ILS,trayectoria,23999.0,23999.0,True,False,90.69999999999709,87.0,3.6999999999970896,4.0,20.0,12.0,27,0,45,Explotacion activa
393,6,ILS,trayectoria,23999.0,23999.0,True,False,90.69999999999709,87.0,3.6999999999970896,4.0,20.0,12.0,28,0,46,Explotacion activa
394,6,ILS,trayectoria,23999.0,23999.0,True,False,90.69999999999709,87.0,3.6999999999970896,4.0,20.0,12.0,29,0,47,Explotacion activa
395,6,ILS,trayectoria,23999.0,23999.0,True,False,90.69999999999709,87.0,3.6999999999970896,4.0,20.0,12.0,30,0,48,Explotacion activa
396,6,ILS,trayectoria,23999.0,23999.0,True,False,90.69999999999709,87.0,3.6999999999970896,87.0,90.69999999999709,3.6999999999970896,31,1,49,Explotacion activa
397,6,ILS,trayectoria,23999.0,23999.0,True,False,90.69999999999709,87.0,3.6999999999970896,87.0,90.69999999999709,3.6999999999970896,32,2,50,Explotacion activa
398,6,ILS,trayectoria,23999.0,23999.0,True,False,90.69999999999709,87.0,3.6999999999970896,87.0,90.69999999999709,3.6999999999970896,33,3,51,Explotacion activa
399,6,ILS,trayectoria,23999.0,23999.0,True,False,90.69999999999709,87.0,3.6999999999970896,87.0,90.69999999999709,3.6999999999970896,34,4,52,Explotacion activa
400,6,ILS,trayectoria,23999.0,23999.0,True,False,90.69999999999709,87.0,3.6999999999970896,87.0,90.69999999999709,3.6999999999970896,35,5,53,Explotacion activa
401,6,ILS,trayectoria,23999.0,23999.0,True,False,90.69999999999709,87.0,3.6999999999970896,87.0,90.69999999999709,3.6999999999970896,36,6,54,Explotacion activa
402,6,ILS,trayectoria,23999.0,23999.0,True,False,90.69999999999709,87.0,3.6999999999970896,87.0,90.69999999999709,3.6999999999970896,37,7,55,Explotacion activa
403,6,ILS,trayectoria,23999.0,23999.0,True,False,90.70000000000437,87.0,3.7000000000043656,87.0,90.69999999999709,3.6999999999970896,38,8,56,Explotacion activa
404,6,ILS,trayectoria,23999.0,23999.0,True,False,3.900000000001455,0.0,3.900000000001455,87.0,90.69999999999709,3.6999999999970896,39,9,57,Explotacion activa
405,6,ILS,trayectoria,23999.0,23999.0,True,False,3.900000000001455,0.0,3.900000000001455,87.0,90.69999999999709,3.6999999999970896,40,10,58,Explotacion activa
406,6,ILS,trayectoria,23999.0,23999.0,True,False,3.900000000001455,0.0,3.900000000001455,87.0,90.69999999999709,3.6999999999970896,41,11,59,Explotacion activa
407,6,ILS,trayectoria,23999.0,23999.0,True,False,3.900000000001455,0.0,3.900000000001455,87.0,90.69999999999709,3.6999999999970896,42,12,60,Explotacion activa
408,6,ILS,trayectoria,24009.0,24009.0,True,False,13.69999999999709,10.0,3.6999999999970896,87.0,90.69999999999709,3.6999999999970896,0,0,61,Explotacion activa
409,6,ILS,trayectoria,24009.0,24009.0,True,False,13.69999999999709,10.0,3.6999999999970896,87.0,90.69999999999709,3.6999999999970896,1,0,62,Explotacion activa
410,6,ILS,trayectoria,24009.0,24009.0,True,False,13.69999999999709,10.0,3.6999999999970896,79.29999999999995,90.69999999999709,3.6999999999970896,2,0,63,Explotacion activa
411,6,ILS,trayectoria,24009.0,24009.0,True,False,13.69999999999709,10.0,3.6999999999970896,25.399999999999945,90.69999999999709,3.6999999999970896,3,0,64,Explotacion activa
412,6,ILS,trayectoria,24009.0,24009.0,True,False,13.69999999999709,10.0,3.6999999999970896,10.0,90.69999999999709,3.6999999999970896,4,0,65,Explotacion activa
413,6,ILS,trayectoria,24009.0,24009.0,True,False,13.69999999999709,10.0,3.6999999999970896,10.0,90.69999999999709,3.6999999999970896,5,0,66,Explotacion activa
414,6,ILS,trayectoria,24009.0,24009.0,True,False,13.69999999999709,10.0,3.6999999999970896,10.0,90.69999999999709,3.6999999999970896,6,0,67,Explotacion activa
415,6,ILS,trayectoria,24009.0,24009.0,True,False,13.69999999999709,10.0,3.6999999999970896,10.0,90.69999999999709,3.6999999999970896,7,0,68,Explotacion activa
416,6,ILS,trayectoria,24009.0,24009.0,True,False,13.69999999999709,10.0,3.6999999999970896,10.0,90.69999999999709,3.6999999999970896,8,0,69,Explotacion activa
417,6,ILS,trayectoria,24009.0,24009.0,True,False,13.69999999999709,10.0,3.6999999999970896,10.0,90.69999999999709,3.6999999999970896,9,0,70,Explotacion activa
418,6,ILS,trayectoria,24009.0,24009.0,True,False,13.69999999999709,10.0,3.6999999999970896,10.0,90.69999999999709,3.6999999999970896,10,0,71,Explotacion activa
419,6,ILS,trayectoria,24009.0,24009.0,True,False,13.69999999999709,10.0,3.6999999999970896,10.0,90.69999999999709,3.6999999999970896,11,0,72,Explotacion activa
420,6,ILS,trayectoria,24009.0,24009.0,True,False,13.69999999999709,10.0,3.6999999999970896,10.0,90.69999999999709,3.6999999999970896,12,0,73,Explotacion activa
421,6,ILS,trayectoria,24009.0,24009.0,True,False,13.69999999999709,10.0,3.6999999999970896,10.0,90.69999999999709,3.6999999999970896,13,0,74,Explotacion activa
422,6,ILS,trayectoria,24009.0,24009.0,True,False,13.69999999999709,10.0,3.6999999999970896,10.0,90.69999999999709,3.6999999999970896,14,0,75,Explotacion activa
423,6,ILS,trayectoria,24009.0,24009.0,True,False,13.69999999999709,10.0,3.6999999999970896,10.0,90.69999999999709,3.6999999999970896,15,1,76,Explotacion activa
424,6,ILS,trayectoria,24009.0,24009.0,True,False,13.69999999999709,10.0,3.6999999999970896,10.0,90.69999999999709,3.6999999999970896,16,2,77,Explotacion activa
425,6,ILS,trayectoria,24009.0,24009.0,True,False,13.69999999999709,10.0,3.6999999999970896,10.0,90.69999999999709,3.6999999999970896,17,3,78,Explotacion activa
426,6,ILS,trayectoria,24009.0,24009.0,True,False,13.69999999999709,10.0,3.6999999999970896,10.0,90.69999999999709,3.6999999999970896,18,4,79,Explotacion activa
427,6,ILS,trayectoria,24009.0,24009.0,True,False,13.69999999999709,10.0,3.6999999999970896,10.0,90.69999999999709,3.6999999999970896,19,5,80,Explotacion activa
428,6,ILS,trayectoria,24009.0,24009.0,True,False,13.69999999999709,10.0,3.6999999999970896,10.0,90.69999999999709,3.6999999999970896,20,6,81,Explotacion activa
429,6,ILS,trayectoria,24009.0,24009.0,True,False,13.69999999999709,10.0,3.6999999999970896,10.0,90.69999999999709,3.6999999999970896,21,7,82,Explotacion activa
430,6,ILS,trayectoria,24009.0,24009.0,True,False,13.69999999999709,10.0,3.6999999999970896,10.0,90.69999999999709,3.6999999999970896,22,8,83,Explotacion activa
431,6,ILS,trayectoria,24009.0,24009.0,True,False,13.69999999999709,10.0,3.6999999999970896,10.0,90.69999999999709,3.6999999999970896,23,9,84,Explotacion activa
432,6,ILS,trayectoria,24009.0,24009.0,True,False,13.69999999999709,10.0,3.6999999999970896,10.0,90.69999999999709,3.6999999999970896,24,10,85,Explotacion activa
433,6,ILS,trayectoria,24009.0,24009.0,True,False,13.69999999999709,10.0,3.6999999999970896,10.0,90.69999999999709,3.6999999999970896,25,11,86,Explotacion activa
434,6,ILS,trayectoria,24009.0,24009.0,True,False,13.69999999999709,10.0,3.6999999999970896,10.0,90.69999999999709,3.6999999999970896,26,12,87,Explotacion activa
435,6,ILS,trayectoria,24009.0,24009.0,True,False,13.69999999999709,10.0,3.6999999999970896,10.0,90.69999999999709,3.6999999999970896,27,13,88,Explotacion activa
436,6,ILS,trayectoria,24009.0,24009.0,True,True,13.69999999999709,10.0,3.6999999999970896,10.0,90.69999999999709,3.6999999999970896,28,14,89,ESTANCAMIENTO (Fire)
437,7,GA,poblacional,24009.0,24009.0,False,False,,,,,,,0,0,1,Llenando ventana
438,7,GA,poblacional,24009.0,24009.0,False,False,,,,,,,1,0,2,Llenando ventana
439,7,GA,poblacional,24009.0,24009.0,False,False,,,,,,,2,0,3,Llenando ventana
440,7,GA,poblacional,24009.0,24009.0,False,False,,,,,,,3,0,4,Llenando ventana
441,7,GA,poblacional,24009.0,24009.0,False,False,,,,,,,4,0,5,Llenando ventana
442,7,GA,poblacional,24009.0,24009.0,False,False,,,,,,,5,0,6,Llenando ventana
443,7,GA,poblacional,24009.0,24009.0,False,False,,,,,,,6,0,7,Llenando ventana
444,7,GA,poblacional,24009.0,24009.0,False,False,,,,,,,7,0,8,Llenando ventana
445,7,GA,poblacional,24009.0,24009.0,False,False,,,,,,,8,0,9,Llenando ventana
446,7,GA,poblacional,24009.0,24009.0,False,False,,,,,,,9,0,10,Llenando ventana
447,7,GA,poblacional,24009.0,24009.0,False,False,,,,,,,10,0,11,Llenando ventana
448,7,GA,poblacional,24009.0,24009.0,False,False,,,,,,,11,0,12,Llenando ventana
449,7,GA,poblacional,24009.0,24009.0,False,False,,,,,,,12,0,13,Llenando ventana
450,7,GA,poblacional,24009.0,24009.0,False,False,,,,,,,13,0,14,Llenando ventana
451,7,GA,poblacional,24009.0,24009.0,False,False,,,,,,,14,0,15,Llenando ventana
452,7,GA,poblacional,24009.0,24009.0,False,False,,,,,,,15,0,16,Llenando ventana
453,7,GA,poblacional,24009.0,24009.0,False,False,,,,,,,16,0,17,Llenando ventana
454,7,GA,poblacional,24009.0,24009.0,False,False,,,,,,,17,0,18,Llenando ventana
455,7,GA,poblacional,24009.0,24009.0,False,False,,,,,,,18,0,19,Llenando ventana
456,7,GA,poblacional,24009.0,24009.0,False,False,,,,,,,19,0,20,Llenando ventana
457,7,GA,poblacional,24009.0,24009.0,False,False,,,,,,,20,0,21,Llenando ventana
458,7,GA,poblacional,24009.0,24009.0,False,False,,,,,,,21,0,22,Llenando ventana
459,7,GA,poblacional,24009.0,24009.0,False,False,,,,,,,22,0,23,Llenando ventana
460,7,GA,poblacional,24009.0,24009.0,False,False,,,,,,,23,0,24,Llenando ventana
461,7,GA,poblacional,24009.0,24009.0,False,False,,,,,,,24,0,25,Llenando ventana
462,7,GA,poblacional,24009.0,24009.0,False,False,,,,,,,25,0,26,Llenando ventana
463,7,GA,poblacional,24009.0,24009.0,False,False,,,,,,,26,0,27,Llenando ventana
464,7,GA,poblacional,24018.0,24018.0,False,False,,,,,,,0,0,28,Llenando ventana
465,7,GA,poblacional,24018.0,24018.0,False,False,,,,,,,1,0,29,Llenando ventana
466,7,GA,poblacional,24018.0,24018.0,False,False,,,,,,,2,0,30,Llenando ventana
467,7,GA,poblacional,24018.0,24018.0,False,False,,,,,,,3,0,31,Llenando ventana
468,7,GA,poblacional,24037.0,24037.0,False,False,,,,,,,0,0,32,Llenando ventana
469,7,GA,poblacional,24037.0,24037.0,False,False,,,,,,,1,0,33,Llenando ventana
470,7,GA,poblacional,24037.0,24037.0,False,False,,,,,,,2,0,34,Llenando ventana
471,7,GA,poblacional,24037.0,24037.0,False,False,,,,,,,3,0,35,Llenando ventana
472,7,GA,poblacional,24134.0,24134.0,False,False,,,,,,,0,0,36,Llenando ventana
473,7,GA,poblacional,24134.0,24134.0,False,False,,,,,,,1,0,37,Llenando ventana
474,7,GA,poblacional,24134.0,24134.0,False,False,,,,,,,2,0,38,Llenando ventana
475,7,GA,poblacional,24134.0,24134.0,False,False,,,,,,,3,0,39,Llenando ventana
476,7,GA,poblacional,24134.0,24134.0,True,False,128.29999999998836,125.0,3.2999999999883585,4.0,20.0,12.0,4,0,40,Explotacion activa
477,7,GA,poblacional,24134.0,24134.0,True,False,128.29999999998836,125.0,3.2999999999883585,4.0,20.0,12.0,5,0,41,Explotacion activa
478,7,GA,poblacional,24134.0,24134.0,True,False,128.29999999998836,125.0,3.2999999999883585,4.0,20.0,12.0,6,0,42,Explotacion activa
479,7,GA,poblacional,24134.0,24134.0,True,False,128.29999999998836,125.0,3.2999999999883585,4.0,20.0,12.0,7,0,43,Explotacion activa
480,7,GA,poblacional,24134.0,24134.0,True,False,128.29999999998836,125.0,3.2999999999883585,4.0,20.0,12.0,8,0,44,Explotacion activa
481,7,GA,poblacional,24134.0,24134.0,True,False,128.29999999998836,125.0,3.2999999999883585,4.0,20.0,12.0,9,0,45,Explotacion activa
482,7,GA,poblacional,24134.0,24134.0,True,False,128.29999999998836,125.0,3.2999999999883585,4.0,20.0,12.0,10,0,46,Explotacion activa
483,7,GA,poblacional,24134.0,24134.0,True,False,128.29999999998836,125.0,3.2999999999883585,4.0,20.0,12.0,11,0,47,Explotacion activa
484,7,GA,poblacional,24134.0,24134.0,True,False,128.29999999998836,125.0,3.2999999999883585,4.0,20.0,12.0,12,0,48,Explotacion activa
485,7,GA,poblacional,24134.0,24134.0,True,False,128.29999999998836,125.0,3.2999999999883585,125.0,128.29999999998836,3.2999999999883585,13,0,49,Explotacion activa
486,7,GA,poblacional,24134.0,24134.0,True,False,128.29999999998836,125.0,3.2999999999883585,125.0,128.29999999998836,3.2999999999883585,14,0,50,Explotacion activa
487,7,GA,poblacional,24134.0,24134.0,True,False,128.29999999998836,125.0,3.2999999999883585,125.0,128.29999999998836,3.2999999999883585,15,1,51,Explotacion activa
488,7,GA,poblacional,24134.0,24134.0,True,False,128.29999999998836,125.0,3.2999999999883585,125.0,128.29999999998836,3.2999999999883585,16,2,52,Explotacion activa
489,7,GA,poblacional,24134.0,24134.0,True,False,128.29999999998836,125.0,3.2999999999883585,125.0,128.29999999998836,3.2999999999883585,17,3,53,Explotacion activa
490,7,GA,poblacional,24134.0,24134.0,True,False,128.29999999998836,125.0,3.2999999999883585,125.0,128.29999999998836,3.2999999999883585,18,4,54,Explotacion activa
491,7,GA,poblacional,24134.0,24134.0,True,False,128.29999999998836,125.0,3.2999999999883585,125.0,128.29999999998836,3.2999999999883585,19,5,55,Explotacion activa
492,7,GA,poblacional,24134.0,24134.0,True,False,128.29999999998836,125.0,3.2999999999883585,125.0,128.29999999998836,3.2999999999883585,20,6,56,Explotacion activa
493,7,GA,poblacional,24134.0,24134.0,True,False,128.29999999998836,125.0,3.2999999999883585,125.0,128.29999999998836,3.2999999999883585,21,7,57,Explotacion activa
494,7,GA,poblacional,24134.0,24134.0,True,False,128.29999999998836,125.0,3.2999999999883585,125.0,128.29999999998836,3.2999999999883585,22,8,58,Explotacion activa
495,7,GA,poblacional,24134.0,24134.0,True,False,128.29999999998836,125.0,3.2999999999883585,125.0,128.29999999998836,3.2999999999883585,23,9,59,Explotacion activa
496,7,GA,poblacional,24134.0,24134.0,True,False,128.29999999998836,125.0,3.2999999999883585,125.0,128.29999999998836,3.2999999999883585,24,10,60,Explotacion activa
497,7,GA,poblacional,24134.0,24134.0,True,False,128.29999999998836,125.0,3.2999999999883585,125.0,128.29999999998836,3.2999999999883585,25,11,61,Explotacion activa
498,7,GA,poblacional,24134.0,24134.0,True,False,128.29999999998836,125.0,3.2999999999883585,125.0,128.29999999998836,3.2999999999883585,26,12,62,Explotacion activa
499,7,GA,poblacional,24134.0,24134.0,True,False,128.29999999998836,125.0,3.2999999999883585,125.0,128.29999999998836,3.2999999999883585,27,13,63,Explotacion activa
500,7,GA,poblacional,24134.0,24134.0,True,True,128.29999999999563,125.0,3.2999999999956344,125.0,128.29999999998836,3.2999999999883585,28,14,64,ESTANCAMIENTO (Fire)
501,8,VNS,trayectoria,24134.0,24134.0,False,False,,,,,,,0,0,1,Llenando ventana
502,8,VNS,trayectoria,24134.0,24134.0,False,False,,,,,,,1,0,2,Llenando ventana
503,8,VNS,trayectoria,24134.0,24134.0,False,False,,,,,,,2,0,3,Llenando ventana
504,8,VNS,trayectoria,24134.0,24134.0,False,False,,,,,,,3,0,4,Llenando ventana
505,8,VNS,trayectoria,24134.0,24134.0,False,False,,,,,,,4,0,5,Llenando ventana
506,8,VNS,trayectoria,24134.0,24134.0,False,False,,,,,,,5,0,6,Llenando ventana
507,8,VNS,trayectoria,24134.0,24134.0,False,False,,,,,,,6,0,7,Llenando ventana
508,8,VNS,trayectoria,24134.0,24134.0,False,False,,,,,,,7,0,8,Llenando ventana
509,8,VNS,trayectoria,24134.0,24134.0,False,False,,,,,,,8,0,9,Llenando ventana
510,8,VNS,trayectoria,24134.0,24134.0,False,False,,,,,,,9,0,10,Llenando ventana
511,8,VNS,trayectoria,24134.0,24134.0,False,False,,,,,,,10,0,11,Llenando ventana
512,8,VNS,trayectoria,24134.0,24134.0,False,False,,,,,,,11,0,12,Llenando ventana
513,8,VNS,trayectoria,24134.0,24134.0,False,False,,,,,,,12,0,13,Llenando ventana
514,8,VNS,trayectoria,24134.0,24134.0,False,False,,,,,,,13,0,14,Llenando ventana
515,8,VNS,trayectoria,24134.0,24134.0,False,False,,,,,,,14,0,15,Llenando ventana
516,8,VNS,trayectoria,24134.0,24134.0,False,False,,,,,,,15,0,16,Llenando ventana
517,8,VNS,trayectoria,24134.0,24134.0,False,False,,,,,,,16,0,17,Llenando ventana
518,8,VNS,trayectoria,24134.0,24134.0,False,False,,,,,,,17,0,18,Llenando ventana
519,8,VNS,trayectoria,24134.0,24134.0,False,False,,,,,,,18,0,19,Llenando ventana
520,8,VNS,trayectoria,24134.0,24134.0,False,False,,,,,,,19,0,20,Llenando ventana
521,8,VNS,trayectoria,24134.0,24134.0,False,False,,,,,,,20,0,21,Llenando ventana
522,8,VNS,trayectoria,24134.0,24134.0,False,False,,,,,,,21,0,22,Llenando ventana
523,8,VNS,trayectoria,24134.0,24134.0,False,False,,,,,,,22,0,23,Llenando ventana
524,8,VNS,trayectoria,24134.0,24134.0,False,False,,,,,,,23,0,24,Llenando ventana
525,8,VNS,trayectoria,24134.0,24134.0,False,False,,,,,,,24,0,25,Llenando ventana
526,8,VNS,trayectoria,24134.0,24134.0,False,False,,,,,,,25,0,26,Llenando ventana
527,8,VNS,trayectoria,24134.0,24134.0,False,False,,,,,,,26,0,27,Llenando ventana
528,8,VNS,trayectoria,24134.0,24134.0,False,False,,,,,,,27,0,28,Llenando ventana
529,8,VNS,trayectoria,24134.0,24134.0,False,False,,,,,,,28,0,29,Llenando ventana
530,8,VNS,trayectoria,24134.0,24134.0,False,False,,,,,,,29,0,30,Llenando ventana
531,8,VNS,trayectoria,24134.0,24134.0,False,False,,,,,,,30,0,31,Llenando ventana
532,8,VNS,trayectoria,24134.0,24134.0,False,False,,,,,,,31,0,32,Llenando ventana
533,8,VNS,trayectoria,24134.0,24134.0,False,False,,,,,,,32,0,33,Llenando ventana
534,8,VNS,trayectoria,24134.0,24134.0,False,False,,,,,,,33,0,34,Llenando ventana
535,8,VNS,trayectoria,24134.0,24134.0,False,False,,,,,,,34,0,35,Llenando ventana
536,8,VNS,trayectoria,24134.0,24134.0,False,False,,,,,,,35,0,36,Llenando ventana
537,8,VNS,trayectoria,24134.0,24134.0,False,False,,,,,,,36,0,37,Llenando ventana
538,8,VNS,trayectoria,24134.0,24134.0,False,False,,,,,,,37,0,38,Llenando ventana
539,8,VNS,trayectoria,24134.0,24134.0,False,False,,,,,,,38,0,39,Llenando ventana
540,8,VNS,trayectoria,24134.0,24134.0,True,False,3.900000000001455,0.0,3.900000000001455,4.0,20.0,12.0,39,0,40,Explotacion activa
541,8,VNS,trayectoria,24134.0,24134.0,True,False,3.900000000001455,0.0,3.900000000001455,4.0,20.0,12.0,40,0,41,Explotacion activa
542,8,VNS,trayectoria,24134.0,24134.0,True,False,3.900000000001455,0.0,3.900000000001455,4.0,20.0,12.0,41,0,42,Explotacion activa
543,8,VNS,trayectoria,24134.0,24134.0,True,False,3.900000000001455,0.0,3.900000000001455,4.0,20.0,12.0,42,0,43,Explotacion activa
544,8,VNS,trayectoria,24134.0,24134.0,True,False,3.900000000001455,0.0,3.900000000001455,4.0,20.0,12.0,43,0,44,Explotacion activa
545,8,VNS,trayectoria,24134.0,24134.0,True,False,3.900000000001455,0.0,3.900000000001455,4.0,20.0,12.0,44,0,45,Explotacion activa
546,8,VNS,trayectoria,24134.0,24134.0,True,False,3.900000000001455,0.0,3.900000000001455,4.0,20.0,12.0,45,0,46,Explotacion activa
547,8,VNS,trayectoria,24134.0,24134.0,True,False,3.900000000001455,0.0,3.900000000001455,4.0,20.0,12.0,46,0,47,Explotacion activa
548,8,VNS,trayectoria,24134.0,24134.0,True,False,3.900000000001455,0.0,3.900000000001455,4.0,20.0,12.0,47,0,48,Explotacion activa
549,8,VNS,trayectoria,24134.0,24134.0,True,False,3.900000000001455,0.0,3.900000000001455,0.0,3.900000000001455,3.900000000001455,48,1,49,Explotacion activa
550,8,VNS,trayectoria,24134.0,24134.0,True,False,3.900000000001455,0.0,3.900000000001455,0.0,3.900000000001455,3.900000000001455,49,2,50,Explotacion activa
551,8,VNS,trayectoria,24134.0,24134.0,True,False,3.900000000001455,0.0,3.900000000001455,0.0,3.900000000001455,3.900000000001455,50,3,51,Explotacion activa
552,8,VNS,trayectoria,24134.0,24134.0,True,False,3.900000000001455,0.0,3.900000000001455,0.0,3.900000000001455,3.900000000001455,51,4,52,Explotacion activa
553,8,VNS,trayectoria,24134.0,24134.0,True,False,3.900000000001455,0.0,3.900000000001455,0.0,3.900000000001455,3.900000000001455,52,5,53,Explotacion activa
554,8,VNS,trayectoria,24134.0,24134.0,True,False,3.900000000001455,0.0,3.900000000001455,0.0,3.900000000001455,3.900000000001455,53,6,54,Explotacion activa
555,8,VNS,trayectoria,24134.0,24134.0,True,False,3.900000000001455,0.0,3.900000000001455,0.0,3.900000000001455,3.900000000001455,54,7,55,Explotacion activa
556,8,VNS,trayectoria,24134.0,24134.0,True,True,3.900000000001455,0.0,3.900000000001455,0.0,3.900000000001455,3.900000000001455,55,8,56,ESTANCAMIENTO (Fire)
557,9,WOA,poblacional,24134.0,24134.0,False,False,,,,,,,0,0,1,Llenando ventana
558,9,WOA,poblacional,24134.0,24134.0,False,False,,,,,,,1,0,2,Llenando ventana
559,9,WOA,poblacional,24134.0,24134.0,False,False,,,,,,,2,0,3,Llenando ventana
560,9,WOA,poblacional,24134.0,24134.0,False,False,,,,,,,3,0,4,Llenando ventana
561,9,WOA,poblacional,24134.0,24134.0,False,False,,,,,,,4,0,5,Llenando ventana
562,9,WOA,poblacional,24134.0,24134.0,False,False,,,,,,,5,0,6,Llenando ventana
563,9,WOA,poblacional,24134.0,24134.0,False,False,,,,,,,6,0,7,Llenando ventana
564,9,WOA,poblacional,24134.0,24134.0,False,False,,,,,,,7,0,8,Llenando ventana
565,9,WOA,poblacional,24134.0,24134.0,False,False,,,,,,,8,0,9,Llenando ventana
566,9,WOA,poblacional,24134.0,24134.0,False,False,,,,,,,9,0,10,Llenando ventana
567,9,WOA,poblacional,24134.0,24134.0,False,False,,,,,,,10,0,11,Llenando ventana
568,9,WOA,poblacional,24134.0,24134.0,False,False,,,,,,,11,0,12,Llenando ventana
569,9,WOA,poblacional,24134.0,24134.0,False,False,,,,,,,12,0,13,Llenando ventana
570,9,WOA,poblacional,24134.0,24134.0,False,False,,,,,,,13,0,14,Llenando ventana
571,9,WOA,poblacional,24134.0,24134.0,False,False,,,,,,,14,0,15,Llenando ventana
572,9,WOA,poblacional,24134.0,24134.0,False,False,,,,,,,15,0,16,Llenando ventana
573,9,WOA,poblacional,24134.0,24134.0,False,False,,,,,,,16,0,17,Llenando ventana
574,9,WOA,poblacional,24134.0,24134.0,False,False,,,,,,,17,0,18,Llenando ventana
575,9,WOA,poblacional,24134.0,24134.0,False,False,,,,,,,18,0,19,Llenando ventana
576,9,WOA,poblacional,24134.0,24134.0,False,False,,,,,,,19,0,20,Llenando ventana
577,9,WOA,poblacional,24134.0,24134.0,False,False,,,,,,,20,0,21,Llenando ventana
578,9,WOA,poblacional,24134.0,24134.0,False,False,,,,,,,21,0,22,Llenando ventana
579,9,WOA,poblacional,24134.0,24134.0,False,False,,,,,,,22,0,23,Llenando ventana
580,9,WOA,poblacional,24134.0,24134.0,False,False,,,,,,,23,0,24,Llenando ventana
581,9,WOA,poblacional,24134.0,24134.0,False,False,,,,,,,24,0,25,Llenando ventana
582,9,WOA,poblacional,24134.0,24134.0,False,False,,,,,,,25,0,26,Llenando ventana
583,9,WOA,poblacional,24134.0,24134.0,False,False,,,,,,,26,0,27,Llenando ventana
584,9,WOA,poblacional,24134.0,24134.0,False,False,,,,,,,27,0,28,Llenando ventana
585,9,WOA,poblacional,24134.0,24134.0,False,False,,,,,,,28,0,29,Llenando ventana
586,9,WOA,poblacional,24134.0,24134.0,False,False,,,,,,,29,0,30,Llenando ventana
587,9,WOA,poblacional,24134.0,24134.0,False,False,,,,,,,30,0,31,Llenando ventana
588,9,WOA,poblacional,24134.0,24134.0,False,False,,,,,,,31,0,32,Llenando ventana
589,9,WOA,poblacional,24134.0,24134.0,False,False,,,,,,,32,0,33,Llenando ventana
590,9,WOA,poblacional,24134.0,24134.0,False,False,,,,,,,33,0,34,Llenando ventana
591,9,WOA,poblacional,24134.0,24134.0,False,False,,,,,,,34,0,35,Llenando ventana
592,9,WOA,poblacional,24134.0,24134.0,False,False,,,,,,,35,0,36,Llenando ventana
593,9,WOA,poblacional,24134.0,24134.0,False,False,,,,,,,36,0,37,Llenando ventana
594,9,WOA,poblacional,24134.0,24134.0,False,False,,,,,,,37,0,38,Llenando ventana
595,9,WOA,poblacional,24134.0,24134.0,False,False,,,,,,,38,0,39,Llenando ventana
596,9,WOA,poblacional,24134.0,24134.0,True,False,3.900000000001455,0.0,3.900000000001455,4.0,20.0,12.0,39,0,40,Explotacion activa
597,9,WOA,poblacional,24134.0,24134.0,True,False,3.900000000001455,0.0,3.900000000001455,4.0,20.0,12.0,40,0,41,Explotacion activa
598,9,WOA,poblacional,24134.0,24134.0,True,False,3.900000000001455,0.0,3.900000000001455,4.0,20.0,12.0,41,0,42,Explotacion activa
599,9,WOA,poblacional,24134.0,24134.0,True,False,3.900000000001455,0.0,3.900000000001455,4.0,20.0,12.0,42,0,43,Explotacion activa
600,9,WOA,poblacional,24134.0,24134.0,True,False,3.900000000001455,0.0,3.900000000001455,4.0,20.0,12.0,43,0,44,Explotacion activa
601,9,WOA,poblacional,24134.0,24134.0,True,False,3.900000000001455,0.0,3.900000000001455,4.0,20.0,12.0,44,0,45,Explotacion activa
602,9,WOA,poblacional,24134.0,24134.0,True,False,3.900000000001455,0.0,3.900000000001455,4.0,20.0,12.0,45,0,46,Explotacion activa
603,9,WOA,poblacional,24134.0,24134.0,True,False,3.900000000001455,0.0,3.900000000001455,4.0,20.0,12.0,46,0,47,Explotacion activa
604,9,WOA,poblacional,24134.0,24134.0,True,False,3.900000000001455,0.0,3.900000000001455,4.0,20.0,12.0,47,0,48,Explotacion activa
605,9,WOA,poblacional,24134.0,24134.0,True,False,3.900000000001455,0.0,3.900000000001455,0.0,3.900000000001455,3.900000000001455,48,1,49,Explotacion activa
606,9,WOA,poblacional,24134.0,24134.0,True,False,3.900000000001455,0.0,3.900000000001455,0.0,3.900000000001455,3.900000000001455,49,2,50,Explotacion activa
607,9,WOA,poblacional,24134.0,24134.0,True,False,3.900000000001455,0.0,3.900000000001455,0.0,3.900000000001455,3.900000000001455,50,3,51,Explotacion activa
608,9,WOA,poblacional,24134.0,24134.0,True,False,3.900000000001455,0.0,3.900000000001455,0.0,3.900000000001455,3.900000000001455,51,4,52,Explotacion activa
609,9,WOA,poblacional,24134.0,24134.0,True,False,3.900000000001455,0.0,3.900000000001455,0.0,3.900000000001455,3.900000000001455,52,5,53,Explotacion activa
610,9,WOA,poblacional,24134.0,24134.0,True,False,3.900000000001455,0.0,3.900000000001455,0.0,3.900000000001455,3.900000000001455,53,6,54,Explotacion activa
611,9,WOA,poblacional,24134.0,24134.0,True,False,3.900000000001455,0.0,3.900000000001455,0.0,3.900000000001455,3.900000000001455,54,7,55,Explotacion activa
612,9,WOA,poblacional,24134.0,24134.0,True,True,3.900000000001455,0.0,3.900000000001455,0.0,3.900000000001455,3.900000000001455,55,8,56,ESTANCAMIENTO (Fire)
613,9,WOA,poblacional,24134.0,24134.0,False,False,,,3.900000000001455,,,,0,0,1,Llenando ventana
614,9,WOA,poblacional,24134.0,24134.0,False,False,,,3.900000000001455,,,,1,0,2,Llenando ventana
615,9,WOA,poblacional,24134.0,24134.0,False,False,,,3.900000000001455,,,,2,0,3,Llenando ventana
616,9,WOA,poblacional,24134.0,24134.0,False,False,,,3.900000000001455,,,,3,0,4,Llenando ventana
617,9,WOA,poblacional,24134.0,24134.0,False,False,,,3.900000000001455,,,,4,0,5,Llenando ventana
618,9,WOA,poblacional,24134.0,24134.0,False,False,,,3.900000000001455,,,,5,0,6,Llenando ventana
619,10,SA,trayectoria,24134.0,21741.0,False,False,,,,,,,6,0,7,Llenando ventana
620,10,SA,trayectoria,24134.0,22247.0,False,False,,,,,,,7,0,8,Llenando ventana
621,10,SA,trayectoria,24134.0,21459.0,False,False,,,,,,,8,0,9,Llenando ventana
622,10,SA,trayectoria,24134.0,21245.0,False,False,,,,,,,9,0,10,Llenando ventana
623,10,SA,trayectoria,24134.0,21019.0,False,False,,,,,,,10,0,11,Llenando ventana
624,10,SA,trayectoria,24134.0,21300.0,False,False,,,,,,,11,0,12,Llenando ventana
625,10,SA,trayectoria,24134.0,21338.0,False,False,,,,,,,12,0,13,Llenando ventana
626,10,SA,trayectoria,24134.0,20426.0,False,False,,,,,,,13,0,14,Llenando ventana
627,10,SA,trayectoria,24134.0,21558.0,False,False,,,,,,,14,0,15,Llenando ventana
628,10,SA,trayectoria,24134.0,21639.0,False,False,,,,,,,15,0,16,Llenando ventana
629,10,SA,trayectoria,24134.0,21622.0,False,False,,,,,,,16,0,17,Llenando ventana
630,10,SA,trayectoria,24134.0,21453.0,False,False,,,,,,,17,0,18,Llenando ventana
631,10,SA,trayectoria,24134.0,21795.0,False,False,,,,,,,18,0,19,Llenando ventana
632,10,SA,trayectoria,24134.0,21681.0,False,False,,,,,,,19,0,20,Llenando ventana
633,10,SA,trayectoria,24134.0,21597.0,False,False,,,,,,,20,0,21,Llenando ventana
634,10,SA,trayectoria,24134.0,22528.0,False,False,,,,,,,21,0,22,Llenando ventana
635,10,SA,trayectoria,24134.0,20457.0,False,False,,,,,,,22,0,23,Llenando ventana
636,10,SA,trayectoria,24134.0,20880.0,False,False,,,,,,,23,0,24,Llenando ventana
637,10,SA,trayectoria,24134.0,21496.0,False,False,,,,,,,24,0,25,Llenando ventana
638,10,SA,trayectoria,24134.0,22048.0,False,False,,,,,,,25,0,26,Llenando ventana
639,10,SA,trayectoria,24134.0,20604.0,False,False,,,,,,,26,0,27,Llenando ventana
640,10,SA,trayectoria,24134.0,21721.0,False,False,,,,,,,27,0,28,Llenando ventana
641,10,SA,trayectoria,24134.0,21785.0,False,False,,,,,,,28,0,29,Llenando ventana
642,10,SA,trayectoria,24134.0,21201.0,False,False,,,,,,,29,0,30,Llenando ventana
643,10,SA,trayectoria,24134.0,22034.0,False,False,,,,,,,30,0,31,Llenando ventana
644,10,SA,trayectoria,24134.0,21718.0,False,False,,,,,,,31,0,32,Llenando ventana
645,10,SA,trayectoria,24134.0,22046.0,False,False,,,,,,,32,0,33,Llenando ventana
646,10,SA,trayectoria,24134.0,20806.0,False,False,,,,,,,33,0,34,Llenando ventana
647,10,SA,trayectoria,24134.0,21545.0,False,False,,,,,,,34,0,35,Llenando ventana
648,10,SA,trayectoria,24134.0,21104.0,False,False,,,,,,,35,0,36,Llenando ventana
649,10,SA,trayectoria,24134.0,21467.0,False,False,,,,,,,36,0,37,Llenando ventana
650,10,SA,trayectoria,24134.0,22495.0,False,False,,,,,,,37,0,38,Llenando ventana
651,10,SA,trayectoria,24134.0,21620.0,False,False,,,,,,,38,0,39,Llenando ventana
652,10,SA,trayectoria,24134.0,21421.0,True,False,3.900000000001455,0.0,3.900000000001455,4.0,20.0,12.0,39,0,40,Explotacion activa
653,10,SA,trayectoria,24134.0,20941.0,True,False,3.900000000001455,0.0,3.900000000001455,4.0,20.0,12.0,40,0,41,Explotacion activa
654,10,SA,trayectoria,24134.0,21578.0,True,False,3.900000000001455,0.0,3.900000000001455,4.0,20.0,12.0,41,0,42,Explotacion activa
655,10,SA,trayectoria,24134.0,22014.0,True,False,3.900000000001455,0.0,3.900000000001455,4.0,20.0,12.0,42,0,43,Explotacion activa
656,10,SA,trayectoria,24134.0,22244.0,True,False,3.900000000001455,0.0,3.900000000001455,4.0,20.0,12.0,43,0,44,Explotacion activa
657,10,SA,trayectoria,24134.0,20570.0,True,False,3.900000000001455,0.0,3.900000000001455,4.0,20.0,12.0,44,0,45,Explotacion activa
658,10,SA,trayectoria,24134.0,21750.0,True,False,3.900000000001455,0.0,3.900000000001455,4.0,20.0,12.0,45,0,46,Explotacion activa
659,10,SA,trayectoria,24134.0,22229.0,True,False,3.900000000001455,0.0,3.900000000001455,4.0,20.0,12.0,46,0,47,Explotacion activa
660,10,SA,trayectoria,24134.0,21703.0,True,False,3.900000000001455,0.0,3.900000000001455,4.0,20.0,12.0,47,0,48,Explotacion activa
661,10,SA,trayectoria,24134.0,22008.0,True,False,3.900000000001455,0.0,3.900000000001455,0.0,3.900000000001455,3.900000000001455,48,1,49,Explotacion activa
662,10,SA,trayectoria,24134.0,20937.0,True,False,3.900000000001455,0.0,3.900000000001455,0.0,3.900000000001455,3.900000000001455,49,2,50,Explotacion activa
663,10,SA,trayectoria,24134.0,20966.0,True,False,3.900000000001455,0.0,3.900000000001455,0.0,3.900000000001455,3.900000000001455,50,3,51,Explotacion activa
664,10,SA,trayectoria,24134.0,21769.0,True,False,3.900000000001455,0.0,3.900000000001455,0.0,3.900000000001455,3.900000000001455,51,4,52,Explotacion activa
665,10,SA,trayectoria,24134.0,21698.0,True,False,3.900000000001455,0.0,3.900000000001455,0.0,3.900000000001455,3.900000000001455,52,5,53,Explotacion activa
666,10,SA,trayectoria,24134.0,22026.0,True,False,3.900000000001455,0.0,3.900000000001455,0.0,3.900000000001455,3.900000000001455,53,6,54,Explotacion activa
667,10,SA,trayectoria,24134.0,21578.0,True,False,3.900000000001455,0.0,3.900000000001455,0.0,3.900000000001455,3.900000000001455,54,7,55,Explotacion activa
668,10,SA,trayectoria,24134.0,22023.0,True,False,3.900000000001455,0.0,3.900000000001455,0.0,3.900000000001455,3.900000000001455,55,8,56,Explotacion activa
669,10,SA,trayectoria,24134.0,22604.0,True,False,3.900000000001455,0.0,3.900000000001455,0.0,3.900000000001455,3.900000000001455,56,9,57,Explotacion activa
670,10,SA,trayectoria,24134.0,21595.0,True,False,3.900000000001455,0.0,3.900000000001455,0.0,3.900000000001455,3.900000000001455,57,10,58,Explotacion activa
671,10,SA,trayectoria,24134.0,21489.0,True,False,3.900000000001455,0.0,3.900000000001455,0.0,3.900000000001455,3.900000000001455,58,11,59,Explotacion activa
672,10,SA,trayectoria,24134.0,21717.0,True,False,3.900000000001455,0.0,3.900000000001455,0.0,3.900000000001455,3.900000000001455,59,12,60,Explotacion activa
673,10,SA,trayectoria,24134.0,22399.0,True,False,3.900000000001455,0.0,3.900000000001455,0.0,3.900000000001455,3.900000000001455,60,13,61,Explotacion activa
674,10,SA,trayectoria,24134.0,21654.0,True,True,3.900000000001455,0.0,3.900000000001455,0.0,3.900000000001455,3.900000000001455,61,14,62,ESTANCAMIENTO (Fire)
675,11,GA,poblacional,24134.0,24134.0,False,False,,,,,,,0,0,1,Llenando ventana
676,11,GA,poblacional,24134.0,24134.0,False,False,,,,,,,1,0,2,Llenando ventana
677,11,GA,poblacional,24134.0,24134.0,False,False,,,,,,,2,0,3,Llenando ventana
678,11,GA,poblacional,24134.0,24134.0,False,False,,,,,,,3,0,4,Llenando ventana
679,11,GA,poblacional,24134.0,24134.0,False,False,,,,,,,4,0,5,Llenando ventana
680,11,GA,poblacional,24134.0,24134.0,False,False,,,,,,,5,0,6,Llenando ventana
681,11,GA,poblacional,24134.0,24134.0,False,False,,,,,,,6,0,7,Llenando ventana
682,11,GA,poblacional,24134.0,24134.0,False,False,,,,,,,7,0,8,Llenando ventana
683,11,GA,poblacional,24134.0,24134.0,False,False,,,,,,,8,0,9,Llenando ventana
684,11,GA,poblacional,24134.0,24134.0,False,False,,,,,,,9,0,10,Llenando ventana
685,11,GA,poblacional,24134.0,24134.0,False,False,,,,,,,10,0,11,Llenando ventana
686,11,GA,poblacional,24134.0,24134.0,False,False,,,,,,,11,0,12,Llenando ventana
687,11,GA,poblacional,24134.0,24134.0,False,False,,,,,,,12,0,13,Llenando ventana
688,11,GA,poblacional,24134.0,24134.0,False,False,,,,,,,13,0,14,Llenando ventana
689,11,GA,poblacional,24134.0,24134.0,False,False,,,,,,,14,0,15,Llenando ventana
690,11,GA,poblacional,24134.0,24134.0,False,False,,,,,,,15,0,16,Llenando ventana
691,11,GA,poblacional,24134.0,24134.0,False,False,,,,,,,16,0,17,Llenando ventana
692,11,GA,poblacional,24134.0,24134.0,False,False,,,,,,,17,0,18,Llenando ventana
693,11,GA,poblacional,24134.0,24134.0,False,False,,,,,,,18,0,19,Llenando ventana
694,11,GA,poblacional,24134.0,24134.0,False,False,,,,,,,19,0,20,Llenando ventana
695,11,GA,poblacional,24134.0,24134.0,False,False,,,,,,,20,0,21,Llenando ventana
696,11,GA,poblacional,24134.0,24134.0,False,False,,,,,,,21,0,22,Llenando ventana
697,11,GA,poblacional,24134.0,24134.0,False,False,,,,,,,22,0,23,Llenando ventana
698,11,GA,poblacional,24134.0,24134.0,False,False,,,,,,,23,0,24,Llenando ventana
699,11,GA,poblacional,24134.0,24134.0,False,False,,,,,,,24,0,25,Llenando ventana
700,11,GA,poblacional,24134.0,24134.0,False,False,,,,,,,25,0,26,Llenando ventana
701,11,GA,poblacional,24134.0,24134.0,False,False,,,,,,,26,0,27,Llenando ventana
702,11,GA,poblacional,24134.0,24134.0,False,False,,,,,,,27,0,28,Llenando ventana
703,11,GA,poblacional,24134.0,24134.0,False,False,,,,,,,28,0,29,Llenando ventana
704,11,GA,poblacional,24134.0,24134.0,False,False,,,,,,,29,0,30,Llenando ventana
705,11,GA,poblacional,24134.0,24134.0,False,False,,,,,,,30,0,31,Llenando ventana
706,11,GA,poblacional,24134.0,24134.0,False,False,,,,,,,31,0,32,Llenando ventana
707,11,GA,poblacional,24134.0,24134.0,False,False,,,,,,,32,0,33,Llenando ventana
708,11,GA,poblacional,24134.0,24134.0,False,False,,,,,,,33,0,34,Llenando ventana
709,11,GA,poblacional,24134.0,24134.0,False,False,,,,,,,34,0,35,Llenando ventana
710,11,GA,poblacional,24134.0,24134.0,False,False,,,,,,,35,0,36,Llenando ventana
711,11,GA,poblacional,24134.0,24134.0,False,False,,,,,,,36,0,37,Llenando ventana
712,11,GA,poblacional,24134.0,24134.0,False,False,,,,,,,37,0,38,Llenando ventana
713,11,GA,poblacional,24134.0,24134.0,False,False,,,,,,,38,0,39,Llenando ventana
714,11,GA,poblacional,24134.0,24134.0,True,False,3.900000000001455,0.0,3.900000000001455,4.0,20.0,12.0,39,0,40,Explotacion activa
715,11,GA,poblacional,24134.0,24134.0,True,False,3.900000000001455,0.0,3.900000000001455,4.0,20.0,12.0,40,0,41,Explotacion activa
716,11,GA,poblacional,24134.0,24134.0,True,False,3.900000000001455,0.0,3.900000000001455,4.0,20.0,12.0,41,0,42,Explotacion activa
717,11,GA,poblacional,24134.0,24134.0,True,False,3.900000000001455,0.0,3.900000000001455,4.0,20.0,12.0,42,0,43,Explotacion activa
718,11,GA,poblacional,24134.0,24134.0,True,False,3.900000000001455,0.0,3.900000000001455,4.0,20.0,12.0,43,0,44,Explotacion activa
719,11,GA,poblacional,24134.0,24134.0,True,False,3.900000000001455,0.0,3.900000000001455,4.0,20.0,12.0,44,0,45,Explotacion activa
720,11,GA,poblacional,24134.0,24134.0,True,False,3.900000000001455,0.0,3.900000000001455,4.0,20.0,12.0,45,0,46,Explotacion activa
721,11,GA,poblacional,24134.0,24134.0,True,False,3.900000000001455,0.0,3.900000000001455,4.0,20.0,12.0,46,0,47,Explotacion activa
722,11,GA,poblacional,24134.0,24134.0,True,False,3.900000000001455,0.0,3.900000000001455,4.0,20.0,12.0,47,0,48,Explotacion activa
723,11,GA,poblacional,24134.0,24134.0,True,False,3.900000000001455,0.0,3.900000000001455,0.0,3.900000000001455,3.900000000001455,48,1,49,Explotacion activa
724,11,GA,poblacional,24134.0,24134.0,True,False,3.900000000001455,0.0,3.900000000001455,0.0,3.900000000001455,3.900000000001455,49,2,50,Explotacion activa
725,11,GA,poblacional,24134.0,24134.0,True,False,3.900000000001455,0.0,3.900000000001455,0.0,3.900000000001455,3.900000000001455,50,3,51,Explotacion activa
726,11,GA,poblacional,24134.0,24134.0,True,False,3.900000000001455,0.0,3.900000000001455,0.0,3.900000000001455,3.900000000001455,51,4,52,Explotacion activa
727,11,GA,poblacional,24134.0,24134.0,True,False,3.900000000001455,0.0,3.900000000001455,0.0,3.900000000001455,3.900000000001455,52,5,53,Explotacion activa
728,11,GA,poblacional,24134.0,24134.0,True,False,3.900000000001455,0.0,3.900000000001455,0.0,3.900000000001455,3.900000000001455,53,6,54,Explotacion activa
729,11,GA,poblacional,24134.0,24134.0,True,False,3.900000000001455,0.0,3.900000000001455,0.0,3.900000000001455,3.900000000001455,54,7,55,Explotacion activa
730,11,GA,poblacional,24134.0,24134.0,True,True,3.900000000001455,0.0,3.900000000001455,0.0,3.900000000001455,3.900000000001455,55,8,56,ESTANCAMIENTO (Fire)
731,11,GA,poblacional,24134.0,24134.0,False,False,,,3.900000000001455,,,,0,0,1,Llenando ventana
732,11,GA,poblacional,24134.0,24134.0,False,False,,,3.900000000001455,,,,1,0,2,Llenando ventana
733,11,GA,poblacional,24134.0,24134.0,False,False,,,3.900000000001455,,,,2,0,3,Llenando ventana
734,11,GA,poblacional,24134.0,24134.0,False,False,,,3.900000000001455,,,,3,0,4,Llenando ventana
735,11,GA,poblacional,24134.0,24134.0,False,False,,,3.900000000001455,,,,4,0,5,Llenando ventana
736,11,GA,poblacional,24134.0,24134.0,False,False,,,3.900000000001455,,,,5,0,6,Llenando ventana
737,12,SA,trayectoria,24134.0,21521.0,False,False,,,,,,,6,0,7,Llenando ventana
738,12,SA,trayectoria,24134.0,21788.0,False,False,,,,,,,7,0,8,Llenando ventana
739,12,SA,trayectoria,24134.0,21535.0,False,False,,,,,,,8,0,9,Llenando ventana
740,12,SA,trayectoria,24134.0,21628.0,False,False,,,,,,,9,0,10,Llenando ventana
741,12,SA,trayectoria,24134.0,21496.0,False,False,,,,,,,10,0,11,Llenando ventana
742,12,SA,trayectoria,24134.0,21091.0,False,False,,,,,,,11,0,12,Llenando ventana
743,12,SA,trayectoria,24134.0,21818.0,False,False,,,,,,,12,0,13,Llenando ventana
744,12,SA,trayectoria,24134.0,21687.0,False,False,,,,,,,13,0,14,Llenando ventana
745,12,SA,trayectoria,24134.0,21595.0,False,False,,,,,,,14,0,15,Llenando ventana
746,12,SA,trayectoria,24134.0,21331.0,False,False,,,,,,,15,0,16,Llenando ventana
747,12,SA,trayectoria,24134.0,22515.0,False,False,,,,,,,16,0,17,Llenando ventana
748,12,SA,trayectoria,24134.0,22140.0,False,False,,,,,,,17,0,18,Llenando ventana
749,12,SA,trayectoria,24134.0,21846.0,False,False,,,,,,,18,0,19,Llenando ventana
750,12,SA,trayectoria,24134.0,20933.0,False,False,,,,,,,19,0,20,Llenando ventana
751,12,SA,trayectoria,24134.0,21274.0,False,False,,,,,,,20,0,21,Llenando ventana
752,12,SA,trayectoria,24134.0,20256.0,False,False,,,,,,,21,0,22,Llenando ventana
753,12,SA,trayectoria,24134.0,20558.0,False,False,,,,,,,22,0,23,Llenando ventana
754,12,SA,trayectoria,24134.0,21435.0,False,False,,,,,,,23,0,24,Llenando ventana
755,12,SA,trayectoria,24134.0,21397.0,False,False,,,,,,,24,0,25,Llenando ventana
756,12,SA,trayectoria,24134.0,22698.0,False,False,,,,,,,25,0,26,Llenando ventana
757,12,SA,trayectoria,24134.0,21057.0,False,False,,,,,,,26,0,27,Llenando ventana
758,12,SA,trayectoria,24134.0,20893.0,False,False,,,,,,,27,0,28,Llenando ventana
759,12,SA,trayectoria,24134.0,20772.0,False,False,,,,,,,28,0,29,Llenando ventana
760,12,SA,trayectoria,24134.0,21766.0,False,False,,,,,,,29,0,30,Llenando ventana
761,12,SA,trayectoria,24134.0,21347.0,False,False,,,,,,,30,0,31,Llenando ventana
762,12,SA,trayectoria,24134.0,21144.0,False,False,,,,,,,31,0,32,Llenando ventana
763,12,SA,trayectoria,24134.0,21884.0,False,False,,,,,,,32,0,33,Llenando ventana
764,12,SA,trayectoria,24134.0,22471.0,False,False,,,,,,,33,0,34,Llenando ventana
765,12,SA,trayectoria,24134.0,21853.0,False,False,,,,,,,34,0,35,Llenando ventana
766,12,SA,trayectoria,24134.0,20998.0,False,False,,,,,,,35,0,36,Llenando ventana
767,12,SA,trayectoria,24134.0,22211.0,False,False,,,,,,,36,0,37,Llenando ventana
768,12,SA,trayectoria,24134.0,20774.0,False,False,,,,,,,37,0,38,Llenando ventana
769,12,SA,trayectoria,24134.0,21759.0,False,False,,,,,,,0,0,39,Llenando ventana
770,12,SA,trayectoria,24134.0,21547.0,True,False,11.69999999999709,8.0,3.6999999999970896,4.0,20.0,12.0,1,0,40,Explotacion activa
771,12,SA,trayectoria,24134.0,21613.0,True,False,11.69999999999709,8.0,3.6999999999970896,4.0,20.0,12.0,2,0,41,Explotacion activa
772,12,SA,trayectoria,24134.0,21832.0,True,False,11.69999999999709,8.0,3.6999999999970896,4.0,20.0,12.0,3,0,42,Explotacion activa
773,12,SA,trayectoria,24134.0,21756.0,True,False,97.49999999999272,94.0,3.499999999992724,4.0,20.0,12.0,0,0,43,Explotacion activa
774,12,SA,trayectoria,24134.0,22491.0,True,False,97.49999999999272,94.0,3.499999999992724,4.0,20.0,12.0,1,0,44,Explotacion activa
775,12,SA,trayectoria,24134.0,21904.0,True,False,97.49999999999272,94.0,3.499999999992724,4.0,20.0,12.0,2,0,45,Explotacion activa
776,12,SA,trayectoria,24134.0,19834.0,True,False,97.49999999999272,94.0,3.499999999992724,4.0,20.0,12.0,3,0,46,Explotacion activa
777,12,SA,trayectoria,24134.0,21496.0,True,False,97.49999999999272,94.0,3.499999999992724,4.0,20.0,12.0,4,0,47,Explotacion activa
778,12,SA,trayectoria,24134.0,21435.0,True,False,97.49999999999272,94.0,3.499999999992724,4.0,20.0,12.0,5,0,48,Explotacion activa
779,12,SA,trayectoria,24134.0,21746.0,True,False,97.49999999999272,94.0,3.499999999992724,68.19999999999997,97.49999999999272,3.5599999999940337,6,0,49,Explotacion activa
780,12,SA,trayectoria,24134.0,21146.0,True,False,97.49999999999272,94.0,3.499999999992724,94.0,97.49999999999272,3.499999999992724,7,0,50,Explotacion activa
781,12,SA,trayectoria,24134.0,21666.0,True,False,97.49999999999272,94.0,3.499999999992724,94.0,97.49999999999272,3.499999999992724,8,0,51,Explotacion activa
782,12,SA,trayectoria,24134.0,21002.0,True,False,97.49999999999272,94.0,3.499999999992724,94.0,97.49999999999272,3.499999999992724,9,0,52,Explotacion activa
783,12,SA,trayectoria,24134.0,22457.0,True,False,97.49999999999272,94.0,3.499999999992724,94.0,97.49999999999272,3.499999999992724,10,0,53,Explotacion activa
784,12,SA,trayectoria,24134.0,22185.0,True,False,97.49999999999272,94.0,3.499999999992724,94.0,97.49999999999272,3.499999999992724,11,0,54,Explotacion activa
785,12,SA,trayectoria,24134.0,22040.0,True,False,97.49999999999272,94.0,3.499999999992724,94.0,97.49999999999272,3.499999999992724,12,0,55,Explotacion activa
786,12,SA,trayectoria,24134.0,21243.0,True,False,97.49999999999272,94.0,3.499999999992724,94.0,97.49999999999272,3.499999999992724,13,0,56,Explotacion activa
787,12,SA,trayectoria,24134.0,21266.0,True,False,97.49999999999272,94.0,3.499999999992724,94.0,97.49999999999272,3.499999999992724,14,0,57,Explotacion activa
788,12,SA,trayectoria,24134.0,20964.0,True,False,97.49999999999272,94.0,3.499999999992724,94.0,97.49999999999272,3.499999999992724,15,1,58,Explotacion activa
789,12,SA,trayectoria,24134.0,21765.0,True,False,97.49999999999272,94.0,3.499999999992724,94.0,97.49999999999272,3.499999999992724,16,2,59,Explotacion activa
790,12,SA,trayectoria,24134.0,21708.0,True,False,97.49999999999272,94.0,3.499999999992724,94.0,97.49999999999272,3.499999999992724,17,3,60,Explotacion activa
791,12,SA,trayectoria,24134.0,22109.0,True,False,97.49999999999272,94.0,3.499999999992724,94.0,97.49999999999272,3.499999999992724,18,4,61,Explotacion activa
792,12,SA,trayectoria,24134.0,21270.0,True,False,97.49999999999272,94.0,3.499999999992724,94.0,97.49999999999272,3.499999999992724,19,5,62,Explotacion activa
793,13,GA,poblacional,24134.0,24134.0,True,False,97.49999999999272,94.0,3.499999999992724,94.0,97.49999999999272,3.499999999992724,20,6,63,Explotacion activa
794,13,GA,poblacional,24134.0,24134.0,True,False,97.49999999999272,94.0,3.499999999992724,94.0,97.49999999999272,3.499999999992724,21,7,64,Explotacion activa
795,13,GA,poblacional,24134.0,24134.0,True,False,97.49999999999272,94.0,3.499999999992724,94.0,97.49999999999272,3.499999999992724,22,8,65,Explotacion activa
796,13,GA,poblacional,24134.0,24134.0,True,False,97.49999999999272,94.0,3.499999999992724,94.0,97.49999999999272,3.499999999992724,23,9,66,Explotacion activa
797,13,GA,poblacional,24134.0,24134.0,True,False,97.49999999999272,94.0,3.499999999992724,94.0,97.49999999999272,3.499999999992724,24,10,67,Explotacion activa
798,13,GA,poblacional,24134.0,24134.0,True,False,97.49999999999272,94.0,3.499999999992724,94.0,97.49999999999272,3.499999999992724,25,11,68,Explotacion activa
799,13,GA,poblacional,24134.0,24134.0,True,False,97.49999999999272,94.0,3.499999999992724,94.0,97.49999999999272,3.499999999992724,26,12,69,Explotacion activa
800,13,GA,poblacional,24134.0,24134.0,True,False,97.49999999999272,94.0,3.499999999992724,94.0,97.49999999999272,3.499999999992724,27,13,70,Explotacion activa
801,13,GA,poblacional,24134.0,24134.0,True,True,97.49999999999272,94.0,3.499999999992724,94.0,97.49999999999272,3.499999999992724,28,14,71,ESTANCAMIENTO (Fire)
802,13,GA,poblacional,24134.0,24134.0,False,False,,,,,,,0,0,1,Llenando ventana
803,13,GA,poblacional,24134.0,24134.0,False,False,,,,,,,1,0,2,Llenando ventana
804,13,GA,poblacional,24134.0,24134.0,False,False,,,,,,,2,0,3,Llenando ventana
805,13,GA,poblacional,24134.0,24134.0,False,False,,,,,,,3,0,4,Llenando ventana
806,13,GA,poblacional,24134.0,24134.0,False,False,,,,,,,4,0,5,Llenando ventana
807,13,GA,poblacional,24134.0,24134.0,False,False,,,,,,,5,0,6,Llenando ventana
808,13,GA,poblacional,24134.0,24134.0,False,False,,,,,,,6,0,7,Llenando ventana
809,13,GA,poblacional,24134.0,24134.0,False,False,,,,,,,7,0,8,Llenando ventana
810,13,GA,poblacional,24134.0,24134.0,False,False,,,,,,,8,0,9,Llenando ventana
811,13,GA,poblacional,24134.0,24134.0,False,False,,,,,,,9,0,10,Llenando ventana
812,13,GA,poblacional,24134.0,24134.0,False,False,,,,,,,10,0,11,Llenando ventana
813,13,GA,poblacional,24134.0,24134.0,False,False,,,,,,,11,0,12,Llenando ventana
814,13,GA,poblacional,24134.0,24134.0,False,False,,,,,,,12,0,13,Llenando ventana
815,13,GA,poblacional,24134.0,24134.0,False,False,,,,,,,13,0,14,Llenando ventana
816,13,GA,poblacional,24134.0,24134.0,False,False,,,,,,,14,0,15,Llenando ventana
817,13,GA,poblacional,24134.0,24134.0,False,False,,,,,,,15,0,16,Llenando ventana
818,13,GA,poblacional,24134.0,24134.0,False,False,,,,,,,16,0,17,Llenando ventana
819,13,GA,poblacional,24134.0,24134.0,False,False,,,,,,,17,0,18,Llenando ventana
820,13,GA,poblacional,24134.0,24134.0,False,False,,,,,,,18,0,19,Llenando ventana
821,13,GA,poblacional,24134.0,24134.0,False,False,,,,,,,19,0,20,Llenando ventana
822,13,GA,poblacional,24134.0,24134.0,False,False,,,,,,,20,0,21,Llenando ventana
823,13,GA,poblacional,24134.0,24134.0,False,False,,,,,,,21,0,22,Llenando ventana
824,13,GA,poblacional,24134.0,24134.0,False,False,,,,,,,22,0,23,Llenando ventana
825,13,GA,poblacional,24134.0,24134.0,False,False,,,,,,,23,0,24,Llenando ventana
826,13,GA,poblacional,24134.0,24134.0,False,False,,,,,,,24,0,25,Llenando ventana
827,13,GA,poblacional,24134.0,24134.0,False,False,,,,,,,25,0,26,Llenando ventana
828,13,GA,poblacional,24134.0,24134.0,False,False,,,,,,,26,0,27,Llenando ventana
829,13,GA,poblacional,24134.0,24134.0,False,False,,,,,,,27,0,28,Llenando ventana
830,13,GA,poblacional,24134.0,24134.0,False,False,,,,,,,28,0,29,Llenando ventana
831,13,GA,poblacional,24142.0,24142.0,False,False,,,,,,,29,0,30,Llenando ventana
832,13,GA,poblacional,24142.0,24142.0,False,False,,,3.6999999999970896,,,,30,0,31,Llenando ventana
833,13,GA,poblacional,24142.0,24142.0,False,False,,,3.6999999999970896,,,,31,0,32,Llenando ventana
834,13,GA,poblacional,24142.0,24142.0,False,False,,,3.6999999999970896,,,,32,0,33,Llenando ventana
835,13,GA,poblacional,24228.0,24228.0,False,False,,,3.499999999992724,,,,33,0,34,Llenando ventana
836,13,GA,poblacional,24228.0,24228.0,False,False,,,3.499999999992724,,,,34,0,35,Llenando ventana
837,13,GA,poblacional,24228.0,24228.0,False,False,,,3.499999999992724,,,,35,0,36,Llenando ventana
838,13,GA,poblacional,24228.0,24228.0,False,False,,,3.499999999992724,,,,36,0,37,Llenando ventana
839,13,GA,poblacional,24228.0,24228.0,False,False,,,3.499999999992724,,,,37,0,38,Llenando ventana
840,13,GA,poblacional,24228.0,24228.0,False,False,,,3.499999999992724,,,,38,0,39,Llenando ventana
841,13,GA,poblacional,24228.0,24228.0,True,False,3.900000000001455,0.0,3.900000000001455,4.0,20.0,12.0,39,0,40,Explotacion activa
842,13,GA,poblacional,24228.0,24228.0,True,False,3.900000000001455,0.0,3.900000000001455,4.0,20.0,12.0,40,0,41,Explotacion activa
843,13,GA,poblacional,24228.0,24228.0,True,False,3.900000000001455,0.0,3.900000000001455,4.0,20.0,12.0,41,0,42,Explotacion activa
844,13,GA,poblacional,24228.0,24228.0,True,False,3.900000000001455,0.0,3.900000000001455,4.0,20.0,12.0,42,0,43,Explotacion activa
845,13,GA,poblacional,24228.0,24228.0,True,False,3.900000000001455,0.0,3.900000000001455,4.0,20.0,12.0,43,0,44,Explotacion activa
846,13,GA,poblacional,24228.0,24228.0,True,False,3.900000000001455,0.0,3.900000000001455,4.0,20.0,12.0,44,0,45,Explotacion activa
847,13,GA,poblacional,24228.0,24228.0,True,False,3.900000000001455,0.0,3.900000000001455,4.0,20.0,12.0,45,0,46,Explotacion activa
848,13,GA,poblacional,24228.0,24228.0,True,False,3.900000000001455,0.0,3.900000000001455,4.0,20.0,12.0,46,0,47,Explotacion activa
849,13,GA,poblacional,24228.0,24228.0,True,False,3.900000000001455,0.0,3.900000000001455,4.0,20.0,12.0,47,0,48,Explotacion activa
850,13,GA,poblacional,24228.0,24228.0,True,False,3.900000000001455,0.0,3.900000000001455,0.0,3.900000000001455,3.900000000001455,48,1,49,Explotacion activa
851,13,GA,poblacional,24228.0,24228.0,True,False,3.900000000001455,0.0,3.900000000001455,0.0,3.900000000001455,3.900000000001455,49,2,50,Explotacion activa
852,13,GA,poblacional,24228.0,24228.0,True,False,3.900000000001455,0.0,3.900000000001455,0.0,3.900000000001455,3.900000000001455,50,3,51,Explotacion activa
853,13,GA,poblacional,24228.0,24228.0,True,False,3.900000000001455,0.0,3.900000000001455,0.0,3.900000000001455,3.900000000001455,51,4,52,Explotacion activa
854,13,GA,poblacional,24228.0,24228.0,True,False,3.900000000001455,0.0,3.900000000001455,0.0,3.900000000001455,3.900000000001455,52,5,53,Explotacion activa
855,13,GA,poblacional,24228.0,24228.0,True,False,3.900000000001455,0.0,3.900000000001455,0.0,3.900000000001455,3.900000000001455,53,6,54,Explotacion activa
856,13,GA,poblacional,24228.0,24228.0,True,False,3.900000000001455,0.0,3.900000000001455,0.0,3.900000000001455,3.900000000001455,54,7,55,Explotacion activa
857,13,GA,poblacional,24228.0,24228.0,True,True,3.900000000001455,0.0,3.900000000001455,0.0,3.900000000001455,3.900000000001455,55,8,56,ESTANCAMIENTO (Fire)
858,13,GA,poblacional,24228.0,24228.0,False,False,,,3.499999999992724,,,,0,0,1,Llenando ventana
859,13,GA,poblacional,24228.0,24228.0,False,False,,,3.499999999992724,,,,1,0,2,Llenando ventana
860,13,GA,poblacional,24228.0,24228.0,False,False,,,3.499999999992724,,,,2,0,3,Llenando ventana
861,13,GA,poblacional,24228.0,24228.0,False,False,,,3.499999999992724,,,,3,0,4,Llenando ventana
862,13,GA,poblacional,24228.0,24228.0,False,False,,,3.499999999992724,,,,4,0,5,Llenando ventana
863,13,GA,poblacional,24228.0,24228.0,False,False,,,3.499999999992724,,,,5,0,6,Llenando ventana
864,14,SA,trayectoria,24228.0,20837.0,False,False,,,,,,,6,0,7,Llenando ventana
865,14,SA,trayectoria,24228.0,20837.0,False,False,,,,,,,7,0,8,Llenando ventana
866,14,SA,trayectoria,24228.0,22437.0,False,False,,,,,,,8,0,9,Llenando ventana
867,14,SA,trayectoria,24228.0,22279.0,False,False,,,,,,,9,0,10,Llenando ventana
868,14,SA,trayectoria,24228.0,21701.0,False,False,,,,,,,10,0,11,Llenando ventana
869,14,SA,trayectoria,24228.0,21388.0,False,False,,,,,,,0,0,12,Llenando ventana
870,14,SA,trayectoria,24228.0,20699.0,False,False,,,,,,,1,0,13,Llenando ventana
871,14,SA,trayectoria,24228.0,22001.0,False,False,,,,,,,2,0,14,Llenando ventana
872,14,SA,trayectoria,24228.0,20102.0,False,False,,,,,,,3,0,15,Llenando ventana
873,14,SA,trayectoria,24228.0,21250.0,False,False,,,,,,,4,0,16,Llenando ventana
874,14,SA,trayectoria,24228.0,21177.0,False,False,,,,,,,5,0,17,Llenando ventana
875,14,SA,trayectoria,24228.0,21631.0,False,False,,,,,,,6,0,18,Llenando ventana
876,14,SA,trayectoria,24228.0,21548.0,False,False,,,,,,,7,0,19,Llenando ventana
877,14,SA,trayectoria,24228.0,22483.0,False,False,,,,,,,8,0,20,Llenando ventana
878,14,SA,trayectoria,24228.0,21356.0,False,False,,,,,,,9,0,21,Llenando ventana
879,14,SA,trayectoria,24228.0,21585.0,False,False,,,,,,,10,0,22,Llenando ventana
880,14,SA,trayectoria,24228.0,21455.0,False,False,,,,,,,11,0,23,Llenando ventana
881,14,SA,trayectoria,24228.0,21120.0,False,False,,,,,,,12,0,24,Llenando ventana
882,14,SA,trayectoria,24228.0,20779.0,False,False,,,,,,,13,0,25,Llenando ventana
883,14,SA,trayectoria,24228.0,21763.0,False,False,,,,,,,14,0,26,Llenando ventana
884,14,SA,trayectoria,24228.0,22161.0,False,False,,,,,,,15,0,27,Llenando ventana
885,14,SA,trayectoria,24228.0,21430.0,False,False,,,,,,,16,0,28,Llenando ventana
886,14,SA,trayectoria,24228.0,21446.0,False,False,,,,,,,17,0,29,Llenando ventana
887,14,SA,trayectoria,24228.0,21453.0,False,False,,,,,,,18,0,30,Llenando ventana
888,14,SA,trayectoria,24228.0,22158.0,False,False,,,,,,,19,0,31,Llenando ventana
889,14,SA,trayectoria,24228.0,21844.0,False,False,,,,,,,20,0,32,Llenando ventana
890,14,SA,trayectoria,24228.0,20886.0,False,False,,,,,,,21,0,33,Llenando ventana
891,14,SA,trayectoria,24228.0,21095.0,False,False,,,,,,,22,0,34,Llenando ventana
892,14,SA,trayectoria,24228.0,22291.0,False,False,,,,,,,23,0,35,Llenando ventana
893,14,SA,trayectoria,24228.0,21402.0,False,False,,,,,,,24,0,36,Llenando ventana
894,14,SA,trayectoria,24228.0,20907.0,False,False,,,,,,,25,0,37,Llenando ventana
895,14,SA,trayectoria,24228.0,22388.0,False,False,,,,,,,26,0,38,Llenando ventana
896,14,SA,trayectoria,24228.0,21058.0,False,False,,,,,,,27,0,39,Llenando ventana
897,14,SA,trayectoria,24228.0,21319.0,True,False,28.69999999999709,25.0,3.6999999999970896,4.0,20.0,12.0,28,0,40,Explotacion activa
898,14,SA,trayectoria,24228.0,21378.0,True,False,28.69999999999709,25.0,3.6999999999970896,4.0,20.0,12.0,29,0,41,Explotacion activa
899,14,SA,trayectoria,24228.0,21245.0,True,False,28.69999999999709,25.0,3.6999999999970896,4.0,20.0,12.0,30,0,42,Explotacion activa
900,14,SA,trayectoria,24228.0,21143.0,True,False,28.69999999999709,25.0,3.6999999999970896,4.0,20.0,12.0,31,0,43,Explotacion activa
901,14,SA,trayectoria,24228.0,20805.0,True,False,28.69999999999709,25.0,3.6999999999970896,4.0,20.0,12.0,32,0,44,Explotacion activa
902,14,SA,trayectoria,24228.0,21627.0,True,False,28.69999999999709,25.0,3.6999999999970896,4.0,20.0,12.0,33,0,45,Explotacion activa
903,14,SA,trayectoria,24228.0,22353.0,True,False,28.69999999999709,25.0,3.6999999999970896,4.0,20.0,12.0,34,0,46,Explotacion activa
904,14,SA,trayectoria,24228.0,22102.0,True,False,28.69999999999709,25.0,3.6999999999970896,4.0,20.0,12.0,35,0,47,Explotacion activa
905,14,SA,trayectoria,24228.0,20305.0,True,False,28.69999999999709,25.0,3.6999999999970896,4.0,20.0,12.0,36,0,48,Explotacion activa
906,14,SA,trayectoria,24228.0,21588.0,True,False,28.69999999999709,25.0,3.6999999999970896,25.0,28.69999999999709,3.6999999999970896,37,1,49,Explotacion activa
907,14,SA,trayectoria,24228.0,21256.0,True,False,28.700000000004366,25.0,3.7000000000043656,25.0,28.69999999999709,3.6999999999970896,38,2,50,Explotacion activa
908,14,SA,trayectoria,24228.0,21247.0,True,False,3.900000000001455,0.0,3.900000000001455,25.0,28.69999999999709,3.6999999999970896,39,3,51,Explotacion activa
909,14,SA,trayectoria,24228.0,22370.0,True,False,3.900000000001455,0.0,3.900000000001455,25.0,28.69999999999709,3.6999999999970896,40,4,52,Explotacion activa
910,14,SA,trayectoria,24228.0,22350.0,True,False,3.900000000001455,0.0,3.900000000001455,25.0,28.69999999999709,3.699999999997817,41,5,53,Explotacion activa
911,14,SA,trayectoria,24228.0,21561.0,True,False,3.900000000001455,0.0,3.900000000001455,25.0,28.69999999999709,3.7000000000029103,42,6,54,Explotacion activa
912,14,SA,trayectoria,24228.0,22653.0,True,False,3.900000000001455,0.0,3.900000000001455,12.5,28.69999999999709,3.8000000000029104,43,7,55,Explotacion activa
913,14,SA,trayectoria,24228.0,21961.0,True,True,3.900000000001455,0.0,3.900000000001455,0.0,28.69999999999709,3.900000000001455,44,8,56,ESTANCAMIENTO (Fire)
914,14,SA,trayectoria,24228.0,21047.0,False,False,,,3.900000000001455,,,,0,0,0,Llenando ventana
915,14,SA,trayectoria,24228.0,22676.0,False,False,,,3.900000000001455,,,,0,0,0,Llenando ventana
916,14,SA,trayectoria,24228.0,20488.0,False,False,,,3.900000000001455,,,,0,0,0,Llenando ventana
917,14,SA,trayectoria,24228.0,21325.0,False,False,,,3.900000000001455,,,,0,0,0,Llenando ventana
918,14,SA,trayectoria,24228.0,21573.0,False,False,,,3.900000000001455,,,,0,0,0,Llenando ventana
919,14,SA,trayectoria,24228.0,22221.0,False,False,,,3.900000000001455,,,,0,0,0,Llenando ventana
920,15,WOA,poblacional,24228.0,24228.0,False,False,,,,,,,0,0,0,Llenando ventana
921,15,WOA,poblacional,24228.0,24228.0,False,False,,,,,,,0,0,0,Llenando ventana
922,15,WOA,poblacional,24228.0,24228.0,False,False,,,,,,,0,0,0,Llenando ventana
923,15,WOA,poblacional,24228.0,24228.0,False,False,,,,,,,0,0,0,Llenando ventana
924,15,WOA,poblacional,24228.0,24228.0,False,False,,,,,,,0,0,0,Llenando ventana
925,15,WOA,poblacional,24228.0,24228.0,False,False,,,,,,,0,0,0,Llenando ventana
926,15,WOA,poblacional,24228.0,24228.0,False,False,,,,,,,0,0,0,Llenando ventana
927,15,WOA,poblacional,24228.0,24228.0,False,False,,,,,,,0,0,0,Llenando ventana
928,15,WOA,poblacional,24228.0,24228.0,False,False,,,,,,,0,0,0,Llenando ventana
929,15,WOA,poblacional,24228.0,24228.0,False,False,,,,,,,0,0,0,Llenando ventana
930,15,WOA,poblacional,24228.0,24228.0,False,False,,,,,,,0,0,0,Llenando ventana
931,15,WOA,poblacional,24228.0,24228.0,False,False,,,,,,,0,0,0,Llenando ventana
932,15,WOA,poblacional,24228.0,24228.0,False,False,,,,,,,0,0,0,Llenando ventana
933,15,WOA,poblacional,24228.0,24228.0,False,False,,,,,,,0,0,0,Llenando ventana
934,15,WOA,poblacional,24228.0,24228.0,False,False,,,,,,,0,0,0,Llenando ventana
935,15,WOA,poblacional,24228.0,24228.0,False,False,,,,,,,0,0,0,Llenando ventana
936,15,WOA,poblacional,24228.0,24228.0,False,False,,,,,,,0,0,0,Llenando ventana
937,15,WOA,poblacional,24228.0,24228.0,False,False,,,,,,,0,0,0,Llenando ventana
938,15,WOA,poblacional,24228.0,24228.0,False,False,,,,,,,0,0,0,Llenando ventana
939,15,WOA,poblacional,24228.0,24228.0,False,False,,,,,,,0,0,0,Llenando ventana
940,15,WOA,poblacional,24228.0,24228.0,False,False,,,,,,,0,0,0,Llenando ventana
941,15,WOA,poblacional,24228.0,24228.0,False,False,,,,,,,0,0,0,Llenando ventana
942,15,WOA,poblacional,24228.0,24228.0,False,False,,,,,,,0,0,0,Llenando ventana
943,15,WOA,poblacional,24228.0,24228.0,False,False,,,,,,,0,0,0,Llenando ventana
944,15,WOA,poblacional,24228.0,24228.0,False,False,,,,,,,0,0,0,Llenando ventana
945,15,WOA,poblacional,24228.0,24228.0,False,False,,,,,,,0,0,0,Llenando ventana
946,15,WOA,poblacional,24228.0,24228.0,False,False,,,,,,,0,0,0,Llenando ventana
947,15,WOA,poblacional,24228.0,24228.0,False,False,,,,,,,0,0,0,Llenando ventana
948,15,WOA,poblacional,24228.0,24228.0,False,False,,,,,,,0,0,0,Llenando ventana
949,15,WOA,poblacional,24228.0,24228.0,False,False,,,,,,,0,0,0,Llenando ventana
950,15,WOA,poblacional,24228.0,24228.0,False,False,,,,,,,0,0,0,Llenando ventana
951,15,WOA,poblacional,24228.0,24228.0,False,False,,,,,,,0,0,0,Llenando ventana
952,15,WOA,poblacional,24228.0,24228.0,False,False,,,,,,,0,0,0,Llenando ventana
953,15,WOA,poblacional,24228.0,24228.0,False,False,,,,,,,0,0,0,Llenando ventana
954,15,WOA,poblacional,24228.0,24228.0,False,False,,,,,,,0,0,0,Llenando ventana
955,15,WOA,poblacional,24228.0,24228.0,False,False,,,,,,,0,0,0,Llenando ventana
956,15,WOA,poblacional,24228.0,24228.0,False,False,,,,,,,0,0,0,Llenando ventana
957,15,WOA,poblacional,24228.0,24228.0,False,False,,,,,,,0,0,0,Llenando ventana
958,15,WOA,poblacional,24228.0,24228.0,False,False,,,,,,,0,0,0,Llenando ventana
959,15,WOA,poblacional,24228.0,24228.0,False,False,,,3.900000000001455,,,,0,0,0,Llenando ventana
960,15,WOA,poblacional,24228.0,24228.0,False,False,,,3.900000000001455,,,,0,0,0,Llenando ventana
961,15,WOA,poblacional,24228.0,24228.0,False,False,,,3.900000000001455,,,,0,0,0,Llenando ventana
962,15,WOA,poblacional,24228.0,24228.0,False,False,,,3.900000000001455,,,,0,0,0,Llenando ventana
963,15,WOA,poblacional,24228.0,24228.0,False,False,,,3.900000000001455,,,,0,0,0,Llenando ventana
964,15,WOA,poblacional,24228.0,24228.0,False,False,,,3.900000000001455,,,,0,0,0,Llenando ventana
965,15,WOA,poblacional,24228.0,24228.0,False,False,,,3.900000000001455,,,,0,0,0,Llenando ventana
966,15,WOA,poblacional,24228.0,24228.0,False,False,,,3.900000000001455,,,,0,0,0,Llenando ventana
967,15,WOA,poblacional,24228.0,24228.0,False,False,,,3.900000000001455,,,,0,0,0,Llenando ventana
968,15,WOA,poblacional,24228.0,24228.0,False,False,,,3.900000000001455,,,,0,0,0,Llenando ventana
969,15,WOA,poblacional,24228.0,24228.0,False,False,,,3.900000000001455,,,,0,0,0,Llenando ventana
970,15,WOA,poblacional,24228.0,24228.0,False,False,,,3.900000000001455,,,,0,0,0,Llenando ventana
971,15,WOA,poblacional,24228.0,24228.0,False,False,,,3.900000000001455,,,,0,0,0,Llenando ventana
972,15,WOA,poblacional,24228.0,24228.0,False,False,,,3.900000000001455,,,,0,0,0,Llenando ventana
973,15,WOA,poblacional,24228.0,24228.0,False,False,,,3.900000000001455,,,,0,0,0,Llenando ventana
974,15,WOA,poblacional,24228.0,24228.0,False,False,,,3.900000000001455,,,,0,0,0,Llenando ventana
975,15,WOA,poblacional,24228.0,24228.0,False,False,,,3.900000000001455,,,,0,0,0,Llenando ventana
976,15,WOA,poblacional,24228.0,24228.0,False,False,,,3.900000000001455,,,,0,0,0,Llenando ventana
977,15,WOA,poblacional,24228.0,24228.0,False,False,,,3.900000000001455,,,,0,0,0,Llenando ventana
978,15,WOA,poblacional,24228.0,24228.0,False,False,,,3.900000000001455,,,,0,0,0,Llenando ventana
979,15,WOA,poblacional,24228.0,24228.0,False,False,,,3.900000000001455,,,,0,0,0,Llenando ventana
980,15,WOA,poblacional,24228.0,24228.0,False,False,,,3.900000000001455,,,,0,0,0,Llenando ventana
981,15,WOA,poblacional,24228.0,24228.0,False,False,,,3.900000000001455,,,,0,0,0,Llenando ventana
982,16,TS,trayectoria,24228.0,24228.0,False,False,,,,,,,0,0,0,Llenando ventana
983,16,TS,trayectoria,24228.0,24228.0,False,False,,,,,,,0,0,0,Llenando ventana
984,16,TS,trayectoria,24228.0,24228.0,False,False,,,,,,,0,0,0,Llenando ventana
985,16,TS,trayectoria,24228.0,24228.0,False,False,,,,,,,0,0,0,Llenando ventana
986,16,TS,trayectoria,24228.0,24228.0,False,False,,,,,,,0,0,0,Llenando ventana
987,16,TS,trayectoria,24228.0,24228.0,False,False,,,,,,,0,0,0,Llenando ventana
988,16,TS,trayectoria,24228.0,24228.0,False,False,,,,,,,0,0,0,Llenando ventana
989,16,TS,trayectoria,24228.0,24228.0,False,False,,,,,,,0,0,0,Llenando ventana
990,16,TS,trayectoria,24228.0,24228.0,False,False,,,,,,,0,0,0,Llenando ventana
991,16,TS,trayectoria,24228.0,24228.0,False,False,,,,,,,0,0,0,Llenando ventana
992,16,TS,trayectoria,24228.0,24228.0,False,False,,,,,,,0,0,0,Llenando ventana
993,16,TS,trayectoria,24253.0,24253.0,False,False,,,,,,,0,0,0,Llenando ventana
994,16,TS,trayectoria,24253.0,24253.0,False,False,,,,,,,0,0,0,Llenando ventana
995,16,TS,trayectoria,24253.0,24253.0,False,False,,,,,,,0,0,0,Llenando ventana
996,16,TS,trayectoria,24253.0,24253.0,False,False,,,,,,,0,0,0,Llenando ventana
997,16,TS,trayectoria,24253.0,24253.0,False,False,,,,,,,0,0,0,Llenando ventana
998,16,TS,trayectoria,24253.0,24253.0,False,False,,,,,,,0,0,0,Llenando ventana
999,16,TS,trayectoria,24253.0,24253.0,False,False,,,,,,,0,0,0,Llenando ventana
1000,16,TS,trayectoria,24253.0,24253.0,False,False,,,,,,,0,0,0,Llenando ventana
1001,16,TS,trayectoria,24253.0,24253.0,False,False,,,,,,,0,0,0,Llenando ventana
1002,16,TS,trayectoria,24253.0,24253.0,False,False,,,,,,,0,0,0,Llenando ventana
1003,16,TS,trayectoria,24253.0,24253.0,False,False,,,,,,,0,0,0,Llenando ventana
1004,16,TS,trayectoria,24253.0,24253.0,False,False,,,,,,,0,0,0,Llenando ventana
1005,16,TS,trayectoria,24253.0,24253.0,False,False,,,,,,,0,0,0,Llenando ventana
1006,16,TS,trayectoria,24253.0,24253.0,False,False,,,,,,,0,0,0,Llenando ventana
1007,16,TS,trayectoria,24253.0,24253.0,False,False,,,,,,,0,0,0,Llenando ventana
1008,16,TS,trayectoria,24253.0,24253.0,False,False,,,,,,,0,0,0,Llenando ventana
1009,16,TS,trayectoria,24253.0,24253.0,False,False,,,,,,,0,0,0,Llenando ventana
1010,16,TS,trayectoria,24253.0,24253.0,False,False,,,,,,,0,0,0,Llenando ventana
1011,16,TS,trayectoria,24253.0,24253.0,False,False,,,,,,,0,0,0,Llenando ventana
1012,16,TS,trayectoria,24253.0,24253.0,False,False,,,,,,,0,0,0,Llenando ventana
1013,16,TS,trayectoria,24253.0,24253.0,False,False,,,,,,,0,0,0,Llenando ventana
1014,16,TS,trayectoria,24253.0,24253.0,False,False,,,,,,,0,0,0,Llenando ventana
1015,16,TS,trayectoria,24253.0,24253.0,False,False,,,,,,,0,0,0,Llenando ventana
1016,16,TS,trayectoria,24253.0,24253.0,False,False,,,,,,,0,0,0,Llenando ventana
1017,16,TS,trayectoria,24253.0,24253.0,False,False,,,,,,,0,0,0,Llenando ventana
1018,16,TS,trayectoria,24253.0,24253.0,False,False,,,,,,,0,0,0,Llenando ventana
1019,16,TS,trayectoria,24253.0,24253.0,False,False,,,,,,,0,0,0,Llenando ventana
1020,16,TS,trayectoria,24253.0,24253.0,False,False,,,,,,,0,0,0,Llenando ventana
1021,16,TS,trayectoria,24253.0,24253.0,False,False,,,3.6999999999970896,,,,0,0,0,Llenando ventana
1022,16,TS,trayectoria,24253.0,24253.0,False,False,,,3.6999999999970896,,,,0,0,0,Llenando ventana
1023,16,TS,trayectoria,24253.0,24253.0,False,False,,,3.6999999999970896,,,,0,0,0,Llenando ventana
1024,16,TS,trayectoria,24253.0,24253.0,False,False,,,3.6999999999970896,,,,0,0,0,Llenando ventana
1025,16,TS,trayectoria,24253.0,24253.0,False,False,,,3.6999999999970896,,,,0,0,0,Llenando ventana
1026,16,TS,trayectoria,24253.0,24253.0,False,False,,,3.6999999999970896,,,,0,0,0,Llenando ventana
1027,16,TS,trayectoria,24253.0,24253.0,False,False,,,3.6999999999970896,,,,0,0,0,Llenando ventana
1028,16,TS,trayectoria,24253.0,24253.0,False,False,,,3.6999999999970896,,,,0,0,0,Llenando ventana
1029,16,TS,trayectoria,24253.0,24253.0,False,False,,,3.6999999999970896,,,,0,0,0,Llenando ventana
1030,16,TS,trayectoria,24253.0,24253.0,False,False,,,3.6999999999970896,,,,0,0,0,Llenando ventana
1031,16,TS,trayectoria,24253.0,24253.0,False,False,,,3.7000000000043656,,,,0,0,0,Llenando ventana
1032,16,TS,trayectoria,24253.0,24253.0,False,False,,,3.900000000001455,,,,0,0,0,Llenando ventana
1033,16,TS,trayectoria,24253.0,24253.0,False,False,,,3.900000000001455,,,,0,0,0,Llenando ventana
1034,16,TS,trayectoria,24253.0,24253.0,False,False,,,3.900000000001455,,,,0,0,0,Llenando ventana
1035,16,TS,trayectoria,24253.0,24253.0,False,False,,,3.900000000001455,,,,0,0,0,Llenando ventana
1036,16,TS,trayectoria,24253.0,24253.0,False,False,,,3.900000000001455,,,,0,0,0,Llenando ventana
1037,16,TS,trayectoria,24253.0,24253.0,False,False,,,3.900000000001455,,,,0,0,0,Llenando ventana
