iteracion,epoch,mh,tipo,fitness_best,fitness_instantaneo,dtw_ready,dtw_fire,D1_vs_ramp,D2_vs_const,dtw_delta,theta_c,theta_r,theta_delta,no_improve_len,trigger_streak,window_n,estado_dtw
1,1,PSO,poblacional,1211.6500794814215,1211.6500794814215,False,False,,,,,,,0,0,0,Llenando ventana
2,1,PSO,poblacional,903.6614930185995,903.6614930185995,False,False,,,,,,,0,0,0,Llenando ventana
3,1,PSO,poblacional,636.7765957085073,636.7765957085073,False,False,,,,,,,0,0,0,Llenando ventana
4,1,PSO,poblacional,577.5314932561239,577.5314932561239,False,False,,,,,,,0,0,0,Llenando ventana
5,1,PSO,poblacional,577.5314932561239,600.701357874583,False,False,,,,,,,0,0,0,Llenando ventana
6,1,PSO,poblacional,567.3186603306528,567.3186603306528,False,False,,,,,,,0,0,0,Llenando ventana
7,1,PSO,poblacional,565.1722881518328,565.1722881518328,False,False,,,,,,,0,0,0,Llenando ventana
8,1,PSO,poblacional,486.9531164603911,486.9531164603911,False,False,,,,,,,0,0,0,Llenando ventana
9,1,PSO,poblacional,486.9531164603911,504.134498289941,False,False,,,,,,,0,0,0,Llenando ventana
10,1,PSO,poblacional,486.9531164603911,501.58329812549846,False,False,,,,,,,0,0,0,Llenando ventana
11,1,PSO,poblacional,486.9531164603911,493.07144105166844,False,False,,,,,,,0,0,0,Llenando ventana
12,1,PSO,poblacional,486.9531164603911,488.23458073537586,False,False,,,,,,,0,0,0,Llenando ventana
13,1,PSO,poblacional,483.4928176375435,483.4928176375435,False,False,,,,,,,0,0,0,Llenando ventana
14,1,PSO,poblacional,483.4928176375435,485.7913765221872,False,False,,,,,,,0,0,0,Llenando ventana
15,1,PSO,poblacional,478.98597166820264,478.98597166820264,False,False,,,,,,,0,0,0,Llenando ventana
16,1,PSO,poblacional,472.0822934508495,472.0822934508495,False,False,,,,,,,0,0,0,Llenando ventana
17,1,PSO,poblacional,472.0822934508495,472.6279508940489,False,False,,,,,,,0,0,0,Llenando ventana
18,1,PSO,poblacional,472.0822934508495,476.4970387932797,False,False,,,,,,,0,0,0,Llenando ventana
19,1,PSO,poblacional,472.0822934508495,473.7917697953628,False,False,,,,,,,0,0,0,Llenando ventana
20,1,PSO,poblacional,472.0822934508495,473.4887652438596,False,False,,,,,,,0,0,0,Llenando ventana
21,1,PSO,poblacional,472.0822934508495,472.1175311889968,False,False,,,,,,,0,0,0,Llenando ventana
22,1,PSO,poblacional,472.0822934508495,472.7472919629137,False,False,,,,,,,0,0,0,Llenando ventana
23,1,PSO,poblacional,470.5799507943071,470.5799507943071,False,False,,,,,,,0,0,0,Llenando ventana
24,1,PSO,poblacional,470.5799507943071,473.6849768008109,False,False,,,,,,,0,0,0,Llenando ventana
25,1,PSO,poblacional,470.5799507943071,471.4940967160837,False,False,,,,,,,0,0,0,Llenando ventana
26,1,PSO,poblacional,470.5799507943071,470.60082252660163,False,False,,,,,,,0,0,0,Llenando ventana
27,1,PSO,poblacional,470.5799507943071,471.9309654311687,False,False,,,,,,,0,0,0,Llenando ventana
28,1,PSO,poblacional,469.61893072430854,469.61893072430854,False,False,,,,,,,0,0,0,Llenando ventana
29,1,PSO,poblacional,469.61893072430854,471.2725941500494,False,False,,,,,,,0,0,0,Llenando ventana
30,1,PSO,poblacional,469.4840895895924,469.4840895895924,False,False,,,,,,,0,0,0,Llenando ventana
31,1,PSO,poblacional,468.9852772124689,468.9852772124689,False,False,,,,,,,0,0,0,Llenando ventana
32,1,PSO,poblacional,468.9852772124689,469.09955984949295,False,False,,,,,,,0,0,0,Llenando ventana
33,1,PSO,poblacional,468.9033771882446,468.9033771882446,False,False,,,,,,,0,0,0,Llenando ventana
34,1,PSO,poblacional,468.9033771882446,469.07194831536003,False,False,,,,,,,0,0,0,Llenando ventana
35,1,PSO,poblacional,468.9033771882446,468.934063973005,False,False,,,,,,,0,0,0,Llenando ventana
36,1,PSO,poblacional,468.9033771882446,468.9345290726545,False,False,,,,,,,0,0,0,Llenando ventana
37,1,PSO,poblacional,468.854611461112,468.854611461112,False,False,,,,,,,0,0,0,Llenando ventana
38,1,PSO,poblacional,468.73646017193937,468.73646017193937,False,False,,,,,,,0,0,0,Llenando ventana
39,1,PSO,poblacional,468.73646017193937,468.77552549999837,False,False,,,,,,,0,0,0,Llenando ventana
40,1,PSO,poblacional,468.7148759133592,468.7148759133592,False,False,,,-170.13216161709352,,,,0,0,0,Llenando ventana
41,1,PSO,poblacional,468.7148759133592,468.80022728371534,False,False,,,-99.60277531709835,,,,0,0,0,Llenando ventana
42,1,PSO,poblacional,468.7148759133592,468.7458758766798,False,False,,,-38.4861338330893,,,,0,0,0,Llenando ventana
43,1,PSO,poblacional,468.7148759133592,468.72566636351155,False,False,,,-24.64696382813645,,,,0,0,0,Llenando ventana
44,1,PSO,poblacional,468.52720831578387,468.52720831578387,False,False,,,-24.961981251336965,,,,0,0,0,Llenando ventana
45,1,PSO,poblacional,468.5105939064557,468.5105939064557,False,False,,,-22.627047211142326,,,,0,0,0,Llenando ventana
46,1,PSO,poblacional,468.4887415418284,468.4887415418284,False,False,,,-22.140532173693828,,,,0,0,0,Llenando ventana
47,1,PSO,poblacional,468.4293403043344,468.4293403043344,False,False,,,-4.00113564970809,,,,0,0,0,Llenando ventana
48,1,PSO,poblacional,468.2779741630969,468.2779741630969,False,False,,,-4.108531305404767,,,,0,0,0,Llenando ventana
49,1,PSO,poblacional,468.2779741630969,468.330647587315,False,False,,,-4.173894303445195,,,,0,0,0,Llenando ventana
50,1,PSO,poblacional,468.2779741630969,468.2900331927816,False,False,,,-4.2299197303370875,,,,0,0,0,Llenando ventana
51,1,PSO,poblacional,468.2499858634864,468.2499858634864,False,False,,,-4.283016906691046,,,,0,0,0,Llenando ventana
52,1,PSO,poblacional,468.24220130681624,468.24220130681624,False,False,,,-3.4542645989095035,,,,0,0,0,Llenando ventana
53,1,PSO,poblacional,468.24220130681624,468.255911211742,False,False,,,-3.4923911397363554,,,,0,0,0,Llenando ventana
54,1,PSO,poblacional,468.24220130681624,468.2593164951543,False,False,,,-2.460323412757589,,,,0,0,0,Llenando ventana
55,1,PSO,poblacional,468.23972205673374,468.23972205673374,False,False,,,-0.7934909928849265,,,,0,0,0,Llenando ventana
56,1,PSO,poblacional,468.22703384528387,468.22703384528387,False,False,,,-0.8153874065772015,,,,0,0,0,Llenando ventana
57,1,PSO,poblacional,468.13707136120604,468.13707136120604,False,False,,,-0.8521679713631443,,,,0,0,0,Llenando ventana
58,1,PSO,poblacional,468.00025570527043,468.00025570527043,False,False,,,-0.8980483040272134,,,,0,0,0,Llenando ventana
59,1,PSO,poblacional,467.89008355214986,467.89008355214986,False,False,,,-0.93695891235933,,,,0,0,0,Llenando ventana
60,1,PSO,poblacional,467.7962094395534,467.7962094395534,False,False,,,-0.9707980285585336,,,,0,0,0,Llenando ventana
61,1,PSO,poblacional,467.5265762651743,467.5265762651743,False,False,,,-1.0432592355194288,,,,0,0,0,Llenando ventana
62,1,PSO,poblacional,467.01391995625625,467.01391995625625,False,False,,,-0.7702626610188759,,,,0,0,0,Llenando ventana
63,1,PSO,poblacional,466.3502370705422,466.3502370705422,False,False,,,-0.930537019228268,,,,0,0,0,Llenando ventana
64,1,PSO,poblacional,464.3651868799242,464.3651868799242,False,False,,,-1.3889997348649104,,,,0,0,0,Llenando ventana
65,1,PSO,poblacional,448.3603878489969,448.3603878489969,False,False,,,-5.032731007112659,,,,0,0,0,Llenando ventana
66,1,PSO,poblacional,439.7734424809491,439.7734424809491,False,False,,,-7.054690403759082,,,,0,0,0,Llenando ventana
67,1,PSO,poblacional,438.71520400413664,438.71520400413664,False,False,,,-6.999694102118951,,,,0,0,0,Llenando ventana
68,1,PSO,poblacional,438.71520400413664,443.08050124968844,False,False,,,-7.076953418919402,,,,0,0,0,Llenando ventana
69,1,PSO,poblacional,438.71520400413664,442.9093510178094,False,False,,,-7.046074799069174,,,,0,0,0,Llenando ventana
70,1,PSO,poblacional,438.71520400413664,442.1805869768887,False,False,,,-6.856171581687249,,,,0,0,0,Llenando ventana
71,1,PSO,poblacional,437.3452200393414,437.3452200393414,False,False,,,-7.245573092646225,,,,0,0,0,Llenando ventana
72,1,PSO,poblacional,436.5597091528697,436.5597091528697,False,False,,,-7.228809805906224,,,,0,0,0,Llenando ventana
73,1,PSO,poblacional,432.66063944583607,432.66063944583607,False,False,,,-8.190858729784225,,,,0,0,0,Llenando ventana
74,1,PSO,poblacional,432.66063944583607,432.76032733912194,False,False,,,-8.26894258475005,,,,0,0,0,Llenando ventana
75,1,PSO,poblacional,431.14104973277983,431.14104973277983,False,False,,,-8.682209679130267,,,,0,0,0,Llenando ventana
76,1,PSO,poblacional,430.7560466738165,430.7560466738165,False,False,,,-8.724571336290865,,,,0,0,0,Llenando ventana
77,1,PSO,poblacional,429.7178589949151,429.7178589949151,False,False,,,-8.507295335919252,,,,0,0,0,Llenando ventana
78,1,PSO,poblacional,424.9158576523579,424.9158576523579,False,False,,,-9.703003031290962,,,,0,0,0,Llenando ventana
79,1,PSO,poblacional,420.6846629270771,420.6846629270771,False,False,,,-10.56664685698206,,,,0,0,0,Llenando ventana
80,1,PSO,poblacional,413.1958409061755,413.1958409061755,False,False,,,-12.408504324105593,,,,0,0,0,Llenando ventana
81,1,PSO,poblacional,412.69333113950455,412.69333113950455,False,False,,,-12.68887989127802,,,,0,0,0,Llenando ventana
82,1,PSO,poblacional,408.74028466880026,408.74028466880026,False,False,,,-13.734181395004043,,,,0,0,0,Llenando ventana
83,1,PSO,poblacional,408.74028466880026,414.39651315914017,False,False,,,-13.648565215775875,,,,0,0,0,Llenando ventana
84,1,PSO,poblacional,408.74028466880026,411.8991473917257,False,False,,,-13.701220390059007,,,,0,0,0,Llenando ventana
85,1,PSO,poblacional,408.74028466880026,408.9017984672548,False,False,,,-13.741797861417353,,,,0,0,0,Llenando ventana
86,1,PSO,poblacional,405.5577510911121,405.5577510911121,False,False,,,-14.393541518043094,,,,0,0,0,Llenando ventana
87,1,PSO,poblacional,404.97901160001754,404.97901160001754,False,False,,,-13.408720760313486,,,,0,0,0,Llenando ventana
88,1,PSO,poblacional,404.9112494613096,404.9112494613096,False,False,,,-13.693152453518223,,,,0,0,0,Llenando ventana
89,1,PSO,poblacional,404.9112494613096,404.92414513960813,False,False,,,-13.932449999838127,,,,0,0,0,Llenando ventana
90,1,PSO,poblacional,404.9112494613096,405.07563865895975,False,False,,,-13.874747883265627,,,,0,0,0,Llenando ventana
91,1,PSO,poblacional,404.9112494613096,405.1822336924597,False,False,,,-14.035278245905829,,,,0,0,0,Llenando ventana
92,1,PSO,poblacional,404.9112494613096,405.7090651271079,False,False,,,-14.215137583600153,,,,0,0,0,Llenando ventana
93,1,PSO,poblacional,403.96872093872435,403.96872093872435,False,False,,,-14.577756684260748,,,,0,0,0,Llenando ventana
94,1,PSO,poblacional,403.96872093872435,404.40645601298263,False,False,,,-14.69205271300416,,,,0,0,0,Llenando ventana
95,1,PSO,poblacional,402.9192711231127,402.9192711231127,False,False,,,-15.00412986474862,,,,0,0,0,Llenando ventana
96,1,PSO,poblacional,402.20638871074095,402.20638871074095,False,False,,,-15.098126326956617,,,,0,0,0,Llenando ventana
97,1,PSO,poblacional,401.3873963975445,401.3873963975445,False,False,,,-15.277398346963764,,,,0,0,0,Llenando ventana
98,1,PSO,poblacional,401.24771001286376,401.24771001286376,False,False,,,-15.306603622691455,,,,0,0,0,Llenando ventana
99,1,PSO,poblacional,401.24771001286376,401.8508684480514,False,False,,,-15.239606368711748,,,,0,0,0,Llenando ventana
100,1,PSO,poblacional,401.24771001286376,401.307950878909,False,False,,,-15.177860371778934,,,,0,0,0,Llenando ventana
101,1,PSO,poblacional,400.72771623209957,400.72771623209957,False,False,,,-15.179540652832202,,,,0,0,0,Llenando ventana
102,1,PSO,poblacional,400.72771623209957,400.8345689835106,False,False,,,-15.027557272003833,,,,0,0,0,Llenando ventana
103,1,PSO,poblacional,400.72771623209957,400.9716489778663,False,False,,,-14.572980778352303,,,,0,0,0,Llenando ventana
104,1,PSO,poblacional,400.72771623209957,400.965902357572,False,False,,,-10.907881800269479,,,,0,0,0,Llenando ventana
105,1,PSO,poblacional,400.72771623209957,400.7978306711114,False,False,,,-8.941471310986913,,,,0,0,0,Llenando ventana
106,1,PSO,poblacional,400.6599341334087,400.6599341334087,False,False,,,-8.372159371560087,,,,0,0,0,Llenando ventana
107,1,PSO,poblacional,400.6599341334087,400.6716257666472,False,False,,,-8.505352816107688,,,,0,0,0,Llenando ventana
108,1,PSO,poblacional,400.6599341334087,400.68495654788643,False,False,,,-8.619518625720048,,,,0,0,0,Llenando ventana
109,1,PSO,poblacional,400.61704837958445,400.61704837958445,False,False,,,-8.724477638022336,,,,0,0,0,Llenando ventana
110,1,PSO,poblacional,400.61704837958445,400.6296118715097,False,False,,,-8.410751310084152,,,,0,0,0,Llenando ventana
111,1,PSO,poblacional,400.5409492369633,400.5409492369633,False,False,,,-8.2482960207426,,,,0,0,0,Llenando ventana
112,1,PSO,poblacional,400.5409492369633,400.64437979351334,False,False,,,-7.2751098323092265,,,,0,0,0,Llenando ventana
113,1,PSO,poblacional,400.5409492369633,400.59341036694474,False,False,,,-7.355409057831366,,,,0,0,0,Llenando ventana
114,1,PSO,poblacional,400.5409492369633,400.595698849094,False,False,,,-7.007423013542052,,,,0,0,0,Llenando ventana
115,1,PSO,poblacional,400.4859764829324,400.4859764829324,False,False,,,-6.931846073712791,,,,0,0,0,Llenando ventana
116,1,PSO,poblacional,400.4859764829324,400.54145699533655,False,False,,,-6.69410109524415,,,,0,0,0,Llenando ventana
117,1,PSO,poblacional,400.4679382200404,400.4679382200404,False,False,,,-5.598573550001106,,,,0,0,0,Llenando ventana
118,1,PSO,poblacional,400.4548687393439,400.4548687393439,False,False,,,-4.63262286899112,,,,0,0,0,Llenando ventana
119,1,PSO,poblacional,400.4548687393439,400.47368214299746,False,False,,,-2.917682626204453,,,,0,0,0,Llenando ventana
120,1,PSO,poblacional,400.4356949349382,400.4356949349382,False,False,,,-2.806998690845603,,,,0,0,0,Llenando ventana
121,1,PSO,poblacional,400.4356949349382,400.45521857827794,False,False,,,-1.827009741449615,,,,0,0,0,Llenando ventana
122,1,PSO,poblacional,400.4356949349382,400.48242538031354,False,False,,,-1.8560758055181168,,,,0,0,0,Llenando ventana
123,1,PSO,poblacional,400.3882620974488,400.3882620974488,False,False,,,-1.8917331124110888,,,,0,0,0,Llenando ventana
124,1,PSO,poblacional,400.3882620974488,400.39505615333644,False,False,,,-1.9126131688394707,,,,0,0,0,Llenando ventana
125,1,PSO,poblacional,400.37913008499777,400.37913008499777,False,False,,,-1.185904210400281,,,,0,0,0,Llenando ventana
126,1,PSO,poblacional,400.37913008499777,400.3973680182347,False,False,,,-1.0533728669393554,,,,0,0,0,Llenando ventana
127,1,PSO,poblacional,400.35831438275727,400.35831438275727,False,False,,,-0.9834339769672624,,,,0,0,0,Llenando ventana
128,1,PSO,poblacional,400.35721368222397,400.35721368222397,False,False,,,-1.0018878713987078,,,,0,0,0,Llenando ventana
129,1,PSO,poblacional,400.35721368222397,400.3606127110186,False,False,,,-1.0178269966255584,,,,0,0,0,Llenando ventana
130,1,PSO,poblacional,400.35721368222397,400.36089086997765,False,False,,,-1.0314891039628264,,,,0,0,0,Llenando ventana
131,1,PSO,poblacional,400.35721368222397,400.36169083638237,False,False,,,-1.042874193410512,,,,0,0,0,Llenando ventana
132,1,PSO,poblacional,400.3135928229996,400.3135928229996,False,False,,,-0.8278865182115851,,,,0,0,0,Llenando ventana
133,1,PSO,poblacional,400.3135928229996,400.3178454076389,False,False,,,-0.8370243385008962,,,,0,0,0,Llenando ventana
134,1,PSO,poblacional,400.3117104155069,400.3117104155069,False,False,,,-0.597131402041839,,,,0,0,0,Llenando ventana
135,1,PSO,poblacional,400.3112823461671,400.3112823461671,False,False,,,-0.4339793574874875,,,,0,0,0,Llenando ventana
136,1,PSO,poblacional,400.304780836854,400.304780836854,False,False,,,-0.24791896339809227,,,,0,0,0,Llenando ventana
137,1,PSO,poblacional,400.3034127759064,400.3034127759064,False,False,,,-0.22350000000000136,,,,0,0,0,Llenando ventana
138,1,PSO,poblacional,400.3034127759064,400.3050330731605,False,False,,,-0.2265000000000441,,,,0,0,0,Llenando ventana
139,1,PSO,poblacional,400.3034127759064,400.3051230291502,False,False,,,-0.22900000000009868,,,,0,0,0,Llenando ventana
140,1,PSO,poblacional,400.2998992831043,400.2998992831043,False,False,,,-0.21599999999995134,,,,0,0,0,Llenando ventana
141,1,PSO,poblacional,400.29921202276336,400.29921202276336,False,False,,,-0.21999999999997044,,,,0,0,0,Llenando ventana
142,1,PSO,poblacional,400.29921202276336,400.3016908071886,False,False,,,-0.22350000000000136,,,,0,0,0,Llenando ventana
143,1,PSO,poblacional,400.2964405681845,400.2964405681845,False,False,,,-0.2265000000000441,,,,0,0,0,Llenando ventana
144,1,PSO,poblacional,400.2964405681845,400.2975199597832,False,False,,,-0.22900000000009868,,,,0,0,0,Llenando ventana
145,1,PSO,poblacional,400.2964405681845,400.29808108138525,False,False,,,-0.22350000000000136,,,,0,0,0,Llenando ventana
146,1,PSO,poblacional,400.2922232582784,400.2922232582784,False,False,,,-0.2265000000000441,,,,0,0,0,Llenando ventana
147,1,PSO,poblacional,400.2922232582784,400.29325546649613,False,False,,,-0.22900000000009868,,,,0,0,0,Llenando ventana
148,1,PSO,poblacional,400.2922232582784,400.29234946734954,False,False,,,-0.2265000000000441,,,,0,0,0,Llenando ventana
149,1,PSO,poblacional,400.2922232582784,400.29293537874435,False,False,,,-0.22900000000009868,,,,0,0,0,Llenando ventana
150,1,PSO,poblacional,400.2922232582784,400.2933918739514,False,False,,,-0.21999999999997044,,,,0,0,0,Llenando ventana
151,1,PSO,poblacional,400.2922232582784,400.2927684788403,False,False,,,-0.22350000000000136,,,,0,0,0,Llenando ventana
152,1,PSO,poblacional,400.2915987071331,400.2915987071331,False,False,,,-0.2265000000000441,,,,0,0,0,Llenando ventana
153,1,PSO,poblacional,400.2910369553119,400.2910369553119,False,False,,,-0.22900000000009868,,,,0,0,0,Llenando ventana
154,1,PSO,poblacional,400.29035258431065,400.29035258431065,False,False,,,-0.2265000000000441,,,,0,0,0,Llenando ventana
155,1,PSO,poblacional,400.2898053706188,400.2898053706188,False,False,,,-0.22900000000009868,,,,0,0,0,Llenando ventana
156,1,PSO,poblacional,400.2898053706188,400.28992856605083,False,False,,,-0.22900000000009868,,,,0,0,0,Llenando ventana
157,1,PSO,poblacional,400.28968022372516,400.28968022372516,False,False,,,-0.2265000000000441,,,,0,0,0,Llenando ventana
158,1,PSO,poblacional,400.28956581507293,400.28956581507293,False,False,,,-0.22900000000009868,,,,0,0,0,Llenando ventana
159,1,PSO,poblacional,400.2886974238812,400.2886974238812,False,False,,,-0.22350000000000136,,,,0,0,0,Llenando ventana
160,1,PSO,poblacional,400.28748333334914,400.28748333334914,False,False,,,-0.2265000000000441,,,,0,0,0,Llenando ventana
161,1,PSO,poblacional,400.2869811418908,400.2869811418908,False,False,,,-0.22900000000009868,,,,0,0,0,Llenando ventana
162,1,PSO,poblacional,400.2868178320258,400.2868178320258,False,False,,,-0.2265000000000441,,,,0,0,0,Llenando ventana
163,1,PSO,poblacional,400.28614747447733,400.28614747447733,False,False,,,-0.22900000000009868,,,,0,0,0,Llenando ventana
164,1,PSO,poblacional,400.28599439326456,400.28599439326456,False,False,,,-0.2265000000000441,,,,0,0,0,Llenando ventana
165,1,PSO,poblacional,400.28578432340305,400.28578432340305,False,False,,,-0.22900000000009868,,,,0,0,0,Llenando ventana
166,1,PSO,poblacional,400.2844110085026,400.2844110085026,False,False,,,-0.22610420319966806,,,,0,0,0,Llenando ventana
167,1,PSO,poblacional,400.283686801755,400.283686801755,False,False,,,-0.21999999999997044,,,,0,0,0,Llenando ventana
168,1,PSO,poblacional,400.2824930653618,400.2824930653618,False,False,,,-0.22350000000000136,,,,0,0,0,Llenando ventana
169,1,PSO,poblacional,400.28239613531616,400.28239613531616,False,False,,,-0.2265000000000441,,,,0,0,0,Llenando ventana
170,1,PSO,poblacional,400.2814961516829,400.2814961516829,False,False,,,-0.22900000000009868,,,,0,0,0,Llenando ventana
171,1,PSO,poblacional,400.2799887027801,400.2799887027801,False,False,,,-0.22723518501464923,,,,0,0,0,Llenando ventana
172,1,PSO,poblacional,400.27944149802676,400.27944149802676,False,False,,,-0.2291175925073503,,,,0,0,0,Llenando ventana
173,1,PSO,poblacional,400.27918969231735,400.27918969231735,False,False,,,-0.22871227735930688,,,,0,0,0,Llenando ventana
174,1,PSO,poblacional,400.27895191903525,400.27895191903525,False,False,,,-0.22900000000009868,,,,0,0,0,Llenando ventana
175,1,PSO,poblacional,400.27715405741134,400.27715405741134,False,False,,,-0.2287361218951105,,,,0,0,0,Llenando ventana
176,1,PSO,poblacional,400.27715405741134,400.27801846028984,False,False,,,-0.22350000000000136,,,,0,0,0,Llenando ventana
177,1,PSO,poblacional,400.2768327899118,400.2768327899118,False,False,,,-0.2265000000000441,,,,0,0,0,Llenando ventana
178,1,PSO,poblacional,400.2766412038486,400.2766412038486,False,False,,,-0.22900000000009868,,,,0,0,0,Llenando ventana
179,1,PSO,poblacional,400.27584729909756,400.27584729909756,False,False,,,-0.22793630170474444,,,,0,0,0,Llenando ventana
180,1,PSO,poblacional,400.27534390118353,400.27534390118353,False,False,,,-0.2265000000000441,,,,0,0,0,Llenando ventana
181,1,PSO,poblacional,400.27534390118353,400.2756390272892,False,False,,,-0.22900000000009868,,,,0,0,0,Llenando ventana
182,1,PSO,poblacional,400.2751585104484,400.2751585104484,False,False,,,-0.22350000000000136,,,,0,0,0,Llenando ventana
183,1,PSO,poblacional,400.2739849356838,400.2739849356838,False,False,,,-0.2265000000000441,,,,0,0,0,Llenando ventana
184,1,PSO,poblacional,400.2731602573481,400.2731602573481,False,False,,,-0.22900000000009868,,,,0,0,0,Llenando ventana
185,1,PSO,poblacional,400.2729087040528,400.2729087040528,False,False,,,-0.20946184544942525,,,,0,0,0,Llenando ventana
186,1,PSO,poblacional,400.2729087040528,400.2733637985671,False,False,,,-0.21420177037867916,,,,0,0,0,Llenando ventana
187,1,PSO,poblacional,400.2715269814172,400.2715269814172,False,False,,,-0.2186759359815369,,,,0,0,0,Llenando ventana
188,1,PSO,poblacional,400.27021856276366,400.27021856276366,False,False,,,-0.22265010158440646,,,,0,0,0,Llenando ventana
189,1,PSO,poblacional,400.27021856276366,400.2703393517855,False,False,,,-0.22617593598158692,,,,0,0,0,Llenando ventana
190,1,PSO,poblacional,400.26960983363904,400.26960983363904,False,False,,,-0.22931204348918754,,,,0,0,0,Llenando ventana
191,1,PSO,poblacional,400.2687279386608,400.2687279386608,False,False,,,-0.22780934232804384,,,,0,0,0,Llenando ventana
192,1,PSO,poblacional,400.26749987554007,400.26749987554007,False,False,,,-0.22681096110414956,,,,0,0,0,Llenando ventana
193,1,PSO,poblacional,400.26602384628524,400.26602384628524,False,False,,,-0.22472858050531386,,,,0,0,0,Llenando ventana
194,1,PSO,poblacional,400.264869810588,400.264869810588,False,False,,,-0.2241932770772337,,,,0,0,0,Llenando ventana
195,1,PSO,poblacional,400.26384764715783,400.26384764715783,False,False,,,-0.22651531434689787,,,,0,0,0,Llenando ventana
196,1,PSO,poblacional,400.2638164049078,400.2638164049078,False,False,,,-0.2282916254884526,,,,0,0,0,Llenando ventana
197,1,PSO,poblacional,400.26224769849466,400.26224769849466,False,False,,,-0.229868391191701,,,,0,0,0,Llenando ventana
198,1,PSO,poblacional,400.26224769849466,400.264608149096,False,False,,,-0.22999999999996135,,,,0,0,0,Llenando ventana
199,1,PSO,poblacional,400.26224769849466,400.26241848780046,False,False,,,-0.22677042392353997,,,,0,0,0,Llenando ventana
200,1,PSO,poblacional,400.25995880983317,400.25995880983317,False,False,,,-0.22618359013176814,,,,0,0,0,Llenando ventana
201,1,PSO,poblacional,400.2596685236131,400.2596685236131,False,False,,,-0.22766019372221535,,,,0,0,0,Llenando ventana
202,1,PSO,poblacional,400.25814228345956,400.25814228345956,False,False,,,-0.22725876672274126,,,,0,0,0,Llenando ventana
203,1,PSO,poblacional,400.25814228345956,400.2595587691378,False,False,,,-0.2286735099222028,,,,0,0,0,Llenando ventana
204,1,PSO,poblacional,400.25814228345956,400.25837412239724,False,False,,,-0.22975337019914832,,,,0,0,0,Llenando ventana
205,1,PSO,poblacional,400.2576426314779,400.2576426314779,False,False,,,-0.22967262024292268,,,,0,0,0,Llenando ventana
206,1,PSO,poblacional,400.25713951291675,400.25713951291675,False,False,,,-0.22959693004560222,,,,0,0,0,Llenando ventana
207,1,PSO,poblacional,400.25713951291675,400.25795433826045,False,False,,,-0.22828153117347938,,,,0,0,0,Llenando ventana
208,1,PSO,poblacional,400.25713951291675,400.25733729794337,False,False,,,-0.2298999836332314,,,,0,0,0,Llenando ventana
209,1,PSO,poblacional,400.25652677306573,400.25652677306573,False,False,,,-0.22949255109722344,,,,0,0,0,Llenando ventana
210,1,PSO,poblacional,400.2556219956296,400.2556219956296,False,False,,,-0.22761035123437523,,,,0,0,0,Llenando ventana
211,1,PSO,poblacional,400.2550300473314,400.2550300473314,False,False,,,-0.22716045434214038,,,,0,0,0,Llenando ventana
212,1,PSO,poblacional,400.2540672428529,400.2540672428529,False,False,,,-0.2281532315045638,,,,0,0,0,Llenando ventana
213,1,PSO,poblacional,400.25341866255263,400.25341866255263,False,False,,,-0.229202138376138,,,,0,0,0,Llenando ventana
214,1,PSO,poblacional,400.2479386045866,400.2479386045866,False,False,,,-0.22307591968683482,,,,0,0,0,Llenando ventana
215,1,PSO,poblacional,400.2479386045866,400.2495324684495,False,False,,,-0.22624504141435864,,,,0,0,0,Llenando ventana
216,1,PSO,poblacional,400.2479386045866,400.2498413007174,False,False,,,-0.22673514431374997,,,,0,0,0,Llenando ventana
217,1,PSO,poblacional,400.2479386045866,400.24939591383077,False,False,,,-0.22818077360074085,,,,0,0,0,Llenando ventana
218,1,PSO,poblacional,400.24728458536373,400.24728458536373,False,False,,,-0.22675515459656026,,,,0,0,0,Llenando ventana
219,1,PSO,poblacional,400.24728458536373,400.24793738861723,False,False,,,-0.22647092270165103,,,,0,0,0,Llenando ventana
220,1,PSO,poblacional,400.24728458536373,400.24775280571924,False,False,,,-0.22874156294045633,,,,0,0,0,Llenando ventana
221,1,PSO,poblacional,400.24728458536373,400.2473754568718,False,False,,,-0.22999999999996135,,,,0,0,0,Llenando ventana
222,1,PSO,poblacional,400.24686290898353,400.24686290898353,False,False,,,-0.2279802481882598,,,,0,0,0,Llenando ventana
223,1,PSO,poblacional,400.2467205962142,400.2467205962142,False,False,,,-0.2271213839550228,,,,0,0,0,Llenando ventana
224,1,PSO,poblacional,400.2467205962142,400.24680745377503,False,False,,,-0.22811827736438772,,,,0,0,0,Llenando ventana
225,1,PSO,poblacional,400.24603785567456,400.24603785567456,False,False,,,-0.22973655472884502,,,,0,0,0,Llenando ventana
226,1,PSO,poblacional,400.24603785567456,400.24618614640826,False,False,,,-0.22949999999997317,,,,0,0,0,Llenando ventana
227,1,PSO,poblacional,400.2460014995931,400.2460014995931,False,False,,,-0.22769870645498713,,,,0,0,0,Llenando ventana
228,1,PSO,poblacional,400.2454479758683,400.2454479758683,False,False,,,-0.2297080823521469,,,,0,0,0,Llenando ventana
229,1,PSO,poblacional,400.2453703959045,400.2453703959045,False,False,,,-0.2298818949782344,,,,0,0,0,Llenando ventana
230,1,PSO,poblacional,400.24504632774926,400.24504632774926,False,False,,,-0.22999999999996135,,,,0,0,0,Llenando ventana
231,1,PSO,poblacional,400.24504632774926,400.2450581369687,False,False,,,-0.22954794149035251,,,,0,0,0,Llenando ventana
232,1,PSO,poblacional,400.2446876308269,400.2446876308269,False,False,,,-0.22999999999996135,,,,0,0,0,Llenando ventana
233,1,PSO,poblacional,400.2446876308269,400.2450601968115,False,False,,,-0.22913805361031336,,,,0,0,0,Llenando ventana
234,1,PSO,poblacional,400.24448203124314,400.24448203124314,False,False,,,-0.22682486632646714,,,,0,0,0,Llenando ventana
235,1,PSO,poblacional,400.2433552846045,400.2433552846045,False,False,,,-0.2290687064131589,,,,0,0,0,Llenando ventana
236,1,PSO,poblacional,400.24187463369225,400.24187463369225,False,False,,,-0.22442222267710576,,,,0,0,0,Llenando ventana
237,1,PSO,poblacional,400.2378048402433,400.2378048402433,False,False,,,-0.22671111133860222,,,,0,0,0,Llenando ventana
238,1,PSO,poblacional,400.2378048402433,400.23820267116815,False,False,,,-0.22900000000009868,,,,0,0,0,Llenando ventana
239,1,PSO,poblacional,400.2360756605328,400.2360756605328,False,False,,,-0.22782597886680378,,,,0,0,0,Llenando ventana
240,1,PSO,poblacional,400.2358672086342,400.2358672086342,False,False,,,-0.22858426154618883,,,,0,0,0,Llenando ventana
241,1,PSO,poblacional,400.2358672086342,400.2362409196288,False,False,,,-0.21984844998308972,,,,0,0,0,Llenando ventana
242,1,PSO,poblacional,400.23359817863275,400.23359817863275,False,False,,,-0.22323621385487513,,,,0,0,0,Llenando ventana
243,1,PSO,poblacional,400.23072353529346,400.23072353529346,False,False,,,-0.22621592602490637,,,,0,0,0,Llenando ventana
244,1,PSO,poblacional,400.23072353529346,400.2318581668069,False,False,,,-0.22573795394652052,,,,0,0,0,Llenando ventana
245,1,PSO,poblacional,400.22997962816675,400.22997962816675,False,False,,,-0.22533494528744313,,,,0,0,0,Llenando ventana
246,1,PSO,poblacional,400.2294566877764,400.2294566877764,False,False,,,-0.22772547970208734,,,,0,0,0,Llenando ventana
247,1,PSO,poblacional,400.2294566877764,400.2297960838756,False,False,,,-0.22970796241497737,,,,0,0,0,Llenando ventana
248,1,PSO,poblacional,400.2294566877764,400.2296349450981,False,False,,,-0.22999672573433827,,,,0,0,0,Llenando ventana
249,1,PSO,poblacional,400.22862010790396,400.22862010790396,False,False,,,-0.2296291438198068,,,,0,0,0,Llenando ventana
250,1,PSO,poblacional,400.22862010790396,400.2287650550147,False,False,,,-0.2299628044784754,,,,0,0,0,Llenando ventana
251,1,PSO,poblacional,400.22862010790396,400.2288992898441,False,False,,,-0.2294457409008146,,,,0,0,0,Llenando ventana
252,1,PSO,poblacional,400.2278475156841,400.2278475156841,False,False,,,-0.22900000000009868,,,,0,0,0,Llenando ventana
253,1,PSO,poblacional,400.2276339165341,400.2276339165341,False,False,,,-0.18274232047753003,,,,0,0,0,Llenando ventana
254,1,PSO,poblacional,400.227532595446,400.227532595446,False,False,,,-0.19023074693183162,,,,0,0,0,Llenando ventana
255,1,PSO,poblacional,400.2267410521481,400.2267410521481,False,False,,,-0.19687140186158558,,,,0,0,0,Llenando ventana
256,1,PSO,poblacional,400.2267410521481,400.2271639730218,False,False,,,-0.2029353727559169,,,,0,0,0,Llenando ventana
257,1,PSO,poblacional,400.2267410521481,400.2273804276755,False,False,,,-0.19676923987742612,,,,0,0,0,Llenando ventana
258,1,PSO,poblacional,400.2267410521481,400.22689180680845,False,False,,,-0.20236282501161895,,,,0,0,0,Llenando ventana
259,1,PSO,poblacional,400.2263252449936,400.2263252449936,False,False,,,-0.20777277668310035,,,,0,0,0,Llenando ventana
260,1,PSO,poblacional,400.2263252449936,400.22641443701167,False,False,,,-0.21318272835458174,,,,0,0,0,Llenando ventana
261,1,PSO,poblacional,400.2262665580335,400.2262665580335,False,False,,,-0.211282010259481,,,,0,0,0,Llenando ventana
262,1,PSO,poblacional,400.2262665580335,400.226656935495,False,False,,,-0.21413603190387676,,,,0,0,0,Llenando ventana
263,1,PSO,poblacional,400.2262665580335,400.2264395748125,False,False,,,-0.21877072029423061,,,,0,0,0,Llenando ventana
264,1,PSO,poblacional,400.226104382582,400.226104382582,False,False,,,-0.214443586551738,,,,0,0,0,Llenando ventana
265,1,PSO,poblacional,400.22575320663,400.22575320663,False,False,,,-0.218606808534048,,,,0,0,0,Llenando ventana
266,1,PSO,poblacional,400.22560085122257,400.22560085122257,False,False,,,-0.22201804644112144,,,,0,0,0,Llenando ventana
267,1,PSO,poblacional,400.2255956236598,400.2255956236598,False,False,,,-0.2201024572660799,,,,0,0,0,Llenando ventana
268,1,PSO,poblacional,400.225276543498,400.225276543498,False,False,,,-0.22279429060506573,,,,0,0,0,Llenando ventana
269,1,PSO,poblacional,400.22522780738655,400.22522780738655,False,False,,,-0.22329236965271093,,,,0,0,0,Llenando ventana
270,1,PSO,poblacional,400.22432511700333,400.22432511700333,False,False,,,-0.22610132650794412,,,,0,0,0,Llenando ventana
271,1,PSO,poblacional,400.22310199301995,400.22310199301995,False,False,,,-0.22665474455737922,,,,0,0,0,Llenando ventana
272,1,PSO,poblacional,400.2228998030868,400.2228998030868,False,False,,,-0.22882239833501217,,,,0,0,0,Llenando ventana
273,1,PSO,poblacional,400.2206157510633,400.2206157510633,False,False,,,-0.22999999999996135,,,,0,0,0,Llenando ventana
274,1,PSO,poblacional,400.2196763862206,400.2196763862206,False,False,,,-0.2295386981755314,,,,0,0,0,Llenando ventana
275,1,PSO,poblacional,400.21955723575,400.21955723575,False,False,,,-0.22900000000009868,,,,0,0,0,Llenando ventana
276,1,PSO,poblacional,400.21852895050245,400.21852895050245,False,False,,,-0.22741690379717738,,,,0,0,0,Llenando ventana
277,1,PSO,poblacional,400.216930922984,400.216930922984,False,False,,,-0.22927082028951418,,,,0,0,0,Llenando ventana
278,1,PSO,poblacional,400.21660962298523,400.21660962298523,False,False,,,-0.225481681390022,,,,0,0,0,Llenando ventana
279,1,PSO,poblacional,400.21449043545636,400.21449043545636,False,False,,,-0.22673096999864129,,,,0,0,0,Llenando ventana
280,1,PSO,poblacional,400.21233974260736,400.21233974260736,False,False,,,-0.22900000000009868,,,,0,0,0,Llenando ventana
281,1,PSO,poblacional,400.2106323367721,400.2106323367721,False,False,,,-0.22900000000009868,,,,0,0,0,Llenando ventana
282,1,PSO,poblacional,400.2103860433872,400.2103860433872,False,False,,,-0.19775758404676935,,,,0,0,0,Llenando ventana
283,1,PSO,poblacional,400.2103860433872,400.21065871726097,False,False,,,-0.20643385184007457,,,,0,0,0,Llenando ventana
284,1,PSO,poblacional,400.2103860433872,400.21052375173764,False,False,,,-0.19305212070651123,,,,0,0,0,Llenando ventana
285,1,PSO,poblacional,400.2103860433872,400.2104347469516,False,False,,,-0.1854284565875446,,,,0,0,0,Llenando ventana
286,1,PSO,poblacional,400.2100740817722,400.2100740817722,False,False,,,-0.19427832801721934,,,,0,0,0,Llenando ventana
287,1,PSO,poblacional,400.2086215555986,400.2086215555986,False,False,,,-0.20222144332763037,,,,0,0,0,Llenando ventana
288,1,PSO,poblacional,400.2066441364893,400.2066441364893,False,False,,,-0.1870481840261391,,,,0,0,0,Llenando ventana
289,1,PSO,poblacional,400.2048234941163,400.2048234941163,False,False,,,-0.19577202201270438,,,,0,0,0,Llenando ventana
290,1,PSO,poblacional,400.204051522449,400.204051522449,False,False,,,-0.20320792041269442,,,,0,0,0,Llenando ventana
291,1,PSO,poblacional,400.204051522449,400.2049567820778,False,False,,,-0.1907163123466944,,,,0,0,0,Llenando ventana
292,1,PSO,poblacional,400.202698769172,400.202698769172,False,False,,,-0.19270741789006252,,,,0,0,0,Llenando ventana
293,1,PSO,poblacional,400.202675452229,400.202675452229,False,False,,,-0.19816663579115357,,,,0,0,0,Llenando ventana
294,1,PSO,poblacional,400.2017621948555,400.2017621948555,False,False,,,-0.184177515197689,,,,0,0,0,Llenando ventana
295,1,PSO,poblacional,400.20100800861974,400.20100800861974,False,False,,,-0.1922187514272764,,,,0,0,0,Llenando ventana
296,1,PSO,poblacional,400.20015090120114,400.20015090120114,False,False,,,-0.1999281173673353,,,,0,0,0,Llenando ventana
297,1,PSO,poblacional,400.199753109172,400.199753109172,False,False,,,-0.20592093316128057,,,,0,0,0,Llenando ventana
298,1,PSO,poblacional,400.199753109172,400.2002845089241,False,False,,,-0.20426937076194918,,,,0,0,0,Llenando ventana
299,1,PSO,poblacional,400.1995555253388,400.1995555253388,False,False,,,-0.20959396347109305,,,,0,0,0,Llenando ventana
300,1,PSO,poblacional,400.19943085338105,400.19943085338105,False,False,,,-0.21328831053767772,,,,0,0,0,Llenando ventana
301,2,WOA,poblacional,400.19943085338105,400.19943085338105,False,False,,,,,,,0,0,1,Llenando ventana
302,2,WOA,poblacional,400.19943085338105,400.19943085338105,False,False,,,,,,,1,0,2,Llenando ventana
303,2,WOA,poblacional,400.19943085338105,400.19943085338105,False,False,,,,,,,2,0,3,Llenando ventana
304,2,WOA,poblacional,400.1970466212807,400.1970466212807,False,False,,,,,,,0,0,4,Llenando ventana
305,2,WOA,poblacional,400.1970466212807,400.1970466212807,False,False,,,,,,,1,0,5,Llenando ventana
306,2,WOA,poblacional,400.19704394581197,400.19704394581197,False,False,,,,,,,0,0,6,Llenando ventana
307,2,WOA,poblacional,400.19704394581197,400.19704394581197,False,False,,,,,,,1,0,7,Llenando ventana
308,2,WOA,poblacional,400.1966121166246,400.1966121166246,False,False,,,,,,,0,0,8,Llenando ventana
309,2,WOA,poblacional,400.1966121166246,400.1966121166246,False,False,,,,,,,1,0,9,Llenando ventana
310,2,WOA,poblacional,400.1963576534017,400.1963576534017,False,False,,,,,,,0,0,10,Llenando ventana
311,2,WOA,poblacional,400.1963576534017,400.1963576534017,False,False,,,,,,,1,0,11,Llenando ventana
312,2,WOA,poblacional,400.1961578937984,400.1961578937984,False,False,,,,,,,0,0,12,Llenando ventana
313,2,WOA,poblacional,400.195982280189,400.195982280189,False,False,,,,,,,0,0,13,Llenando ventana
314,2,WOA,poblacional,400.19592540677274,400.19592540677274,False,False,,,,,,,0,0,14,Llenando ventana
315,2,WOA,poblacional,400.1958434087559,400.1958434087559,False,False,,,,,,,0,0,15,Llenando ventana
316,2,WOA,poblacional,400.19584286103196,400.19584286103196,False,False,,,,,,,0,0,16,Llenando ventana
317,2,WOA,poblacional,400.19584286103196,400.19584286103196,False,False,,,,,,,1,0,17,Llenando ventana
318,2,WOA,poblacional,400.1958035892218,400.1958035892218,False,False,,,,,,,0,0,18,Llenando ventana
319,2,WOA,poblacional,400.19558275903876,400.19558275903876,False,False,,,,,,,0,0,19,Llenando ventana
320,2,WOA,poblacional,400.1954928522995,400.1954928522995,False,False,,,,,,,0,0,20,Llenando ventana
321,2,WOA,poblacional,400.1953840572107,400.1953840572107,False,False,,,,,,,0,0,21,Llenando ventana
322,2,WOA,poblacional,400.1952810316714,400.1952810316714,False,False,,,,,,,0,0,22,Llenando ventana
323,2,WOA,poblacional,400.1951881071082,400.1951881071082,False,False,,,,,,,0,0,23,Llenando ventana
324,2,WOA,poblacional,400.1950333261301,400.1950333261301,False,False,,,,,,,0,0,24,Llenando ventana
325,2,WOA,poblacional,400.1950111886263,400.1950111886263,False,False,,,,,,,0,0,25,Llenando ventana
326,2,WOA,poblacional,400.19496720924764,400.19496720924764,False,False,,,,,,,0,0,26,Llenando ventana
327,2,WOA,poblacional,400.1948493806757,400.1948493806757,False,False,,,,,,,0,0,27,Llenando ventana
328,2,WOA,poblacional,400.1947579538267,400.1947579538267,False,False,,,,,,,0,0,28,Llenando ventana
329,2,WOA,poblacional,400.1946865578376,400.1946865578376,False,False,,,,,,,0,0,29,Llenando ventana
330,2,WOA,poblacional,400.1946847324127,400.1946847324127,False,False,,,,,,,0,0,30,Llenando ventana
331,2,WOA,poblacional,400.19441534163235,400.19441534163235,False,False,,,,,,,0,0,31,Llenando ventana
332,2,WOA,poblacional,400.19438102993524,400.19438102993524,False,False,,,,,,,0,0,32,Llenando ventana
333,2,WOA,poblacional,400.19435195846216,400.19435195846216,False,False,,,,,,,0,0,33,Llenando ventana
334,2,WOA,poblacional,400.1942139088497,400.1942139088497,False,False,,,,,,,0,0,34,Llenando ventana
335,2,WOA,poblacional,400.19407653490015,400.19407653490015,False,False,,,,,,,0,0,35,Llenando ventana
336,2,WOA,poblacional,400.19403140548997,400.19403140548997,False,False,,,,,,,0,0,36,Llenando ventana
337,2,WOA,poblacional,400.19396081488935,400.19396081488935,False,False,,,,,,,0,0,37,Llenando ventana
338,2,WOA,poblacional,400.1937572691816,400.1937572691816,False,False,,,,,,,0,0,38,Llenando ventana
339,2,WOA,poblacional,400.1937272041264,400.1937272041264,False,False,,,,,,,0,0,39,Llenando ventana
340,2,WOA,poblacional,400.1937126518982,400.1937126518982,True,False,0.050772276197164956,0.151875324608568,-0.10110304841140305,4.0,20.0,12.0,0,0,40,Explotacion activa
341,2,WOA,poblacional,400.1937003590816,400.1937003590816,True,False,0.04938219366931662,0.15760581890799585,-0.10822362523867923,4.0,20.0,12.0,0,0,41,Explotacion activa
342,2,WOA,poblacional,400.1937003590816,400.1937003590816,True,False,0.048767467269556164,0.1633363132074237,-0.11456884593786754,4.0,20.0,12.0,1,0,42,Explotacion activa
343,2,WOA,poblacional,400.19370023895,400.19370023895,True,False,0.10904653823888566,0.07369764362545084,0.03534889461343482,4.0,20.0,12.0,0,0,43,Explotacion activa
344,2,WOA,poblacional,400.1936965539918,400.1936965539918,True,False,0.10681041330065,0.07704771091437124,0.02976270238627876,4.0,20.0,12.0,0,0,44,Explotacion activa
345,2,WOA,poblacional,400.1936956786721,400.1936956786721,True,False,0.10478936436669528,0.08029163477300472,0.024497729593690565,4.0,20.0,12.0,0,0,45,Explotacion activa
346,2,WOA,poblacional,400.19368961144465,400.19368961144465,True,False,0.10266076108962352,0.08364596914032063,0.01901479194930289,4.0,20.0,12.0,0,0,46,Explotacion activa
347,2,WOA,poblacional,400.1936749359948,400.1936749359948,True,False,0.11531473464793862,0.06974181146182445,0.04557292318611417,4.0,20.0,12.0,0,0,47,Explotacion activa
348,2,WOA,poblacional,400.193671274192,400.193671274192,True,False,0.1131477561894485,0.07268265389438966,0.04046510229505884,4.0,20.0,12.0,0,0,48,Explotacion activa
349,2,WOA,poblacional,400.19365723852127,400.19365723852127,True,False,0.12029741142606554,0.0654590030833333,0.05483840834273224,0.07339314670613248,0.11027690362405451,0.03688375691792203,0,0,49,Explotacion activa
350,2,WOA,poblacional,400.19363529872214,400.19363529872214,True,False,0.1180168822895098,0.06818135776291001,0.049835524526599784,0.07268265389438966,0.1131477561894485,0.04046510229505884,0,0,50,Explotacion activa
351,2,WOA,poblacional,400.1936068804317,400.1936068804317,True,False,0.1232433010842442,0.06294174659961982,0.060301554484624376,0.07062406419159402,0.11466464111039158,0.044040576918797564,0,0,51,Explotacion activa
352,2,WOA,poblacional,400.19358383560837,400.19358383560837,True,False,0.1277787080951498,0.05849126041476893,0.06928744768038086,0.06911762998225868,0.11639559370456709,0.04727796372230841,0,0,52,Explotacion activa
353,2,WOA,poblacional,400.1935346299817,400.1935346299817,True,False,0.12769602843121675,0.058663973971306405,0.06903205445991034,0.06790912229495234,0.11824493520316537,0.050335812908213026,0,0,53,Explotacion activa
354,2,WOA,poblacional,400.19348933436726,400.19348933436726,True,False,0.12831781905430262,0.057820125702107816,0.0704976933521948,0.06600347401924864,0.11984130559875439,0.05383783157950574,0,0,54,Explotacion activa
355,2,WOA,poblacional,400.1933769046784,400.1933769046784,True,False,0.1260438775556736,0.06026472082299961,0.06577915673267398,0.06420037484147656,0.12177035625515487,0.057569981413678306,0,0,55,Explotacion activa
356,2,WOA,poblacional,400.1933413023998,400.1933413023998,True,False,0.12426897961279337,0.06276627945516111,0.06150270015763226,0.06290665317072808,0.12344843678995403,0.06054178361922595,0,0,56,Explotacion activa
357,2,WOA,poblacional,400.1933238576861,400.1933238576861,True,False,0.1238895440102965,0.06371441039379988,0.06017513361649662,0.06301901297903782,0.12382491971769127,0.0602889123978116,0,0,57,Explotacion activa
358,2,WOA,poblacional,400.1933238576861,400.1933238576861,True,False,0.13037873483631301,0.05736093460848224,0.07301780022783078,0.0628364663129446,0.12411720537179463,0.061022241888429106,1,0,58,Explotacion activa
359,2,WOA,poblacional,400.1933206670766,400.1933206670766,True,False,0.13191286877270159,0.056026756999585814,0.07588611177311577,0.06201581186551266,0.12480144899565744,0.06278563713014478,0,0,59,Explotacion activa
360,2,WOA,poblacional,400.19331728159403,400.19331728159403,True,False,0.13460497685900918,0.05385052415277869,0.0807544527062305,0.06026472082299961,0.1260438775556736,0.06577915673267398,0,0,60,Explotacion activa
361,2,WOA,poblacional,400.1933153745293,400.1933153745293,True,False,0.13673852192130198,0.05179818526374902,0.08494033665755296,0.059144198026814365,0.1272003831685538,0.06805618514173943,0,0,61,Explotacion activa
362,2,WOA,poblacional,400.193285214138,400.193285214138,True,False,0.13874195925632193,0.050077020268986416,0.08866493898733552,0.058594888548691416,0.12772910029678997,0.06913421174809856,0,0,62,Explotacion activa
363,2,WOA,poblacional,400.19327376922485,400.19327376922485,True,False,0.14308244331522246,0.04580011902805836,0.0972823242871641,0.05842414694350282,0.1278326191910651,0.06940847224756226,0,0,63,Explotacion activa
364,2,WOA,poblacional,400.1931904552467,400.1931904552467,True,False,0.14229787307027664,0.0467574897604095,0.09554038330986714,0.057954352644640036,0.12820999686247206,0.07025564421783201,0,0,64,Explotacion activa
365,2,WOA,poblacional,400.19300084860606,400.19300084860606,True,False,0.14176391028973967,0.04700865463314585,0.09475525565659382,0.05759053015529503,0.12934827694530782,0.07175774679001279,0,0,65,Explotacion activa
366,2,WOA,poblacional,400.1928459749823,400.1928459749823,True,False,0.1440024849035808,0.044416746020715436,0.09958573888286537,0.05709409908670295,0.13068556162359074,0.07359146253688777,0,0,66,Explotacion activa
367,2,WOA,poblacional,400.1927564079728,400.1927564079728,True,False,0.14570372096954998,0.042852644763740955,0.10285107620580902,0.056160174760475454,0.13175945537906272,0.07559928061858727,0,0,67,Explotacion activa
368,2,WOA,poblacional,400.1926627246875,400.1926627246875,True,False,0.14635901675137575,0.0420920343390776,0.10426698241229815,0.05472101729150154,0.13352813362448615,0.0788071163329846,0,0,68,Explotacion activa
369,2,WOA,poblacional,400.1925163341389,400.1925163341389,True,False,0.14441529530375874,0.04418924104282951,0.10022605426092923,0.05323482248606979,0.13524504037769702,0.08201021789162723,0,0,69,Explotacion activa
370,2,WOA,poblacional,400.19250024643094,400.19250024643094,True,False,0.15286452658369853,0.03559809580963247,0.11726643077406607,0.05179818526374902,0.13673852192130198,0.08494033665755296,0,0,70,Explotacion activa
371,2,WOA,poblacional,400.19240812873966,400.19240812873966,True,False,0.15248945781377188,0.036232840818058776,0.1162566169957131,0.05059336976741519,0.13814092805581596,0.08754755828840075,0,0,71,Explotacion activa
372,2,WOA,poblacional,400.1923325022903,400.1923325022903,True,False,0.15193450607381465,0.03711850953982321,0.11481599653399144,0.048849674014650186,0.13995073966968902,0.09110106565503882,0,0,72,Explotacion activa
373,2,WOA,poblacional,400.1922662935463,400.1922662935463,True,False,0.15503605065345027,0.03368218995672123,0.12135386069672904,0.046983538145872215,0.14181730656779337,0.09483376842192115,0,0,73,Explotacion activa
374,2,WOA,poblacional,400.19215530552947,400.19215530552947,True,False,0.15845590505250584,0.03024583529526126,0.12821006975724458,0.04680772273495677,0.14219108051416923,0.09538335777921247,0,0,74,Explotacion activa
375,2,WOA,poblacional,400.1920121928779,400.1920121928779,True,False,0.15776560518679617,0.030505000910238778,0.1272606042765574,0.04627880439423393,0.14269015819274955,0.09641135379851562,0,0,75,Explotacion activa
376,2,WOA,poblacional,400.19194415760956,400.19194415760956,True,False,0.15820656934567978,0.029768624766063567,0.12843794457961621,0.045523444426589774,0.14326645163289414,0.09774300720630436,0,0,76,Explotacion activa
377,2,WOA,poblacional,400.19178909695256,400.19178909695256,True,False,0.1637058017676054,0.023798514393490677,0.13990728737411473,0.04455508332144973,0.14391048074474497,0.09935539742329524,0,0,77,Explotacion activa
378,2,WOA,poblacional,400.19168466657925,400.19168466657925,True,False,0.16235175001298785,0.024668514786753803,0.13768323522623405,0.04428024303398388,0.14425017114368757,0.09996992810970369,0,0,78,Explotacion activa
379,2,WOA,poblacional,400.19157751215954,400.19157751215954,True,False,0.1603295163955636,0.02623611762527389,0.1340933987702897,0.04378826215910294,0.14480182300349612,0.10101356084439315,0,0,79,Explotacion activa
380,2,WOA,poblacional,400.1913570691702,400.1913570691702,True,False,0.1575440639254566,0.028099987690723083,0.12944407623473353,0.042852644763740955,0.14570372096954998,0.10285107620580902,0,0,80,Explotacion activa
381,2,WOA,poblacional,400.1911823095315,400.1911823095315,True,False,0.15434847109446537,0.03061803724085621,0.12373043385360916,0.04232021746647661,0.14616242801682802,0.10384221055035141,0,0,81,Explotacion activa
382,2,WOA,poblacional,400.19099512380535,400.19099512380535,True,False,0.15094942356273577,0.03331846725188825,0.11763095631084752,0.04010262441937584,0.14819517947591976,0.10848658806097544,0,0,82,Explotacion activa
383,2,WOA,poblacional,400.1908907510496,400.1908907510496,True,False,0.14790566273370587,0.03598055682476797,0.1119251059089379,0.03702994266764677,0.14821003881660885,0.11221419497144325,0,0,83,Explotacion activa
384,2,WOA,poblacional,400.1908172325468,400.1908172325468,True,False,0.1448406590883451,0.038824865481785764,0.10601579360655933,0.037459780728215715,0.14759633353723983,0.11074324344846216,0,0,84,Explotacion activa
385,2,WOA,poblacional,400.1908172325468,400.1908172325468,True,False,0.14228925859612218,0.041460622509248424,0.10082863608687376,0.037971687510804486,0.1471323397425408,0.10897044975774858,1,0,85,Explotacion activa
386,2,WOA,poblacional,400.19075809243543,400.19075809243543,True,False,0.1397856064621692,0.043805123524577994,0.0959804829375912,0.03848359429339325,0.14666834594784176,0.10719765606703502,0,0,86,Explotacion activa
387,2,WOA,poblacional,400.1907274143081,400.1907274143081,True,False,0.1370220743341406,0.04660617309951931,0.09041590123462129,0.03908844118453203,0.14629348717319318,0.1058409124871332,0,0,87,Explotacion activa
388,2,WOA,poblacional,400.19070116276754,400.19070116276754,True,False,0.1346974579732887,0.04901485769420333,0.08568260027908536,0.03987916829277082,0.14609689843864543,0.10531626912885485,0,0,88,Explotacion activa
389,2,WOA,poblacional,400.1906752011917,400.1906752011917,True,False,0.13266819519640194,0.05111930305872647,0.08154889213767547,0.040669895401009626,0.1459003097040977,0.10479162577057649,0,0,89,Explotacion activa
390,2,WOA,poblacional,400.1906626848559,400.1906626848559,True,False,0.13097487112992212,0.05295518530618892,0.0780196858237332,0.041460622509248424,0.14570372096954998,0.10426698241229815,0,0,90,Explotacion activa
391,2,WOA,poblacional,400.190633827002,400.190633827002,True,False,0.1290008893510617,0.05500644580354219,0.0739944435475195,0.04165004605819718,0.1454448024051885,0.10384221055035141,0,0,91,Explotacion activa
392,2,WOA,poblacional,400.1905754375474,400.1905754375474,True,False,0.12795720269446065,0.05604661879726791,0.07191058389719274,0.04183946960714593,0.14518588384082703,0.10341743868840467,0,0,92,Explotacion activa
393,2,WOA,poblacional,400.19057008893014,400.19057008893014,True,False,0.12709854235748708,0.05719933527171861,0.06989920708576847,0.042028893156094684,0.14492696527646556,0.10299266682645793,0,0,93,Explotacion activa
394,2,WOA,poblacional,400.19057008893014,400.19057008893014,True,False,0.12854721158186067,0.05562139315520653,0.07292581842665413,0.04224415642401027,0.14475558633142782,0.10244658818202196,1,0,94,Explotacion activa
395,2,WOA,poblacional,400.19052776980095,400.19052776980095,True,False,0.12685852382929852,0.057046436888072094,0.06981208694122643,0.04247233955140928,0.14462797719605192,0.10183985614634139,0,0,95,Explotacion activa
396,2,WOA,poblacional,400.1905136506462,400.1905136506462,True,False,0.12461937146377977,0.05917630009344066,0.06544307137033911,0.042700522678808285,0.144500368060676,0.10123312411066081,0,0,96,Explotacion activa
397,2,WOA,poblacional,400.19050466524726,400.19050466524726,True,False,0.12184152452539365,0.061995492532275875,0.059846031993117776,0.04294789263982466,0.14437401426374094,0.10076837790427931,0,0,97,Explotacion activa
398,2,WOA,poblacional,400.19049960308234,400.19049960308234,True,False,0.11920567890763323,0.06469212275584368,0.054513556151789544,0.04323363626807577,0.14425017114368757,0.10058760335649594,0,0,98,Explotacion activa
399,2,WOA,poblacional,400.1904904532889,400.1904904532889,True,False,0.11684360929405102,0.06738691724126511,0.04945669205278591,0.043519379896326885,0.14412632802363418,0.10040682880871259,0,0,99,Explotacion activa
400,2,WOA,poblacional,400.1904819230513,400.1904819230513,True,False,0.1146605558105307,0.07014599319370518,0.044514562616825515,0.043805123524577994,0.1440024849035808,0.10022605426092923,0,0,100,Explotacion activa
401,2,WOA,poblacional,400.1904471652189,400.1904471652189,True,False,0.11346150737409744,0.07180778685187761,0.04165372052221983,0.043920358780053445,0.1437264724270733,0.10003395964751007,0,0,101,Explotacion activa
402,2,WOA,poblacional,400.1904227986081,400.1904227986081,True,False,0.11166490820880881,0.074212405856656,0.037452502352152806,0.044035594035528904,0.1434504599505658,0.09984186503409091,0,0,102,Explotacion activa
403,2,WOA,poblacional,400.19041807208515,400.19041807208515,True,False,0.11273399814535878,0.07373554386970227,0.03899845427565651,0.044150829291004355,0.1431744474740583,0.09964977042067176,0,0,103,Explotacion activa
404,2,WOA,poblacional,400.19041213703457,400.19041213703457,True,False,0.11757844917707416,0.06892959645711016,0.048648852719964,0.044234742038406695,0.1429255292662333,0.09912505596372512,0,0,104,Explotacion activa
405,2,WOA,poblacional,400.19041213703457,400.19041213703457,True,False,0.12149810332437028,0.06532336307719788,0.056174740247172394,0.04430299353177247,0.14269015819274955,0.09843403158501474,1,0,105,Explotacion activa
406,2,WOA,poblacional,400.19041063374,400.19041063374,True,False,0.12283712724854468,0.06417602394077448,0.05866110330777019,0.04437124502513825,0.1424547871192658,0.09774300720630434,0,0,106,Explotacion activa
407,2,WOA,poblacional,400.1904088059738,400.1904088059738,True,False,0.12464250562300094,0.06277629452836209,0.06186621109463886,0.04455508332144972,0.14229701162286118,0.09715214015220681,0,0,107,Explotacion activa
408,2,WOA,poblacional,400.1904076746209,400.1904076746209,True,False,0.12836864641923285,0.05917572264900173,0.06919292377023112,0.044970095223652605,0.14229442728061487,0.09676158774733494,0,0,108,Explotacion activa
409,2,WOA,poblacional,400.1904075410745,400.1904075410745,True,False,0.12747446600639023,0.06064100739604328,0.06683345861034695,0.04538510712585548,0.14229184293836852,0.09637103534246307,0,0,109,Explotacion activa
410,2,WOA,poblacional,400.1904075410745,400.1904075410745,True,False,0.12959360713131218,0.05904900510125799,0.0705446020300542,0.04580011902805836,0.14228925859612218,0.0959804829375912,1,0,110,Explotacion activa
411,2,WOA,poblacional,400.190407385495,400.190407385495,True,False,0.13114466969710747,0.058024690371553334,0.07311997932555414,0.046041935249496645,0.14213165410420742,0.09584845304927399,0,0,111,Explotacion activa
412,2,WOA,poblacional,400.1904064350295,400.1904064350295,True,False,0.13275616874966545,0.05730240787283947,0.07545376087682598,0.04628375147093493,0.14197404961229268,0.09571642316095677,0,0,112,Explotacion activa
413,2,WOA,poblacional,400.19040567794127,400.19040567794127,True,False,0.13604157241502435,0.05472350280416549,0.08131806961085886,0.04652556769237321,0.14181644512037792,0.09558439327263954,0,0,113,Explotacion activa
414,2,WOA,poblacional,400.1904043032939,400.1904043032939,True,False,0.14054635431625684,0.0507499989763005,0.08979635533995634,0.04663643643169735,0.1415203990950431,0.09538335777921247,0,0,114,Explotacion activa
415,2,WOA,poblacional,400.1904032909611,400.1904032909611,True,False,0.142506002361813,0.049637490159966546,0.09286851220184644,0.046681831429964404,0.14202658444293093,0.09514781948323048,0,0,115,Explotacion activa
416,2,WOA,poblacional,400.19040195206753,400.19040195206753,True,False,0.14748453292082786,0.044977269422247446,0.10250726349858041,0.04644496228522712,0.14229098149095307,0.09562840323541195,0,0,116,Explotacion activa
417,2,WOA,poblacional,400.19040100522767,400.19040100522767,True,False,0.15085899332126473,0.04218814621464162,0.10867084710662311,0.045880724435204454,0.14229701162286118,0.0959364729748188,0,0,117,Explotacion activa
418,2,WOA,poblacional,400.1902001272381,400.1902001272381,True,False,0.15319868615432597,0.03938650876744987,0.1138121773868761,0.04530640926457181,0.14242275064519844,0.09676158774733494,0,0,118,Explotacion activa
419,2,WOA,poblacional,400.19017314263846,400.19017314263846,True,False,0.16062232585164793,0.03197315871415185,0.12864916713749608,0.044809112401787844,0.14267893464783582,0.09797334866587448,0,0,119,Explotacion activa
420,2,WOA,poblacional,400.19017314263846,400.19017314263846,True,False,0.1665900576323338,0.026166699698023876,0.14042335793430993,0.044416746020715436,0.14308244331522246,0.09958573888286537,1,0,120,Explotacion activa
421,2,WOA,poblacional,400.19016959468826,400.19016959468826,True,False,0.17300006254163236,0.019691985495910558,0.1533080770457218,0.044257492536195285,0.1437264724270733,0.10003395964751007,0,0,121,Explotacion activa
422,2,WOA,poblacional,400.19016877899776,400.19016877899776,True,False,0.1765627657300115,0.01634342007378109,0.16021934565623042,0.044035594035528904,0.14416760906365197,0.10046708699130705,0,0,122,Explotacion activa
423,2,WOA,poblacional,400.19016480958993,400.19016480958993,True,False,0.17879174300975365,0.01412862142137783,0.16466312158837582,0.04370987564849429,0.14445783168221737,0.10099649882804441,0,0,123,Explotacion activa
424,2,WOA,poblacional,400.1901631700576,400.1901631700576,True,False,0.17838112239115844,0.014782683910596006,0.16359843848056244,0.043043140515908365,0.14475558633142782,0.10217153801623907,0,0,124,Explotacion activa
425,2,WOA,poblacional,400.1901532398756,400.1901532398756,True,False,0.1800313308707473,0.01308107212679488,0.16695025874395242,0.04252039548919129,0.14527219002894753,0.10267916985219472,0,0,125,Explotacion activa
426,2,WOA,poblacional,400.1901362017603,400.1901362017603,True,False,0.18063287492964264,0.012475837709814641,0.168157037219828,0.04216892383952882,0.14583478012591514,0.10313425744710684,0,0,126,Explotacion activa
427,2,WOA,poblacional,400.1901286929138,400.1901286929138,True,False,0.18119917361042326,0.01202449748058143,0.16917467612984183,0.042101645526634,0.14629348717319318,0.10412539179164923,0,0,127,Explotacion activa
428,2,WOA,poblacional,400.1901127513033,400.1901127513033,True,False,0.18169328739736557,0.011574445911662679,0.1701188414857029,0.041713187241180096,0.147034326453047,0.10531626912885485,0,0,128,Explotacion activa
429,2,WOA,poblacional,400.1900909804287,400.1900909804287,True,False,0.18165776307637316,0.011658013242652032,0.16999974983372113,0.040838388386708856,0.14761087186469127,0.10681230965657845,0,0,129,Explotacion activa
430,2,WOA,poblacional,400.1900757921165,400.1900757921165,True,False,0.18226111423132352,0.011090591825279716,0.1711705224060438,0.03938650876744987,0.14790566273370587,0.1086708471066231,0,0,130,Explotacion activa
431,2,WOA,poblacional,400.19003999799634,400.19003999799634,True,False,0.18374970291233694,0.009348842647739275,0.17440086026459767,0.038993358467484994,0.14997299414499707,0.11094882826824344,0,0,131,Explotacion activa
432,2,WOA,poblacional,400.1899950061436,400.1899950061436,True,False,0.1833127016848266,0.009715329360972191,0.17359737232385442,0.038142323105000736,0.15089516541785314,0.11267993450011315,0,0,132,Explotacion activa
433,2,WOA,poblacional,400.1899646297519,400.1899646297519,True,False,0.18272670863541407,0.010320788539218029,0.17240592009619604,0.03702994266764676,0.15104793181384366,0.11391255930158763,0,0,133,Explotacion activa
434,2,WOA,poblacional,400.1899189930174,400.1899189930174,True,False,0.18349118745970827,0.009279119284258286,0.17421206817544999,0.036409974562411664,0.15173748957159885,0.11461523270456837,0,0,134,Explotacion activa
435,2,WOA,poblacional,400.18988268682574,400.18988268682574,True,False,0.1832726244783771,0.00935943606981482,0.1739131884085623,0.036106698821413374,0.15221198194379326,0.11553630676485227,0,0,135,Explotacion activa
436,2,WOA,poblacional,400.1898818554104,400.1898818554104,True,False,0.1830759780001472,0.0096318153476318,0.1734441626525154,0.035904064621740873,0.1525644715677572,0.11645857975138368,0,0,136,Explotacion activa
437,2,WOA,poblacional,400.189879559733,400.189879559733,True,False,0.18277753666177432,0.01005443426521424,0.17272310239656008,0.035636341911146015,0.15282701970670587,0.11716544939623076,0,0,137,Explotacion activa
438,2,WOA,poblacional,400.1898742141949,400.1898742141949,True,False,0.18260492059425815,0.010313831413839125,0.17229108918041902,0.03444855229788572,0.153065022326075,0.11748514609613493,0,0,138,Explotacion activa
439,2,WOA,poblacional,400.1898658159122,400.1898658159122,True,False,0.18239335067204365,0.010597259288488203,0.17179609138355545,0.03357307314527134,0.15354362163636778,0.11874782762661197,0,0,139,Explotacion activa
440,2,WOA,poblacional,400.1898571316608,400.1898571316608,True,False,0.18305516061093385,0.00983173738319465,0.1732234232277392,0.03331846725188825,0.15434847109446537,0.12135386069672904,0,0,140,Explotacion activa
441,2,WOA,poblacional,400.1898405507569,400.1898405507569,True,False,0.18328375025947707,0.009463687411994215,0.17382006284748286,0.032376751275472765,0.1548297767857548,0.1230174619065451,0,0,141,Explotacion activa
442,2,WOA,poblacional,400.18982577141605,400.18982577141605,True,False,0.18281629275276146,0.009871653686218451,0.172944639066543,0.03143111012483359,0.1560392559622528,0.12514250202278843,0,0,142,Explotacion activa
443,2,WOA,poblacional,400.18982534859776,400.18982534859776,True,False,0.18244446464052544,0.010226975150374074,0.17221748949015137,0.030606733607794468,0.15756621805159057,0.1273555508246261,0,0,143,Explotacion activa
444,2,WOA,poblacional,400.189820698585,400.189820698585,True,False,0.18184361805998606,0.010818413599963606,0.17102520446002245,0.030527608176362263,0.15772129693452824,0.12802017666110715,0,0,144,Explotacion activa
445,2,WOA,poblacional,400.1898169899994,400.1898169899994,True,False,0.18129394061838866,0.011353428851805347,0.1699405117665833,0.030375418102750018,0.15798608726623797,0.1283240071684304,0,0,145,Explotacion activa
446,2,WOA,poblacional,400.18981445496894,400.18981445496894,True,False,0.18075626226629993,0.01187649697493498,0.16887976529136495,0.03015039318942172,0.158256436487045,0.1284801890911922,0,0,146,Explotacion activa
447,2,WOA,poblacional,400.18981397543706,400.18981397543706,True,False,0.1802027214898203,0.012426073394976811,0.1677766480948435,0.029816345818983337,0.15843097148182322,0.1286280448817081,0,0,147,Explotacion activa
448,2,WOA,poblacional,400.18981305810854,400.18981305810854,True,False,0.17961296959998663,0.013015348051567344,0.16659762154841928,0.028767442520859273,0.15958007185834047,0.12912611259583853,0,0,148,Explotacion activa
449,2,WOA,poblacional,400.18981138612696,400.18981138612696,True,False,0.17901660228727678,0.013611502999083314,0.16540509928819347,0.027540826671088318,0.1604173592323889,0.13083887299540037,0,0,149,Explotacion activa
450,2,WOA,poblacional,400.18980217689,400.18980217689,True,False,0.17838819108368398,0.014210644004720052,0.16417754707896393,0.02623611762527389,0.16062232585164793,0.1340933987702897,0,0,150,Explotacion activa
451,2,WOA,poblacional,400.18979440627356,400.18979440627356,True,False,0.1777873120786353,0.014785604605947356,0.16300170747268794,0.02618752507619888,0.16183292276458586,0.1366062842894507,0,0,151,Explotacion activa
452,2,WOA,poblacional,400.1897937368372,400.1897937368372,True,False,0.17720853674438786,0.015368019269033084,0.16184051747535477,0.02556742573351585,0.16289337071483487,0.1385728560853863,0,0,152,Explotacion activa
453,2,WOA,poblacional,400.1897924162336,400.1897924162336,True,False,0.17688947992712656,0.0159262950825223,0.16096318484460426,0.02458151474742749,0.16399422735407823,0.13995889443013423,0,0,153,Explotacion activa
454,2,WOA,poblacional,400.1897868316833,400.1897868316833,True,False,0.17653813876177082,0.016503273381033523,0.1600348653807373,0.0239725144721433,0.16601320645938814,0.1403201438222709,0,0,154,Explotacion activa
455,2,WOA,poblacional,400.18978110133816,400.18978110133816,True,False,0.17619658350150758,0.017071907260685748,0.15912467624082183,0.021745249944700618,0.16979506008698309,0.14686571749001587,0,0,155,Explotacion activa
456,2,WOA,poblacional,400.18977897015617,400.18977897015617,True,False,0.17585484413638142,0.01765701557758348,0.15819782855879794,0.019284991512245137,0.17357101886058213,0.15428602734833696,0,0,156,Explotacion activa
457,2,WOA,poblacional,400.1897519928155,400.1897519928155,True,False,0.18316825388211555,0.010270908406369017,0.17289734547574653,0.01786051256941619,0.17556936597690648,0.15770885340749027,0,0,157,Explotacion activa
458,2,WOA,poblacional,400.18972093140496,400.18972093140496,True,False,0.18355292409052026,0.009670720254348453,0.1738822038361718,0.01730595058744484,0.1760598877554571,0.15875393716801225,0,0,158,Explotacion activa
459,2,WOA,poblacional,400.18971111463895,400.18971111463895,True,False,0.1830715741887161,0.010132748253852242,0.17293882593486387,0.01690131709679008,0.17629905007958654,0.15939773298279647,0,0,159,Explotacion activa
460,2,WOA,poblacional,400.1896985712921,400.1896985712921,True,False,0.18270726528760406,0.01046540159217102,0.17224186369543304,0.016503273381033523,0.17653813876177082,0.1600348653807373,0,0,160,Explotacion activa
461,2,WOA,poblacional,400.18968658729153,400.18968658729153,True,False,0.18227084122133874,0.010915781368964872,0.17135505985237387,0.01639137606595682,0.1765553776395393,0.1601640015735825,0,0,161,Explotacion activa
462,2,WOA,poblacional,400.1896812464999,400.1896812464999,True,False,0.18197707759105697,0.01124453755369359,0.17073254003736338,0.016176570077277574,0.17669345140885753,0.16051688133157996,0,0,162,Explotacion activa
463,2,WOA,poblacional,400.1896767630724,400.1896767630724,True,False,0.18163095803640772,0.011667002777528523,0.1699639552588792,0.01587046750117338,0.17692138560885268,0.1610509181076793,0,0,163,Explotacion activa
464,2,WOA,poblacional,400.1896759080667,400.1896759080667,True,False,0.1816222814682078,0.011757057488864575,0.16986522397934323,0.015479674431730926,0.1771447253809356,0.16166505094920466,0,0,164,Explotacion activa
465,2,WOA,poblacional,400.1896691232756,400.1896691232756,True,False,0.1818452171419267,0.011559649477305811,0.17028556766462088,0.01507681193749022,0.17749792441151158,0.16242111247402136,0,0,165,Explotacion activa
466,2,WOA,poblacional,400.18966544019867,400.18966544019867,True,False,0.18180743158217183,0.011730057178056086,0.17007737440411574,0.014785020466877085,0.17790607414113993,0.16312105367426283,0,0,166,Explotacion activa
467,2,WOA,poblacional,400.1896636574991,400.1896636574991,True,False,0.18214465366719423,0.011557428172181972,0.17058722549501226,0.014782975980131141,0.1783217413599061,0.163538765379775,0,0,167,Explotacion activa
468,2,WOA,poblacional,400.18966271685593,400.18966271685593,True,False,0.18272460813204816,0.011136627636233243,0.17158798049581492,0.014439459967070432,0.17838536360667376,0.16394590363960332,0,0,168,Explotacion activa
469,2,WOA,poblacional,400.1896609913262,400.1896609913262,True,False,0.18308719750359614,0.010959084250544038,0.1721281132530521,0.014186037229717384,0.17850925666150488,0.1643232194317875,0,0,169,Explotacion activa
470,2,WOA,poblacional,400.1896526280851,400.1896526280851,True,False,0.18423276703157399,0.009950483475847705,0.17428228355572628,0.01412862142137783,0.17879174300975365,0.16466312158837582,0,0,170,Explotacion activa
471,2,WOA,poblacional,400.18965040803795,400.18965040803795,True,False,0.18574492739088555,0.008540399324374448,0.1772045280665111,0.013766638525771667,0.17894914450401983,0.16518250597824816,0,0,171,Explotacion activa
472,2,WOA,poblacional,400.18964782257893,400.18964782257893,True,False,0.1866510921288409,0.00767252722135936,0.17897856490748154,0.013399330650167941,0.17925514921236071,0.16588210819228377,0,0,172,Explotacion activa
473,2,WOA,poblacional,400.18964705957825,400.18964705957825,True,False,0.18806295003986406,0.006164628014516893,0.18189832202534717,0.013074499719272126,0.1796548057270627,0.1666328852679726,0,0,173,Explotacion activa
474,2,WOA,poblacional,400.189646137391,400.189646137391,True,False,0.18912717039074778,0.004985235975084379,0.1841419344156634,0.01302849286661285,0.17994765861659517,0.1668797313048458,0,0,174,Explotacion activa
475,2,WOA,poblacional,400.1896436619301,400.1896436619301,True,False,0.18895762210246403,0.005191004257881104,0.18376661784458292,0.012745592880690992,0.1801170261802838,0.16736345341939796,0,0,175,Explotacion activa
476,2,WOA,poblacional,400.1896404573281,400.1896404573281,True,False,0.18886406795081712,0.005340575244019874,0.18352349270679724,0.012465884846847075,0.18028875217778476,0.16785272591984038,0,0,176,Explotacion activa
477,2,WOA,poblacional,400.1896385234847,400.1896385234847,True,False,0.1889046212586436,0.005367789967806402,0.1835368312908372,0.012431049826460594,0.1805898595856604,0.16811899830732954,0,0,177,Explotacion activa
478,2,WOA,poblacional,400.1896385234847,400.1896385234847,True,False,0.189052203355061,0.005267549369364133,0.18378465398569688,0.012185127846339582,0.18070690733163702,0.16859067406275016,1,0,178,Explotacion activa
479,2,WOA,poblacional,400.1896384810493,400.1896384810493,True,False,0.18921019795214988,0.0051475141768833055,0.18406268377526658,0.011980097328887496,0.18088913566953693,0.16896823854290802,0,0,179,Explotacion activa
480,2,WOA,poblacional,400.1896351857042,400.1896351857042,True,False,0.1896191046702711,0.004706223977905211,0.1849128806923659,0.01187649697493498,0.18119917361042326,0.16917467612984183,0,0,180,Explotacion activa
481,2,WOA,poblacional,400.18963102998055,400.18963102998055,True,False,0.18994765016435622,0.004324571119923348,0.18562307904443287,0.011792889334685697,0.18126551051599904,0.1696580596244928,0,0,181,Explotacion activa
482,2,WOA,poblacional,400.1896234725753,400.1896234725753,True,False,0.1897530894824513,0.004509957229117845,0.18524313225333344,0.01174625736454118,0.1814252769583163,0.16989533909423926,0,0,182,Explotacion activa
483,2,WOA,poblacional,400.1896198852417,400.1896198852417,True,False,0.1897159582051131,0.004529420073822621,0.1851865381312905,0.01172375173800333,0.1816231491250278,0.1699428561158129,0,0,183,Explotacion activa
484,2,WOA,poblacional,400.1896183347467,400.1896183347467,True,False,0.18965210921345488,0.004583440487749613,0.18506866872570527,0.011679613657634036,0.18162922272276774,0.16995926656042,0,0,184,Explotacion activa
485,2,WOA,poblacional,400.18961000137864,400.18961000137864,True,False,0.18952760437400684,0.004689027891174646,0.1848385764828322,0.011662508010090278,0.18164436055639044,0.16998185254630016,0,0,185,Explotacion activa
486,2,WOA,poblacional,400.189607933938,400.189607933938,True,False,0.18936921505519422,0.004876367647000279,0.18449284740819394,0.01164129977645416,0.18166486794057163,0.17001527474780004,0,0,186,Explotacion activa
487,2,WOA,poblacional,400.1896008096805,400.1896008096805,True,False,0.18919921863789568,0.005052840262749214,0.18414637837514647,0.011582802644761614,0.18168973496526633,0.1700696119470763,0,0,187,Explotacion activa
488,2,WOA,poblacional,400.18959240087935,400.18959240087935,True,False,0.18904305732769444,0.0052066182287831,0.18383643909891134,0.011565568051048558,0.18176177390824932,0.17010225465306802,0,0,188,Explotacion activa
489,2,WOA,poblacional,400.1895901845178,400.1895901845178,True,False,0.18917521321634467,0.005059450359397033,0.18411576285694764,0.01155898308576866,0.1818182875255161,0.17016885933937828,0,0,189,Explotacion activa
490,2,WOA,poblacional,400.1895875797359,400.1895875797359,True,False,0.1892565489973208,0.004963222856076754,0.18429332614124405,0.011557428172181972,0.18184361805998606,0.17028556766462088,0,0,190,Explotacion activa
491,2,WOA,poblacional,400.18958573032546,400.18958573032546,True,False,0.18909410847840036,0.005145121349755755,0.1839489871286446,0.011414628647918333,0.1818447374173445,0.17049672814589484,0,0,191,Explotacion activa
492,2,WOA,poblacional,400.1895833600074,400.1895833600074,True,False,0.18900263894181535,0.0053026740360451186,0.18369996490577023,0.011309872332560644,0.18189796132157882,0.17064535131195271,0,0,192,Explotacion activa
493,2,WOA,poblacional,400.18958199989254,400.18958199989254,True,False,0.1891196265090116,0.0052897083647849286,0.18382991814422667,0.011233746561947556,0.18199383519867068,0.1707618064796293,0,0,193,Explotacion activa
494,2,WOA,poblacional,400.1895782522155,400.1895782522155,True,False,0.18924232215681513,0.005269074026557519,0.18397324813025762,0.011158209619725312,0.18211113845196678,0.17096667157549064,0,0,194,Explotacion activa
495,2,WOA,poblacional,400.1895771902318,400.1895771902318,True,False,0.18927168339519085,0.005387737853482122,0.18388394554170873,0.01111360973075648,0.18220288394925888,0.17109786343303313,0,0,195,Explotacion activa
496,2,WOA,poblacional,400.18957597512326,400.18957597512326,True,False,0.19016582324019282,0.00451163925970377,0.18565418398048905,0.01106429031033258,0.18226305962932657,0.17120742989530982,0,0,196,Explotacion activa
497,2,WOA,poblacional,400.18957570662633,400.18957570662633,True,False,0.1911860436528059,0.003445469027326453,0.18774057462547944,0.010972235008017606,0.18226986852233723,0.17133660610774087,0,0,197,Explotacion activa
498,2,WOA,poblacional,400.1895669358237,400.1895669358237,True,False,0.19141907157040805,0.0032067939682178803,0.18821227760219017,0.010933102521596539,0.18234434689176168,0.1714948122384385,0,0,198,Explotacion activa
499,2,WOA,poblacional,400.18955272168085,400.18955272168085,True,False,0.1917007089776348,0.0028634530532372082,0.1888372559243976,0.010886571038264492,0.18240868486258818,0.17165041376213708,0,0,199,Explotacion activa
500,2,WOA,poblacional,400.18954861404484,400.18954861404484,True,False,0.19200067323947678,0.0025340502767789985,0.18946662296269778,0.010818413599963606,0.18244446464052544,0.17179609138355545,0,0,200,Explotacion activa
501,2,WOA,poblacional,400.1895462783255,400.1895462783255,True,False,0.19207490249732473,0.002460727577556554,0.18961417491976817,0.010663605581930823,0.18255678380813833,0.1720285066922031,0,0,201,Explotacion activa
502,2,WOA,poblacional,400.189541199606,400.189541199606,True,False,0.19210215526265983,0.0024214373707422965,0.18968071789191754,0.01054451620996133,0.1826458584715965,0.1721638637478918,0,0,202,Explotacion activa
503,2,WOA,poblacional,400.18953796238014,400.18953796238014,True,False,0.19200756829292231,0.0025260378357643276,0.189481530457158,0.01045094028687572,0.18270899957204847,0.17221992691067953,0,0,203,Explotacion activa
504,2,WOA,poblacional,400.1895337198354,400.1895337198354,True,False,0.1921089262605733,0.0023968344237346173,0.18971209183683868,0.010349711149808627,0.18272113956315933,0.17223698885437672,0,0,204,Explotacion activa
505,2,WOA,poblacional,400.1895288130848,400.1895288130848,True,False,0.19210720406465498,0.0023898215363828967,0.18971738252827208,0.010317309976528577,0.18272565838373112,0.17226647643792603,0,0,205,Explotacion activa
506,2,WOA,poblacional,400.18952614993594,400.18952614993594,True,False,0.19204793731239533,0.0024578038174354333,0.1895901334949599,0.010305246812345103,0.18273687424068613,0.17231405536357441,0,0,206,Explotacion activa
507,2,WOA,poblacional,400.18952399729056,400.18952399729056,True,False,0.19196331823115997,0.002559838298395789,0.18940347993276418,0.010275200707116027,0.1827724538591383,0.17239443700461834,0,0,207,Explotacion activa
508,2,WOA,poblacional,400.18952399729056,400.18952399729056,True,False,0.19191458123191296,0.0026295366746467153,0.18928504455726625,0.010244548452772052,0.1828007903163666,0.17259622947641445,1,0,208,Explotacion activa
509,2,WOA,poblacional,400.18952380374117,400.18952380374117,True,False,0.1920906775164326,0.002432194616517336,0.18965848289991527,0.010198707081417523,0.18288795311021316,0.172775375320316,0,0,209,Explotacion activa
510,2,WOA,poblacional,400.18952189093943,400.18952189093943,True,False,0.1920457030778948,0.002474129875054132,0.18957157320284068,0.010132748253852242,0.18305516061093385,0.17289734547574653,0,0,210,Explotacion activa
511,2,WOA,poblacional,400.18952142786287,400.18952142786287,True,False,0.1920226776227878,0.002499691689536121,0.18952298593325168,0.01007792846180564,0.18306665011538142,0.17292638179712866,0,0,211,Explotacion activa
512,2,WOA,poblacional,400.18951848065365,400.18951848065365,True,False,0.19192608707237468,0.002598513587429352,0.18932757348494533,0.010012853949467626,0.18307333571328854,0.17294115118753553,0,0,212,Explotacion activa
513,2,WOA,poblacional,400.18951708008956,400.18951708008956,True,False,0.19183893188159118,0.0026916055853689613,0.18914732629622222,0.00994260049688478,0.1830770999504921,0.17297251748266262,0,0,213,Explotacion activa
514,2,WOA,poblacional,400.1895140048562,400.1895140048562,True,False,0.19179397676606413,0.0027247196857160816,0.18906925708034805,0.009887419644144302,0.18308495360290636,0.17316766639549996,0,0,214,Explotacion activa
515,2,WOA,poblacional,400.18950316226005,400.18950316226005,True,False,0.19173601563193188,0.002737035274833488,0.1889989803570984,0.00985169553470655,0.18312772569285585,0.1733337929401273,0,0,215,Explotacion activa
516,2,WOA,poblacional,400.18948343536624,400.18948343536624,True,False,0.19158469146577772,0.0028167035004003083,0.18876798796537742,0.009808455778750157,0.18318912800136786,0.1734748045867832,0,0,216,Explotacion activa
517,2,WOA,poblacional,400.18943876667214,400.18943876667214,True,False,0.19123636169558722,0.0030164603129492207,0.188219901382638,0.009726970163194437,0.18326218741875094,0.1735820513567205,0,0,217,Explotacion activa
518,2,WOA,poblacional,400.1894301076449,400.1894301076449,True,False,0.19103202903556848,0.003223178737755461,0.18780885029781302,0.009688563896997949,0.1832792999470371,0.1737309866380315,0,0,218,Explotacion activa
519,2,WOA,poblacional,400.1894301076449,400.1894301076449,True,False,0.19097598996967236,0.00329973833834174,0.18767625163133062,0.009659048782333457,0.18329243568708192,0.17383870514408956,1,0,219,Explotacion activa
520,2,WOA,poblacional,400.18942972355575,400.18942972355575,True,False,0.190960654720584,0.0033389715399039233,0.18762168318068007,0.0096318153476318,0.1833127016848266,0.1738822038361718,0,0,220,Explotacion activa
521,2,WOA,poblacional,400.1894291175648,400.1894291175648,True,False,0.19105946220440728,0.00323858774601149,0.1878208744583958,0.00951412579268549,0.18343764172724378,0.17390389303684514,0,0,221,Explotacion activa
522,2,WOA,poblacional,400.18942155135875,400.18942155135875,True,False,0.19099457129539132,0.0032970156187843713,0.18769755567660695,0.009421986875122457,0.18351588211203307,0.17403274031531737,0,0,222,Explotacion activa
523,2,WOA,poblacional,400.18940896455496,400.18940896455496,True,False,0.19084098894916224,0.0034459165044040674,0.18739507244475817,0.009358376727607264,0.18357260197270192,0.1742190897134776,0,0,223,Explotacion activa
524,2,WOA,poblacional,400.1893847812953,400.1893847812953,True,False,0.19085033743044733,0.0033461352340395933,0.18750420219640773,0.009350961332154384,0.1837103471479736,0.17426824047967102,0,0,224,Explotacion activa
525,2,WOA,poblacional,400.1893604375334,400.1893604375334,True,False,0.19061853480417312,0.003513001454507503,0.18710553334966562,0.00931398096599878,0.18399123497195546,0.17434157191016197,0,0,225,Explotacion activa
526,2,WOA,poblacional,400.18931333676625,400.18931333676625,True,False,0.19042216654503363,0.0035226283248448453,0.1868995382201888,0.009131375292281516,0.18453519910343627,0.17496159382498033,0,0,226,Explotacion activa
527,2,WOA,poblacional,400.1892935522702,400.1892935522702,True,False,0.19035656973539972,0.0034935336896637637,0.18686303604573595,0.008614271320362833,0.1855937113549544,0.17692416128631977,0,0,227,Explotacion activa
528,2,WOA,poblacional,400.1892745350842,400.1892745350842,True,False,0.1900587934631517,0.0037227450221735126,0.18633604844097817,0.008019676062565394,0.18628862623365874,0.17826895017109334,0,0,228,Explotacion activa
529,2,WOA,poblacional,400.189266320201,400.189266320201,True,False,0.18981449680114792,0.003942418064752928,0.185872078736395,0.007220157459306613,0.18707464950214783,0.17985449204284118,0,0,229,Explotacion activa
530,2,WOA,poblacional,400.1892595486779,400.1892595486779,True,False,0.18954303861494282,0.0041964727041090555,0.18534656591083376,0.006164628014516893,0.18806295003986406,0.18189832202534717,0,0,230,Explotacion activa
531,2,WOA,poblacional,400.18924804593735,400.18924804593735,True,False,0.18925944448244536,0.004439344370496201,0.18482010011194916,0.005620804901792551,0.18862373257753118,0.18303594150236221,0,0,231,Explotacion activa
532,2,WOA,poblacional,400.1892210696848,400.1892210696848,True,False,0.188850799817601,0.004747230097962074,0.18410356971963893,0.0053797586992118335,0.18885610707088746,0.1835288281404132,0,0,232,Explotacion activa
533,2,WOA,poblacional,400.1892082317989,400.1892082317989,True,False,0.18858322933800764,0.004971091109382542,0.1836121382286251,0.00536506849542775,0.1888521266309226,0.183544361984616,0,0,233,Explotacion activa
534,2,WOA,poblacional,400.18918603674905,400.18918603674905,True,False,0.18818940218761782,0.005320827227421887,0.18286857496019593,0.00534601818877718,0.18879728572168233,0.1835341635740292,0,0,234,Explotacion activa
535,2,WOA,poblacional,400.1891652770408,400.1891652770408,True,False,0.18779291622684013,0.005684136077945823,0.1821087801488943,0.005354182605913138,0.18871701457780432,0.18353016199881722,0,0,235,Explotacion activa
536,2,WOA,poblacional,400.18912867812566,400.18912867812566,True,False,0.18726774605994478,0.006120693198226945,0.18114705286171784,0.005362347023049096,0.1886367434339263,0.18352616042360523,0,0,236,Explotacion activa
537,2,WOA,poblacional,400.18904650989094,400.18904650989094,True,False,0.18677709771645823,0.006299057827561683,0.18047803988889655,0.005369784756373974,0.18854384662296864,0.1834580009321371,0,0,237,Explotacion activa
538,2,WOA,poblacional,400.1890345380136,400.1890345380136,True,False,0.18673804013991457,0.006262889924755655,0.18047515021515892,0.00537576912207669,0.1884256984778517,0.1832615256081567,0,0,238,Explotacion activa
539,2,WOA,poblacional,400.18900421290965,400.18900421290965,True,False,0.1862458942684384,0.00664709325531021,0.1795988010131282,0.005381753487779406,0.18830755033273475,0.1830650502841763,0,0,239,Explotacion activa
540,2,WOA,poblacional,400.18898240774786,400.18898240774786,True,False,0.18571148370159563,0.007119870779092707,0.17859161292250292,0.005387737853482122,0.18818940218761782,0.18286857496019593,0,0,240,Explotacion activa
541,2,WOA,poblacional,400.18894167890994,400.18894167890994,True,False,0.18515690217589054,0.0075213214153677654,0.17763558076052277,0.005476657320821231,0.18815146654329168,0.18264063651680543,0,0,241,Explotacion activa
542,2,WOA,poblacional,400.1889011716073,400.1889011716073,True,False,0.18449931527760555,0.008031860378764577,0.17646745489884097,0.005565576788160341,0.18811353089896557,0.18241269807341495,0,0,242,Explotacion activa
543,2,WOA,poblacional,400.18883731361876,400.18883731361876,True,False,0.18371541126163038,0.008562807351381707,0.17515260391024867,0.0056544962554994525,0.18807559525463943,0.18218475963002448,0,0,243,Explotacion activa
544,2,WOA,poblacional,400.1888071131457,400.1888071131457,True,False,0.18305466438960138,0.009093144015821508,0.17396152037377988,0.005771447502002046,0.18800894327725928,0.18206668852418487,0,0,244,Explotacion activa
545,2,WOA,poblacional,400.18878492753055,400.18878492753055,True,False,0.1823264277263661,0.00973050361614014,0.17259592411022595,0.005902414638086384,0.1879279331333521,0.18200355108712074,0,0,245,Explotacion activa
546,2,WOA,poblacional,400.18874697435797,400.18874697435797,True,False,0.18147807354711176,0.010423573378943729,0.17105450016816803,0.00603338177417072,0.18784692298944491,0.1819404136500566,0,0,246,Explotacion activa
547,2,WOA,poblacional,400.1887242302292,400.1887242302292,True,False,0.18059836324442813,0.011223340440324137,0.169375022804104,0.00612508667985594,0.1877403992101506,0.18182319510898423,0,0,247,Explotacion activa
548,2,WOA,poblacional,400.1887120510983,400.1887120510983,True,False,0.17975811561024102,0.012027544656689315,0.1677305709535517,0.0061382671247429245,0.187582848160082,0.18159781435989544,0,0,248,Explotacion activa
549,2,WOA,poblacional,400.1886881218379,400.1886881218379,True,False,0.17891134969426048,0.012786714490516715,0.16612463520374376,0.006151447569629908,0.18742529711001338,0.18137243361080663,0,0,249,Explotacion activa
550,2,WOA,poblacional,400.18868216309244,400.18868216309244,True,False,0.1781009888271683,0.013607919275102631,0.16449306955206566,0.006164628014516893,0.18726774605994478,0.18114705286171784,0,0,250,Explotacion activa
551,2,WOA,poblacional,400.1886663724327,400.1886663724327,True,False,0.17735896086492176,0.01434508633627729,0.16301387452864446,0.006194106587588521,0.1871205515568988,0.18094634896987144,0,0,251,Explotacion activa
552,2,WOA,poblacional,400.1886434464545,400.1886434464545,True,False,0.1765992698948935,0.015164097971933188,0.1614351719229603,0.0062235851606601495,0.18697335705385285,0.18074564507802504,0,0,252,Explotacion activa
553,2,WOA,poblacional,400.1886305711673,400.1886305711673,True,False,0.17593976264680578,0.015927597560676077,0.1600121650861297,0.006253063733731778,0.1868261625508069,0.18054494118617867,0,0,253,Explotacion activa
554,2,WOA,poblacional,400.18862826100235,400.18862826100235,True,False,0.17558122082539285,0.016379637567808913,0.15920158325758393,0.00627012350531686,0.1867692862011495,0.18047746195414902,0,0,254,Explotacion activa
555,2,WOA,poblacional,400.1886255452695,400.1886255452695,True,False,0.1755103327014922,0.016468178805951084,0.1590421538955411,0.006280973876158669,0.1867575689281864,0.18047659505202773,0,0,255,Explotacion activa
556,2,WOA,poblacional,400.1886027067472,400.1886027067472,True,False,0.17616562119559376,0.015562159660930774,0.16060346153466298,0.006291824247000477,0.1867458516552233,0.18047572814990645,0,0,256,Explotacion activa
557,2,WOA,poblacional,400.1885616545065,400.1885616545065,True,False,0.17545313761974057,0.016092910737370403,0.15936022688237017,0.006333861370336534,0.1867293453388072,0.18038751529495584,0,0,257,Explotacion activa
558,2,WOA,poblacional,400.18854627052974,400.18854627052974,True,False,0.17455005077749775,0.016976747852538665,0.15757330292495908,0.006438271998661091,0.18670326093548512,0.1801246105343466,0,0,258,Explotacion activa
559,2,WOA,poblacional,400.1885428788953,400.1885428788953,True,False,0.17375296722087796,0.017848613035653216,0.15590435418522475,0.006542682626985653,0.186677176532163,0.1798617057737374,0,0,259,Explotacion activa
560,2,WOA,poblacional,400.18853959549443,400.18853959549443,True,False,0.17300888129199166,0.018714501460181054,0.1542943798318106,0.00664709325531021,0.1866510921288409,0.1795988010131282,0,0,260,Explotacion activa
561,2,WOA,poblacional,400.18853912837966,400.18853912837966,True,False,0.17260583625159143,0.019301842402171587,0.15330399384941984,0.006788926512444958,0.18652953277072015,0.1794127301814342,0,0,261,Explotacion activa
562,2,WOA,poblacional,400.1885272394229,400.1885272394229,True,False,0.1723479179947276,0.01969268218635989,0.1526552358083677,0.006930759769579705,0.1864079734125994,0.1792266593497402,0,0,262,Explotacion activa
563,2,WOA,poblacional,400.18852273613703,400.18852273613703,True,False,0.17253476620300034,0.019611580218111158,0.1529231859848892,0.007072593026714454,0.18628641405447866,0.1790405885180462,0,0,263,Explotacion activa
564,2,WOA,poblacional,400.18850671954647,400.18850671954647,True,False,0.1726572481844073,0.019515891491778348,0.15314135669262896,0.0072001609063477206,0.1861457008929278,0.17890117451048582,0,0,264,Explotacion activa
565,2,WOA,poblacional,400.18849674701806,400.18849674701806,True,False,0.17355687135045628,0.01849555132008618,0.1550613200303701,0.007320596097230236,0.18599541082966198,0.17878508891499223,0,0,265,Explotacion activa
566,2,WOA,poblacional,400.18844957601,400.18844957601,True,False,0.17330768108479333,0.018567932235043827,0.1547397488497495,0.007441031288112752,0.18584512076639612,0.17866900331949864,0,0,266,Explotacion activa
567,2,WOA,poblacional,400.1884391858924,400.1884391858924,True,False,0.17320330373109982,0.018661611173229176,0.15454169255787065,0.007536441995966924,0.18574158302195656,0.1784960097063049,0,0,267,Explotacion activa
568,2,WOA,poblacional,400.18821264308315,400.18821264308315,True,False,0.17164715309337453,0.019394907845367015,0.1522522452480075,0.007581803737764402,0.18573154991516957,0.17820920005771085,0,0,268,Explotacion activa
569,2,WOA,poblacional,400.188197031824,400.188197031824,True,False,0.17090621836882747,0.020193335298756665,0.1507128830700708,0.0076271654795618815,0.18572151680838261,0.1779223904091168,0,0,269,Explotacion activa
570,2,WOA,poblacional,400.1881416521131,400.1881416521131,True,False,0.17014643941359964,0.02085112224108343,0.1492953171725162,0.00767252722135936,0.18571148370159563,0.17763558076052277,0,0,270,Explotacion activa
571,2,WOA,poblacional,400.1881182053343,400.1881182053343,True,False,0.17007873990633016,0.02090191274129438,0.14917682716503577,0.007780327168580924,0.1855451092438841,0.17750626495231928,0,0,271,Explotacion activa
572,2,WOA,poblacional,400.18810924918506,400.18810924918506,True,False,0.1696432587016261,0.02150021780539646,0.14814304089622965,0.007888127115802487,0.18537873478617256,0.17737694914411575,0,0,272,Explotacion activa
573,2,WOA,poblacional,400.18809964857485,400.18809964857485,True,False,0.16958968493054272,0.021720999035949262,0.14786868589459345,0.007995927063024053,0.18521236032846103,0.17724763333591226,0,0,273,Explotacion activa
574,2,WOA,poblacional,400.18809964857485,400.18809964857485,True,False,0.16957121938656883,0.0219769988796088,0.14759422050696003,0.008133568167886553,0.18502538479623354,0.17705711343297706,1,0,274,Explotacion activa
575,2,WOA,poblacional,400.1880946194077,400.1880946194077,True,False,0.17013161234632435,0.02158369990746678,0.14854791243885757,0.008286129851569513,0.18482810872674804,0.17683599148267604,0,0,275,Explotacion activa
576,2,WOA,poblacional,400.1880712368492,400.1880712368492,True,False,0.17219090000321557,0.019354411795404758,0.15283648820781082,0.008438691535252472,0.18463083265726254,0.17661486953237499,0,0,276,Explotacion activa
577,2,WOA,poblacional,400.18807009939553,400.18807009939553,True,False,0.17189092727835487,0.019851947196002584,0.15203898008235228,0.008542640127075174,0.1844726604530024,0.1763359697999817,0,0,277,Explotacion activa
578,2,WOA,poblacional,400.18806162238593,400.18806162238593,True,False,0.17224254016599616,0.01961185866679216,0.152630681499204,0.008549362535177352,0.18439269597919292,0.17594151450340403,0,0,278,Explotacion activa
579,2,WOA,poblacional,400.18805983337967,400.18805983337967,True,False,0.17236960075911156,0.019684031725034856,0.1526855690340767,0.00855608494327953,0.18431273150538344,0.17554705920682634,0,0,279,Explotacion activa
580,2,WOA,poblacional,400.18805921906824,400.18805921906824,True,False,0.17328183893278037,0.018978066887996192,0.15430377204478418,0.008562807351381707,0.18423276703157399,0.17515260391024867,0,0,280,Explotacion activa
581,2,WOA,poblacional,400.18804397831013,400.18804397831013,True,False,0.17411407248249589,0.01825547538265937,0.15585859709983652,0.008721908350713646,0.18408784779580287,0.17492708081655337,0,0,281,Explotacion activa
582,2,WOA,poblacional,400.1880218924199,400.1880218924199,True,False,0.1757298985997977,0.016580435028060947,0.15914946357173676,0.008881009350045585,0.18394292856003175,0.17470155772285806,0,0,282,Explotacion activa
583,2,WOA,poblacional,400.18801510518267,400.18801510518267,True,False,0.1761578823403056,0.01619462454107179,0.15996325779923382,0.009040110349377524,0.18379800932426066,0.17447603462916275,0,0,283,Explotacion activa
584,2,WOA,poblacional,400.18801485023914,400.18801485023914,True,False,0.1763568931898476,0.016099462842134926,0.16025743034771267,0.009130339069508865,0.18374284458219564,0.17437714492282338,0,0,284,Explotacion activa
585,2,WOA,poblacional,400.1880109513185,400.1880109513185,True,False,0.17706325803925438,0.015355312150973077,0.1617079458882813,0.009186131650039897,0.18373255708698366,0.17434157191016197,0,0,285,Explotacion activa
586,2,WOA,poblacional,400.18798822384093,400.18798822384093,True,False,0.1771481018411123,0.015204297516618226,0.16194380432449407,0.009241924230570929,0.18372226959177168,0.17430599889750056,0,0,286,Explotacion activa
587,2,WOA,poblacional,400.18798095542303,400.18798095542303,True,False,0.17695141136209713,0.015460407088255579,0.16149100427384155,0.009286091620606384,0.18369916254451937,0.17427526201769866,0,0,287,Explotacion activa
588,2,WOA,poblacional,400.1879551452508,400.1879551452508,True,False,0.1770678195414348,0.015260142519480269,0.16180767702195453,0.00930700862965068,0.18365041639318633,0.17425419740361575,0,0,288,Explotacion activa
589,2,WOA,poblacional,400.1879393630211,400.1879393630211,True,False,0.17657825082312684,0.01577055151727791,0.16080769930584893,0.009327925638694978,0.1836016702418533,0.17423313278953287,0,0,289,Explotacion activa
590,2,WOA,poblacional,400.18792874007715,400.18792874007715,True,False,0.17643245410937425,0.01589234814275642,0.16054010596661783,0.009348842647739275,0.18355292409052026,0.17421206817544999,0,0,290,Explotacion activa
591,2,WOA,poblacional,400.18792509234095,400.18792509234095,True,False,0.17658339770309794,0.015716589105920775,0.16086680859717717,0.009352020674361939,0.18353440310127667,0.17413690383494895,0,0,291,Explotacion activa
592,2,WOA,poblacional,400.18792509234095,400.18792509234095,True,False,0.1764663872488086,0.015919931733265003,0.16054645551554358,0.009355198700984602,0.18351588211203307,0.17406173949444792,1,0,292,Explotacion activa
593,2,WOA,poblacional,400.1879239683762,400.1879239683762,True,False,0.17600243548292838,0.0165341279254676,0.15946830755746078,0.009358376727607264,0.18349736112278947,0.1739865751539469,0,0,293,Explotacion activa
594,2,WOA,poblacional,400.18791885059017,400.18791885059017,True,False,0.17553565305848906,0.01713490902261583,0.15840074403587323,0.009380286338250698,0.18345549030473193,0.17395185398073637,0,0,294,Explotacion activa
595,2,WOA,poblacional,400.18791708977915,400.18791708977915,True,False,0.17576856363183424,0.01692982362158091,0.15883874001025333,0.009411561740904517,0.18340194457226744,0.17393735439117108,0,0,295,Explotacion activa
596,2,WOA,poblacional,400.1879072748107,400.1879072748107,True,False,0.17655680474052815,0.015983165929924326,0.16057363881060382,0.009442837143558336,0.18334839883980295,0.1739228548016058,0,0,296,Explotacion activa
597,2,WOA,poblacional,400.18789606989225,400.18789606989225,True,False,0.17643828582896504,0.016033391474366,0.16040489435459904,0.009480500205557973,0.18330980654229165,0.17391008995132323,0,0,297,Explotacion activa
598,2,WOA,poblacional,400.1878910487181,400.1878910487181,True,False,0.17592536367692446,0.016552947908564875,0.1593724157683596,0.009530938586249248,0.1833011211146868,0.1739007945796061,0,0,298,Explotacion activa
599,2,WOA,poblacional,400.1878766146386,400.1878766146386,True,False,0.1753853174295159,0.017087876130403856,0.15829744129911205,0.009581376966940525,0.18329243568708192,0.17389149920788896,0,0,299,Explotacion activa
600,2,WOA,poblacional,400.1878754087698,400.1878754087698,True,False,0.17481788608478155,0.017733378264097155,0.1570845078206844,0.0096318153476318,0.18328375025947707,0.1738822038361718,0,0,300,Explotacion activa
601,3,ACO,poblacional,400.1878754087698,1013.5200556798093,False,False,,,,,,,0,0,1,Llenando ventana
602,3,ACO,poblacional,400.1878754087698,735.0290011495949,False,False,,,,,,,1,0,2,Llenando ventana
603,3,ACO,poblacional,400.1878754087698,667.2254886743103,False,False,,,,,,,2,0,3,Llenando ventana
604,3,ACO,poblacional,400.1878754087698,556.6828873628007,False,False,,,,,,,3,0,4,Llenando ventana
605,3,ACO,poblacional,400.1878754087698,539.1474658773344,False,False,,,,,,,4,0,5,Llenando ventana
606,3,ACO,poblacional,400.1878754087698,570.1101153736179,False,False,,,,,,,5,0,6,Llenando ventana
607,3,ACO,poblacional,400.1878754087698,476.83373597655964,False,False,,,,,,,6,0,7,Llenando ventana
608,3,ACO,poblacional,400.1878754087698,549.4914315162382,False,False,,,,,,,7,0,8,Llenando ventana
609,3,ACO,poblacional,400.1878754087698,489.6080085824565,False,False,,,,,,,8,0,9,Llenando ventana
610,3,ACO,poblacional,400.1878754087698,484.1456446366004,False,False,,,,,,,9,0,10,Llenando ventana
611,3,ACO,poblacional,400.1878754087698,450.9167215777453,False,False,,,,,,,10,0,11,Llenando ventana
612,3,ACO,poblacional,400.1878754087698,436.63265075456013,False,False,,,,,,,11,0,12,Llenando ventana
613,3,ACO,poblacional,400.1878754087698,435.2932313123201,False,False,,,,,,,12,0,13,Llenando ventana
614,3,ACO,poblacional,400.1878754087698,440.34612335046836,False,False,,,,,,,13,0,14,Llenando ventana
615,3,ACO,poblacional,400.1878754087698,434.283610790942,False,False,,,,,,,14,0,15,Llenando ventana
616,3,ACO,poblacional,400.1878754087698,422.4893033039987,False,False,,,,,,,15,0,16,Llenando ventana
617,3,ACO,poblacional,400.1878754087698,430.9496176090682,False,False,,,,,,,16,0,17,Llenando ventana
618,3,ACO,poblacional,400.1878754087698,414.91289887755454,False,False,,,,,,,17,0,18,Llenando ventana
619,3,ACO,poblacional,400.1878754087698,421.61347530803715,False,False,,,,,,,18,0,19,Llenando ventana
620,3,ACO,poblacional,400.1878754087698,416.2210282787537,False,False,,,,,,,19,0,20,Llenando ventana
621,3,ACO,poblacional,400.1878754087698,443.72850466425825,False,False,,,,,,,20,0,21,Llenando ventana
622,3,ACO,poblacional,400.1878754087698,411.20536580889257,False,False,,,,,,,21,0,22,Llenando ventana
623,3,ACO,poblacional,400.1878754087698,408.6607466598473,False,False,,,,,,,22,0,23,Llenando ventana
624,3,ACO,poblacional,400.1878754087698,405.3741381104124,False,False,,,,,,,23,0,24,Llenando ventana
625,3,ACO,poblacional,400.1878754087698,410.8105373225204,False,False,,,,,,,24,0,25,Llenando ventana
626,3,ACO,poblacional,400.1878754087698,411.093524968901,False,False,,,,,,,25,0,26,Llenando ventana
627,3,ACO,poblacional,400.1878754087698,415.03686601866934,False,False,,,,,,,26,0,27,Llenando ventana
628,3,ACO,poblacional,400.1878754087698,408.13372540935245,False,False,,,,,,,27,0,28,Llenando ventana
629,3,ACO,poblacional,400.1878754087698,412.72197769719,False,False,,,,,,,28,0,29,Llenando ventana
630,3,ACO,poblacional,400.1878754087698,410.79996480111436,False,False,,,,,,,29,0,30,Llenando ventana
631,3,ACO,poblacional,400.1878754087698,404.5455011190182,False,False,,,,,,,30,0,31,Llenando ventana
632,3,ACO,poblacional,400.1878754087698,404.2929153229324,False,False,,,,,,,31,0,32,Llenando ventana
633,3,ACO,poblacional,400.1878754087698,404.15868701308585,False,False,,,,,,,32,0,33,Llenando ventana
634,3,ACO,poblacional,400.1878754087698,402.41375430229147,False,False,,,,,,,33,0,34,Llenando ventana
635,3,ACO,poblacional,400.1878754087698,401.8837609169542,False,False,,,,,,,34,0,35,Llenando ventana
636,3,ACO,poblacional,400.1878754087698,404.82913815658304,False,False,,,,,,,35,0,36,Llenando ventana
637,3,ACO,poblacional,400.1878754087698,401.13760052020126,False,False,,,,,,,36,0,37,Llenando ventana
638,3,ACO,poblacional,400.1878754087698,401.15443144556355,False,False,,,,,,,37,0,38,Llenando ventana
639,3,ACO,poblacional,400.1878754087698,402.67834524045116,False,False,,,,,,,38,0,39,Llenando ventana
640,3,ACO,poblacional,400.1878754087698,401.28591250551074,True,False,0.19499999999999318,0.0,0.19499999999999318,4.0,20.0,12.0,39,0,40,Explotacion activa
641,3,ACO,poblacional,400.1878754087698,401.24864108565816,True,False,0.19499999999999318,0.0,0.19499999999999318,4.0,20.0,12.0,40,0,41,Explotacion activa
642,3,ACO,poblacional,400.1878754087698,401.2811364712376,True,False,0.19499999999999318,0.0,0.19499999999999318,4.0,20.0,12.0,41,0,42,Explotacion activa
643,3,ACO,poblacional,400.1878754087698,402.019330570403,True,False,0.19499999999999318,0.0,0.19499999999999318,4.0,20.0,12.0,42,0,43,Explotacion activa
644,3,ACO,poblacional,400.1878754087698,400.9427083819539,True,False,0.19499999999999318,0.0,0.19499999999999318,4.0,20.0,12.0,43,0,44,Explotacion activa
645,3,ACO,poblacional,400.1878754087698,401.4183451687643,True,False,0.19499999999999318,0.0,0.19499999999999318,4.0,20.0,12.0,44,0,45,Explotacion activa
646,3,ACO,poblacional,400.1878754087698,400.9527568365952,True,False,0.19499999999999318,0.0,0.19499999999999318,4.0,20.0,12.0,45,0,46,Explotacion activa
647,3,ACO,poblacional,400.1878754087698,401.2487501022289,True,False,0.19499999999999318,0.0,0.19499999999999318,4.0,20.0,12.0,46,0,47,Explotacion activa
648,3,ACO,poblacional,400.1878754087698,400.9039095507204,True,False,0.19499999999999318,0.0,0.19499999999999318,4.0,20.0,12.0,47,0,48,Explotacion activa
649,3,ACO,poblacional,400.1878754087698,400.55782146717956,True,False,0.19499999999999318,0.0,0.19499999999999318,0.0,0.19499999999999318,0.19499999999999318,48,1,49,Explotacion activa
650,3,ACO,poblacional,400.1878754087698,400.7358268109184,True,False,0.19499999999999318,0.0,0.19499999999999318,0.0,0.19499999999999318,0.19499999999999318,49,2,50,Explotacion activa
651,3,ACO,poblacional,400.1878754087698,401.0271061703211,True,False,0.19499999999999318,0.0,0.19499999999999318,0.0,0.19499999999999318,0.19499999999999318,50,3,51,Explotacion activa
652,3,ACO,poblacional,400.1878754087698,400.30941636847206,True,False,0.19499999999999318,0.0,0.19499999999999318,0.0,0.19499999999999318,0.19499999999999318,51,4,52,Explotacion activa
653,3,ACO,poblacional,400.1878754087698,400.3329481320282,True,False,0.19499999999999318,0.0,0.19499999999999318,0.0,0.19499999999999318,0.19499999999999318,52,5,53,Explotacion activa
654,3,ACO,poblacional,400.1878754087698,400.4746684797147,True,False,0.19499999999999318,0.0,0.19499999999999318,0.0,0.19499999999999318,0.19499999999999318,53,6,54,Explotacion activa
655,3,ACO,poblacional,400.1878754087698,400.6662624030802,True,False,0.19499999999999318,0.0,0.19499999999999318,0.0,0.19499999999999318,0.19499999999999318,54,7,55,Explotacion activa
656,3,ACO,poblacional,400.1878754087698,400.43251079571354,True,True,0.19499999999999318,0.0,0.19499999999999318,0.0,0.19499999999999318,0.19499999999999318,55,8,56,ESTANCAMIENTO (Fire)
657,4,GWO,poblacional,400.1878754087698,400.1878754087698,False,False,,,,,,,0,0,1,Llenando ventana
658,4,GWO,poblacional,400.1878754087698,400.1878754087698,False,False,,,,,,,1,0,2,Llenando ventana
659,4,GWO,poblacional,400.1878754087698,400.1878754087698,False,False,,,,,,,2,0,3,Llenando ventana
660,4,GWO,poblacional,400.1878754087698,400.1878754087698,False,False,,,,,,,3,0,4,Llenando ventana
661,4,GWO,poblacional,400.1878754087698,400.1878754087698,False,False,,,,,,,4,0,5,Llenando ventana
662,4,GWO,poblacional,400.1878754087698,400.1878754087698,False,False,,,,,,,5,0,6,Llenando ventana
663,4,GWO,poblacional,400.1878754087698,400.1878754087698,False,False,,,,,,,6,0,7,Llenando ventana
664,4,GWO,poblacional,400.1878754087698,400.1878754087698,False,False,,,,,,,7,0,8,Llenando ventana
665,4,GWO,poblacional,400.1878754087698,400.1878754087698,False,False,,,,,,,8,0,9,Llenando ventana
666,4,GWO,poblacional,400.1878754087698,400.1878754087698,False,False,,,,,,,9,0,10,Llenando ventana
667,4,GWO,poblacional,400.1878754087698,400.1878754087698,False,False,,,,,,,10,0,11,Llenando ventana
668,4,GWO,poblacional,400.1878754087698,400.1878754087698,False,False,,,,,,,11,0,12,Llenando ventana
669,4,GWO,poblacional,400.1878754087698,400.1878754087698,False,False,,,,,,,12,0,13,Llenando ventana
670,4,GWO,poblacional,400.1878754087698,400.1878754087698,False,False,,,,,,,13,0,14,Llenando ventana
671,4,GWO,poblacional,400.1878754087698,400.1878754087698,False,False,,,,,,,14,0,15,Llenando ventana
672,4,GWO,poblacional,400.1878754087698,400.1878754087698,False,False,,,,,,,15,0,16,Llenando ventana
673,4,GWO,poblacional,400.1878754087698,400.1878754087698,False,False,,,,,,,16,0,17,Llenando ventana
674,4,GWO,poblacional,400.1878754087698,400.1878754087698,False,False,,,,,,,17,0,18,Llenando ventana
675,4,GWO,poblacional,400.1878754087698,400.1878754087698,False,False,,,,,,,18,0,19,Llenando ventana
676,4,GWO,poblacional,400.1878754087698,400.1878754087698,False,False,,,,,,,19,0,20,Llenando ventana
677,4,GWO,poblacional,400.1878754087698,400.1878754087698,False,False,,,,,,,20,0,21,Llenando ventana
678,4,GWO,poblacional,400.1878754087698,400.1878754087698,False,False,,,,,,,21,0,22,Llenando ventana
679,4,GWO,poblacional,400.1878754087698,400.1878754087698,False,False,,,,,,,22,0,23,Llenando ventana
680,4,GWO,poblacional,400.1878754087698,400.1878754087698,False,False,,,,,,,23,0,24,Llenando ventana
681,4,GWO,poblacional,400.1878754087698,400.1878754087698,False,False,,,,,,,24,0,25,Llenando ventana
682,4,GWO,poblacional,400.1878754087698,400.1878754087698,False,False,,,,,,,25,0,26,Llenando ventana
683,4,GWO,poblacional,400.1878754087698,400.1878754087698,False,False,,,,,,,26,0,27,Llenando ventana
684,4,GWO,poblacional,400.1878754087698,400.1878754087698,False,False,,,,,,,27,0,28,Llenando ventana
685,4,GWO,poblacional,400.1878754087698,400.1878754087698,False,False,,,,,,,28,0,29,Llenando ventana
686,4,GWO,poblacional,400.1878754087698,400.1878754087698,False,False,,,,,,,29,0,30,Llenando ventana
687,4,GWO,poblacional,400.1878754087698,400.1878754087698,False,False,,,,,,,30,0,31,Llenando ventana
688,4,GWO,poblacional,400.1878754087698,400.1878754087698,False,False,,,,,,,31,0,32,Llenando ventana
689,4,GWO,poblacional,400.1878754087698,400.1878754087698,False,False,,,,,,,32,0,33,Llenando ventana
690,4,GWO,poblacional,400.1878754087698,400.1878754087698,False,False,,,,,,,33,0,34,Llenando ventana
691,4,GWO,poblacional,400.1878754087698,400.1878754087698,False,False,,,,,,,34,0,35,Llenando ventana
692,4,GWO,poblacional,400.1878754087698,400.1878754087698,False,False,,,,,,,35,0,36,Llenando ventana
693,4,GWO,poblacional,400.1878754087698,400.1878754087698,False,False,,,,,,,36,0,37,Llenando ventana
694,4,GWO,poblacional,400.1878754087698,400.1878754087698,False,False,,,,,,,37,0,38,Llenando ventana
695,4,GWO,poblacional,400.1878754087698,400.1878754087698,False,False,,,,,,,38,0,39,Llenando ventana
696,4,GWO,poblacional,400.1878754087698,400.1878754087698,True,False,0.19499999999999318,0.0,0.19499999999999318,4.0,20.0,12.0,39,0,40,Explotacion activa
697,4,GWO,poblacional,400.1878754087698,400.1878754087698,True,False,0.19499999999999318,0.0,0.19499999999999318,4.0,20.0,12.0,40,0,41,Explotacion activa
698,4,GWO,poblacional,400.1878754087698,400.1878754087698,True,False,0.19499999999999318,0.0,0.19499999999999318,4.0,20.0,12.0,41,0,42,Explotacion activa
699,4,GWO,poblacional,400.1878754087698,400.1878754087698,True,False,0.19499999999999318,0.0,0.19499999999999318,4.0,20.0,12.0,42,0,43,Explotacion activa
700,4,GWO,poblacional,400.1878754087698,400.1878754087698,True,False,0.19499999999999318,0.0,0.19499999999999318,4.0,20.0,12.0,43,0,44,Explotacion activa
701,4,GWO,poblacional,400.1878754087698,400.1878754087698,True,False,0.19499999999999318,0.0,0.19499999999999318,4.0,20.0,12.0,44,0,45,Explotacion activa
702,4,GWO,poblacional,400.1878754087698,400.1878754087698,True,False,0.19499999999999318,0.0,0.19499999999999318,4.0,20.0,12.0,45,0,46,Explotacion activa
703,4,GWO,poblacional,400.1878754087698,400.1878754087698,True,False,0.19499999999999318,0.0,0.19499999999999318,4.0,20.0,12.0,46,0,47,Explotacion activa
704,4,GWO,poblacional,400.1878754087698,400.1878754087698,True,False,0.19499999999999318,0.0,0.19499999999999318,4.0,20.0,12.0,47,0,48,Explotacion activa
705,4,GWO,poblacional,400.1878754087698,400.1878754087698,True,False,0.19499999999999318,0.0,0.19499999999999318,0.0,0.19499999999999318,0.19499999999999318,48,1,49,Explotacion activa
706,4,GWO,poblacional,400.1878754087698,400.1878754087698,True,False,0.19499999999999318,0.0,0.19499999999999318,0.0,0.19499999999999318,0.19499999999999318,49,2,50,Explotacion activa
707,4,GWO,poblacional,400.1878754087698,400.1878754087698,True,False,0.19499999999999318,0.0,0.19499999999999318,0.0,0.19499999999999318,0.19499999999999318,50,3,51,Explotacion activa
708,4,GWO,poblacional,400.1878754087698,400.1878754087698,True,False,0.19499999999999318,0.0,0.19499999999999318,0.0,0.19499999999999318,0.19499999999999318,51,4,52,Explotacion activa
709,4,GWO,poblacional,400.1878754087698,400.1878754087698,True,False,0.19499999999999318,0.0,0.19499999999999318,0.0,0.19499999999999318,0.19499999999999318,52,5,53,Explotacion activa
710,4,GWO,poblacional,400.1878754087698,400.1878754087698,True,False,0.19499999999999318,0.0,0.19499999999999318,0.0,0.19499999999999318,0.19499999999999318,53,6,54,Explotacion activa
711,4,GWO,poblacional,400.1878754087698,400.1878754087698,True,False,0.19499999999999318,0.0,0.19499999999999318,0.0,0.19499999999999318,0.19499999999999318,54,7,55,Explotacion activa
712,4,GWO,poblacional,400.1878754087698,400.1878754087698,True,True,0.19499999999999318,0.0,0.19499999999999318,0.0,0.19499999999999318,0.19499999999999318,55,8,56,ESTANCAMIENTO (Fire)
713,5,ACO,poblacional,400.1878754087698,1111.5656297186645,False,False,,,,,,,0,0,1,Llenando ventana
714,5,ACO,poblacional,400.1878754087698,496.1536434729328,False,False,,,,,,,1,0,2,Llenando ventana
715,5,ACO,poblacional,400.1878754087698,572.8922479384787,False,False,,,,,,,2,0,3,Llenando ventana
716,5,ACO,poblacional,400.1878754087698,502.80758544432217,False,False,,,,,,,3,0,4,Llenando ventana
717,5,ACO,poblacional,400.1878754087698,502.28384594166084,False,False,,,,,,,4,0,5,Llenando ventana
718,5,ACO,poblacional,400.1878754087698,453.61266154577726,False,False,,,,,,,5,0,6,Llenando ventana
719,5,ACO,poblacional,400.1878754087698,519.8410036401491,False,False,,,,,,,6,0,7,Llenando ventana
720,5,ACO,poblacional,400.1878754087698,433.98896548201003,False,False,,,,,,,7,0,8,Llenando ventana
721,5,ACO,poblacional,400.1878754087698,466.86750745233235,False,False,,,,,,,8,0,9,Llenando ventana
722,5,ACO,poblacional,400.1878754087698,425.4902428746837,False,False,,,,,,,9,0,10,Llenando ventana
723,5,ACO,poblacional,400.1878754087698,442.26415943585016,False,False,,,,,,,10,0,11,Llenando ventana
724,5,ACO,poblacional,400.1878754087698,441.2260173006247,False,False,,,,,,,11,0,12,Llenando ventana
725,5,ACO,poblacional,400.1878754087698,409.4754032975917,False,False,,,,,,,12,0,13,Llenando ventana
726,5,ACO,poblacional,400.1878754087698,419.26312516884593,False,False,,,,,,,13,0,14,Llenando ventana
727,5,ACO,poblacional,400.1878754087698,416.2744213272959,False,False,,,,,,,14,0,15,Llenando ventana
728,5,ACO,poblacional,400.1878754087698,408.9216687462264,False,False,,,,,,,15,0,16,Llenando ventana
729,5,ACO,poblacional,400.1878754087698,413.78147618221317,False,False,,,,,,,16,0,17,Llenando ventana
730,5,ACO,poblacional,400.1878754087698,405.20931750276327,False,False,,,,,,,17,0,18,Llenando ventana
731,5,ACO,poblacional,400.1878754087698,407.4608632066615,False,False,,,,,,,18,0,19,Llenando ventana
732,5,ACO,poblacional,400.1878754087698,408.92818183242457,False,False,,,,,,,19,0,20,Llenando ventana
733,5,ACO,poblacional,400.1878754087698,407.09993652850324,False,False,,,,,,,20,0,21,Llenando ventana
734,5,ACO,poblacional,400.1878754087698,406.7041325404667,False,False,,,,,,,21,0,22,Llenando ventana
735,5,ACO,poblacional,400.1878754087698,402.3672084304187,False,False,,,,,,,22,0,23,Llenando ventana
736,5,ACO,poblacional,400.1878754087698,404.8626239524056,False,False,,,,,,,23,0,24,Llenando ventana
737,5,ACO,poblacional,400.1878754087698,402.29764415426024,False,False,,,,,,,24,0,25,Llenando ventana
738,5,ACO,poblacional,400.1878754087698,403.3386816060372,False,False,,,,,,,25,0,26,Llenando ventana
739,5,ACO,poblacional,400.1878754087698,401.94073244507535,False,False,,,,,,,26,0,27,Llenando ventana
740,5,ACO,poblacional,400.1878754087698,402.69621494765596,False,False,,,,,,,27,0,28,Llenando ventana
741,5,ACO,poblacional,400.1878754087698,401.6407774569107,False,False,,,,,,,28,0,29,Llenando ventana
742,5,ACO,poblacional,400.1878754087698,402.39534070966175,False,False,,,,,,,29,0,30,Llenando ventana
743,5,ACO,poblacional,400.1878754087698,403.17038711827684,False,False,,,,,,,30,0,31,Llenando ventana
744,5,ACO,poblacional,400.1878754087698,401.3720890805516,False,False,,,,,,,31,0,32,Llenando ventana
745,5,ACO,poblacional,400.1878754087698,401.27724211756777,False,False,,,,,,,32,0,33,Llenando ventana
746,5,ACO,poblacional,400.1878754087698,401.51863264334725,False,False,,,,,,,33,0,34,Llenando ventana
747,5,ACO,poblacional,400.1878754087698,400.554096706281,False,False,,,,,,,34,0,35,Llenando ventana
748,5,ACO,poblacional,400.1878754087698,400.6089477685935,False,False,,,,,,,35,0,36,Llenando ventana
749,5,ACO,poblacional,400.1878754087698,400.7225340131791,False,False,,,,,,,36,0,37,Llenando ventana
750,5,ACO,poblacional,400.1878754087698,400.9208143460852,False,False,,,,,,,37,0,38,Llenando ventana
751,5,ACO,poblacional,400.1878754087698,400.3753349921047,False,False,,,,,,,38,0,39,Llenando ventana
752,5,ACO,poblacional,400.1878754087698,400.3311520765381,True,False,0.19499999999999318,0.0,0.19499999999999318,4.0,20.0,12.0,39,0,40,Explotacion activa
753,5,ACO,poblacional,400.1878754087698,400.3377324070174,True,False,0.19499999999999318,0.0,0.19499999999999318,4.0,20.0,12.0,40,0,41,Explotacion activa
754,5,ACO,poblacional,400.1878754087698,400.4588928336514,True,False,0.19499999999999318,0.0,0.19499999999999318,4.0,20.0,12.0,41,0,42,Explotacion activa
755,5,ACO,poblacional,400.1878754087698,400.3250838749424,True,False,0.19499999999999318,0.0,0.19499999999999318,4.0,20.0,12.0,42,0,43,Explotacion activa
756,5,ACO,poblacional,400.1878754087698,400.39585914681555,True,False,0.19499999999999318,0.0,0.19499999999999318,4.0,20.0,12.0,43,0,44,Explotacion activa
757,5,ACO,poblacional,400.1878754087698,400.47858207825124,True,False,0.19499999999999318,0.0,0.19499999999999318,4.0,20.0,12.0,44,0,45,Explotacion activa
758,5,ACO,poblacional,400.1878754087698,400.3400028449286,True,False,0.19499999999999318,0.0,0.19499999999999318,4.0,20.0,12.0,45,0,46,Explotacion activa
759,5,ACO,poblacional,400.1878754087698,400.37558683917104,True,False,0.19499999999999318,0.0,0.19499999999999318,4.0,20.0,12.0,46,0,47,Explotacion activa
760,5,ACO,poblacional,400.1878754087698,400.31099279831216,True,False,0.19499999999999318,0.0,0.19499999999999318,4.0,20.0,12.0,47,0,48,Explotacion activa
761,5,ACO,poblacional,400.1878754087698,400.33504171461936,True,False,0.19499999999999318,0.0,0.19499999999999318,0.0,0.19499999999999318,0.19499999999999318,48,1,49,Explotacion activa
762,5,ACO,poblacional,400.1878754087698,400.2770387337455,True,False,0.19499999999999318,0.0,0.19499999999999318,0.0,0.19499999999999318,0.19499999999999318,49,2,50,Explotacion activa
763,5,ACO,poblacional,400.1878754087698,400.23052323804365,True,False,0.19499999999999318,0.0,0.19499999999999318,0.0,0.19499999999999318,0.19499999999999318,50,3,51,Explotacion activa
764,5,ACO,poblacional,400.1878754087698,400.38321561204975,True,False,0.19499999999999318,0.0,0.19499999999999318,0.0,0.19499999999999318,0.19499999999999318,51,4,52,Explotacion activa
765,5,ACO,poblacional,400.1878754087698,400.2219136034553,True,False,0.19499999999999318,0.0,0.19499999999999318,0.0,0.19499999999999318,0.19499999999999318,52,5,53,Explotacion activa
766,5,ACO,poblacional,400.1878754087698,400.31722071076047,True,False,0.19499999999999318,0.0,0.19499999999999318,0.0,0.19499999999999318,0.19499999999999318,53,6,54,Explotacion activa
767,5,ACO,poblacional,400.1878754087698,400.25426758306213,True,False,0.19499999999999318,0.0,0.19499999999999318,0.0,0.19499999999999318,0.19499999999999318,54,7,55,Explotacion activa
768,5,ACO,poblacional,400.1878754087698,400.2492881014711,True,True,0.19499999999999318,0.0,0.19499999999999318,0.0,0.19499999999999318,0.19499999999999318,55,8,56,ESTANCAMIENTO (Fire)
769,6,PSO,poblacional,400.1878754087698,400.1878754087698,False,False,,,,,,,0,0,0,Llenando ventana
770,6,PSO,poblacional,400.1878754087698,400.1878754087698,False,False,,,,,,,0,0,0,Llenando ventana
771,6,PSO,poblacional,400.1878754087698,400.1878754087698,False,False,,,,,,,0,0,0,Llenando ventana
772,6,PSO,poblacional,400.1878754087698,400.1878754087698,False,False,,,,,,,0,0,0,Llenando ventana
773,6,PSO,poblacional,400.1878754087698,400.1878754087698,False,False,,,,,,,0,0,0,Llenando ventana
774,6,PSO,poblacional,400.1878754087698,400.1878754087698,False,False,,,,,,,0,0,0,Llenando ventana
775,6,PSO,poblacional,400.1878754087698,400.1878754087698,False,False,,,,,,,0,0,0,Llenando ventana
776,6,PSO,poblacional,400.1878754087698,400.1878754087698,False,False,,,,,,,0,0,0,Llenando ventana
777,6,PSO,poblacional,400.1878754087698,400.1878754087698,False,False,,,,,,,0,0,0,Llenando ventana
778,6,PSO,poblacional,400.1878754087698,400.1878754087698,False,False,,,,,,,0,0,0,Llenando ventana
779,6,PSO,poblacional,400.1878754087698,400.1878754087698,False,False,,,,,,,0,0,0,Llenando ventana
780,6,PSO,poblacional,400.1878754087698,400.1878754087698,False,False,,,,,,,0,0,0,Llenando ventana
781,6,PSO,poblacional,400.1878754087698,400.1878754087698,False,False,,,,,,,0,0,0,Llenando ventana
782,6,PSO,poblacional,400.1878754087698,400.1878754087698,False,False,,,,,,,0,0,0,Llenando ventana
783,6,PSO,poblacional,400.1878754087698,400.1878754087698,False,False,,,,,,,0,0,0,Llenando ventana
784,6,PSO,poblacional,400.1878754087698,400.1878754087698,False,False,,,,,,,0,0,0,Llenando ventana
785,6,PSO,poblacional,400.1878754087698,400.1878754087698,False,False,,,,,,,0,0,0,Llenando ventana
786,6,PSO,poblacional,400.1878754087698,400.1878754087698,False,False,,,,,,,0,0,0,Llenando ventana
787,6,PSO,poblacional,400.1878754087698,400.1878754087698,False,False,,,,,,,0,0,0,Llenando ventana
788,6,PSO,poblacional,400.1878754087698,400.1878754087698,False,False,,,,,,,0,0,0,Llenando ventana
789,6,PSO,poblacional,400.1878754087698,400.1878754087698,False,False,,,,,,,0,0,0,Llenando ventana
790,6,PSO,poblacional,400.1878754087698,400.1878754087698,False,False,,,,,,,0,0,0,Llenando ventana
791,6,PSO,poblacional,400.1878754087698,400.1878754087698,False,False,,,,,,,0,0,0,Llenando ventana
792,6,PSO,poblacional,400.1878754087698,400.1878754087698,False,False,,,,,,,0,0,0,Llenando ventana
793,6,PSO,poblacional,400.1878754087698,400.1878754087698,False,False,,,,,,,0,0,0,Llenando ventana
794,6,PSO,poblacional,400.1878754087698,400.1878754087698,False,False,,,,,,,0,0,0,Llenando ventana
795,6,PSO,poblacional,400.1878754087698,400.1878754087698,False,False,,,,,,,0,0,0,Llenando ventana
796,6,PSO,poblacional,400.1878754087698,400.1878754087698,False,False,,,,,,,0,0,0,Llenando ventana
797,6,PSO,poblacional,400.1878754087698,400.1878754087698,False,False,,,,,,,0,0,0,Llenando ventana
798,6,PSO,poblacional,400.1878754087698,400.1878754087698,False,False,,,,,,,0,0,0,Llenando ventana
799,6,PSO,poblacional,400.1878691740695,400.1878691740695,False,False,,,,,,,0,0,0,Llenando ventana
800,6,PSO,poblacional,400.1878691740695,400.18786972973464,False,False,,,,,,,0,0,0,Llenando ventana
801,6,PSO,poblacional,400.1878691740695,400.18787054763646,False,False,,,,,,,0,0,0,Llenando ventana
802,6,PSO,poblacional,400.1878691740695,400.18787065299176,False,False,,,,,,,0,0,0,Llenando ventana
803,6,PSO,poblacional,400.1878691740695,400.1878695541191,False,False,,,,,,,0,0,0,Llenando ventana
804,6,PSO,poblacional,400.1878691740695,400.18787241164364,False,False,,,,,,,0,0,0,Llenando ventana
805,6,PSO,poblacional,400.18786152442755,400.18786152442755,False,False,,,,,,,0,0,0,Llenando ventana
806,6,PSO,poblacional,400.18786045670197,400.18786045670197,False,False,,,,,,,0,0,0,Llenando ventana
807,6,PSO,poblacional,400.187859588001,400.187859588001,False,False,,,,,,,0,0,0,Llenando ventana
808,6,PSO,poblacional,400.1877114256871,400.1877114256871,False,False,,,0.1938519707421733,,,,0,0,0,Llenando ventana
809,6,PSO,poblacional,400.1877114256871,400.1877194424199,False,False,,,0.19352400457677277,,,,0,0,0,Llenando ventana
810,6,PSO,poblacional,400.187707479965,400.187707479965,False,False,,,0.19317236407886185,,,,0,0,0,Llenando ventana
811,6,PSO,poblacional,400.18767400959445,400.18767400959445,False,False,,,0.19263568424588584,,,,0,0,0,Llenando ventana
812,6,PSO,poblacional,400.1875003009882,400.1875003009882,False,False,,,0.19119063425756622,,,,0,0,0,Llenando ventana
813,6,PSO,poblacional,400.1875003009882,400.1876579141928,False,False,,,0.1904404186943225,,,,0,0,0,Llenando ventana
814,6,PSO,poblacional,400.18738912191543,400.18738912191543,False,False,,,0.18902312869460047,,,,0,0,0,Llenando ventana
815,6,PSO,poblacional,400.18738912191543,400.1874462018603,False,False,,,0.18805055498586398,,,,0,0,0,Llenando ventana
816,6,PSO,poblacional,400.18738216352386,400.18738216352386,False,False,,,0.18703623092773114,,,,0,0,0,Llenando ventana
817,6,PSO,poblacional,400.18728015518536,400.18728015518536,False,False,,,0.18543769040485358,,,,0,0,0,Llenando ventana
818,6,PSO,poblacional,400.18728015518536,400.1873749505735,False,False,,,0.184247183235982,,,,0,0,0,Llenando ventana
819,6,PSO,poblacional,400.1869182124016,400.1869182124016,False,False,,,0.18088501936466628,,,,0,0,0,Llenando ventana
820,6,PSO,poblacional,400.1869182124016,400.18713901152944,False,False,,,0.1789706266283133,,,,0,0,0,Llenando ventana
821,6,PSO,poblacional,400.186794736629,400.186794736629,False,False,,,0.17631537925620933,,,,0,0,0,Llenando ventana
822,6,PSO,poblacional,400.18673921505757,400.18673921505757,False,False,,,0.17382090554605156,,,,0,0,0,Llenando ventana
823,6,PSO,poblacional,400.1866521784052,400.1866521784052,False,False,,,0.17102629820743687,,,,0,0,0,Llenando ventana
824,6,PSO,poblacional,400.1866521784052,400.1866752957101,False,False,,,0.1685798374782621,,,,0,0,0,Llenando ventana
825,6,PSO,poblacional,400.18640072151027,400.18640072151027,False,False,,,0.1646246353794254,,,,0,0,0,Llenando ventana
826,6,PSO,poblacional,400.1862036573849,400.1862036573849,False,False,,,0.16049287610820784,,,,0,0,0,Llenando ventana
827,6,PSO,poblacional,400.18619789027224,400.18619789027224,False,False,,,0.1571147706624174,,,,0,0,0,Llenando ventana
828,6,PSO,poblacional,400.18581330496323,400.18581330496323,False,False,,,0.15145222181325835,,,,0,0,0,Llenando ventana
829,6,PSO,poblacional,400.1855028845708,400.1855028845708,False,False,,,0.1454654918454139,,,,0,0,0,Llenando ventana
830,6,PSO,poblacional,400.1855028845708,400.1856163155753,False,False,,,0.14072044344737833,,,,0,0,0,Llenando ventana
831,6,PSO,poblacional,400.1852948136864,400.1852948136864,False,False,,,0.13472696974321252,,,,0,0,0,Llenando ventana
832,6,PSO,poblacional,400.1850450247544,400.1850450247544,False,False,,,0.1280670459843236,,,,0,0,0,Llenando ventana
833,6,PSO,poblacional,400.18476453921375,400.18476453921375,False,False,,,0.12072336470959044,,,,0,0,0,Llenando ventana
834,6,PSO,poblacional,400.1846864315707,400.1846864315707,False,False,,,0.11404544913983727,,,,0,0,0,Llenando ventana
835,6,PSO,poblacional,400.18442967201696,400.18442967201696,False,False,,,0.10613940681986378,,,,0,0,0,Llenando ventana
836,6,PSO,poblacional,400.1840232131256,400.1840232131256,False,False,,,0.09682164936674553,,,,0,0,0,Llenando ventana
837,6,PSO,poblacional,400.1826680766387,400.1826680766387,False,False,,,0.08099890855766034,,,,0,0,0,Llenando ventana
838,6,PSO,poblacional,400.18119824169014,400.18119824169014,False,False,,,0.062239071828514625,,,,0,0,0,Llenando ventana
839,6,PSO,poblacional,400.17835066625435,400.17835066625435,False,False,,,0.034959816976027014,,,,0,0,0,Llenando ventana
840,6,PSO,poblacional,400.17835066625435,400.1784484833813,False,False,,,0.017975116259833612,,,,0,0,0,Llenando ventana
841,6,PSO,poblacional,400.17835066625435,400.17948293821723,False,False,,,0.0014925509948966464,,,,0,0,0,Llenando ventana
842,6,PSO,poblacional,400.17835066625435,400.1788483450128,False,False,,,-0.014677717062625106,,,,0,0,0,Llenando ventana
843,6,PSO,poblacional,400.17835066625435,400.17917659299627,False,False,,,-0.03061715725709746,,,,0,0,0,Llenando ventana
844,6,PSO,poblacional,400.17718774512724,400.17718774512724,False,False,,,-0.046530004737803665,,,,0,0,0,Llenando ventana
845,6,PSO,poblacional,400.1746180254381,400.1746180254381,False,False,,,-0.06262388531268925,,,,0,0,0,Llenando ventana
846,6,PSO,poblacional,400.1746180254381,400.17529008908565,False,False,,,-0.07851019203513943,,,,0,0,0,Llenando ventana
847,6,PSO,poblacional,400.17346442046545,400.17346442046545,False,False,,,-0.08570172115236119,,,,0,0,0,Llenando ventana
848,6,PSO,poblacional,400.17330930177025,400.17330930177025,False,False,,,-0.10104392961210351,,,,0,0,0,Llenando ventana
849,6,PSO,poblacional,400.1721938084345,400.1721938084345,False,False,,,-0.11557809253474716,,,,0,0,0,Llenando ventana
850,6,PSO,poblacional,400.17172528400596,400.17172528400596,False,False,,,-0.1278699931095275,,,,0,0,0,Llenando ventana
851,6,PSO,poblacional,400.16786645236795,400.16786645236795,False,False,,,-0.1327147278474854,,,,0,0,0,Llenando ventana
852,6,PSO,poblacional,400.16786645236795,400.16846649147476,False,False,,,-0.145830715725765,,,,0,0,0,Llenando ventana
853,6,PSO,poblacional,400.16653140755017,400.16653140755017,False,False,,,-0.15341272209235512,,,,0,0,0,Llenando ventana
854,6,PSO,poblacional,400.16653140755017,400.1675913360035,False,False,,,-0.16481202601750056,,,,0,0,0,Llenando ventana
855,6,PSO,poblacional,400.1652733718216,400.1652733718216,False,False,,,-0.17488568163605578,,,,0,0,0,Llenando ventana
856,6,PSO,poblacional,400.1652733718216,400.1653257610554,False,False,,,-0.18100655845336178,,,,0,0,0,Llenando ventana
857,6,PSO,poblacional,400.1652733718216,400.16572505811905,False,False,,,-0.18947405018786867,,,,0,0,0,Llenando ventana
858,6,PSO,poblacional,400.16346814997945,400.16346814997945,False,False,,,-0.18780506382881867,,,,0,0,0,Llenando ventana
859,6,PSO,poblacional,400.16346814997945,400.16367724816087,False,False,,,-0.19518962185486544,,,,0,0,0,Llenando ventana
860,6,PSO,poblacional,400.16247950112336,400.16247950112336,False,False,,,-0.1990340402109041,,,,0,0,0,Llenando ventana
861,6,PSO,poblacional,400.16247950112336,400.16248001841376,False,False,,,-0.203601015930019,,,,0,0,0,Llenando ventana
862,6,PSO,poblacional,400.1621290052084,400.1621290052084,False,False,,,-0.20758581179268276,,,,0,0,0,Llenando ventana
863,6,PSO,poblacional,400.1621290052084,400.16301497032475,False,False,,,-0.2126017100262061,,,,0,0,0,Llenando ventana
864,6,PSO,poblacional,400.1621290052084,400.1628247372601,False,False,,,-0.2135813134969453,,,,0,0,0,Llenando ventana
865,6,PSO,poblacional,400.1621290052084,400.1623749645435,False,False,,,-0.21546238471017887,,,,0,0,0,Llenando ventana
866,6,PSO,poblacional,400.1621290052084,400.16225459539936,False,False,,,-0.21935759861202087,,,,0,0,0,Llenando ventana
867,6,PSO,poblacional,400.16169711622223,400.16169711622223,False,False,,,-0.2192059680282341,,,,0,0,0,Llenando ventana
868,6,PSO,poblacional,400.16169711622223,400.16221276001545,False,False,,,-0.21971564251788323,,,,0,0,0,Llenando ventana
869,6,PSO,poblacional,400.1612256174161,400.1612256174161,False,False,,,-0.22288083458579422,,,,0,0,0,Llenando ventana
870,6,PSO,poblacional,400.16105657389807,400.16105657389807,False,False,,,-0.22423635246065032,,,,0,0,0,Llenando ventana
871,6,PSO,poblacional,400.1606727800007,400.1606727800007,False,False,,,-0.22523761886844795,,,,0,0,0,Llenando ventana
872,6,PSO,poblacional,400.1606727800007,400.16076104950685,False,False,,,-0.22610724639929458,,,,0,0,0,Llenando ventana
873,6,PSO,poblacional,400.1606727800007,400.16073935353796,False,False,,,-0.22797130040328284,,,,0,0,0,Llenando ventana
874,6,PSO,poblacional,400.16041362481894,400.16041362481894,False,False,,,-0.22895778129588962,,,,0,0,0,Llenando ventana
875,6,PSO,poblacional,400.16041362481894,400.1605200816793,False,False,,,-0.22978972702622968,,,,0,0,0,Llenando ventana
876,6,PSO,poblacional,400.1603482719403,400.1603482719403,False,False,,,-0.22956033010285637,,,,0,0,0,Llenando ventana
877,6,PSO,poblacional,400.16030304243816,400.16030304243816,False,False,,,-0.22900000000009868,,,,0,0,0,Llenando ventana
878,6,PSO,poblacional,400.15966114160375,400.15966114160375,False,False,,,-0.21965168450827832,,,,0,0,0,Llenando ventana
879,6,PSO,poblacional,400.15966114160375,400.1598866402977,False,False,,,-0.22298876338118134,,,,0,0,0,Llenando ventana
880,6,PSO,poblacional,400.15966114160375,400.1597915815064,False,False,,,-0.2258258422540962,,,,0,0,0,Llenando ventana
881,6,PSO,poblacional,400.1596543663531,400.1596543663531,False,False,,,-0.22816292112702286,,,,0,0,0,Llenando ventana
882,6,PSO,poblacional,400.1594895318429,400.1594895318429,False,False,,,-0.22999999999996135,,,,0,0,0,Llenando ventana
883,6,PSO,poblacional,400.15879084919135,400.15879084919135,False,False,,,-0.22900000000009868,,,,0,0,0,Llenando ventana
884,6,PSO,poblacional,400.1585158776991,400.1585158776991,False,False,,,-0.2274638423630222,,,,0,0,0,Llenando ventana
885,6,PSO,poblacional,400.15796064078575,400.15796064078575,False,False,,,-0.2296551186951774,,,,0,0,0,Llenando ventana
886,6,PSO,poblacional,400.1571176577019,400.1571176577019,False,False,,,-0.22867301697357334,,,,0,0,0,Llenando ventana
887,6,PSO,poblacional,400.1571176577019,400.1596287920096,False,False,,,-0.22999999999996135,,,,0,0,0,Llenando ventana
888,6,PSO,poblacional,400.1571176577019,400.1585299021988,False,False,,,-0.22887409771414013,,,,0,0,0,Llenando ventana
889,6,PSO,poblacional,400.15694080121983,400.15694080121983,False,False,,,-0.22900000000009868,,,,0,0,0,Llenando ventana
890,6,PSO,poblacional,400.15694080121983,400.15845544785947,False,False,,,-0.2260980762493432,,,,0,0,0,Llenando ventana
891,6,PSO,poblacional,400.15694080121983,400.157490662969,False,False,,,-0.2291780130797747,,,,0,0,0,Llenando ventana
892,6,PSO,poblacional,400.15680006313323,400.15680006313323,False,False,,,-0.2138019859426663,,,,0,0,0,Llenando ventana
893,6,PSO,poblacional,400.15680006313323,400.15701677898886,False,False,,,-0.2205066390480397,,,,0,0,0,Llenando ventana
894,6,PSO,poblacional,400.15631445734914,400.15631445734914,False,False,,,-0.18733670297899607,,,,0,0,0,Llenando ventana
895,6,PSO,poblacional,400.15631445734914,400.15643355564794,False,False,,,-0.19545166238282263,,,,0,0,0,Llenando ventana
896,6,PSO,poblacional,400.15631445734914,400.15633686999513,False,False,,,-0.2031770654709817,,,,0,0,0,Llenando ventana
897,6,PSO,poblacional,400.15631445734914,400.1567813046144,False,False,,,-0.12702899904991227,,,,0,0,0,Llenando ventana
898,6,PSO,poblacional,400.1559209278762,400.1559209278762,False,False,,,-0.1394613028078311,,,,0,0,0,Llenando ventana
899,6,PSO,poblacional,400.1559209278762,400.1561497185073,False,False,,,-0.08575996621584636,,,,0,0,0,Llenando ventana
900,6,PSO,poblacional,400.15583809614867,400.15583809614867,False,False,,,-0.09728697398713848,,,,0,0,0,Llenando ventana
901,6,PSO,poblacional,400.15583809614867,400.15626886359945,False,False,,,-0.08370464134299027,,,,0,0,0,Llenando ventana
902,6,PSO,poblacional,400.15583809614867,400.1560484869262,False,False,,,-0.09426376444946527,,,,0,0,0,Llenando ventana
903,6,PSO,poblacional,400.15583809614867,400.1561232110549,False,False,,,-0.10424125197857848,,,,0,0,0,Llenando ventana
904,6,PSO,poblacional,400.1555686994961,400.1555686994961,False,False,,,-0.11477389184545927,,,,0,0,0,Llenando ventana
905,6,PSO,poblacional,400.1555686994961,400.1556008211025,False,False,,,-0.1233550637265921,,,,0,0,0,Llenando ventana
906,6,PSO,poblacional,400.15529172596223,400.15529172596223,False,False,,,-0.1070963465202226,,,,0,0,0,Llenando ventana
907,6,PSO,poblacional,400.15515019854365,400.15515019854365,False,False,,,-0.11651544527904889,,,,0,0,0,Llenando ventana
908,6,PSO,poblacional,400.15495708224165,400.15495708224165,False,False,,,-0.0966081304629256,,,,0,0,0,Llenando ventana
909,6,PSO,poblacional,400.15478097680625,400.15478097680625,False,False,,,-0.09519676576451275,,,,0,0,0,Llenando ventana
910,6,PSO,poblacional,400.1547677930629,400.1547677930629,False,False,,,-0.07972073740717178,,,,0,0,0,Llenando ventana
911,6,PSO,poblacional,400.1546736975349,400.1546736975349,False,False,,,-0.08894007684733651,,,,0,0,0,Llenando ventana
912,6,PSO,poblacional,400.1546736975349,400.15475611553404,False,False,,,-0.09687258360344231,,,,0,0,0,Llenando ventana
913,6,PSO,poblacional,400.15464444440926,400.15464444440926,False,False,,,-0.08849695638321009,,,,0,0,0,Llenando ventana
914,6,PSO,poblacional,400.15456947846536,400.15456947846536,False,False,,,-0.09628677792636609,,,,0,0,0,Llenando ventana
915,6,PSO,poblacional,400.15276967208933,400.15276967208933,False,False,,,-0.11040721086800431,,,,0,0,0,Llenando ventana
916,6,PSO,poblacional,400.15168810779454,400.15168810779454,False,False,,,-0.12477572438166362,,,,0,0,0,Llenando ventana
917,6,PSO,poblacional,400.1506098817569,400.1506098817569,False,False,,,-0.10313646047097791,,,,0,0,0,Llenando ventana
918,6,PSO,poblacional,400.15049360901884,400.15049360901884,False,False,,,-0.11718247657006486,,,,0,0,0,Llenando ventana
919,6,PSO,poblacional,400.1489668780174,400.1489668780174,False,False,,,-0.13173797779433016,,,,0,0,0,Llenando ventana
920,6,PSO,poblacional,400.1486353393796,400.1486353393796,False,False,,,-0.14482190645344417,,,,0,0,0,Llenando ventana
921,6,PSO,poblacional,400.1478535792266,400.1478535792266,False,False,,,-0.1494943188738489,,,,0,0,0,Llenando ventana
922,6,PSO,poblacional,400.14661411597666,400.14661411597666,False,False,,,-0.12630195171476544,,,,0,0,0,Llenando ventana
923,6,PSO,poblacional,400.14657914246465,400.14657914246465,False,False,,,-0.12563046326090443,,,,0,0,0,Llenando ventana
924,6,PSO,poblacional,400.14657914246465,400.14695091891895,False,False,,,-0.11027564019599367,,,,0,0,0,Llenando ventana
925,6,PSO,poblacional,400.1462587468777,400.1462587468777,False,False,,,-0.077064958315475,,,,0,0,0,Llenando ventana
926,6,PSO,poblacional,400.1458582214767,400.1458582214767,False,False,,,-0.09293186526559793,,,,0,0,0,Llenando ventana
927,6,PSO,poblacional,400.1458582214767,400.14622184082606,False,False,,,-0.10780361013974016,,,,0,0,0,Llenando ventana
928,6,PSO,poblacional,400.1457906683316,400.1457906683316,False,False,,,-0.11267660034127402,,,,0,0,0,Llenando ventana
929,6,PSO,poblacional,400.1456615206771,400.1456615206771,False,False,,,-0.12622676907250252,,,,0,0,0,Llenando ventana
930,6,PSO,poblacional,400.1450151920569,400.1450151920569,False,False,,,-0.13912886711972305,,,,0,0,0,Llenando ventana
931,6,PSO,poblacional,400.14469630762545,400.14469630762545,False,False,,,-0.14502354641996362,,,,0,0,0,Llenando ventana
932,6,PSO,poblacional,400.14352901667877,400.14352901667877,False,False,,,-0.15624477619712707,,,,0,0,0,Llenando ventana
933,6,PSO,poblacional,400.14332388184346,400.14332388184346,False,False,,,-0.14815352741067045,,,,0,0,0,Llenando ventana
934,6,PSO,poblacional,400.142186463968,400.142186463968,False,False,,,-0.15887475718784572,,,,0,0,0,Llenando ventana
935,6,PSO,poblacional,400.1418663411909,400.1418663411909,False,False,,,-0.16926712177939862,,,,0,0,0,Llenando ventana
936,6,PSO,poblacional,400.1412390252378,400.1412390252378,False,False,,,-0.17940148818928492,,,,0,0,0,Llenando ventana
937,6,PSO,poblacional,400.1412390252378,400.1414975632117,False,False,,,-0.17545072645896198,,,,0,0,0,Llenando ventana
938,6,PSO,poblacional,400.14024079752954,400.14024079752954,False,False,,,-0.18450203159937928,,,,0,0,0,Llenando ventana
939,6,PSO,poblacional,400.1398071261899,400.1398071261899,False,False,,,-0.19063218785407798,,,,0,0,0,Llenando ventana
940,6,PSO,poblacional,400.13971272285744,400.13971272285744,False,False,,,-0.1970323364583919,,,,0,0,0,Llenando ventana
941,6,PSO,poblacional,400.13928447125255,400.13928447125255,False,False,,,-0.2025515206192381,,,,0,0,0,Llenando ventana
942,6,PSO,poblacional,400.138551927308,400.138551927308,False,False,,,-0.20742014994840474,,,,0,0,0,Llenando ventana
943,6,PSO,poblacional,400.138551927308,400.1386914265306,False,False,,,-0.2082149345778248,,,,0,0,0,Llenando ventana
944,6,PSO,poblacional,400.1383666506191,400.1383666506191,False,False,,,-0.2123343428763178,,,,0,0,0,Llenando ventana
945,6,PSO,poblacional,400.1381513897516,400.1381513897516,False,False,,,-0.21311855460550078,,,,0,0,0,Llenando ventana
946,6,PSO,poblacional,400.13784322413176,400.13784322413176,False,False,,,-0.2152873107102664,,,,0,0,0,Llenando ventana
947,6,PSO,poblacional,400.13784322413176,400.13802669866016,False,False,,,-0.21689983366269416,,,,0,0,0,Llenando ventana
948,6,PSO,poblacional,400.1374768899365,400.1374768899365,False,False,,,-0.21861387384427644,,,,0,0,0,Llenando ventana
949,6,PSO,poblacional,400.1374768899365,400.1376333640977,False,False,,,-0.22153995569743756,,,,0,0,0,Llenando ventana
950,6,PSO,poblacional,400.1374768899365,400.1376764087331,False,False,,,-0.22361706990227503,,,,0,0,0,Llenando ventana
951,6,PSO,poblacional,400.1374768899365,400.1375563371174,False,False,,,-0.22571304445671103,,,,0,0,0,Llenando ventana
952,6,PSO,poblacional,400.13732197357484,400.13732197357484,False,False,,,-0.22755031913578705,,,,0,0,0,Llenando ventana
953,6,PSO,poblacional,400.136958538,400.136958538,False,False,,,-0.229200193624024,,,,0,0,0,Llenando ventana
954,6,PSO,poblacional,400.1366950180877,400.1366950180877,False,False,,,-0.22999999999996135,,,,0,0,0,Llenando ventana
955,6,PSO,poblacional,400.1363675795179,400.1363675795179,False,False,,,-0.22950527028939405,,,,0,0,0,Llenando ventana
956,6,PSO,poblacional,400.1363675795179,400.1366010092671,False,False,,,-0.2281790834733215,,,,0,0,0,Llenando ventana
957,6,PSO,poblacional,400.13631280647047,400.13631280647047,False,False,,,-0.22947326899861764,,,,0,0,0,Llenando ventana
958,6,PSO,poblacional,400.13631280647047,400.13634500437604,False,False,,,-0.22840797148086267,,,,0,0,0,Llenando ventana
959,6,PSO,poblacional,400.13631280647047,400.1364831858192,False,False,,,-0.2289532162606065,,,,0,0,0,Llenando ventana
960,6,PSO,poblacional,400.13631280647047,400.13639734330684,False,False,,,-0.2244775189492998,,,,0,0,0,Llenando ventana
961,6,PSO,poblacional,400.13631280647047,400.1364404768896,False,False,,,-0.21447868129064318,,,,0,0,0,Llenando ventana
962,6,PSO,poblacional,400.1355784258003,400.1355784258003,False,False,,,-0.21839605143395602,,,,0,0,0,Llenando ventana
963,6,PSO,poblacional,400.1355784258003,400.13564662758074,False,False,,,-0.2221407908127162,,,,0,0,0,Llenando ventana
964,6,PSO,poblacional,400.1355041519646,400.1355041519646,False,False,,,-0.2226698236893867,,,,0,0,0,Llenando ventana
965,6,PSO,poblacional,400.13448730120905,400.13448730120905,False,False,,,-0.22204480340980126,,,,0,0,0,Llenando ventana
966,6,PSO,poblacional,400.13448730120905,400.1351433072614,False,False,,,-0.22526046377652165,,,,0,0,0,Llenando ventana
967,6,PSO,poblacional,400.1340994079409,400.1340994079409,False,False,,,-0.22740988879365887,,,,0,0,0,Llenando ventana
968,6,PSO,poblacional,400.1331575446065,400.1331575446065,False,False,,,-0.2290071808267271,,,,0,0,0,Llenando ventana
969,6,PSO,poblacional,400.13274200635607,400.13274200635607,False,False,,,-0.22892516046266564,,,,0,0,0,Llenando ventana
970,6,PSO,poblacional,400.13274200635607,400.13277979981075,False,False,,,-0.2293961651955101,,,,0,0,0,Llenando ventana
971,6,PSO,poblacional,400.1324252447003,400.1324252447003,False,False,,,-0.22071337703732752,,,,0,0,0,Llenando ventana
972,6,PSO,poblacional,400.13236619641293,400.13236619641293,False,False,,,-0.22242286221353424,,,,0,0,0,Llenando ventana
973,6,PSO,poblacional,400.13236619641293,400.1328455314412,False,False,,,-0.2038436908689505,,,,0,0,0,Llenando ventana
974,6,PSO,poblacional,400.13213175739753,400.13213175739753,False,False,,,-0.20171102873115387,,,,0,0,0,Llenando ventana
975,6,PSO,poblacional,400.13213175739753,400.1323182715317,False,False,,,-0.1862597254054208,,,,0,0,0,Llenando ventana
976,6,PSO,poblacional,400.13213175739753,400.1322417875558,False,False,,,-0.19528824340090978,,,,0,0,0,Llenando ventana
977,6,PSO,poblacional,400.13203612931653,400.13203612931653,False,False,,,-0.15917898653071916,,,,0,0,0,Llenando ventana
978,6,PSO,poblacional,400.13154815590167,400.13154815590167,False,False,,,-0.14842932339047366,,,,0,0,0,Llenando ventana
979,6,PSO,poblacional,400.1311403925616,400.1311403925616,False,False,,,-0.1563569555759159,,,,0,0,0,Llenando ventana
980,6,PSO,poblacional,400.1307243387261,400.1307243387261,False,False,,,-0.14570858407176956,,,,0,0,0,Llenando ventana
981,6,PSO,poblacional,400.13061741226954,400.13061741226954,False,False,,,-0.11259911109391396,,,,0,0,0,Llenando ventana
982,6,PSO,poblacional,400.13061741226954,400.13089048614984,False,False,,,-0.1255311839701676,,,,0,0,0,Llenando ventana
983,6,PSO,poblacional,400.1295825856648,400.1295825856648,False,False,,,-0.13190482825882555,,,,0,0,0,Llenando ventana
984,6,PSO,poblacional,400.1295825856648,400.13050912262,False,False,,,-0.13180166234843682,,,,0,0,0,Llenando ventana
985,6,PSO,poblacional,400.1295575989424,400.1295575989424,False,False,,,-0.1251735358018209,,,,0,0,0,Llenando ventana
986,6,PSO,poblacional,400.1295575989424,400.1297678237257,False,False,,,-0.13797699439879807,,,,0,0,0,Llenando ventana
987,6,PSO,poblacional,400.12943594083185,400.12943594083185,False,False,,,-0.12825149967272864,,,,0,0,0,Llenando ventana
988,6,PSO,poblacional,400.129330507431,400.129330507431,False,False,,,-0.1408881171933558,,,,0,0,0,Llenando ventana
989,6,PSO,poblacional,400.12908816106466,400.12908816106466,False,False,,,-0.15275153849893286,,,,0,0,0,Llenando ventana
990,6,PSO,poblacional,400.1285089187848,400.1285089187848,False,False,,,-0.1650810932962372,,,,0,0,0,Llenando ventana
991,6,PSO,poblacional,400.1285089187848,400.128736452201,False,False,,,-0.1677134252880137,,,,0,0,0,Llenando ventana
992,6,PSO,poblacional,400.1283808305188,400.1283808305188,False,False,,,-0.1605701794985066,,,,0,0,0,Llenando ventana
993,6,PSO,poblacional,400.1278419560438,400.1278419560438,False,False,,,-0.16013080125861734,,,,0,0,0,Llenando ventana
994,6,PSO,poblacional,400.12763037139786,400.12763037139786,False,False,,,-0.15602097961323125,,,,0,0,0,Llenando ventana
995,6,PSO,poblacional,400.1273668694569,400.1273668694569,False,False,,,-0.16641571624495555,,,,0,0,0,Llenando ventana
996,6,PSO,poblacional,400.1271588292209,400.1271588292209,False,False,,,-0.17386558106483108,,,,0,0,0,Llenando ventana
997,6,PSO,poblacional,400.1271588292209,400.1272276734797,False,False,,,-0.1830195583144132,,,,0,0,0,Llenando ventana
998,6,PSO,poblacional,400.1266599676021,400.1266599676021,False,False,,,-0.19326841993319022,,,,0,0,0,Llenando ventana
999,6,PSO,poblacional,400.1266599676021,400.1268351982362,False,False,,,-0.2027659969375577,,,,0,0,0,Llenando ventana
1000,6,PSO,poblacional,400.1266599676021,400.12691226598565,False,False,,,-0.21158371642320617,,,,0,0,0,Llenando ventana
1001,6,PSO,poblacional,400.1266599676021,400.1267859172046,False,False,,,-0.19171641963498587,,,,0,0,0,Llenando ventana
1002,6,PSO,poblacional,400.1266599676021,400.1271783310889,False,False,,,-0.2004639966393711,,,,0,0,0,Llenando ventana
1003,6,PSO,poblacional,400.1266599676021,400.12689096772084,False,False,,,-0.20503487128718234,,,,0,0,0,Llenando ventana
1004,6,PSO,poblacional,400.1266599676021,400.1270336498548,False,False,,,-0.16891491706007855,,,,0,0,0,Llenando ventana
1005,6,PSO,poblacional,400.126586536848,400.126586536848,False,False,,,-0.1769625429294024,,,,0,0,0,Llenando ventana
1006,6,PSO,poblacional,400.1262312340821,400.1262312340821,False,False,,,-0.16876712013339557,,,,0,0,0,Llenando ventana
1007,6,PSO,poblacional,400.12603444382165,400.12603444382165,False,False,,,-0.13054920228972833,,,,0,0,0,Llenando ventana
1008,6,PSO,poblacional,400.12562766027105,400.12562766027105,False,False,,,-0.11669691449202446,,,,0,0,0,Llenando ventana
1009,6,PSO,poblacional,400.12532721864636,400.12532721864636,False,False,,,-0.12788152573011757,,,,0,0,0,Llenando ventana
1010,6,PSO,poblacional,400.12532721864636,400.12542894297627,False,False,,,-0.11929385712960539,,,,0,0,0,Llenando ventana
1011,6,PSO,poblacional,400.12532721864636,400.12539374733217,False,False,,,-0.12481031462937153,,,,0,0,0,Llenando ventana
1012,6,PSO,poblacional,400.12532721864636,400.12533837248964,False,False,,,-0.133138270162533,,,,0,0,0,Llenando ventana
1013,6,PSO,poblacional,400.12532721864636,400.1254148845287,False,False,,,-0.12814782095938426,,,,0,0,0,Llenando ventana
1014,6,PSO,poblacional,400.1252998102768,400.1252998102768,False,False,,,-0.1364213486792778,,,,0,0,0,Llenando ventana
1015,6,PSO,poblacional,400.12525616929577,400.12525616929577,False,False,,,-0.14484708880684138,,,,0,0,0,Llenando ventana
1016,6,PSO,poblacional,400.1249081366482,400.1249081366482,False,False,,,-0.14917673282900523,,,,0,0,0,Llenando ventana
1017,6,PSO,poblacional,400.1249081366482,400.1249317697139,False,False,,,-0.12973849936980741,,,,0,0,0,Llenando ventana
1018,6,PSO,poblacional,400.1247068504348,400.1247068504348,False,False,,,-0.115028517462747,,,,0,0,0,Llenando ventana
1019,6,PSO,poblacional,400.1240762285523,400.1240762285523,False,False,,,-0.10119852943097385,,,,0,0,0,Llenando ventana
1020,6,PSO,poblacional,400.1240762285523,400.12422097582294,False,False,,,-0.10387655944811058,,,,0,0,0,Llenando ventana
1021,6,PSO,poblacional,400.12403892306,400.12403892306,False,False,,,-0.1131827598363202,,,,0,0,0,Llenando ventana
1022,6,PSO,poblacional,400.12369425233544,400.12369425233544,False,False,,,-0.05764359139152475,,,,0,0,0,Llenando ventana
1023,6,PSO,poblacional,400.12362950299763,400.12362950299763,False,False,,,-0.06680875407715803,,,,0,0,0,Llenando ventana
1024,6,PSO,poblacional,400.12362950299763,400.1239009566922,False,False,,,-0.07390172892326063,,,,0,0,0,Llenando ventana
1025,6,PSO,poblacional,400.12362883634455,400.12362883634455,False,False,,,-0.08276192073134325,,,,0,0,0,Llenando ventana
1026,6,PSO,poblacional,400.12362883634455,400.1236302401634,False,False,,,-0.08374385626251524,,,,0,0,0,Llenando ventana
1027,6,PSO,poblacional,400.12339582133774,400.12339582133774,False,False,,,-0.08663901478445268,,,,0,0,0,Llenando ventana
1028,6,PSO,poblacional,400.12339582133774,400.12363099958776,False,False,,,-0.07909771676202126,,,,0,0,0,Llenando ventana
1029,6,PSO,poblacional,400.1231792967764,400.1231792967764,False,False,,,-0.048427845640446776,,,,0,0,0,Llenando ventana
1030,6,PSO,poblacional,400.1231329188474,400.1231329188474,False,False,,,-0.05741745486608352,,,,0,0,0,Llenando ventana
1031,6,PSO,poblacional,400.12305533923006,400.12305533923006,False,False,,,-0.0581420128161767,,,,0,0,0,Llenando ventana
1032,6,PSO,poblacional,400.12305533923006,400.1231981489614,False,False,,,-0.0274618777627893,,,,0,0,0,Llenando ventana
1033,6,PSO,poblacional,400.12305533923006,400.12307703825724,False,False,,,-0.020158166539260947,,,,0,0,0,Llenando ventana
1034,6,PSO,poblacional,400.12305533923006,400.1230612966237,False,False,,,-0.008228075600015927,,,,0,0,0,Llenando ventana
1035,6,PSO,poblacional,400.12297814492746,400.12297814492746,False,False,,,-0.0007550025147224915,,,,0,0,0,Llenando ventana
1036,6,PSO,poblacional,400.12297814492746,400.1230450866063,False,False,,,-0.008616371101595632,,,,0,0,0,Llenando ventana
1037,6,PSO,poblacional,400.12297814492746,400.1229933929852,False,False,,,0.02242891305155581,,,,0,0,0,Llenando ventana
1038,6,PSO,poblacional,400.122962916834,400.122962916834,False,False,,,0.014973899141580205,,,,0,0,0,Llenando ventana
1039,6,PSO,poblacional,400.12292115842473,400.12292115842473,False,False,,,0.00755935972330235,,,,0,0,0,Llenando ventana
1040,6,PSO,poblacional,400.1228584824068,400.1228584824068,False,False,,,0.0011211831724153853,,,,0,0,0,Llenando ventana
1041,6,PSO,poblacional,400.1227950944047,400.1227950944047,False,False,,,-0.005446617319364577,,,,0,0,0,Llenando ventana
1042,6,PSO,poblacional,400.1227950944047,400.12280485262755,False,False,,,-0.011760865802727949,,,,0,0,0,Llenando ventana
1043,6,PSO,poblacional,400.1226767467102,400.1226767467102,False,False,,,-0.018785200452896333,,,,0,0,0,Llenando ventana
1044,6,PSO,poblacional,400.1226391396098,400.1226391396098,False,False,,,-0.02050125540404224,,,,0,0,0,Llenando ventana
1045,6,PSO,poblacional,400.12225377597275,400.12225377597275,False,False,,,-0.0025475711851754568,,,,0,0,0,Llenando ventana
1046,6,PSO,poblacional,400.12212979374686,400.12212979374686,False,False,,,0.00442560617750587,,,,0,0,0,Llenando ventana
1047,6,PSO,poblacional,400.12206963283063,400.12206963283063,False,False,,,0.028272791477490955,,,,0,0,0,Llenando ventana
1048,6,PSO,poblacional,400.1215452666397,400.1215452666397,False,False,,,0.04174321967803962,,,,0,0,0,Llenando ventana
1049,6,PSO,poblacional,400.121256756273,400.121256756273,False,False,,,0.03250505039164864,,,,0,0,0,Llenando ventana
1050,6,PSO,poblacional,400.12076888238755,400.12076888238755,False,False,,,0.022419125217936653,,,,0,0,0,Llenando ventana
1051,6,PSO,poblacional,400.1205781285947,400.1205781285947,False,False,,,0.013750453737486623,,,,0,0,0,Llenando ventana
1052,6,PSO,poblacional,400.1199042182645,400.1199042182645,False,False,,,0.0019588116529689614,,,,0,0,0,Llenando ventana
1053,6,PSO,poblacional,400.1198385634612,400.1198385634612,False,False,,,-0.005559695507997731,,,,0,0,0,Llenando ventana
1054,6,PSO,poblacional,400.11922650380666,400.11922650380666,False,False,,,-0.015114222787246945,,,,0,0,0,Llenando ventana
1055,6,PSO,poblacional,400.11857577034704,400.11857577034704,False,False,,,-0.004267609391547467,,,,0,0,0,Llenando ventana
1056,6,PSO,poblacional,400.11847423927867,400.11847423927867,False,False,,,-0.016208297175978714,,,,0,0,0,Llenando ventana
1057,6,PSO,poblacional,400.1179344501198,400.1179344501198,False,False,,,-0.01571083949761487,,,,0,0,0,Llenando ventana
1058,6,PSO,poblacional,400.1179344501198,400.1180227963856,False,False,,,0.019275217150322987,,,,0,0,0,Llenando ventana
1059,6,PSO,poblacional,400.1178016237466,400.1178016237466,False,False,,,0.0066947020459906526,,,,0,0,0,Llenando ventana
1060,6,PSO,poblacional,400.1177195840858,400.1177195840858,False,False,,,-0.0026123061461476027,,,,0,0,0,Llenando ventana
1061,6,PSO,poblacional,400.11762146514695,400.11762146514695,False,False,,,0.011290824998638982,,,,0,0,0,Llenando ventana
1062,6,PSO,poblacional,400.1174999177157,400.1174999177157,False,False,,,0.00349005371219846,,,,0,0,0,Llenando ventana
1063,6,PSO,poblacional,400.1167141585214,400.1167141585214,False,False,,,-0.012983672017412573,,,,0,0,0,Llenando ventana
1064,6,PSO,poblacional,400.1166117458629,400.1166117458629,False,False,,,-0.0267285104456505,,,,0,0,0,Llenando ventana
1065,6,PSO,poblacional,400.11630363479065,400.11630363479065,False,False,,,-0.04196436361337419,,,,0,0,0,Llenando ventana
1066,6,PSO,poblacional,400.1162197096343,400.1162197096343,False,False,,,-0.03845131213336117,,,,0,0,0,Llenando ventana
1067,6,PSO,poblacional,400.11613250645496,400.11613250645496,False,False,,,-0.05289579040100989,,,,0,0,0,Llenando ventana
1068,6,PSO,poblacional,400.11574559332706,400.11574559332706,False,False,,,-0.05228803227333856,,,,0,0,0,Llenando ventana
