iteracion,epoch,mh,tipo,fitness_best,fitness_instantaneo,dtw_ready,dtw_fire,D1_vs_ramp,D2_vs_const,dtw_delta,theta_c,theta_r,theta_delta,no_improve_len,trigger_streak,window_n,estado_dtw
1,1,PSO,poblacional,107835.0,107835.0,False,False,,,,,,,0,0,1,Llenando ventana
2,1,PSO,poblacional,107957.0,107957.0,False,False,,,,,,,1,0,2,Llenando ventana
3,1,PSO,poblacional,107957.0,107957.0,False,False,,,,,,,2,0,3,Llenando ventana
4,1,PSO,poblacional,107957.0,107957.0,False,False,,,,,,,3,0,4,Llenando ventana
5,1,PSO,poblacional,107957.0,107957.0,False,False,,,,,,,4,0,5,Llenando ventana
6,1,PSO,poblacional,108048.0,108048.0,False,False,,,,,,,5,0,6,Llenando ventana
7,1,PSO,poblacional,108048.0,108048.0,False,False,,,,,,,6,0,7,Llenando ventana
8,1,PSO,poblacional,108223.0,108223.0,False,False,,,,,,,7,0,8,Llenando ventana
9,1,PSO,poblacional,108223.0,108223.0,False,False,,,,,,,8,0,9,Llenando ventana
10,1,PSO,poblacional,108223.0,108223.0,False,False,,,,,,,9,0,10,Llenando ventana
11,1,PSO,poblacional,108300.0,108300.0,False,False,,,,,,,10,0,11,Llenando ventana
12,1,PSO,poblacional,108300.0,108300.0,False,False,,,,,,,11,0,12,Llenando ventana
13,1,PSO,poblacional,108300.0,108300.0,False,False,,,,,,,12,0,13,Llenando ventana
14,1,PSO,poblacional,108300.0,108300.0,False,False,,,,,,,13,0,14,Llenando ventana
15,1,PSO,poblacional,108300.0,108300.0,False,False,,,,,,,14,0,15,Llenando ventana
16,1,PSO,poblacional,108300.0,108300.0,False,False,,,,,,,15,0,16,Llenando ventana
17,1,PSO,poblacional,108300.0,108300.0,False,False,,,,,,,16,0,17,Llenando ventana
18,1,PSO,poblacional,108300.0,108300.0,False,False,,,,,,,17,0,18,Llenando ventana
19,1,PSO,poblacional,108300.0,108300.0,False,False,,,,,,,18,0,19,Llenando ventana
20,1,PSO,poblacional,108300.0,108300.0,False,False,,,,,,,19,0,20,Llenando ventana
21,1,PSO,poblacional,108300.0,108300.0,False,False,,,,,,,0,0,21,Llenando ventana
22,1,PSO,poblacional,108300.0,108300.0,False,False,,,,,,,1,0,22,Llenando ventana
23,1,PSO,poblacional,108300.0,108300.0,False,False,,,,,,,2,0,23,Llenando ventana
24,1,PSO,poblacional,108768.0,108768.0,False,False,,,,,,,3,0,24,Llenando ventana
25,1,PSO,poblacional,109027.0,109027.0,False,False,,,,,,,4,0,25,Llenando ventana
26,1,PSO,poblacional,109027.0,109027.0,False,False,,,,,,,5,0,26,Llenando ventana
27,1,PSO,poblacional,109027.0,109027.0,False,False,,,,,,,6,0,27,Llenando ventana
28,1,PSO,poblacional,109027.0,109027.0,False,False,,,,,,,7,0,28,Llenando ventana
29,1,PSO,poblacional,109027.0,109027.0,False,False,,,,,,,8,0,29,Llenando ventana
30,1,PSO,poblacional,109552.0,109552.0,False,False,,,,,,,9,0,30,Llenando ventana
31,1,PSO,poblacional,109552.0,109552.0,False,False,,,,,,,10,0,31,Llenando ventana
32,1,PSO,poblacional,109552.0,109552.0,False,False,,,,,,,11,0,32,Llenando ventana
33,1,PSO,poblacional,109552.0,109552.0,False,False,,,,,,,12,0,33,Llenando ventana
34,1,PSO,poblacional,109552.0,109552.0,False,False,,,,,,,13,0,34,Llenando ventana
35,1,PSO,poblacional,109552.0,109552.0,False,False,,,,,,,14,0,35,Llenando ventana
36,1,PSO,poblacional,109552.0,109552.0,False,False,,,,,,,15,0,36,Llenando ventana
37,1,PSO,poblacional,109552.0,109552.0,False,False,,,,,,,16,0,37,Llenando ventana
38,1,PSO,poblacional,109552.0,109552.0,False,False,,,,,,,17,0,38,Llenando ventana
39,1,PSO,poblacional,109552.0,109552.0,False,False,,,,,,,18,0,39,Llenando ventana
40,1,PSO,poblacional,109552.0,109552.0,False,False,,,,,,,19,0,40,Llenando ventana
41,1,PSO,poblacional,109552.0,109552.0,False,False,,,,,,,20,0,41,Llenando ventana
42,1,PSO,poblacional,109552.0,109552.0,False,False,,,,,,,21,0,42,Llenando ventana
43,1,PSO,poblacional,109552.0,109552.0,False,False,,,,,,,22,0,43,Llenando ventana
44,1,PSO,poblacional,109640.0,109640.0,False,False,,,,,,,23,0,44,Llenando ventana
45,1,PSO,poblacional,109640.0,109640.0,False,False,,,,,,,24,0,45,Llenando ventana
46,1,PSO,poblacional,109640.0,109640.0,False,False,,,,,,,25,0,46,Llenando ventana
47,1,PSO,poblacional,109701.0,109701.0,False,False,,,,,,,26,0,47,Llenando ventana
48,1,PSO,poblacional,109701.0,109701.0,False,False,,,,,,,27,0,48,Llenando ventana
49,1,PSO,poblacional,109701.0,109701.0,False,False,,,,,,,28,0,49,Llenando ventana
50,1,PSO,poblacional,109701.0,109701.0,False,False,,,,,,,29,0,50,Llenando ventana
51,1,PSO,poblacional,109701.0,109701.0,False,False,,,,,,,30,0,51,Llenando ventana
52,1,PSO,poblacional,109701.0,109701.0,False,False,,,,,,,31,0,52,Llenando ventana
53,1,PSO,poblacional,109701.0,109701.0,False,False,,,,,,,32,0,53,Llenando ventana
54,1,PSO,poblacional,109701.0,109701.0,False,False,,,,,,,33,0,54,Llenando ventana
55,1,PSO,poblacional,109701.0,109701.0,False,False,,,,,,,34,0,55,Llenando ventana
56,1,PSO,poblacional,109701.0,109701.0,False,False,,,,,,,35,0,56,Llenando ventana
57,1,PSO,poblacional,109701.0,109701.0,False,False,,,,,,,36,0,57,Llenando ventana
58,1,PSO,poblacional,109701.0,109701.0,False,False,,,,,,,37,0,58,Llenando ventana
59,1,PSO,poblacional,109701.0,109701.0,False,False,,,,,,,38,0,59,Llenando ventana
60,1,PSO,poblacional,109701.0,109701.0,False,False,,,,,,,39,0,60,Llenando ventana
61,1,PSO,poblacional,109701.0,109701.0,False,False,,,,,,,40,0,61,Llenando ventana
62,1,PSO,poblacional,109701.0,109701.0,False,False,,,,,,,41,0,62,Llenando ventana
63,1,PSO,poblacional,109701.0,109701.0,False,False,,,,,,,42,0,63,Llenando ventana
64,1,PSO,poblacional,109701.0,109701.0,False,False,,,,,,,43,0,64,Llenando ventana
65,1,PSO,poblacional,109701.0,109701.0,False,False,,,,,,,44,0,65,Llenando ventana
66,1,PSO,poblacional,109701.0,109701.0,False,False,,,,,,,45,0,66,Llenando ventana
67,1,PSO,poblacional,109701.0,109701.0,False,False,,,,,,,46,0,67,Llenando ventana
68,1,PSO,poblacional,109701.0,109701.0,False,False,,,,,,,47,0,68,Llenando ventana
69,1,PSO,poblacional,109701.0,109701.0,False,False,,,,,,,48,0,69,Llenando ventana
70,1,PSO,poblacional,109701.0,109701.0,False,False,,,,,,,49,0,70,Llenando ventana
71,1,PSO,poblacional,109701.0,109701.0,False,False,,,,,,,50,0,71,Llenando ventana
72,1,PSO,poblacional,109701.0,109701.0,False,False,,,,,,,51,0,72,Llenando ventana
73,1,PSO,poblacional,109701.0,109701.0,False,False,,,,,,,52,0,73,Llenando ventana
74,1,PSO,poblacional,109701.0,109701.0,False,False,,,,,,,53,0,74,Llenando ventana
75,1,PSO,poblacional,109701.0,109701.0,True,False,30210.900000000052,30470.0,-259.0999999999476,7.5,37.5,22.5,54,0,75,Explotacion activa
76,1,PSO,poblacional,109701.0,109701.0,True,False,30759.70000000004,31024.0,-264.29999999995925,7.5,37.5,22.5,55,0,76,Explotacion activa
77,1,PSO,poblacional,109701.0,109701.0,True,False,31308.70000000004,31578.0,-269.29999999995925,7.5,37.5,22.5,56,0,77,Explotacion activa
78,1,PSO,poblacional,109701.0,109701.0,True,False,32163.900000000052,32438.0,-274.0999999999476,7.5,37.5,22.5,0,0,78,Explotacion activa
79,1,PSO,poblacional,109701.0,109701.0,True,False,33117.30000000005,33396.0,-278.69999999995343,7.5,37.5,22.5,0,0,79,Explotacion activa
80,1,PSO,poblacional,109701.0,109701.0,True,False,34070.90000000005,34354.0,-283.0999999999476,7.5,37.5,22.5,1,0,80,Explotacion activa
81,1,PSO,poblacional,109701.0,109701.0,True,False,35024.70000000004,35312.0,-287.29999999995925,7.5,37.5,22.5,2,0,81,Explotacion activa
82,1,PSO,poblacional,109701.0,109701.0,True,False,35978.70000000004,36270.0,-291.29999999995925,7.5,37.5,22.5,3,0,82,Explotacion activa
83,1,PSO,poblacional,109701.0,109701.0,True,False,36932.90000000005,37228.0,-295.0999999999476,7.5,37.5,22.5,4,0,83,Explotacion activa
84,1,PSO,poblacional,109701.0,109701.0,True,False,37905.30000000005,38204.0,-298.69999999995343,32180.0,35310.90000000004,-272.6599999999511,0,0,84,Explotacion activa
85,1,PSO,poblacional,109701.0,109701.0,True,False,38877.90000000005,39180.0,-302.0999999999476,32438.0,35978.70000000004,-274.0999999999476,1,0,85,Explotacion activa
86,1,PSO,poblacional,109701.0,109701.0,True,False,39850.70000000004,40156.0,-305.29999999995925,32725.4,36646.64000000005,-275.47999999994937,2,0,86,Explotacion activa
87,1,PSO,poblacional,109701.0,109701.0,True,False,40823.70000000004,41132.0,-308.29999999995925,33012.8,37321.86000000005,-276.8599999999511,3,0,87,Explotacion activa
88,1,PSO,poblacional,109701.0,109701.0,True,False,41796.90000000005,42108.0,-311.0999999999476,33300.2,38002.56000000005,-278.23999999995283,4,0,88,Explotacion activa
89,1,PSO,poblacional,109701.0,109701.0,True,False,42770.30000000005,43084.0,-313.69999999995343,33587.6,38683.38000000005,-279.5799999999523,5,0,89,Explotacion activa
90,1,PSO,poblacional,109701.0,109701.0,True,False,43743.90000000005,44060.0,-316.0999999999476,33875.0,39364.30000000005,-280.8999999999505,6,0,90,Explotacion activa
91,1,PSO,poblacional,109701.0,109701.0,True,False,44717.70000000004,45036.0,-318.29999999995925,34162.4,40045.30000000004,-282.21999999994875,7,0,91,Explotacion activa
92,1,PSO,poblacional,109701.0,109701.0,True,False,45691.70000000004,46012.0,-320.29999999995925,34449.8,40726.40000000004,-283.51999999994877,8,0,92,Explotacion activa
93,1,PSO,poblacional,109701.0,109701.0,True,False,46665.90000000005,46988.0,-322.0999999999476,34737.2,41407.620000000046,-284.7799999999523,9,0,93,Explotacion activa
94,1,PSO,poblacional,109701.0,109701.0,True,False,47640.30000000005,47964.0,-323.69999999995343,35024.6,42088.92000000005,-286.03999999995574,10,0,94,Explotacion activa
95,1,PSO,poblacional,109701.0,109701.0,True,False,7431.700000000012,7390.0,41.70000000001164,34354.0,41796.90000000005,-283.0999999999476,11,0,95,Explotacion activa
96,1,PSO,poblacional,109701.0,109701.0,True,False,7842.5,7812.0,30.5,33683.4,41504.940000000046,-280.01999999995166,12,0,96,Explotacion activa
97,1,PSO,poblacional,109701.0,109701.0,True,False,8253.5,8234.0,19.5,33012.8,41212.98000000005,-276.8599999999511,13,0,97,Explotacion activa
98,1,PSO,poblacional,109701.0,109701.0,True,False,8664.700000000012,8656.0,8.700000000011642,32352.0,40921.02000000004,-273.6199999999488,14,0,98,Explotacion activa
99,1,PSO,poblacional,109701.0,109701.0,True,False,9086.100000000006,9088.0,-1.8999999999941792,31750.0,40629.100000000035,-270.25999999995696,0,0,99,Explotacion activa
100,1,PSO,poblacional,109701.0,109701.0,True,False,9507.700000000012,9520.0,-12.299999999988358,31301.0,40337.20000000004,-266.79999999995925,1,0,100,Explotacion activa
101,1,PSO,poblacional,109701.0,109701.0,True,False,9929.5,9952.0,-22.5,30913.2,40045.30000000004,-263.2599999999569,2,0,101,Explotacion activa
102,1,PSO,poblacional,109701.0,109701.0,True,False,10351.5,10384.0,-32.5,30525.4,39753.42000000004,-259.6199999999488,3,0,102,Explotacion activa
103,1,PSO,poblacional,109701.0,109701.0,True,False,10773.700000000012,10816.0,-42.29999999998836,18677.600000000006,39461.580000000045,-129.01999999997253,4,0,103,Explotacion activa
104,1,PSO,poblacional,109701.0,109701.0,True,False,11196.100000000006,11248.0,-51.89999999999418,11118.4,39169.74000000005,-49.01999999999246,5,0,104,Explotacion activa
105,1,PSO,poblacional,109701.0,109701.0,True,False,11618.700000000012,11680.0,-61.29999999998836,11248.0,38877.90000000005,-51.89999999999418,6,0,105,Explotacion activa
106,1,PSO,poblacional,109701.0,109701.0,True,False,12194.5,12265.0,-70.5,11377.6,38586.12000000005,-54.71999999999244,0,0,106,Explotacion activa
107,1,PSO,poblacional,109701.0,109701.0,True,False,12770.5,12850.0,-79.5,11507.2,38294.34000000005,-57.5399999999907,1,0,107,Explotacion activa
108,1,PSO,poblacional,109701.0,109701.0,True,False,13346.700000000012,13435.0,-88.29999999998836,11636.8,38002.56000000005,-60.35999999998896,2,0,108,Explotacion activa
109,1,PSO,poblacional,109701.0,109701.0,True,False,13923.100000000006,14020.0,-96.89999999999418,11797.0,37710.82000000004,-63.139999999990714,3,0,109,Explotacion activa
110,1,PSO,poblacional,109701.0,109701.0,True,False,14499.700000000012,14605.0,-105.29999999998836,11972.5,37419.10000000005,-65.89999999999418,4,0,110,Explotacion activa
111,1,PSO,poblacional,109701.0,109701.0,True,False,15076.5,15190.0,-113.5,12148.0,37127.38000000005,-68.65999999999768,5,0,111,Explotacion activa
112,1,PSO,poblacional,109701.0,109701.0,True,False,15653.5,15775.0,-121.5,12323.5,36837.48000000005,-71.4,6,0,112,Explotacion activa
113,1,PSO,poblacional,109701.0,109701.0,True,False,16230.700000000012,16360.0,-129.29999999998836,12499.0,36551.220000000045,-74.10000000000002,7,0,113,Explotacion activa
114,1,PSO,poblacional,109701.0,109701.0,True,False,16808.100000000006,16945.0,-136.89999999999418,12674.5,36264.96000000004,-76.80000000000003,8,0,114,Explotacion activa
115,1,PSO,poblacional,109701.0,109701.0,True,False,17385.70000000001,17530.0,-144.29999999998836,12850.0,35978.70000000004,-79.5,9,0,115,Explotacion activa
116,1,PSO,poblacional,109701.0,109701.0,True,False,17963.300000000017,18115.0,-151.69999999998254,13025.5,35692.500000000044,-82.13999999999652,10,0,116,Explotacion activa
117,1,PSO,poblacional,109701.0,109701.0,True,False,18540.900000000023,18700.0,-159.09999999997672,13201.0,35406.30000000004,-84.77999999999302,11,0,117,Explotacion activa
118,1,PSO,poblacional,109701.0,109701.0,True,False,19335.50000000003,19502.0,-166.4999999999709,13376.5,35120.10000000004,-87.41999999998954,0,0,118,Explotacion activa
119,1,PSO,poblacional,109701.0,109701.0,True,False,20475.100000000035,20649.0,-173.89999999996508,13552.0,34833.94000000004,-90.01999999998955,0,0,119,Explotacion activa
120,1,PSO,poblacional,109701.0,109701.0,True,False,21910.70000000004,22092.0,-181.29999999995925,13727.5,34547.80000000005,-92.5999999999913,0,0,120,Explotacion activa
121,1,PSO,poblacional,109701.0,109701.0,True,False,23703.300000000047,23892.0,-188.69999999995343,13903.0,34261.66000000005,-95.17999999999306,0,0,121,Explotacion activa
122,1,PSO,poblacional,109701.0,109701.0,True,False,25624.900000000052,25821.0,-196.0999999999476,14078.5,33975.54000000005,-97.73999999999361,0,0,122,Explotacion activa
123,1,PSO,poblacional,109701.0,109701.0,True,False,27709.70000000004,27913.0,-203.29999999995925,14254.0,33689.46000000004,-100.2599999999919,0,0,123,Explotacion activa
124,1,PSO,poblacional,109701.0,109701.0,True,False,29866.70000000004,30077.0,-210.29999999995925,14429.5,33403.38000000005,-102.77999999999012,0,0,124,Explotacion activa
125,1,PSO,poblacional,109701.0,109701.0,True,False,32075.900000000052,32293.0,-217.0999999999476,14605.0,33117.30000000005,-105.29999999998836,0,0,125,Explotacion activa
126,1,PSO,poblacional,109701.0,109701.0,True,False,34393.30000000005,34617.0,-223.69999999995343,14780.5,33784.82000000004,-107.75999999999189,0,0,126,Explotacion activa
127,1,PSO,poblacional,109701.0,109701.0,True,False,36710.90000000005,36941.0,-230.0999999999476,14956.0,34199.86000000005,-110.21999999999535,1,0,127,Explotacion activa
128,1,PSO,poblacional,109701.0,109701.0,True,False,39028.70000000004,39265.0,-236.29999999995925,15131.5,34456.440000000046,-112.67999999999888,2,0,128,Explotacion activa
129,1,PSO,poblacional,109701.0,109701.0,True,False,41579.70000000004,41822.0,-242.29999999995925,15307.0,34898.42000000004,-115.10000000000002,0,0,129,Explotacion activa
130,1,PSO,poblacional,109701.0,109701.0,True,False,44130.90000000005,44379.0,-248.0999999999476,15482.5,35501.70000000004,-117.5,1,0,130,Explotacion activa
131,1,PSO,poblacional,109701.0,109701.0,True,False,46682.30000000005,46936.0,-253.69999999995343,15658.0,36125.14000000004,-119.90000000000003,2,0,131,Explotacion activa
132,1,PSO,poblacional,109701.0,109701.0,True,False,49233.90000000005,49493.0,-259.0999999999476,15833.499999999998,36637.68000000005,-122.27999999999885,3,0,132,Explotacion activa
133,1,PSO,poblacional,109701.0,109701.0,True,False,51888.70000000004,52153.0,-264.29999999995925,16009.0,36844.10000000005,-124.61999999999539,0,0,133,Explotacion activa
134,1,PSO,poblacional,109701.0,109701.0,True,False,54551.70000000004,54821.0,-269.29999999995925,16184.5,37224.620000000046,-126.95999999999188,0,0,134,Explotacion activa
135,1,PSO,poblacional,109701.0,109701.0,True,False,57214.90000000005,57489.0,-274.0999999999476,16360.0,37905.30000000005,-129.29999999998836,1,0,135,Explotacion activa
136,1,PSO,poblacional,109701.0,109701.0,True,False,59878.30000000005,60157.0,-278.69999999995343,16535.5,38586.120000000046,-131.57999999999015,2,0,136,Explotacion activa
137,1,PSO,poblacional,109701.0,109701.0,True,False,62725.90000000005,63009.0,-283.0999999999476,16711.0,38938.220000000045,-133.85999999999186,0,0,137,Explotacion activa
138,1,PSO,poblacional,109701.0,109701.0,True,False,65685.70000000004,65973.0,-287.29999999995925,16886.5,39110.90000000004,-136.13999999999365,0,0,138,Explotacion activa
139,1,PSO,poblacional,109701.0,109701.0,True,False,69028.70000000004,69320.0,-291.29999999995925,17062.0,39686.30000000004,-138.37999999999303,0,0,139,Explotacion activa
140,1,PSO,poblacional,109701.0,109701.0,True,False,72428.90000000005,72724.0,-295.0999999999476,17237.5,40337.20000000004,-140.59999999999127,0,0,140,Explotacion activa
141,1,PSO,poblacional,109701.0,109701.0,True,False,75829.30000000005,76128.0,-298.69999999995343,17413.0,40974.90000000004,-142.81999999998956,1,0,141,Explotacion activa
142,1,PSO,poblacional,110343.0,110343.0,True,False,79229.90000000005,79532.0,-302.0999999999476,17588.5,41504.10000000004,-145.0399999999878,2,0,142,Explotacion activa
143,1,PSO,poblacional,110343.0,110343.0,True,False,82630.70000000004,82936.0,-305.29999999995925,17764.0,41710.02000000005,-147.25999999998606,3,0,143,Explotacion activa
144,1,PSO,poblacional,110343.0,110343.0,True,False,86031.70000000004,86340.0,-308.29999999995925,17939.5,42088.92000000005,-149.4799999999843,4,0,144,Explotacion activa
145,1,PSO,poblacional,110343.0,110343.0,True,False,89432.90000000005,89744.0,-311.0999999999476,18115.0,42770.30000000005,-151.69999999998254,5,0,145,Explotacion activa
146,1,PSO,poblacional,110343.0,110343.0,True,False,92834.30000000005,93148.0,-313.69999999995343,18290.5,43451.82000000004,-153.91999999998083,6,0,146,Explotacion activa
147,1,PSO,poblacional,110343.0,110343.0,True,False,96235.90000000005,96552.0,-316.0999999999476,18466.0,43898.700000000055,-156.13999999997907,7,0,147,Explotacion activa
148,1,PSO,poblacional,110343.0,110343.0,True,False,99650.70000000004,99969.0,-318.29999999995925,18641.5,44189.580000000045,-158.35999999997733,0,0,148,Explotacion activa
149,1,PSO,poblacional,110343.0,110343.0,True,False,103100.70000000004,103421.0,-320.29999999995925,18860.399999999998,44600.34000000004,-160.57999999997557,0,0,149,Explotacion activa
150,1,PSO,poblacional,110343.0,110343.0,True,False,106550.90000000005,106873.0,-322.0999999999476,19101.0,45204.70000000004,-162.7999999999738,1,0,150,Explotacion activa
151,1,PSO,poblacional,110343.0,110343.0,True,False,110269.30000000005,110593.0,-323.69999999995343,19341.600000000002,45886.54000000004,-165.0199999999721,0,0,151,Explotacion activa
152,1,PSO,poblacional,110343.0,110343.0,True,False,91143.30000000005,91467.0,-323.69999999995343,19616.699999999997,46568.48000000005,-167.23999999997034,0,0,152,Explotacion activa
153,1,PSO,poblacional,110343.0,110343.0,True,False,87552.90000000005,87869.0,-316.0999999999476,19960.8,46675.74000000005,-169.4599999999686,0,0,153,Explotacion activa
154,1,PSO,poblacional,110343.0,110343.0,True,False,91204.70000000004,91523.0,-318.29999999995925,20304.899999999998,46969.70000000004,-171.67999999996684,1,0,154,Explotacion activa
155,1,PSO,poblacional,110343.0,110343.0,True,False,94870.70000000004,95191.0,-320.29999999995925,20649.0,47640.30000000005,-173.89999999996508,0,0,155,Explotacion activa
156,1,PSO,poblacional,110343.0,110343.0,True,False,98536.90000000005,98859.0,-322.0999999999476,21081.9,48755.82000000004,-176.11999999996337,1,0,156,Explotacion activa
157,1,PSO,poblacional,110343.0,110343.0,True,False,102203.30000000005,102527.0,-323.69999999995343,21514.799999999996,50295.82000000004,-178.3399999999616,2,0,157,Explotacion activa
158,1,PSO,poblacional,110343.0,110343.0,True,False,104561.90000000005,104845.0,-283.0999999999476,21947.699999999997,52155.00000000003,-180.55999999995987,3,0,158,Explotacion activa
159,1,PSO,poblacional,110343.0,110343.0,True,False,108207.70000000004,108495.0,-287.29999999995925,22452.0,54019.100000000035,-182.7799999999581,4,0,159,Explotacion activa
160,1,PSO,poblacional,110343.0,110343.0,True,False,111853.70000000004,112145.0,-291.29999999995925,22992.0,55883.300000000025,-184.9999999999564,5,0,160,Explotacion activa
161,1,PSO,poblacional,110343.0,110343.0,True,False,115499.90000000005,115795.0,-295.0999999999476,23532.0,57747.58000000004,-187.21999999995464,6,0,161,Explotacion activa
162,1,PSO,poblacional,110343.0,110343.0,True,False,119146.30000000005,119445.0,-298.69999999995343,24084.899999999994,59611.96000000004,-189.43999999995287,7,0,162,Explotacion activa
163,1,PSO,poblacional,110343.0,110343.0,True,False,122802.90000000005,123105.0,-302.0999999999476,24663.6,61586.86000000004,-191.65999999995114,0,0,163,Explotacion activa
164,1,PSO,poblacional,110343.0,110343.0,True,False,126459.70000000004,126765.0,-305.29999999995925,25242.3,63613.84000000004,-193.87999999994938,1,0,164,Explotacion activa
165,1,PSO,poblacional,110343.0,110343.0,True,False,130116.70000000004,130425.0,-308.29999999995925,25821.0,65685.70000000003,-196.09999999994767,2,0,165,Explotacion activa
166,1,PSO,poblacional,110343.0,110343.0,True,False,133773.90000000005,134085.0,-311.0999999999476,26448.600000000002,68025.80000000003,-198.25999999995113,3,0,166,Explotacion activa
167,1,PSO,poblacional,110343.0,110343.0,True,False,137431.30000000005,137745.0,-313.69999999995343,27076.199999999997,70388.78000000001,-200.41999999995465,4,0,167,Explotacion activa
168,1,PSO,poblacional,110343.0,110343.0,True,False,141088.90000000005,141405.0,-316.0999999999476,27703.799999999996,72768.94000000003,-202.57999999995812,5,0,168,Explotacion activa
169,1,PSO,poblacional,110343.0,110343.0,True,False,144746.70000000004,145065.0,-318.29999999995925,28345.8,75149.22000000004,-204.6999999999593,6,0,169,Explotacion activa
170,1,PSO,poblacional,110343.0,110343.0,True,False,148644.70000000004,148965.0,-320.29999999995925,28995.0,77529.60000000005,-206.79999999995925,0,0,170,Explotacion activa
171,1,PSO,poblacional,110343.0,110343.0,True,False,152542.90000000005,152865.0,-322.0999999999476,29644.199999999993,79910.06000000001,-208.89999999995933,1,0,171,Explotacion activa
172,1,PSO,poblacional,110343.0,110343.0,True,False,156441.30000000005,156765.0,-323.69999999995343,30116.3,82290.62000000001,-210.97999999995815,2,0,172,Explotacion activa
173,1,PSO,poblacional,110343.0,110343.0,True,False,159603.90000000005,159915.0,-311.0999999999476,30234.2,84671.30000000002,-213.01999999995465,3,0,173,Explotacion activa
174,1,PSO,poblacional,110343.0,110343.0,True,False,163491.30000000005,163805.0,-313.69999999995343,30352.1,86488.06000000004,-215.05999999995112,4,0,174,Explotacion activa
175,1,PSO,poblacional,110343.0,110343.0,True,False,167469.90000000008,167786.0,-316.0999999999185,30470.0,87552.90000000005,-217.0999999999476,0,0,175,Explotacion activa
176,1,PSO,poblacional,110343.0,110343.0,True,False,171448.70000000007,171767.0,-318.29999999993015,30636.199999999997,88868.90000000004,-219.07999999994942,1,0,176,Explotacion activa
177,1,PSO,poblacional,110343.0,110343.0,True,False,175427.70000000007,175748.0,-320.29999999993015,30802.399999999998,90117.06000000004,-221.05999999995117,2,0,177,Explotacion activa
178,1,PSO,poblacional,110343.0,110343.0,True,False,179406.90000000008,179729.0,-322.0999999999185,30968.6,91149.44000000005,-223.0399999999529,3,0,178,Explotacion activa
179,1,PSO,poblacional,110343.0,110343.0,True,False,183386.30000000005,183710.0,-323.69999999995343,31134.8,91192.42000000004,-224.9799999999523,4,0,179,Explotacion activa
180,1,PSO,poblacional,110343.0,110343.0,True,False,175920.90000000008,176216.0,-295.0999999999185,31301.0,92019.50000000004,-226.89999999995052,5,0,180,Explotacion activa
181,1,PSO,poblacional,110343.0,110343.0,True,False,179745.30000000005,180044.0,-298.69999999995343,31467.199999999997,93241.58000000002,-228.81999999994886,6,0,181,Explotacion activa
182,1,PSO,poblacional,110343.0,110343.0,True,False,183569.90000000008,183872.0,-302.0999999999185,31649.5,94667.06000000003,-230.71999999994884,7,0,182,Explotacion activa
183,1,PSO,poblacional,110343.0,110343.0,True,False,187394.70000000007,187700.0,-305.29999999993015,31864.0,95689.82000000004,-232.5799999999523,8,0,183,Explotacion activa
184,1,PSO,poblacional,110343.0,110343.0,True,False,191219.70000000007,191528.0,-308.29999999993015,32078.499999999996,96926.20000000004,-234.43999999995577,9,0,184,Explotacion activa
185,1,PSO,poblacional,110343.0,110343.0,True,False,195044.90000000008,195356.0,-311.0999999999185,32293.0,98536.90000000005,-236.29999999995925,10,0,185,Explotacion activa
186,1,PSO,poblacional,110343.0,110343.0,True,False,198870.30000000005,199184.0,-313.69999999995343,32336.5,99316.56000000003,-238.09999999995932,11,0,186,Explotacion activa
187,1,PSO,poblacional,110343.0,110343.0,True,False,202695.90000000008,203012.0,-316.0999999999185,32380.0,100671.74000000002,-239.8999999999593,12,0,187,Explotacion activa
188,1,PSO,poblacional,110343.0,110343.0,True,False,206521.70000000007,206840.0,-318.29999999993015,32423.5,102293.04000000004,-241.6999999999593,13,0,188,Explotacion activa
189,1,PSO,poblacional,110343.0,110343.0,True,False,210347.70000000007,210668.0,-320.29999999993015,32629.599999999995,102921.22000000004,-243.45999999995695,14,0,189,Explotacion activa
190,1,PSO,poblacional,110343.0,110343.0,True,False,214319.90000000008,214642.0,-322.0999999999185,32917.0,103831.30000000005,-245.19999999995343,0,0,190,Explotacion activa
191,1,PSO,poblacional,110343.0,110343.0,True,False,218292.30000000005,218616.0,-323.69999999995343,33204.399999999994,104959.70000000003,-246.93999999995,1,0,191,Explotacion activa
192,1,PSO,poblacional,110343.0,110343.0,True,False,206012.30000000005,206336.0,-323.69999999995343,33491.8,106352.00000000003,-248.65999999994824,0,0,192,Explotacion activa
193,1,PSO,poblacional,110343.0,110343.0,True,False,183915.30000000005,184239.0,-323.69999999995343,33779.2,107544.98000000004,-250.33999999994998,1,0,193,Explotacion activa
194,1,PSO,poblacional,110343.0,110343.0,True,False,165383.30000000005,165707.0,-323.69999999995343,34066.6,108826.18000000004,-252.0199999999517,0,0,194,Explotacion activa
195,1,PSO,poblacional,110343.0,110343.0,True,False,141980.30000000005,142304.0,-323.69999999995343,34354.0,110269.30000000005,-253.69999999995343,1,0,195,Explotacion activa
196,1,PSO,poblacional,110343.0,110343.0,True,False,135320.30000000005,135644.0,-323.69999999995343,34432.9,111378.38000000002,-255.31999999995176,2,0,196,Explotacion activa
197,1,PSO,poblacional,110343.0,110343.0,True,False,126016.30000000005,126340.0,-323.69999999995343,34511.8,113312.18000000001,-256.93999999995,0,0,197,Explotacion activa
198,1,PSO,poblacional,110343.0,110343.0,True,False,123374.30000000005,123698.0,-323.69999999995343,34590.7,115864.54000000004,-258.5599999999482,1,0,198,Explotacion activa
199,1,PSO,poblacional,110343.0,110343.0,True,False,122211.30000000005,122535.0,-323.69999999995343,34756.0,118417.02000000003,-259.0999999999476,0,0,199,Explotacion activa
200,1,PSO,poblacional,110343.0,110343.0,True,False,116799.70000000004,117120.0,-320.29999999995925,34964.5,117973.00000000004,-259.0999999999476,1,0,200,Explotacion activa
201,1,PSO,poblacional,110343.0,110343.0,True,False,119531.90000000005,119854.0,-322.0999999999476,35173.0,119223.42000000004,-259.0999999999476,0,0,201,Explotacion activa
202,1,PSO,poblacional,110343.0,110343.0,True,False,122264.30000000005,122588.0,-323.69999999995343,35407.8,119493.34000000005,-259.61999999994885,1,0,202,Explotacion activa
203,1,PSO,poblacional,110343.0,110343.0,True,False,107528.70000000004,107847.0,-318.29999999995925,35695.2,119377.66000000005,-261.1799999999523,2,0,203,Explotacion activa
204,1,PSO,poblacional,110343.0,110343.0,True,False,110027.70000000004,110348.0,-320.29999999995925,35982.6,119261.98000000005,-262.7399999999558,3,0,204,Explotacion activa
205,1,PSO,poblacional,110343.0,110343.0,True,False,112526.90000000005,112849.0,-322.0999999999476,36270.0,119146.30000000005,-264.29999999995925,4,0,205,Explotacion activa
206,1,PSO,poblacional,110343.0,110343.0,True,False,115026.30000000005,115350.0,-323.69999999995343,36471.299999999996,118442.32000000002,-264.29999999995925,5,0,206,Explotacion activa
207,1,PSO,poblacional,110343.0,110343.0,True,False,109802.30000000005,110126.0,-323.69999999995343,36672.6,117738.34000000003,-264.29999999995925,6,0,207,Explotacion activa
208,1,PSO,poblacional,110343.0,110343.0,True,False,111603.70000000004,111924.0,-320.29999999995925,36873.9,117034.36000000003,-264.29999999995925,7,0,208,Explotacion activa
209,1,PSO,poblacional,110343.0,110343.0,True,False,113991.90000000005,114314.0,-322.0999999999476,36998.4,116539.74000000003,-265.29999999995925,8,0,209,Explotacion activa
210,1,PSO,poblacional,110343.0,110343.0,True,False,116380.30000000005,116704.0,-323.69999999995343,37084.5,116590.00000000004,-266.79999999995925,9,0,210,Explotacion activa
211,1,PSO,poblacional,110343.0,110343.0,True,False,104970.30000000005,105294.0,-323.69999999995343,37170.6,116464.18000000004,-268.2999999999593,10,0,211,Explotacion activa
212,1,PSO,poblacional,110343.0,110343.0,True,False,98776.30000000005,99100.0,-323.69999999995343,37325.6,116292.26000000004,-269.29999999995925,11,0,212,Explotacion activa
213,1,PSO,poblacional,110343.0,110343.0,True,False,72145.30000000005,72469.0,-323.69999999995343,37618.4,116028.14000000004,-269.29999999995925,12,0,213,Explotacion activa
214,1,PSO,poblacional,110343.0,110343.0,True,False,69596.70000000004,69905.0,-308.29999999995925,37911.2,115764.02000000005,-269.29999999995925,13,0,214,Explotacion activa
215,1,PSO,poblacional,110343.0,110343.0,True,False,71247.90000000005,71559.0,-311.0999999999476,38204.0,115499.90000000005,-269.29999999995925,14,0,215,Explotacion activa
216,1,PSO,poblacional,110343.0,110343.0,True,False,72899.30000000005,73213.0,-313.69999999995343,38496.799999999996,115357.82000000005,-270.73999999995584,15,0,216,Explotacion activa
217,1,PSO,poblacional,110343.0,110343.0,True,False,74550.90000000005,74867.0,-316.0999999999476,38789.6,115215.74000000005,-272.1799999999523,16,0,217,Explotacion activa
218,1,PSO,poblacional,110343.0,110343.0,True,False,76202.70000000004,76521.0,-318.29999999995925,39082.4,115073.66000000005,-273.6199999999488,17,0,218,Explotacion activa
219,1,PSO,poblacional,110343.0,110343.0,True,False,77854.70000000004,78175.0,-320.29999999995925,39197.0,114819.42000000004,-274.0999999999476,18,0,219,Explotacion activa
220,1,PSO,poblacional,110343.0,110343.0,True,False,79506.90000000005,79829.0,-322.0999999999476,39222.5,114509.10000000005,-274.0999999999476,19,0,220,Explotacion activa
221,1,PSO,poblacional,110343.0,110343.0,True,False,81159.30000000005,81483.0,-323.69999999995343,39248.0,114198.78000000004,-274.0999999999476,20,0,221,Explotacion activa
222,1,PSO,poblacional,110343.0,110343.0,True,False,81838.30000000005,82162.0,-323.69999999995343,39354.1,113845.40000000004,-274.5599999999482,21,0,222,Explotacion activa
223,1,PSO,poblacional,110343.0,110343.0,True,False,80855.90000000005,81178.0,-322.0999999999476,39621.4,113405.90000000004,-275.93999999995,22,0,223,Explotacion activa
224,1,PSO,poblacional,110343.0,110343.0,True,False,82460.30000000005,82784.0,-323.69999999995343,39888.7,112966.40000000005,-277.3199999999517,23,0,224,Explotacion activa
225,1,PSO,poblacional,110343.0,110343.0,True,False,63966.30000000005,64290.0,-323.69999999995343,40156.0,112526.90000000005,-278.69999999995343,24,0,225,Explotacion activa
226,1,PSO,poblacional,110343.0,110343.0,True,False,57504.30000000005,57828.0,-323.69999999995343,40448.799999999996,112324.94000000005,-278.69999999995343,25,0,226,Explotacion activa
227,1,PSO,poblacional,110343.0,110343.0,True,False,41189.90000000005,41512.0,-322.0999999999476,40741.6,112122.98000000004,-278.69999999995343,26,0,227,Explotacion activa
228,1,PSO,poblacional,110343.0,110343.0,True,False,42188.30000000005,42512.0,-323.69999999995343,41034.4,111921.02000000003,-278.69999999995343,27,0,228,Explotacion activa
229,1,PSO,poblacional,110343.0,110343.0,True,False,42153.70000000004,42462.0,-308.29999999995925,41208.0,111803.70000000004,-279.5799999999523,28,0,229,Explotacion activa
230,1,PSO,poblacional,110343.0,110343.0,True,False,43136.90000000005,43448.0,-311.0999999999476,41322.0,111728.70000000004,-280.8999999999505,29,0,230,Explotacion activa
231,1,PSO,poblacional,110343.0,110343.0,True,False,44120.30000000005,44434.0,-313.69999999995343,41436.0,111653.70000000004,-282.2199999999488,30,0,231,Explotacion activa
232,1,PSO,poblacional,110343.0,110343.0,True,False,45103.90000000005,45420.0,-316.0999999999476,41543.0,111470.26000000002,-283.0999999999476,31,0,232,Explotacion activa
233,1,PSO,poblacional,110343.0,110343.0,True,False,46093.70000000004,46412.0,-318.29999999995925,41636.0,111069.94000000003,-283.0999999999476,0,0,233,Explotacion activa
234,1,PSO,poblacional,110343.0,110343.0,True,False,47225.70000000004,47546.0,-320.29999999995925,41729.0,110669.62000000004,-283.0999999999476,0,0,234,Explotacion activa
235,1,PSO,poblacional,110343.0,110343.0,True,False,48357.90000000005,48680.0,-322.0999999999476,41822.0,110269.30000000005,-283.0999999999476,1,0,235,Explotacion activa
236,1,PSO,poblacional,110343.0,110343.0,True,False,49490.30000000005,49814.0,-323.69999999995343,41907.799999999996,110196.82000000004,-283.0999999999476,2,0,236,Explotacion activa
237,1,PSO,poblacional,110343.0,110343.0,True,False,49918.90000000005,50230.0,-311.0999999999476,41993.6,110124.34000000004,-283.0999999999476,0,0,237,Explotacion activa
238,1,PSO,poblacional,110343.0,110343.0,True,False,51072.30000000005,51386.0,-313.69999999995343,42079.4,110051.86000000004,-283.0999999999476,1,0,238,Explotacion activa
239,1,PSO,poblacional,110343.0,110343.0,True,False,52225.90000000005,52542.0,-316.0999999999476,42178.799999999996,109982.62000000004,-283.93999999995,2,0,239,Explotacion activa
240,1,PSO,poblacional,110343.0,110343.0,True,False,53379.70000000004,53698.0,-318.29999999995925,42285.0,109915.00000000004,-285.1999999999535,3,0,240,Explotacion activa
241,2,SA,trayectoria,111766.0,109093.0,True,False,54539.70000000004,54860.0,-320.29999999995925,42391.2,109847.38000000005,-286.45999999995695,0,0,241,Explotacion activa
242,2,SA,trayectoria,111766.0,110419.0,True,False,55699.90000000005,56022.0,-322.0999999999476,42467.0,109642.84000000003,-287.29999999995925,1,0,242,Explotacion activa
243,2,SA,trayectoria,111766.0,110842.0,True,False,56860.30000000005,57184.0,-323.69999999995343,42482.0,109164.46000000004,-287.29999999995925,2,0,243,Explotacion activa
244,2,SA,trayectoria,111766.0,110829.0,True,False,40029.90000000005,40346.0,-316.0999999999476,42355.799999999996,108686.08000000003,-287.29999999995925,3,0,244,Explotacion activa
245,2,SA,trayectoria,111766.0,110407.0,True,False,40949.70000000004,41268.0,-318.29999999995925,42108.0,108207.70000000003,-287.29999999995925,4,0,245,Explotacion activa
246,2,SA,trayectoria,111766.0,110876.0,True,False,41869.70000000004,42190.0,-320.29999999995925,42132.6,108004.00000000003,-287.29999999995925,5,0,246,Explotacion activa
247,2,SA,trayectoria,111766.0,110465.0,True,False,42789.90000000005,43112.0,-322.0999999999476,42157.2,107800.30000000003,-287.29999999995925,6,0,247,Explotacion activa
248,2,SA,trayectoria,111766.0,110237.0,True,False,43710.30000000005,44034.0,-323.69999999995343,42181.8,107596.60000000003,-287.29999999995925,7,0,248,Explotacion activa
249,2,SA,trayectoria,111766.0,110383.0,True,False,37847.90000000005,38131.0,-283.0999999999476,42124.4,107333.14000000004,-287.29999999995925,8,0,249,Explotacion activa
250,2,SA,trayectoria,111766.0,110212.0,True,False,38749.70000000004,39037.0,-287.29999999995925,41965.0,107039.80000000003,-287.29999999995925,0,0,250,Explotacion activa
251,2,SA,trayectoria,111766.0,109656.0,True,False,39651.70000000004,39943.0,-291.29999999995925,41760.0,106746.46000000004,-287.29999999995925,1,0,251,Explotacion activa
252,2,SA,trayectoria,111766.0,110203.0,True,False,40553.90000000005,40849.0,-295.0999999999476,41543.0,106392.84000000004,-287.29999999995925,2,0,252,Explotacion activa
253,2,SA,trayectoria,111766.0,110053.0,True,False,41456.30000000005,41755.0,-298.69999999995343,41609.2,105918.66000000005,-287.29999999995925,3,0,253,Explotacion activa
254,2,SA,trayectoria,111766.0,110176.0,True,False,42358.90000000005,42661.0,-302.0999999999476,41682.1,105444.48000000004,-287.29999999995925,4,0,254,Explotacion activa
255,2,SA,trayectoria,111766.0,109040.0,True,False,43261.70000000004,43567.0,-305.29999999995925,41755.0,104970.30000000005,-287.2999999999593,5,0,255,Explotacion activa
256,2,SA,trayectoria,111766.0,109789.0,True,False,44164.70000000004,44473.0,-308.29999999995925,41775.1,104847.78000000004,-288.4999999999593,6,0,256,Explotacion activa
257,2,SA,trayectoria,111766.0,110909.0,True,False,45067.90000000005,45379.0,-311.0999999999476,41795.2,104725.26000000005,-289.6999999999593,7,0,257,Explotacion activa
258,2,SA,trayectoria,111766.0,110520.0,True,False,45971.30000000005,46285.0,-313.69999999995343,41815.3,104602.74000000005,-290.8999999999593,8,0,258,Explotacion activa
259,2,SA,trayectoria,111766.0,109586.0,True,False,46901.90000000005,47218.0,-316.0999999999476,41879.2,104269.66000000002,-291.29999999995925,0,0,259,Explotacion activa
260,2,SA,trayectoria,111766.0,110993.0,True,False,47832.70000000004,48151.0,-318.29999999995925,41965.0,103831.30000000005,-291.29999999995925,1,0,260,Explotacion activa
261,2,SA,trayectoria,112320.0,111532.0,True,False,48763.70000000004,49084.0,-320.29999999995925,42050.799999999996,103392.94000000003,-291.29999999995925,2,0,261,Explotacion activa
262,2,SA,trayectoria,112320.0,110431.0,True,False,49694.90000000005,50017.0,-322.0999999999476,42116.2,103010.96000000005,-291.29999999995925,3,0,262,Explotacion activa
263,2,SA,trayectoria,112320.0,110551.0,True,False,50626.30000000005,50950.0,-323.69999999995343,42140.8,102741.74000000003,-291.29999999995925,4,0,263,Explotacion activa
264,2,SA,trayectoria,112320.0,110600.0,True,False,40610.90000000005,40933.0,-322.0999999999476,42022.2,102472.52000000003,-291.29999999995925,5,0,264,Explotacion activa
265,2,SA,trayectoria,112320.0,110149.0,True,False,41396.30000000005,41720.0,-323.69999999995343,41822.0,102203.30000000005,-291.29999999995925,6,0,265,Explotacion activa
266,2,SA,trayectoria,112320.0,110422.0,True,False,40609.90000000005,40932.0,-322.0999999999476,41775.1,101437.52000000002,-291.29999999995925,7,0,266,Explotacion activa
267,2,SA,trayectoria,112320.0,109846.0,True,False,41374.30000000005,41698.0,-323.69999999995343,41741.0,100671.73999999999,-291.29999999995925,8,0,267,Explotacion activa
268,2,SA,trayectoria,112320.0,111033.0,True,False,24518.70000000004,24839.0,-320.29999999995925,41717.8,99905.96000000002,-291.29999999995925,9,0,268,Explotacion activa
269,2,SA,trayectoria,112320.0,110960.0,True,False,25047.900000000052,25370.0,-322.0999999999476,41702.4,99475.82000000002,-292.0599999999512,10,0,269,Explotacion activa
270,2,SA,trayectoria,112320.0,110802.0,True,False,25577.300000000047,25901.0,-323.69999999995343,41605.0,99213.50000000004,-293.1999999999389,11,0,270,Explotacion activa
271,2,SA,trayectoria,112320.0,109626.0,True,False,23484.900000000052,23807.0,-322.0999999999476,41463.2,98951.18000000004,-294.3399999999267,12,0,271,Explotacion activa
272,2,SA,trayectoria,112320.0,108247.0,True,False,23979.300000000047,24303.0,-323.69999999995343,41292.4,98752.36000000004,-295.0999999999214,13,0,272,Explotacion activa
273,2,SA,trayectoria,112320.0,110190.0,True,False,20651.900000000052,20974.0,-322.0999999999476,41186.4,98680.54000000005,-295.09999999993016,14,0,273,Explotacion activa
274,2,SA,trayectoria,112320.0,109880.0,True,False,21095.300000000047,21419.0,-323.69999999995343,41072.299999999996,98608.72000000004,-295.09999999993886,15,0,274,Explotacion activa
275,2,SA,trayectoria,112320.0,110154.0,True,False,9900.70000000004,10089.0,-188.29999999995925,40933.0,98536.90000000005,-295.0999999999185,16,1,275,Explotacion activa
276,2,SA,trayectoria,112320.0,110417.0,True,False,10182.70000000004,10377.0,-194.29999999995925,40932.3,97846.60000000002,-292.4399999999471,17,2,276,Explotacion activa
277,2,SA,trayectoria,112320.0,110383.0,True,False,10464.70000000004,10665.0,-200.29999999995925,40898.8,97156.3,-291.29999999995925,18,3,277,Explotacion activa
278,2,SA,trayectoria,112320.0,111401.0,True,False,10746.70000000004,10953.0,-206.29999999995925,40798.7,96466.00000000004,-291.29999999995925,19,4,278,Explotacion activa
279,2,SA,trayectoria,112320.0,110194.0,True,False,11028.70000000004,11241.0,-212.29999999995925,40446.6,95962.86000000003,-291.29999999995925,20,5,279,Explotacion activa
280,2,SA,trayectoria,112320.0,109199.0,True,False,11310.70000000004,11529.0,-218.29999999995925,40251.0,95553.30000000005,-291.29999999995925,21,6,280,Explotacion activa
281,2,SA,trayectoria,112320.0,110227.0,False,False,,,,,,,0,0,1,Llenando ventana
282,2,SA,trayectoria,112320.0,111215.0,False,False,,,,,,,1,0,2,Llenando ventana
283,2,SA,trayectoria,112320.0,110268.0,False,False,,,,,,,2,0,3,Llenando ventana
284,2,SA,trayectoria,112320.0,109030.0,False,False,,,,,,,3,0,4,Llenando ventana
285,2,SA,trayectoria,112320.0,110315.0,False,False,,,,,,,4,0,5,Llenando ventana
286,2,SA,trayectoria,112320.0,111377.0,False,False,,,,,,,5,0,6,Llenando ventana
287,2,SA,trayectoria,112320.0,111289.0,False,False,,,,,,,6,0,7,Llenando ventana
288,2,SA,trayectoria,112320.0,111475.0,False,False,,,,,,,7,0,8,Llenando ventana
289,2,SA,trayectoria,112320.0,111212.0,False,False,,,,,,,8,0,9,Llenando ventana
290,2,SA,trayectoria,112320.0,110601.0,False,False,,,,,,,9,0,10,Llenando ventana
291,2,SA,trayectoria,112320.0,110193.0,False,False,,,,,,,10,0,11,Llenando ventana
292,2,SA,trayectoria,112320.0,110133.0,False,False,,,,,,,11,0,12,Llenando ventana
293,2,SA,trayectoria,112320.0,109961.0,False,False,,,,,,,12,0,13,Llenando ventana
294,2,SA,trayectoria,112320.0,110881.0,False,False,,,,,,,13,0,14,Llenando ventana
295,2,SA,trayectoria,112320.0,110666.0,False,False,,,,,,,14,0,15,Llenando ventana
296,2,SA,trayectoria,112320.0,111101.0,False,False,,,,,,,15,0,16,Llenando ventana
297,2,SA,trayectoria,112320.0,110003.0,False,False,,,,,,,16,0,17,Llenando ventana
298,2,SA,trayectoria,112320.0,111171.0,False,False,,,,,,,17,0,18,Llenando ventana
299,2,SA,trayectoria,112320.0,111470.0,False,False,,,,,,,18,0,19,Llenando ventana
300,2,SA,trayectoria,112320.0,110000.0,False,False,,,,,,,19,0,20,Llenando ventana
301,2,SA,trayectoria,112320.0,110433.0,False,False,,,,,,,20,0,21,Llenando ventana
302,2,SA,trayectoria,112320.0,110399.0,False,False,,,,,,,21,0,22,Llenando ventana
303,2,SA,trayectoria,112320.0,110471.0,False,False,,,,,,,22,0,23,Llenando ventana
304,2,SA,trayectoria,112320.0,110031.0,False,False,,,,,,,23,0,24,Llenando ventana
305,2,SA,trayectoria,112320.0,110473.0,False,False,,,,,,,24,0,25,Llenando ventana
306,2,SA,trayectoria,112320.0,110992.0,False,False,,,,,,,25,0,26,Llenando ventana
307,2,SA,trayectoria,112320.0,111114.0,False,False,,,,,,,26,0,27,Llenando ventana
308,2,SA,trayectoria,112320.0,109806.0,False,False,,,,,,,27,0,28,Llenando ventana
309,2,SA,trayectoria,112320.0,109729.0,False,False,,,,,,,28,0,29,Llenando ventana
310,2,SA,trayectoria,112320.0,110278.0,False,False,,,,,,,29,0,30,Llenando ventana
311,2,SA,trayectoria,112320.0,110357.0,False,False,,,,,,,30,0,31,Llenando ventana
312,2,SA,trayectoria,112320.0,109875.0,False,False,,,,,,,31,0,32,Llenando ventana
313,2,SA,trayectoria,112320.0,109815.0,False,False,,,,,,,32,0,33,Llenando ventana
314,2,SA,trayectoria,112320.0,110885.0,False,False,,,,,,,33,0,34,Llenando ventana
315,2,SA,trayectoria,112320.0,111021.0,False,False,,,-259.0999999999476,,,,34,0,35,Llenando ventana
316,2,SA,trayectoria,112320.0,110542.0,False,False,,,-264.29999999995925,,,,35,0,36,Llenando ventana
317,2,SA,trayectoria,112320.0,110974.0,False,False,,,-269.29999999995925,,,,36,0,37,Llenando ventana
318,2,SA,trayectoria,112626.0,112626.0,False,False,,,-274.0999999999476,,,,37,0,38,Llenando ventana
319,2,SA,trayectoria,112724.0,111801.0,False,False,,,-278.69999999995343,,,,38,0,39,Llenando ventana
320,2,SA,trayectoria,112724.0,112184.0,False,False,,,-283.0999999999476,,,,39,0,40,Llenando ventana
321,2,SA,trayectoria,112724.0,111560.0,False,False,,,-287.29999999995925,,,,40,0,41,Llenando ventana
322,2,SA,trayectoria,112724.0,110732.0,False,False,,,-291.29999999995925,,,,41,0,42,Llenando ventana
323,2,SA,trayectoria,112724.0,111896.0,False,False,,,-295.0999999999476,,,,42,0,43,Llenando ventana
324,2,SA,trayectoria,112742.0,111624.0,False,False,,,-298.69999999995343,,,,43,0,44,Llenando ventana
325,2,SA,trayectoria,112742.0,111406.0,False,False,,,-302.0999999999476,,,,44,0,45,Llenando ventana
326,2,SA,trayectoria,112742.0,110828.0,False,False,,,-305.29999999995925,,,,45,0,46,Llenando ventana
327,2,SA,trayectoria,112742.0,111091.0,False,False,,,-308.29999999995925,,,,46,0,47,Llenando ventana
328,2,SA,trayectoria,112742.0,111182.0,False,False,,,-311.0999999999476,,,,47,0,48,Llenando ventana
329,2,SA,trayectoria,112742.0,110905.0,False,False,,,-313.69999999995343,,,,48,0,49,Llenando ventana
330,2,SA,trayectoria,112742.0,111288.0,False,False,,,-316.0999999999476,,,,49,0,50,Llenando ventana
331,2,SA,trayectoria,112742.0,110790.0,False,False,,,-318.29999999995925,,,,50,0,51,Llenando ventana
332,2,SA,trayectoria,112742.0,111246.0,False,False,,,-320.29999999995925,,,,51,0,52,Llenando ventana
333,2,SA,trayectoria,112742.0,111848.0,False,False,,,-322.0999999999476,,,,52,0,53,Llenando ventana
334,2,SA,trayectoria,112742.0,112401.0,False,False,,,-323.69999999995343,,,,53,0,54,Llenando ventana
335,2,SA,trayectoria,112742.0,111817.0,False,False,,,41.70000000001164,,,,54,0,55,Llenando ventana
336,2,SA,trayectoria,112742.0,111986.0,False,False,,,30.5,,,,55,0,56,Llenando ventana
337,2,SA,trayectoria,112742.0,112157.0,False,False,,,19.5,,,,56,0,57,Llenando ventana
338,2,SA,trayectoria,112742.0,112394.0,False,False,,,8.700000000011642,,,,57,0,58,Llenando ventana
339,2,SA,trayectoria,112752.0,112099.0,False,False,,,-1.8999999999941792,,,,58,0,59,Llenando ventana
340,2,SA,trayectoria,112752.0,111768.0,False,False,,,-12.299999999988358,,,,59,0,60,Llenando ventana
341,2,SA,trayectoria,112752.0,112234.0,False,False,,,-22.5,,,,60,0,61,Llenando ventana
342,2,SA,trayectoria,112752.0,111903.0,False,False,,,-32.5,,,,61,0,62,Llenando ventana
343,2,SA,trayectoria,112752.0,111981.0,False,False,,,-42.29999999998836,,,,62,0,63,Llenando ventana
344,2,SA,trayectoria,112752.0,112126.0,False,False,,,-51.89999999999418,,,,63,0,64,Llenando ventana
345,2,SA,trayectoria,112752.0,112344.0,False,False,,,-61.29999999998836,,,,64,0,65,Llenando ventana
346,2,SA,trayectoria,112905.0,112905.0,False,False,,,-70.5,,,,65,0,66,Llenando ventana
347,2,SA,trayectoria,112905.0,111568.0,False,False,,,-79.5,,,,66,0,67,Llenando ventana
348,2,SA,trayectoria,112905.0,110789.0,False,False,,,-88.29999999998836,,,,67,0,68,Llenando ventana
349,2,SA,trayectoria,112905.0,111685.0,False,False,,,-96.89999999999418,,,,68,0,69,Llenando ventana
350,2,SA,trayectoria,112905.0,112038.0,False,False,,,-105.29999999998836,,,,69,0,70,Llenando ventana
351,2,SA,trayectoria,112905.0,112395.0,False,False,,,-113.5,,,,70,0,71,Llenando ventana
352,2,SA,trayectoria,112905.0,112176.0,False,False,,,-121.5,,,,71,0,72,Llenando ventana
353,2,SA,trayectoria,112905.0,112031.0,False,False,,,-129.29999999998836,,,,72,0,73,Llenando ventana
354,2,SA,trayectoria,112905.0,112123.0,False,False,,,-136.89999999999418,,,,73,0,74,Llenando ventana
355,2,SA,trayectoria,112905.0,112533.0,True,False,277.5,0.0,277.5,7.5,37.5,22.5,74,1,75,Explotacion activa
356,2,SA,trayectoria,112905.0,112507.0,True,False,277.5,0.0,277.5,7.5,37.5,22.5,75,2,76,Explotacion activa
357,2,SA,trayectoria,112905.0,112319.0,True,False,277.5,0.0,277.5,7.5,37.5,22.5,76,3,77,Explotacion activa
358,2,SA,trayectoria,113122.0,113122.0,True,False,277.5,0.0,277.5,7.5,37.5,22.5,77,4,78,Explotacion activa
359,2,SA,trayectoria,113467.0,113467.0,True,False,277.5,0.0,277.5,7.5,37.5,22.5,78,5,79,Explotacion activa
360,2,SA,trayectoria,113763.0,113670.0,True,False,277.5,0.0,277.5,7.5,37.5,22.5,79,6,80,Explotacion activa
361,2,SA,trayectoria,114120.0,114120.0,True,False,277.5,0.0,277.5,7.5,37.5,22.5,80,7,81,Explotacion activa
362,2,SA,trayectoria,114249.0,114249.0,True,False,277.5,0.0,277.5,7.5,37.5,22.5,81,8,82,Explotacion activa
363,2,SA,trayectoria,114412.0,114412.0,True,False,277.5,0.0,277.5,7.5,37.5,22.5,82,9,83,Explotacion activa
364,2,SA,trayectoria,114484.0,114484.0,True,False,277.5,0.0,277.5,0.0,277.5,277.5,83,10,84,Explotacion activa
365,2,SA,trayectoria,114536.0,114519.0,True,False,277.5,0.0,277.5,0.0,277.5,277.5,84,11,85,Explotacion activa
366,2,SA,trayectoria,114644.0,114387.0,True,False,277.5,0.0,277.5,0.0,277.5,277.5,85,12,86,Explotacion activa
367,2,SA,trayectoria,114644.0,114269.0,True,False,277.5,0.0,277.5,0.0,277.5,277.5,86,13,87,Explotacion activa
368,2,SA,trayectoria,114644.0,114604.0,True,False,277.5,0.0,277.5,0.0,277.5,277.5,87,14,88,Explotacion activa
369,2,SA,trayectoria,114877.0,114877.0,True,False,277.5,0.0,277.5,0.0,277.5,277.5,88,15,89,Explotacion activa
370,2,SA,trayectoria,114877.0,114877.0,True,False,277.5,0.0,277.5,0.0,277.5,277.5,89,16,90,Explotacion activa
371,2,SA,trayectoria,114877.0,114446.0,True,False,277.5,0.0,277.5,0.0,277.5,277.5,90,17,91,Explotacion activa
372,2,SA,trayectoria,114877.0,114763.0,True,False,277.5,0.0,277.5,0.0,277.5,277.5,91,18,92,Explotacion activa
373,2,SA,trayectoria,114980.0,114980.0,True,False,277.5,0.0,277.5,0.0,277.5,277.5,92,19,93,Explotacion activa
374,2,SA,trayectoria,114988.0,114988.0,True,False,277.5,0.0,277.5,0.0,277.5,277.5,93,20,94,Explotacion activa
375,2,SA,trayectoria,114988.0,114988.0,True,False,277.5,0.0,277.5,0.0,277.5,277.5,94,21,95,Explotacion activa
376,2,SA,trayectoria,114988.0,114667.0,True,False,277.5,0.0,277.5,0.0,277.5,277.5,95,22,96,Explotacion activa
377,2,SA,trayectoria,115172.0,115119.0,True,False,277.5,0.0,277.5,0.0,277.5,277.5,96,23,97,Explotacion activa
378,2,SA,trayectoria,115284.0,115284.0,True,False,277.5,0.0,277.5,0.0,277.5,277.5,97,24,98,Explotacion activa
379,2,SA,trayectoria,115667.0,115667.0,True,True,277.5,0.0,277.5,0.0,277.5,277.5,98,25,99,ESTANCAMIENTO (Fire)
380,2,SA,trayectoria,115724.0,115724.0,False,False,,,-295.0999999999476,,,,0,0,1,Llenando ventana
381,2,SA,trayectoria,115724.0,115262.0,False,False,,,-298.69999999995343,,,,1,0,2,Llenando ventana
382,2,SA,trayectoria,115724.0,115262.0,False,False,,,-302.0999999999476,,,,2,0,3,Llenando ventana
383,2,SA,trayectoria,115724.0,115458.0,False,False,,,-305.29999999995925,,,,3,0,4,Llenando ventana
384,2,SA,trayectoria,115724.0,115516.0,False,False,,,-308.29999999995925,,,,4,0,5,Llenando ventana
385,2,SA,trayectoria,115724.0,115516.0,False,False,,,-311.0999999999476,,,,5,0,6,Llenando ventana
386,2,SA,trayectoria,115724.0,115633.0,False,False,,,-313.69999999995343,,,,6,0,7,Llenando ventana
387,2,SA,trayectoria,115724.0,115622.0,False,False,,,-316.0999999999476,,,,7,0,8,Llenando ventana
388,2,SA,trayectoria,115737.0,115737.0,False,False,,,-318.29999999995925,,,,8,0,9,Llenando ventana
389,2,SA,trayectoria,115772.0,115624.0,False,False,,,-320.29999999995925,,,,9,0,10,Llenando ventana
390,2,SA,trayectoria,115772.0,115703.0,False,False,,,-322.0999999999476,,,,10,0,11,Llenando ventana
391,2,SA,trayectoria,116040.0,116040.0,False,False,,,-323.69999999995343,,,,11,0,12,Llenando ventana
392,2,SA,trayectoria,116144.0,116144.0,False,False,,,-323.69999999995343,,,,12,0,13,Llenando ventana
393,2,SA,trayectoria,116378.0,116378.0,False,False,,,-316.0999999999476,,,,13,0,14,Llenando ventana
394,2,SA,trayectoria,116378.0,116378.0,False,False,,,-318.29999999995925,,,,14,0,15,Llenando ventana
395,2,SA,trayectoria,116392.0,116392.0,False,False,,,-320.29999999995925,,,,15,0,16,Llenando ventana
396,2,SA,trayectoria,116392.0,116370.0,False,False,,,-322.0999999999476,,,,16,0,17,Llenando ventana
397,2,SA,trayectoria,116392.0,116370.0,False,False,,,-323.69999999995343,,,,17,0,18,Llenando ventana
398,2,SA,trayectoria,116392.0,116392.0,False,False,,,-283.0999999999476,,,,18,0,19,Llenando ventana
399,2,SA,trayectoria,116392.0,116274.0,False,False,,,-287.29999999995925,,,,19,0,20,Llenando ventana
400,2,SA,trayectoria,116392.0,116301.0,False,False,,,-291.29999999995925,,,,20,0,21,Llenando ventana
401,2,SA,trayectoria,116392.0,116301.0,False,False,,,-295.0999999999476,,,,21,0,22,Llenando ventana
402,2,SA,trayectoria,116392.0,116377.0,False,False,,,-298.69999999995343,,,,22,0,23,Llenando ventana
403,2,SA,trayectoria,116402.0,116402.0,False,False,,,-302.0999999999476,,,,23,0,24,Llenando ventana
404,2,SA,trayectoria,116402.0,116402.0,False,False,,,-305.29999999995925,,,,24,0,25,Llenando ventana
405,2,SA,trayectoria,116402.0,116359.0,False,False,,,-308.29999999995925,,,,25,0,26,Llenando ventana
406,2,SA,trayectoria,116402.0,116359.0,False,False,,,-311.0999999999476,,,,26,0,27,Llenando ventana
407,2,SA,trayectoria,116402.0,116309.0,False,False,,,-313.69999999995343,,,,27,0,28,Llenando ventana
408,2,SA,trayectoria,116402.0,116331.0,False,False,,,-316.0999999999476,,,,28,0,29,Llenando ventana
409,2,SA,trayectoria,116402.0,116331.0,False,False,,,-318.29999999995925,,,,29,0,30,Llenando ventana
410,2,SA,trayectoria,116642.0,116642.0,False,False,,,-320.29999999995925,,,,30,0,31,Llenando ventana
411,2,SA,trayectoria,116642.0,116642.0,False,False,,,-322.0999999999476,,,,31,0,32,Llenando ventana
412,2,SA,trayectoria,116642.0,116642.0,False,False,,,-323.69999999995343,,,,32,0,33,Llenando ventana
413,2,SA,trayectoria,116642.0,116642.0,False,False,,,-311.0999999999476,,,,33,0,34,Llenando ventana
414,2,SA,trayectoria,116642.0,116642.0,False,False,,,-313.69999999995343,,,,34,0,35,Llenando ventana
415,2,SA,trayectoria,116733.0,116733.0,False,False,,,-316.0999999999185,,,,35,0,36,Llenando ventana
416,2,SA,trayectoria,116733.0,116733.0,False,False,,,-318.29999999993015,,,,36,0,37,Llenando ventana
417,2,SA,trayectoria,116733.0,116639.0,False,False,,,-320.29999999993015,,,,37,0,38,Llenando ventana
418,2,SA,trayectoria,116733.0,116639.0,False,False,,,-322.0999999999185,,,,38,0,39,Llenando ventana
419,2,SA,trayectoria,116733.0,116676.0,False,False,,,-323.69999999995343,,,,39,0,40,Llenando ventana
420,2,SA,trayectoria,116733.0,116676.0,False,False,,,-295.0999999999185,,,,40,0,41,Llenando ventana
421,2,SA,trayectoria,116733.0,116676.0,False,False,,,-298.69999999995343,,,,41,0,42,Llenando ventana
422,2,SA,trayectoria,116733.0,116676.0,False,False,,,-302.0999999999185,,,,42,0,43,Llenando ventana
423,2,SA,trayectoria,116733.0,116676.0,False,False,,,-305.29999999993015,,,,43,0,44,Llenando ventana
424,2,SA,trayectoria,116733.0,116638.0,False,False,,,-308.29999999993015,,,,44,0,45,Llenando ventana
425,2,SA,trayectoria,116733.0,116708.0,False,False,,,-311.0999999999185,,,,45,0,46,Llenando ventana
426,2,SA,trayectoria,116733.0,116708.0,False,False,,,-313.69999999995343,,,,46,0,47,Llenando ventana
427,2,SA,trayectoria,116733.0,116708.0,False,False,,,-316.0999999999185,,,,47,0,48,Llenando ventana
428,2,SA,trayectoria,116733.0,116708.0,False,False,,,-318.29999999993015,,,,48,0,49,Llenando ventana
429,2,SA,trayectoria,116733.0,116708.0,False,False,,,-320.29999999993015,,,,49,0,50,Llenando ventana
430,2,SA,trayectoria,116879.0,116879.0,False,False,,,-322.0999999999185,,,,50,0,51,Llenando ventana
431,2,SA,trayectoria,116879.0,116879.0,False,False,,,-323.69999999995343,,,,51,0,52,Llenando ventana
432,2,SA,trayectoria,116900.0,116900.0,False,False,,,-323.69999999995343,,,,52,0,53,Llenando ventana
433,2,SA,trayectoria,116900.0,116900.0,False,False,,,-323.69999999995343,,,,53,0,54,Llenando ventana
434,2,SA,trayectoria,117135.0,117135.0,False,False,,,-323.69999999995343,,,,54,0,55,Llenando ventana
435,2,SA,trayectoria,117135.0,117135.0,False,False,,,-323.69999999995343,,,,55,0,56,Llenando ventana
436,2,SA,trayectoria,117135.0,117135.0,False,False,,,-323.69999999995343,,,,56,0,57,Llenando ventana
437,2,SA,trayectoria,117170.0,117170.0,False,False,,,-323.69999999995343,,,,57,0,58,Llenando ventana
438,2,SA,trayectoria,117170.0,117170.0,False,False,,,-323.69999999995343,,,,58,0,59,Llenando ventana
439,2,SA,trayectoria,117221.0,117221.0,False,False,,,-323.69999999995343,,,,59,0,60,Llenando ventana
440,2,SA,trayectoria,117221.0,117221.0,False,False,,,-320.29999999995925,,,,60,0,61,Llenando ventana
441,2,SA,trayectoria,117378.0,117378.0,False,False,,,-322.0999999999476,,,,61,0,62,Llenando ventana
442,2,SA,trayectoria,117378.0,117378.0,False,False,,,-323.69999999995343,,,,62,0,63,Llenando ventana
443,2,SA,trayectoria,117378.0,117378.0,False,False,,,-318.29999999995925,,,,63,0,64,Llenando ventana
444,2,SA,trayectoria,117378.0,117378.0,False,False,,,-320.29999999995925,,,,64,0,65,Llenando ventana
445,2,SA,trayectoria,117378.0,117378.0,False,False,,,-322.0999999999476,,,,65,0,66,Llenando ventana
446,2,SA,trayectoria,117378.0,117378.0,False,False,,,-323.69999999995343,,,,66,0,67,Llenando ventana
447,2,SA,trayectoria,117378.0,117378.0,False,False,,,-323.69999999995343,,,,67,0,68,Llenando ventana
448,2,SA,trayectoria,117378.0,117378.0,False,False,,,-320.29999999995925,,,,68,0,69,Llenando ventana
449,2,SA,trayectoria,117378.0,117378.0,False,False,,,-322.0999999999476,,,,69,0,70,Llenando ventana
450,2,SA,trayectoria,117378.0,117378.0,False,False,,,-323.69999999995343,,,,70,0,71,Llenando ventana
451,2,SA,trayectoria,117378.0,117378.0,False,False,,,-323.69999999995343,,,,71,0,72,Llenando ventana
452,2,SA,trayectoria,117378.0,117378.0,False,False,,,-323.69999999995343,,,,72,0,73,Llenando ventana
453,2,SA,trayectoria,117378.0,117378.0,False,False,,,-323.69999999995343,,,,73,0,74,Llenando ventana
454,2,SA,trayectoria,117378.0,117378.0,True,False,277.5,0.0,277.5,7.5,37.5,22.5,74,1,75,Explotacion activa
455,2,SA,trayectoria,117378.0,117378.0,True,False,277.5,0.0,277.5,7.5,37.5,22.5,75,2,76,Explotacion activa
456,2,SA,trayectoria,117378.0,117378.0,True,False,277.5,0.0,277.5,7.5,37.5,22.5,76,3,77,Explotacion activa
457,2,SA,trayectoria,117378.0,117378.0,True,False,277.5,0.0,277.5,7.5,37.5,22.5,77,4,78,Explotacion activa
458,2,SA,trayectoria,117378.0,117378.0,True,False,277.5,0.0,277.5,7.5,37.5,22.5,78,5,79,Explotacion activa
459,2,SA,trayectoria,117378.0,117378.0,True,False,277.5,0.0,277.5,7.5,37.5,22.5,79,6,80,Explotacion activa
460,2,SA,trayectoria,117378.0,117378.0,True,False,277.5,0.0,277.5,7.5,37.5,22.5,80,7,81,Explotacion activa
461,2,SA,trayectoria,117378.0,117378.0,True,False,277.5,0.0,277.5,7.5,37.5,22.5,81,8,82,Explotacion activa
462,2,SA,trayectoria,117378.0,117378.0,True,False,277.5,0.0,277.5,7.5,37.5,22.5,82,9,83,Explotacion activa
463,2,SA,trayectoria,117378.0,117378.0,True,False,277.5,0.0,277.5,0.0,277.5,277.5,83,10,84,Explotacion activa
464,2,SA,trayectoria,117378.0,117378.0,True,False,277.5,0.0,277.5,0.0,277.5,277.5,84,11,85,Explotacion activa
465,2,SA,trayectoria,117378.0,117378.0,True,False,277.5,0.0,277.5,0.0,277.5,277.5,85,12,86,Explotacion activa
466,2,SA,trayectoria,117378.0,117378.0,True,False,277.5,0.0,277.5,0.0,277.5,277.5,86,13,87,Explotacion activa
467,2,SA,trayectoria,117378.0,117378.0,True,False,277.5,0.0,277.5,0.0,277.5,277.5,87,14,88,Explotacion activa
468,2,SA,trayectoria,117378.0,117378.0,True,False,277.5,0.0,277.5,0.0,277.5,277.5,88,15,89,Explotacion activa
469,2,SA,trayectoria,117378.0,117378.0,True,False,277.5,0.0,277.5,0.0,277.5,277.5,89,16,90,Explotacion activa
470,2,SA,trayectoria,117378.0,117378.0,True,False,277.5,0.0,277.5,0.0,277.5,277.5,90,17,91,Explotacion activa
471,2,SA,trayectoria,117378.0,117378.0,True,False,277.5,0.0,277.5,0.0,277.5,277.5,91,18,92,Explotacion activa
472,2,SA,trayectoria,117378.0,117378.0,True,False,277.5,0.0,277.5,0.0,277.5,277.5,92,19,93,Explotacion activa
473,2,SA,trayectoria,117384.0,117384.0,True,False,277.5,0.0,277.5,0.0,277.5,277.5,93,20,94,Explotacion activa
474,2,SA,trayectoria,117526.0,117526.0,True,False,277.5,0.0,277.5,0.0,277.5,277.5,94,21,95,Explotacion activa
475,2,SA,trayectoria,117526.0,117526.0,True,False,277.5,0.0,277.5,0.0,277.5,277.5,95,22,96,Explotacion activa
476,2,SA,trayectoria,117526.0,117526.0,True,False,277.5,0.0,277.5,0.0,277.5,277.5,96,23,97,Explotacion activa
477,2,SA,trayectoria,117558.0,117558.0,True,False,277.5,0.0,277.5,0.0,277.5,277.5,97,24,98,Explotacion activa
478,2,SA,trayectoria,117558.0,117558.0,True,True,277.5,0.0,277.5,0.0,277.5,277.5,98,25,99,ESTANCAMIENTO (Fire)
479,2,SA,trayectoria,117558.0,117558.0,False,False,,,-316.0999999999476,,,,0,0,0,Llenando ventana
480,2,SA,trayectoria,117558.0,117558.0,False,False,,,-318.29999999995925,,,,0,0,0,Llenando ventana
481,2,SA,trayectoria,117564.0,117564.0,False,False,,,-320.29999999995925,,,,0,0,0,Llenando ventana
482,2,SA,trayectoria,117564.0,117564.0,False,False,,,-322.0999999999476,,,,0,0,0,Llenando ventana
483,2,SA,trayectoria,117564.0,117564.0,False,False,,,-323.69999999995343,,,,0,0,0,Llenando ventana
484,2,SA,trayectoria,117564.0,117564.0,False,False,,,-316.0999999999476,,,,0,0,0,Llenando ventana
485,2,SA,trayectoria,117564.0,117564.0,False,False,,,-318.29999999995925,,,,0,0,0,Llenando ventana
486,2,SA,trayectoria,117564.0,117564.0,False,False,,,-320.29999999995925,,,,0,0,0,Llenando ventana
487,2,SA,trayectoria,117564.0,117564.0,False,False,,,-322.0999999999476,,,,0,0,0,Llenando ventana
488,2,SA,trayectoria,117564.0,117564.0,False,False,,,-323.69999999995343,,,,0,0,0,Llenando ventana
489,2,SA,trayectoria,117564.0,117564.0,False,False,,,-283.0999999999476,,,,0,0,0,Llenando ventana
490,2,SA,trayectoria,117639.0,117639.0,False,False,,,-287.29999999995925,,,,0,0,0,Llenando ventana
491,2,SA,trayectoria,117639.0,117639.0,False,False,,,-291.29999999995925,,,,0,0,0,Llenando ventana
492,2,SA,trayectoria,117639.0,117639.0,False,False,,,-295.0999999999476,,,,0,0,0,Llenando ventana
493,2,SA,trayectoria,117639.0,117639.0,False,False,,,-298.69999999995343,,,,0,0,0,Llenando ventana
494,2,SA,trayectoria,117639.0,117639.0,False,False,,,-302.0999999999476,,,,0,0,0,Llenando ventana
495,2,SA,trayectoria,117639.0,117639.0,False,False,,,-305.29999999995925,,,,0,0,0,Llenando ventana
496,2,SA,trayectoria,117639.0,117639.0,False,False,,,-308.29999999995925,,,,0,0,0,Llenando ventana
497,2,SA,trayectoria,117639.0,117639.0,False,False,,,-311.0999999999476,,,,0,0,0,Llenando ventana
498,2,SA,trayectoria,117639.0,117639.0,False,False,,,-313.69999999995343,,,,0,0,0,Llenando ventana
499,2,SA,trayectoria,117666.0,117666.0,False,False,,,-316.0999999999476,,,,0,0,0,Llenando ventana
500,2,SA,trayectoria,117666.0,117666.0,False,False,,,-318.29999999995925,,,,0,0,0,Llenando ventana
501,2,SA,trayectoria,117666.0,117666.0,False,False,,,-320.29999999995925,,,,0,0,0,Llenando ventana
502,2,SA,trayectoria,117666.0,117666.0,False,False,,,-322.0999999999476,,,,0,0,0,Llenando ventana
503,2,SA,trayectoria,117666.0,117666.0,False,False,,,-323.69999999995343,,,,0,0,0,Llenando ventana
504,2,SA,trayectoria,117666.0,117666.0,False,False,,,-322.0999999999476,,,,0,0,0,Llenando ventana
505,2,SA,trayectoria,117666.0,117666.0,False,False,,,-323.69999999995343,,,,0,0,0,Llenando ventana
506,2,SA,trayectoria,117666.0,117666.0,False,False,,,-322.0999999999476,,,,0,0,0,Llenando ventana
507,2,SA,trayectoria,117666.0,117666.0,False,False,,,-323.69999999995343,,,,0,0,0,Llenando ventana
508,2,SA,trayectoria,117666.0,117666.0,False,False,,,-320.29999999995925,,,,0,0,0,Llenando ventana
509,2,SA,trayectoria,117666.0,117666.0,False,False,,,-322.0999999999476,,,,0,0,0,Llenando ventana
510,2,SA,trayectoria,117666.0,117666.0,False,False,,,-323.69999999995343,,,,0,0,0,Llenando ventana
511,2,SA,trayectoria,117666.0,117666.0,False,False,,,-322.0999999999476,,,,0,0,0,Llenando ventana
512,2,SA,trayectoria,117666.0,117666.0,False,False,,,-323.69999999995343,,,,0,0,0,Llenando ventana
513,2,SA,trayectoria,117666.0,117666.0,False,False,,,-322.0999999999476,,,,0,0,0,Llenando ventana
514,2,SA,trayectoria,117666.0,117666.0,False,False,,,-323.69999999995343,,,,0,0,0,Llenando ventana
515,2,SA,trayectoria,117666.0,117666.0,False,False,,,-188.29999999995925,,,,0,0,0,Llenando ventana
516,2,SA,trayectoria,117666.0,117666.0,False,False,,,-194.29999999995925,,,,0,0,0,Llenando ventana
517,2,SA,trayectoria,117666.0,117666.0,False,False,,,-200.29999999995925,,,,0,0,0,Llenando ventana
518,2,SA,trayectoria,117666.0,117666.0,False,False,,,-206.29999999995925,,,,0,0,0,Llenando ventana
519,2,SA,trayectoria,117666.0,117666.0,False,False,,,-212.29999999995925,,,,0,0,0,Llenando ventana
520,2,SA,trayectoria,117666.0,117666.0,False,False,,,-218.29999999995925,,,,0,0,0,Llenando ventana
521,3,PSO,poblacional,117666.0,117666.0,False,False,,,,,,,0,0,0,Llenando ventana
522,3,PSO,poblacional,117666.0,117666.0,False,False,,,,,,,0,0,0,Llenando ventana
523,3,PSO,poblacional,117666.0,117666.0,False,False,,,,,,,0,0,0,Llenando ventana
524,3,PSO,poblacional,117666.0,117666.0,False,False,,,,,,,0,0,0,Llenando ventana
525,3,PSO,poblacional,117666.0,117666.0,False,False,,,,,,,0,0,0,Llenando ventana
526,3,PSO,poblacional,117666.0,117666.0,False,False,,,,,,,0,0,0,Llenando ventana
527,3,PSO,poblacional,117666.0,117666.0,False,False,,,,,,,0,0,0,Llenando ventana
528,3,PSO,poblacional,117666.0,117666.0,False,False,,,,,,,0,0,0,Llenando ventana
529,3,PSO,poblacional,117666.0,117666.0,False,False,,,,,,,0,0,0,Llenando ventana
530,3,PSO,poblacional,117666.0,117666.0,False,False,,,,,,,0,0,0,Llenando ventana
531,3,PSO,poblacional,117666.0,117666.0,False,False,,,,,,,0,0,0,Llenando ventana
532,3,PSO,poblacional,117666.0,117666.0,False,False,,,,,,,0,0,0,Llenando ventana
533,3,PSO,poblacional,117666.0,117666.0,False,False,,,,,,,0,0,0,Llenando ventana
534,3,PSO,poblacional,117666.0,117666.0,False,False,,,,,,,0,0,0,Llenando ventana
535,3,PSO,poblacional,117666.0,117666.0,False,False,,,,,,,0,0,0,Llenando ventana
536,3,PSO,poblacional,117666.0,117666.0,False,False,,,,,,,0,0,0,Llenando ventana
537,3,PSO,poblacional,117666.0,117666.0,False,False,,,,,,,0,0,0,Llenando ventana
538,3,PSO,poblacional,117666.0,117666.0,False,False,,,,,,,0,0,0,Llenando ventana
539,3,PSO,poblacional,117666.0,117666.0,False,False,,,,,,,0,0,0,Llenando ventana
540,3,PSO,poblacional,117666.0,117666.0,False,False,,,,,,,0,0,0,Llenando ventana
541,3,PSO,poblacional,117666.0,117666.0,False,False,,,,,,,0,0,0,Llenando ventana
542,3,PSO,poblacional,117666.0,117666.0,False,False,,,,,,,0,0,0,Llenando ventana
543,3,PSO,poblacional,117666.0,117666.0,False,False,,,,,,,0,0,0,Llenando ventana
544,3,PSO,poblacional,117666.0,117666.0,False,False,,,,,,,0,0,0,Llenando ventana
545,3,PSO,poblacional,117666.0,117666.0,False,False,,,,,,,0,0,0,Llenando ventana
546,3,PSO,poblacional,117666.0,117666.0,False,False,,,,,,,0,0,0,Llenando ventana
547,3,PSO,poblacional,117666.0,117666.0,False,False,,,,,,,0,0,0,Llenando ventana
548,3,PSO,poblacional,117666.0,117666.0,False,False,,,,,,,0,0,0,Llenando ventana
549,3,PSO,poblacional,117666.0,117666.0,False,False,,,,,,,0,0,0,Llenando ventana
550,3,PSO,poblacional,117666.0,117666.0,False,False,,,,,,,0,0,0,Llenando ventana
551,3,PSO,poblacional,117666.0,117666.0,False,False,,,,,,,0,0,0,Llenando ventana
552,3,PSO,poblacional,117666.0,117666.0,False,False,,,,,,,0,0,0,Llenando ventana
553,3,PSO,poblacional,117666.0,117666.0,False,False,,,,,,,0,0,0,Llenando ventana
554,3,PSO,poblacional,117666.0,117666.0,False,False,,,,,,,0,0,0,Llenando ventana
555,3,PSO,poblacional,117666.0,117666.0,False,False,,,,,,,0,0,0,Llenando ventana
556,3,PSO,poblacional,117666.0,117666.0,False,False,,,,,,,0,0,0,Llenando ventana
557,3,PSO,poblacional,117666.0,117666.0,False,False,,,,,,,0,0,0,Llenando ventana
558,3,PSO,poblacional,117666.0,117666.0,False,False,,,,,,,0,0,0,Llenando ventana
559,3,PSO,poblacional,117666.0,117666.0,False,False,,,,,,,0,0,0,Llenando ventana
560,3,PSO,poblacional,117666.0,117666.0,False,False,,,,,,,0,0,0,Llenando ventana
561,3,PSO,poblacional,117666.0,117666.0,False,False,,,,,,,0,0,0,Llenando ventana
562,3,PSO,poblacional,117666.0,117666.0,False,False,,,,,,,0,0,0,Llenando ventana
563,3,PSO,poblacional,117666.0,117666.0,False,False,,,,,,,0,0,0,Llenando ventana
564,3,PSO,poblacional,117666.0,117666.0,False,False,,,,,,,0,0,0,Llenando ventana
565,3,PSO,poblacional,117666.0,117666.0,False,False,,,,,,,0,0,0,Llenando ventana
566,3,PSO,poblacional,117666.0,117666.0,False,False,,,,,,,0,0,0,Llenando ventana
567,3,PSO,poblacional,117666.0,117666.0,False,False,,,,,,,0,0,0,Llenando ventana
568,3,PSO,poblacional,117666.0,117666.0,False,False,,,,,,,0,0,0,Llenando ventana
569,3,PSO,poblacional,117666.0,117666.0,False,False,,,,,,,0,0,0,Llenando ventana
570,3,PSO,poblacional,117666.0,117666.0,False,False,,,,,,,0,0,0,Llenando ventana
571,3,PSO,poblacional,117666.0,117666.0,False,False,,,,,,,0,0,0,Llenando ventana
572,3,PSO,poblacional,117666.0,117666.0,False,False,,,,,,,0,0,0,Llenando ventana
573,3,PSO,poblacional,117666.0,117666.0,False,False,,,,,,,0,0,0,Llenando ventana
574,3,PSO,poblacional,117666.0,117666.0,False,False,,,,,,,0,0,0,Llenando ventana
575,3,PSO,poblacional,117666.0,117666.0,False,False,,,,,,,0,0,0,Llenando ventana
576,3,PSO,poblacional,117666.0,117666.0,False,False,,,,,,,0,0,0,Llenando ventana
577,3,PSO,poblacional,117666.0,117666.0,False,False,,,,,,,0,0,0,Llenando ventana
578,3,PSO,poblacional,117666.0,117666.0,False,False,,,,,,,0,0,0,Llenando ventana
579,3,PSO,poblacional,117666.0,117666.0,False,False,,,,,,,0,0,0,Llenando ventana
580,3,PSO,poblacional,117666.0,117666.0,False,False,,,,,,,0,0,0,Llenando ventana
581,3,PSO,poblacional,117666.0,117666.0,False,False,,,,,,,0,0,0,Llenando ventana
582,3,PSO,poblacional,117666.0,117666.0,False,False,,,,,,,0,0,0,Llenando ventana
583,3,PSO,poblacional,117666.0,117666.0,False,False,,,,,,,0,0,0,Llenando ventana
584,3,PSO,poblacional,117666.0,117666.0,False,False,,,,,,,0,0,0,Llenando ventana
585,3,PSO,poblacional,117666.0,117666.0,False,False,,,,,,,0,0,0,Llenando ventana
586,3,PSO,poblacional,117666.0,117666.0,False,False,,,,,,,0,0,0,Llenando ventana
587,3,PSO,poblacional,117666.0,117666.0,False,False,,,,,,,0,0,0,Llenando ventana
588,3,PSO,poblacional,117666.0,117666.0,False,False,,,,,,,0,0,0,Llenando ventana
589,3,PSO,poblacional,117666.0,117666.0,False,False,,,,,,,0,0,0,Llenando ventana
590,3,PSO,poblacional,117666.0,117666.0,False,False,,,,,,,0,0,0,Llenando ventana
591,3,PSO,poblacional,117666.0,117666.0,False,False,,,,,,,0,0,0,Llenando ventana
592,3,PSO,poblacional,117666.0,117666.0,False,False,,,,,,,0,0,0,Llenando ventana
593,3,PSO,poblacional,117666.0,117666.0,False,False,,,,,,,0,0,0,Llenando ventana
594,3,PSO,poblacional,117666.0,117666.0,False,False,,,,,,,0,0,0,Llenando ventana
595,3,PSO,poblacional,117666.0,117666.0,False,False,,,277.5,,,,0,0,0,Llenando ventana
596,3,PSO,poblacional,117666.0,117666.0,False,False,,,277.5,,,,0,0,0,Llenando ventana
597,3,PSO,poblacional,117666.0,117666.0,False,False,,,277.5,,,,0,0,0,Llenando ventana
598,3,PSO,poblacional,117666.0,117666.0,False,False,,,277.5,,,,0,0,0,Llenando ventana
599,3,PSO,poblacional,117666.0,117666.0,False,False,,,277.5,,,,0,0,0,Llenando ventana
600,3,PSO,poblacional,117666.0,117666.0,False,False,,,277.5,,,,0,0,0,Llenando ventana
601,3,PSO,poblacional,117666.0,117666.0,False,False,,,277.5,,,,0,0,0,Llenando ventana
602,3,PSO,poblacional,117666.0,117666.0,False,False,,,277.5,,,,0,0,0,Llenando ventana
603,3,PSO,poblacional,117666.0,117666.0,False,False,,,277.5,,,,0,0,0,Llenando ventana
604,3,PSO,poblacional,117666.0,117666.0,False,False,,,277.5,,,,0,0,0,Llenando ventana
605,3,PSO,poblacional,117666.0,117666.0,False,False,,,277.5,,,,0,0,0,Llenando ventana
606,3,PSO,poblacional,117666.0,117666.0,False,False,,,277.5,,,,0,0,0,Llenando ventana
607,3,PSO,poblacional,117666.0,117666.0,False,False,,,277.5,,,,0,0,0,Llenando ventana
608,3,PSO,poblacional,117666.0,117666.0,False,False,,,277.5,,,,0,0,0,Llenando ventana
609,3,PSO,poblacional,117666.0,117666.0,False,False,,,277.5,,,,0,0,0,Llenando ventana
610,3,PSO,poblacional,117666.0,117666.0,False,False,,,277.5,,,,0,0,0,Llenando ventana
611,3,PSO,poblacional,117666.0,117666.0,False,False,,,277.5,,,,0,0,0,Llenando ventana
612,3,PSO,poblacional,117666.0,117666.0,False,False,,,277.5,,,,0,0,0,Llenando ventana
613,3,PSO,poblacional,117666.0,117666.0,False,False,,,277.5,,,,0,0,0,Llenando ventana
614,3,PSO,poblacional,117666.0,117666.0,False,False,,,277.5,,,,0,0,0,Llenando ventana
615,3,PSO,poblacional,117666.0,117666.0,False,False,,,277.5,,,,0,0,0,Llenando ventana
616,3,PSO,poblacional,117666.0,117666.0,False,False,,,277.5,,,,0,0,0,Llenando ventana
617,3,PSO,poblacional,117666.0,117666.0,False,False,,,277.5,,,,0,0,0,Llenando ventana
618,3,PSO,poblacional,117666.0,117666.0,False,False,,,277.5,,,,0,0,0,Llenando ventana
619,3,PSO,poblacional,117666.0,117666.0,False,False,,,277.5,,,,0,0,0,Llenando ventana
620,4,SA,trayectoria,117666.0,111609.0,False,False,,,,,,,0,0,0,Llenando ventana
621,4,SA,trayectoria,117666.0,110696.0,False,False,,,,,,,0,0,0,Llenando ventana
622,4,SA,trayectoria,117666.0,111117.0,False,False,,,,,,,0,0,0,Llenando ventana
623,4,SA,trayectoria,117666.0,111010.0,False,False,,,,,,,0,0,0,Llenando ventana
624,4,SA,trayectoria,117666.0,110108.0,False,False,,,,,,,0,0,0,Llenando ventana
625,4,SA,trayectoria,117666.0,110170.0,False,False,,,,,,,0,0,0,Llenando ventana
626,4,SA,trayectoria,117666.0,108900.0,False,False,,,,,,,0,0,0,Llenando ventana
627,4,SA,trayectoria,117666.0,110155.0,False,False,,,,,,,0,0,0,Llenando ventana
628,4,SA,trayectoria,117666.0,108233.0,False,False,,,,,,,0,0,0,Llenando ventana
629,4,SA,trayectoria,117666.0,110085.0,False,False,,,,,,,0,0,0,Llenando ventana
630,4,SA,trayectoria,117666.0,110739.0,False,False,,,,,,,0,0,0,Llenando ventana
631,4,SA,trayectoria,117666.0,110181.0,False,False,,,,,,,0,0,0,Llenando ventana
632,4,SA,trayectoria,117666.0,110256.0,False,False,,,,,,,0,0,0,Llenando ventana
633,4,SA,trayectoria,117666.0,110165.0,False,False,,,,,,,0,0,0,Llenando ventana
634,4,SA,trayectoria,117666.0,110745.0,False,False,,,,,,,0,0,0,Llenando ventana
635,4,SA,trayectoria,117666.0,109427.0,False,False,,,,,,,0,0,0,Llenando ventana
636,4,SA,trayectoria,117666.0,109944.0,False,False,,,,,,,0,0,0,Llenando ventana
637,4,SA,trayectoria,117666.0,109916.0,False,False,,,,,,,0,0,0,Llenando ventana
638,4,SA,trayectoria,117666.0,109980.0,False,False,,,,,,,0,0,0,Llenando ventana
639,4,SA,trayectoria,117666.0,109653.0,False,False,,,,,,,0,0,0,Llenando ventana
640,4,SA,trayectoria,117666.0,109962.0,False,False,,,,,,,0,0,0,Llenando ventana
641,4,SA,trayectoria,117666.0,109472.0,False,False,,,,,,,0,0,0,Llenando ventana
642,4,SA,trayectoria,117666.0,109346.0,False,False,,,,,,,0,0,0,Llenando ventana
643,4,SA,trayectoria,117666.0,109799.0,False,False,,,,,,,0,0,0,Llenando ventana
644,4,SA,trayectoria,117666.0,109167.0,False,False,,,,,,,0,0,0,Llenando ventana
645,4,SA,trayectoria,117666.0,108681.0,False,False,,,,,,,0,0,0,Llenando ventana
646,4,SA,trayectoria,117666.0,109732.0,False,False,,,,,,,0,0,0,Llenando ventana
647,4,SA,trayectoria,117666.0,109557.0,False,False,,,,,,,0,0,0,Llenando ventana
648,4,SA,trayectoria,117666.0,110056.0,False,False,,,,,,,0,0,0,Llenando ventana
649,4,SA,trayectoria,117666.0,110765.0,False,False,,,,,,,0,0,0,Llenando ventana
650,4,SA,trayectoria,117666.0,111126.0,False,False,,,,,,,0,0,0,Llenando ventana
651,4,SA,trayectoria,117666.0,110126.0,False,False,,,,,,,0,0,0,Llenando ventana
652,4,SA,trayectoria,117666.0,108881.0,False,False,,,,,,,0,0,0,Llenando ventana
653,4,SA,trayectoria,117666.0,109472.0,False,False,,,,,,,0,0,0,Llenando ventana
654,4,SA,trayectoria,117666.0,110886.0,False,False,,,,,,,0,0,0,Llenando ventana
655,4,SA,trayectoria,117666.0,110048.0,False,False,,,,,,,0,0,0,Llenando ventana
656,4,SA,trayectoria,117666.0,109702.0,False,False,,,,,,,0,0,0,Llenando ventana
657,4,SA,trayectoria,117666.0,110012.0,False,False,,,,,,,0,0,0,Llenando ventana
658,4,SA,trayectoria,117666.0,110475.0,False,False,,,,,,,0,0,0,Llenando ventana
659,4,SA,trayectoria,117666.0,109744.0,False,False,,,,,,,0,0,0,Llenando ventana
660,4,SA,trayectoria,117666.0,108960.0,False,False,,,,,,,0,0,0,Llenando ventana
661,4,SA,trayectoria,117666.0,110193.0,False,False,,,,,,,0,0,0,Llenando ventana
662,4,SA,trayectoria,117666.0,109913.0,False,False,,,,,,,0,0,0,Llenando ventana
663,4,SA,trayectoria,117666.0,109790.0,False,False,,,,,,,0,0,0,Llenando ventana
664,4,SA,trayectoria,117666.0,110673.0,False,False,,,,,,,0,0,0,Llenando ventana
665,4,SA,trayectoria,117666.0,110915.0,False,False,,,,,,,0,0,0,Llenando ventana
666,4,SA,trayectoria,117666.0,111257.0,False,False,,,,,,,0,0,0,Llenando ventana
667,4,SA,trayectoria,117666.0,110217.0,False,False,,,,,,,0,0,0,Llenando ventana
668,4,SA,trayectoria,117666.0,110027.0,False,False,,,,,,,0,0,0,Llenando ventana
669,4,SA,trayectoria,117666.0,110383.0,False,False,,,,,,,0,0,0,Llenando ventana
670,4,SA,trayectoria,117666.0,110397.0,False,False,,,,,,,0,0,0,Llenando ventana
671,4,SA,trayectoria,117666.0,111400.0,False,False,,,,,,,0,0,0,Llenando ventana
672,4,SA,trayectoria,117666.0,110010.0,False,False,,,,,,,0,0,0,Llenando ventana
673,4,SA,trayectoria,117666.0,109950.0,False,False,,,,,,,0,0,0,Llenando ventana
674,4,SA,trayectoria,117666.0,109808.0,False,False,,,,,,,0,0,0,Llenando ventana
675,4,SA,trayectoria,117666.0,109743.0,False,False,,,,,,,0,0,0,Llenando ventana
676,4,SA,trayectoria,117666.0,109653.0,False,False,,,,,,,0,0,0,Llenando ventana
677,4,SA,trayectoria,117666.0,109792.0,False,False,,,,,,,0,0,0,Llenando ventana
678,4,SA,trayectoria,117666.0,109689.0,False,False,,,,,,,0,0,0,Llenando ventana
679,4,SA,trayectoria,117666.0,110518.0,False,False,,,,,,,0,0,0,Llenando ventana
680,4,SA,trayectoria,117666.0,110267.0,False,False,,,,,,,0,0,0,Llenando ventana
681,4,SA,trayectoria,117666.0,109564.0,False,False,,,,,,,0,0,0,Llenando ventana
682,4,SA,trayectoria,117666.0,111275.0,False,False,,,,,,,0,0,0,Llenando ventana
683,4,SA,trayectoria,117666.0,110655.0,False,False,,,,,,,0,0,0,Llenando ventana
684,4,SA,trayectoria,117666.0,110145.0,False,False,,,,,,,0,0,0,Llenando ventana
685,4,SA,trayectoria,117666.0,109872.0,False,False,,,,,,,0,0,0,Llenando ventana
686,4,SA,trayectoria,117666.0,110124.0,False,False,,,,,,,0,0,0,Llenando ventana
687,4,SA,trayectoria,117666.0,109566.0,False,False,,,,,,,0,0,0,Llenando ventana
688,4,SA,trayectoria,117666.0,111127.0,False,False,,,,,,,0,0,0,Llenando ventana
689,4,SA,trayectoria,117666.0,110114.0,False,False,,,,,,,0,0,0,Llenando ventana
690,4,SA,trayectoria,117666.0,110712.0,False,False,,,,,,,0,0,0,Llenando ventana
691,4,SA,trayectoria,117666.0,110973.0,False,False,,,,,,,0,0,0,Llenando ventana
692,4,SA,trayectoria,117666.0,110151.0,False,False,,,,,,,0,0,0,Llenando ventana
693,4,SA,trayectoria,117666.0,110723.0,False,False,,,,,,,0,0,0,Llenando ventana
694,4,SA,trayectoria,117666.0,110307.0,False,False,,,277.5,,,,0,0,0,Llenando ventana
695,4,SA,trayectoria,117666.0,111047.0,False,False,,,277.5,,,,0,0,0,Llenando ventana
696,4,SA,trayectoria,117666.0,111401.0,False,False,,,277.5,,,,0,0,0,Llenando ventana
697,4,SA,trayectoria,117666.0,110452.0,False,False,,,277.5,,,,0,0,0,Llenando ventana
698,4,SA,trayectoria,117666.0,111316.0,False,False,,,277.5,,,,0,0,0,Llenando ventana
699,4,SA,trayectoria,117666.0,110499.0,False,False,,,277.5,,,,0,0,0,Llenando ventana
700,4,SA,trayectoria,117666.0,111198.0,False,False,,,277.5,,,,0,0,0,Llenando ventana
701,4,SA,trayectoria,117666.0,111327.0,False,False,,,277.5,,,,0,0,0,Llenando ventana
702,4,SA,trayectoria,117666.0,111289.0,False,False,,,277.5,,,,0,0,0,Llenando ventana
703,4,SA,trayectoria,117666.0,111120.0,False,False,,,277.5,,,,0,0,0,Llenando ventana
704,4,SA,trayectoria,117666.0,110952.0,False,False,,,277.5,,,,0,0,0,Llenando ventana
705,4,SA,trayectoria,117666.0,110526.0,False,False,,,277.5,,,,0,0,0,Llenando ventana
706,4,SA,trayectoria,117666.0,111415.0,False,False,,,277.5,,,,0,0,0,Llenando ventana
707,4,SA,trayectoria,117666.0,111134.0,False,False,,,277.5,,,,0,0,0,Llenando ventana
708,4,SA,trayectoria,117666.0,110833.0,False,False,,,277.5,,,,0,0,0,Llenando ventana
709,4,SA,trayectoria,117666.0,110664.0,False,False,,,277.5,,,,0,0,0,Llenando ventana
710,4,SA,trayectoria,117666.0,111067.0,False,False,,,277.5,,,,0,0,0,Llenando ventana
711,4,SA,trayectoria,117666.0,110880.0,False,False,,,277.5,,,,0,0,0,Llenando ventana
712,4,SA,trayectoria,117666.0,111145.0,False,False,,,277.5,,,,0,0,0,Llenando ventana
713,4,SA,trayectoria,117666.0,111576.0,False,False,,,277.5,,,,0,0,0,Llenando ventana
714,4,SA,trayectoria,117666.0,111437.0,False,False,,,277.5,,,,0,0,0,Llenando ventana
715,4,SA,trayectoria,117666.0,111779.0,False,False,,,277.5,,,,0,0,0,Llenando ventana
716,4,SA,trayectoria,117666.0,111590.0,False,False,,,277.5,,,,0,0,0,Llenando ventana
717,4,SA,trayectoria,117666.0,110626.0,False,False,,,277.5,,,,0,0,0,Llenando ventana
718,4,SA,trayectoria,117666.0,110711.0,False,False,,,277.5,,,,0,0,0,Llenando ventana
719,5,PSO,poblacional,117666.0,117666.0,False,False,,,,,,,0,0,0,Llenando ventana
720,5,PSO,poblacional,117666.0,117666.0,False,False,,,,,,,0,0,0,Llenando ventana
721,5,PSO,poblacional,117666.0,117666.0,False,False,,,,,,,0,0,0,Llenando ventana
722,5,PSO,poblacional,117666.0,117666.0,False,False,,,,,,,0,0,0,Llenando ventana
723,5,PSO,poblacional,117666.0,117666.0,False,False,,,,,,,0,0,0,Llenando ventana
724,5,PSO,poblacional,117666.0,117666.0,False,False,,,,,,,0,0,0,Llenando ventana
725,5,PSO,poblacional,117666.0,117666.0,False,False,,,,,,,0,0,0,Llenando ventana
726,5,PSO,poblacional,117666.0,117666.0,False,False,,,,,,,0,0,0,Llenando ventana
727,5,PSO,poblacional,117666.0,117666.0,False,False,,,,,,,0,0,0,Llenando ventana
728,5,PSO,poblacional,117666.0,117666.0,False,False,,,,,,,0,0,0,Llenando ventana
729,5,PSO,poblacional,117666.0,117666.0,False,False,,,,,,,0,0,0,Llenando ventana
730,5,PSO,poblacional,117666.0,117666.0,False,False,,,,,,,0,0,0,Llenando ventana
731,5,PSO,poblacional,117666.0,117666.0,False,False,,,,,,,0,0,0,Llenando ventana
732,5,PSO,poblacional,117666.0,117666.0,False,False,,,,,,,0,0,0,Llenando ventana
733,5,PSO,poblacional,117666.0,117666.0,False,False,,,,,,,0,0,0,Llenando ventana
734,5,PSO,poblacional,117666.0,117666.0,False,False,,,,,,,0,0,0,Llenando ventana
735,5,PSO,poblacional,117666.0,117666.0,False,False,,,,,,,0,0,0,Llenando ventana
736,5,PSO,poblacional,117666.0,117666.0,False,False,,,,,,,0,0,0,Llenando ventana
737,5,PSO,poblacional,117666.0,117666.0,False,False,,,,,,,0,0,0,Llenando ventana
738,5,PSO,poblacional,117666.0,117666.0,False,False,,,,,,,0,0,0,Llenando ventana
739,5,PSO,poblacional,117666.0,117666.0,False,False,,,,,,,0,0,0,Llenando ventana
740,5,PSO,poblacional,117666.0,117666.0,False,False,,,,,,,0,0,0,Llenando ventana
741,5,PSO,poblacional,117666.0,117666.0,False,False,,,,,,,0,0,0,Llenando ventana
742,5,PSO,poblacional,117666.0,117666.0,False,False,,,,,,,0,0,0,Llenando ventana
743,5,PSO,poblacional,117666.0,117666.0,False,False,,,,,,,0,0,0,Llenando ventana
744,5,PSO,poblacional,117666.0,117666.0,False,False,,,,,,,0,0,0,Llenando ventana
745,5,PSO,poblacional,117666.0,117666.0,False,False,,,,,,,0,0,0,Llenando ventana
746,5,PSO,poblacional,117666.0,117666.0,False,False,,,,,,,0,0,0,Llenando ventana
747,5,PSO,poblacional,117666.0,117666.0,False,False,,,,,,,0,0,0,Llenando ventana
748,5,PSO,poblacional,117666.0,117666.0,False,False,,,,,,,0,0,0,Llenando ventana
749,5,PSO,poblacional,117666.0,117666.0,False,False,,,,,,,0,0,0,Llenando ventana
750,5,PSO,poblacional,117666.0,117666.0,False,False,,,,,,,0,0,0,Llenando ventana
751,5,PSO,poblacional,117666.0,117666.0,False,False,,,,,,,0,0,0,Llenando ventana
752,5,PSO,poblacional,117666.0,117666.0,False,False,,,,,,,0,0,0,Llenando ventana
753,5,PSO,poblacional,117666.0,117666.0,False,False,,,,,,,0,0,0,Llenando ventana
754,5,PSO,poblacional,117666.0,117666.0,False,False,,,,,,,0,0,0,Llenando ventana
755,5,PSO,poblacional,117666.0,117666.0,False,False,,,,,,,0,0,0,Llenando ventana
756,5,PSO,poblacional,117666.0,117666.0,False,False,,,,,,,0,0,0,Llenando ventana
757,5,PSO,poblacional,117666.0,117666.0,False,False,,,,,,,0,0,0,Llenando ventana
758,5,PSO,poblacional,117666.0,117666.0,False,False,,,,,,,0,0,0,Llenando ventana
759,5,PSO,poblacional,117666.0,117666.0,False,False,,,,,,,0,0,0,Llenando ventana
760,5,PSO,poblacional,117666.0,117666.0,False,False,,,,,,,0,0,0,Llenando ventana
761,5,PSO,poblacional,117666.0,117666.0,False,False,,,,,,,0,0,0,Llenando ventana
762,5,PSO,poblacional,117666.0,117666.0,False,False,,,,,,,0,0,0,Llenando ventana
763,5,PSO,poblacional,117666.0,117666.0,False,False,,,,,,,0,0,0,Llenando ventana
764,5,PSO,poblacional,117666.0,117666.0,False,False,,,,,,,0,0,0,Llenando ventana
765,5,PSO,poblacional,117666.0,117666.0,False,False,,,,,,,0,0,0,Llenando ventana
766,5,PSO,poblacional,117666.0,117666.0,False,False,,,,,,,0,0,0,Llenando ventana
767,5,PSO,poblacional,117666.0,117666.0,False,False,,,,,,,0,0,0,Llenando ventana
768,5,PSO,poblacional,117666.0,117666.0,False,False,,,,,,,0,0,0,Llenando ventana
769,5,PSO,poblacional,117666.0,117666.0,False,False,,,,,,,0,0,0,Llenando ventana
770,5,PSO,poblacional,117666.0,117666.0,False,False,,,,,,,0,0,0,Llenando ventana
771,5,PSO,poblacional,117666.0,117666.0,False,False,,,,,,,0,0,0,Llenando ventana
772,5,PSO,poblacional,117666.0,117666.0,False,False,,,,,,,0,0,0,Llenando ventana
773,5,PSO,poblacional,117666.0,117666.0,False,False,,,,,,,0,0,0,Llenando ventana
774,5,PSO,poblacional,117666.0,117666.0,False,False,,,,,,,0,0,0,Llenando ventana
775,5,PSO,poblacional,117666.0,117666.0,False,False,,,,,,,0,0,0,Llenando ventana
776,5,PSO,poblacional,117666.0,117666.0,False,False,,,,,,,0,0,0,Llenando ventana
777,5,PSO,poblacional,117666.0,117666.0,False,False,,,,,,,0,0,0,Llenando ventana
778,5,PSO,poblacional,117666.0,117666.0,False,False,,,,,,,0,0,0,Llenando ventana
779,5,PSO,poblacional,117666.0,117666.0,False,False,,,,,,,0,0,0,Llenando ventana
780,5,PSO,poblacional,117666.0,117666.0,False,False,,,,,,,0,0,0,Llenando ventana
781,5,PSO,poblacional,117666.0,117666.0,False,False,,,,,,,0,0,0,Llenando ventana
782,5,PSO,poblacional,117666.0,117666.0,False,False,,,,,,,0,0,0,Llenando ventana
783,5,PSO,poblacional,117666.0,117666.0,False,False,,,,,,,0,0,0,Llenando ventana
784,5,PSO,poblacional,117666.0,117666.0,False,False,,,,,,,0,0,0,Llenando ventana
785,5,PSO,poblacional,117666.0,117666.0,False,False,,,,,,,0,0,0,Llenando ventana
786,5,PSO,poblacional,117666.0,117666.0,False,False,,,,,,,0,0,0,Llenando ventana
787,5,PSO,poblacional,117666.0,117666.0,False,False,,,,,,,0,0,0,Llenando ventana
788,5,PSO,poblacional,117666.0,117666.0,False,False,,,,,,,0,0,0,Llenando ventana
789,5,PSO,poblacional,117666.0,117666.0,False,False,,,,,,,0,0,0,Llenando ventana
790,5,PSO,poblacional,117666.0,117666.0,False,False,,,,,,,0,0,0,Llenando ventana
791,5,PSO,poblacional,117666.0,117666.0,False,False,,,,,,,0,0,0,Llenando ventana
792,5,PSO,poblacional,117666.0,117666.0,False,False,,,,,,,0,0,0,Llenando ventana
793,5,PSO,poblacional,117666.0,117666.0,False,False,,,277.5,,,,0,0,0,Llenando ventana
794,5,PSO,poblacional,117666.0,117666.0,False,False,,,277.5,,,,0,0,0,Llenando ventana
795,5,PSO,poblacional,117666.0,117666.0,False,False,,,277.5,,,,0,0,0,Llenando ventana
796,5,PSO,poblacional,117666.0,117666.0,False,False,,,277.5,,,,0,0,0,Llenando ventana
797,5,PSO,poblacional,117666.0,117666.0,False,False,,,277.5,,,,0,0,0,Llenando ventana
798,5,PSO,poblacional,117666.0,117666.0,False,False,,,277.5,,,,0,0,0,Llenando ventana
799,5,PSO,poblacional,117666.0,117666.0,False,False,,,277.5,,,,0,0,0,Llenando ventana
800,5,PSO,poblacional,117666.0,117666.0,False,False,,,277.5,,,,0,0,0,Llenando ventana
801,5,PSO,poblacional,117666.0,117666.0,False,False,,,277.5,,,,0,0,0,Llenando ventana
802,5,PSO,poblacional,117666.0,117666.0,False,False,,,277.5,,,,0,0,0,Llenando ventana
803,5,PSO,poblacional,117666.0,117666.0,False,False,,,277.5,,,,0,0,0,Llenando ventana
804,5,PSO,poblacional,117666.0,117666.0,False,False,,,277.5,,,,0,0,0,Llenando ventana
805,5,PSO,poblacional,117666.0,117666.0,False,False,,,277.5,,,,0,0,0,Llenando ventana
806,5,PSO,poblacional,117666.0,117666.0,False,False,,,277.5,,,,0,0,0,Llenando ventana
807,5,PSO,poblacional,117666.0,117666.0,False,False,,,277.5,,,,0,0,0,Llenando ventana
808,5,PSO,poblacional,117666.0,117666.0,False,False,,,277.5,,,,0,0,0,Llenando ventana
809,5,PSO,poblacional,117666.0,117666.0,False,False,,,277.5,,,,0,0,0,Llenando ventana
810,5,PSO,poblacional,117666.0,117666.0,False,False,,,277.5,,,,0,0,0,Llenando ventana
811,5,PSO,poblacional,117666.0,117666.0,False,False,,,277.5,,,,0,0,0,Llenando ventana
812,5,PSO,poblacional,117666.0,117666.0,False,False,,,277.5,,,,0,0,0,Llenando ventana
813,5,PSO,poblacional,117666.0,117666.0,False,False,,,277.5,,,,0,0,0,Llenando ventana
814,5,PSO,poblacional,117666.0,117666.0,False,False,,,277.5,,,,0,0,0,Llenando ventana
815,5,PSO,poblacional,117666.0,117666.0,False,False,,,277.5,,,,0,0,0,Llenando ventana
816,5,PSO,poblacional,117666.0,117666.0,False,False,,,277.5,,,,0,0,0,Llenando ventana
817,5,PSO,poblacional,117666.0,117666.0,False,False,,,277.5,,,,0,0,0,Llenando ventana
818,6,SA,trayectoria,117666.0,111982.0,False,False,,,,,,,0,0,0,Llenando ventana
819,6,SA,trayectoria,117666.0,110138.0,False,False,,,,,,,0,0,0,Llenando ventana
820,6,SA,trayectoria,117666.0,110184.0,False,False,,,,,,,0,0,0,Llenando ventana
821,6,SA,trayectoria,117666.0,109197.0,False,False,,,,,,,0,0,0,Llenando ventana
822,6,SA,trayectoria,117666.0,109340.0,False,False,,,,,,,0,0,0,Llenando ventana
823,6,SA,trayectoria,117666.0,108831.0,False,False,,,,,,,0,0,0,Llenando ventana
824,6,SA,trayectoria,117666.0,109755.0,False,False,,,,,,,0,0,0,Llenando ventana
825,6,SA,trayectoria,117666.0,108969.0,False,False,,,,,,,0,0,0,Llenando ventana
826,6,SA,trayectoria,117666.0,110286.0,False,False,,,,,,,0,0,0,Llenando ventana
827,6,SA,trayectoria,117666.0,110800.0,False,False,,,,,,,0,0,0,Llenando ventana
828,6,SA,trayectoria,117666.0,111527.0,False,False,,,,,,,0,0,0,Llenando ventana
829,6,SA,trayectoria,117666.0,110296.0,False,False,,,,,,,0,0,0,Llenando ventana
830,6,SA,trayectoria,117666.0,109720.0,False,False,,,,,,,0,0,0,Llenando ventana
831,6,SA,trayectoria,117666.0,109442.0,False,False,,,,,,,0,0,0,Llenando ventana
832,6,SA,trayectoria,117666.0,109329.0,False,False,,,,,,,0,0,0,Llenando ventana
833,6,SA,trayectoria,117666.0,109127.0,False,False,,,,,,,0,0,0,Llenando ventana
834,6,SA,trayectoria,117666.0,108090.0,False,False,,,,,,,0,0,0,Llenando ventana
835,6,SA,trayectoria,117666.0,110360.0,False,False,,,,,,,0,0,0,Llenando ventana
836,6,SA,trayectoria,117666.0,109571.0,False,False,,,,,,,0,0,0,Llenando ventana
837,6,SA,trayectoria,117666.0,109669.0,False,False,,,,,,,0,0,0,Llenando ventana
838,6,SA,trayectoria,117666.0,110559.0,False,False,,,,,,,0,0,0,Llenando ventana
839,6,SA,trayectoria,117666.0,110781.0,False,False,,,,,,,0,0,0,Llenando ventana
840,6,SA,trayectoria,117666.0,110204.0,False,False,,,,,,,0,0,0,Llenando ventana
841,6,SA,trayectoria,117666.0,111096.0,False,False,,,,,,,0,0,0,Llenando ventana
842,6,SA,trayectoria,117666.0,110536.0,False,False,,,,,,,0,0,0,Llenando ventana
843,6,SA,trayectoria,117666.0,111163.0,False,False,,,,,,,0,0,0,Llenando ventana
844,6,SA,trayectoria,117666.0,110619.0,False,False,,,,,,,0,0,0,Llenando ventana
845,6,SA,trayectoria,117666.0,110629.0,False,False,,,,,,,0,0,0,Llenando ventana
846,6,SA,trayectoria,117666.0,111104.0,False,False,,,,,,,0,0,0,Llenando ventana
847,6,SA,trayectoria,117666.0,111044.0,False,False,,,,,,,0,0,0,Llenando ventana
848,6,SA,trayectoria,117666.0,110894.0,False,False,,,,,,,0,0,0,Llenando ventana
849,6,SA,trayectoria,117666.0,110611.0,False,False,,,,,,,0,0,0,Llenando ventana
850,6,SA,trayectoria,117666.0,111232.0,False,False,,,,,,,0,0,0,Llenando ventana
851,6,SA,trayectoria,117666.0,109781.0,False,False,,,,,,,0,0,0,Llenando ventana
852,6,SA,trayectoria,117666.0,110078.0,False,False,,,,,,,0,0,0,Llenando ventana
853,6,SA,trayectoria,117666.0,110023.0,False,False,,,,,,,0,0,0,Llenando ventana
854,6,SA,trayectoria,117666.0,110620.0,False,False,,,,,,,0,0,0,Llenando ventana
855,6,SA,trayectoria,117666.0,110452.0,False,False,,,,,,,0,0,0,Llenando ventana
856,6,SA,trayectoria,117666.0,108916.0,False,False,,,,,,,0,0,0,Llenando ventana
857,6,SA,trayectoria,117666.0,110161.0,False,False,,,,,,,0,0,0,Llenando ventana
858,6,SA,trayectoria,117666.0,110097.0,False,False,,,,,,,0,0,0,Llenando ventana
859,6,SA,trayectoria,117666.0,110263.0,False,False,,,,,,,0,0,0,Llenando ventana
860,6,SA,trayectoria,117666.0,111519.0,False,False,,,,,,,0,0,0,Llenando ventana
861,6,SA,trayectoria,117666.0,110451.0,False,False,,,,,,,0,0,0,Llenando ventana
862,6,SA,trayectoria,117666.0,111202.0,False,False,,,,,,,0,0,0,Llenando ventana
863,6,SA,trayectoria,117666.0,110917.0,False,False,,,,,,,0,0,0,Llenando ventana
864,6,SA,trayectoria,117666.0,110407.0,False,False,,,,,,,0,0,0,Llenando ventana
865,6,SA,trayectoria,117666.0,110431.0,False,False,,,,,,,0,0,0,Llenando ventana
866,6,SA,trayectoria,117666.0,110405.0,False,False,,,,,,,0,0,0,Llenando ventana
867,6,SA,trayectoria,117666.0,110136.0,False,False,,,,,,,0,0,0,Llenando ventana
868,6,SA,trayectoria,117666.0,110805.0,False,False,,,,,,,0,0,0,Llenando ventana
869,6,SA,trayectoria,117666.0,110440.0,False,False,,,,,,,0,0,0,Llenando ventana
870,6,SA,trayectoria,117666.0,111277.0,False,False,,,,,,,0,0,0,Llenando ventana
871,6,SA,trayectoria,117666.0,110640.0,False,False,,,,,,,0,0,0,Llenando ventana
872,6,SA,trayectoria,117666.0,110691.0,False,False,,,,,,,0,0,0,Llenando ventana
873,6,SA,trayectoria,117666.0,111377.0,False,False,,,,,,,0,0,0,Llenando ventana
874,6,SA,trayectoria,117666.0,110590.0,False,False,,,,,,,0,0,0,Llenando ventana
875,6,SA,trayectoria,117666.0,110276.0,False,False,,,,,,,0,0,0,Llenando ventana
876,6,SA,trayectoria,117666.0,111384.0,False,False,,,,,,,0,0,0,Llenando ventana
877,6,SA,trayectoria,117666.0,110982.0,False,False,,,,,,,0,0,0,Llenando ventana
878,6,SA,trayectoria,117666.0,110739.0,False,False,,,,,,,0,0,0,Llenando ventana
879,6,SA,trayectoria,117666.0,111328.0,False,False,,,,,,,0,0,0,Llenando ventana
880,6,SA,trayectoria,117666.0,109772.0,False,False,,,,,,,0,0,0,Llenando ventana
881,6,SA,trayectoria,117666.0,109918.0,False,False,,,,,,,0,0,0,Llenando ventana
882,6,SA,trayectoria,117666.0,110727.0,False,False,,,,,,,0,0,0,Llenando ventana
883,6,SA,trayectoria,117666.0,110910.0,False,False,,,,,,,0,0,0,Llenando ventana
884,6,SA,trayectoria,117666.0,110784.0,False,False,,,,,,,0,0,0,Llenando ventana
885,6,SA,trayectoria,117666.0,110403.0,False,False,,,,,,,0,0,0,Llenando ventana
886,6,SA,trayectoria,117666.0,110476.0,False,False,,,,,,,0,0,0,Llenando ventana
887,6,SA,trayectoria,117666.0,110816.0,False,False,,,,,,,0,0,0,Llenando ventana
888,6,SA,trayectoria,117666.0,110852.0,False,False,,,,,,,0,0,0,Llenando ventana
889,6,SA,trayectoria,117666.0,111011.0,False,False,,,,,,,0,0,0,Llenando ventana
890,6,SA,trayectoria,117666.0,110283.0,False,False,,,,,,,0,0,0,Llenando ventana
891,6,SA,trayectoria,117666.0,109870.0,False,False,,,,,,,0,0,0,Llenando ventana
892,6,SA,trayectoria,117666.0,111263.0,False,False,,,277.5,,,,0,0,0,Llenando ventana
893,6,SA,trayectoria,117666.0,110971.0,False,False,,,277.5,,,,0,0,0,Llenando ventana
894,6,SA,trayectoria,117666.0,111188.0,False,False,,,277.5,,,,0,0,0,Llenando ventana
895,6,SA,trayectoria,117666.0,110763.0,False,False,,,277.5,,,,0,0,0,Llenando ventana
896,6,SA,trayectoria,117666.0,110744.0,False,False,,,277.5,,,,0,0,0,Llenando ventana
897,6,SA,trayectoria,117666.0,110996.0,False,False,,,277.5,,,,0,0,0,Llenando ventana
898,6,SA,trayectoria,117666.0,111319.0,False,False,,,277.5,,,,0,0,0,Llenando ventana
899,6,SA,trayectoria,117666.0,111021.0,False,False,,,277.5,,,,0,0,0,Llenando ventana
900,6,SA,trayectoria,117666.0,111161.0,False,False,,,277.5,,,,0,0,0,Llenando ventana
901,6,SA,trayectoria,117666.0,110884.0,False,False,,,277.5,,,,0,0,0,Llenando ventana
902,6,SA,trayectoria,117666.0,110849.0,False,False,,,277.5,,,,0,0,0,Llenando ventana
903,6,SA,trayectoria,117666.0,111324.0,False,False,,,277.5,,,,0,0,0,Llenando ventana
904,6,SA,trayectoria,117666.0,111043.0,False,False,,,277.5,,,,0,0,0,Llenando ventana
905,6,SA,trayectoria,117666.0,111202.0,False,False,,,277.5,,,,0,0,0,Llenando ventana
906,6,SA,trayectoria,117666.0,111748.0,False,False,,,277.5,,,,0,0,0,Llenando ventana
907,6,SA,trayectoria,117666.0,111151.0,False,False,,,277.5,,,,0,0,0,Llenando ventana
908,6,SA,trayectoria,117666.0,111711.0,False,False,,,277.5,,,,0,0,0,Llenando ventana
909,6,SA,trayectoria,117666.0,111098.0,False,False,,,277.5,,,,0,0,0,Llenando ventana
910,6,SA,trayectoria,117666.0,111217.0,False,False,,,277.5,,,,0,0,0,Llenando ventana
911,6,SA,trayectoria,117666.0,111629.0,False,False,,,277.5,,,,0,0,0,Llenando ventana
912,6,SA,trayectoria,117666.0,111093.0,False,False,,,277.5,,,,0,0,0,Llenando ventana
913,6,SA,trayectoria,117666.0,111136.0,False,False,,,277.5,,,,0,0,0,Llenando ventana
914,6,SA,trayectoria,117666.0,111209.0,False,False,,,277.5,,,,0,0,0,Llenando ventana
915,6,SA,trayectoria,117666.0,111704.0,False,False,,,277.5,,,,0,0,0,Llenando ventana
916,6,SA,trayectoria,117666.0,112797.0,False,False,,,277.5,,,,0,0,0,Llenando ventana
917,7,WOA,poblacional,117666.0,117666.0,False,False,,,,,,,0,0,0,Llenando ventana
918,7,WOA,poblacional,117666.0,117666.0,False,False,,,,,,,0,0,0,Llenando ventana
919,7,WOA,poblacional,117666.0,117666.0,False,False,,,,,,,0,0,0,Llenando ventana
920,7,WOA,poblacional,117666.0,117666.0,False,False,,,,,,,0,0,0,Llenando ventana
921,7,WOA,poblacional,117666.0,117666.0,False,False,,,,,,,0,0,0,Llenando ventana
922,7,WOA,poblacional,117666.0,117666.0,False,False,,,,,,,0,0,0,Llenando ventana
923,7,WOA,poblacional,117666.0,117666.0,False,False,,,,,,,0,0,0,Llenando ventana
924,7,WOA,poblacional,117666.0,117666.0,False,False,,,,,,,0,0,0,Llenando ventana
925,7,WOA,poblacional,117666.0,117666.0,False,False,,,,,,,0,0,0,Llenando ventana
926,7,WOA,poblacional,117666.0,117666.0,False,False,,,,,,,0,0,0,Llenando ventana
927,7,WOA,poblacional,117666.0,117666.0,False,False,,,,,,,0,0,0,Llenando ventana
928,7,WOA,poblacional,117666.0,117666.0,False,False,,,,,,,0,0,0,Llenando ventana
929,7,WOA,poblacional,117666.0,117666.0,False,False,,,,,,,0,0,0,Llenando ventana
930,7,WOA,poblacional,117666.0,117666.0,False,False,,,,,,,0,0,0,Llenando ventana
931,7,WOA,poblacional,117666.0,117666.0,False,False,,,,,,,0,0,0,Llenando ventana
932,7,WOA,poblacional,117666.0,117666.0,False,False,,,,,,,0,0,0,Llenando ventana
933,7,WOA,poblacional,117666.0,117666.0,False,False,,,,,,,0,0,0,Llenando ventana
934,7,WOA,poblacional,117666.0,117666.0,False,False,,,,,,,0,0,0,Llenando ventana
935,7,WOA,poblacional,117666.0,117666.0,False,False,,,,,,,0,0,0,Llenando ventana
936,7,WOA,poblacional,117666.0,117666.0,False,False,,,,,,,0,0,0,Llenando ventana
937,7,WOA,poblacional,117666.0,117666.0,False,False,,,,,,,0,0,0,Llenando ventana
938,7,WOA,poblacional,117666.0,117666.0,False,False,,,,,,,0,0,0,Llenando ventana
939,7,WOA,poblacional,117666.0,117666.0,False,False,,,,,,,0,0,0,Llenando ventana
940,7,WOA,poblacional,117666.0,117666.0,False,False,,,,,,,0,0,0,Llenando ventana
941,7,WOA,poblacional,117666.0,117666.0,False,False,,,,,,,0,0,0,Llenando ventana
942,7,WOA,poblacional,117666.0,117666.0,False,False,,,,,,,0,0,0,Llenando ventana
943,7,WOA,poblacional,117666.0,117666.0,False,False,,,,,,,0,0,0,Llenando ventana
944,7,WOA,poblacional,117666.0,117666.0,False,False,,,,,,,0,0,0,Llenando ventana
945,7,WOA,poblacional,117666.0,117666.0,False,False,,,,,,,0,0,0,Llenando ventana
946,7,WOA,poblacional,117666.0,117666.0,False,False,,,,,,,0,0,0,Llenando ventana
947,7,WOA,poblacional,117666.0,117666.0,False,False,,,,,,,0,0,0,Llenando ventana
948,7,WOA,poblacional,117666.0,117666.0,False,False,,,,,,,0,0,0,Llenando ventana
949,7,WOA,poblacional,117666.0,117666.0,False,False,,,,,,,0,0,0,Llenando ventana
950,7,WOA,poblacional,117666.0,117666.0,False,False,,,,,,,0,0,0,Llenando ventana
951,7,WOA,poblacional,117666.0,117666.0,False,False,,,,,,,0,0,0,Llenando ventana
952,7,WOA,poblacional,117666.0,117666.0,False,False,,,,,,,0,0,0,Llenando ventana
953,7,WOA,poblacional,117666.0,117666.0,False,False,,,,,,,0,0,0,Llenando ventana
954,7,WOA,poblacional,117666.0,117666.0,False,False,,,,,,,0,0,0,Llenando ventana
955,7,WOA,poblacional,117666.0,117666.0,False,False,,,,,,,0,0,0,Llenando ventana
956,7,WOA,poblacional,117666.0,117666.0,False,False,,,,,,,0,0,0,Llenando ventana
957,7,WOA,poblacional,117666.0,117666.0,False,False,,,,,,,0,0,0,Llenando ventana
958,7,WOA,poblacional,117666.0,117666.0,False,False,,,,,,,0,0,0,Llenando ventana
959,7,WOA,poblacional,117666.0,117666.0,False,False,,,,,,,0,0,0,Llenando ventana
960,7,WOA,poblacional,117666.0,117666.0,False,False,,,,,,,0,0,0,Llenando ventana
961,7,WOA,poblacional,117666.0,117666.0,False,False,,,,,,,0,0,0,Llenando ventana
962,7,WOA,poblacional,117666.0,117666.0,False,False,,,,,,,0,0,0,Llenando ventana
963,7,WOA,poblacional,117666.0,117666.0,False,False,,,,,,,0,0,0,Llenando ventana
964,7,WOA,poblacional,117666.0,117666.0,False,False,,,,,,,0,0,0,Llenando ventana
965,7,WOA,poblacional,117666.0,117666.0,False,False,,,,,,,0,0,0,Llenando ventana
966,7,WOA,poblacional,117666.0,117666.0,False,False,,,,,,,0,0,0,Llenando ventana
967,7,WOA,poblacional,117666.0,117666.0,False,False,,,,,,,0,0,0,Llenando ventana
968,7,WOA,poblacional,117666.0,117666.0,False,False,,,,,,,0,0,0,Llenando ventana
969,7,WOA,poblacional,117666.0,117666.0,False,False,,,,,,,0,0,0,Llenando ventana
970,7,WOA,poblacional,117666.0,117666.0,False,False,,,,,,,0,0,0,Llenando ventana
971,7,WOA,poblacional,117666.0,117666.0,False,False,,,,,,,0,0,0,Llenando ventana
972,7,WOA,poblacional,117666.0,117666.0,False,False,,,,,,,0,0,0,Llenando ventana
973,7,WOA,poblacional,117666.0,117666.0,False,False,,,,,,,0,0,0,Llenando ventana
974,7,WOA,poblacional,117666.0,117666.0,False,False,,,,,,,0,0,0,Llenando ventana
975,7,WOA,poblacional,117666.0,117666.0,False,False,,,,,,,0,0,0,Llenando ventana
976,7,WOA,poblacional,117666.0,117666.0,False,False,,,,,,,0,0,0,Llenando ventana
977,7,WOA,poblacional,117666.0,117666.0,False,False,,,,,,,0,0,0,Llenando ventana
978,7,WOA,poblacional,117666.0,117666.0,False,False,,,,,,,0,0,0,Llenando ventana
979,7,WOA,poblacional,117666.0,117666.0,False,False,,,,,,,0,0,0,Llenando ventana
980,7,WOA,poblacional,117666.0,117666.0,False,False,,,,,,,0,0,0,Llenando ventana
981,7,WOA,poblacional,117666.0,117666.0,False,False,,,,,,,0,0,0,Llenando ventana
982,7,WOA,poblacional,117666.0,117666.0,False,False,,,,,,,0,0,0,Llenando ventana
983,7,WOA,poblacional,117666.0,117666.0,False,False,,,,,,,0,0,0,Llenando ventana
984,7,WOA,poblacional,117666.0,117666.0,False,False,,,,,,,0,0,0,Llenando ventana
985,7,WOA,poblacional,117666.0,117666.0,False,False,,,,,,,0,0,0,Llenando ventana
986,7,WOA,poblacional,117666.0,117666.0,False,False,,,,,,,0,0,0,Llenando ventana
987,7,WOA,poblacional,117666.0,117666.0,False,False,,,,,,,0,0,0,Llenando ventana
988,7,WOA,poblacional,117666.0,117666.0,False,False,,,,,,,0,0,0,Llenando ventana
989,7,WOA,poblacional,117666.0,117666.0,False,False,,,,,,,0,0,0,Llenando ventana
990,7,WOA,poblacional,117666.0,117666.0,False,False,,,,,,,0,0,0,Llenando ventana
991,7,WOA,poblacional,117666.0,117666.0,False,False,,,277.5,,,,0,0,0,Llenando ventana
992,7,WOA,poblacional,117666.0,117666.0,False,False,,,277.5,,,,0,0,0,Llenando ventana
993,7,WOA,poblacional,117666.0,117666.0,False,False,,,277.5,,,,0,0,0,Llenando ventana
994,7,WOA,poblacional,117666.0,117666.0,False,False,,,277.5,,,,0,0,0,Llenando ventana
995,7,WOA,poblacional,117666.0,117666.0,False,False,,,277.5,,,,0,0,0,Llenando ventana
996,7,WOA,poblacional,117666.0,117666.0,False,False,,,277.5,,,,0,0,0,Llenando ventana
997,7,WOA,poblacional,117666.0,117666.0,False,False,,,277.5,,,,0,0,0,Llenando ventana
998,7,WOA,poblacional,117666.0,117666.0,False,False,,,277.5,,,,0,0,0,Llenando ventana
999,7,WOA,poblacional,117666.0,117666.0,False,False,,,277.5,,,,0,0,0,Llenando ventana
1000,7,WOA,poblacional,117666.0,117666.0,False,False,,,277.5,,,,0,0,0,Llenando ventana
1001,7,WOA,poblacional,117666.0,117666.0,False,False,,,277.5,,,,0,0,0,Llenando ventana
1002,7,WOA,poblacional,117666.0,117666.0,False,False,,,277.5,,,,0,0,0,Llenando ventana
1003,7,WOA,poblacional,117666.0,117666.0,False,False,,,277.5,,,,0,0,0,Llenando ventana
1004,7,WOA,poblacional,117666.0,117666.0,False,False,,,277.5,,,,0,0,0,Llenando ventana
1005,7,WOA,poblacional,117666.0,117666.0,False,False,,,277.5,,,,0,0,0,Llenando ventana
1006,7,WOA,poblacional,117666.0,117666.0,False,False,,,277.5,,,,0,0,0,Llenando ventana
1007,7,WOA,poblacional,117666.0,117666.0,False,False,,,277.5,,,,0,0,0,Llenando ventana
1008,7,WOA,poblacional,117666.0,117666.0,False,False,,,277.5,,,,0,0,0,Llenando ventana
1009,7,WOA,poblacional,117666.0,117666.0,False,False,,,277.5,,,,0,0,0,Llenando ventana
1010,7,WOA,poblacional,117666.0,117666.0,False,False,,,277.5,,,,0,0,0,Llenando ventana
1011,7,WOA,poblacional,117666.0,117666.0,False,False,,,277.5,,,,0,0,0,Llenando ventana
1012,7,WOA,poblacional,117666.0,117666.0,False,False,,,277.5,,,,0,0,0,Llenando ventana
1013,7,WOA,poblacional,117666.0,117666.0,False,False,,,277.5,,,,0,0,0,Llenando ventana
1014,7,WOA,poblacional,117666.0,117666.0,False,False,,,277.5,,,,0,0,0,Llenando ventana
1015,7,WOA,poblacional,117666.0,117666.0,False,False,,,277.5,,,,0,0,0,Llenando ventana
