iteracion,epoch,mh,tipo,fitness_best,fitness_instantaneo,dtw_ready,dtw_fire,D1_vs_ramp,D2_vs_const,dtw_delta,theta_c,theta_r,theta_delta,no_improve_len,trigger_streak,window_n,estado_dtw
1,1,EHO,poblacional,4299.456226434879,4299.456226434879,False,False,,,,,,,0,0,1,Llenando ventana
2,1,EHO,poblacional,3812.8048788506508,3812.8048788506508,False,False,,,,,,,0,0,2,Llenando ventana
3,1,EHO,poblacional,3171.8454923497025,3171.8454923497025,False,False,,,,,,,0,0,3,Llenando ventana
4,1,EHO,poblacional,3131.6619225528952,3131.6619225528952,False,False,,,,,,,0,0,4,Llenando ventana
5,1,EHO,poblacional,1872.0969576730458,1872.0969576730458,False,False,,,,,,,0,0,5,Llenando ventana
6,1,EHO,poblacional,1654.874301912667,1654.874301912667,False,False,,,,,,,0,0,6,Llenando ventana
7,1,EHO,poblacional,1472.553869542859,1472.553869542859,False,False,,,,,,,0,0,7,Llenando ventana
8,1,EHO,poblacional,1133.8990988941628,1133.8990988941628,False,False,,,,,,,0,0,8,Llenando ventana
9,1,EHO,poblacional,1096.109566558166,1096.109566558166,False,False,,,,,,,0,0,9,Llenando ventana
10,1,EHO,poblacional,1044.7464483967547,1044.7464483967547,False,False,,,,,,,0,0,10,Llenando ventana
11,1,EHO,poblacional,1023.8597644165283,1023.8597644165283,False,False,,,,,,,0,0,11,Llenando ventana
12,1,EHO,poblacional,1023.8597644165283,1023.8597644165283,False,False,,,,,,,1,0,12,Llenando ventana
13,1,EHO,poblacional,959.2208673354685,959.2208673354685,False,False,,,,,,,0,0,13,Llenando ventana
14,1,EHO,poblacional,940.4222389195581,940.4222389195581,False,False,,,,,,,0,0,14,Llenando ventana
15,1,EHO,poblacional,940.4222389195581,940.4222389195581,False,False,,,,,,,1,0,15,Llenando ventana
16,1,EHO,poblacional,939.0664026120189,939.0664026120189,False,False,,,,,,,0,0,16,Llenando ventana
17,1,EHO,poblacional,926.7272671275371,926.7272671275371,False,False,,,,,,,0,0,17,Llenando ventana
18,1,EHO,poblacional,921.0799740208465,921.0799740208465,False,False,,,,,,,0,0,18,Llenando ventana
19,1,EHO,poblacional,921.0799740208465,921.0799740208465,False,False,,,,,,,1,0,19,Llenando ventana
20,1,EHO,poblacional,918.8939957878083,918.8939957878083,False,False,,,,,,,0,0,20,Llenando ventana
21,1,EHO,poblacional,918.4279720605385,918.4279720605385,False,False,,,,,,,0,0,21,Llenando ventana
22,1,EHO,poblacional,916.9201462915674,916.9201462915674,False,False,,,,,,,0,0,22,Llenando ventana
23,1,EHO,poblacional,916.9201462915674,916.9201462915674,False,False,,,,,,,1,0,23,Llenando ventana
24,1,EHO,poblacional,913.0839490150479,913.0839490150479,False,False,,,,,,,0,0,24,Llenando ventana
25,1,EHO,poblacional,910.0237084137127,910.0237084137127,False,False,,,,,,,0,0,25,Llenando ventana
26,1,EHO,poblacional,909.5316964082662,909.5316964082662,False,False,,,,,,,0,0,26,Llenando ventana
27,1,EHO,poblacional,909.5316964082662,909.5316964082662,False,False,,,,,,,1,0,27,Llenando ventana
28,1,EHO,poblacional,909.1270734588675,909.1270734588675,False,False,,,,,,,0,0,28,Llenando ventana
29,1,EHO,poblacional,908.3175736924675,908.3175736924675,False,False,,,,,,,0,0,29,Llenando ventana
30,1,EHO,poblacional,907.2164049886453,907.2164049886453,True,False,87083.22440562908,87659.90517527495,-576.6807696458709,3.0,15.0,9.0,0,0,30,Explotacion activa
31,1,EHO,poblacional,907.2164049886453,907.2164049886453,True,False,75958.65452863778,76452.60456919433,-493.95004055654863,3.0,15.0,9.0,1,0,31,Explotacion activa
32,1,EHO,poblacional,906.4342236825611,906.4342236825611,True,False,59745.07371366056,60130.19362933397,-385.1199156734074,3.0,15.0,9.0,0,0,32,Explotacion activa
33,1,EHO,poblacional,906.4342236825611,906.4342236825611,True,False,60811.80909528895,61190.09780409689,-378.2887088079442,3.0,15.0,9.0,1,0,33,Explotacion activa
34,1,EHO,poblacional,906.2921056401145,906.2921056401145,True,False,25464.33184976859,25628.518674614188,-164.18682484559758,3.0,15.0,9.0,0,0,34,Explotacion activa
35,1,EHO,poblacional,906.2921056401145,906.2921056401145,True,False,19950.384880469424,20077.643853835754,-127.25897336632988,3.0,15.0,9.0,1,0,35,Explotacion activa
36,1,EHO,poblacional,906.0965505916123,906.0965505916123,True,False,15260.510889840863,15356.808634062574,-96.29774422171067,3.0,15.0,9.0,0,0,36,Explotacion activa
37,1,EHO,poblacional,905.9482457308028,905.9482457308028,True,False,5725.019493375971,5763.771138413743,-38.751645037771596,3.0,15.0,9.0,0,0,37,Explotacion activa
38,1,EHO,poblacional,905.5845564574992,905.5845564574992,True,False,4826.010459053394,4858.399710770505,-32.38925171711162,3.0,15.0,9.0,0,0,38,Explotacion activa
39,1,EHO,poblacional,905.5696728888303,905.5696728888303,True,False,3484.3860077611516,3508.046059597498,-23.660051836346156,12478.897385367924,60065.094328149076,-79.03391446652896,0,0,39,Explotacion activa
40,1,EHO,poblacional,905.5696728888303,905.5696728888303,True,False,3000.8284403829966,3020.6223156986307,-19.793875315634068,5763.771138413743,59745.07371366056,-38.751645037771596,1,0,40,Explotacion activa
41,1,EHO,poblacional,905.5216620988217,905.5216620988217,True,False,3118.8429406223286,3138.9604180163374,-20.1174773940088,5130.011139063477,49460.85115449294,-34.29796971330962,0,0,41,Explotacion activa
42,1,EHO,poblacional,905.4939596879289,905.4939596879289,True,False,1309.025736013062,1318.159310313144,-9.133574300082046,4318.258250301302,39176.62859532533,-28.89757176480545,0,0,42,Explotacion activa
43,1,EHO,poblacional,905.3558569537292,905.3558569537292,True,False,802.1976936352908,808.0654682175729,-5.867774582282095,3471.137495439382,28892.406036157776,-23.30579439211242,0,0,43,Explotacion activa
44,1,EHO,poblacional,905.2438265217851,905.2438265217851,True,False,837.2635505077242,843.2438806153459,-5.980330107621739,3212.7775463325697,24361.54245590875,-20.825992282476275,0,0,44,Explotacion activa
45,1,EHO,poblacional,905.2438265217851,905.2438265217851,True,False,831.9973658516028,837.7472037869424,-5.749837935339542,3079.791366857484,22707.358365119006,-19.955676354821435,1,0,45,Explotacion activa
46,1,EHO,poblacional,905.2314787576101,905.2314787576101,True,False,497.75377908400765,501.4080631068954,-3.6542840228877367,2680.129714621533,21053.174274329253,-17.66181511252367,0,0,46,Explotacion activa
47,1,EHO,poblacional,905.2128516863515,905.2128516863515,True,False,350.84858687672534,353.5036853473647,-2.655098470639359,1488.405610851692,19481.397481406562,-10.199604401637263,0,0,47,Explotacion activa
48,1,EHO,poblacional,905.2054660588134,905.2054660588134,True,False,366.67952695585234,369.37819330939783,-2.698666353545491,1033.210052494465,18074.435284217998,-7.241627784605863,0,0,48,Explotacion activa
49,1,EHO,poblacional,905.1958997815508,905.1958997815508,True,False,317.3542442364833,319.68292055754716,-2.328676321063881,841.5948775668248,16667.473087029426,-5.9465634500198465,0,0,49,Explotacion activa
50,1,EHO,poblacional,905.1785569406912,905.1785569406912,True,False,317.1652470161971,319.4176475865711,-2.252400570373993,837.7472037869424,15260.510889840863,-5.867774582282095,0,0,50,Explotacion activa
51,1,EHO,poblacional,905.1785569406912,905.1785569406912,True,False,285.46753035257245,287.43228963728575,-1.9647592847132955,816.9699888883837,12399.86347090139,-5.785218929422308,1,0,51,Explotacion activa
52,1,EHO,poblacional,905.1722553778422,905.1722553778422,True,False,297.1830390956776,299.18018055101095,-1.9971414553333489,685.4025061733017,9539.216051961914,-4.911616370358823,0,0,52,Explotacion activa
53,1,EHO,poblacional,905.1679030736749,905.1679030736749,True,False,194.5007776632831,195.84650547331682,-1.3457278100337362,488.20507612714556,6678.56863302244,-3.5587222559535143,0,0,53,Explotacion activa
54,1,EHO,poblacional,905.155764350424,905.155764350424,True,False,111.13992160712644,111.96747209788532,-0.8275504907588811,395.78416726889725,5545.217686511453,-2.8897898874139427,0,0,54,Explotacion activa
55,1,EHO,poblacional,905.146194244903,905.146194244903,True,False,101.35078540796303,102.08462610329843,-0.7338406953354024,361.44093932838126,5275.514976214683,-2.676882412092425,0,0,55,Explotacion activa
56,1,EHO,poblacional,905.1396279395256,905.1396279395256,True,False,105.73004293235215,106.47669457203904,-0.7466516396868883,346.7395323894012,5005.812265917909,-2.589814040724264,0,0,56,Explotacion activa
57,1,EHO,poblacional,905.1396279395256,905.1396279395256,True,False,98.05220882053095,98.73007455881907,-0.6778657382881192,323.0649970365289,4691.848013924167,-2.3613185360214293,1,0,57,Explotacion activa
58,1,EHO,poblacional,905.1272665846053,905.1272665846053,True,False,77.90253623274475,78.44488844108139,-0.5423522083366379,319.5237567749615,4289.360678536494,-2.2829108706499484,0,0,58,Explotacion activa
59,1,EHO,poblacional,905.1264483580112,905.1264483580112,True,False,48.25123325134655,48.60095266087262,-0.34971940952607383,313.34640747590305,3886.8733431488204,-2.1758228358618004,0,0,59,Explotacion activa
60,1,EHO,poblacional,905.1054783616706,905.1054783616706,True,False,50.353021761261516,50.711879287847296,-0.35885752658577985,299.18018055101095,3484.3860077611516,-1.9971414553333489,0,0,60,Explotacion activa
61,1,EHO,poblacional,905.1020231872587,905.1020231872587,True,False,29.13790035715965,29.360821906707088,-0.22292154954743637,290.9566569114033,3374.7230876195044,-1.9744739358993115,0,0,61,Explotacion activa
62,1,EHO,poblacional,905.1011832716066,905.1011832716066,True,False,30.467245447799314,30.69386231766157,-0.22661686986225504,250.79797597169815,3265.0601674778572,-1.7171466948414726,0,0,62,Explotacion activa
63,1,EHO,poblacional,905.1002484488306,905.1002484488306,True,False,27.56485884132053,27.764296277995413,-0.19943743667488434,187.4586021357737,3155.39724733621,-1.2939100781062518,0,0,63,Explotacion activa
64,1,EHO,poblacional,905.0949501938663,905.0949501938663,True,False,28.75793529838154,28.961451724243602,-0.20351642586206253,128.74327877297156,3095.240040574462,-0.9311859546138536,0,0,64,Explotacion activa
65,1,EHO,poblacional,905.0933502838027,905.0933502838027,True,False,24.12301157316074,24.29355562548858,-0.1705440523278412,109.22208333496218,3059.8356905026626,-0.7871010652228847,0,0,65,Explotacion activa
66,1,EHO,poblacional,905.088179260216,905.088179260216,True,False,20.682781132599757,20.85278113259983,-0.17000000000007276,105.59828087829091,3024.4313404308627,-0.7440894508165912,0,0,66,Explotacion activa
67,1,EHO,poblacional,905.0848704976013,905.0848704976013,True,False,10.635478166692224,10.805478166692296,-0.17000000000007276,102.52383295017249,2831.648169946001,-0.735121789770551,0,0,67,Explotacion activa
68,1,EHO,poblacional,905.0848704976013,905.0848704976013,True,False,10.691323733190075,10.858657066523392,-0.16733333333331757,100.07189517661081,2324.1073586350194,-0.7002557211070326,1,0,68,Explotacion activa
69,1,EHO,poblacional,905.0846263705284,905.0846263705284,True,False,11.173703584825148,11.34370358482522,-0.17000000000007276,92.64451872349775,1816.5665473240376,-0.6372116793026752,0,0,69,Explotacion activa
70,1,EHO,poblacional,905.0842602758605,905.0842602758605,True,False,10.218792497538061,10.388792497538134,-0.17000000000007276,78.44488844108139,1309.025736013062,-0.5423522083366379,0,0,70,Explotacion activa
71,1,EHO,poblacional,905.0816445365161,905.0816445365161,True,False,9.827737733057916,9.997737733057988,-0.17000000000007276,59.03178203381749,1167.4970803614603,-0.4139059311110374,0,0,71,Explotacion activa
72,1,EHO,poblacional,905.0814081881111,905.0814081881111,True,False,6.097207206887447,6.2672072068875195,-0.17000000000007276,49.867508637057426,1025.9684247098587,-0.35520227976189744,0,0,72,Explotacion activa
73,1,EHO,poblacional,905.0798249390509,905.0798249390509,True,False,3.014992929907635,3.1823262632409524,-0.16733333333331757,46.810243626551525,884.439769058257,-0.3374091555596922,0,0,73,Explotacion activa
74,1,EHO,poblacional,905.0788206204641,905.0788206204641,True,False,3.1773321645619035,3.3473321645619762,-0.17000000000007276,34.27528038630377,836.2103135764999,-0.25123737779501915,0,0,74,Explotacion activa
75,1,EHO,poblacional,905.0720460556979,905.0720460556979,True,False,2.9786797054010776,3.1486797054011504,-0.17000000000007276,30.02734211218433,834.6304581796635,-0.2247692097048457,0,0,75,Explotacion activa
76,1,EHO,poblacional,905.0720460556979,905.0720460556979,True,False,2.5793002695551195,2.7493002695551922,-0.17000000000007276,29.28094787021439,833.050602782827,-0.21904052481036168,1,0,76,Explotacion activa
77,1,EHO,poblacional,905.0711866220814,905.0711866220814,True,False,2.499396507680558,2.6693965076806307,-0.17000000000007276,29.00138874248995,829.0173986299716,-0.20545693823059993,0,0,77,Explotacion activa
78,1,EHO,poblacional,905.0711866220814,905.0711866220814,True,False,2.346687626534731,2.5166876265348037,-0.17000000000007276,28.243158456494687,820.0774969650778,-0.20106903234975565,1,0,78,Explotacion activa
79,1,EHO,poblacional,905.0701689948276,905.0701689948276,True,False,1.9547998541380593,2.122133187471377,-0.16733333333331757,26.72307408224336,811.1375953001843,-0.1907694213707715,0,0,79,Explotacion activa
80,1,EHO,poblacional,905.0701204540505,905.0701204540505,True,False,2.0605696741120028,2.2305696741120755,-0.17000000000007276,24.29355562548858,802.1976936352908,-0.1705440523278412,0,0,80,Explotacion activa
81,1,EHO,poblacional,905.0692635146091,905.0692635146091,True,False,1.9808162147244275,2.1508162147245002,-0.17000000000007276,21.88501348046645,710.8645192699046,-0.1701632156984033,0,0,81,Explotacion activa
82,1,EHO,poblacional,905.068482729496,905.068482729496,True,False,1.9540197380499649,2.1240197380500376,-0.17000000000007276,17.049150113489983,619.5313449045204,-0.17000000000007276,0,0,82,Explotacion activa
83,1,EHO,poblacional,905.0675905413443,905.0675905413443,True,False,1.6901705728527077,1.8601705728527804,-0.17000000000007276,11.295198932995037,528.1981705391343,-0.17000000000007276,0,0,83,Explotacion activa
84,1,EHO,poblacional,905.0675905413443,905.0675905413443,True,False,1.4912412163025692,1.661241216302642,-0.17000000000007276,10.955666370183758,471.5389286583762,-0.17000000000007276,1,0,84,Explotacion activa
85,1,EHO,poblacional,905.0674760011505,905.0674760011505,True,False,1.3756369653992806,1.5429702987325982,-0.16733333333331757,10.832067616607844,432.21665301993,-0.17000000000007276,0,0,85,Explotacion activa
86,1,EHO,poblacional,905.0672899509618,905.0672899509618,True,False,1.4453082872962568,1.6153082872963296,-0.17000000000007276,10.722141032861463,392.89437738148285,-0.17000000000007276,0,0,86,Explotacion activa
87,1,EHO,poblacional,905.0672369330267,905.0672369330267,True,False,1.146555526332918,1.3168586461878249,-0.17030311985490698,10.43046106445355,365.0964329479396,-0.17000000000007276,0,0,87,Explotacion activa
88,1,EHO,poblacional,905.0672109864079,905.0672109864079,True,False,1.1823674465620115,1.3523674465620843,-0.17000000000007276,10.154159638850047,360.34715092420146,-0.17000000000007276,0,0,88,Explotacion activa
89,1,EHO,poblacional,905.0668021548103,905.0668021548103,True,False,0.6129137595459042,0.782913759545977,-0.17000000000007276,8.878578575206845,355.59786890046337,-0.17000000000007276,0,0,89,Explotacion activa
90,1,EHO,poblacional,905.0667799769241,905.0667799769241,True,False,0.5475584013781827,0.7179569119356302,-0.17039851055744748,6.2672072068875195,350.84858687672534,-0.17000000000007276,0,0,90,Explotacion activa
91,1,EHO,poblacional,905.0667213713497,905.0667213713497,True,False,0.5575249460619034,0.7280612582806043,-0.17053631221870091,4.223294677259641,340.80028408465256,-0.17000000000007276,0,0,91,Explotacion activa
92,1,EHO,poblacional,905.0666458507231,905.0666458507231,True,False,0.5645539958838981,0.7345539958839709,-0.17000000000007276,3.2813298040335663,330.75198129258007,-0.17000000000007276,0,0,92,Explotacion activa
93,1,EHO,poblacional,905.0663530376144,905.0663530376144,True,False,0.4391016682360487,0.6095017581724278,-0.17040008993637912,3.178961607456972,320.7036785005073,-0.17000000000007276,0,0,93,Explotacion activa
94,1,EHO,poblacional,905.0663121034079,905.0663121034079,True,False,0.42014254672142215,0.5901425467214949,-0.17000000000007276,3.1554090169691107,317.31644479242607,-0.17000000000007276,0,0,94,Explotacion activa
95,1,EHO,poblacional,905.0660624494004,905.0660624494004,True,False,0.2922996735214838,0.46229967352155654,-0.17000000000007276,2.9489899874781713,317.2597456263402,-0.17000000000007276,0,0,95,Explotacion activa
96,1,EHO,poblacional,905.0659968618265,905.0659968618265,True,False,0.2209057917066275,0.3852191934710163,-0.1643134017643888,2.73331951718028,317.2030464602543,-0.17000000000007276,0,0,96,Explotacion activa
97,1,EHO,poblacional,905.0659968618265,905.0659968618265,True,False,0.23655346639623076,0.4040928292457693,-0.16753936284953852,2.6773868838680865,315.1670262241451,-0.17000000000007276,1,0,97,Explotacion activa
98,1,EHO,poblacional,905.0659923372377,905.0659923372377,True,False,0.246548893420254,0.41564717742392077,-0.16909828400366678,2.5777711789931343,309.1723638479892,-0.17000000000007276,0,0,98,Explotacion activa
99,1,EHO,poblacional,905.0659668007281,905.0659668007281,True,False,0.2533239071864273,0.42332390718650004,-0.17000000000007276,2.430852240807985,303.1777014718334,-0.17000000000007276,0,0,99,Explotacion activa
100,1,EHO,poblacional,905.0658251418025,905.0658251418025,True,False,0.19416106475830475,0.3632868609131492,-0.16912579615484447,2.2305696741120755,297.1830390956776,-0.17000000000007276,0,0,100,Explotacion activa
101,1,EHO,poblacional,905.0658251418025,905.0658251418025,True,False,0.20159905253706256,0.37201580347687013,-0.17041675093980757,2.174742252540773,293.668386472746,-0.17000000000007276,1,0,101,Explotacion activa
102,1,EHO,poblacional,905.0656851145757,905.0656851145757,True,False,0.16957473853915417,0.34024140520580204,-0.17066666666664787,2.140097624054715,290.1537338498145,-0.17000000000007276,0,0,102,Explotacion activa
103,1,EHO,poblacional,905.0654354852675,905.0654354852675,True,False,0.15450130138322038,0.32450130138329314,-0.17000000000007276,2.1238310829921714,286.6390812268829,-0.17000000000007276,0,0,103,Explotacion activa
104,1,EHO,poblacional,905.0654354852675,905.0654354852675,True,False,0.022627968745268845,0.13464949359547518,-0.11202152485020633,2.122510497587109,267.27417981471433,-0.17000000000007276,1,0,104,Explotacion activa
105,1,EHO,poblacional,905.0654207293851,905.0654207293851,True,False,0.02350597028350876,0.14127481990828983,-0.11776884962478107,1.9911518801620787,239.98415400792777,-0.17000000000007276,0,0,105,Explotacion activa
106,1,EHO,poblacional,905.0654207293851,905.0654207293851,True,False,0.031239487667448884,0.1221171377266046,-0.09087765005915571,1.8203847015427528,212.6941282011406,-0.17000000000007276,1,0,106,Explotacion activa
107,1,EHO,poblacional,905.0654181369379,905.0654181369379,True,False,0.031886008169294655,0.12788562287016703,-0.09599961470087237,1.6811341519576555,186.1646920576673,-0.17000000000007276,0,0,107,Explotacion activa
108,1,EHO,poblacional,905.0653496500582,905.0653496500582,True,False,0.04454130417389024,0.10319377727716983,-0.05865247310327959,1.6336814588988544,161.15643524081995,-0.17000000000007276,0,0,108,Explotacion activa
109,1,EHO,poblacional,905.0651627224166,905.0651627224166,True,False,0.04402083615286756,0.10674382637762392,-0.06272299022475636,1.59360689072721,136.1481784239732,-0.17000000000007276,0,0,109,Explotacion activa
110,1,EHO,poblacional,905.0651140373525,905.0651140373525,True,False,0.05827189468789129,0.08604205983351676,-0.02777016514562547,1.5429702987325982,111.13992160712644,-0.17000000000007276,0,0,110,Explotacion activa
111,1,EHO,poblacional,905.0651140373525,905.0651140373525,True,False,0.07402376071502204,0.0667679836977868,0.007255777017235232,1.4095483022132387,109.51695800469413,-0.17000000000007276,1,0,111,Explotacion activa
112,1,EHO,poblacional,905.0649459055695,905.0649459055695,True,False,0.09412989329291577,0.04353916307218242,0.05059073022073335,1.3381639264123804,107.89399440226185,-0.17000000000007276,0,0,112,Explotacion activa
113,1,EHO,poblacional,905.0648247446827,905.0648247446827,True,False,0.09166983024522324,0.046304959733788564,0.045364870511434674,1.2634641575236394,106.27103079982955,-0.17000000000007276,0,0,113,Explotacion activa
114,1,EHO,poblacional,905.0647812701325,905.0647812701325,True,False,0.09264418961583942,0.04567802512974595,0.046966164486093476,0.8897027368743462,104.85419142747432,-0.17000000000007276,0,0,114,Explotacion activa
115,1,EHO,poblacional,905.0647812701325,905.0647812701325,True,False,0.09592226430436313,0.042791250488789956,0.05313101381557317,0.7587338777149739,103.54041417015756,-0.17000000000007276,1,0,115,Explotacion activa
116,1,EHO,poblacional,905.0647367399843,905.0647367399843,True,False,0.09524752600191277,0.04375392341330553,0.051493602588607246,0.7332554483632976,102.22663691284083,-0.17000000000007276,0,0,116,Explotacion activa
117,1,EHO,poblacional,905.0646909169043,905.0646909169043,True,False,0.09424382946485821,0.0455215409702987,0.04872228849455951,0.7287105320409409,101.02092774921982,-0.17000000000007276,0,0,117,Explotacion activa
118,1,EHO,poblacional,905.0646909169043,905.0646909169043,True,False,0.10363972232937613,0.035776662545572435,0.06786305978380369,0.7219986504736198,100.03135477299018,-0.17000000000007276,1,0,118,Explotacion activa
119,1,EHO,poblacional,905.0646380231614,905.0646380231614,True,False,0.10257549201958227,0.03727545760864359,0.06530003441093868,0.6854203658066693,99.04178179676056,-0.17000000000007276,0,0,119,Explotacion activa
120,1,EHO,poblacional,905.064566178115,905.064566178115,True,False,0.10229192809697452,0.037731089185854216,0.0645608389111203,0.6095017581724278,98.05220882053081,-0.17000000000007276,0,0,120,Explotacion activa
121,1,EHO,poblacional,905.0644914287225,905.0644914287225,True,False,0.10250881561114511,0.0376954130173317,0.06481340259381341,0.5959503101567748,92.007307044195,-0.17000000000007276,0,0,121,Explotacion activa
122,1,EHO,poblacional,905.0644914287225,905.0644914287225,True,False,0.1091896364674767,0.031065441754435597,0.0781241947130411,0.5390053974415193,85.96240526785905,-0.17000000000007276,1,0,122,Explotacion activa
123,1,EHO,poblacional,905.0644914287225,905.0644914287225,True,False,0.10883895149163436,0.031699024451881996,0.07713992703975237,0.45840209688805084,79.91750349152326,-0.16991257961554992,2,0,123,Explotacion activa
124,1,EHO,poblacional,905.0644634858995,905.0644634858995,True,False,0.11454766238171032,0.02605802173638949,0.08848964064532083,0.43111906045351134,72.39263333844802,-0.16930063692389014,0,0,124,Explotacion activa
125,1,EHO,poblacional,905.0643897092149,905.0643897092149,True,False,0.11448457883398078,0.025763134705357515,0.08872144412862326,0.4194855423052104,64.12777899700313,-0.16911204007925562,0,0,125,Explotacion activa
126,1,EHO,poblacional,905.0643615711961,905.0643615711961,True,False,0.11309820748033417,0.027398425335832144,0.08569978214450202,0.41333630778829045,55.86292465555785,-0.16878649977284113,0,0,126,Explotacion activa
127,1,EHO,poblacional,905.0642747669154,905.0642747669154,True,False,0.11158024613598627,0.028984782582824664,0.08259546355316161,0.4052482640635844,50.14284291027,-0.16769525496495136,0,0,127,Explotacion activa
128,1,EHO,poblacional,905.0642147658011,905.0642147658011,True,False,0.11098093885686922,0.0299962587311029,0.08098468012576632,0.39276864778091747,49.512306357295515,-0.16741574513980595,0,0,128,Explotacion activa
129,1,EHO,poblacional,905.0642147658011,905.0642147658011,True,False,0.11350902669960306,0.027498525890109704,0.08601050080949335,0.38125817647277244,48.88176980432103,-0.16733333333331757,1,0,129,Explotacion activa
130,1,EHO,poblacional,905.0641374711231,905.0641374711231,True,False,0.11206496348768269,0.029186196569526146,0.08287876691815654,0.37201580347687013,48.25123325134655,-0.16733333333331757,0,0,130,Explotacion activa
131,1,EHO,poblacional,905.0638962280058,905.0638962280058,True,False,0.11371904672921573,0.026914293560821534,0.0868047531683942,0.36590554368226547,42.91603691028217,-0.16733333333331757,0,0,131,Explotacion activa
132,1,EHO,poblacional,905.0638695424824,905.0638695424824,True,False,0.11912020876604856,0.021240986408088247,0.09787922235796032,0.3540686786302103,37.580840569218054,-0.16733333333331757,0,0,132,Explotacion activa
133,1,EHO,poblacional,905.0638695424824,905.0638695424824,True,False,0.11758896264018404,0.02280692919316607,0.09478203344701797,0.3386673948235511,32.245644228153935,-0.1670313401764247,1,0,133,Explotacion activa
134,1,EHO,poblacional,905.0638654822961,905.0638654822961,True,False,0.11654734658793586,0.023934255693234263,0.0926130908947016,0.3276493221477949,30.201376429671377,-0.16491738807817458,0,0,134,Explotacion activa
135,1,EHO,poblacional,905.0637788349463,905.0637788349463,True,False,0.11497884343305032,0.025576150131996656,0.08940269330105366,0.23288806064579148,29.802572902479483,-0.14104112569458493,0,0,135,Explotacion activa
136,1,EHO,poblacional,905.0637788349463,905.0637788349463,True,False,0.11374546329727764,0.02714027115382578,0.08660519214345186,0.13994975464572687,29.40376937528757,-0.11661938466986618,1,0,136,Explotacion activa
137,1,EHO,poblacional,905.063688771222,905.063688771222,True,False,0.1143431553210803,0.026815030480861424,0.08752812484021888,0.13531202622675664,29.099903851281837,-0.11259625732766386,0,0,137,Explotacion activa
138,1,EHO,poblacional,905.063564213281,905.063564213281,True,False,0.11774919697415953,0.022992638009895927,0.0947565589642636,0.1305911711602903,28.985914333648406,-0.10240837876060604,0,0,138,Explotacion activa
139,1,EHO,poblacional,905.063564213281,905.063564213281,True,False,0.117886599230701,0.023130595221232397,0.0947560040094686,0.12615507732709827,28.87192481601497,-0.09446302530835739,1,0,139,Explotacion activa
140,1,EHO,poblacional,905.063564213281,905.063564213281,True,False,0.11667010849248527,0.024680419292735678,0.09198968919974959,0.1221171377266046,28.75793529838154,-0.09087765005915571,2,0,140,Explotacion activa
141,1,EHO,poblacional,905.0635290788845,905.0635290788845,True,False,0.12042895919489638,0.021221424271629985,0.0992075349232664,0.11135581978231808,28.400012361263222,-0.07116938817507648,0,0,141,Explotacion activa
142,1,EHO,poblacional,905.0635161957226,905.0635161957226,True,False,0.12240795320315101,0.019016307514334585,0.10339164568881642,0.1053238067374423,28.042089424144923,-0.06109478337616569,0,0,142,Explotacion activa
143,1,EHO,poblacional,905.0634767877839,905.0634767877839,True,False,0.12229629180092161,0.019060027905993593,0.10323626389492802,0.1014786055328045,27.684166487026623,-0.055564242307514354,0,0,143,Explotacion activa
144,1,EHO,poblacional,905.0634714485279,905.0634714485279,True,False,0.12115115888491346,0.020369849510530003,0.10078130937438345,0.0894724033222473,26.87648938768856,-0.033946626737156385,0,0,144,Explotacion activa
145,1,EHO,poblacional,905.0634714485279,905.0634714485279,True,False,0.12124108492798769,0.020343766668588614,0.10089731825939907,0.07640502176565178,25.843935207240634,-0.010257194064195119,1,0,145,Explotacion activa
146,1,EHO,poblacional,905.0634696814986,905.0634696814986,True,False,0.12145542609232507,0.020236132755030667,0.1012192933372944,0.0626753789049871,24.811381026792656,0.014877595716074686,0,0,146,Explotacion activa
147,1,EHO,poblacional,905.0634621116417,905.0634621116417,True,False,0.12053724459212845,0.02146493801762972,0.09907230657449873,0.048351262130188415,23.778988529104613,0.0415539611620144,0,0,147,Explotacion activa
148,1,EHO,poblacional,905.0634530098021,905.0634530098021,True,False,0.12105899493792549,0.02111603283231034,0.09994296210561515,0.04592879897136299,22.746919396936327,0.04632564689622994,0,0,148,Explotacion activa
149,1,EHO,poblacional,905.0634291135483,905.0634291135483,True,False,0.12186771160043008,0.020169591054468583,0.1016981205459615,0.04563107988191177,21.714850264768042,0.04749300168863328,0,0,149,Explotacion activa
150,1,EHO,poblacional,905.0634194356631,905.0634194356631,True,False,0.12276605473721247,0.019073851730581737,0.10369220300663073,0.0455215409702987,20.682781132599757,0.04872228849455951,0,0,150,Explotacion activa
151,1,EHO,poblacional,905.0633921768422,905.0633921768422,True,False,0.12178846540916766,0.020173103610886756,0.1016153617982809,0.044284208680403475,17.830057868267268,0.050030197702881175,0,0,151,Explotacion activa
152,1,EHO,poblacional,905.0633669379414,905.0633669379414,True,False,0.12084797297859495,0.021297594391967323,0.09955037858662763,0.04366801927685628,14.97733460393491,0.0509518791678829,0,0,152,Explotacion activa
153,1,EHO,poblacional,905.0633345639905,905.0633345639905,True,False,0.12068177594676399,0.021616174435393987,0.09906560151137,0.04346437181384317,12.124611339602556,0.05165734371130383,0,0,153,Explotacion activa
154,1,EHO,poblacional,905.0632993847795,905.0632993847795,True,False,0.12178154564742272,0.020566975016095057,0.10121457063132766,0.04294083300546844,11.077227614498131,0.05280353157017998,0,0,154,Explotacion activa
155,1,EHO,poblacional,905.0632549959515,905.0632549959515,True,False,0.12158355669237153,0.020857547714854263,0.10072600897751727,0.040261169837322086,10.932513659007611,0.058845926363346734,0,0,155,Explotacion activa
156,1,EHO,poblacional,905.0631968952529,905.0631968952529,True,False,0.12295329696723911,0.019418095239643662,0.10353520172759545,0.03772395395214971,10.787799703517084,0.06461135164765892,0,0,156,Explotacion activa
157,1,EHO,poblacional,905.0631765856036,905.0631765856036,True,False,0.12368091894575173,0.018716243121843945,0.10496467582390778,0.037698980634183955,10.68573917654029,0.06478814622554409,0,0,157,Explotacion activa
158,1,EHO,poblacional,905.0631765856036,905.0631765856036,True,False,0.12299985205243047,0.019754423319341186,0.10324542873308928,0.037443439772118836,10.668985506590934,0.06510538168408857,1,0,158,Explotacion activa
159,1,EHO,poblacional,905.0631580541313,905.0631580541313,True,False,0.12456945437600098,0.018492294648467578,0.1060771597275334,0.03682581908972224,10.65223183664158,0.06606894202279817,0,0,159,Explotacion activa
160,1,EHO,poblacional,905.0631060547089,905.0631060547089,True,False,0.1305112960792485,0.012286417542782146,0.11822487853646635,0.035776662545572435,10.635478166692224,0.06786305978380369,0,0,160,Explotacion activa
161,1,EHO,poblacional,905.0631031020486,905.0631031020486,True,False,0.1306112363444072,0.01227897779858722,0.11833225854581997,0.03292231587998912,10.51047246594597,0.07435686686296766,0,0,161,Explotacion activa
162,1,EHO,poblacional,905.0630774096253,905.0630774096253,True,False,0.12992344128963396,0.013071110655687335,0.11685233063394662,0.03144559137290344,10.385466765199723,0.07753363410906786,0,0,162,Explotacion activa
163,1,EHO,poblacional,905.0630495092263,905.0630495092263,True,False,0.12946266519873006,0.01376933832409577,0.1156933268746343,0.030958523452102326,10.260461064453475,0.07841024325431362,0,0,163,Explotacion activa
164,1,EHO,poblacional,905.063000452396,905.063000452396,True,False,0.1311433654004759,0.012034947730171552,0.11910841767030433,0.030210095335769432,10.14058154464203,0.08041258304322127,0,0,164,Explotacion activa
165,1,EHO,poblacional,905.063000452396,905.063000452396,True,False,0.13069831618338412,0.012813330280550872,0.11788498590283325,0.029591227650314522,10.023265115297988,0.08179007183946396,1,0,165,Explotacion activa
166,1,EHO,poblacional,905.063000452396,905.063000452396,True,False,0.13279259006640132,0.010889801101484409,0.12190278896491691,0.02914591377218585,9.905948685953941,0.0826521242261606,2,0,166,Explotacion activa
167,1,EHO,poblacional,905.0629311440564,905.0629311440564,True,False,0.13526037108306355,0.007910690036055712,0.12734968104700783,0.02900492398149481,9.454684680440836,0.08285043658165704,0,0,167,Explotacion activa
168,1,EHO,poblacional,905.0629311440564,905.0629311440564,True,False,0.1347233369751848,0.008543759260646766,0.12617957771453803,0.028093028567195685,8.335525522589707,0.08457137605396381,1,0,168,Explotacion activa
169,1,EHO,poblacional,905.0629034666289,905.0629034666289,True,False,0.13415440903474973,0.009204505912748573,0.12494990312200116,0.027468495723826435,7.216366364738577,0.08579299774399943,0,0,169,Explotacion activa
170,1,EHO,poblacional,905.062865526017,905.062865526017,True,False,0.13440578935421854,0.00884916128131863,0.1255566280728999,0.027398425335832144,6.097207206887447,0.08601050080949335,0,0,170,Explotacion activa
171,1,EHO,poblacional,905.0628575069836,905.0628575069836,True,False,0.13414750011224896,0.009134238326851118,0.12501326178539784,0.027217717408427686,5.221244694189751,0.0864267847432643,0,0,171,Explotacion activa
172,1,EHO,poblacional,905.0628575069836,905.0628575069836,True,False,0.1345670382897879,0.008610688903559094,0.1259563493862288,0.02704988011662408,4.345282181492096,0.08668501655342879,1,0,172,Explotacion activa
173,1,EHO,poblacional,905.0628479062922,905.0628479062922,True,False,0.13407218840688984,0.00907939271678515,0.12499279569010469,0.026904367252825523,3.469319668794441,0.08687709033557667,0,0,173,Explotacion activa
174,1,EHO,poblacional,905.0628384410303,905.0628384410303,True,False,0.13344766257534957,0.009712400214425543,0.12373526236092403,0.026834883096853446,3.144864317631049,0.08738345050585394,0,0,174,Explotacion activa
175,1,EHO,poblacional,905.0628227839849,905.0628227839849,True,False,0.13288087258752057,0.010308053878816281,0.12257281870870429,0.026436526108625458,3.096162547234769,0.08800888274276986,0,0,175,Explotacion activa
176,1,EHO,poblacional,905.062805640195,905.062805640195,True,False,0.13245513800950448,0.010744999473558892,0.12171013853594559,0.025999044330183095,3.0474607768384865,0.08853600134198132,0,0,176,Explotacion activa
177,1,EHO,poblacional,905.062805640195,905.062805640195,True,False,0.13216608215248016,0.011128415731491259,0.1210376664209889,0.025792623408460714,3.011361607456979,0.08869826378029301,1,0,177,Explotacion activa
178,1,EHO,poblacional,905.0627949398141,905.0627949398141,True,False,0.1322454610872228,0.011069598106473677,0.12117586298074912,0.025650943961341,3.0004676401050117,0.0891301936320815,0,0,178,Explotacion activa
179,1,EHO,poblacional,905.0627650863901,905.0627650863901,True,False,0.13192291990117155,0.01144328871032485,0.1204796311908467,0.02530743088021836,2.989573672753045,0.09017879207066243,0,0,179,Explotacion activa
180,1,EHO,poblacional,905.0627564932639,905.0627564932639,True,False,0.1321557704152383,0.011288466480209536,0.12086730393502876,0.024680419292735678,2.9786797054010776,0.09198968919974959,0,0,180,Explotacion activa
181,1,EHO,poblacional,905.062718106689,905.062718106689,True,False,0.13227187483789749,0.011205369610138405,0.12106650522775908,0.024158104773084686,2.8588658746472855,0.09242607038621599,0,0,181,Explotacion activa
182,1,EHO,poblacional,905.0627146884112,905.0627146884112,True,False,0.13275880462515488,0.010886400611980207,0.12187240401317467,0.023612791504433517,2.7390520438934995,0.09347025614060837,0,0,182,Explotacion activa
183,1,EHO,poblacional,905.0626807231158,905.0626807231158,True,False,0.13319850491177476,0.010484865157991408,0.12271363975378335,0.02311679950009875,2.619238213139713,0.0947560595049481,0,0,183,Explotacion activa
184,1,EHO,poblacional,905.0626777445921,905.0626777445921,True,False,0.13392324820415524,0.009774840506224791,0.12414840769793045,0.02302022945216322,2.563319517180207,0.0947564479733046,0,0,184,Explotacion activa
185,1,EHO,poblacional,905.0626539853566,905.0626539853566,True,False,0.1348973610096209,0.008632830141550585,0.12626453086807032,0.022899783601531,2.5393483886178387,0.09476929620564079,0,0,185,Explotacion activa
186,1,EHO,poblacional,905.0626539853566,905.0626539853566,True,False,0.13504387343243707,0.008566450560465455,0.1264774228719716,0.02256877824161165,2.5153772600554696,0.0954014712292064,1,0,186,Explotacion activa
187,1,EHO,poblacional,905.0626526438859,905.0626526438859,True,False,0.1346628744128111,0.009090392278153558,0.12557248213465755,0.021735249911171196,2.4841256195659738,0.09756950346686605,0,0,187,Explotacion activa
188,1,EHO,poblacional,905.0626503533656,905.0626503533656,True,False,0.1347914093773852,0.009060680347829475,0.12573072902955573,0.021525432584735427,2.4383129552222265,0.09859104985000612,0,0,188,Explotacion activa
189,1,EHO,poblacional,905.0626407391946,905.0626407391946,True,False,0.1357623272992896,0.008018012610932601,0.127744314688357,0.021414734929931,2.3925002908784787,0.09906761303030862,0,0,189,Explotacion activa
190,1,EHO,poblacional,905.0626404946072,905.0626404946072,True,False,0.13558105456957037,0.008394992902481135,0.12718606166708923,0.021297594391967323,2.346687626534731,0.09907230657449873,0,0,190,Explotacion activa
191,1,EHO,poblacional,905.0626342780611,905.0626342780611,True,False,0.13594119083052192,0.008093044192037269,0.12784814663848465,0.02125796880325197,2.260852240807909,0.0991669664186361,0,0,191,Explotacion activa
192,1,EHO,poblacional,905.0626342780611,905.0626342780611,True,False,0.13634948370008715,0.007699163786128338,0.1286503199139588,0.021233161553504944,2.1750168550810915,0.09934467238861089,1,0,192,Explotacion activa
193,1,EHO,poblacional,905.0626305582132,905.0626305582132,True,False,0.13738252424150232,0.006646409889185634,0.1307361143523167,0.02121088512769802,2.089181469354274,0.09958963693852638,0,0,193,Explotacion activa
194,1,EHO,poblacional,905.0626244476476,905.0626244476476,True,False,0.13712680447565617,0.007022414637503971,0.1301043898381522,0.021137111120174266,2.0446189822344873,0.09986444540181764,0,0,194,Explotacion activa
195,1,EHO,poblacional,905.0626205994481,905.0626205994481,True,False,0.13692937846337827,0.007402267585348454,0.12952711087802982,0.0209867902735823,2.020692944418214,0.1003344855415662,0,0,195,Explotacion activa
196,1,EHO,poblacional,905.0626111225084,905.0626111225084,True,False,0.13851417900366414,0.005712347286021213,0.13280183171764293,0.02079943317510242,1.9967669066019416,0.1007370690568905,0,0,196,Explotacion activa
197,1,EHO,poblacional,905.0626090603454,905.0626090603454,True,False,0.1383331829490544,0.006034430997033269,0.13229875195202112,0.02059603228597098,1.9782145786657905,0.10077577933469684,0,0,197,Explotacion activa
198,1,EHO,poblacional,905.0626090603454,905.0626090603454,True,False,0.13885030907135842,0.005526191882722742,0.13332411718863568,0.020448699712756025,1.9704096704898801,0.10085091470539283,1,0,198,Explotacion activa
199,1,EHO,poblacional,905.0626090603454,905.0626090603454,True,False,0.13961553875708432,0.004682379811242754,0.13493315894584157,0.020362024657947585,1.9626047623139697,0.10099249397097765,2,0,199,Explotacion activa
200,1,EHO,poblacional,905.062605471977,905.062605471977,True,False,0.13959936542119067,0.004701862848378369,0.1348975025728123,0.020343766668588614,1.9547998541380593,0.10121457063132766,0,0,200,Explotacion activa
201,1,EHO,poblacional,905.0626030718837,905.0626030718837,True,False,0.13940717603884423,0.004956297948297106,0.13445087809054712,0.02026842292909805,1.954565819311631,0.10121787652550437,0,0,201,Explotacion activa
202,1,EHO,poblacional,905.0626030718837,905.0626030718837,True,False,0.139496491802106,0.0049227123049604415,0.13457377949714555,0.020210921097373102,1.9543317844852026,0.101377720721689,1,0,202,Explotacion activa
203,1,EHO,poblacional,905.0626027440142,905.0626027440142,True,False,0.13957150965677556,0.004883916726498683,0.13468759293027688,0.02017275235524494,1.9540977496587744,0.10162363767304897,0,0,203,Explotacion activa
204,1,EHO,poblacional,905.0626022765601,905.0626022765601,True,False,0.1398123713925088,0.004650369833939294,0.1351620015585695,0.020170293565752218,1.9012499050105127,0.10168156879642538,0,0,204,Explotacion activa
205,1,EHO,poblacional,905.0626022765601,905.0626022765601,True,False,0.14013585390284788,0.004356563564101634,0.13577929033874625,0.019962007186904884,1.8220951554513325,0.10246719222044473,1,0,205,Explotacion activa
206,1,EHO,poblacional,905.0626008908736,905.0626008908736,True,False,0.14002524138390982,0.004561312885584812,0.135463928498325,0.01968715770340168,1.742940405892156,0.10323809686256027,0,0,206,Explotacion activa
207,1,EHO,poblacional,905.0626004120337,905.0626004120337,True,False,0.1402611532382707,0.004445529619147237,0.13581562361912347,0.019451728047613415,1.6702776371976922,0.10324451224927315,0,0,207,Explotacion activa
208,1,EHO,poblacional,905.0625994877128,905.0625994877128,True,False,0.1409697665811791,0.0037453789989285724,0.13722438758225053,0.019211549134206505,1.610598830232651,0.10333315890652557,0,0,208,Explotacion activa
209,1,EHO,poblacional,905.0625984363297,905.0625984363297,True,False,0.14118351707406873,0.003654235274666462,0.13752928179940227,0.019069704583205293,1.5509200232676101,0.10343471250045014,0,0,209,Explotacion activa
210,1,EHO,poblacional,905.0625956003662,905.0625956003662,True,False,0.14213127800303482,0.0026635309241100913,0.13946774707892473,0.019060027905993593,1.4912412163025686,0.10353520172759545,0,0,210,Explotacion activa
211,1,EHO,poblacional,905.0625946183911,905.0625946183911,True,False,0.14221720729915432,0.0026844708896760494,0.13953273640947828,0.019029423631832288,1.4774613376006749,0.10364510262292015,0,0,211,Explotacion activa
212,1,EHO,poblacional,905.0625943600795,905.0625943600795,True,False,0.14306797861627274,0.0017858403589343652,0.14128213825733837,0.01889628175733833,1.4636814588987814,0.10420119213354154,0,0,212,Explotacion activa
213,1,EHO,poblacional,905.062593788184,905.062593788184,True,False,0.1431099495515582,0.0017834195781460949,0.1413265299734121,0.01869384827450631,1.4499015801968878,0.10507592421427034,0,0,213,Explotacion activa
214,1,EHO,poblacional,905.0625902928235,905.0625902928235,True,False,0.14366077504030272,0.0011580942837099428,0.14250268075659278,0.01853708434314285,1.4313740229168603,0.10585466294680826,0,0,214,Explotacion activa
215,1,EHO,poblacional,905.0625902928235,905.0625902928235,True,False,0.1436235748311674,0.0012217868168136192,0.14240178801435377,0.016130816486281674,1.4104726263477687,0.11088524330108385,1,0,215,Explotacion activa
216,1,EHO,poblacional,905.0625902928235,905.0625902928235,True,False,0.1436204005642594,0.001245235229134778,0.14237516533512462,0.01362969279041408,1.389571229778675,0.11592512762649675,2,0,216,Explotacion activa
217,1,EHO,poblacional,905.0625875513114,905.0625875513114,True,False,0.14364107811150006,0.0012416121934393232,0.14239946591806074,0.01314093342252818,1.3563100135155548,0.11673643025801539,0,0,217,Explotacion activa
218,1,EHO,poblacional,905.0625875002975,905.0625875002975,True,False,0.14385057688446068,0.0010160401330949753,0.1428345367513657,0.012916442430605456,1.2983291578643719,0.1174719237952786,0,0,218,Explotacion activa
219,1,EHO,poblacional,905.0625872138078,905.0625872138078,True,False,0.14382266867778526,0.001062227896341028,0.14276044078144423,0.012655256459220252,1.240348302213189,0.11798695369292317,0,0,219,Explotacion activa
220,1,EHO,poblacional,905.0625872138078,905.0625872138078,True,False,0.1439568954506285,0.0009290123119853888,0.14302788313864312,0.012286417542782146,1.1823674465620115,0.11822487853646635,1,0,220,Explotacion activa
221,1,EHO,poblacional,905.0625869098237,905.0625869098237,True,False,0.14393597248704282,0.0009763805493321343,0.14295959193771068,0.012281209721845699,1.171623870493283,0.11830004454301388,0,0,221,Explotacion activa
222,1,EHO,poblacional,905.0625868246544,905.0625868246544,True,False,0.14402757087486862,0.0009122385195041716,0.14311533235536444,0.012181365771220951,1.1608802944245546,0.1186427221956137,0,0,222,Explotacion activa
223,1,EHO,poblacional,905.0625865104578,905.0625865104578,True,False,0.1441783404038688,0.0007729693084002065,0.14340537109546858,0.011975781828186882,1.150136718355827,0.11924553902235856,0,0,223,Explotacion activa
224,1,EHO,poblacional,905.0625864782121,905.0625864782121,True,False,0.1442672538239549,0.0006954927581546144,0.14357176106580027,0.011561620514294189,1.039827172975506,0.1202053884867382,0,0,224,Explotacion activa
225,1,EHO,poblacional,905.0625864782121,905.0625864782121,True,False,0.1444931342854261,0.00044530580373702833,0.14404782848168907,0.011365877595267193,0.8797346429394111,0.12067346756293773,1,0,225,Explotacion activa
226,1,EHO,poblacional,905.0625864782121,905.0625864782121,True,False,0.14453134512814358,0.00040808520861901343,0.14412325991952457,0.01127184710619531,0.7196421129033008,0.12090137643222078,2,0,226,Explotacion activa
227,1,EHO,poblacional,905.0625864049673,905.0625864049673,True,False,0.14452044693905464,0.0004307405866939007,0.14408970635236074,0.011213679297145517,0.6080777831797025,0.12102063017239288,0,0,227,Explotacion activa
228,1,EHO,poblacional,905.0625863257817,905.0625863257817,True,False,0.14450945174189656,0.0004534751503797452,0.1440559765915168,0.011159197282950117,0.5935698540811015,0.121054969705051,0,0,228,Explotacion activa
229,1,EHO,poblacional,905.0625862734994,905.0625862734994,True,False,0.14458884992075127,0.0003686109452019082,0.14422023897554936,0.011110770443985984,0.5790619249824991,0.1210993125536561,0,0,229,Explotacion activa
230,1,EHO,poblacional,905.0625859968789,905.0625859968789,True,False,0.14463493812741035,0.0003160832441153616,0.144318854883295,0.011069598106473677,0.5645539958838981,0.12117586298074912,0,0,230,Explotacion activa
231,1,EHO,poblacional,905.0625858595624,905.0625858595624,True,False,0.14461890450400006,0.00033329556538319594,0.14428560893861686,0.01094374020298119,0.5624452809372996,0.12154985586938664,0,0,231,Explotacion activa
232,1,EHO,poblacional,905.0625858595624,905.0625858595624,True,False,0.1446142509415722,0.0003406718003589049,0.1442735791412133,0.010888440905682728,0.5603365659907011,0.12177504472683721,1,0,232,Explotacion activa
233,1,EHO,poblacional,905.0625858595624,905.0625858595624,True,False,0.1446137168011319,0.0003435326316321152,0.14427018416949977,0.010872260498138076,0.5582278510441028,0.12187544250834889,2,0,233,Explotacion activa
234,1,EHO,poblacional,905.0625858595624,905.0625858595624,True,False,0.1446028774981869,0.00035994962934182695,0.14424292786884507,0.010773279701243154,0.5555316371251591,0.12189671197456846,3,0,234,Explotacion activa
235,1,EHO,poblacional,905.0625858415879,905.0625858415879,True,False,0.14462871122736942,0.0003348140044181491,0.14429389722295127,0.01061493231577515,0.552541673720043,0.1222378038368106,0,0,235,Explotacion activa
236,1,EHO,poblacional,905.0625858307823,905.0625858307823,True,False,0.1446361707306778,0.00033550889975231257,0.1443006618309255,0.010449502902156382,0.5495517103149267,0.1226009829177201,0,0,236,Explotacion activa
237,1,EHO,poblacional,905.0625857805267,905.0625857805267,True,False,0.14465608376553973,0.0003224107784944863,0.14433367298704525,0.010325735006733793,0.5367127280639669,0.12269955764927544,0,0,237,Explotacion activa
238,1,EHO,poblacional,905.0625857209197,905.0625857209197,True,False,0.1446786779941931,0.0003046360803864445,0.14437404191380665,0.009988125855261386,0.5041757081213285,0.12332661331806775,0,0,238,Explotacion activa
239,1,EHO,poblacional,905.0625857209197,905.0625857209197,True,False,0.14474615796382295,0.00023227258452607202,0.14451388537929688,0.009756108418685017,0.47163868817868704,0.12385920596202595,1,0,239,Explotacion activa
240,1,EHO,poblacional,905.0625857089102,905.0625857089102,True,False,0.1447713949411309,0.0002127047886233413,0.14455869015250755,0.009712400214425543,0.4391016682360487,0.12414840769793045,0,0,240,Explotacion activa
241,1,EHO,poblacional,905.0625856967143,905.0625856967143,True,False,0.1447775456023237,0.00021387711694842437,0.14456366848537527,0.009356874203251663,0.4334139317816605,0.12470945449477994,0,0,241,Explotacion activa
242,1,EHO,poblacional,905.0625856945621,905.0625856945621,True,False,0.14479130552774677,0.0002053857693908867,0.14458591975835589,0.00917639887838959,0.42772619532727235,0.12496706014924257,0,0,242,Explotacion activa
243,1,EHO,poblacional,905.0625856830757,905.0625856830757,True,False,0.1448821504410489,0.00010863006309591583,0.144773520377953,0.009129853721981362,0.4220384588728847,0.12499484229963401,0,0,243,Explotacion activa
244,1,EHO,poblacional,905.0625856652586,905.0625856652586,True,False,0.14488211480681912,0.00011325762807246065,0.14476885717874666,0.009099161487893071,0.3945739720814323,0.1250091685663392,0,0,244,Explotacion activa
245,1,EHO,poblacional,905.062585643228,905.062585643228,True,False,0.14488209277624264,0.00011790722362547967,0.14476418555261716,0.009084892497469355,0.35622111012145297,0.12528494492914888,0,0,245,Explotacion activa
246,1,EHO,poblacional,905.0625856361781,905.0625856361781,True,False,0.1449553881382144,4.0318504147762724e-05,0.14491506963406664,0.009075650242994015,0.31786824816147,0.12555979888525143,0,0,246,Explotacion activa
247,1,EHO,poblacional,905.0625856361781,905.0625856361781,True,False,0.1449560313277516,4.070322040661267e-05,0.14491532810734498,0.009062551584725043,0.28840209688797724,0.1255708967284818,1,0,247,Explotacion activa
248,1,EHO,poblacional,905.0625855927652,905.0625855927652,True,False,0.14496250708521075,3.401606181796524e-05,0.14492849102339278,0.008933768907922966,0.27670936698746096,0.12566743027159646,0,0,248,Explotacion activa
249,1,EHO,poblacional,905.0625855849547,905.0625855849547,True,False,0.1449622615006092,3.564491487395571e-05,0.14492661658573525,0.008784261939388216,0.26501663708694356,0.12579841513655765,0,0,249,Explotacion activa
250,1,EHO,poblacional,905.0625855849547,905.0625855849547,True,False,0.14496970344021065,2.8154246365375002e-05,0.14494154919384528,0.008632830141550585,0.2533239071864273,0.1259563493862288,1,0,250,Explotacion activa
251,1,EHO,poblacional,905.0625855793559,905.0625855793559,True,False,0.14497134863131578,2.6929635509986838e-05,0.1449444189958058,0.00861733127495654,0.2512914030565752,0.12611260921604525,0,0,251,Explotacion activa
252,1,EHO,poblacional,905.0625855743306,905.0625855743306,True,False,0.14497863103258624,1.875405973805755e-05,0.14495987697284818,0.008592993566321637,0.24925889892672315,0.12621355897595093,0,0,252,Explotacion activa
253,1,EHO,poblacional,905.0625855675767,905.0625855675767,True,False,0.1449786850126884,1.8729570456343936e-05,0.14495995544223206,0.008564181430483585,0.24722639479687128,0.12628582006846045,0,0,253,Explotacion activa
254,1,EHO,poblacional,905.0625855675767,905.0625855675767,True,False,0.14497807923805794,1.9640205891846563e-05,0.1449584390321661,0.008548297520610504,0.24454980801544918,0.12643484447119135,1,0,254,Explotacion activa
255,1,EHO,poblacional,905.0625855653445,905.0625855653445,True,False,0.14497756909952386,2.0553073454721016e-05,0.14495701602606914,0.00846937608156395,0.24155117990824237,0.12683174226953042,0,0,255,Explotacion activa
256,1,EHO,poblacional,905.0625855571511,905.0625855571511,True,False,0.14497941724459906,1.9276790681033162e-05,0.14496014045391803,0.008334603160392362,0.2385525518010353,0.12721878554307295,0,0,256,Explotacion activa
257,1,EHO,poblacional,905.0625855570471,905.0625855570471,True,False,0.14498147575841358,1.774914255747717e-05,0.1449637266158561,0.008123239063081654,0.2349886989272701,0.12733331910901596,0,0,257,Explotacion activa
258,1,EHO,poblacional,905.0625855545914,905.0625855545914,True,False,0.14498288246909397,1.6951863813119417e-05,0.14496593060528085,0.008048025243374467,0.23029439652038936,0.12758646123181733,0,0,258,Explotacion activa
259,1,EHO,poblacional,905.062585545906,905.062585545906,True,False,0.14499009013889008,9.380840992889716e-06,0.1449807092978972,0.007985815838469535,0.2256000941135082,0.1277754642733953,0,0,259,Explotacion activa
260,1,EHO,poblacional,905.0625855450614,905.0625855450614,True,False,0.14499334333106617,5.7131658195430646e-06,0.14498763016524663,0.007910690036055712,0.2209057917066275,0.12784814663848465,0,0,260,Explotacion activa
261,1,EHO,poblacional,905.062585536298,905.062585536298,True,False,0.14499302972546957,6.036430249878322e-06,0.1449869932952197,0.00776262166110655,0.2151137699557578,0.12840966793131656,0,0,261,Explotacion activa
262,1,EHO,poblacional,905.0625855327706,905.0625855327706,True,False,0.14499274991192124,6.3632220417275676e-06,0.1449863866898795,0.007580405305816383,0.2093217482048881,0.1290010362995872,0,0,262,Explotacion activa
263,1,EHO,poblacional,905.0625855266981,905.0625855266981,True,False,0.14499255690134305,6.6960864160137135e-06,0.14498586081492704,0.007364282290564002,0.20352972645401896,0.12958483877404206,0,0,263,Explotacion activa
264,1,EHO,poblacional,905.0625855164288,905.0625855164288,True,False,0.14499290960975486,6.4999828737200005e-06,0.14498640962688114,0.007098385227072869,0.20011145498131086,0.1299889340461277,0,0,264,Explotacion activa
265,1,EHO,poblacional,905.0625855142796,905.0625855142796,True,False,0.14499308732979443,6.503123358925222e-06,0.1449865842064355,0.006834412263344802,0.19788005864768365,0.13042025209523445,0,0,265,Explotacion activa
266,1,EHO,poblacional,905.0625855129207,905.0625855129207,True,False,0.14499426552583827,5.313316705723992e-06,0.14498895220913255,0.006524014110755159,0.19564866231405623,0.13104864187225757,0,0,266,Explotacion activa
267,1,EHO,poblacional,905.0625855016409,905.0625855016409,True,False,0.14499561059835742,3.803994900408725e-06,0.144991806603457,0.006095628886248502,0.19170243213638913,0.13214248819205066,0,0,267,Explotacion activa
268,1,EHO,poblacional,905.0625854999237,905.0625854999237,True,False,0.14499543716578955,4.02499097162945e-06,0.14499141217481792,0.0058411807704260325,0.18432653427064438,0.1326005998113942,0,0,268,Explotacion activa
269,1,EHO,poblacional,905.0625854977533,905.0625854977533,True,False,0.14499558341469765,3.887871343977167e-06,0.14499169554335367,0.005656500665031672,0.17695063640489891,0.13295851735894074,0,0,269,Explotacion activa
270,1,EHO,poblacional,905.0625854977533,905.0625854977533,True,False,0.1449957644578035,3.7331521980377147e-06,0.14499203130560545,0.005526191882722742,0.16957473853915417,0.13332411718863568,1,0,270,Explotacion activa
271,1,EHO,poblacional,905.0625854959974,905.0625854959974,True,False,0.14499571925102828,3.8693029864589334e-06,0.14499184994804182,0.005127266128624795,0.16505270739237385,0.13411284981997368,0,0,271,Explotacion activa
272,1,EHO,poblacional,905.0625854950093,905.0625854950093,True,False,0.1449959206636322,3.7242618873278843e-06,0.14499219640174488,0.00494286369096244,0.16053067624559356,0.1345000386531865,0,0,272,Explotacion activa
273,1,EHO,poblacional,905.0625854944218,905.0625854944218,True,False,0.14499626947008437,3.3784023116822937e-06,0.1449928910677727,0.004918832747114265,0.15600864509881368,0.13458516084045868,0,0,273,Explotacion activa
274,1,EHO,poblacional,905.0625854921582,905.0625854921582,True,False,0.14499678532990856,2.8905853923788527e-06,0.14499389474451618,0.004891675842191035,0.15260039817255786,0.1346648302436506,0,0,274,Explotacion activa
275,1,EHO,poblacional,905.0625854755327,905.0625854755327,True,False,0.14499686055069105,2.846785605470359e-06,0.14499401376508558,0.004792889787438526,0.14974908096695572,0.1347925477515446,0,0,275,Explotacion activa
276,1,EHO,poblacional,905.0625854710775,905.0625854710775,True,False,0.14499678453103115,3.0118862923700362e-06,0.14499377264473878,0.0046979662409512455,0.14689774871719682,0.13490463384741816,0,0,276,Explotacion activa
277,1,EHO,poblacional,905.0625854708902,905.0625854708902,True,False,0.14499781764868658,1.8747869034996256e-06,0.14499594286178308,0.004684328114956315,0.14499772193888702,0.13492959330853865,0,0,277,Explotacion activa
278,1,EHO,poblacional,905.0625854708902,905.0625854708902,True,False,0.14499792790581978,1.7623465282667894e-06,0.1449961655592915,0.004663173824860678,0.1449978838029665,0.13507046451347832,1,0,278,Explotacion activa
279,1,EHO,poblacional,905.0625854693153,905.0625854693153,True,False,0.14499784229781199,1.8779859374262742e-06,0.14499596431187456,0.0046236527494329495,0.14499786798021433,0.13525257964049614,0,0,279,Explotacion activa
280,1,EHO,poblacional,905.0625854693153,905.0625854693153,True,False,0.14499790138575008,1.8256598650623346e-06,0.14499607572588502,0.004561312885584812,0.14499790138575008,0.135463928498325,1,0,280,Explotacion activa
281,1,EHO,poblacional,905.0625854644358,905.0625854644358,True,False,0.14499792548213009,1.789820998965297e-06,0.14499613566113112,0.004480264599078509,0.1449979182532161,0.13568468178661988,0,0,281,Explotacion activa
282,1,EHO,poblacional,905.062585463912,905.062585463912,True,False,0.14499801669887802,1.697622337815119e-06,0.1449963190765402,0.004409943197128996,0.14499792645160597,0.13579382365089715,0,0,282,Explotacion activa
283,1,EHO,poblacional,905.062585462338,905.062585462338,True,False,0.14499792779736254,1.802860992938804e-06,0.1449961249363696,0.004295445107584323,0.14499792780820825,0.13595650001543616,0,0,283,Explotacion activa
284,1,EHO,poblacional,905.062585462338,905.062585462338,True,False,0.14499790433251292,1.8411358269077027e-06,0.144996063196686,0.0038676159119631864,0.14499792733431605,0.1369426347896251,1,0,284,Explotacion activa
285,1,EHO,poblacional,905.0625854621256,905.0625854621256,True,False,0.14499804418881013,1.6985524098345195e-06,0.1449963456364003,0.003699807136797517,0.14499792785159116,0.1373768346908264,0,0,285,Explotacion activa
286,1,EHO,poblacional,905.0625854610275,905.0625854610275,True,False,0.1449979715508789,1.7915552916747401e-06,0.14499617999558723,0.003460282397668377,0.1449979366348316,0.13791697485530674,0,0,286,Explotacion activa
287,1,EHO,poblacional,905.0625854605827,905.0625854605827,True,False,0.14499797664382186,1.8143472289011697e-06,0.14499616229659296,0.002781447328175085,0.14499796718637298,0.13927390055097244,0,0,287,Explotacion activa
288,1,EHO,poblacional,905.0625854599888,905.0625854599888,True,False,0.14499814103430708,1.6483897979924222e-06,0.1449964926445091,0.0026719069103364745,0.14499797460664468,0.13950674067725685,0,0,288,Explotacion activa
289,1,EHO,poblacional,905.062585459542,905.062585459542,True,False,0.14499811286032127,1.7094164377340348e-06,0.14499640344388354,0.0024002237545573757,0.1449979886603387,0.1400575569638363,0,0,289,Explotacion activa
290,1,EHO,poblacional,905.0625854594604,905.0625854594604,True,False,0.14499830336546893,1.5321144246627227e-06,0.14499677125104427,0.0017858403589343652,0.14499801669887802,0.14128213825733837,0,0,290,Explotacion activa
291,1,EHO,poblacional,905.0625854592786,905.0625854592786,True,False,0.14499835802155303,1.5033130011943285e-06,0.14499685470855184,0.001784145812382576,0.1449980359418305,0.14131321245859,0,0,291,Explotacion activa
292,1,EHO,poblacional,905.0625854592685,905.0625854592685,True,False,0.14499847600347948,1.3946377066531568e-06,0.14499708136577283,0.0015681458385415651,0.14499807165741457,0.14174598411809708,0,0,292,Explotacion activa
293,1,EHO,poblacional,905.0625854592316,905.0625854592316,True,False,0.14499871527129926,1.1540275863808347e-06,0.14499756124371288,0.0012448729255652325,0.14499811567771986,0.14237759539341824,0,0,293,Explotacion activa
294,1,EHO,poblacional,905.0625854590979,905.0625854590979,True,False,0.14499874428088333,1.1468810043879785e-06,0.14499759739987894,0.001242336800578414,0.14499813539950993,0.1423946058014735,0,0,294,Explotacion activa
295,1,EHO,poblacional,905.0625854584221,905.0625854584221,True,False,0.14499875342085033,1.1619715678534703e-06,0.14499759144928248,0.0012316995051264712,0.144998222199888,0.14240062696620726,0,0,295,Explotacion activa
296,1,EHO,poblacional,905.0625854581608,905.0625854581608,True,False,0.14499901020656125,8.783380280874553e-07,0.14499813186853316,0.0012090483101928839,0.14499831429668575,0.14242196656280157,0,0,296,Explotacion activa
297,1,EHO,poblacional,905.0625854571623,905.0625854571623,True,False,0.14499901695046447,8.712994485904346e-07,0.14499814565101588,0.00116446353702031,0.14499835255594462,0.14249259148236887,0,0,297,Explotacion activa
298,1,EHO,poblacional,905.0625854564103,905.0625854564103,True,False,0.14499903526950675,8.497009957864066e-07,0.14499818556851096,0.001100574451288593,0.1449984288107089,0.14265733677150366,0,0,298,Explotacion activa
299,1,EHO,poblacional,905.0625854558095,905.0625854558095,True,False,0.1449989981865656,8.916447313822573e-07,0.1449981065418342,0.0010483715673672124,0.14499854778382543,0.14278266957242067,0,0,299,Explotacion activa
300,1,EHO,poblacional,905.0625854554426,905.0625854554426,True,False,0.1449990098624312,8.812786518319626e-07,0.14499812858377936,0.0010160401330949753,0.14499871527129926,0.1428345367513657,0,0,300,Explotacion activa
301,2,ACO,poblacional,905.0625854554426,1896.987052028128,False,False,,,,,,,0,0,1,Llenando ventana
302,2,ACO,poblacional,905.0625854554426,1438.2215503914372,False,False,,,,,,,1,0,2,Llenando ventana
303,2,ACO,poblacional,905.0625854554426,1178.457717415618,False,False,,,,,,,2,0,3,Llenando ventana
304,2,ACO,poblacional,905.0625854554426,1448.4682462063615,False,False,,,,,,,3,0,4,Llenando ventana
305,2,ACO,poblacional,905.0625854554426,1159.105038951855,False,False,,,,,,,4,0,5,Llenando ventana
306,2,ACO,poblacional,905.0625854554426,1011.5711951946809,False,False,,,,,,,5,0,6,Llenando ventana
307,2,ACO,poblacional,905.0625854554426,1001.4722940219947,False,False,,,,,,,6,0,7,Llenando ventana
308,2,ACO,poblacional,905.0625854554426,1056.5600865370152,False,False,,,,,,,7,0,8,Llenando ventana
309,2,ACO,poblacional,905.0625854554426,976.4675328807416,False,False,,,,,,,8,0,9,Llenando ventana
310,2,ACO,poblacional,905.0625854554426,969.2089693252319,False,False,,,,,,,9,0,10,Llenando ventana
311,2,ACO,poblacional,905.0625854554426,959.5888726747319,False,False,,,,,,,10,0,11,Llenando ventana
312,2,ACO,poblacional,905.0625854554426,947.5664534264976,False,False,,,,,,,11,0,12,Llenando ventana
313,2,ACO,poblacional,905.0625854554426,959.5041471001302,False,False,,,,,,,12,0,13,Llenando ventana
314,2,ACO,poblacional,905.0625854554426,942.0540084914456,False,False,,,,,,,13,0,14,Llenando ventana
315,2,ACO,poblacional,905.0625854554426,956.6097980134917,False,False,,,,,,,14,0,15,Llenando ventana
316,2,ACO,poblacional,905.0625854554426,999.9574414580576,False,False,,,,,,,15,0,16,Llenando ventana
317,2,ACO,poblacional,905.0625854554426,964.443278112035,False,False,,,,,,,16,0,17,Llenando ventana
318,2,ACO,poblacional,905.0625854554426,946.4546416545104,False,False,,,,,,,17,0,18,Llenando ventana
319,2,ACO,poblacional,905.0625854554426,928.4841215120607,False,False,,,,,,,18,0,19,Llenando ventana
320,2,ACO,poblacional,905.0625854554426,936.2008887163261,False,False,,,,,,,19,0,20,Llenando ventana
321,2,ACO,poblacional,905.0625854554426,927.466830626023,False,False,,,,,,,20,0,21,Llenando ventana
322,2,ACO,poblacional,905.0625854554426,952.7629539239746,False,False,,,,,,,21,0,22,Llenando ventana
323,2,ACO,poblacional,905.0625854554426,925.7302764977485,False,False,,,,,,,22,0,23,Llenando ventana
324,2,ACO,poblacional,905.0625854554426,927.1310345667787,False,False,,,,,,,23,0,24,Llenando ventana
325,2,ACO,poblacional,905.0625854554426,934.0870077831752,False,False,,,,,,,24,0,25,Llenando ventana
326,2,ACO,poblacional,905.0625854554426,946.4189844751701,False,False,,,,,,,25,0,26,Llenando ventana
327,2,ACO,poblacional,905.0625854554426,909.0090839721984,False,False,,,,,,,26,0,27,Llenando ventana
328,2,ACO,poblacional,905.0625854554426,926.3692352720927,False,False,,,,,,,27,0,28,Llenando ventana
329,2,ACO,poblacional,905.0625854554426,923.9677822869944,False,False,,,,,,,28,0,29,Llenando ventana
330,2,ACO,poblacional,905.0625854554426,921.9005449937895,True,False,0.14499999999986812,0.0,0.14499999999986812,3.0,15.0,9.0,29,0,30,Explotacion activa
331,2,ACO,poblacional,905.0625854554426,937.7123337290858,True,False,0.14499999999986812,0.0,0.14499999999986812,3.0,15.0,9.0,30,0,31,Explotacion activa
332,2,ACO,poblacional,905.0625854554426,921.5891201894169,True,False,0.14499999999986812,0.0,0.14499999999986812,3.0,15.0,9.0,31,0,32,Explotacion activa
333,2,ACO,poblacional,905.0625854554426,916.077372932902,True,False,0.14499999999986812,0.0,0.14499999999986812,3.0,15.0,9.0,32,0,33,Explotacion activa
334,2,ACO,poblacional,905.0625854554426,917.7191969927815,True,False,0.14499999999986812,0.0,0.14499999999986812,3.0,15.0,9.0,33,0,34,Explotacion activa
335,2,ACO,poblacional,905.0625854554426,912.1083205168363,True,False,0.14499999999986812,0.0,0.14499999999986812,3.0,15.0,9.0,34,0,35,Explotacion activa
336,2,ACO,poblacional,905.0625854554426,913.6827368158038,True,False,0.14499999999986812,0.0,0.14499999999986812,3.0,15.0,9.0,35,0,36,Explotacion activa
337,2,ACO,poblacional,905.0625854554426,925.1062449827716,True,False,0.14499999999986812,0.0,0.14499999999986812,3.0,15.0,9.0,36,0,37,Explotacion activa
338,2,ACO,poblacional,905.0625854554426,921.5688982040804,True,False,0.14499999999986812,0.0,0.14499999999986812,3.0,15.0,9.0,37,0,38,Explotacion activa
339,2,ACO,poblacional,905.0625854554426,907.0121791515736,True,False,0.14499999999986812,0.0,0.14499999999986812,0.0,0.14499999999986812,0.14499999999986812,38,1,39,Explotacion activa
340,2,ACO,poblacional,905.0625854554426,932.7666782765416,True,False,0.14499999999986812,0.0,0.14499999999986812,0.0,0.14499999999986812,0.14499999999986812,39,2,40,Explotacion activa
341,2,ACO,poblacional,905.0625854554426,916.3300455649103,True,True,0.14499999999986812,0.0,0.14499999999986812,0.0,0.14499999999986812,0.14499999999986812,40,3,41,ESTANCAMIENTO (Fire)
342,3,WOA,poblacional,905.0625854554426,905.0625854554426,False,False,,,,,,,0,0,1,Llenando ventana
343,3,WOA,poblacional,905.0625854554426,905.0625854554426,False,False,,,,,,,1,0,2,Llenando ventana
344,3,WOA,poblacional,905.0625854554426,905.0625854554426,False,False,,,,,,,2,0,3,Llenando ventana
345,3,WOA,poblacional,905.0625854554426,905.0625854554426,False,False,,,,,,,3,0,4,Llenando ventana
346,3,WOA,poblacional,905.0625854554426,905.0625854554426,False,False,,,,,,,4,0,5,Llenando ventana
347,3,WOA,poblacional,905.0625854554426,905.0625854554426,False,False,,,,,,,5,0,6,Llenando ventana
348,3,WOA,poblacional,905.0625854554426,905.0625854554426,False,False,,,,,,,6,0,7,Llenando ventana
349,3,WOA,poblacional,905.0625854554426,905.0625854554426,False,False,,,,,,,7,0,8,Llenando ventana
350,3,WOA,poblacional,905.0625854554426,905.0625854554426,False,False,,,,,,,8,0,9,Llenando ventana
351,3,WOA,poblacional,905.0625854554426,905.0625854554426,False,False,,,,,,,9,0,10,Llenando ventana
352,3,WOA,poblacional,905.0625854554426,905.0625854554426,False,False,,,,,,,10,0,11,Llenando ventana
353,3,WOA,poblacional,905.0625854554426,905.0625854554426,False,False,,,,,,,11,0,12,Llenando ventana
354,3,WOA,poblacional,905.0625854554426,905.0625854554426,False,False,,,,,,,12,0,13,Llenando ventana
355,3,WOA,poblacional,905.0625854554426,905.0625854554426,False,False,,,,,,,13,0,14,Llenando ventana
356,3,WOA,poblacional,905.0625854554426,905.0625854554426,False,False,,,,,,,14,0,15,Llenando ventana
357,3,WOA,poblacional,905.0625854554426,905.0625854554426,False,False,,,,,,,15,0,16,Llenando ventana
358,3,WOA,poblacional,905.0625854554426,905.0625854554426,False,False,,,,,,,16,0,17,Llenando ventana
359,3,WOA,poblacional,905.0625854554426,905.0625854554426,False,False,,,,,,,17,0,18,Llenando ventana
360,3,WOA,poblacional,905.0625854554426,905.0625854554426,False,False,,,,,,,18,0,19,Llenando ventana
361,3,WOA,poblacional,905.0625854554426,905.0625854554426,False,False,,,,,,,19,0,20,Llenando ventana
362,3,WOA,poblacional,905.0625854554426,905.0625854554426,False,False,,,,,,,20,0,21,Llenando ventana
363,3,WOA,poblacional,905.0625854554426,905.0625854554426,False,False,,,,,,,21,0,22,Llenando ventana
364,3,WOA,poblacional,905.0625854554426,905.0625854554426,False,False,,,,,,,22,0,23,Llenando ventana
365,3,WOA,poblacional,905.0625854554426,905.0625854554426,False,False,,,,,,,23,0,24,Llenando ventana
366,3,WOA,poblacional,905.0625854554426,905.0625854554426,False,False,,,,,,,24,0,25,Llenando ventana
367,3,WOA,poblacional,905.0625854554426,905.0625854554426,False,False,,,,,,,25,0,26,Llenando ventana
368,3,WOA,poblacional,905.0625854554426,905.0625854554426,False,False,,,,,,,26,0,27,Llenando ventana
369,3,WOA,poblacional,905.0625854554426,905.0625854554426,False,False,,,,,,,27,0,28,Llenando ventana
370,3,WOA,poblacional,905.0625854554426,905.0625854554426,False,False,,,,,,,28,0,29,Llenando ventana
371,3,WOA,poblacional,905.0625854553492,905.0625854553492,True,False,0.14499999962652055,9.333689376944676e-11,0.14499999953318365,3.0,15.0,9.0,0,0,30,Explotacion activa
372,3,WOA,poblacional,905.0625854552197,905.0625854552197,True,False,0.14499999901522642,3.161630957038142e-10,0.14499999869906333,3.0,15.0,9.0,0,0,31,Explotacion activa
373,3,WOA,poblacional,905.0625854549119,905.0625854549119,True,False,0.1449999975609444,8.468532541883178e-10,0.14499999671409114,3.0,15.0,9.0,0,0,32,Explotacion activa
374,3,WOA,poblacional,905.0625854546831,905.0625854546831,True,False,0.14499999611530257,1.6062813301687129e-09,0.14499999450902123,3.0,15.0,9.0,0,0,33,Explotacion activa
375,3,WOA,poblacional,905.0625854546042,905.0625854546042,True,False,0.14499999504027983,2.4446080715279095e-09,0.14499999259567176,3.0,15.0,9.0,0,0,34,Explotacion activa
376,3,WOA,poblacional,905.0625854546008,905.0625854546008,True,False,0.14499999418831067,3.2863454180187546e-09,0.14499999090196525,3.0,15.0,9.0,0,0,35,Explotacion activa
377,3,WOA,poblacional,905.0625854546008,905.0625854546008,True,False,0.14499999334657332,4.1280827645096e-09,0.14499998921849055,3.0,15.0,9.0,1,0,36,Explotacion activa
378,3,WOA,poblacional,905.0625854546008,905.0625854546008,True,False,0.14499999250483597,4.969820111000445e-09,0.14499998753501586,3.0,15.0,9.0,2,0,37,Explotacion activa
379,3,WOA,poblacional,905.0625854545887,905.0625854545887,True,False,0.14499999161444066,5.823721949127503e-09,0.1449999857907187,3.0,15.0,9.0,0,0,38,Explotacion activa
380,3,WOA,poblacional,905.062585454563,905.062585454563,True,False,0.14499999065776592,6.703317012579646e-09,0.1449999839544489,1.3784529073745942e-09,0.14499999654899512,0.1449999951705422,0,0,39,Explotacion activa
381,3,WOA,poblacional,905.0625854544815,905.0625854544815,True,False,0.144999989452117,7.664425538678188e-09,0.14499998178769147,1.6062813301687129e-09,0.14499999611530257,0.14499999450902123,0,0,40,Explotacion activa
382,3,WOA,poblacional,905.0625854544509,905.0625854544509,True,False,0.14499998836868144,8.656115824123845e-09,0.14499997971256562,1.8577793525764717e-09,0.14499999579279574,0.1449999939350164,0,0,41,Explotacion activa
383,3,WOA,poblacional,905.0625854543437,905.0625854543437,True,False,0.1449999869481644,9.755012797540985e-09,0.1449999771931516,2.1092773749842306e-09,0.1449999954702889,0.14499999336101155,0,0,42,Explotacion activa
384,3,WOA,poblacional,905.0625854543366,905.0625854543366,True,False,0.1449999858210731,1.0860958354896866e-08,0.14499997496011474,2.3607753973919897e-09,0.1449999951477821,0.1449999927870067,0,0,43,Explotacion activa
385,3,WOA,poblacional,905.0625854543341,905.0625854543341,True,False,0.1449999847051231,1.1969405022682622e-08,0.14499997273571807,2.612955540826079e-09,0.144999994869886,0.14499999225693044,0,0,44,Explotacion activa
386,3,WOA,poblacional,905.0625854542953,905.0625854542953,True,False,0.14499998344160758,1.311661890213145e-08,0.14499997032498868,2.865476744773332e-09,0.14499999461429525,0.1449999917488185,0,0,45,Explotacion activa
387,3,WOA,poblacional,905.0625854542851,905.0625854542851,True,False,0.14499998225346644,1.4274064596975222e-08,0.14499996797940184,3.1179979487205852e-09,0.1449999943587045,0.14499999124070656,0,0,46,Explotacion activa
388,3,WOA,poblacional,905.0625854542773,905.0625854542773,True,False,0.14499998106464318,1.5439354683621787e-08,0.1449999656252885,3.370519152667839e-09,0.14499999410413694,0.14499999073361777,0,0,47,Explotacion activa
389,3,WOA,poblacional,905.0625854542526,905.0625854542526,True,False,0.14499997980067292,1.662931481405394e-08,0.1449999631713581,3.623040356615092e-09,0.14499999385161572,0.14499999022857538,0,0,48,Explotacion activa
390,3,WOA,poblacional,905.0625854542185,905.0625854542185,True,False,0.14499997847428858,1.785338099580258e-08,0.1449999606209076,3.8755615605623465e-09,0.14499999359909452,0.14499998972353295,0,0,49,Explotacion activa
391,3,WOA,poblacional,905.0625854541925,905.0625854541925,True,False,0.14499997714608526,1.910348146338947e-08,0.1449999580426038,4.1280827645096e-09,0.14499999334657332,0.14499998921849055,0,0,50,Explotacion activa
392,3,WOA,poblacional,905.0625854541536,905.0625854541536,True,False,0.1449999757404612,2.0392462829477154e-08,0.14499995534799837,4.380603968456853e-09,0.14499999309405212,0.14499998871344816,0,0,51,Explotacion activa
393,3,WOA,poblacional,905.0625854541186,905.0625854541186,True,False,0.14499997431141765,2.1716459741583094e-08,0.1449999525949579,4.633125172404106e-09,0.14499999284153092,0.14499998820840573,0,0,52,Explotacion activa
394,3,WOA,poblacional,905.0625854541134,905.0625854541134,True,False,0.1449999729669571,2.3045572561386507e-08,0.14499994992138454,4.88564637635136e-09,0.1449999925890097,0.14499998770336334,0,0,53,Explotacion activa
395,3,WOA,poblacional,905.0625854540776,905.0625854540776,True,False,0.14499997149459887,2.441049673507223e-08,0.14499994708410213,5.140600478625856e-09,0.14499999232675692,0.14499998718615642,0,0,54,Explotacion activa
396,3,WOA,poblacional,905.0625854540658,905.0625854540658,True,False,0.14499997008238097,2.5787244339881e-08,0.14499994429513663,5.396771030063974e-09,0.14499999205963832,0.1449999866628673,0,0,55,Explotacion activa
397,3,WOA,poblacional,905.0625854540459,905.0625854540459,True,False,0.14499996881272637,2.7183887141291052e-08,0.14499994162883922,5.652941581502091e-09,0.1449999917925197,0.14499998613957815,0,0,56,Explotacion activa
398,3,WOA,poblacional,905.0625854540289,905.0625854540289,True,False,0.14499996779352387,2.8597582968359347e-08,0.1449999391959409,5.911681455472717e-09,0.14499999151877319,0.14499998560709174,0,0,57,Explotacion activa
399,3,WOA,poblacional,905.0625854539484,905.0625854539484,True,False,0.14499996711924723,3.009176907653455e-08,0.14499993702747815,6.17555997450836e-09,0.14499999123177076,0.14499998505621078,0,0,58,Explotacion activa
400,3,WOA,poblacional,905.0625854538487,905.0625854538487,True,False,0.1449999690785262,2.88855517283082e-08,0.14499994019297446,6.439438493544002e-09,0.14499999094476834,0.14499998450532986,0,0,59,Explotacion activa
401,3,WOA,poblacional,905.0625854537731,905.0625854537731,True,False,0.14499997200277903,2.6577026801533066e-08,0.14499994542575223,6.703317012579646e-09,0.14499999065776592,0.1449999839544489,0,0,60,Explotacion activa
402,3,WOA,poblacional,905.0625854537448,905.0625854537448,True,False,0.14499997937730313,1.8816081137629226e-08,0.144999960561222,6.991649570409207e-09,0.14499999029607125,0.14499998330442168,0,0,61,Explotacion activa
403,3,WOA,poblacional,905.0625854537284,905.0625854537284,True,False,0.14499998448525275,1.3137423593434505e-08,0.14499997134782916,7.2799821282387704e-09,0.14499998993437657,0.14499998265439445,0,0,62,Explotacion activa
404,3,WOA,poblacional,905.0625854537177,905.0625854537177,True,False,0.14499998562484961,1.1735892258002423e-08,0.14499997388895736,7.568314686068334e-09,0.1449999895726819,0.1449999820043672,0,0,63,Explotacion activa
405,3,WOA,poblacional,905.0625854537142,905.0625854537142,True,False,0.1449999848406378,1.25236283565755e-08,0.14499997231700945,7.862763595767318e-09,0.1449999892354299,0.1449999813726663,0,0,64,Explotacion activa
406,3,WOA,poblacional,905.062585453706,905.062585453706,True,False,0.14499998399696779,1.341845745628234e-08,0.14499997057851033,8.160270681401016e-09,0.14499998891039922,0.14499998075012854,0,0,65,Explotacion activa
407,3,WOA,poblacional,905.062585453679,905.062585453679,True,False,0.14499998323310592,1.4340230336529203e-08,0.14499996889287559,8.457777767034713e-09,0.14499998858536856,0.1449999801275908,0,0,66,Explotacion activa
408,3,WOA,poblacional,905.0625854536733,905.0625854536733,True,False,0.1449999828921591,1.490286649641348e-08,0.1449999679892926,8.766005521465558e-09,0.14499998822662974,0.1449999794606242,0,0,67,Explotacion activa
409,3,WOA,poblacional,905.0625854536523,905.0625854536523,True,False,0.14499998302540007,1.5068394532136153e-08,0.14499996795700554,9.095674613490702e-09,0.14499998780047463,0.14499997870480003,0,0,68,Explotacion activa
410,3,WOA,poblacional,905.0625854536441,905.0625854536441,True,False,0.14499998457256424,1.3541807675210293e-08,0.14499997103075657,9.425343705515843e-09,0.14499998737431952,0.14499997794897582,0,0,69,Explotacion activa
411,3,WOA,poblacional,905.0625854536412,905.0625854536412,True,False,0.14499998478265752,1.3464614312397316e-08,0.1449999713180432,9.755012797540985e-09,0.1449999869481644,0.1449999771931516,0,0,70,Explotacion activa
412,3,WOA,poblacional,905.0625854536403,905.0625854536403,True,False,0.14499998696055627,1.1059000826207921e-08,0.14499997590155544,1.0086796464747749e-08,0.14499998695683872,0.14499997680567275,0,0,71,Explotacion activa
413,3,WOA,poblacional,905.0625854536353,905.0625854536353,True,False,0.14499998653047896,1.1555925993889105e-08,0.14499997497455297,1.0418580131954514e-08,0.14499998695312116,0.1449999764181939,0,0,72,Explotacion activa
414,3,WOA,poblacional,905.0625854536195,905.0625854536195,True,False,0.1449999859471518,1.2198029253340792e-08,0.14499997374912255,1.0750363799161277e-08,0.14499998694940358,0.14499997603071507,0,0,73,Explotacion activa
415,3,WOA,poblacional,905.062585453606,905.062585453606,True,False,0.14499998631060862,1.176317709905561e-08,0.14499997454743152,1.0900566849159076e-08,0.1449999868646273,0.14499997571615494,0,0,74,Explotacion activa
416,3,WOA,poblacional,905.0625854536039,905.0625854536039,True,False,0.14499998602252617,1.2147665984230116e-08,0.1449999738748602,1.0959979590552393e-08,0.14499998673932168,0.1449999754380542,0,0,75,Explotacion activa
417,3,WOA,poblacional,905.0625854535991,905.0625854535991,True,False,0.1449999857036346,1.2598320608958602e-08,0.14499997310531398,1.1019392331945709e-08,0.14499998661401606,0.14499997515995347,0,0,76,Explotacion activa
418,3,WOA,poblacional,905.0625854535922,905.0625854535922,True,False,0.14499998586188667,1.254329617950134e-08,0.1449999733185905,1.1108693342976038e-08,0.14499998650849194,0.14499997497310915,0,0,77,Explotacion activa
419,3,WOA,poblacional,905.0625854535899,905.0625854535899,True,False,0.14499998631310973,1.2182795217086095e-08,0.1449999741303145,1.1257770893280394e-08,0.14499998644353126,0.14499997496877767,0,0,78,Explotacion activa
420,3,WOA,poblacional,905.0625854535897,905.0625854535897,True,False,0.14499998654457613,1.2030568541376851e-08,0.1449999745140076,1.1406848443584749e-08,0.1449999865347081,0.14499997496444622,0,0,79,Explotacion activa
421,3,WOA,poblacional,905.0625854535891,905.0625854535891,True,False,0.14499998714120466,1.1467477634141687e-08,0.14499997567372702,1.1467477634141687e-08,0.14499998654457613,0.14499997497455297,0,0,80,Explotacion activa
422,3,WOA,poblacional,905.0625854535888,905.0625854535888,True,False,0.1449999876263064,1.0981807463394944e-08,0.14499997664449893,1.118154386858805e-08,0.14499998682708792,0.1449999754639748,0,0,81,Explotacion activa
423,3,WOA,poblacional,905.0625854535824,905.0625854535824,True,False,0.14499998734424935,1.1364477359165903e-08,0.144999975979772,1.124228674598271e-08,0.14499998695312116,0.1449999757648584,0,0,82,Explotacion activa
424,3,WOA,poblacional,905.0625854535779,905.0625854535779,True,False,0.1449999878594781,1.0825715435203165e-08,0.14499997703376266,1.1051281489926624e-08,0.1449999869786211,0.1449999759093771,0,0,83,Explotacion activa
425,3,WOA,poblacional,905.0625854535715,905.0625854535715,True,False,0.14499998788835455,1.0977146303048357e-08,0.14499997691120825,1.099724613595754e-08,0.14499998710507497,0.14499997596412867,0,0,84,Explotacion activa
426,3,WOA,poblacional,905.0625854535613,905.0625854535613,True,False,0.14499998828478056,1.0884832590818405e-08,0.14499997739994797,1.097947688322165e-08,0.144999987242727,0.14499997631213546,0,0,85,Explotacion activa
427,3,WOA,poblacional,905.0625854535522,905.0625854535522,True,False,0.14499998870087438,1.0866983757296111e-08,0.14499997783389063,1.0958683560602368e-08,0.14499998740066075,0.1449999766978408,0,0,86,Explotacion activa
428,3,WOA,poblacional,905.0625854535506,905.0625854535506,True,False,0.1449999908237487,8.930555850383826e-09,0.14499998189319285,1.08940639620414e-08,0.14499998759810068,0.1449999768845373,0,0,87,Explotacion activa
429,3,WOA,poblacional,905.062585453548,905.062585453548,True,False,0.14499999335748726,6.3398601923836395e-09,0.14499998701762706,1.087412329070503e-08,0.14499998776620943,0.1449999769847409,0,0,88,Explotacion activa
430,3,WOA,poblacional,905.0625854535467,905.0625854535467,True,False,0.1449999952037615,4.373760020826012e-09,0.14499999083000148,1.0865176136576338e-08,0.14499998786814103,0.14499997708157936,0,0,89,Explotacion activa
431,3,WOA,poblacional,905.0625854535426,905.0625854535426,True,False,0.14499999578652023,3.754962563107256e-09,0.14499999203155767,1.0860958354896866e-08,0.14499998788835455,0.1449999771931516,0,0,90,Explotacion activa
432,3,WOA,poblacional,905.062585453538,905.062585453538,True,False,0.14499999605254743,3.470631781965494e-09,0.14499999258191565,1.0836288311111275e-08,0.14499998816585274,0.14499997733790906,0,0,91,Explotacion activa
433,3,WOA,poblacional,905.0625854535361,905.0625854535361,True,False,0.14499999622069026,3.3422793421777897e-09,0.14499999287841092,1.039743438013829e-08,0.1449999883183409,0.14499997757352504,0,0,92,Explotacion activa
434,3,WOA,poblacional,905.0625854535343,905.0625854535343,True,False,0.14499999620886683,3.4199274523416534e-09,0.14499999278893938,9.672567102825268e-09,0.14499998840190073,0.14499997802175812,0,0,93,Explotacion activa
435,3,WOA,poblacional,905.0625854535284,905.0625854535284,True,False,0.14499999633369498,3.3601281757000834e-09,0.1449999929735668,9.095447239815257e-09,0.1449999886344358,0.14499997933683062,0,0,94,Explotacion activa
436,3,WOA,poblacional,905.0625854535233,905.0625854535233,True,False,0.1449999969329383,2.7345095077180304e-09,0.1449999941984288,8.793335837253835e-09,0.1449999890764957,0.14499998075012854,0,0,95,Explotacion activa
437,3,WOA,poblacional,905.0625854535089,905.0625854535089,True,False,0.14499999694010057,2.730757842073217e-09,0.14499999420934273,8.457777767034714e-09,0.1449999896932468,0.14499998180879176,0,0,96,Explotacion activa
438,3,WOA,poblacional,905.062585453497,905.062585453497,True,False,0.1449999973173135,2.2794210963184014e-09,0.1449999950378924,7.763594567222752e-09,0.14499999053720103,0.1449999818826427,0,0,97,Explotacion activa
439,3,WOA,poblacional,905.0625854534835,905.0625854534835,True,False,0.1449999973466447,2.2026824808563106e-09,0.14499999514396222,7.087760423019062e-09,0.1449999907573556,0.1449999831299465,0,0,98,Explotacion activa
440,3,WOA,poblacional,905.062585453474,905.062585453474,True,False,0.14499999727104296,2.2841959435027093e-09,0.14499999498684701,6.594279966520843e-09,0.1449999910609563,0.14499998450532986,0,0,99,Explotacion activa
441,3,WOA,poblacional,905.0625854534735,905.0625854534735,True,False,0.14499999719521384,2.424599188088905e-09,0.14499999477061465,6.3398601923836395e-09,0.14499999161444066,0.1449999857907187,0,0,100,Explotacion activa
442,3,WOA,poblacional,905.0625854534579,905.0625854534579,True,False,0.14499999716394996,2.456886250001844e-09,0.1449999947070637,5.978563422104344e-09,0.14499999223771737,0.14499998664955455,0,0,101,Explotacion activa
443,3,WOA,poblacional,905.0625854534541,905.0625854534541,True,False,0.14499999743850367,2.164028956030961e-09,0.1449999952744747,5.482161213876678e-09,0.14499999284153092,0.14499998722458257,0,0,102,Explotacion activa
444,3,WOA,poblacional,905.0625854534493,905.0625854534493,True,False,0.14499999764677796,1.928356141434051e-09,0.14499999571842181,4.910214101983e-09,0.14499999334766472,0.14499998770336334,0,0,103,Explotacion activa
445,3,WOA,poblacional,905.0625854534476,905.0625854534476,True,False,0.14499999756651505,2.0253310140105896e-09,0.14499999554118403,4.492972038860898e-09,0.14499999335530447,0.1449999888817956,0,0,104,Explotacion activa
446,3,WOA,poblacional,905.0625854534467,905.0625854534467,True,False,0.14499999755435056,2.0393144950503483e-09,0.14499999551503606,4.250921392667806e-09,0.14499999377289896,0.14499999002424602,0,0,105,Explotacion activa
447,3,WOA,poblacional,905.0625854534463,905.0625854534463,True,False,0.14499999759391358,1.984062691917643e-09,0.14499999560985088,4.0534587242291316e-09,0.1449999943587045,0.14499999084439424,0,0,106,Explotacion activa
448,3,WOA,poblacional,905.0625854534446,905.0625854534446,True,False,0.14499999750489678,2.063416104647331e-09,0.14499999544148068,3.792274583247489e-09,0.14499999495508292,0.14499999089476887,0,0,107,Explotacion activa
449,3,WOA,poblacional,905.062585453443,905.062585453443,True,False,0.14499999737392955,2.203478288720362e-09,0.14499999517045126,3.5843640944221986e-09,0.14499999513836884,0.1449999915797207,0,0,108,Explotacion activa
450,3,WOA,poblacional,905.0625854534397,905.0625854534397,True,False,0.14499999725194357,2.336378202016931e-09,0.14499999491556537,3.455420483078342e-09,0.14499999537858912,0.14499999219666507,0,0,109,Explotacion activa
451,3,WOA,poblacional,905.0625854534396,905.0625854534396,True,False,0.14499999714587375,2.4756445782259107e-09,0.14499999467022917,3.4199274523416534e-09,0.14499999578652023,0.14499999258191565,0,0,110,Explotacion activa
452,3,WOA,poblacional,905.0625854534364,905.0625854534364,True,False,0.1449999971981697,2.4369910534005612e-09,0.14499999476117864,3.3780679586925543e-09,0.14499999597273927,0.14499999259154492,0,0,111,Explotacion activa
453,3,WOA,poblacional,905.062585453434,905.062585453434,True,False,0.14499999721681434,2.448928171361331e-09,0.14499999476788616,3.352988642291166e-09,0.1449999960776495,0.1449999926729788,0,0,112,Explotacion activa
454,3,WOA,poblacional,905.062585453432,905.062585453432,True,False,0.1449999972785463,2.4037944967858493e-09,0.1449999948747518,3.336685949761886e-09,0.144999996124659,0.14499999279788653,0,0,113,Explotacion activa
455,3,WOA,poblacional,905.0625854534313,905.0625854534313,True,False,0.1449999974391858,2.2370159058482386e-09,0.14499999520216988,3.2975322028505618e-09,0.14499999619015397,0.14499999286051662,0,0,114,Explotacion activa
456,3,WOA,poblacional,905.0625854534288,905.0625854534288,True,False,0.1449999975557148,2.096612661262043e-09,0.14499999545910214,3.0104274628683925e-09,0.14499999621477855,0.14499999292598886,0,0,115,Explotacion activa
457,3,WOA,poblacional,905.0625854534261,905.0625854534261,True,False,0.14499999748034043,2.1749428924522363e-09,0.14499999530539753,2.733759174589068e-09,0.1449999962432912,0.1449999932185392,0,0,116,Explotacion activa
458,3,WOA,poblacional,905.06258545342,905.06258545342,True,False,0.1449999974219054,2.227125150966458e-09,0.14499999519478024,2.7311330086376983e-09,0.14499999632239452,0.1449999940759426,0,0,117,Explotacion activa
459,3,WOA,poblacional,905.062585453408,905.062585453408,True,False,0.14499999730105628,2.329556991753634e-09,0.1449999949714993,2.577689883764833e-09,0.14499999669324098,0.14499999420497717,0,0,118,Explotacion activa
460,3,WOA,poblacional,905.0625854533995,905.0625854533995,True,False,0.14499999725535417,2.3539996618637815e-09,0.1449999949013545,2.4700170797586907e-09,0.14499999693508697,0.1449999942992463,0,0,119,Explotacion activa
461,3,WOA,poblacional,905.0625854533846,905.0625854533846,True,False,0.14499999719760126,2.37218955589924e-09,0.1449999948254117,2.456886250001844e-09,0.14499999694010057,0.14499999450902123,0,0,120,Explotacion activa
462,3,WOA,poblacional,905.0625854533793,905.0625854533793,True,False,0.14499999709767053,2.4763266992522404e-09,0.14499999462134383,2.462513748469064e-09,0.14499999705039954,0.14499999458764706,0,0,121,Explotacion activa
463,3,WOA,poblacional,905.0625854533731,905.0625854533731,True,False,0.14499999701627075,2.584783942438662e-09,0.1449999944314868,2.468141246936284e-09,0.14499999704883065,0.14499999455395027,0,0,122,Explotacion activa
464,3,WOA,poblacional,905.0625854533624,905.0625854533624,True,False,0.14499999703468802,2.5793269742280245e-09,0.14499999445536105,2.473768745403504e-09,0.14499999704098626,0.1449999945202535,0,0,123,Explotacion activa
465,3,WOA,poblacional,905.062585453352,905.062585453352,True,False,0.14499999704457878,2.602291715447791e-09,0.14499999444228706,2.4757810024311767e-09,0.14499999704260064,0.1449999944982892,0,0,124,Explotacion activa
466,3,WOA,poblacional,905.0625854533366,905.0625854533366,True,False,0.1449999972714977,2.3558186512673274e-09,0.14499999491567905,2.4662654141138773e-09,0.14499999707112465,0.14499999456518253,0,0,125,Explotacion activa
467,3,WOA,poblacional,905.0625854533333,905.0625854533333,True,False,0.14499999745237346,2.1766481950180605e-09,0.14499999527572527,2.4552946342737414e-09,0.14499999710731118,0.1449999946311209,0,0,126,Explotacion activa
468,3,WOA,poblacional,905.0625854533292,905.0625854533292,True,False,0.1449999976887284,1.9385879568289965e-09,0.14499999575014044,2.4497239792253822e-09,0.14499999714105344,0.14499999466534064,0,0,127,Explotacion activa
469,3,WOA,poblacional,905.0625854533205,905.0625854533205,True,False,0.14499999779707196,1.8151240510633215e-09,0.1449999959819479,2.446336111461278e-09,0.14499999715671946,0.14499999469232988,0,0,128,Explotacion activa
470,3,WOA,poblacional,905.0625854533088,905.0625854533088,True,False,0.14499999765746452,1.9666686057462357e-09,0.1449999956907959,2.442322966089705e-09,0.14499999717332912,0.1449999947232982,0,0,129,Explotacion activa
471,3,WOA,poblacional,905.0625854532972,905.0625854532972,True,False,0.14499999788756668,1.6757439880166203e-09,0.1449999962118227,2.4369910534005612e-09,0.14499999719521384,0.14499999476117864,0,0,130,Explotacion activa
472,3,WOA,poblacional,905.0625854532915,905.0625854532915,True,False,0.14499999782321993,1.7262209439650178e-09,0.14499999609699898,2.428316747682402e-09,0.14499999719688503,0.1449999947658739,0,0,131,Explotacion activa
473,3,WOA,poblacional,905.0625854532805,905.0625854532805,True,False,0.14499999775136985,1.7565753296366893e-09,0.14499999599479452,2.4162773115676827e-09,0.14499999719782863,0.14499999476897757,0,0,132,Explotacion activa
474,3,WOA,poblacional,905.062585453269,905.062585453269,True,False,0.1449999975885703,1.885723577288445e-09,0.14499999570284672,2.4006340026971885e-09,0.14499999720003415,0.14499999477609435,0,0,133,Explotacion activa
475,3,WOA,poblacional,905.0625854532683,905.0625854532683,True,False,0.1449999974390721,2.0377228793222457e-09,0.14499999540134922,2.3785105440765618e-09,0.1449999972130854,0.1449999948144523,0,0,134,Explotacion activa
476,3,WOA,poblacional,905.0625854532626,905.0625854532626,True,False,0.1449999972603564,2.2115500541985966e-09,0.14499999504880634,2.3640041035832837e-09,0.14499999723437895,0.14499999485008175,0,0,135,Explotacion activa
477,3,WOA,poblacional,905.0625854532591,905.0625854532591,True,False,0.1449999971185889,2.347633198951371e-09,0.1449999947709557,2.355454853386618e-09,0.1449999972238402,0.14499999483527973,0,0,136,Explotacion activa
478,3,WOA,poblacional,905.0625854532417,905.0625854532417,True,False,0.14499999691963694,2.502815732441377e-09,0.1449999944168212,2.357455741730519e-09,0.14499999721494988,0.14499999481996612,0,0,137,Explotacion activa
479,3,WOA,poblacional,905.0625854532378,905.0625854532378,True,False,0.14499999680322162,2.609112925711088e-09,0.1449999941941087,2.3623670131200923e-09,0.14499999720935647,0.1449999948036293,0,0,138,Explotacion activa
480,3,WOA,poblacional,905.0625854532328,905.0625854532328,True,False,0.1449999965996085,2.8126123652327806e-09,0.14499999378699613,2.367278284509666e-09,0.14499999720376308,0.1449999947872925,0,0,139,Explotacion activa
481,3,WOA,poblacional,905.0625854532267,905.0625854532267,True,False,0.14499999646443484,2.93005086859921e-09,0.14499999353438398,2.37218955589924e-09,0.1449999971981697,0.1449999947709557,0,0,140,Explotacion activa
482,3,WOA,poblacional,905.0625854532169,905.0625854532169,True,False,0.14499999629049398,3.0779574444750324e-09,0.14499999321253654,2.3816710381652226e-09,0.14499999719799916,0.1449999947708534,0,0,141,Explotacion activa
483,3,WOA,poblacional,905.0625854532079,905.0625854532079,True,False,0.14499999610450232,3.242689672333654e-09,0.14499999286181264,2.3911525204312055e-09,0.14499999719782863,0.14499999477075107,0,0,142,Explotacion activa
484,3,WOA,poblacional,905.0625854532026,905.0625854532026,True,False,0.14499999590020707,3.4516460800659843e-09,0.144999992448561,2.4006340026971885e-09,0.1449999971976581,0.14499999477064876,0,0,143,Explotacion activa
485,3,WOA,poblacional,905.0625854532013,905.0625854532013,True,False,0.1449999957756063,3.606601239880547e-09,0.14499999216900505,2.4079554350464603e-09,0.14499999719712378,0.14499999477006895,0,0,144,Explotacion activa
486,3,WOA,poblacional,905.0625854531988,905.0625854531988,True,False,0.144999995664989,3.754735189431813e-09,0.1449999919102538,2.414196842437377e-09,0.14499999719640755,0.1449999947692504,0,0,145,Explotacion activa
487,3,WOA,poblacional,905.0625854531959,905.0625854531959,True,False,0.1449999956623742,3.800778358709067e-09,0.14499999186159584,2.4204382498282937e-09,0.14499999719569132,0.14499999476843187,0,0,146,Explotacion activa
488,3,WOA,poblacional,905.0625854531775,905.0625854531775,True,False,0.1449999957444561,3.6851588447461836e-09,0.14499999205929726,2.425838374620071e-09,0.14499999719208745,0.14499999476721542,0,0,147,Explotacion activa
489,3,WOA,poblacional,905.0625854531602,905.0625854531602,True,False,0.14499999572774414,3.6772007661056705e-09,0.14499999205054337,2.4295559342135674e-09,0.14499999718270828,0.14499999476520314,0,0,148,Explotacion activa
490,3,WOA,poblacional,905.062585453141,905.062585453141,True,False,0.14499999585802925,3.4889353628386743e-09,0.1449999923690939,2.4332734938070643e-09,0.14499999717332912,0.1449999947631909,0,0,149,Explotacion activa
491,3,WOA,poblacional,905.0625854531189,905.0625854531189,True,False,0.14499999572501565,3.5943230614066124e-09,0.1449999921306926,2.4369910534005612e-09,0.14499999716394996,0.14499999476117864,0,0,150,Explotacion activa
492,3,WOA,poblacional,905.0625854531163,905.0625854531163,True,False,0.14499999569295596,3.6731080399476923e-09,0.14499999201984792,2.4392761588387655e-09,0.1449999971585271,0.14499999474494416,0,0,151,Explotacion activa
493,3,WOA,poblacional,905.0625854531122,905.0625854531122,True,False,0.14499999576651135,3.613422450143844e-09,0.1449999921530889,2.4415612642769703e-09,0.14499999715310424,0.14499999472870967,0,0,152,Explotacion activa
494,3,WOA,poblacional,905.0625854531069,905.0625854531069,True,False,0.14499999582278633,3.5552147892303765e-09,0.14499999226757154,2.4438463697151746e-09,0.14499999714768136,0.1449999947124752,0,0,153,Explotacion activa
495,3,WOA,poblacional,905.0625854531037,905.0625854531037,True,False,0.14499999601162017,3.343075150041841e-09,0.14499999266854502,2.4454720914945936e-09,0.14499999714041678,0.1449999946996968,0,0,154,Explotacion activa
496,3,WOA,poblacional,905.062585453096,905.062585453096,True,False,0.14499999588588253,3.484842636680696e-09,0.1449999924010399,2.44676812144462e-09,0.14499999713223133,0.14499999468864644,0,0,155,Explotacion activa
497,3,WOA,poblacional,905.062585453094,905.062585453094,True,False,0.1449999958153967,3.6013716453453526e-09,0.14499999221402504,2.4480641513946468e-09,0.14499999712404588,0.14499999467759608,0,0,156,Explotacion activa
498,3,WOA,poblacional,905.0625854530867,905.0625854530867,True,False,0.14499999584541,3.5812490750686266e-09,0.14499999226416094,2.4497239792253822e-09,0.14499999711649708,0.14499999466534064,0,0,157,Explotacion activa
499,3,WOA,poblacional,905.0625854530791,905.0625854530791,True,False,0.14499999595398094,3.471313902991824e-09,0.14499999248266704,2.452111402817536e-09,0.14499999711022155,0.14499999465067503,0,0,158,Explotacion activa
500,3,WOA,poblacional,905.0625854530782,905.0625854530782,True,False,0.14499999609017777,3.353989086463116e-09,0.1449999927361887,2.45449882640969e-09,0.14499999710394604,0.14499999463600943,0,0,159,Explotacion activa
501,3,WOA,poblacional,905.0625854530589,905.0625854530589,True,False,0.14499999599377134,3.4217464417451993e-09,0.1449999925720249,2.456886250001844e-09,0.14499999709767053,0.14499999462134383,0,0,160,Explotacion activa
502,3,WOA,poblacional,905.0625854530468,905.0625854530468,True,False,0.14499999604640834,3.3355718187522143e-09,0.14499999271083652,2.462513748469064e-09,0.144999997081743,0.14499999458764706,0,0,161,Explotacion activa
503,3,WOA,poblacional,905.0625854530323,905.0625854530323,True,False,0.14499999608437975,3.2392790672020055e-09,0.14499999284510068,2.468141246936284e-09,0.14499999706581548,0.14499999455395027,0,0,162,Explotacion activa
504,3,WOA,poblacional,905.0625854530284,905.0625854530284,True,False,0.14499999590384505,3.459376785031054e-09,0.14499999244446826,2.473768745403504e-09,0.14499999704988795,0.1449999945202535,0,0,163,Explotacion activa
505,3,WOA,poblacional,905.0625854530244,905.0625854530244,True,False,0.14499999585109435,3.5327047953614965e-09,0.14499999231838956,2.4757810024311767e-09,0.14499999704260064,0.1449999944982892,0,0,164,Explotacion activa
506,3,WOA,poblacional,905.0625854530084,905.0625854530084,True,False,0.14499999569648025,3.681179805425927e-09,0.14499999201530045,2.4759856387390755e-09,0.1449999970396334,0.14499999448219114,0,0,165,Explotacion activa
507,3,WOA,poblacional,905.0625854529951,905.0625854529951,True,False,0.144999995892249,3.423338057473302e-09,0.14499999246891093,2.4761902750469743e-09,0.14499999703666616,0.14499999446609307,0,0,166,Explotacion activa
508,3,WOA,poblacional,905.0625854529725,905.0625854529725,True,False,0.1449999957013688,3.5765879147220403e-09,0.14499999212478087,2.478975602571154e-09,0.1449999970328463,0.14499999445405365,0,0,167,Explotacion activa
509,3,WOA,poblacional,905.0625854529643,905.0625854529643,True,False,0.1449999955881367,3.7000518204877153e-09,0.14499999188808488,2.486922312527895e-09,0.1449999970273211,0.14499999445013145,0,0,168,Explotacion activa
510,3,WOA,poblacional,905.0625854529493,905.0625854529493,True,False,0.14499999547354037,3.799414116656408e-09,0.14499999167412625,2.4948690224846358e-09,0.14499999702179595,0.14499999444620926,0,0,169,Explotacion activa
511,3,WOA,poblacional,905.0625854529488,905.0625854529488,True,False,0.14499999548945652,3.783952706726268e-09,0.14499999170550382,2.502815732441377e-09,0.14499999701627075,0.14499999444228706,0,0,170,Explotacion activa
512,3,WOA,poblacional,905.0625854529467,905.0625854529467,True,False,0.14499999547342668,3.784748514590319e-09,0.14499999168867816,2.525769104977371e-09,0.1449999969934197,0.144999994439047,0,0,171,Explotacion activa
513,3,WOA,poblacional,905.0625854529378,905.0625854529378,True,False,0.14499999533438768,3.8945699998294e-09,0.14499999143981768,2.5487224775133654e-09,0.14499999697056865,0.1449999944358069,0,0,172,Explotacion activa
514,3,WOA,poblacional,905.0625854529261,905.0625854529261,True,False,0.14499999510428552,4.133539732720237e-09,0.14499999097074578,2.57167585004936e-09,0.1449999969477176,0.14499999443256684,0,0,173,Explotacion activa
515,3,WOA,poblacional,905.0625854529228,905.0625854529228,True,False,0.14499999496069904,4.33703917224193e-09,0.14499999062365987,2.580418367870152e-09,0.1449999969386681,0.14499999442855369,0,0,174,Explotacion activa
516,3,WOA,poblacional,905.0625854529163,905.0625854529163,True,False,0.14499999484837645,4.530875230557285e-09,0.14499999031750122,2.5820554583333433e-09,0.14499999693651944,0.144999994424154,0,0,175,Explotacion activa
517,3,WOA,poblacional,905.0625854529001,905.0625854529001,True,False,0.1449999951181553,4.274170350981876e-09,0.14499999084398496,2.5836925487965347e-09,0.14499999693437077,0.14499999441975434,0,0,176,Explotacion activa
518,3,WOA,poblacional,905.0625854528887,905.0625854528887,True,False,0.1449999953496217,4.044522938784212e-09,0.14499999130509877,2.586534719739575e-09,0.14499999693160817,0.14499999439607336,0,0,177,Explotacion activa
519,3,WOA,poblacional,905.0625854528469,905.0625854528469,True,False,0.1449999954870691,3.781451596296392e-09,0.1449999917056175,2.5917870516423134e-09,0.14499999692761775,0.14499999433382982,0,0,178,Explotacion activa
520,3,WOA,poblacional,905.0625854527796,905.0625854527796,True,False,0.14499999554334408,3.4812046578736044e-09,0.14499999206213943,2.597039383545052e-09,0.14499999692362736,0.14499999427158627,0,0,179,Explotacion activa
521,3,WOA,poblacional,905.0625854527505,905.0625854527505,True,False,0.14499999518341156,3.771219780901447e-09,0.14499999141219178,2.602291715447791e-09,0.14499999691963694,0.14499999420934273,0,0,180,Explotacion activa
522,3,WOA,poblacional,905.0625854527474,905.0625854527474,True,False,0.14499999494830718,4.017351784568746e-09,0.1449999909309554,2.60433807852678e-09,0.14499999688471235,0.14499999420606854,0,0,181,Explotacion activa
523,3,WOA,poblacional,905.0625854527357,905.0625854527357,True,False,0.14499999470660896,4.233584149915259e-09,0.1449999904730248,2.606384441605769e-09,0.14499999684978776,0.14499999420279436,0,0,182,Explotacion activa
524,3,WOA,poblacional,905.0625854527353,905.0625854527353,True,False,0.14499999445388312,4.509615791903343e-09,0.14499998994426733,2.608430804684758e-09,0.14499999681486314,0.1449999941995202,0,0,183,Explotacion activa
525,3,WOA,poblacional,905.0625854527342,905.0625854527342,True,False,0.14499999432337063,4.6471768655464984e-09,0.14499998967619376,2.6334419089835133e-09,0.144999996762499,0.14499999419756476,0,0,184,Explotacion activa
526,3,WOA,poblacional,905.0625854527221,905.0625854527221,True,False,0.1449999939972031,4.962998900737148e-09,0.1449999890342042,2.6699353838921525e-09,0.14499999670141506,0.14499999419626874,0,0,185,Explotacion activa
527,3,WOA,poblacional,905.0625854527123,905.0625854527123,True,False,0.14499999383792783,5.126480573380832e-09,0.14499998871144726,2.7064288588007908e-09,0.1449999966403311,0.14499999419497273,0,0,186,Explotacion activa
528,3,WOA,poblacional,905.062585452711,905.062585452711,True,False,0.14499999372867478,5.273705028230324e-09,0.14499998845496975,2.7311330086376983e-09,0.14499999658609114,0.14499999415339743,0,0,187,Explotacion activa
529,3,WOA,poblacional,905.0625854526953,905.0625854526953,True,False,0.144999993414217,5.630226951325312e-09,0.14499998778399004,2.7322585083311424e-09,0.14499999654553902,0.14499999403126368,0,0,188,Explotacion activa
530,3,WOA,poblacional,905.0625854526905,905.0625854526905,True,False,0.14499999359497906,5.438096195575781e-09,0.14499998815688286,2.733384008024586e-09,0.14499999650498693,0.1449999939091299,0,0,189,Explotacion activa
531,3,WOA,poblacional,905.0625854526844,905.0625854526844,True,False,0.1449999935722417,5.451056495076045e-09,0.1449999881211852,2.7345095077180304e-09,0.14499999646443484,0.14499999378699613,0,0,190,Explotacion activa
532,3,WOA,poblacional,905.0625854526825,905.0625854526825,True,False,0.14499999364272753,5.378865353122819e-09,0.14499998826386218,2.7579403649724553e-09,0.14499999642521288,0.14499999371121247,0,0,191,Explotacion activa
533,3,WOA,poblacional,905.0625854526772,905.0625854526772,True,False,0.14499999344297976,5.617948772851378e-09,0.14499998782503098,2.7813712222268806e-09,0.14499999638599093,0.14499999363542884,0,0,192,Explotacion activa
534,3,WOA,poblacional,905.062585452668,905.062585452668,True,False,0.1449999932663104,5.858964868821204e-09,0.14499998740734554,2.8048020794813055e-09,0.14499999634676897,0.14499999355964518,0,0,193,Explotacion activa
535,3,WOA,poblacional,905.0625854526592,905.0625854526592,True,False,0.14499999339545866,5.74334535485832e-09,0.1449999876521133,2.836100065906066e-09,0.14499999632505478,0.1449999934700145,0,0,194,Explotacion activa
536,3,WOA,poblacional,905.0625854526502,905.0625854526502,True,False,0.14499999346105596,5.70253178011626e-09,0.14499998775852418,2.8713316169159953e-09,0.14499999631209448,0.14499999337346026,0,0,195,Explotacion activa
537,3,WOA,poblacional,905.0625854526425,905.0625854526425,True,False,0.14499999374334038,5.376477929530665e-09,0.14499998836686245,2.906563167925924e-09,0.14499999629913418,0.14499999327690602,0,0,196,Explotacion activa
538,3,WOA,poblacional,905.0625854526381,905.0625854526381,True,False,0.14499999365227723,5.465267349791247e-09,0.14499998818700988,2.9448415261867924e-09,0.14499999628351362,0.14499999318863957,0,0,197,Explotacion activa
539,3,WOA,poblacional,905.0625854526323,905.0625854526323,True,False,0.1449999937310622,5.347033038560767e-09,0.14499998838402917,2.9892134989495387e-09,0.14499999626257248,0.14499999311694864,0,0,198,Explotacion activa
540,3,WOA,poblacional,905.0625854526271,905.0625854526271,True,False,0.14499999345093784,5.655579116137233e-09,0.14499998779535872,3.033585471712285e-09,0.14499999624163137,0.14499999304525774,0,0,199,Explotacion activa
541,3,WOA,poblacional,905.062585452597,905.062585452597,True,False,0.14499999311476586,5.942638381384313e-09,0.14499998717212748,3.0779574444750324e-09,0.14499999622069026,0.1449999929735668,0,0,200,Explotacion activa
542,3,WOA,poblacional,905.0625854525953,905.0625854525953,True,False,0.14499999304064204,6.028017196513247e-09,0.14499998701262484,3.126353931293124e-09,0.14499999621714324,0.14499999294502003,0,0,201,Explotacion activa
543,3,WOA,poblacional,905.0625854525889,905.0625854525889,True,False,0.1449999930408694,6.025629772921093e-09,0.14499998701523964,3.1747504181112164e-09,0.14499999621359622,0.14499999291647328,0,0,202,Explotacion activa
544,3,WOA,poblacional,905.0625854525833,905.0625854525833,True,False,0.14499999283862053,6.269488039833959e-09,0.1449999865691325,3.223146904929308e-09,0.14499999621004916,0.1449999928879265,0,0,203,Explotacion activa
545,3,WOA,poblacional,905.0625854525716,905.0625854525716,True,False,0.144999992766202,6.426262189052068e-09,0.14499998633993982,3.2399611882283352e-09,0.14499999619015397,0.14499999287509127,0,0,204,Explotacion activa
546,3,WOA,poblacional,905.0625854525698,905.0625854525698,True,False,0.14499999309418854,6.285063136601821e-09,0.1449999868091254,3.2409843697678298e-09,0.1449999961620847,0.14499999287011178,0,0,205,Explotacion activa
547,3,WOA,poblacional,905.0625854525666,905.0625854525666,True,False,0.1449999933346362,6.277446118474472e-09,0.14499998705719008,3.2420075513073243e-09,0.14499999613401543,0.1449999928651323,0,0,206,Explotacion activa
548,3,WOA,poblacional,905.0625854525658,905.0625854525658,True,False,0.14499999433792254,5.345214049157221e-09,0.1449999889927085,3.2470552469021642e-09,0.14499999611422254,0.14499999286014145,0,0,207,Explotacion activa
549,3,WOA,poblacional,905.0625854525658,905.0625854525658,True,False,0.14499999596182533,3.607169674069155e-09,0.14499999235465566,3.260151970607694e-09,0.14499999611098247,0.14499999285512785,1,0,208,Explotacion activa
550,3,WOA,poblacional,905.0625854525656,905.0625854525656,True,False,0.1449999965632287,2.9480133889592253e-09,0.14499999361521532,3.2416664907941595e-09,0.14499999614337183,0.14499999286679213,0,0,209,Explotacion activa
551,3,WOA,poblacional,905.0625854525651,905.0625854525651,True,False,0.14499999648580797,3.0412365958909504e-09,0.14499999344457137,3.2392790672020055e-09,0.14499999620886683,0.14499999287841092,0,0,210,Explotacion activa
552,3,WOA,poblacional,905.062585452565,905.062585452565,True,False,0.14499999664633378,2.872297955036629e-09,0.14499999377403583,3.126353931293124e-09,0.14499999621714324,0.14499999294502003,0,0,211,Explotacion activa
553,3,WOA,poblacional,905.0625854525646,905.0625854525646,True,False,0.14499999652923634,3.0331648304127157e-09,0.1449999934960715,3.0632691050413995e-09,0.14499999624861176,0.1449999930691547,0,0,212,Explotacion activa
554,3,WOA,poblacional,905.0625854525643,905.0625854525643,True,False,0.1449999964346489,3.1700437830295414e-09,0.1449999932646051,3.0742853596166243e-09,0.14499999629481408,0.1449999932177434,0,0,213,Explotacion activa
555,3,WOA,poblacional,905.062585452564,905.062585452564,True,False,0.14499999664246843,2.9787088351440616e-09,0.1449999936637596,3.0485807656077666e-09,0.14499999632505478,0.14499999325419138,0,0,214,Explotacion activa
556,3,WOA,poblacional,905.0625854525637,905.0625854525637,True,False,0.14499999679344455,2.8404656404745765e-09,0.1449999939529789,3.037200713151833e-09,0.14499999638417194,0.14499999335458824,0,0,215,Explotacion activa
557,3,WOA,poblacional,905.0625854525606,905.0625854525606,True,False,0.1449999967195481,2.954607225547079e-09,0.14499999376494088,3.0222736313589845e-09,0.14499999644060607,0.1449999934548714,0,0,216,Explotacion activa
558,3,WOA,poblacional,905.0625854525576,905.0625854525576,True,False,0.14499999700660737,2.6373072614660487e-09,0.1449999943693001,2.984154434670927e-09,0.14499999646145625,0.1449999934909215,0,0,217,Explotacion activa
559,3,WOA,poblacional,905.0625854525566,905.0625854525566,True,False,0.14499999702036348,2.632759787957184e-09,0.1449999943876037,2.964247869385872e-09,0.14499999647725872,0.14499999351905898,0,0,218,Explotacion activa
560,3,WOA,poblacional,905.0625854525559,905.0625854525559,True,False,0.14499999708220912,2.5831923267105594e-09,0.1449999944990168,2.9526290745707227e-09,0.1449999964988365,0.14499999355863338,0,0,219,Explotacion activa
561,3,WOA,poblacional,905.0625854525558,905.0625854525558,True,False,0.1449999970520821,2.653791852935683e-09,0.14499999439829026,2.9480133889592253e-09,0.14499999652923634,0.14499999361521532,0,0,220,Explotacion activa
562,3,WOA,poblacional,905.0625854525558,905.0625854525558,True,False,0.14499999712074896,2.623551154101733e-09,0.1449999944971978,2.9354396247072143e-09,0.144999996553031,0.1449999936491963,1,0,221,Explotacion activa
563,3,WOA,poblacional,905.0625854525557,905.0625854525557,True,False,0.14499999729866886,2.4688233679626137e-09,0.1449999948298455,2.906949703174177e-09,0.14499999657778062,0.1449999937042321,0,0,222,Explotacion activa
564,3,WOA,poblacional,905.0625854525553,905.0625854525553,True,False,0.14499999746601588,2.3155735107138753e-09,0.14499999515044237,2.8691147235804237e-09,0.14499999660389448,0.14499999376585038,0,0,223,Explotacion activa
565,3,WOA,poblacional,905.0625854525551,905.0625854525551,True,False,0.14499999763984306,2.150159161828924e-09,0.1449999954896839,2.846832103386987e-09,0.14499999663389646,0.14499999377221684,0,0,224,Explotacion activa
566,3,WOA,poblacional,905.0625854525551,905.0625854525551,True,False,0.14499999778422534,2.0132802092120983e-09,0.14499999577094513,2.8265390028536785e-09,0.1449999966444011,0.14499999378051598,1,0,225,Explotacion activa
567,3,WOA,poblacional,905.0625854525547,905.0625854525547,True,False,0.14499999789404683,1.9714434529305436e-09,0.14499999592260338,2.7969917937298304e-09,0.14499999666097665,0.14499999382019269,0,0,226,Explotacion activa
568,3,WOA,poblacional,905.0625854525545,905.0625854525545,True,False,0.1449999980403618,1.8811761037795804e-09,0.14499999615918568,2.742319793469505e-09,0.1449999967122267,0.14499999393638063,0,0,227,Explotacion activa
569,3,WOA,poblacional,905.0625854525539,905.0625854525539,True,False,0.14499999817462594,1.8027321857516654e-09,0.14499999637189376,2.7322585083311424e-09,0.14499999676388597,0.1449999940976568,0,0,228,Explotacion activa
570,3,WOA,poblacional,905.0625854525532,905.0625854525532,True,False,0.14499999894258053,9.728182703838684e-10,0.14499999796976226,2.7076680453319566e-09,0.14499999679637768,0.1449999941954047,0,0,229,Explotacion activa
571,3,WOA,poblacional,905.0625854525526,905.0625854525526,True,False,0.1449999989852131,9.659970601205714e-10,0.14499999801921604,2.653791852935683e-09,0.14499999680322162,0.1449999941984288,0,0,230,Explotacion activa
572,3,WOA,poblacional,905.0625854525522,905.0625854525522,True,False,0.14499999915403805,8.18090484244749e-10,0.14499999833594757,2.642252638906939e-09,0.14499999688471235,0.14499999420606854,0,0,231,Explotacion activa
573,3,WOA,poblacional,905.062585452552,905.062585452552,True,False,0.1449999992996709,6.879190550534986e-10,0.14499999861175183,2.635488272062503e-09,0.1449999969249575,0.1449999942733257,0,0,232,Explotacion activa
574,3,WOA,poblacional,905.0625854525514,905.0625854525514,True,False,0.1449999995958251,3.6857272789347917e-10,0.14499999922725237,2.631838924571639e-09,0.14499999693365453,0.14499999437113048,0,0,233,Explotacion activa
575,3,WOA,poblacional,905.0625854525501,905.0625854525501,True,False,0.14499999962765742,3.354898581164889e-10,0.14499999929216756,2.6253928808728234e-09,0.1449999969386681,0.14499999438394298,0,0,234,Explotacion activa
576,3,WOA,poblacional,905.0625854525495,905.0625854525495,True,False,0.14499999969325472,2.603428583825007e-10,0.14499999943291186,2.6163320399064105e-09,0.14499999697335397,0.14499999439294697,0,0,235,Explotacion activa
577,3,WOA,poblacional,905.0625854525495,905.0625854525495,True,False,0.14499999969893906,2.5363533495692536e-10,0.14499999944530373,2.6077486836584285e-09,0.14499999700854005,0.14499999440199646,1,0,236,Explotacion activa
578,3,WOA,poblacional,905.0625854525495,905.0625854525495,True,False,0.14499999968415977,2.7000623958883807e-10,0.14499999941415354,2.6029738364741206e-09,0.14499999701530442,0.1449999944149681,2,0,237,Explotacion activa
579,3,WOA,poblacional,905.0625854525492,905.0625854525492,True,False,0.14499999967506483,2.7978330763289705e-10,0.14499999939528152,2.5917870516423134e-09,0.1449999970187264,0.14499999442562056,0,0,238,Explotacion activa
580,3,WOA,poblacional,905.0625854525479,905.0625854525479,True,False,0.14499999966710675,2.8387603379087523e-10,0.14499999938323072,2.584306457720231e-09,0.14499999702466085,0.1449999944347269,0,0,239,Explotacion activa
581,3,WOA,poblacional,905.0625854525475,905.0625854525475,True,False,0.14499999965357802,2.9808688850607723e-10,0.14499999935549113,2.5831923267105594e-09,0.14499999703468802,0.14499999444228706,0,0,240,Explotacion activa
582,3,WOA,poblacional,905.0625854525459,905.0625854525459,True,False,0.14499999964380095,3.035438567167148e-10,0.1449999993402571,2.580486579972785e-09,0.14499999704161154,0.14499999445143885,0,0,241,Explotacion activa
583,3,WOA,poblacional,905.0625854525445,905.0625854525445,True,False,0.144999999632887,3.168452167301439e-10,0.1449999993160418,2.548722477513365e-09,0.1449999970475801,0.14499999447209574,0,0,242,Explotacion activa
584,3,WOA,poblacional,905.0625854525417,905.0625854525417,True,False,0.14499999962401944,3.292370820418e-10,0.14499999929478236,2.5001668291224633e-09,0.1449999970550948,0.14499999449737971,0,0,243,Explotacion activa
585,3,WOA,poblacional,905.0625854525406,905.0625854525406,True,False,0.14499999962049515,3.424247552175075e-10,0.1449999992780704,2.481624505890068e-09,0.14499999707618372,0.144999994498653,0,0,244,Explotacion activa
586,3,WOA,poblacional,905.0625854525406,905.0625854525406,True,False,0.14499999968961674,2.7341684472048655e-10,0.1449999994161999,2.4759856387390755e-09,0.14499999708993982,0.14499999450401901,1,0,245,Explotacion activa
587,3,WOA,poblacional,905.0625854525401,905.0625854525401,True,False,0.144999999751235,2.0520474208751693e-10,0.14499999954603027,2.4742803361732513e-09,0.1449999971018542,0.14499999453148577,0,0,246,Explotacion activa
588,3,WOA,poblacional,905.0625854525398,905.0625854525398,True,False,0.1449999997615805,1.9235812942497432e-10,0.14499999956922238,2.4695054889889434e-09,0.14499999711649708,0.14499999461011157,0,0,247,Explotacion activa
589,3,WOA,poblacional,905.0625854525392,905.0625854525392,True,False,0.14499999976135314,1.892885848064907e-10,0.14499999957206455,2.461661097186152e-09,0.14499999711988493,0.14499999465067503,0,0,248,Explotacion activa
590,3,WOA,poblacional,905.0625854525387,905.0625854525387,True,False,0.14499999974657385,2.0315837900852785e-10,0.14499999954341547,2.45449882640969e-09,0.1449999971282864,0.14499999468127953,0,0,249,Explotacion activa
591,3,WOA,poblacional,905.0625854525372,905.0625854525372,True,False,0.14499999972485966,2.2180302039487287e-10,0.14499999950305664,2.448928171361331e-09,0.14499999714587375,0.1449999947070637,0,0,250,Explotacion activa
592,3,WOA,poblacional,905.0625854525355,905.0625854525355,True,False,0.14499999970360022,2.3874235921539366e-10,0.14499999946485786,2.445904101477936e-09,0.1449999971585271,0.14499999474494416,0,0,251,Explotacion activa
593,3,WOA,poblacional,905.0625854525326,905.0625854525326,True,False,0.14499999968541033,2.481783667462878e-10,0.14499999943723196,2.4415612642769703e-09,0.1449999971764555,0.14499999476386166,0,0,252,Explotacion activa
594,3,WOA,poblacional,905.0625854525316,905.0625854525316,True,False,0.1449999996631277,2.6841462386073545e-10,0.14499999939471309,2.4357518668693954e-09,0.1449999971954526,0.144999994768159,0,0,253,Explotacion activa
595,3,WOA,poblacional,905.0625854525312,905.0625854525312,True,False,0.14499999964027666,2.9240254661999643e-10,0.1449999993478741,2.4270775611512362e-09,0.14499999719712378,0.14499999477006895,0,0,254,Explotacion activa
596,3,WOA,poblacional,905.06258545253,905.06258545253,True,False,0.1449999996269753,3.0388491722987965e-10,0.14499999932309038,2.414196842437377e-09,0.14499999719788548,0.14499999477078518,0,0,255,Explotacion activa
597,3,WOA,poblacional,905.0625854525262,905.0625854525262,True,False,0.1449999995966209,3.255991032347083e-10,0.1449999992710218,2.3974735086085272e-09,0.14499999720189863,0.1449999947818469,0,0,256,Explotacion activa
598,3,WOA,poblacional,905.0625854525244,905.0625854525244,True,False,0.14499999958025,3.3855940273497254e-10,0.1449999992416906,2.375350049987901e-09,0.14499999721494988,0.14499999481996612,0,0,257,Explotacion activa
599,3,WOA,poblacional,905.0625854525217,905.0625854525217,True,False,0.14499999956080956,3.50269147020299e-10,0.1449999992105404,2.3623670131200923e-09,0.14499999723789186,0.14499999482807197,0,0,258,Explotacion activa
600,3,WOA,poblacional,905.0625854525193,905.0625854525193,True,False,0.14499999953761744,3.6709479900309816e-10,0.14499999917052264,2.3552729544462637e-09,0.14499999725296675,0.14499999484331738,0,0,259,Explotacion activa
601,3,WOA,poblacional,905.0625854525165,905.0625854525165,True,False,0.14499999950930942,3.8960479287197813e-10,0.14499999911970463,2.3539996618637815e-09,0.14499999725535417,0.1449999948747518,0,0,260,Explotacion activa
602,3,WOA,poblacional,905.0625854525147,905.0625854525147,True,False,0.1449999994774771,4.2030023905681446e-10,0.14499999905717686,2.349543137825094e-09,0.14499999725885573,0.1449999948933737,0,0,261,Explotacion activa
603,3,WOA,poblacional,905.0625854525139,905.0625854525139,True,False,0.14499999945621767,4.4133230403531343e-10,0.14499999901488536,2.3431312001775948e-09,0.14499999726463103,0.14499999490703885,0,0,262,Explotacion activa
604,3,WOA,poblacional,905.0625854525138,905.0625854525138,True,False,0.1449999994533755,4.4144599087303504e-10,0.1449999990119295,2.3356960809906013e-09,0.14499999727108842,0.14499999491557675,0,0,263,Explotacion activa
605,3,WOA,poblacional,905.0625854525134,905.0625854525134,True,False,0.14499999943450348,4.5770320866722614e-10,0.14499999897680027,2.3309212338062935e-09,0.14499999727140675,0.14499999491565632,0,0,264,Explotacion activa
606,3,WOA,poblacional,905.0625854525133,905.0625854525133,True,False,0.14499999940119324,4.938556230627e-10,0.1449999989073376,2.3225652512337547e-09,0.144999997275022,0.14499999494358917,0,0,265,Explotacion activa
607,3,WOA,poblacional,905.0625854525125,905.0625854525125,True,False,0.14499999936572294,5.308038453222252e-10,0.1449999988349191,2.309297997271642e-09,0.1449999972825708,0.14499999497456884,0,0,266,Explotacion activa
608,3,WOA,poblacional,905.0625854525115,905.0625854525115,True,False,0.14499999933741492,5.61954038857948e-10,0.14499999877546088,2.2873337002238257e-09,0.1449999972966566,0.14499999498531224,0,0,267,Explotacion activa
609,3,WOA,poblacional,905.0625854525106,905.0625854525106,True,False,0.14499999933968866,5.596803021035157e-10,0.14499999878000835,2.2813310351921245e-09,0.14499999730010132,0.14499999501747424,0,0,268,Explotacion activa
610,3,WOA,poblacional,905.0625854525101,905.0625854525101,True,False,0.14499999932138508,5.871925168321468e-10,0.14499999873419256,2.266699539177353e-09,0.14499999730593344,0.1449999950411666,0,0,269,Explotacion activa
611,3,WOA,poblacional,905.0625854525092,905.0625854525092,True,False,0.14499999933400431,5.777565093012527e-10,0.1449999987562478,2.2370159058482386e-09,0.1449999973173135,0.14499999504880634,0,0,270,Explotacion activa
612,3,WOA,poblacional,905.0625854525039,905.0625854525039,True,False,0.14499999932354513,5.754827725468203e-10,0.14499999874806235,2.230092377430992e-09,0.14499999733784535,0.14499999511541545,0,0,271,Explotacion activa
613,3,WOA,poblacional,905.0625854525013,905.0625854525013,True,False,0.14499999934935204,5.368292477214709e-10,0.1449999988125228,2.2208951122593135e-09,0.14499999735755864,0.1449999951465543,0,0,272,Explotacion activa
614,3,WOA,poblacional,905.0625854525007,905.0625854525007,True,False,0.14499999933889285,5.437641448224895e-10,0.1449999987951287,2.210742877650773e-09,0.14499999737872712,0.14499999515244327,0,0,273,Explotacion activa
615,3,WOA,poblacional,905.0625854524999,905.0625854524999,True,False,0.14499999929853402,5.84464032726828e-10,0.14499999871407,2.205092641816009e-09,0.14499999741231023,0.14499999516644949,0,0,274,Explotacion activa
616,3,WOA,poblacional,905.0625854524969,905.0625854524969,True,False,0.14499999926124474,6.144773578853346e-10,0.14499999864676738,2.2030803847883362e-09,0.14499999743020453,0.14499999518261575,0,0,275,Explotacion activa
617,3,WOA,poblacional,905.0625854524953,905.0625854524953,True,False,0.1449999992261155,6.490381565527059e-10,0.14499999857707735,2.1974756236886606e-09,0.14499999743861736,0.14499999519625817,0,0,276,Explotacion activa
618,3,WOA,poblacional,905.0625854524935,905.0625854524935,True,False,0.14499999919723905,6.782556738471612e-10,0.14499999851898338,2.1792516236018853e-09,0.14499999743901526,0.14499999520143092,0,0,277,Explotacion activa
619,3,WOA,poblacional,905.0625854524918,905.0625854524918,True,False,0.14499999917211426,7.086100595188327e-10,0.1449999984635042,2.175625013478566e-09,0.14499999743914033,0.1449999952455528,0,0,278,Explotacion activa
620,3,WOA,poblacional,905.0625854524912,905.0625854524912,True,False,0.14499999917404693,7.116796041373163e-10,0.14499999846236733,2.171668711525854e-09,0.1449999974431421,0.14499999527484989,0,0,279,Explotacion activa
621,3,WOA,poblacional,905.0625854524895,905.0625854524895,True,False,0.1449999991759796,7.081553121679462e-10,0.1449999984678243,2.164028956030961e-09,0.14499999745237346,0.14499999527572527,0,0,280,Explotacion activa
622,3,WOA,poblacional,905.0625854524833,905.0625854524833,True,False,0.14499999918700723,6.75072442390956e-10,0.1449999985119348,2.154320100089535e-09,0.14499999746192316,0.14499999529649585,0,0,281,Explotacion activa
623,3,WOA,poblacional,905.0625854524706,905.0625854524706,True,False,0.14499999912527528,7.06450009602122e-10,0.14499999841882527,2.1287405616021713e-09,0.1449999974717457,0.14499999534377822,0,0,282,Explotacion activa
624,3,WOA,poblacional,905.0625854524569,905.0625854524569,True,False,0.144999999035349,7.674998414586298e-10,0.14499999826784915,2.0932930056005715e-09,0.14499999748279607,0.14499999540536238,0,0,283,Explotacion activa
625,3,WOA,poblacional,905.0625854524479,905.0625854524479,True,False,0.14499999897248017,8.166125553543679e-10,0.14499999815586762,2.0700554159702735e-09,0.14499999749998552,0.14499999543345438,0,0,284,Explotacion activa
626,3,WOA,poblacional,905.0625854524469,905.0625854524469,True,False,0.14499999900431249,7.837570592528209e-10,0.14499999822055543,2.0513652998488396e-09,0.14499999752962367,0.1449999954502914,0,0,285,Explotacion activa
627,3,WOA,poblacional,905.0625854524293,905.0625854524293,True,False,0.14499999891654625,8.294591680169106e-10,0.14499999808708708,2.038996171904728e-09,0.1449999975546234,0.1449999954652185,0,0,286,Explotacion activa
628,3,WOA,poblacional,905.0625854524217,905.0625854524217,True,False,0.14499999887868853,8.503775461576879e-10,0.14499999802831098,2.037882040895056e-09,0.14499999755557838,0.14499999548662573,0,0,287,Explotacion activa
629,3,WOA,poblacional,905.0625854524095,905.0625854524095,True,False,0.14499999880536052,8.909637472243048e-10,0.14499999791439677,2.030287760135252e-09,0.14499999755885257,0.1449999955048952,0,0,288,Explotacion activa
630,3,WOA,poblacional,905.0625854524061,905.0625854524061,True,False,0.1449999987640922,9.189307093038224e-10,0.1449999978451615,2.0217157725710423e-09,0.14499999756261558,0.14499999552288045,0,0,289,Explotacion activa
631,3,WOA,poblacional,905.0625854523751,905.0625854523751,True,False,0.14499999858117008,1.005787453323137e-09,0.14499999757538262,2.0132802092120983e-09,0.14499999756651505,0.14499999554118403,0,0,290,Explotacion activa
632,3,WOA,poblacional,905.0625854523637,905.0625854523637,True,False,0.14499999841871158,1.1328893378959037e-09,0.14499999728582225,1.9928279471059794e-09,0.14499999758195373,0.14499999558925084,0,0,291,Explotacion activa
633,3,WOA,poblacional,905.0625854523536,905.0625854523536,True,False,0.1449999982336294,1.2897771739517339e-09,0.14499999694385224,1.979014996322803e-09,0.1449999975907076,0.1449999956422289,0,0,292,Explotacion activa
634,3,WOA,poblacional,905.0625854523398,905.0625854523398,True,False,0.14499999803149421,1.453486220270861e-09,0.144999996578008,1.9709659682121127e-09,0.1449999975985065,0.144999995692001,0,0,293,Explotacion activa
635,3,WOA,poblacional,905.0625854523341,905.0625854523341,True,False,0.14499999784368356,1.629359758226201e-09,0.1449999962143238,1.9676235751830974e-09,0.14499999763065716,0.14499999570043656,0,0,294,Explotacion activa
636,3,WOA,poblacional,905.0625854523322,905.0625854523322,True,False,0.14499999768304406,1.786588654795196e-09,0.1449999958964554,1.952628281287616e-09,0.1449999976433105,0.14499999571063427,0,0,295,Explotacion activa
637,3,WOA,poblacional,905.0625854523297,905.0625854523297,True,False,0.14499999752490567,1.938701643666718e-09,0.14499999558620402,1.9386789062991737e-09,0.14499999764123003,0.14499999570596173,0,0,296,Explotacion activa
638,3,WOA,poblacional,905.0625854523055,905.0625854523055,True,False,0.14499999728423063,2.1174173525650986e-09,0.14499999516681328,1.9414983398746697e-09,0.14499999763525012,0.14499999570164163,0,0,297,Explotacion activa
639,3,WOA,poblacional,905.062585452289,905.062585452289,True,False,0.14499999704321453,2.3253505787579343e-09,0.14499999471786396,1.949888428498525e-09,0.14499999762147125,0.1449999956980264,0,0,298,Explotacion activa
640,3,WOA,poblacional,905.0625854522871,905.0625854522871,True,False,0.1449999968559723,2.521119313314557e-09,0.144999994334853,1.9582785171223805e-09,0.14499999760769242,0.14499999569441116,0,0,299,Explotacion activa
641,3,WOA,poblacional,905.0625854522173,905.0625854522173,True,False,0.14499999650684003,2.6527686713961884e-09,0.14499999385407136,1.9666686057462357e-09,0.14499999759391358,0.1449999956907959,0,0,300,Explotacion activa
642,4,ACO,poblacional,905.0625854522173,1924.3025469839274,False,False,,,,,,,0,0,1,Llenando ventana
643,4,ACO,poblacional,905.0625854522173,1574.7160727556152,False,False,,,,,,,1,0,2,Llenando ventana
644,4,ACO,poblacional,905.0625854522173,1020.5008801341269,False,False,,,,,,,2,0,3,Llenando ventana
645,4,ACO,poblacional,905.0625854522173,935.6246870424561,False,False,,,,,,,3,0,4,Llenando ventana
646,4,ACO,poblacional,905.0625854522173,973.409695297318,False,False,,,,,,,4,0,5,Llenando ventana
647,4,ACO,poblacional,905.0625854522173,956.520632143146,False,False,,,,,,,5,0,6,Llenando ventana
648,4,ACO,poblacional,905.0625854522173,920.8137334279189,False,False,,,,,,,6,0,7,Llenando ventana
649,4,ACO,poblacional,905.0625854522173,938.5689069174612,False,False,,,,,,,7,0,8,Llenando ventana
650,4,ACO,poblacional,905.0625854522173,916.6343789423837,False,False,,,,,,,8,0,9,Llenando ventana
651,4,ACO,poblacional,905.0625854522173,936.6610341608816,False,False,,,,,,,9,0,10,Llenando ventana
652,4,ACO,poblacional,905.0625854522173,936.5637989803275,False,False,,,,,,,10,0,11,Llenando ventana
653,4,ACO,poblacional,905.0625854522173,926.0145516534371,False,False,,,,,,,11,0,12,Llenando ventana
654,4,ACO,poblacional,905.0625854522173,927.6426950502056,False,False,,,,,,,12,0,13,Llenando ventana
655,4,ACO,poblacional,905.0625854522173,926.1587842530907,False,False,,,,,,,13,0,14,Llenando ventana
656,4,ACO,poblacional,905.0625854522173,929.8663771939002,False,False,,,,,,,14,0,15,Llenando ventana
657,4,ACO,poblacional,905.0625854522173,912.161945767478,False,False,,,,,,,15,0,16,Llenando ventana
658,4,ACO,poblacional,905.0625854522173,916.3622444102847,False,False,,,,,,,16,0,17,Llenando ventana
659,4,ACO,poblacional,905.0625854522173,922.3429099120419,False,False,,,,,,,17,0,18,Llenando ventana
660,4,ACO,poblacional,905.0625854522173,912.0006740919334,False,False,,,,,,,18,0,19,Llenando ventana
661,4,ACO,poblacional,905.0625854522173,913.3838758281713,False,False,,,,,,,19,0,20,Llenando ventana
662,4,ACO,poblacional,905.0625854522173,911.9519669653961,False,False,,,,,,,20,0,21,Llenando ventana
663,4,ACO,poblacional,905.0625854522173,911.2509068677289,False,False,,,,,,,21,0,22,Llenando ventana
664,4,ACO,poblacional,905.0625854522173,906.9809016200783,False,False,,,,,,,22,0,23,Llenando ventana
665,4,ACO,poblacional,905.0625854522173,908.7824204627389,False,False,,,,,,,23,0,24,Llenando ventana
666,4,ACO,poblacional,905.0625854522173,905.2493215538617,False,False,,,,,,,24,0,25,Llenando ventana
667,4,ACO,poblacional,905.0625854522173,910.2732153332989,False,False,,,,,,,25,0,26,Llenando ventana
668,4,ACO,poblacional,905.0625854522173,910.3353606092397,False,False,,,,,,,26,0,27,Llenando ventana
669,4,ACO,poblacional,905.0625854522173,909.3655234422904,False,False,,,,,,,27,0,28,Llenando ventana
670,4,ACO,poblacional,905.0625854522173,910.3488141525821,False,False,,,,,,,28,0,29,Llenando ventana
671,4,ACO,poblacional,905.0625854522173,908.3934630286672,True,False,0.14499999999986812,0.0,0.14499999999986812,3.0,15.0,9.0,29,0,30,Explotacion activa
672,4,ACO,poblacional,905.0625854522173,907.8573058676501,True,False,0.14499999999986812,0.0,0.14499999999986812,3.0,15.0,9.0,30,0,31,Explotacion activa
673,4,ACO,poblacional,905.0625854522173,907.5671512705785,True,False,0.14499999999986812,0.0,0.14499999999986812,3.0,15.0,9.0,31,0,32,Explotacion activa
674,4,ACO,poblacional,904.9506636719696,904.9506636719696,True,False,0.2375884469141738,0.11192178024771238,0.12566666666646142,3.0,15.0,9.0,0,0,33,Explotacion activa
675,4,ACO,poblacional,904.9506636719696,905.118112884266,True,False,0.33084356049528196,0.22384356049542475,0.10699999999985721,3.0,15.0,9.0,1,0,34,Explotacion activa
676,4,ACO,poblacional,904.7615249217521,904.7615249217521,True,False,0.6139040909604319,0.5249040909606038,0.0889999999998281,3.0,15.0,9.0,0,0,35,Explotacion activa
677,4,ACO,poblacional,904.7615249217521,906.9704903759991,True,False,0.8976312880923842,0.8259646214257828,0.07166666666660149,3.0,15.0,9.0,1,0,36,Explotacion activa
678,4,ACO,poblacional,904.7615249217521,906.3459730512828,True,False,1.1820251518909117,1.1270251518909618,0.05499999999994998,3.0,15.0,9.0,2,0,37,Explotacion activa
679,4,ACO,poblacional,901.6590753022789,901.6590753022789,True,False,4.663272197676974,4.530535301829332,0.1327368958476427,3.0,15.0,9.0,0,0,38,Explotacion activa
680,4,ACO,poblacional,901.6590753022789,907.3017455135326,True,False,8.014595191983062,7.934045451767702,0.08054974021536054,0.07834524617339864,0.9829494472319424,0.13641582709331032,1,0,39,Explotacion activa
681,4,ACO,poblacional,901.6590753022789,905.1916022235215,True,False,11.368187193055633,11.337555601706072,0.03063159134956095,0.11192178024771238,1.1820251518909117,0.1327368958476427,2,0,40,Explotacion activa
682,4,ACO,poblacional,901.6590753022789,902.6353966039318,True,False,14.724048200894913,14.741065751644442,-0.01701755074952871,0.14549831432202606,3.6188980839411533,0.1306158270932883,3,0,41,Explotacion activa
683,4,ACO,poblacional,901.6590753022789,902.3450562852762,True,False,18.082178215500676,18.14457590158281,-0.062397686082135806,0.17907484839633975,6.003801395399405,0.12849475833893392,4,0,42,Explotacion activa
684,4,ACO,poblacional,901.6590753022789,904.461536618152,True,False,21.44257723687315,21.54808605152118,-0.10550881464803297,0.21265138247065352,8.349954392090318,0.12637368958457956,5,0,43,Explotacion activa
685,4,ACO,poblacional,901.6590753022789,902.5453814134627,True,False,24.80524526501233,24.95159620145955,-0.1463509364472202,0.2840556665884606,10.697468792841114,0.12193333333314056,6,0,44,Explotacion activa
686,4,ACO,poblacional,901.6590753022789,903.1803563929811,True,False,28.170182299917997,28.35510635139792,-0.18492405147992486,0.37437382572801425,13.046117696975273,0.11633333333315932,7,0,45,Explotacion activa
687,4,ACO,poblacional,901.6590753022789,903.427669324553,True,False,31.537388341590372,31.75861650133629,-0.22122815974591958,0.4646919848675679,15.395674203816062,0.11073333333317804,8,0,46,Explotacion activa
688,4,ACO,poblacional,901.6590753022789,902.7627952182664,True,False,34.90686339002946,35.16212665127466,-0.2552632612452044,0.5550101440071216,17.746365214040093,0.10519999999985427,9,0,47,Explotacion activa
689,4,ACO,poblacional,901.6590753022789,901.7152179585502,True,False,38.277472941851784,38.56563680121303,-0.2881638593612479,0.6453283031466752,20.098417628324157,0.09979999999984557,10,0,48,Explotacion activa
690,4,ACO,poblacional,901.6281364951401,901.6281364951401,True,False,41.67610274000583,42.0000857582902,-0.32398301828436615,0.7356464622862291,22.4513776453149,0.09439999999983682,0,0,49,Explotacion activa
691,4,ACO,poblacional,901.6281364951401,903.1743087153183,True,False,45.07735202383128,45.43453471536736,-0.3571826915360816,0.8259646214257828,24.80524526501233,0.0889999999998281,1,0,50,Explotacion activa
692,4,ACO,poblacional,901.1221014211111,901.1221014211111,True,False,48.92843055628157,49.37501874647353,-0.44658819019196017,0.9162827805653364,27.160701189446293,0.08646492206448783,0,0,51,Explotacion activa
693,4,ACO,poblacional,901.1221014211111,901.6893463489541,True,False,52.834763725784796,53.315502777579695,-0.48073905179489884,1.00660093970489,29.51706471658694,0.08392984412914756,1,0,52,Explotacion activa
694,4,ACO,poblacional,901.1221014211111,902.5885205080151,True,False,56.74372388464201,57.25598680868586,-0.5122629240438528,1.0969190988444437,31.874335846434274,0.08139476619380728,2,0,53,Explotacion activa
695,4,ACO,poblacional,901.1221014211111,901.4137848263672,True,False,60.65531103285343,61.19647083979203,-0.5411598069385946,1.8077271818786333,34.23296838034163,0.07877312550560871,3,0,54,Explotacion activa
696,4,ACO,poblacional,901.1221014211111,901.2957107766453,True,False,64.56952517041884,65.1369548708982,-0.5674297004793516,2.8287802268601467,36.59216816594062,0.07610820344098101,4,0,55,Explotacion activa
697,4,ACO,poblacional,901.1221014211111,901.9468145593328,True,False,68.48636629733846,69.07743890200436,-0.5910726046658965,3.849833271841657,38.95719890148259,0.0734432813763533,5,0,56,Explotacion activa
698,4,ACO,poblacional,901.1221014211111,901.1770888044849,True,False,72.40583441361207,73.01792293311053,-0.6120885194984567,4.870886316823167,41.33623976019042,0.06999999999993631,6,0,57,Explotacion activa
699,4,ACO,poblacional,900.387655919145,900.387655919145,True,False,76.94486374089126,77.69285246618279,-0.7479887252915205,5.891939361804681,43.71685231030109,0.06499999999994084,0,0,58,Explotacion activa
700,4,ACO,poblacional,900.387655919145,901.1605616805713,True,False,81.60109355583131,82.36778199925504,-0.7666884434237318,6.912992406786188,46.232675583566355,0.05999999999994538,1,0,59,Explotacion activa
701,4,ACO,poblacional,900.387655919145,901.0122887833273,True,False,86.26043999045999,87.0427115323273,-0.782271541867317,7.934045451767702,48.92843055628157,0.05499999999994998,2,0,60,Explotacion activa
702,4,ACO,poblacional,900.387655919145,900.8156899301733,True,False,90.92290304477729,91.71764106539956,-0.794738020622276,8.955098496749208,51.662863774933825,0.04768947740483325,3,0,61,Explotacion activa
703,4,ACO,poblacional,900.387655919145,900.6077875002402,True,False,92.27137389373422,93.03491719104045,-0.7635432973062279,9.976151541730722,54.39834778932767,0.040378954809716525,4,0,62,Explotacion activa
704,4,ACO,poblacional,900.387655919145,900.392718412325,True,False,96.82221362588461,97.597924943865,-0.775711317980381,10.997204586712236,57.13488259946314,0.0330684322145998,5,0,63,Explotacion activa
705,4,ACO,poblacional,900.387655919145,900.5787441577595,True,False,95.7694556737381,96.48677019016554,-0.7173145164274501,12.018257631693743,59.872993603211135,0.021101762929742883,6,0,64,Explotacion activa
706,4,ACO,poblacional,900.387655919145,900.5791079915056,True,False,100.1287451130031,100.86063919277262,-0.7318940797695177,13.039310676675257,62.61241810163614,0.00680702030001612,7,0,65,Explotacion activa
707,4,ACO,poblacional,900.387655919145,900.5169003732417,True,False,104.49095046493653,105.2345081953797,-0.7435577304431717,14.060363721656763,65.35289339580277,-0.007487722329710811,8,0,66,Explotacion activa
708,4,ACO,poblacional,900.387655919145,900.5777523599329,True,False,16.390794417035977,16.534888613791054,-0.14409419675507706,14.920448037859103,64.1781037566623,-0.021555564282789486,9,0,67,Explotacion activa
709,4,ACO,poblacional,900.2581031471432,900.2581031471432,True,False,17.76494216599997,17.935860768926773,-0.17091860292680394,15.458594896503087,63.00383951539267,-0.03516960488257165,0,0,68,Explotacion activa
710,4,ACO,poblacional,900.2581031471432,900.4054474711728,True,False,19.15470654389469,19.33683292406249,-0.18212638016780147,15.996741755147069,61.829575274123044,-0.04878364548235381,1,0,69,Explotacion activa
711,4,ACO,poblacional,900.2581031471432,900.4950584941593,True,False,20.545404903226085,20.73780507919821,-0.192400175972125,16.534888613791054,60.65531103285343,-0.062397686082135806,2,0,70,Explotacion activa
712,4,ACO,poblacional,900.2581031471432,900.4091657159786,True,False,21.937037243994155,22.13877723433393,-0.20173999033977452,16.95518026033177,59.481834888390004,-0.07533102465190498,3,0,71,Explotacion activa
713,4,ACO,poblacional,900.2581031471432,900.3972338191082,True,False,23.329603566199125,23.539749389469648,-0.21014582327052267,17.375471906872484,58.308358743926576,-0.08826436322167416,4,0,72,Explotacion activa
714,4,ACO,poblacional,900.2581031471432,900.4611032357445,True,False,24.72310386984077,24.940721544605367,-0.2176176747645968,17.795763553413202,57.13488259946314,-0.10119770179144334,5,0,73,Explotacion activa
715,4,ACO,poblacional,900.2581031471432,900.3525147172968,True,False,26.11753815491909,26.341693699741086,-0.22415554482199695,17.97760379545798,55.961931852870556,-0.11322589106944189,6,0,74,Explotacion activa
716,4,ACO,poblacional,900.2581031471432,900.5064721384614,True,False,27.51290642143431,27.742665854876805,-0.22975943344249572,18.040218335254792,54.78924380521339,-0.12480150570155515,7,0,75,Explotacion activa
717,4,ACO,poblacional,900.2581031471432,900.4673049475023,True,False,28.909208669386203,29.143638010012523,-0.23442934062632048,18.102832875051604,53.61655575755622,-0.13637712033366842,8,0,76,Explotacion activa
718,4,ACO,poblacional,900.2581031471432,900.4720821709146,True,False,30.306444898775,30.544610165148242,-0.23816526637324387,18.263801603830778,52.44413040883447,-0.1443198707242914,9,0,77,Explotacion activa
719,4,ACO,poblacional,900.2581031471432,900.5277267465249,True,False,30.788165859221294,31.01741810612009,-0.22925224689879542,18.62147871057468,51.27223045798348,-0.14499689263193433,10,0,78,Explotacion activa
720,4,ACO,poblacional,900.2581031471432,900.446592773017,True,False,32.154545784956895,32.38745145411701,-0.23290566916011812,18.97915581731859,50.100330507132526,-0.14567391453957726,11,0,79,Explotacion activa
721,4,ACO,poblacional,900.2581031471432,900.4243012468876,True,False,18.432432581243916,18.57643258124392,-0.14400000000000546,18.57643258124392,48.92843055628157,-0.14409419675507706,12,0,80,Explotacion activa
722,4,ACO,poblacional,900.2581031471432,900.4194118020249,True,False,19.290430855211753,19.440430855211844,-0.15000000000009095,18.80455268408949,47.77310699654647,-0.14477121866272002,13,0,81,Explotacion activa
723,4,ACO,poblacional,900.2581031471432,900.4562704468855,True,False,20.149095795846392,20.304429129179766,-0.15533333333337396,19.032672786935063,46.61778343681139,-0.14544824057036296,14,0,82,Explotacion activa
724,4,ACO,poblacional,900.2581031471432,900.3562898582306,True,False,21.008427403147607,21.16842740314769,-0.16000000000008185,19.26079288978063,45.46245987707629,-0.1461252624780059,15,0,83,Explotacion activa
725,4,ACO,poblacional,900.2581031471432,900.4092344773347,True,False,21.868425677115624,22.03242567711561,-0.16399999999998727,19.35755251029236,44.39710216706618,-0.14708074915779434,16,0,84,Explotacion activa
726,4,ACO,poblacional,900.2581031471432,900.4571952299922,True,False,22.729090617750217,22.896423951083534,-0.16733333333331757,19.388631889637168,43.376727381918556,-0.14817546822365557,17,0,85,Explotacion activa
727,4,ACO,poblacional,900.2581031471432,900.3149974218921,True,False,23.590422225051384,23.760422225051457,-0.17000000000007276,19.419711268981974,42.356352596770904,-0.14927018728951683,18,0,86,Explotacion activa
728,4,ACO,poblacional,900.2581031471432,900.3660010016197,True,False,2.469055440036527,2.591055440036598,-0.12200000000007094,19.34719271717743,41.33623976019042,-0.14671584280250727,19,1,87,Explotacion activa
729,4,ACO,poblacional,900.2581031471432,900.4655373550163,True,False,2.590608212038319,2.720608212038428,-0.13000000000010914,18.880592718371346,40.316650820744194,-0.14499689263193433,20,2,88,Explotacion activa
730,4,ACO,poblacional,900.2581031471432,900.4372547796739,True,True,2.712827650706913,2.850160984040258,-0.13733333333334485,18.446875577345587,39.297061881297985,-0.14406593772855558,21,3,89,ESTANCAMIENTO (Fire)
731,5,GWO,poblacional,900.2581031471432,900.2581031471432,False,False,,,,,,,0,0,1,Llenando ventana
732,5,GWO,poblacional,900.2581031471432,900.2581031471432,False,False,,,,,,,1,0,2,Llenando ventana
733,5,GWO,poblacional,900.2581031471432,900.2581031471432,False,False,,,,,,,2,0,3,Llenando ventana
734,5,GWO,poblacional,900.2581031471432,900.2581031471432,False,False,,,,,,,3,0,4,Llenando ventana
735,5,GWO,poblacional,900.2581031471432,900.2581031471432,False,False,,,,,,,4,0,5,Llenando ventana
736,5,GWO,poblacional,900.2581031471432,900.2581031471432,False,False,,,,,,,5,0,6,Llenando ventana
737,5,GWO,poblacional,900.2581031471432,900.2581031471432,False,False,,,,,,,6,0,7,Llenando ventana
738,5,GWO,poblacional,900.2581031471432,900.2581031471432,False,False,,,,,,,7,0,8,Llenando ventana
739,5,GWO,poblacional,900.2581031471432,900.2581031471432,False,False,,,,,,,8,0,9,Llenando ventana
740,5,GWO,poblacional,900.2581031471432,900.2581031471432,False,False,,,,,,,9,0,10,Llenando ventana
741,5,GWO,poblacional,900.2581031471432,900.2581031471432,False,False,,,,,,,10,0,11,Llenando ventana
742,5,GWO,poblacional,900.2581031471432,900.2581031471432,False,False,,,,,,,11,0,12,Llenando ventana
743,5,GWO,poblacional,900.2581031471432,900.2581031471432,False,False,,,,,,,12,0,13,Llenando ventana
744,5,GWO,poblacional,900.2581031471432,900.2581031471432,False,False,,,,,,,13,0,14,Llenando ventana
745,5,GWO,poblacional,900.2581031471432,900.2581031471432,False,False,,,,,,,14,0,15,Llenando ventana
746,5,GWO,poblacional,900.2581031471432,900.2581031471432,False,False,,,,,,,15,0,16,Llenando ventana
747,5,GWO,poblacional,900.2581031471432,900.2581031471432,False,False,,,,,,,16,0,17,Llenando ventana
748,5,GWO,poblacional,900.2581031471432,900.2581031471432,False,False,,,,,,,17,0,18,Llenando ventana
749,5,GWO,poblacional,900.2581031471432,900.2581031471432,False,False,,,,,,,18,0,19,Llenando ventana
750,5,GWO,poblacional,900.2581031471432,900.2581031471432,False,False,,,,,,,19,0,20,Llenando ventana
751,5,GWO,poblacional,900.2581031471432,900.2581031471432,False,False,,,,,,,20,0,21,Llenando ventana
752,5,GWO,poblacional,900.2581031471432,900.2581031471432,False,False,,,,,,,21,0,22,Llenando ventana
753,5,GWO,poblacional,900.2581031471432,900.2581031471432,False,False,,,,,,,22,0,23,Llenando ventana
754,5,GWO,poblacional,900.2581031471432,900.2581031471432,False,False,,,,,,,23,0,24,Llenando ventana
755,5,GWO,poblacional,900.2581031471432,900.2581031471432,False,False,,,,,,,24,0,25,Llenando ventana
756,5,GWO,poblacional,900.2581031471432,900.2581031471432,False,False,,,,,,,25,0,26,Llenando ventana
757,5,GWO,poblacional,900.2581031471432,900.2581031471432,False,False,,,,,,,26,0,27,Llenando ventana
758,5,GWO,poblacional,900.2581031471432,900.2581031471432,False,False,,,,,,,27,0,28,Llenando ventana
759,5,GWO,poblacional,900.2581031471432,900.2581031471432,False,False,,,,,,,28,0,29,Llenando ventana
760,5,GWO,poblacional,900.2581031471432,900.2581031471432,True,False,0.14499999999986812,0.0,0.14499999999986812,3.0,15.0,9.0,29,0,30,Explotacion activa
761,5,GWO,poblacional,900.2581031471432,900.2581031471432,True,False,0.14499999999986812,0.0,0.14499999999986812,3.0,15.0,9.0,30,0,31,Explotacion activa
762,5,GWO,poblacional,900.2581031471432,900.2581031471432,True,False,0.14499999999986812,0.0,0.14499999999986812,3.0,15.0,9.0,31,0,32,Explotacion activa
763,5,GWO,poblacional,900.2581031471432,900.2581031471432,True,False,0.14499999999986812,0.0,0.14499999999986812,3.0,15.0,9.0,32,0,33,Explotacion activa
764,5,GWO,poblacional,900.2581031471432,900.2581031471432,True,False,0.14499999999986812,0.0,0.14499999999986812,3.0,15.0,9.0,33,0,34,Explotacion activa
765,5,GWO,poblacional,900.2581031471432,900.2581031471432,True,False,0.14499999999986812,0.0,0.14499999999986812,3.0,15.0,9.0,34,0,35,Explotacion activa
766,5,GWO,poblacional,900.2581031471432,900.2581031471432,True,False,0.14499999999986812,0.0,0.14499999999986812,3.0,15.0,9.0,35,0,36,Explotacion activa
767,5,GWO,poblacional,900.2581031471432,900.2581031471432,True,False,0.14499999999986812,0.0,0.14499999999986812,3.0,15.0,9.0,36,0,37,Explotacion activa
768,5,GWO,poblacional,900.2581031471432,900.2581031471432,True,False,0.14499999999986812,0.0,0.14499999999986812,3.0,15.0,9.0,37,0,38,Explotacion activa
769,5,GWO,poblacional,900.2581031471432,900.2581031471432,True,False,0.14499999999986812,0.0,0.14499999999986812,0.0,0.14499999999986812,0.14499999999986812,38,1,39,Explotacion activa
770,5,GWO,poblacional,900.2581031471432,900.2581031471432,True,False,0.14499999999986812,0.0,0.14499999999986812,0.0,0.14499999999986812,0.14499999999986812,39,2,40,Explotacion activa
771,5,GWO,poblacional,900.2581031471432,900.2581031471432,True,True,0.14499999999986812,0.0,0.14499999999986812,0.0,0.14499999999986812,0.14499999999986812,40,3,41,ESTANCAMIENTO (Fire)
772,6,PSO,poblacional,900.2428890996667,900.2428890996667,False,False,,,,,,,0,0,0,Llenando ventana
773,6,PSO,poblacional,900.2428890996667,900.2428890996667,False,False,,,,,,,0,0,0,Llenando ventana
774,6,PSO,poblacional,900.2428890996667,900.2428890996667,False,False,,,,,,,0,0,0,Llenando ventana
775,6,PSO,poblacional,900.2428890996667,900.2428890996667,False,False,,,,,,,0,0,0,Llenando ventana
776,6,PSO,poblacional,900.2426256606536,900.2426256606536,False,False,,,,,,,0,0,0,Llenando ventana
777,6,PSO,poblacional,900.2426256606536,900.2426417429779,False,False,,,,,,,0,0,0,Llenando ventana
778,6,PSO,poblacional,900.2426256606536,900.2426718960655,False,False,,,,,,,0,0,0,Llenando ventana
779,6,PSO,poblacional,900.2426256606536,900.2428741590903,False,False,,,,,,,0,0,0,Llenando ventana
780,6,PSO,poblacional,900.2426193561683,900.2426193561683,False,False,,,,,,,0,0,0,Llenando ventana
781,6,PSO,poblacional,900.2426193561683,900.2426259930344,False,False,,,,,,,0,0,0,Llenando ventana
782,6,PSO,poblacional,900.2426193561683,900.2426524125466,False,False,,,,,,,0,0,0,Llenando ventana
783,6,PSO,poblacional,900.2426193561683,900.242664545115,False,False,,,,,,,0,0,0,Llenando ventana
784,6,PSO,poblacional,900.2426193561683,900.2426582564982,False,False,,,,,,,0,0,0,Llenando ventana
785,6,PSO,poblacional,900.2426130645258,900.2426130645258,False,False,,,,,,,0,0,0,Llenando ventana
786,6,PSO,poblacional,900.2426130645258,900.2426231270114,False,False,,,,,,,0,0,0,Llenando ventana
787,6,PSO,poblacional,900.2426130645258,900.2426191810544,False,False,,,,,,,0,0,0,Llenando ventana
788,6,PSO,poblacional,900.2426130645258,900.2426328449579,False,False,,,,,,,0,0,0,Llenando ventana
789,6,PSO,poblacional,900.2426130645258,900.2426155812024,False,False,,,,,,,0,0,0,Llenando ventana
790,6,PSO,poblacional,900.2289306732256,900.2289306732256,False,False,,,,,,,0,0,0,Llenando ventana
791,6,PSO,poblacional,900.2281740409871,900.2281740409871,False,False,,,,,,,0,0,0,Llenando ventana
792,6,PSO,poblacional,900.2250854863479,900.2250854863479,False,False,,,,,,,0,0,0,Llenando ventana
793,6,PSO,poblacional,900.2250854863479,900.2266569149537,False,False,,,,,,,0,0,0,Llenando ventana
794,6,PSO,poblacional,900.2250854863479,900.2253029903203,False,False,,,,,,,0,0,0,Llenando ventana
795,6,PSO,poblacional,900.2241587140721,900.2241587140721,False,False,,,,,,,0,0,0,Llenando ventana
796,6,PSO,poblacional,900.2241587140721,900.2256712131128,False,False,,,,,,,0,0,0,Llenando ventana
797,6,PSO,poblacional,900.2241587140721,900.2272153906823,False,False,,,,,,,0,0,0,Llenando ventana
798,6,PSO,poblacional,900.2235973774677,900.2235973774677,False,False,,,,,,,0,0,0,Llenando ventana
799,6,PSO,poblacional,900.2235973774677,900.2249998131646,False,False,,,,,,,0,0,0,Llenando ventana
800,6,PSO,poblacional,900.2235973774677,900.2245530540084,False,False,,,,,,,0,0,0,Llenando ventana
801,6,PSO,poblacional,900.2226004162204,900.2226004162204,False,False,,,-0.05139340392088343,,,,0,0,0,Llenando ventana
802,6,PSO,poblacional,900.2164946181573,900.2164946181573,False,False,,,-0.06245070211332404,,,,0,0,0,Llenando ventana
803,6,PSO,poblacional,900.2164946181573,900.2182647413999,False,False,,,-0.07284133363896217,,,,0,0,0,Llenando ventana
804,6,PSO,poblacional,900.2149638271982,900.2149638271982,False,False,,,-0.08256529849802519,,,,0,0,0,Llenando ventana
805,6,PSO,poblacional,900.2149638271982,900.216628745568,False,False,,,-0.08490605730889911,,,,0,0,0,Llenando ventana
806,6,PSO,poblacional,900.2087578546473,900.2087578546473,False,False,,,-0.09457272397560246,,,,0,0,0,Llenando ventana
807,6,PSO,poblacional,900.1960737403846,900.1960737403846,False,False,,,-0.10423939064230581,,,,0,0,0,Llenando ventana
808,6,PSO,poblacional,900.1895023017245,900.1895023017245,False,False,,,-0.11356012784790437,,,,0,0,0,Llenando ventana
809,6,PSO,poblacional,900.1895023017245,900.195994036737,False,False,,,-0.12210066628063032,,,,0,0,0,Llenando ventana
810,6,PSO,poblacional,900.1549797516298,900.1549797516298,False,False,,,-0.13010066628066852,,,,0,0,0,Llenando ventana
811,6,PSO,poblacional,900.1346669621231,900.1346669621231,False,False,,,-0.13742770797136927,,,,0,0,0,Llenando ventana
812,6,PSO,poblacional,900.1313289075297,900.1313289075297,False,False,,,-0.14408808299549491,,,,0,0,0,Llenando ventana
813,6,PSO,poblacional,900.0952571722482,900.0952571722482,False,False,,,-0.15008179135304545,,,,0,0,0,Llenando ventana
814,6,PSO,poblacional,900.0330190325774,900.0330190325774,False,False,,,-0.15533333333337396,,,,0,0,0,Llenando ventana
815,6,PSO,poblacional,900.0330190325774,900.0474173682607,False,False,,,-0.16000000000008185,,,,0,0,0,Llenando ventana
816,6,PSO,poblacional,900.0330190325774,900.0355163102191,False,False,,,-0.16399999999998727,,,,0,0,0,Llenando ventana
817,6,PSO,poblacional,900.0330190325774,900.0363612160543,False,False,,,-0.16733333333331757,,,,0,0,0,Llenando ventana
818,6,PSO,poblacional,900.030283625677,900.030283625677,False,False,,,-0.17000000000007276,,,,0,0,0,Llenando ventana
819,6,PSO,poblacional,900.0265352269403,900.0265352269403,False,False,,,-0.17017993114359342,,,,0,0,0,Llenando ventana
820,6,PSO,poblacional,900.0248813337078,900.0248813337078,False,False,,,-0.17000000000007276,,,,0,0,0,Llenando ventana
821,6,PSO,poblacional,900.0248813337078,900.0281739125558,False,False,,,-0.1517515419279789,,,,0,0,0,Llenando ventana
822,6,PSO,poblacional,900.0248813337078,900.0280688389455,False,False,,,-0.15726647180053988,,,,0,0,0,Llenando ventana
823,6,PSO,poblacional,900.0224618372973,900.0224618372973,False,False,,,-0.16211473500629836,,,,0,0,0,Llenando ventana
824,6,PSO,poblacional,900.011802340892,900.011802340892,False,False,,,-0.1573701690094822,,,,0,0,0,Llenando ventana
825,6,PSO,poblacional,900.011802340892,900.0162844347636,False,False,,,-0.16181187115785178,,,,0,0,0,Llenando ventana
826,6,PSO,poblacional,900.011802340892,900.0130435706615,False,False,,,-0.16558690663941888,,,,0,0,0,Llenando ventana
827,6,PSO,poblacional,900.011802340892,900.0124817213875,False,False,,,-0.16532117832275617,,,,0,0,0,Llenando ventana
828,6,PSO,poblacional,900.0109570039482,900.0109570039482,False,False,,,-0.1683242170753374,,,,0,0,0,Llenando ventana
829,6,PSO,poblacional,900.0093023281453,900.0093023281453,False,False,,,-0.17066058916134352,,,,0,0,0,Llenando ventana
830,6,PSO,poblacional,900.0093023281453,900.0109244522504,False,False,,,-0.17000000000007276,,,,0,0,0,Llenando ventana
831,6,PSO,poblacional,900.0059485781293,900.0059485781293,False,False,,,-0.16772824858503554,,,,0,0,0,Llenando ventana
832,6,PSO,poblacional,900.00415581477,900.00415581477,False,False,,,-0.17019745762581806,,,,0,0,0,Llenando ventana
833,6,PSO,poblacional,900.00415581477,900.0050264566524,False,False,,,-0.16733333333331757,,,,0,0,0,Llenando ventana
834,6,PSO,poblacional,900.00415581477,900.0058915352171,False,False,,,-0.17000000000007276,,,,0,0,0,Llenando ventana
835,6,PSO,poblacional,900.0038680016202,900.0038680016202,False,False,,,-0.17000000000007276,,,,0,0,0,Llenando ventana
836,6,PSO,poblacional,900.0038680016202,900.0041631739689,False,False,,,-0.17000000000007276,,,,0,0,0,Llenando ventana
837,6,PSO,poblacional,900.0033624637484,900.0033624637484,False,False,,,-0.16733333333331757,,,,0,0,0,Llenando ventana
838,6,PSO,poblacional,900.0033624637484,900.0034653492543,False,False,,,-0.17000000000007276,,,,0,0,0,Llenando ventana
839,6,PSO,poblacional,900.0032228424284,900.0032228424284,False,False,,,-0.17000000000007276,,,,0,0,0,Llenando ventana
840,6,PSO,poblacional,900.0032099487325,900.0032099487325,False,False,,,-0.17000000000007276,,,,0,0,0,Llenando ventana
841,6,PSO,poblacional,900.001710144065,900.001710144065,False,False,,,-0.17000000000007276,,,,0,0,0,Llenando ventana
842,6,PSO,poblacional,900.001710144065,900.0021754428901,False,False,,,-0.17000000000007276,,,,0,0,0,Llenando ventana
843,6,PSO,poblacional,900.001710144065,900.0017790675964,False,False,,,-0.1618625195326331,,,,0,0,0,Llenando ventana
844,6,PSO,poblacional,900.001710144065,900.0018629445422,False,False,,,-0.16459792643297533,,,,0,0,0,Llenando ventana
845,6,PSO,poblacional,900.0013821323669,900.0013821323669,False,False,,,-0.16733333333331757,,,,0,0,0,Llenando ventana
846,6,PSO,poblacional,900.000987330781,900.000987330781,False,False,,,-0.17000000000007276,,,,0,0,0,Llenando ventana
847,6,PSO,poblacional,900.0008931015336,900.0008931015336,False,False,,,-0.17000000000007276,,,,0,0,0,Llenando ventana
848,6,PSO,poblacional,900.0008211760593,900.0008211760593,False,False,,,-0.169628346364334,,,,0,0,0,Llenando ventana
849,6,PSO,poblacional,900.0006365711292,900.0006365711292,False,False,,,-0.165161007179222,,,,0,0,0,Llenando ventana
850,6,PSO,poblacional,900.0005614516876,900.0005614516876,False,False,,,-0.16758050358964738,,,,0,0,0,Llenando ventana
851,6,PSO,poblacional,900.0005354677055,900.0005354677055,False,False,,,-0.17000000000007276,,,,0,0,0,Llenando ventana
852,6,PSO,poblacional,900.0005075976318,900.0005075976318,False,False,,,-0.17000000000007276,,,,0,0,0,Llenando ventana
853,6,PSO,poblacional,900.0004484284242,900.0004484284242,False,False,,,-0.1615360363249465,,,,0,0,0,Llenando ventana
854,6,PSO,poblacional,900.0004269407141,900.0004269407141,False,False,,,-0.1650360235782955,,,,0,0,0,Llenando ventana
855,6,PSO,poblacional,900.0004269407141,900.000464955984,False,False,,,-0.167869344164842,,,,0,0,0,Llenando ventana
856,6,PSO,poblacional,900.0004269407141,900.0004331194025,False,False,,,-0.1703573405543466,,,,0,0,0,Llenando ventana
857,6,PSO,poblacional,900.0003404207732,900.0003404207732,False,False,,,-0.17032134246960595,,,,0,0,0,Llenando ventana
858,6,PSO,poblacional,900.0003404207732,900.0003979921796,False,False,,,-0.16214108685073825,,,,0,0,0,Llenando ventana
859,6,PSO,poblacional,900.0003404207732,900.0003558986217,False,False,,,-0.16502376881942382,,,,0,0,0,Llenando ventana
860,6,PSO,poblacional,900.0003077510097,900.0003077510097,False,False,,,-0.09042552936034554,,,,0,0,0,Llenando ventana
861,6,PSO,poblacional,900.0002216825175,900.0002216825175,False,False,,,-0.014835529208880871,,,,0,0,0,Llenando ventana
862,6,PSO,poblacional,900.0002216825175,900.0002677306646,False,False,,,-0.020225750260806308,,,,0,0,0,Llenando ventana
863,6,PSO,poblacional,900.000210444989,900.000210444989,False,False,,,-0.0250411948807141,,,,0,0,0,Llenando ventana
864,6,PSO,poblacional,900.0001971551458,900.0001971551458,False,False,,,-0.01519770332151893,,,,0,0,0,Llenando ventana
865,6,PSO,poblacional,900.0001388995149,900.0001388995149,False,False,,,-0.019737023302809575,,,,0,0,0,Llenando ventana
866,6,PSO,poblacional,900.0001374569841,900.0001374569841,False,False,,,0.0008928426536840561,,,,0,0,0,Llenando ventana
867,6,PSO,poblacional,900.0001341412159,900.0001341412159,False,False,,,-0.00278863114442629,,,,0,0,0,Llenando ventana
868,6,PSO,poblacional,900.0001341412159,900.0001497316018,False,False,,,0.0009753784459007875,,,,0,0,0,Llenando ventana
869,6,PSO,poblacional,900.0001036071563,900.0001036071563,False,False,,,-0.0019249551955908828,,,,0,0,0,Llenando ventana
870,6,PSO,poblacional,900.0001036071563,900.0001162308776,False,False,,,0.07333701353707056,,,,0,0,0,Llenando ventana
871,6,PSO,poblacional,900.0001036071563,900.0001141725216,False,False,,,0.07109135811583656,,,,0,0,0,Llenando ventana
872,6,PSO,poblacional,900.0001036071563,900.0001148858305,False,False,,,0.06902543017008611,,,,0,0,0,Llenando ventana
873,6,PSO,poblacional,900.0000899841862,900.0000899841862,False,False,,,0.06704162625658228,,,,0,0,0,Llenando ventana
874,6,PSO,poblacional,900.0000862829502,900.0000862829502,False,False,,,0.08349011038217213,,,,0,0,0,Llenando ventana
875,6,PSO,poblacional,900.0000829930656,900.0000829930656,False,False,,,0.1042616921276931,,,,0,0,0,Llenando ventana
876,6,PSO,poblacional,900.0000677200603,900.0000677200603,False,False,,,0.10809816742960265,,,,0,0,0,Llenando ventana
877,6,PSO,poblacional,900.0000566587784,900.0000566587784,False,False,,,0.11106428435186899,,,,0,0,0,Llenando ventana
878,6,PSO,poblacional,900.0000566587784,900.0000612105326,False,False,,,0.1207757531083189,,,,0,0,0,Llenando ventana
879,6,PSO,poblacional,900.0000510367253,900.0000510367253,False,False,,,0.12409567283862089,,,,0,0,0,Llenando ventana
880,6,PSO,poblacional,900.0000414861078,900.0000414861078,False,False,,,0.12472523079122766,,,,0,0,0,Llenando ventana
881,6,PSO,poblacional,900.0000414861078,900.0000529971494,False,False,,,0.12548717563333867,,,,0,0,0,Llenando ventana
882,6,PSO,poblacional,900.0000414861078,900.0000444905578,False,False,,,0.12797057283808044,,,,0,0,0,Llenando ventana
883,6,PSO,poblacional,900.0000285628676,900.0000285628676,False,False,,,0.12848991136240784,,,,0,0,0,Llenando ventana
884,6,PSO,poblacional,900.0000173624936,900.0000173624936,False,False,,,0.12781019368139823,,,,0,0,0,Llenando ventana
885,6,PSO,poblacional,900.0000114143783,900.0000114143783,False,False,,,0.12713433654539585,,,,0,0,0,Llenando ventana
886,6,PSO,poblacional,900.00001079697,900.00001079697,False,False,,,0.13129717298772903,,,,0,0,0,Llenando ventana
887,6,PSO,poblacional,900.000008058426,900.000008058426,False,False,,,0.1308617091731321,,,,0,0,0,Llenando ventana
888,6,PSO,poblacional,900.000008058426,900.0000156157039,False,False,,,0.13043446099027278,,,,0,0,0,Llenando ventana
889,6,PSO,poblacional,900.0000053320514,900.0000053320514,False,False,,,0.13181289298518095,,,,0,0,0,Llenando ventana
890,6,PSO,poblacional,900.0000053320514,900.0000116775866,False,False,,,0.1361630138694636,,,,0,0,0,Llenando ventana
891,6,PSO,poblacional,900.0000053320514,900.000008901521,False,False,,,0.1358958789423923,,,,0,0,0,Llenando ventana
892,6,PSO,poblacional,900.0000053320514,900.000008066028,False,False,,,0.13624969314423652,,,,0,0,0,Llenando ventana
893,6,PSO,poblacional,900.0000051139042,900.0000051139042,False,False,,,0.13672192545504913,,,,0,0,0,Llenando ventana
894,6,PSO,poblacional,900.0000051139042,900.0000078478367,False,False,,,0.13966793052827597,,,,0,0,0,Llenando ventana
895,6,PSO,poblacional,900.0000045178242,900.0000045178242,False,False,,,0.13954730281739103,,,,0,0,0,Llenando ventana
896,6,PSO,poblacional,900.0000045178242,900.0000052628858,False,False,,,0.13953149140706955,,,,0,0,0,Llenando ventana
897,6,PSO,poblacional,900.0000016150349,900.0000016150349,False,False,,,0.13931879879612552,,,,0,0,0,Llenando ventana
898,6,PSO,poblacional,900.0000016150349,900.0000030803966,False,False,,,0.14079418782750963,,,,0,0,0,Llenando ventana
899,6,PSO,poblacional,900.0000016150349,900.0000041574276,False,False,,,0.14061744952493882,,,,0,0,0,Llenando ventana
900,6,PSO,poblacional,900.0000016150349,900.000003295617,False,False,,,0.1404481136943332,,,,0,0,0,Llenando ventana
901,6,PSO,poblacional,900.0000016150349,900.000003146641,False,False,,,0.14028535763293348,,,,0,0,0,Llenando ventana
902,6,PSO,poblacional,900.0000016150349,900.0000022651548,False,False,,,0.14090241094231715,,,,0,0,0,Llenando ventana
903,6,PSO,poblacional,900.0000016150349,900.0000021243003,False,False,,,0.14099589143438607,,,,0,0,0,Llenando ventana
904,6,PSO,poblacional,900.0000016150349,900.0000021286482,False,False,,,0.14106674760057558,,,,0,0,0,Llenando ventana
905,6,PSO,poblacional,900.0000013700279,900.0000013700279,False,False,,,0.14180669447432592,,,,0,0,0,Llenando ventana
906,6,PSO,poblacional,900.0000012066608,900.0000012066608,False,False,,,0.1423340159866484,,,,0,0,0,Llenando ventana
907,6,PSO,poblacional,900.0000012066608,900.0000015430007,False,False,,,0.14225345709280646,,,,0,0,0,Llenando ventana
908,6,PSO,poblacional,900.0000012066608,900.0000013754666,False,False,,,0.14248211111919318,,,,0,0,0,Llenando ventana
909,6,PSO,poblacional,900.0000009425354,900.0000009425354,False,False,,,0.1429513620413445,,,,0,0,0,Llenando ventana
910,6,PSO,poblacional,900.0000009425354,900.0000011225559,False,False,,,0.14291081846897669,,,,0,0,0,Llenando ventana
911,6,PSO,poblacional,900.0000007997974,900.0000007997974,False,False,,,0.14286984668251534,,,,0,0,0,Llenando ventana
912,6,PSO,poblacional,900.000000446155,900.000000446155,False,False,,,0.1435722850546881,,,,0,0,0,Llenando ventana
913,6,PSO,poblacional,900.000000446155,900.0000008058843,False,False,,,0.14418498463112428,,,,0,0,0,Llenando ventana
914,6,PSO,poblacional,900.000000446155,900.0000007537654,False,False,,,0.1444985982303706,,,,0,0,0,Llenando ventana
915,6,PSO,poblacional,900.0000003971227,900.0000003971227,False,False,,,0.14452200874359278,,,,0,0,0,Llenando ventana
916,6,PSO,poblacional,900.000000310433,900.000000310433,False,False,,,0.14466285534308554,,,,0,0,0,Llenando ventana
917,6,PSO,poblacional,900.0000001726311,900.0000001726311,False,False,,,0.14465212309653452,,,,0,0,0,Llenando ventana
918,6,PSO,poblacional,900.0000001726311,900.0000002950185,False,False,,,0.14479175486144413,,,,0,0,0,Llenando ventana
919,6,PSO,poblacional,900.0000001697081,900.0000001697081,False,False,,,0.14478185770019536,,,,0,0,0,Llenando ventana
920,6,PSO,poblacional,900.0000001169122,900.0000001169122,False,False,,,0.14477170532882155,,,,0,0,0,Llenando ventana
921,6,PSO,poblacional,900.0000001169122,900.0000003421949,False,False,,,0.14476290350489762,,,,0,0,0,Llenando ventana
922,6,PSO,poblacional,900.0000001169122,900.0000001415708,False,False,,,0.14476609977657517,,,,0,0,0,Llenando ventana
923,6,PSO,poblacional,900.0000000671084,900.0000000671084,False,False,,,0.1447609035693631,,,,0,0,0,Llenando ventana
924,6,PSO,poblacional,900.0000000671084,900.00000011973,False,False,,,0.14478983333276574,,,,0,0,0,Llenando ventana
925,6,PSO,poblacional,900.0000000529607,900.0000000529607,False,False,,,0.14478535432147055,,,,0,0,0,Llenando ventana
926,6,PSO,poblacional,900.0000000529607,900.0000001067874,False,False,,,0.14494590573178812,,,,0,0,0,Llenando ventana
927,6,PSO,poblacional,900.0000000529607,900.000000062982,False,False,,,0.14494278158338147,,,,0,0,0,Llenando ventana
928,6,PSO,poblacional,900.0000000529607,900.0000000670698,False,False,,,0.14493965743497483,,,,0,0,0,Llenando ventana
929,6,PSO,poblacional,900.0000000354861,900.0000000354861,False,False,,,0.14493644591368593,,,,0,0,0,Llenando ventana
930,6,PSO,poblacional,900.0000000354861,900.0000000453157,False,False,,,0.14493328681612638,,,,0,0,0,Llenando ventana
931,6,PSO,poblacional,900.0000000354861,900.0000000601432,False,False,,,0.14493061773248428,,,,0,0,0,Llenando ventana
932,6,PSO,poblacional,900.0000000354861,900.000000043463,False,False,,,0.1449282753829948,,,,0,0,0,Llenando ventana
933,6,PSO,poblacional,900.0000000354861,900.0000000358875,False,False,,,0.14492593303350532,,,,0,0,0,Llenando ventana
934,6,PSO,poblacional,900.0000000288297,900.0000000288297,False,False,,,0.14493703278492376,,,,0,0,0,Llenando ventana
935,6,PSO,poblacional,900.0000000195444,900.0000000195444,False,False,,,0.14494414413593404,,,,0,0,0,Llenando ventana
936,6,PSO,poblacional,900.0000000187403,900.0000000187403,False,False,,,0.1449422941333296,,,,0,0,0,Llenando ventana
937,6,PSO,poblacional,900.0000000146371,900.0000000146371,False,False,,,0.14494071150318177,,,,0,0,0,Llenando ventana
938,6,PSO,poblacional,900.0000000104873,900.0000000104873,False,False,,,0.1449542939052435,,,,0,0,0,Llenando ventana
939,6,PSO,poblacional,900.0000000104873,900.0000000143932,False,False,,,0.1449533618571195,,,,0,0,0,Llenando ventana
940,6,PSO,poblacional,900.000000010068,900.000000010068,False,False,,,0.14496046044223476,,,,0,0,0,Llenando ventana
941,6,PSO,poblacional,900.0000000088663,900.0000000088663,False,False,,,0.1449791306537236,,,,0,0,0,Llenando ventana
942,6,PSO,poblacional,900.0000000088663,900.0000000100281,False,False,,,0.14497852752026574,,,,0,0,0,Llenando ventana
943,6,PSO,poblacional,900.0000000056733,900.0000000056733,False,False,,,0.14497807745954105,,,,0,0,0,Llenando ventana
944,6,PSO,poblacional,900.0000000054833,900.0000000054833,False,False,,,0.144980431251156,,,,0,0,0,Llenando ventana
945,6,PSO,poblacional,900.0000000046253,900.0000000046253,False,False,,,0.14498498112880043,,,,0,0,0,Llenando ventana
946,6,PSO,poblacional,900.0000000046253,900.000000005237,False,False,,,0.1449923356636873,,,,0,0,0,Llenando ventana
947,6,PSO,poblacional,900.0000000017507,900.0000000017507,False,False,,,0.1449920967164644,,,,0,0,0,Llenando ventana
948,6,PSO,poblacional,900.0000000017507,900.000000002356,False,False,,,0.1449920271584233,,,,0,0,0,Llenando ventana
949,6,PSO,poblacional,900.0000000017507,900.0000000019651,False,False,,,0.14499480021333966,,,,0,0,0,Llenando ventana
950,6,PSO,poblacional,900.0000000017507,900.0000000018831,False,False,,,0.14499466949780526,,,,0,0,0,Llenando ventana
951,6,PSO,poblacional,900.0000000017507,900.0000000022638,False,False,,,0.14499455433622188,,,,0,0,0,Llenando ventana
952,6,PSO,poblacional,900.0000000007783,900.0000000007783,False,False,,,0.14499719900584296,,,,0,0,0,Llenando ventana
953,6,PSO,poblacional,900.0000000007783,900.0000000024012,False,False,,,0.14499709464109856,,,,0,0,0,Llenando ventana
954,6,PSO,poblacional,900.0000000006337,900.0000000006337,False,False,,,0.14499776768002448,,,,0,0,0,Llenando ventana
955,6,PSO,poblacional,900.0000000006337,900.0000000008741,False,False,,,0.14499769797521367,,,,0,0,0,Llenando ventana
956,6,PSO,poblacional,900.0000000006337,900.0000000008222,False,False,,,0.14499762827040286,,,,0,0,0,Llenando ventana
957,6,PSO,poblacional,900.0000000006337,900.0000000007034,False,False,,,0.14499755856559204,,,,0,0,0,Llenando ventana
958,6,PSO,poblacional,900.000000000452,900.000000000452,False,False,,,0.1449984490541283,,,,0,0,0,Llenando ventana
959,6,PSO,poblacional,900.000000000452,900.0000000006768,False,False,,,0.14499837898597434,,,,0,0,0,Llenando ventana
960,6,PSO,poblacional,900.000000000452,900.00000000046,False,False,,,0.1449983222305491,,,,0,0,0,Llenando ventana
961,6,PSO,poblacional,900.0000000003057,900.0000000003057,False,False,,,0.14499828331429399,,,,0,0,0,Llenando ventana
962,6,PSO,poblacional,900.0000000003057,900.0000000003492,False,False,,,0.14499824644519776,,,,0,0,0,Llenando ventana
963,6,PSO,poblacional,900.0000000001829,900.0000000001829,False,False,,,0.1449985832686025,,,,0,0,0,Llenando ventana
964,6,PSO,poblacional,900.0000000001553,900.0000000001553,False,False,,,0.14499907321726369,,,,0,0,0,Llenando ventana
965,6,PSO,poblacional,900.0000000001553,900.0000000002509,False,False,,,0.14499909677920186,,,,0,0,0,Llenando ventana
966,6,PSO,poblacional,900.0000000001214,900.0000000001214,False,False,,,0.14499930245960968,,,,0,0,0,Llenando ventana
967,6,PSO,poblacional,900.0000000001214,900.0000000001661,False,False,,,0.14499951320863147,,,,0,0,0,Llenando ventana
968,6,PSO,poblacional,900.0000000001214,900.0000000001335,False,False,,,0.14499949571882098,,,,0,0,0,Llenando ventana
969,6,PSO,poblacional,900.0000000001214,900.0000000001618,False,False,,,0.1449995076752657,,,,0,0,0,Llenando ventana
970,6,PSO,poblacional,900.0000000001214,900.0000000001237,False,False,,,0.14499956304325679,,,,0,0,0,Llenando ventana
971,6,PSO,poblacional,900.0000000001119,900.0000000001119,False,False,,,0.1449995539876454,,,,0,0,0,Llenando ventana
972,6,PSO,poblacional,900.000000000101,900.000000000101,False,False,,,0.14499972052158228,,,,0,0,0,Llenando ventana
973,6,PSO,poblacional,900.000000000101,900.0000000001162,False,False,,,0.14499972558758145,,,,0,0,0,Llenando ventana
974,6,PSO,poblacional,900.0000000000882,900.0000000000882,False,False,,,0.1449997690726832,,,,0,0,0,Llenando ventana
975,6,PSO,poblacional,900.0000000000881,900.0000000000881,False,False,,,0.1449997645353278,,,,0,0,0,Llenando ventana
976,6,PSO,poblacional,900.0000000000881,900.0000000000948,False,False,,,0.1449999229542982,,,,0,0,0,Llenando ventana
977,6,PSO,poblacional,900.0000000000881,900.0000000000928,False,False,,,0.14499991962918557,,,,0,0,0,Llenando ventana
978,6,PSO,poblacional,900.0000000000816,900.0000000000816,False,False,,,0.14499991794070866,,,,0,0,0,Llenando ventana
979,6,PSO,poblacional,900.0000000000724,900.0000000000724,False,False,,,0.1449999162440463,,,,0,0,0,Llenando ventana
980,6,PSO,poblacional,900.0000000000497,900.0000000000497,False,False,,,0.14499991452032646,,,,0,0,0,Llenando ventana
981,6,PSO,poblacional,900.0000000000497,900.0000000000525,False,False,,,0.1449999678527547,,,,0,0,0,Llenando ventana
982,6,PSO,poblacional,900.0000000000497,900.0000000000523,False,False,,,0.14499996668473614,,,,0,0,0,Llenando ventana
983,6,PSO,poblacional,900.0000000000497,900.0000000000522,False,False,,,0.14499997347024873,,,,0,0,0,Llenando ventana
984,6,PSO,poblacional,900.0000000000447,900.0000000000447,False,False,,,0.1449999726405622,,,,0,0,0,Llenando ventana
985,6,PSO,poblacional,900.0000000000416,900.0000000000416,False,False,,,0.1449999718105346,,,,0,0,0,Llenando ventana
986,6,PSO,poblacional,900.0000000000416,900.0000000000517,False,False,,,0.14499997098971562,,,,0,0,0,Llenando ventana
987,6,PSO,poblacional,900.0000000000261,900.0000000000261,False,False,,,0.1449999803761557,,,,0,0,0,Llenando ventana
988,6,PSO,poblacional,900.0000000000261,900.00000000003,False,False,,,0.14499997981704382,,,,0,0,0,Llenando ventana
989,6,PSO,poblacional,900.0000000000261,900.0000000000264,False,False,,,0.14499997939117293,,,,0,0,0,Llenando ventana
990,6,PSO,poblacional,900.0000000000261,900.0000000000266,False,False,,,0.1449999872712624,,,,0,0,0,Llenando ventana
991,6,PSO,poblacional,900.0000000000166,900.0000000000166,False,False,,,0.14499998696305738,,,,0,0,0,Llenando ventana
992,6,PSO,poblacional,900.0000000000166,900.0000000000199,False,False,,,0.1449999935298365,,,,0,0,0,Llenando ventana
993,6,PSO,poblacional,900.0000000000166,900.0000000000181,False,False,,,0.14499999483962256,,,,0,0,0,Llenando ventana
994,6,PSO,poblacional,900.0000000000153,900.0000000000153,False,False,,,0.14499999462373125,,,,0,0,0,Llenando ventana
995,6,PSO,poblacional,900.000000000015,900.000000000015,False,False,,,0.14499999627321358,,,,0,0,0,Llenando ventana
996,6,PSO,poblacional,900.0000000000124,900.0000000000124,False,False,,,0.14499999604731784,,,,0,0,0,Llenando ventana
997,6,PSO,poblacional,900.0000000000107,900.0000000000107,False,False,,,0.14499999583983936,,,,0,0,0,Llenando ventana
998,6,PSO,poblacional,900.0000000000107,900.0000000000108,False,False,,,0.14499999565930466,,,,0,0,0,Llenando ventana
999,6,PSO,poblacional,900.00000000001,900.00000000001,False,False,,,0.14499999547535936,,,,0,0,0,Llenando ventana
1000,6,PSO,poblacional,900.0000000000088,900.0000000000088,False,False,,,0.14499999583790668,,,,0,0,0,Llenando ventana
1001,6,PSO,poblacional,900.0000000000078,900.0000000000078,False,False,,,0.14499999627491889,,,,0,0,0,Llenando ventana
1002,6,PSO,poblacional,900.0000000000078,900.0000000000078,False,False,,,0.14499999611439307,,,,0,0,0,Llenando ventana
1003,6,PSO,poblacional,900.0000000000078,900.0000000000078,False,False,,,0.14499999665417818,,,,0,0,0,Llenando ventana
1004,6,PSO,poblacional,900.0000000000074,900.0000000000074,False,False,,,0.1449999965105917,,,,0,0,0,Llenando ventana
1005,6,PSO,poblacional,900.0000000000072,900.0000000000072,False,False,,,0.1449999963793971,,,,0,0,0,Llenando ventana
1006,6,PSO,poblacional,900.0000000000055,900.0000000000055,False,False,,,0.14499999628583282,,,,0,0,0,Llenando ventana
1007,6,PSO,poblacional,900.0000000000055,900.0000000000055,False,False,,,0.1449999965537927,,,,0,0,0,Llenando ventana
1008,6,PSO,poblacional,900.0000000000053,900.0000000000053,False,False,,,0.14499999697125077,,,,0,0,0,Llenando ventana
1009,6,PSO,poblacional,900.0000000000042,900.0000000000042,False,False,,,0.1449999981274459,,,,0,0,0,Llenando ventana
1010,6,PSO,poblacional,900.0000000000038,900.0000000000038,False,False,,,0.14499999804422714,,,,0,0,0,Llenando ventana
1011,6,PSO,poblacional,900.0000000000027,900.0000000000027,False,False,,,0.1449999979633958,,,,0,0,0,Llenando ventana
1012,6,PSO,poblacional,900.0000000000023,900.0000000000023,False,False,,,0.14499999788336027,,,,0,0,0,Llenando ventana
1013,6,PSO,poblacional,900.0000000000022,900.0000000000022,False,False,,,0.1449999981101655,,,,0,0,0,Llenando ventana
1014,6,PSO,poblacional,900.0000000000022,900.0000000000023,False,False,,,0.14499999823101462,,,,0,0,0,Llenando ventana
1015,6,PSO,poblacional,900.0000000000022,900.0000000000022,False,False,,,0.14499999818303877,,,,0,0,0,Llenando ventana
1016,6,PSO,poblacional,900.0000000000015,900.0000000000015,False,False,,,0.14499999898202987,,,,0,0,0,Llenando ventana
1017,6,PSO,poblacional,900.0000000000015,900.0000000000015,False,False,,,0.14499999895178917,,,,0,0,0,Llenando ventana
1018,6,PSO,poblacional,900.0000000000007,900.0000000000007,False,False,,,0.14499999891756943,,,,0,0,0,Llenando ventana
1019,6,PSO,poblacional,900.0000000000007,900.0000000000011,False,False,,,0.1449999988857371,,,,0,0,0,Llenando ventana
1020,6,PSO,poblacional,900.0000000000007,900.0000000000008,False,False,,,0.1449999993816391,,,,0,0,0,Llenando ventana
1021,6,PSO,poblacional,900.0000000000007,900.0000000000009,False,False,,,0.14499999935299002,,,,0,0,0,Llenando ventana
1022,6,PSO,poblacional,900.0000000000007,900.0000000000007,False,False,,,0.14499999932957053,,,,0,0,0,Llenando ventana
1023,6,PSO,poblacional,900.0000000000007,900.0000000000008,False,False,,,0.14499999937834218,,,,0,0,0,Llenando ventana
1024,6,PSO,poblacional,900.0000000000006,900.0000000000006,False,False,,,0.1449999993765232,,,,0,0,0,Llenando ventana
1025,6,PSO,poblacional,900.0000000000006,900.0000000000006,False,False,,,0.14499999950146503,,,,0,0,0,Llenando ventana
1026,6,PSO,poblacional,900.0000000000005,900.0000000000005,False,False,,,0.14499999957831733,,,,0,0,0,Llenando ventana
1027,6,PSO,poblacional,900.0000000000003,900.0000000000003,False,False,,,0.1449999995629696,,,,0,0,0,Llenando ventana
1028,6,PSO,poblacional,900.0000000000003,900.0000000000005,False,False,,,0.1449999995854796,,,,0,0,0,Llenando ventana
1029,6,PSO,poblacional,900.0000000000003,900.0000000000003,False,False,,,0.14499999963925347,,,,0,0,0,Llenando ventana
1030,6,PSO,poblacional,900.0000000000003,900.0000000000003,False,False,,,0.14499999967517851,,,,0,0,0,Llenando ventana
1031,6,PSO,poblacional,900.0000000000002,900.0000000000002,False,False,,,0.14499999966096766,,,,0,0,0,Llenando ventana
1032,6,PSO,poblacional,900.0000000000002,900.0000000000002,False,False,,,0.14499999965050847,,,,0,0,0,Llenando ventana
1033,6,PSO,poblacional,900.0000000000002,900.0000000000002,False,False,,,0.1449999996650604,,,,0,0,0,Llenando ventana
1034,6,PSO,poblacional,900.0000000000002,900.0000000000002,False,False,,,0.14499999966733412,,,,0,0,0,Llenando ventana
1035,6,PSO,poblacional,900.0000000000002,900.0000000000002,False,False,,,0.14499999975316769,,,,0,0,0,Llenando ventana
1036,6,PSO,poblacional,900.0000000000002,900.0000000000002,False,False,,,0.1449999997461191,,,,0,0,0,Llenando ventana
1037,6,PSO,poblacional,900.0000000000002,900.0000000000002,False,False,,,0.14499999974725597,,,,0,0,0,Llenando ventana
1038,6,PSO,poblacional,900.0000000000002,900.0000000000002,False,False,,,0.1449999998058047,,,,0,0,0,Llenando ventana
1039,6,PSO,poblacional,900.0000000000002,900.0000000000002,False,False,,,0.14499999982695044,,,,0,0,0,Llenando ventana
1040,6,PSO,poblacional,900.0000000000002,900.0000000000002,False,False,,,0.14499999987936008,,,,0,0,0,Llenando ventana
1041,6,PSO,poblacional,900.0000000000001,900.0000000000001,False,False,,,0.1449999998999374,,,,0,0,0,Llenando ventana
1042,6,PSO,poblacional,900.0000000000001,900.0000000000001,False,False,,,0.14499999990346168,,,,0,0,0,Llenando ventana
1043,6,PSO,poblacional,900.0000000000001,900.0000000000001,False,False,,,0.1449999999007332,,,,0,0,0,Llenando ventana
1044,6,PSO,poblacional,900.0000000000001,900.0000000000001,False,False,,,0.14499999989868684,,,,0,0,0,Llenando ventana
1045,6,PSO,poblacional,900.0000000000001,900.0000000000001,False,False,,,0.14499999993552137,,,,0,0,0,Llenando ventana
1046,6,PSO,poblacional,900.0000000000001,900.0000000000001,False,False,,,0.14499999993415713,,,,0,0,0,Llenando ventana
1047,6,PSO,poblacional,900.0000000000001,900.0000000000001,False,False,,,0.14499999997747182,,,,0,0,0,Llenando ventana
1048,6,PSO,poblacional,900.0000000000001,900.0000000000001,False,False,,,0.14499999997633495,,,,0,0,0,Llenando ventana
1049,6,PSO,poblacional,900.0000000000001,900.0000000000001,False,False,,,0.14499999997519808,,,,0,0,0,Llenando ventana
1050,6,PSO,poblacional,900.0000000000001,900.0000000000001,False,False,,,0.14499999997428858,,,,0,0,0,Llenando ventana
1051,6,PSO,poblacional,900.0000000000001,900.0000000000001,False,False,,,0.1449999999733791,,,,0,0,0,Llenando ventana
1052,6,PSO,poblacional,900.0000000000001,900.0000000000001,False,False,,,0.14499999997269697,,,,0,0,0,Llenando ventana
1053,6,PSO,poblacional,900.0000000000001,900.0000000000001,False,False,,,0.144999999978495,,,,0,0,0,Llenando ventana
1054,6,PSO,poblacional,900.0000000000001,900.0000000000001,False,False,,,0.14499999997804025,,,,0,0,0,Llenando ventana
1055,6,PSO,poblacional,900.0000000000001,900.0000000000001,False,False,,,0.14499999998383828,,,,0,0,0,Llenando ventana
1056,6,PSO,poblacional,900.0000000000001,900.0000000000001,False,False,,,0.1449999999896363,,,,0,0,0,Llenando ventana
1057,6,PSO,poblacional,900.0000000000001,900.0000000000001,False,False,,,0.14499999998940893,,,,0,0,0,Llenando ventana
1058,6,PSO,poblacional,900.0000000000001,900.0000000000001,False,False,,,0.14499999998918156,,,,0,0,0,Llenando ventana
