iteracion,epoch,mh,tipo,fitness_best,fitness_instantaneo,dtw_ready,dtw_fire,D1_vs_ramp,D2_vs_const,dtw_delta,theta_c,theta_r,theta_delta,no_improve_len,trigger_streak,window_n,estado_dtw
1,1,WOA,poblacional,2955.6309127510685,2955.6309127510685,False,False,,,,,,,0,0,1,Llenando ventana
2,1,WOA,poblacional,2842.689580980702,2842.689580980702,False,False,,,,,,,0,0,2,Llenando ventana
3,1,WOA,poblacional,2800.4786676786507,2800.4786676786507,False,False,,,,,,,0,0,3,Llenando ventana
4,1,WOA,poblacional,2766.5239313060756,2766.5239313060756,False,False,,,,,,,0,0,4,Llenando ventana
5,1,WOA,poblacional,2760.9380451389143,2760.9380451389143,False,False,,,,,,,0,0,5,Llenando ventana
6,1,WOA,poblacional,2760.675387155303,2760.675387155303,False,False,,,,,,,0,0,6,Llenando ventana
7,1,WOA,poblacional,2758.072757425369,2758.072757425369,False,False,,,,,,,0,0,7,Llenando ventana
8,1,WOA,poblacional,2755.463405222991,2755.463405222991,False,False,,,,,,,0,0,8,Llenando ventana
9,1,WOA,poblacional,2750.524199863584,2750.524199863584,False,False,,,,,,,0,0,9,Llenando ventana
10,1,WOA,poblacional,2746.720955200257,2746.720955200257,False,False,,,,,,,0,0,10,Llenando ventana
11,1,WOA,poblacional,2740.1750671456825,2740.1750671456825,False,False,,,,,,,0,0,11,Llenando ventana
12,1,WOA,poblacional,2734.347953860348,2734.347953860348,False,False,,,,,,,0,0,12,Llenando ventana
13,1,WOA,poblacional,2731.2567186244305,2731.2567186244305,False,False,,,,,,,0,0,13,Llenando ventana
14,1,WOA,poblacional,2727.946452079639,2727.946452079639,False,False,,,,,,,0,0,14,Llenando ventana
15,1,WOA,poblacional,2724.861544633888,2724.861544633888,False,False,,,,,,,0,0,15,Llenando ventana
16,1,WOA,poblacional,2722.2565660391056,2722.2565660391056,False,False,,,,,,,0,0,16,Llenando ventana
17,1,WOA,poblacional,2717.3562022469687,2717.3562022469687,False,False,,,,,,,0,0,17,Llenando ventana
18,1,WOA,poblacional,2708.1593194257894,2708.1593194257894,False,False,,,,,,,0,0,18,Llenando ventana
19,1,WOA,poblacional,2706.498647461054,2706.498647461054,False,False,,,,,,,0,0,19,Llenando ventana
20,1,WOA,poblacional,2704.6949236667174,2704.6949236667174,False,False,,,,,,,0,0,20,Llenando ventana
21,1,WOA,poblacional,2701.01074254608,2701.01074254608,False,False,,,,,,,0,0,21,Llenando ventana
22,1,WOA,poblacional,2693.629065412192,2693.629065412192,False,False,,,,,,,0,0,22,Llenando ventana
23,1,WOA,poblacional,2685.998508567774,2685.998508567774,False,False,,,,,,,0,0,23,Llenando ventana
24,1,WOA,poblacional,2684.285724922147,2684.285724922147,False,False,,,,,,,0,0,24,Llenando ventana
25,1,WOA,poblacional,2684.285724922147,2684.285724922147,False,False,,,,,,,1,0,25,Llenando ventana
26,1,WOA,poblacional,2683.7786268609034,2683.7786268609034,False,False,,,,,,,0,0,26,Llenando ventana
27,1,WOA,poblacional,2683.4497356719385,2683.4497356719385,False,False,,,,,,,0,0,27,Llenando ventana
28,1,WOA,poblacional,2683.3189159186286,2683.3189159186286,False,False,,,,,,,0,0,28,Llenando ventana
29,1,WOA,poblacional,2682.3622425551557,2682.3622425551557,False,False,,,,,,,0,0,29,Llenando ventana
30,1,WOA,poblacional,2681.9519937637783,2681.9519937637783,False,False,,,,,,,0,0,30,Llenando ventana
31,1,WOA,poblacional,2680.6487908685476,2680.6487908685476,False,False,,,,,,,0,0,31,Llenando ventana
32,1,WOA,poblacional,2680.114535653045,2680.114535653045,False,False,,,,,,,0,0,32,Llenando ventana
33,1,WOA,poblacional,2679.756053769912,2679.756053769912,False,False,,,,,,,0,0,33,Llenando ventana
34,1,WOA,poblacional,2679.4765965485612,2679.4765965485612,False,False,,,,,,,0,0,34,Llenando ventana
35,1,WOA,poblacional,2678.093368808846,2678.093368808846,False,False,,,,,,,0,0,35,Llenando ventana
36,1,WOA,poblacional,2669.5926983056424,2669.5926983056424,False,False,,,,,,,0,0,36,Llenando ventana
37,1,WOA,poblacional,2664.32033473058,2664.32033473058,False,False,,,,,,,0,0,37,Llenando ventana
38,1,WOA,poblacional,2658.5040586660543,2658.5040586660543,False,False,,,,,,,0,0,38,Llenando ventana
39,1,WOA,poblacional,2654.202554335481,2654.202554335481,False,False,,,,,,,0,0,39,Llenando ventana
40,1,WOA,poblacional,2650.981883120578,2650.981883120578,False,False,,,,,,,0,0,40,Llenando ventana
41,1,WOA,poblacional,2647.225510176418,2647.225510176418,False,False,,,,,,,0,0,41,Llenando ventana
42,1,WOA,poblacional,2645.329141772678,2645.329141772678,False,False,,,,,,,0,0,42,Llenando ventana
43,1,WOA,poblacional,2635.761529035336,2635.761529035336,False,False,,,,,,,0,0,43,Llenando ventana
44,1,WOA,poblacional,2635.244518641792,2635.244518641792,False,False,,,,,,,0,0,44,Llenando ventana
45,1,WOA,poblacional,2634.8235077363197,2634.8235077363197,False,False,,,,,,,0,0,45,Llenando ventana
46,1,WOA,poblacional,2634.7832363613775,2634.7832363613775,False,False,,,,,,,0,0,46,Llenando ventana
47,1,WOA,poblacional,2634.7832363613775,2634.7832363613775,False,False,,,,,,,1,0,47,Llenando ventana
48,1,WOA,poblacional,2634.624572876545,2634.624572876545,False,False,,,,,,,0,0,48,Llenando ventana
49,1,WOA,poblacional,2633.532511785431,2633.532511785431,False,False,,,,,,,0,0,49,Llenando ventana
50,1,WOA,poblacional,2632.0673927478965,2632.0673927478965,False,False,,,,,,,0,0,50,Llenando ventana
51,1,WOA,poblacional,2631.9059526019146,2631.9059526019146,False,False,,,,,,,0,0,51,Llenando ventana
52,1,WOA,poblacional,2631.652930089579,2631.652930089579,False,False,,,,,,,0,0,52,Llenando ventana
53,1,WOA,poblacional,2631.400391759826,2631.400391759826,False,False,,,,,,,0,0,53,Llenando ventana
54,1,WOA,poblacional,2631.0182634762145,2631.0182634762145,False,False,,,,,,,0,0,54,Llenando ventana
55,1,WOA,poblacional,2630.626417158163,2630.626417158163,False,False,,,,,,,0,0,55,Llenando ventana
56,1,WOA,poblacional,2630.5076390553136,2630.5076390553136,False,False,,,,,,,0,0,56,Llenando ventana
57,1,WOA,poblacional,2630.1593879097472,2630.1593879097472,False,False,,,,,,,0,0,57,Llenando ventana
58,1,WOA,poblacional,2629.9423636700167,2629.9423636700167,False,False,,,,,,,0,0,58,Llenando ventana
59,1,WOA,poblacional,2629.7488484139694,2629.7488484139694,False,False,,,,,,,0,0,59,Llenando ventana
60,1,WOA,poblacional,2629.6409059436232,2629.6409059436232,False,False,,,,,,,0,0,60,Llenando ventana
61,1,WOA,poblacional,2629.284492951322,2629.284492951322,False,False,,,,,,,0,0,61,Llenando ventana
62,1,WOA,poblacional,2629.1667023339724,2629.1667023339724,False,False,,,,,,,0,0,62,Llenando ventana
63,1,WOA,poblacional,2629.1642337898384,2629.1642337898384,False,False,,,,,,,0,0,63,Llenando ventana
64,1,WOA,poblacional,2629.0868538237983,2629.0868538237983,False,False,,,,,,,0,0,64,Llenando ventana
65,1,WOA,poblacional,2628.7439572928643,2628.7439572928643,False,False,,,,,,,0,0,65,Llenando ventana
66,1,WOA,poblacional,2628.4264590914545,2628.4264590914545,False,False,,,,,,,0,0,66,Llenando ventana
67,1,WOA,poblacional,2628.4123168050755,2628.4123168050755,False,False,,,,,,,0,0,67,Llenando ventana
68,1,WOA,poblacional,2628.3461245878702,2628.3461245878702,False,False,,,,,,,0,0,68,Llenando ventana
69,1,WOA,poblacional,2628.3089106839525,2628.3089106839525,False,False,,,,,,,0,0,69,Llenando ventana
70,1,WOA,poblacional,2628.264372244573,2628.264372244573,False,False,,,,,,,0,0,70,Llenando ventana
71,1,WOA,poblacional,2628.159420873746,2628.159420873746,False,False,,,,,,,0,0,71,Llenando ventana
72,1,WOA,poblacional,2628.10975147332,2628.10975147332,False,False,,,,,,,0,0,72,Llenando ventana
73,1,WOA,poblacional,2628.067967936569,2628.067967936569,False,False,,,,,,,0,0,73,Llenando ventana
74,1,WOA,poblacional,2628.0565259410187,2628.0565259410187,False,False,,,,,,,0,0,74,Llenando ventana
75,1,WOA,poblacional,2627.934385178612,2627.934385178612,True,False,20571.274329894084,20894.974329894096,-323.70000000001164,7.5,37.5,22.5,0,0,75,Explotacion activa
76,1,WOA,poblacional,2627.830309334011,2627.830309334011,True,False,12428.475050533649,12752.17505053365,-323.7000000000007,7.5,37.5,22.5,0,0,76,Explotacion activa
77,1,WOA,poblacional,2627.830309334011,2627.830309334011,True,False,9477.515824526497,9801.215824526495,-323.6999999999971,7.5,37.5,22.5,1,0,77,Explotacion activa
78,1,WOA,poblacional,2627.485029016729,2627.485029016729,True,False,7103.9042352452825,7427.604235245286,-323.70000000000346,7.5,37.5,22.5,0,0,78,Explotacion activa
79,1,WOA,poblacional,2627.4786177015435,2627.4786177015435,True,False,6823.632138411047,7147.708086312716,-324.07594790166877,7.5,37.5,22.5,0,0,79,Explotacion activa
80,1,WOA,poblacional,2627.3878645099867,2627.3878645099867,True,False,6937.858918170783,7261.558918170786,-323.70000000000255,7.5,37.5,22.5,0,0,80,Explotacion activa
81,1,WOA,poblacional,2627.2804992498222,2627.2804992498222,True,False,6876.056576331246,7199.756576331247,-323.7000000000007,7.5,37.5,22.5,0,0,81,Explotacion activa
82,1,WOA,poblacional,2627.204278722532,2627.204278722532,True,False,6811.223639855699,7134.9236398557005,-323.70000000000164,7.5,37.5,22.5,0,0,82,Explotacion activa
83,1,WOA,poblacional,2627.137268996369,2627.137268996369,True,False,6569.109374126798,6892.8093741267985,-323.7000000000007,7.5,37.5,22.5,0,0,83,Explotacion activa
84,1,WOA,poblacional,2627.1029115214988,2627.1029115214988,True,False,6407.287312719363,6730.987312719364,-323.7000000000007,7143.8727523756115,7815.987712029647,-323.7000000000007,0,0,84,Explotacion activa
85,1,WOA,poblacional,2627.0693674319687,2627.0693674319687,True,False,6035.997296394573,6359.697296394576,-323.70000000000346,7134.9236398557005,7103.9042352452825,-323.7000000000007,0,0,85,Explotacion activa
86,1,WOA,poblacional,2627.0316682596417,2627.0316682596417,True,False,5712.107198880513,6035.807198880517,-323.70000000000346,6965.443653845469,7054.090640122932,-323.7000000000007,0,0,86,Explotacion activa
87,1,WOA,poblacional,2626.9963345889164,2626.9963345889164,True,False,5587.616175458144,5911.316175458148,-323.70000000000346,6828.080549563825,7004.277045000583,-323.7000000000007,0,0,87,Explotacion activa
88,1,WOA,poblacional,2626.9693256615656,2626.9693256615656,True,False,5443.633577561657,5767.33357756166,-323.70000000000255,6693.858311086885,6954.4634498782325,-323.7000000000007,0,0,88,Explotacion activa
89,1,WOA,poblacional,2626.908920315526,2626.908920315526,True,False,5313.303050894444,5637.003050894447,-323.70000000000346,6433.955299659534,6925.498449802875,-323.7000000000009,0,0,89,Explotacion activa
90,1,WOA,poblacional,2626.874503867086,2626.874503867086,True,False,5215.916697052555,5539.616697052556,-323.70000000000164,6197.752247637547,6906.957747251015,-323.7000000000012,0,0,90,Explotacion activa
91,1,WOA,poblacional,2626.8290454188755,2626.8290454188755,True,False,4943.816933262518,5267.516933262521,-323.70000000000255,6010.908994196043,6888.417044699154,-323.70000000000147,0,0,91,Explotacion activa
92,1,WOA,poblacional,2626.8197832113374,2626.8197832113374,True,False,4344.587140709702,4668.287140709704,-323.70000000000164,5923.765277800385,6870.814132539226,-323.70000000000164,0,0,92,Explotacion activa
93,1,WOA,poblacional,2626.711953376558,2626.711953376558,True,False,4301.484109403791,4625.184109403791,-323.6999999999998,5824.926616720255,6855.0868011631665,-323.70000000000107,0,0,93,Explotacion activa
94,1,WOA,poblacional,2626.696057210357,2626.696057210357,True,False,4246.007415079232,4569.707415079232,-323.7000000000007,5728.234419561496,6839.359469787107,-323.7000000000007,0,0,94,Explotacion activa
95,1,WOA,poblacional,2626.6922363501685,2626.6922363501685,True,False,4047.6965183479847,4371.396518347985,-323.7000000000003,5637.003050894447,6823.632138411047,-323.7000000000007,0,0,95,Explotacion activa
96,1,WOA,poblacional,2626.68267674038,2626.68267674038,True,False,3568.39879911209,3892.098799112091,-323.7000000000012,5568.832603205124,6819.909588844443,-323.7000000000007,0,0,96,Explotacion activa
97,1,WOA,poblacional,2626.649008806076,2626.649008806076,True,False,3063.0870923868447,3386.787092386846,-323.7000000000012,5430.776791536542,6816.187039277838,-323.7000000000007,0,0,97,Explotacion activa
98,1,WOA,poblacional,2626.5842830722404,2626.5842830722404,True,False,2993.8492155110384,3317.7425444603514,-323.89332894931295,5207.593954007239,6812.464489711234,-323.7000000000007,0,0,98,Explotacion activa
99,1,WOA,poblacional,2626.5539277557427,2626.5539277557427,True,False,3050.3478216809613,3375.4743416267556,-325.12651994579437,4788.133099220267,6762.800786709918,-323.70000000000084,0,0,99,Explotacion activa
100,1,WOA,poblacional,2626.502503434001,2626.502503434001,True,False,3071.155544999222,3395.225208521632,-324.0696635224099,4646.735625056747,6690.166506991249,-323.70000000000095,0,0,100,Explotacion activa
101,1,WOA,poblacional,2626.4722953616415,2626.4722953616415,True,False,3104.0855883155405,3427.864700848525,-323.7791125329845,4614.0887705388795,6617.532227272578,-323.70000000000107,0,0,101,Explotacion activa
102,1,WOA,poblacional,2626.4368273373148,2626.4368273373148,True,False,3150.6361477753258,3475.0661276849078,-324.429979909582,4575.255084511688,6552.927167986054,-323.7000000000012,0,0,102,Explotacion activa
103,1,WOA,poblacional,2626.3931385689066,2626.3931385689066,True,False,3135.5106564000307,3460.2414027741643,-324.73074637413356,4450.720877040484,6504.3805495638235,-323.7000000000012,0,0,103,Explotacion activa
104,1,WOA,poblacional,2626.3548156438887,2626.3548156438887,True,False,3161.6833732273562,3485.4801703321264,-323.7967971047701,4227.607202577216,6455.833931141593,-323.7000000000012,0,0,104,Explotacion activa
105,1,WOA,poblacional,2626.3137942903268,2626.3137942903268,True,False,3118.1854155646383,3443.3781526632756,-325.1927370986373,3892.098799112091,6407.287312719363,-323.7000000000012,0,0,105,Explotacion activa
106,1,WOA,poblacional,2626.309234204655,2626.309234204655,True,False,3132.872689955511,3457.648568164479,-324.77587820896815,3607.465758966115,6295.900307821926,-323.7000000000013,0,0,106,Explotacion activa
107,1,WOA,poblacional,2626.278315005206,2626.278315005206,True,False,3160.421904249223,3484.5986475773275,-324.1767433281043,3485.127561230207,6184.513302924489,-323.70000000000147,0,0,107,Explotacion activa
108,1,WOA,poblacional,2626.1947065752993,2626.1947065752993,True,False,3193.4839309103563,3517.200703170642,-323.7167722602858,3485.3920180566465,6073.126298027051,-323.7000000000016,0,0,108,Explotacion activa
109,1,WOA,poblacional,2626.155763436628,2626.155763436628,True,False,3143.079455803946,3466.7794558039473,-323.7000000000012,3484.774952128287,5971.21927689176,-323.7000000000013,0,0,109,Explotacion activa
110,1,WOA,poblacional,2626.0985298527544,2626.0985298527544,True,False,2557.5240070197556,2881.2240070197568,-323.7000000000012,3479.832387631118,5874.052247637543,-323.7000000000012,0,0,110,Explotacion activa
111,1,WOA,poblacional,2625.8853407785073,2625.8853407785073,True,False,2205.8040964171937,2529.504096417195,-323.7000000000012,3473.4087933087158,5776.885218383325,-323.7000000000012,0,0,111,Explotacion activa
112,1,WOA,poblacional,2625.508818854124,2625.508818854124,True,False,1808.3949074542384,2132.0949074542395,-323.7000000000012,3467.6081229920433,5699.658096538276,-323.7000000000012,0,0,112,Explotacion activa
113,1,WOA,poblacional,2625.186773907379,2625.186773907379,True,False,1519.0993674199271,1842.7993674199283,-323.7000000000012,3462.8566239860775,5662.310789511565,-323.7000000000012,0,0,113,Explotacion activa
114,1,WOA,poblacional,2625.0291489522024,2625.0291489522024,True,False,1306.7224316854677,1630.4224316854688,-323.7000000000012,3459.463552391259,5624.9634824848545,-323.7000000000012,0,0,114,Explotacion activa
115,1,WOA,poblacional,2624.946175399139,2624.946175399139,True,False,1051.0301685949125,1374.7301685949137,-323.7000000000012,3457.648568164479,5587.616175458144,-323.7000000000012,0,0,115,Explotacion activa
116,1,WOA,poblacional,2624.875303778423,2624.875303778423,True,False,931.1527447124172,1254.8527447124184,-323.7000000000012,3447.6592773136367,5544.421396089198,-323.7000000000012,0,0,116,Explotacion activa
117,1,WOA,poblacional,2624.7015713046444,2624.7015713046444,True,False,233.0972543241769,557.9093598797881,-324.8121055556112,3437.1727719373753,5501.2266167202515,-323.7000000000012,0,0,117,Explotacion activa
118,1,WOA,poblacional,2624.4933790990945,2624.4933790990945,True,False,207.67788325781703,530.4017303002415,-322.7238470424245,3424.6007516158356,5458.0318373513055,-323.7000000000012,0,0,118,Explotacion activa
119,1,WOA,poblacional,2624.435880646555,2624.435880646555,True,False,188.33445146939903,509.63455038504253,-321.3000989156435,3401.7531069870106,5417.567472228214,-323.7000000000012,0,0,119,Explotacion activa
120,1,WOA,poblacional,2624.172445010513,2624.172445010513,True,False,194.91472823307868,517.2652599901826,-322.3505317571039,3391.006150454239,5378.46831422805,-323.7000000000012,0,0,120,Explotacion activa
121,1,WOA,poblacional,2624.032118089115,2624.032118089115,True,False,204.41512192939445,528.016378262445,-323.6012563330505,3384.524542234828,5339.369156227886,-323.7000000000012,0,0,121,Explotacion activa
122,1,WOA,poblacional,2624.032118089115,2624.032118089115,True,False,202.75185735448304,526.8677351722558,-324.1158778177728,3376.6056167027646,5303.564415510255,-323.7000000000012,1,0,122,Explotacion activa
123,1,WOA,poblacional,2624.0079045255816,2624.0079045255816,True,False,131.87982168967392,455.5798216896751,-323.7000000000012,3340.835263326913,5274.348509357687,-323.7000000000012,0,0,123,Explotacion activa
124,1,WOA,poblacional,2623.983768420054,2623.983768420054,True,False,38.64225177376056,355.2446372399759,-316.6023854662153,3186.7869832281726,5245.132603205121,-323.7000000000012,0,0,124,Explotacion activa
125,1,WOA,poblacional,2623.973440173664,2623.973440173664,True,False,35.6600788042897,351.2305788655626,-315.5705000612729,2881.2240070197568,5215.916697052555,-323.7000000000012,0,0,125,Explotacion activa
126,1,WOA,poblacional,2623.932297348806,2623.932297348806,True,False,28.30126990580129,340.2275456935072,-311.9262757877059,2635.020069597963,5134.286767915542,-323.7000000000012,0,0,126,Explotacion activa
127,1,WOA,poblacional,2623.928206466816,2623.928206466816,True,False,21.38183089746599,329.01189458479894,-307.63006368733295,2370.5404208320124,5052.656838778533,-323.700000000001,0,0,127,Explotacion activa
128,1,WOA,poblacional,2623.922698550302,2623.922698550302,True,False,12.779477882984338,307.8299665234558,-295.0504886404715,2103.165353450808,4971.02690964152,-323.7000000000007,0,0,128,Explotacion activa
129,1,WOA,poblacional,2623.9006436410527,2623.9006436410527,True,False,8.672363437381591,285.559112504744,-276.8867490673624,1900.6584754267903,4823.970974751954,-323.7000000000007,0,0,129,Explotacion activa
130,1,WOA,poblacional,2623.8929104044396,2623.8929104044396,True,False,9.448082424220956,283.3842615447684,-273.9361791205474,1736.6108995526986,4644.20203698611,-323.7000000000007,0,0,130,Explotacion activa
131,1,WOA,poblacional,2623.8775052243136,2623.8775052243136,True,False,13.404469948966835,263.89555945829306,-250.49108950932623,1579.283979067358,4464.433099220263,-323.7000000000007,0,0,131,Explotacion activa
132,1,WOA,poblacional,2623.8726559322113,2623.8726559322113,True,False,17.420203215545826,253.90547345603682,-236.485270240491,1400.2993949039687,4340.276837579111,-323.7000000000007,0,0,132,Explotacion activa
133,1,WOA,poblacional,2623.867791426973,2623.867791426973,True,False,21.828496177516172,245.46640149553696,-223.63790531802078,1302.8037142654164,4327.345928187337,-323.7000000000007,0,0,133,Explotacion activa
134,1,WOA,poblacional,2623.8624275627394,2623.8624275627394,True,False,23.670829900740955,243.25713707080286,-219.5863071700619,1045.7697292626287,4314.415018795564,-323.7000000000006,0,0,134,Explotacion activa
135,1,WOA,poblacional,2623.847272222327,2623.847272222327,True,False,36.03346008020617,222.31979636951655,-186.28633628931038,557.9093598797881,4301.484109403791,-323.7000000000003,0,0,135,Explotacion activa
136,1,WOA,poblacional,2623.8293440747625,2623.8293440747625,True,False,38.807033420419884,218.94064894484245,-180.13361552442257,538.6540191741055,4284.841101106423,-323.69999999999993,0,0,136,Explotacion activa
137,1,WOA,poblacional,2623.827946688703,2623.827946688703,True,False,36.15470483871559,224.09426378006265,-187.93955894134706,529.4475894851229,4268.198092809055,-323.69999999999874,0,0,137,Explotacion activa
138,1,WOA,poblacional,2623.771169305316,2623.771169305316,True,False,36.74611220686211,223.68383081157754,-186.93771860471543,527.901513953426,4251.555084511687,-323.69012563330244,0,0,138,Explotacion activa
139,1,WOA,poblacional,2623.687886251027,2623.687886251027,True,False,50.69649780614827,203.36555856429777,-152.6690607581495,527.0974637902937,4206.345235732982,-323.6210050664398,0,0,139,Explotacion activa
140,1,WOA,poblacional,2623.5756658212563,2623.5756658212563,True,False,64.51911546077508,184.72148493017357,-120.20236946939849,522.0664975812192,4146.851966713608,-323.1625516877375,0,0,140,Explotacion activa
141,1,WOA,poblacional,2623.567558115947,2623.567558115947,True,False,61.94765405294447,188.51971442725926,-126.57206037431479,515.7391180691545,4087.3586976942333,-322.64918398536037,0,0,141,Explotacion activa
142,1,WOA,poblacional,2623.532558826685,2623.532558826685,True,False,62.34628387852126,188.43505611525234,-126.08877223673107,510.3976213455565,3999.7667464243946,-322.38786328563594,0,0,142,Explotacion activa
143,1,WOA,poblacional,2623.5163431055093,2623.5163431055093,True,False,61.028923276806836,190.4737948037823,-129.44487152697548,477.201713167822,3855.977430653624,-321.7202720522277,0,0,143,Explotacion activa
144,1,WOA,poblacional,2623.479683132452,2623.479683132452,True,False,60.113123777916826,191.9626394018378,-131.84951562392098,425.4792663547653,3712.188114882857,-319.89078488081503,0,0,144,Explotacion activa
145,1,WOA,poblacional,2623.477536046325,2623.477536046325,True,False,63.14233862305127,188.8781227880486,-125.73578416499731,355.2446372399759,3568.39879911209,-316.6023854662153,0,0,145,Explotacion activa
146,1,WOA,poblacional,2623.438338530459,2623.438338530459,True,False,62.40890361278025,189.87400009938892,-127.46509648660867,352.4347963778866,3455.924338651568,-315.8800656827556,0,0,146,Explotacion activa
147,1,WOA,poblacional,2623.4099914415647,2623.4099914415647,True,False,61.55959787905567,191.43999487480778,-129.8803969957521,346.82936559674044,3343.4498781910493,-314.1128103518461,0,0,147,Explotacion activa
148,1,WOA,poblacional,2623.3897569806622,2623.3897569806622,True,False,58.93361446417521,195.26005616444309,-136.32644170026788,339.10598058263633,3230.9754177305276,-311.4966545776686,0,0,148,Explotacion activa
149,1,WOA,poblacional,2623.3497468163805,2623.3497468163805,True,False,62.64202766125527,190.80627810858505,-128.16425044732978,331.2550248065406,3187.1238193737563,-308.4893061074076,0,0,149,Explotacion activa
150,1,WOA,poblacional,2623.3485464405912,2623.3485464405912,True,False,65.76606557343575,187.58642850152455,-121.8203629280888,318.4209305541274,3177.5836520688563,-301.3402761639022,0,0,150,Explotacion activa
151,1,WOA,poblacional,2623.338340870462,2623.338340870462,True,False,62.63666841016675,192.07839696507335,-129.4417285549066,303.3757957197135,3168.0434847639563,-291.41774072584974,0,0,151,Explotacion activa
152,1,WOA,poblacional,2623.336019450316,2623.336019450316,True,False,80.98145236651408,170.67666305263492,-89.69521068612084,287.78619790661514,3161.557226329543,-278.70312302467335,0,0,152,Explotacion activa
153,1,WOA,poblacional,2623.328996342968,2623.328996342968,True,False,78.0218565500104,174.35184708746965,-96.32999053745925,284.2542019287586,3161.178785636103,-275.11640709927343,0,0,153,Explotacion activa
154,1,WOA,poblacional,2623.32529122767,2623.32529122767,True,False,80.67882648820841,171.69868419458226,-91.01985770637384,277.53765091882576,3160.8003449426633,-266.90265223718114,0,0,154,Explotacion activa
155,1,WOA,poblacional,2623.321559516943,2623.321559516943,True,False,84.61555125951418,167.71259467529262,-83.09704341577844,263.89555945829306,3160.421904249223,-250.49108950932623,0,0,155,Explotacion activa
156,1,WOA,poblacional,2623.316973057534,2623.316973057534,True,False,86.36362313181235,165.9595813208016,-79.59595818898924,256.9024992567137,3157.486177307054,-240.68701602114163,0,0,156,Explotacion activa
157,1,WOA,poblacional,2623.3163563148655,2623.3163563148655,True,False,87.74509491420349,164.82177426626367,-77.07667935206018,250.52984467183686,3154.550450364885,-231.34632427150294,0,0,157,Explotacion activa
158,1,WOA,poblacional,2623.3148109528793,2623.3148109528793,True,False,86.85768224978801,166.06742169447534,-79.20973944468733,245.24547505306353,3151.6147234227155,-223.23274550322492,0,0,158,Explotacion activa
159,1,WOA,poblacional,2623.310877020353,2623.310877020353,True,False,86.148963342343,167.34364948086386,-81.19468613852086,243.69898995574968,3149.12480938105,-220.3966267996537,0,0,159,Explotacion activa
160,1,WOA,poblacional,2623.305264523635,2623.305264523635,True,False,85.75507853856016,168.2803144646773,-82.52523592611715,233.67570042543275,3146.8578017896357,-203.7629330557047,0,0,160,Explotacion activa
161,1,WOA,poblacional,2623.264148656876,2623.264148656876,True,False,85.06349108375798,169.39780876304394,-84.33431767928596,224.01217718636562,3144.590794198222,-187.73919087402075,0,0,161,Explotacion activa
162,1,WOA,poblacional,2623.2188452441324,2623.2188452441324,True,False,84.16506433328368,171.14962855651538,-86.9845642232317,223.72487410842604,3142.3225758635544,-187.0379026383786,0,0,162,Explotacion activa
163,1,WOA,poblacional,2623.2167487468405,2623.2167487468405,True,False,85.66290583910859,170.3718045182618,-84.70889867915321,222.86541014634093,3140.05193604238,-186.54688921547242,0,0,163,Explotacion activa
164,1,WOA,poblacional,2623.216455485941,2623.216455485941,True,False,85.74951602995634,171.48303571484894,-85.7335196848926,221.3060521421143,3137.781296221205,-184.44052005984406,0,0,164,Explotacion activa
165,1,WOA,poblacional,2623.2164389806444,2623.2164389806444,True,False,86.58898612222265,171.7317169855096,-85.14273086328694,218.94064894484245,3135.5106564000307,-180.13361552442262,0,0,165,Explotacion activa
166,1,WOA,poblacional,2623.216247645454,2623.216247645454,True,False,85.57155675990998,174.64984919357448,-89.0782924336645,208.0380856784612,3134.7192664666745,-160.90842718803154,0,0,166,Explotacion activa
167,1,WOA,poblacional,2623.2057879889285,2623.2057879889285,True,False,89.80633396083658,170.17660680753625,-80.37027284669966,200.12335760435587,3133.927876533319,-146.13201313499698,0,0,167,Explotacion activa
168,1,WOA,poblacional,2623.1817796635887,2623.1817796635887,True,False,89.11638419422434,172.51456805543467,-83.39818386121033,194.9418902445061,3133.1364865999626,-135.8787490926332,0,0,168,Explotacion activa
169,1,WOA,poblacional,2623.1649213255264,2623.1649213255264,True,False,88.03050694300691,175.7591394261185,-87.7286324831116,192.7147288049473,3129.9352350773365,-132.74490083919036,0,0,169,Explotacion activa
170,1,WOA,poblacional,2623.1532209215834,2623.1532209215834,True,False,87.31262688753304,178.5811841205632,-91.26855723303015,192.02051818345558,3125.5290527600746,-130.86495630983654,0,0,170,Explotacion activa
171,1,WOA,poblacional,2623.140175633735,2623.140175633735,True,False,88.0772796614583,179.59859015440452,-91.52131049294621,191.8581104964318,3121.1228704428127,-129.79329190199678,0,0,171,Explotacion activa
172,1,WOA,poblacional,2623.093824793373,2623.093824793373,True,False,89.92535623103049,178.2993441294425,-88.373987898412,191.4922593275108,3116.7754328397286,-129.48842407385314,0,0,172,Explotacion activa
173,1,WOA,poblacional,2623.020946559657,2623.020946559657,True,False,90.07371021108747,179.58603190470103,-89.51232169361356,191.05976481507415,3112.545484664999,-129.44298574373414,0,0,173,Explotacion activa
174,1,WOA,poblacional,2622.9133008838267,2622.9133008838267,True,False,90.80998056057615,179.36983464598916,-88.55985408541301,190.70653311714423,3108.31553649027,-129.05848512263356,0,0,174,Explotacion activa
175,1,WOA,poblacional,2622.7370876692203,2622.7370876692203,True,False,89.81670187501504,180.8696449838053,-91.05294310879026,190.4737948037823,3104.0855883155405,-128.16425044732978,0,0,175,Explotacion activa
176,1,WOA,poblacional,2622.664877882385,2622.664877882385,True,False,89.90266988681014,182.0169606385557,-92.11429075174556,190.05393851070693,3094.2065753206443,-127.67484267482502,0,0,176,Explotacion activa
177,1,WOA,poblacional,2622.605899766848,2622.605899766848,True,False,90.37403965985004,182.57123057840954,-92.1971909185595,189.47564917485278,3084.327562325749,-127.10788204169113,0,0,177,Explotacion activa
178,1,WOA,poblacional,2622.5059694505153,2622.5059694505153,True,False,90.22030893877172,183.58418032046302,-93.3638713816913,188.84228195196965,3074.4485493308534,-126.52373156055641,0,0,178,Explotacion activa
179,1,WOA,poblacional,2622.390469732818,2622.390469732818,True,False,90.03100734583177,184.47192471438575,-94.44091736855398,188.59139609941712,3069.5418544767467,-126.18542986424782,0,0,179,Explotacion activa
180,1,WOA,poblacional,2622.232059693853,2622.232059693853,True,False,87.75268419900021,188.2116528854608,-100.4589686864606,188.4773852712558,3067.1213186930336,-125.9122782008642,0,0,180,Explotacion activa
181,1,WOA,poblacional,2622.2241285374994,2622.2241285374994,True,False,87.74453324819251,189.9778185939549,-102.2332853457624,188.50278276485787,3064.70078290932,-124.95269991761566,0,0,181,Explotacion activa
182,1,WOA,poblacional,2622.1326590463427,2622.1326590463427,True,False,89.77288204897377,187.85284230981642,-98.07996026084265,188.44352194645302,3061.8131653162563,-122.21190505177968,0,0,182,Explotacion activa
183,1,WOA,poblacional,2622.073171904707,2622.073171904707,True,False,89.8722590596285,189.05364158007387,-99.18138252044537,188.46891944005512,3057.9913841044913,-120.84956685287462,0,0,183,Explotacion activa
184,1,WOA,poblacional,2621.664314380403,2621.664314380403,True,False,88.24665126438549,189.2525718457664,-101.0059205813809,188.4943169336572,3054.1696028927263,-114.81164423230771,0,0,184,Explotacion activa
185,1,WOA,poblacional,2621.4548457860583,2621.4548457860583,True,False,94.6880575233281,177.90707534392914,-83.21901782060104,188.43505611525234,3050.3478216809613,-102.2332853457624,0,0,185,Explotacion activa
186,1,WOA,poblacional,2621.386228737886,2621.386228737886,True,False,111.99089884540172,154.16704305580515,-42.176144210403436,188.27867385439828,3033.3982398299836,-101.37413001069537,0,0,186,Explotacion activa
187,1,WOA,poblacional,2621.3547445314493,2621.3547445314493,True,False,128.07574763812954,134.1677463726137,-6.09199873448415,188.06812865520305,3016.4486579790073,-100.78713982341279,0,0,187,Explotacion activa
188,1,WOA,poblacional,2621.293410053905,2621.293410053905,True,False,134.75066552383896,126.239238587832,8.511426936006956,187.82620092898725,2999.4990761280305,-100.33121006985908,0,0,188,Explotacion activa
189,1,WOA,poblacional,2621.2364587963334,2621.2364587963334,True,False,136.991775518572,123.8089122639526,13.182863254619406,187.63971126318293,2906.5841738127806,-99.43689975364842,0,0,189,Explotacion activa
190,1,WOA,poblacional,2621.157261390461,2621.157261390461,True,False,138.23247986668912,122.2824547189357,15.950025147753422,186.15395671584906,2775.686611265397,-98.63067139064401,0,0,190,Explotacion activa
191,1,WOA,poblacional,2620.971938072385,2620.971938072385,True,False,145.29636027143033,113.15588489156926,32.14047537986107,184.671572887016,2644.789048718007,-97.729966316166,0,0,191,Explotacion activa
192,1,WOA,poblacional,2620.7519444850273,2620.7519444850273,True,False,154.49597004010548,101.49109629494023,53.00487374516524,184.49688073596454,2522.3520159594964,-96.5049875097976,0,0,192,Explotacion activa
193,1,WOA,poblacional,2620.5872049707123,2620.5872049707123,True,False,154.01411553671778,101.08488648284674,52.92922905387104,183.93927807803212,2416.836042778729,-95.1965466361161,0,0,193,Explotacion activa
194,1,WOA,poblacional,2620.430576377451,2620.430576377451,True,False,167.80397453657088,85.33251804881729,82.47145648775358,183.28029539784697,2311.3200695979613,-94.11780357249518,0,0,194,Explotacion activa
195,1,WOA,poblacional,2620.286853945991,2620.286853945991,True,False,173.2242986731735,78.69359000849681,94.5307086646767,182.57123057840954,2205.8040964171937,-93.3638713816913,0,0,195,Explotacion activa
196,1,WOA,poblacional,2619.787782234814,2619.787782234814,True,False,165.66487620998578,82.93792586279778,82.726950347188,182.18324162051186,2086.5813397283027,-92.54719505749905,0,0,196,Explotacion activa
197,1,WOA,poblacional,2619.6996886865836,2619.6996886865836,True,False,162.6106606554672,85.45433800031515,77.15632265515205,181.55803437665554,1967.3585830394172,-92.16403085183393,0,0,197,Explotacion activa
198,1,WOA,poblacional,2619.318379926235,2619.318379926235,True,False,157.1640337181343,88.33365468507964,68.83037903305467,180.74253950086523,1848.1358263505317,-92.05499272586563,0,0,198,Explotacion activa
199,1,WOA,poblacional,2618.6417012449233,2618.6417012449233,True,False,147.96234315753145,92.90110338098339,55.061239776548064,179.85280112028468,1750.5357994473752,-91.63990654470608,0,0,199,Explotacion activa
200,1,WOA,poblacional,2618.488501706021,2618.488501706021,True,False,144.5625611814612,95.30032998427123,49.262231197189976,179.59231102955277,1663.7471374370828,-91.39493386298818,0,0,200,Explotacion activa
201,1,WOA,poblacional,2618.315402668551,2618.315402668551,True,False,138.1366985061859,100.61040851526695,37.52628999091894,179.54279245295865,1576.9584754267862,-91.22543440818218,0,0,201,Explotacion activa
202,1,WOA,poblacional,2618.2570506591965,2618.2570506591965,True,False,132.56606694012726,105.86847058433386,26.697596355793394,179.39145437186033,1497.8616738464793,-91.07450452121425,0,0,202,Explotacion activa
203,1,WOA,poblacional,2617.9052067284715,2617.9052067284715,True,False,125.75995270862813,110.23184421247697,15.528108496151162,178.89664433073358,1434.1485931261423,-91.0330918673404,0,0,203,Explotacion activa
204,1,WOA,poblacional,2617.501308814803,2617.501308814803,True,False,117.26942155850975,116.05118629274057,1.2182352657691808,178.496632123227,1370.435512405805,-90.62246360029795,0,0,204,Explotacion activa
205,1,WOA,poblacional,2616.4039489022575,2616.4039489022575,True,False,109.4794211555045,122.38475928547405,-12.90533812996955,178.2993441294425,1306.7224316854677,-89.69521068612084,0,0,205,Explotacion activa
206,1,WOA,poblacional,2616.4039489022575,2616.4039489022575,True,False,103.75130050866255,129.49461869985498,-25.74331819119243,178.02475597958315,1230.0147527582983,-89.56718839136575,1,0,206,Explotacion activa
207,1,WOA,poblacional,2616.3075273234695,2616.3075273234695,True,False,98.15554302007922,136.69490941571667,-38.539366395637444,177.0479009768049,1153.3070738311324,-89.33870998963394,0,0,207,Explotacion activa
208,1,WOA,poblacional,2616.0115955562696,2616.0115955562696,True,False,93.02791312465297,144.14881546891047,-51.1209023442575,175.6482104028641,1076.5993949039666,-89.02644859883935,0,0,208,Explotacion activa
209,1,WOA,poblacional,2615.833194171677,2615.833194171677,True,False,88.84595045842661,151.04139832903184,-62.19544787060522,174.87170724008328,1027.0546838184132,-88.6635417550633,0,0,209,Explotacion activa
210,1,WOA,poblacional,2615.27571354664,2615.27571354664,True,False,85.48881430453184,158.2683459373916,-72.77953163285974,174.50084814052207,991.0914566536649,-88.4669209919125,0,0,210,Explotacion activa
211,1,WOA,poblacional,2615.2400682066746,2615.2400682066746,True,False,81.34987362403035,166.75281785101106,-85.40294422698071,173.98439128106264,955.1282294889149,-88.24491681535193,0,0,211,Explotacion activa
212,1,WOA,poblacional,2615.181047494748,2615.181047494748,True,False,79.9682369873376,171.14141329095492,-91.17317630361731,172.69829595863817,861.3471956735872,-88.3925745171121,0,0,212,Explotacion activa
213,1,WOA,poblacional,2615.0903499509554,2615.0903499509554,True,False,79.83616345538894,173.57600357363754,-93.7398401182486,172.93914226271582,651.9305485571172,-88.4483343732124,0,0,213,Explotacion activa
214,1,WOA,poblacional,2615.08631896245,2615.08631896245,True,False,80.89785957509184,173.76103862940545,-92.8631790543136,173.25757291817666,442.51390144064703,-88.5040942293127,0,0,214,Explotacion activa
215,1,WOA,poblacional,2615.0287991718005,2615.0287991718005,True,False,77.33427081757463,181.69982738067438,-104.36555656309974,173.57600357363754,233.0972543241769,-88.55985408541301,0,0,215,Explotacion activa
216,1,WOA,poblacional,2615.0236935454623,2615.0236935454623,True,False,74.891520940188,187.61874525650683,-112.72722431631883,173.63151409036792,225.47144300426865,-88.71538558988846,0,0,216,Explotacion activa
217,1,WOA,poblacional,2614.9505063915462,2614.9505063915462,True,False,72.17236776190066,194.98461860346515,-122.81225084156449,173.6870246070983,217.84563168436077,-88.8709170943639,0,0,217,Explotacion activa
218,1,WOA,poblacional,2614.8892997734697,2614.8892997734697,True,False,70.47607843345986,200.8621639562043,-130.38608552274445,173.74253512382865,210.2198203644529,-89.02644859883935,0,0,218,Explotacion activa
219,1,WOA,poblacional,2614.7273873922604,2614.7273873922604,True,False,67.84996673538399,209.45342823686906,-141.60346150148507,173.8792003210183,207.0253309921325,-89.16509828565431,0,0,219,Explotacion activa
220,1,WOA,poblacional,2614.596639016224,2614.596639016224,True,False,66.43667644650759,215.39451157702706,-148.95783513051947,174.05644285843755,206.04650259360574,-89.29530706363903,0,0,220,Explotacion activa
221,1,WOA,poblacional,2614.4843161516337,2614.4843161516337,True,False,65.1498057293079,222.22250228877192,-157.07269655946402,174.2336853958568,205.06767419507892,-89.42551584162375,0,0,221,Explotacion activa
222,1,WOA,poblacional,2614.4181567050205,2614.4181567050205,True,False,63.93197028627765,229.69675245763392,-165.76478217135627,174.38164729808014,204.2487954719033,-89.53061059286429,0,0,222,Explotacion activa
223,1,WOA,poblacional,2614.2457268155913,2614.2457268155913,True,False,63.161084678732095,235.84002030157444,-172.67893562284235,174.47104792991158,203.74981609942986,-89.58547729061647,0,0,223,Explotacion activa
224,1,WOA,poblacional,2614.1149768070823,2614.1149768070823,True,False,61.89531168775329,244.98476212667765,-183.08945043892436,174.56044856174304,203.25083672695646,-89.64034398836866,0,0,224,Explotacion activa
225,1,WOA,poblacional,2614.082359383441,2614.082359383441,True,False,61.0049447405554,253.4855314241472,-192.4805866835918,174.64984919357448,202.75185735448304,-89.69521068612084,0,0,225,Explotacion activa
226,1,WOA,poblacional,2614.044703755103,2614.044703755103,True,False,60.42675249704098,262.60506202855504,-202.17830953151406,174.9826362633377,200.40071861806163,-90.09260479219675,0,0,226,Explotacion activa
227,1,WOA,poblacional,2614.024879714795,2614.024879714795,True,False,60.232897494446206,271.38946871295866,-211.15657121851245,175.3154233331009,198.04957988164034,-90.48999889827266,0,0,227,Explotacion activa
228,1,WOA,poblacional,2613.9936906887947,2613.9936906887947,True,False,60.37625880611586,280.4468907197752,-220.07063191365933,175.6482104028641,195.69844114521908,-90.88739300434855,0,0,228,Explotacion activa
229,1,WOA,poblacional,2613.990816560948,2613.990816560948,True,False,60.774216794370204,289.5014870819946,-228.72727028762438,176.18872660968063,193.59867288034272,-91.02647478685712,0,0,229,Explotacion activa
230,1,WOA,poblacional,2613.882489602445,2613.882489602445,True,False,61.648077736208506,298.5965725408191,-236.94849480461062,176.83310738502382,191.62458985123885,-91.03640040758205,0,0,230,Explotacion activa
231,1,WOA,poblacional,2613.8638293010054,2613.8638293010054,True,False,62.759702515563276,308.00346059720096,-245.24375808163768,177.47748816036702,189.65050682213487,-91.04632602830698,0,0,231,Explotacion activa
232,1,WOA,poblacional,2613.8638293010054,2613.8638293010054,True,False,64.00376634729719,317.3400854620927,-253.33631911479551,177.94630222248048,186.82343618977634,-91.06496642827297,1,0,232,Explotacion activa
233,1,WOA,poblacional,2613.8628223891574,2613.8628223891574,True,False,65.81584028829138,326.4970290863457,-260.68118879805434,178.06398285813447,182.29039035090872,-91.10103638672108,0,0,233,Explotacion activa
234,1,WOA,poblacional,2613.8548871040475,2613.8548871040475,True,False,68.32155987577516,335.5320817487873,-267.2105218730121,178.18166349378848,177.75734451204113,-91.1371063451692,0,0,234,Explotacion activa
235,1,WOA,poblacional,2613.8497083245948,2613.8497083245948,True,False,70.80113327783101,341.9039479409098,-271.1028146630788,178.2993441294425,173.2242986731735,-91.17317630361731,0,0,235,Explotacion activa
236,1,WOA,poblacional,2613.8463670268493,2613.8463670268493,True,False,73.00742873597619,347.92397361516805,-274.91654487919186,178.3838961267787,171.59820143219267,-91.20179058244116,0,0,236,Explotacion activa
237,1,WOA,poblacional,2613.8395990947233,2613.8395990947233,True,False,76.60442918993886,357.14598246768765,-280.5415532777488,178.4684481241149,169.97210419121188,-91.23040486126501,0,0,237,Explotacion activa
238,1,WOA,poblacional,2613.837881298515,2613.837881298515,True,False,81.0061853409261,366.50285534854856,-285.49667000762247,178.55300012145113,168.3460069502311,-91.25901914008887,0,0,238,Explotacion activa
239,1,WOA,poblacional,2613.7961036438855,2613.7961036438855,True,False,86.12387000434182,375.92196929336114,-289.7980992890193,178.7389142256484,167.37615487125385,-91.31910788501337,0,0,239,Explotacion activa
240,1,WOA,poblacional,2613.771860956542,2613.771860956542,True,False,91.45770566410147,385.3521971781938,-293.89449151409235,178.97550938327618,166.7344253732783,-91.39493386298818,0,0,240,Explotacion activa
241,1,WOA,poblacional,2613.7091152695425,2613.7091152695425,True,False,96.55574949287166,394.0748553146814,-297.5191058218097,179.21210454090397,166.09269587530278,-91.470759840963,0,0,241,Explotacion activa
242,1,WOA,poblacional,2613.6916402207407,2613.6916402207407,True,False,101.11495373548178,401.7883786823868,-300.673424946905,179.39145437186033,165.3594546545339,-91.58060851882615,0,0,242,Explotacion activa
243,1,WOA,poblacional,2613.6705639200136,2613.6705639200136,True,False,106.20053070978202,410.0352190712879,-303.83468836150587,179.45631354947392,164.44318998817832,-91.75850259646596,0,0,243,Explotacion activa
244,1,WOA,poblacional,2613.6555321395626,2613.6555321395626,True,False,111.65187846326444,418.66707796152696,-307.0151994982625,179.52117272708747,163.52692532182277,-91.93639667410575,0,0,244,Explotacion activa
245,1,WOA,poblacional,2613.643458011211,2613.643458011211,True,False,117.164161815228,427.1984442832695,-310.0342824680415,179.58603190470103,162.61066065546711,-92.11429075174556,0,0,245,Explotacion activa
246,1,WOA,poblacional,2613.56118323265,2613.56118323265,True,False,120.990260020194,433.3011236572188,-312.3108636370248,179.5897993796121,160.97667257426727,-92.13916080178974,0,0,246,Explotacion activa
247,1,WOA,poblacional,2613.4778722207698,2613.4778722207698,True,False,123.79999544283373,437.4512087011235,-313.6512132582898,179.59356685452312,159.34268449306742,-92.16403085183393,0,0,247,Explotacion activa
248,1,WOA,poblacional,2613.4596763159298,2613.4596763159298,True,False,124.74900407432733,438.9390532575594,-314.1900491832321,179.59733432943418,157.70869641186758,-92.1889009018781,0,0,248,Explotacion activa
249,1,WOA,poblacional,2613.3612284150777,2613.3612284150777,True,False,122.11667350256766,435.27513463083005,-313.1584611282624,179.85280112028468,156.63042098252853,-92.33038854571032,0,0,249,Explotacion activa
250,1,WOA,poblacional,2613.248291969574,2613.248291969574,True,False,124.87831246277074,439.3481963178383,-314.46988385506756,180.2341175691049,155.83000187911986,-92.53018498643657,0,0,250,Explotacion activa
251,1,WOA,poblacional,2612.9717431421373,2612.9717431421373,True,False,128.47010310200403,444.61797239279394,-316.1478692907899,180.61543401792514,155.02958277571122,-92.7299814271628,0,0,251,Explotacion activa
252,1,WOA,poblacional,2612.516063360576,2612.516063360576,True,False,130.36377210998626,447.2130350741227,-316.8492629641364,180.9526632234922,154.4477845897667,-92.91324828705137,0,0,252,Explotacion activa
253,1,WOA,poblacional,2611.7672379770233,2611.7672379770233,True,False,131.9963507196435,449.28928772031895,-317.29293700067547,181.20171794255293,154.3032282387504,-93.06345598526468,0,0,253,Explotacion activa
254,1,WOA,poblacional,2611.6426866690786,2611.6426866690786,True,False,131.15419888247152,448.15631786168115,-317.0021189792096,181.45077266161366,154.1586718877341,-93.21366368347799,0,0,254,Explotacion activa
255,1,WOA,poblacional,2611.50143170075,2611.50143170075,True,False,138.9855068715765,458.29210912826375,-319.30660225668726,181.69982738067438,154.0141155367177,-93.3638713816913,0,0,255,Explotacion activa
256,1,WOA,poblacional,2611.4514895975262,2611.4514895975262,True,False,142.04855015340354,462.2045362314875,-320.15598607808397,181.79496735803878,152.1985838229618,-93.47666200265849,0,0,256,Explotacion activa
257,1,WOA,poblacional,2611.4407880533995,2611.4407880533995,True,False,146.9896065288708,468.43487160176073,-321.4452650728899,181.89010733540317,150.38305210920592,-93.58945262362568,0,0,257,Explotacion activa
258,1,WOA,poblacional,2611.4335000684882,2611.4335000684882,True,False,130.17755602317993,448.41022911517666,-318.23267309199673,181.98524731276757,148.56752039545006,-93.70224324459286,0,0,258,Explotacion activa
259,1,WOA,poblacional,2611.4249271513927,2611.4249271513927,True,False,125.46710336986735,442.93947176832717,-317.4723683984598,182.12781462652646,147.7677958317993,-93.88005556830969,0,0,259,Explotacion activa
260,1,WOA,poblacional,2611.365259164095,2611.365259164095,True,False,129.18027369682613,447.8827797773756,-318.7025060805495,182.29409560848262,147.47597484320113,-94.09037874340129,0,0,260,Explotacion activa
261,1,WOA,poblacional,2611.330909602049,2611.330909602049,True,False,135.39781877390442,455.576783430457,-320.1789646565526,182.46037659043878,147.18415385460293,-94.30070191849292,0,0,261,Explotacion activa
262,1,WOA,poblacional,2611.3192999404,2611.3192999404,True,False,139.61087182451092,461.01214220568545,-321.4012703811745,182.6725255526149,146.82028190312678,-94.6298246854445,0,0,262,Explotacion activa
263,1,WOA,poblacional,2611.318740497795,2611.318740497795,True,False,144.2569271936536,466.7154674439216,-322.458540250268,182.97641047523092,146.3123080258946,-95.1965466361161,0,0,263,Explotacion activa
264,1,WOA,poblacional,2611.3135763204455,2611.3135763204455,True,False,147.40673846921754,470.6985444793727,-323.29180601015514,183.28029539784697,147.11474611097483,-95.7632685867877,0,0,264,Explotacion activa
265,1,WOA,poblacional,2611.312761488575,2611.312761488575,True,False,143.12813876274868,466.6437955255651,-323.51565676281643,183.58418032046302,146.9896065288708,-96.32999053745925,0,0,265,Explotacion activa
266,1,WOA,poblacional,2611.311783966862,2611.311783966862,True,False,136.38765205250002,459.80443057925686,-323.41677852675684,183.85050363863985,146.48163265163865,-96.8549814544743,0,0,266,Explotacion activa
267,1,WOA,poblacional,2611.3065409936266,2611.3065409936266,True,False,133.0433160464204,456.8943704970334,-323.851054450613,184.11682695681665,145.9736587744065,-97.37997237148933,0,0,267,Explotacion activa
268,1,WOA,poblacional,2611.2908235825134,2611.2908235825134,True,False,130.1921718824692,454.4436073906345,-324.2514355081653,184.38315027499348,145.46568489717436,-97.90496328850432,0,0,268,Explotacion activa
269,1,WOA,poblacional,2611.275328064562,2611.275328064562,True,False,127.95817756580027,452.81967334402407,-324.8614957782238,184.52183675754333,145.1496004534365,-98.30024471276322,0,0,269,Explotacion activa
270,1,WOA,poblacional,2611.275328064562,2611.275328064562,True,False,100.37441430665103,424.4008208871901,-324.02640658053906,184.59670482227966,144.92946072644577,-98.63067139064401,1,0,270,Explotacion activa
271,1,WOA,poblacional,2611.2080675032457,2611.2080675032457,True,False,101.58758066208338,426.3735195014697,-324.7859388393863,184.671572887016,144.70932099945503,-98.96109806852483,0,0,271,Explotacion activa
272,1,WOA,poblacional,2611.1794333119915,2611.1794333119915,True,False,81.31975977694538,406.2956178499262,-324.9758580729808,185.00797928730864,144.53199778268043,-99.30914113704692,0,0,272,Explotacion activa
273,1,WOA,poblacional,2611.132139451961,2611.132139451961,True,False,44.40064625287687,363.7309572258123,-319.3303109729354,185.86746235871396,144.44030758633818,-99.69241698685147,0,0,273,Explotacion activa
274,1,WOA,poblacional,2611.1237194029604,2611.1237194029604,True,False,41.73336172263225,359.7589736501027,-318.02561192747044,186.72694543011926,144.3486173899959,-100.07569283665605,0,0,274,Explotacion activa
275,1,WOA,poblacional,2611.1207713916824,2611.1207713916824,True,False,38.72525320779914,354.144276154198,-315.41902294639885,187.58642850152455,144.2569271936536,-100.4589686864606,0,0,275,Explotacion activa
276,1,WOA,poblacional,2611.1183039181374,2611.1183039181374,True,False,40.69072273334223,356.9649742030151,-316.2742514696729,187.59612352801923,143.9182906643821,-100.62305425493669,0,0,276,Explotacion activa
277,1,WOA,poblacional,2611.0903199610975,2611.0903199610975,True,False,32.09822693754677,337.74341009674254,-305.64518315919577,187.60581855451392,143.57965413511062,-100.78713982341279,0,0,277,Explotacion activa
278,1,WOA,poblacional,2611.068559919975,2611.068559919975,True,False,26.02908445087769,314.2877133801003,-288.2586289292226,187.6155135810086,143.24101760583918,-100.95122539188888,0,0,278,Explotacion activa
279,1,WOA,poblacional,2611.0628788560193,2611.0628788560193,True,False,33.57156565997366,238.42414989797362,-204.85258423799996,187.66556466716875,142.91222104087964,-101.25139353425722,0,0,279,Explotacion activa
280,1,WOA,poblacional,2611.05824929776,2611.05824929776,True,False,32.021264122724006,243.76984950247106,-211.74858537974706,187.73579378316163,142.5883444580761,-101.61960296357165,0,0,280,Explotacion activa
281,1,WOA,poblacional,2611.0499102710614,2611.0499102710614,True,False,33.94504371729636,241.89226972456208,-207.94722600726573,187.8060228991545,142.26446787527254,-101.98781239288611,0,0,281,Explotacion activa
282,1,WOA,poblacional,2611.03657295452,2611.03657295452,True,False,43.553669990369144,224.96834155352508,-181.41467156315593,187.88872336738086,141.80478232051422,-102.44651246749618,0,0,282,Explotacion activa
283,1,WOA,poblacional,2611.0338469284957,2611.0338469284957,True,False,49.13994081852388,216.56598633684735,-167.42604551832346,187.99636654007418,141.0734788218465,-103.08619383269735,0,0,283,Explotacion activa
284,1,WOA,poblacional,2611.0152070550976,2611.0152070550976,True,False,74.03462289328354,179.57292657565267,-105.53830368236913,187.78261319382355,140.34217532317868,-103.72587519789857,0,0,284,Explotacion activa
285,1,WOA,poblacional,2611.005562815379,2611.005562815379,True,False,73.4397328070545,181.16967680950756,-107.72994400245307,187.61874525650683,139.61087182451092,-104.36555656309974,0,0,285,Explotacion activa
286,1,WOA,poblacional,2610.9840827506036,2610.9840827506036,True,False,74.10391128593392,180.99910887107762,-106.8951975851437,187.59612352801923,139.4232623386306,-104.71738069888058,0,0,286,Explotacion activa
287,1,WOA,poblacional,2610.981223897209,2610.981223897209,True,False,76.84505786635873,178.3966166841842,-101.55155881782548,186.44045107298413,139.23565285275026,-103.51264807616485,0,0,287,Explotacion activa
288,1,WOA,poblacional,2610.956765844678,2610.956765844678,True,False,74.62103834380378,182.22787665256465,-107.60683830876087,184.6965289085948,139.04804336686993,-104.15232944136602,0,0,288,Explotacion activa
289,1,WOA,poblacional,2610.9218405913375,2610.9218405913375,True,False,75.28861954306558,182.07837072495568,-106.7897511818901,184.52183675754333,138.834901470599,-104.60010598695364,0,0,289,Explotacion activa
290,1,WOA,poblacional,2610.9066829014455,2610.9066829014455,True,False,73.40742449277195,185.81756501994096,-112.410140527169,184.59670482227966,138.6089933691328,-104.95193012273444,0,0,290,Explotacion activa
291,1,WOA,poblacional,2610.824034059324,2610.824034059324,True,False,74.59988603990132,184.52818796237761,-109.9283019224763,184.51693531277925,138.3830852676666,-105.30375425851527,0,0,291,Explotacion activa
292,1,WOA,poblacional,2610.6404572659885,2610.6404572659885,True,False,74.6152183401664,184.24774073219487,-109.63252239202848,184.47755103918493,138.2229017306388,-105.66344843232126,0,0,292,Explotacion activa
293,1,WOA,poblacional,2610.432291908068,2610.432291908068,True,False,79.4082760908077,176.56132000690104,-97.15304391609334,184.33741432507122,138.19416732248783,-104.8346554108075,0,0,293,Explotacion activa
294,1,WOA,poblacional,2610.370847900688,2610.370847900688,True,False,83.90191976456708,171.11173129573308,-87.209811531166,184.0486726086753,138.16543291433686,-103.72587519789857,0,0,294,Explotacion activa
295,1,WOA,poblacional,2610.339794774666,2610.339794774666,True,False,87.59308296553036,166.9443606930281,-79.35127772749775,183.58418032046302,138.1366985061859,-102.2332853457624,0,0,295,Explotacion activa
296,1,WOA,poblacional,2610.3112184337015,2610.3112184337015,True,False,88.7074692325441,166.15549991496619,-77.44803068242209,182.8751155010256,137.7932216099017,-101.75607677620657,0,0,296,Explotacion activa
297,1,WOA,poblacional,2610.298525351169,2610.298525351169,True,False,96.21791974543385,157.34288956163027,-61.124969816196426,182.4338890080716,137.44974471361755,-101.33330352324766,0,0,297,Explotacion activa
298,1,WOA,poblacional,2610.280820741409,2610.280820741409,True,False,101.7030324008374,151.50154499763448,-49.79851259679708,182.21292605980375,137.1062678173334,-100.95122539188888,0,0,298,Explotacion activa
299,1,WOA,poblacional,2610.2795590279193,2610.2795590279193,True,False,100.97595084326076,152.89065600371396,-51.914705160453195,182.10827191047747,136.8709508253576,-100.56835906544467,0,0,299,Explotacion activa
300,1,WOA,poblacional,2610.271424296052,2610.271424296052,True,False,100.5420405005666,153.87741896574244,-53.335378465175836,182.0476656817557,136.68971378553601,-99.82017560345298,0,0,300,Explotacion activa
301,2,EHO,poblacional,2610.271424296052,2610.271424296052,False,False,,,,,,,0,0,1,Llenando ventana
302,2,EHO,poblacional,2610.271424296052,2610.271424296052,False,False,,,,,,,1,0,2,Llenando ventana
303,2,EHO,poblacional,2610.271424296052,2610.271424296052,False,False,,,,,,,2,0,3,Llenando ventana
304,2,EHO,poblacional,2610.271424296052,2610.271424296052,False,False,,,,,,,3,0,4,Llenando ventana
305,2,EHO,poblacional,2610.271424296052,2610.271424296052,False,False,,,,,,,4,0,5,Llenando ventana
306,2,EHO,poblacional,2610.271424296052,2610.271424296052,False,False,,,,,,,5,0,6,Llenando ventana
307,2,EHO,poblacional,2610.271424296052,2610.271424296052,False,False,,,,,,,6,0,7,Llenando ventana
308,2,EHO,poblacional,2602.858969911975,2602.858969911975,False,False,,,,,,,0,0,8,Llenando ventana
309,2,EHO,poblacional,2594.5158401733734,2594.5158401733734,False,False,,,,,,,0,0,9,Llenando ventana
310,2,EHO,poblacional,2594.5158401733734,2594.5158401733734,False,False,,,,,,,1,0,10,Llenando ventana
311,2,EHO,poblacional,2582.865666126355,2582.865666126355,False,False,,,,,,,0,0,11,Llenando ventana
312,2,EHO,poblacional,2582.194783649281,2582.194783649281,False,False,,,,,,,0,0,12,Llenando ventana
313,2,EHO,poblacional,2576.2704664197913,2576.2704664197913,False,False,,,,,,,0,0,13,Llenando ventana
314,2,EHO,poblacional,2576.2704664197913,2576.2704664197913,False,False,,,,,,,1,0,14,Llenando ventana
315,2,EHO,poblacional,2576.2704664197913,2576.2704664197913,False,False,,,,,,,2,0,15,Llenando ventana
316,2,EHO,poblacional,2571.4339620777923,2571.4339620777923,False,False,,,,,,,0,0,16,Llenando ventana
317,2,EHO,poblacional,2570.52116112409,2570.52116112409,False,False,,,,,,,0,0,17,Llenando ventana
318,2,EHO,poblacional,2570.52116112409,2570.52116112409,False,False,,,,,,,1,0,18,Llenando ventana
319,2,EHO,poblacional,2560.3836678152857,2560.3836678152857,False,False,,,,,,,0,0,19,Llenando ventana
320,2,EHO,poblacional,2559.3754441601695,2559.3754441601695,False,False,,,,,,,0,0,20,Llenando ventana
321,2,EHO,poblacional,2558.9100739118785,2558.9100739118785,False,False,,,,,,,0,0,21,Llenando ventana
322,2,EHO,poblacional,2557.9314403118974,2557.9314403118974,False,False,,,,,,,0,0,22,Llenando ventana
323,2,EHO,poblacional,2553.0648074267565,2553.0648074267565,False,False,,,,,,,0,0,23,Llenando ventana
324,2,EHO,poblacional,2551.678521898226,2551.678521898226,False,False,,,,,,,0,0,24,Llenando ventana
325,2,EHO,poblacional,2547.6226812650857,2547.6226812650857,False,False,,,,,,,0,0,25,Llenando ventana
326,2,EHO,poblacional,2547.6226812650857,2547.6226812650857,False,False,,,,,,,1,0,26,Llenando ventana
327,2,EHO,poblacional,2547.559114984747,2547.559114984747,False,False,,,,,,,0,0,27,Llenando ventana
328,2,EHO,poblacional,2544.5838804459563,2544.5838804459563,False,False,,,,,,,0,0,28,Llenando ventana
329,2,EHO,poblacional,2543.3441559849484,2543.3441559849484,False,False,,,,,,,0,0,29,Llenando ventana
330,2,EHO,poblacional,2542.804433342093,2542.804433342093,False,False,,,,,,,0,0,30,Llenando ventana
331,2,EHO,poblacional,2540.35230034731,2540.35230034731,False,False,,,,,,,0,0,31,Llenando ventana
332,2,EHO,poblacional,2538.2375593493916,2538.2375593493916,False,False,,,,,,,0,0,32,Llenando ventana
333,2,EHO,poblacional,2533.4281417770057,2533.4281417770057,False,False,,,,,,,0,0,33,Llenando ventana
334,2,EHO,poblacional,2532.584120164126,2532.584120164126,False,False,,,,,,,0,0,34,Llenando ventana
335,2,EHO,poblacional,2532.584120164126,2532.584120164126,False,False,,,,,,,1,0,35,Llenando ventana
336,2,EHO,poblacional,2532.105144570712,2532.105144570712,False,False,,,,,,,0,0,36,Llenando ventana
337,2,EHO,poblacional,2531.379801910081,2531.379801910081,False,False,,,,,,,0,0,37,Llenando ventana
338,2,EHO,poblacional,2531.150802038744,2531.150802038744,False,False,,,,,,,0,0,38,Llenando ventana
339,2,EHO,poblacional,2531.150802038744,2531.150802038744,False,False,,,,,,,1,0,39,Llenando ventana
340,2,EHO,poblacional,2530.6286900018304,2530.6286900018304,False,False,,,,,,,0,0,40,Llenando ventana
341,2,EHO,poblacional,2529.665229342505,2529.665229342505,False,False,,,,,,,0,0,41,Llenando ventana
342,2,EHO,poblacional,2529.665229342505,2529.665229342505,False,False,,,,,,,1,0,42,Llenando ventana
343,2,EHO,poblacional,2529.5477095447955,2529.5477095447955,False,False,,,,,,,0,0,43,Llenando ventana
344,2,EHO,poblacional,2529.5477095447955,2529.5477095447955,False,False,,,,,,,1,0,44,Llenando ventana
345,2,EHO,poblacional,2529.4598473022115,2529.4598473022115,False,False,,,,,,,0,0,45,Llenando ventana
346,2,EHO,poblacional,2529.4445831730573,2529.4445831730573,False,False,,,,,,,0,0,46,Llenando ventana
347,2,EHO,poblacional,2529.443059458398,2529.443059458398,False,False,,,,,,,0,0,47,Llenando ventana
348,2,EHO,poblacional,2529.4032673684155,2529.4032673684155,False,False,,,,,,,0,0,48,Llenando ventana
349,2,EHO,poblacional,2529.38929814009,2529.38929814009,False,False,,,,,,,0,0,49,Llenando ventana
350,2,EHO,poblacional,2529.329319908713,2529.329319908713,False,False,,,,,,,0,0,50,Llenando ventana
351,2,EHO,poblacional,2529.329319908713,2529.329319908713,False,False,,,,,,,1,0,51,Llenando ventana
352,2,EHO,poblacional,2529.329319908713,2529.329319908713,False,False,,,,,,,2,0,52,Llenando ventana
353,2,EHO,poblacional,2529.326474791045,2529.326474791045,False,False,,,,,,,0,0,53,Llenando ventana
354,2,EHO,poblacional,2529.294294990311,2529.294294990311,False,False,,,,,,,0,0,54,Llenando ventana
355,2,EHO,poblacional,2529.294294990311,2529.294294990311,False,False,,,,,,,1,0,55,Llenando ventana
356,2,EHO,poblacional,2529.2937876986152,2529.2937876986152,False,False,,,,,,,0,0,56,Llenando ventana
357,2,EHO,poblacional,2529.2933212959797,2529.2933212959797,False,False,,,,,,,0,0,57,Llenando ventana
358,2,EHO,poblacional,2529.2932399911806,2529.2932399911806,False,False,,,,,,,0,0,58,Llenando ventana
359,2,EHO,poblacional,2529.290244295713,2529.290244295713,False,False,,,,,,,0,0,59,Llenando ventana
360,2,EHO,poblacional,2529.2897391954816,2529.2897391954816,False,False,,,,,,,0,0,60,Llenando ventana
361,2,EHO,poblacional,2529.28728519239,2529.28728519239,False,False,,,,,,,0,0,61,Llenando ventana
362,2,EHO,poblacional,2529.286509278963,2529.286509278963,False,False,,,,,,,0,0,62,Llenando ventana
363,2,EHO,poblacional,2529.286509278963,2529.286509278963,False,False,,,,,,,1,0,63,Llenando ventana
364,2,EHO,poblacional,2529.285279704722,2529.285279704722,False,False,,,,,,,0,0,64,Llenando ventana
365,2,EHO,poblacional,2529.2846815724033,2529.2846815724033,False,False,,,,,,,0,0,65,Llenando ventana
366,2,EHO,poblacional,2529.2846815724033,2529.2846815724033,False,False,,,,,,,1,0,66,Llenando ventana
367,2,EHO,poblacional,2529.28456475463,2529.28456475463,False,False,,,,,,,0,0,67,Llenando ventana
368,2,EHO,poblacional,2529.2844819015277,2529.2844819015277,False,False,,,,,,,0,0,68,Llenando ventana
369,2,EHO,poblacional,2529.2844819015277,2529.2844819015277,False,False,,,,,,,1,0,69,Llenando ventana
370,2,EHO,poblacional,2529.2844819015277,2529.2844819015277,False,False,,,,,,,2,0,70,Llenando ventana
371,2,EHO,poblacional,2529.2844332647205,2529.2844332647205,False,False,,,,,,,0,0,71,Llenando ventana
372,2,EHO,poblacional,2529.284428554955,2529.284428554955,False,False,,,,,,,0,0,72,Llenando ventana
373,2,EHO,poblacional,2529.284428554955,2529.284428554955,False,False,,,,,,,1,0,73,Llenando ventana
374,2,EHO,poblacional,2529.2844191191475,2529.2844191191475,False,False,,,,,,,0,0,74,Llenando ventana
375,2,EHO,poblacional,2529.2844091897846,2529.2844091897846,True,False,4313.431317403456,4624.53131740346,-311.100000000004,7.5,37.5,22.5,0,0,75,Explotacion activa
376,2,EHO,poblacional,2529.284399218792,2529.284399218792,True,False,4391.818342480716,4705.51834248072,-313.70000000000437,7.5,37.5,22.5,0,0,76,Explotacion activa
377,2,EHO,poblacional,2529.284394140127,2529.284394140127,True,False,4470.40537263664,4786.505372636645,-316.1000000000049,7.5,37.5,22.5,0,0,77,Explotacion activa
378,2,EHO,poblacional,2529.284393326506,2529.284393326506,True,False,4549.192403606186,4867.492403606191,-318.30000000000473,7.5,37.5,22.5,0,0,78,Explotacion activa
379,2,EHO,poblacional,2529.2843916564734,2529.2843916564734,True,False,4628.179436245764,4948.47943624577,-320.30000000000564,7.5,37.5,22.5,0,0,79,Explotacion activa
380,2,EHO,poblacional,2529.2843910669217,2529.2843910669217,True,False,4707.366469474895,5029.4664694749,-322.1000000000049,7.5,37.5,22.5,0,0,80,Explotacion activa
381,2,EHO,poblacional,2529.284387327356,2529.284387327356,True,False,4786.753506443592,5110.453506443596,-323.70000000000346,7.5,37.5,22.5,0,0,81,Explotacion activa
382,2,EHO,poblacional,2529.284387327356,2529.284387327356,True,False,4311.806464606503,4635.506464606504,-323.7000000000007,7.5,37.5,22.5,1,0,82,Explotacion activa
383,2,EHO,poblacional,2529.284385639872,2529.284385639872,True,False,3761.246318483499,4083.3463184835,-322.1000000000008,7.5,37.5,22.5,0,0,83,Explotacion activa
384,2,EHO,poblacional,2529.284385639872,2529.284385639872,True,False,3824.877773017,4148.577773017001,-323.7000000000012,4632.213920445591,4572.888513398059,-317.64000000000476,1,0,84,Explotacion activa
385,2,EHO,poblacional,2529.284385244035,2529.284385244035,True,False,3014.9461744199525,3340.0461744199533,-325.1000000000008,4624.53131740346,4549.192403606186,-318.30000000000473,0,0,85,Explotacion activa
386,2,EHO,poblacional,2529.28438439077,2529.28438439077,True,False,3019.611270374989,3343.3112703749903,-323.7000000000012,4291.363836332939,4525.556294315323,-318.900000000005,0,0,86,Explotacion activa
387,2,EHO,poblacional,2529.284384354009,2529.284384354009,True,False,2631.5978774585424,2951.897877458543,-320.30000000000064,4122.485191203601,4501.920185024458,-319.5000000000023,0,0,87,Explotacion activa
388,2,EHO,poblacional,2529.2843843391092,2529.2843843391092,True,False,2676.7839595392243,2998.883959539225,-322.1000000000008,4009.342813672649,4478.284075733594,-320.10000000000105,0,0,88,Explotacion activa
389,2,EHO,poblacional,2529.2843834834453,2529.2843834834453,True,False,2722.17004247557,3045.870042475571,-323.7000000000012,3491.3182799966926,4454.687966605456,-320.30000000000166,0,0,89,Explotacion activa
390,2,EHO,poblacional,2529.284383374172,2529.284383374172,True,False,2405.556702732372,2730.118299871266,-324.5615971388943,3341.6787223974716,4431.111857558678,-320.30000000000314,0,0,90,Explotacion activa
391,2,EHO,poblacional,2529.284383374172,2529.284383374172,True,False,2381.7078070472267,2703.8078070472275,-322.1000000000008,3281.210948031077,4407.5357485119,-320.3000000000046,1,0,91,Explotacion activa
392,2,EHO,poblacional,2529.2843831204223,2529.2843831204223,True,False,2421.3445850508942,2745.0445850508954,-323.7000000000012,3075.2876556700094,4383.979639972989,-320.48000000000513,0,0,92,Explotacion activa
393,2,EHO,poblacional,2529.284383085924,2529.284383085924,True,False,1701.6858122389517,2025.96936492872,-324.2835526897684,3017.6783927137635,4360.463532449812,-321.02000000000373,0,0,93,Explotacion activa
394,2,EHO,poblacional,2529.2843829674166,2529.2843829674166,True,False,1656.5557648980052,1981.4518756428797,-324.8961107448745,2984.7881349150207,4336.947424926634,-321.5600000000023,0,0,94,Explotacion activa
395,2,EHO,poblacional,2529.2843829674166,2529.2843829674166,True,False,1652.2760690137475,1976.6401682138048,-324.36409920005735,2951.897877458543,4313.431317403456,-322.1000000000008,1,0,95,Explotacion activa
396,2,EHO,poblacional,2529.284382878294,2529.284382878294,True,False,1609.1683392488062,1932.8683392488074,-323.7000000000012,2807.1005727731895,4312.94386156437,-322.1000000000008,0,0,96,Explotacion activa
397,2,EHO,poblacional,2529.2843828284254,2529.2843828284254,True,False,1272.8042158752405,1596.5179303467107,-323.7137144714702,2739.074070979044,4312.456405725285,-322.1000000000008,0,0,97,Explotacion activa
398,2,EHO,poblacional,2529.284382798019,2529.284382798019,True,False,1192.6269403356514,1516.3269403356526,-323.7000000000012,2727.487250588862,4311.968949886198,-322.1000000000008,0,0,98,Explotacion activa
399,2,EHO,poblacional,2529.284382798019,2529.284382798019,True,False,913.5973691469571,1234.533031950346,-320.9356628033888,2709.069905612035,4214.420726288601,-322.1000000000008,1,0,99,Explotacion activa
400,2,EHO,poblacional,2529.284382767203,2529.284382767203,True,False,930.1992339251783,1252.8713304482285,-322.6720965230502,2364.888585987974,4068.342118811752,-322.1000000000008,0,0,100,Explotacion activa
401,2,EHO,poblacional,2529.284382760744,2529.284382760744,True,False,942.7421579271577,1266.4421579271589,-323.7000000000012,2017.065867071552,3922.2635113349,-322.1000000000008,0,0,101,Explotacion activa
402,2,EHO,poblacional,2529.284382749826,2529.284382749826,True,False,737.7140242137939,1061.5742997527868,-323.86027553899294,1985.9036245714638,3818.51462756365,-322.1000000000008,0,0,102,Explotacion activa
403,2,EHO,poblacional,2529.284382742161,2529.284382742161,True,False,658.8547402381341,983.8944628809909,-325.03972264285676,1978.5648511854347,3799.4251912035998,-322.1000000000008,0,0,103,Explotacion activa
404,2,EHO,poblacional,2529.2843827381785,2529.2843827381785,True,False,633.775037913605,957.4750379136062,-323.7000000000012,1963.5086195243055,3780.3357548435492,-322.1000000000008,0,0,104,Explotacion activa
405,2,EHO,poblacional,2529.284382729629,2529.284382729629,True,False,463.3851139173503,787.0851139173515,-323.7000000000012,1932.8683392488074,3761.246318483499,-322.1000000000008,0,0,105,Explotacion activa
406,2,EHO,poblacional,2529.284382729629,2529.284382729629,True,False,315.84745669114454,639.5474566911457,-323.7000000000012,1697.4230530173393,3538.7558040509457,-322.10000000000207,1,0,106,Explotacion activa
407,2,EHO,poblacional,2529.284382723919,2529.284382723919,True,False,95.55045667417971,287.7943153876772,-192.2438587134975,1564.4415343422875,3316.265289618392,-322.1000000000008,0,0,107,Explotacion activa
408,2,EHO,poblacional,2529.2843827196925,2529.2843827196925,True,False,105.85912276048566,228.63645347901183,-122.77733071852617,1491.3384620948034,3093.7747751858387,-322.1000000000008,0,0,108,Explotacion activa
409,2,EHO,poblacional,2529.284382719066,2529.284382719066,True,False,107.94382899866923,231.93619092407198,-123.99236192540275,1316.4191144088575,3018.678251183982,-322.1000000000008,0,0,109,Explotacion activa
410,2,EHO,poblacional,2529.2843827186184,2529.2843827186184,True,False,120.84739808169661,199.3127588635366,-78.46536078183999,1259.6567441876937,3017.278722397471,-321.5178314016948,0,0,110,Explotacion activa
411,2,EHO,poblacional,2529.28438271259,2529.28438271259,True,False,148.25282255591628,147.7328211743179,0.5200013815983766,1249.203670748652,3015.8791936109596,-320.8085302427122,0,0,111,Explotacion activa
412,2,EHO,poblacional,2529.28438271259,2529.28438271259,True,False,159.9838597205753,132.65325002155032,27.33060969902499,1236.3668618001343,2985.6685612255137,-320.36356628034395,1,0,112,Explotacion activa
413,2,EHO,poblacional,2529.2843827107185,2529.2843827107185,True,False,160.46256022677153,134.5196693495759,25.942890877195623,1130.7577926318106,2897.8357216421987,-320.3000000000026,0,0,113,Explotacion activa
414,2,EHO,poblacional,2529.284382709794,2529.284382709794,True,False,189.01255903123592,97.2276859099934,91.78487312124253,1038.270348691248,2810.002882058884,-319.70000000000186,0,0,114,Explotacion activa
415,2,EHO,poblacional,2529.284382709794,2529.284382709794,True,False,250.23174293210195,26.312443752625313,223.91929917947664,983.8944628809909,2722.17004247557,-318.30000000000473,1,0,115,Explotacion activa
416,2,EHO,poblacional,2529.284382709373,2529.284382709373,True,False,250.22271516360615,26.693290385757336,223.52942477784882,965.4008654038216,2708.554217594666,-316.7600000000049,0,0,116,Explotacion activa
417,2,EHO,poblacional,2529.284382709373,2529.284382709373,True,False,258.5113350468946,18.2601521906754,240.2511828562192,889.3190683151042,2694.9383927137624,-315.1400000000047,1,0,117,Explotacion activa
418,2,EHO,poblacional,2529.2843827090805,2529.2843827090805,True,False,258.49047771663436,18.523479026390305,239.96699869024405,772.3313481947309,2681.3225678328586,-313.4400000000043,0,0,118,Explotacion activa
419,2,EHO,poblacional,2529.2843827090805,2529.2843827090805,True,False,264.88862350903355,12.197137668310916,252.69148584072263,669.0549881363868,2667.746743123088,-311.6200000000041,1,0,119,Explotacion activa
420,2,EHO,poblacional,2529.284382709032,2529.284382709032,True,False,265.92448002962146,11.227792574919931,254.69668745470153,463.67088603941147,2654.190918498883,-251.67192935675118,0,0,120,Explotacion activa
421,2,EHO,poblacional,2529.2843827088573,2529.2843827088573,True,False,266.0280926254177,11.27371443965967,254.75437818575801,276.6226904949561,2640.6350938746787,-178.59355935587885,0,0,121,Explotacion activa
422,2,EHO,poblacional,2529.2843827087668,2529.2843827087668,True,False,268.90253557055576,8.44798444062144,260.4545511299343,237.5220033704325,2610.5725482177772,-130.8175116042123,0,0,122,Explotacion activa
423,2,EHO,poblacional,2529.2843827086826,2529.2843827086826,True,False,269.94641500420994,7.51917697593808,262.42723802827186,229.9563484570359,2547.496560495482,-123.26334320127681,0,0,123,Explotacion activa
424,2,EHO,poblacional,2529.2843827086617,2529.2843827086617,True,False,274.24515358109466,3.1257250540879795,271.1194285270067,219.83934509436924,2484.4205727731883,-109.48373973752044,0,0,124,Explotacion activa
425,2,EHO,poblacional,2529.2843827086485,2529.2843827086485,True,False,274.2451535810551,3.1706622541523757,271.0744913269027,199.3127588635366,2421.3445850508942,-78.46536078183999,0,0,125,Explotacion activa
426,2,EHO,poblacional,2529.284382708631,2529.284382708631,True,False,274.2451535810196,3.215599454234507,271.0295541267851,163.20680248108346,2416.6082203553374,-23.17560726743347,0,0,126,Explotacion activa
427,2,EHO,poblacional,2529.284382708578,2529.284382708578,True,False,274.45284717074037,3.0471528292596304,271.40569434148074,142.4475604444211,2411.871855659781,10.689157179837238,0,0,127,Explotacion activa
428,2,EHO,poblacional,2529.284382708578,2529.284382708578,True,False,276.78705140209195,0.6757598566796332,276.1112915454123,134.33302741677335,2407.135490964224,26.081662759378553,1,0,128,Explotacion activa
429,2,EHO,poblacional,2529.2843827085712,2529.2843827085712,True,False,276.787051402051,0.6856721384192497,276.10137926363177,133.02653388715544,2400.7869235953426,27.053065934659113,0,0,129,Explotacion activa
430,2,EHO,poblacional,2529.284382708569,2529.284382708569,True,False,276.8220545290369,0.6575375429902124,276.1645169860467,114.94046796577186,2393.6322548897992,59.55774141013376,0,0,130,Explotacion activa
431,2,EHO,poblacional,2529.2843827085476,2529.2843827085476,True,False,276.8547027134391,0.6319623353924726,276.22274037804664,83.12080680514623,2386.4775861842554,118.13378345256322,0,0,131,Explotacion activa
432,2,EHO,poblacional,2529.2843827085426,2529.2843827085426,True,False,276.8604753541599,0.6348030628973902,276.2256722912625,33.74672993818079,2313.705607566398,210.354969612188,0,0,132,Explotacion activa
433,2,EHO,poblacional,2529.284382708541,2529.284382708541,True,False,277.0761654278308,0.4189831854600925,276.6571822423707,26.464782405878122,2109.6990091239127,223.7633494188255,0,0,133,Explotacion activa
434,2,EHO,poblacional,2529.284382708533,2529.284382708533,True,False,277.112589263942,0.3869622552929286,276.7256270086491,23.975754334754804,1905.6924106814322,228.73360903270682,0,0,134,Explotacion activa
435,2,EHO,poblacional,2529.2843827085294,2529.2843827085294,True,False,277.28903017562425,0.20826851036235894,277.0807616652619,18.523479026390305,1701.6858122389517,239.96699869024405,0,0,135,Explotacion activa
436,2,EHO,poblacional,2529.284382708529,2529.284382708529,True,False,277.34489594235856,0.15297748720740856,277.19191845515115,18.33915024138987,1688.1467980366676,240.16592760642666,0,0,136,Explotacion activa
437,2,EHO,poblacional,2529.2843827085258,2529.2843827085258,True,False,277.3448959423554,0.1551040576446212,277.18979188471076,15.834946381729592,1674.6077838343838,245.22730405002056,0,0,137,Explotacion activa
438,2,EHO,poblacional,2529.2843827085226,2529.2843827085226,True,False,277.4349874399768,0.06501256002320588,277.3699748799536,12.10479534544579,1661.0687696320997,252.89200600212052,0,0,138,Explotacion activa
439,2,EHO,poblacional,2529.2843827085226,2529.2843827085226,True,False,277.4785862754743,0.021049632310678135,277.4575366431636,11.45839908538992,1655.6998257211537,254.29564713190575,1,0,139,Explotacion activa
440,2,EHO,poblacional,2529.2843827085208,2529.2843827085208,True,False,277.47858627547066,0.021348496193240862,277.4572377792774,11.2507535072898,1654.4159169558764,254.72553282022977,0,0,140,Explotacion activa
441,2,EHO,poblacional,2529.284382708515,2529.284382708515,True,False,277.48706495317947,0.012886027089280105,277.4741789260902,10.671830948060235,1653.132008190599,255.89441277459326,0,0,141,Explotacion activa
442,2,EHO,poblacional,2529.284382708511,2529.284382708511,True,False,277.4929456040377,0.006854090527212975,277.4860915135105,8.725965254051284,1647.9652960372532,259.88453383551666,0,0,142,Explotacion activa
443,2,EHO,poblacional,2529.284382708511,2529.284382708511,True,False,277.4929456040377,0.0069532835436803,277.485992320494,7.890699961811423,1635.0329771077706,261.6381632689368,1,0,143,Explotacion activa
444,2,EHO,poblacional,2529.2843827085057,2529.2843827085057,True,False,277.4929456040268,0.007052476565604593,277.48589312746117,6.228103719427005,1622.1006581782885,265.00793285782584,0,0,144,Explotacion activa
445,2,EHO,poblacional,2529.284382708503,2529.284382708503,True,False,277.49638914615616,0.0035039090539612516,277.4928852371022,3.215599454234507,1609.1683392488062,271.0295541267851,0,0,145,Explotacion activa
446,2,EHO,poblacional,2529.2843827084985,2529.2843827084985,True,False,277.49671882972734,0.003201232858828007,277.4935175968685,3.184143414177015,1508.259102236735,271.06101016686745,0,0,146,Explotacion activa
447,2,EHO,poblacional,2529.2843827084985,2529.2843827084985,True,False,277.49671882972734,0.0032470793153152044,277.493471750412,3.152687374126617,1407.3498652246662,271.0924662069443,1,0,147,Explotacion activa
448,2,EHO,poblacional,2529.2843827084967,2529.2843827084967,True,False,277.49739820785953,0.0025852402154669107,277.49481296764407,3.1178678316051447,1306.4406282125951,271.14805510845406,0,0,148,Explotacion activa
449,2,EHO,poblacional,2529.2843827084953,2529.2843827084953,True,False,277.49811651204845,0.0018769486478049657,277.49623956340065,3.0628672742253,1256.7687607673224,271.3484411785859,0,0,149,Explotacion activa
450,2,EHO,poblacional,2529.284382708492,2529.284382708492,True,False,277.49883172359796,0.0011556054819266137,277.49767611811603,1.86641248383944,1232.715578105446,273.75353680255625,0,0,150,Explotacion activa
451,2,EHO,poblacional,2529.284382708492,2529.284382708492,True,False,277.4991872301339,0.0007912159217084991,277.4983960142122,0.6836896820713264,1208.6623954435688,276.1033617199879,1,0,151,Explotacion activa
452,2,EHO,poblacional,2529.284382708492,2529.284382708492,True,False,277.499244997241,0.0007416259645651735,277.49850337127646,0.6767510848535948,1167.6384620948018,276.11030031723425,2,0,152,Explotacion activa
453,2,EHO,poblacional,2529.2843827084907,2529.2843827084907,True,False,277.49936466007284,0.000626991552508116,277.49873766852033,0.6648264684659807,1092.6730273722526,276.14322680979296,0,0,153,Explotacion activa
454,2,EHO,poblacional,2529.28438270849,2529.28438270849,True,False,277.4994065182441,0.0005917231551393343,277.49881479508895,0.6507171989623657,1017.707592649705,276.1819840036467,0,0,154,Explotacion activa
455,2,EHO,poblacional,2529.28438270849,2529.28438270849,True,False,277.4996728269548,0.0003196141574335343,277.49935321279736,0.6348030628973902,942.7421579271577,276.22274037804664,1,0,155,Explotacion activa
456,2,EHO,poblacional,2529.28438270849,2529.28438270849,True,False,277.4996728269548,0.000324233023548004,277.49934859393124,0.6328145536439479,938.9792807265638,276.22479271729776,2,0,156,Explotacion activa
457,2,EHO,poblacional,2529.2843827084885,2529.2843827084885,True,False,277.4997915156023,0.00020229061010468286,277.4995892249922,0.5467706754195201,935.21640352597,276.3982762717058,0,0,157,Explotacion activa
458,2,EHO,poblacional,2529.2843827084885,2529.2843827084885,True,False,277.4997915156023,0.0002052219938377675,277.49958629360844,0.4157810924433761,931.4535263253762,276.66402671899857,1,0,158,Explotacion activa
459,2,EHO,poblacional,2529.2843827084885,2529.2843827084885,True,False,277.49981922419965,0.0001784655946721614,277.499640758605,0.39336644132636134,926.878860969534,276.71193805539343,2,0,159,Explotacion activa
460,2,EHO,poblacional,2529.284382708488,2529.284382708488,True,False,277.4998798060269,0.00011700625236699125,277.49976279977454,0.29761538282764377,921.8983015360676,276.9031943369555,0,0,160,Explotacion activa
461,2,EHO,poblacional,2529.284382708488,2529.284382708488,True,False,277.4998824528093,0.00011593146928134956,277.49976652134,0.19763561981881142,916.9177421026013,277.1025677091517,1,0,161,Explotacion activa
462,2,EHO,poblacional,2529.2843827084876,2529.2843827084876,True,False,277.499883540494,0.00011645950598904165,277.499767080988,0.16042050291639487,896.0090346536406,277.17888886276586,0,0,162,Explotacion activa
463,2,EHO,poblacional,2529.2843827084876,2529.2843827084876,True,False,277.49994492293627,5.391532886278583e-05,277.4998910076074,0.1538281153822936,843.2440311736908,277.191067826975,1,0,163,Explotacion activa
464,2,EHO,poblacional,2529.2843827084876,2529.2843827084876,True,False,277.49995259213483,4.6494807065755595e-05,277.49990609732777,0.12658800905214768,790.4790276937424,277.24533538259186,2,0,164,Explotacion activa
465,2,EHO,poblacional,2529.2843827084876,2529.2843827084876,True,False,277.49995259213483,4.716049170383485e-05,277.4999054316431,0.06501256002320588,737.7140242137933,277.3699748799536,3,0,165,Explotacion activa
466,2,EHO,poblacional,2529.2843827084876,2529.2843827084876,True,False,277.4999706502831,2.879493149521295e-05,277.4999418553516,0.0344477153422304,714.0562390210956,277.43105890948027,4,0,166,Explotacion activa
467,2,EHO,poblacional,2529.2843827084876,2529.2843827084876,True,False,277.4999730996442,2.6619512937031686e-05,277.49994648013126,0.02122895064021577,690.3984538283974,277.4573573248319,5,0,167,Explotacion activa
468,2,EHO,poblacional,2529.2843827084876,2529.2843827084876,True,False,277.4999815515089,1.8108878521161387e-05,277.49996344263036,0.02023327178853832,666.7406686356996,277.4592008714563,6,0,168,Explotacion activa
469,2,EHO,poblacional,2529.2843827084876,2529.2843827084876,True,False,277.4999815515089,1.836780757002998e-05,277.4999631837013,0.014518748133559706,653.8387997732283,277.47085046950485,7,0,169,Explotacion activa
470,2,EHO,poblacional,2529.2843827084876,2529.2843827084876,True,False,277.49998796888667,1.1942530363739934e-05,277.4999760263563,0.00996925182744235,646.3148890758696,277.4800360267757,8,0,170,Explotacion activa
471,2,EHO,poblacional,2529.2843827084876,2529.2843827084876,True,False,277.49999150955045,8.37219886307139e-06,277.4999831373516,0.007032637961219734,638.7909783785105,277.48591296606776,9,0,171,Explotacion activa
472,2,EHO,poblacional,2529.2843827084876,2529.2843827084876,True,False,277.49999365591793,6.211669642652851e-06,277.4999874442483,0.0069632028458727286,616.7360455139781,277.4859824011907,10,0,172,Explotacion activa
473,2,EHO,poblacional,2529.2843827084876,2529.2843827084876,True,False,277.49999365591793,6.3012012105900794e-06,277.4999873547167,0.006893767733799905,565.6190683151021,277.4860518363039,11,0,173,Explotacion activa
474,2,EHO,poblacional,2529.2843827084876,2529.2843827084876,True,False,277.4999958414078,4.079536211065715e-06,277.49999176187157,0.005849036085237455,514.5020911162262,277.488129630588,12,0,174,Explotacion activa
475,2,EHO,poblacional,2529.2843827084876,2529.2843827084876,True,False,277.499996293554,3.6538094718707725e-06,277.4999926397445,0.0035039090539612516,463.3851139173503,277.4928852371022,13,0,175,Explotacion activa
476,2,EHO,poblacional,2529.2843827084876,2529.2843827084876,True,False,277.4999970668441,2.887213668145705e-06,277.49999417963045,0.003324128236909018,419.1238167494869,277.4932957964191,14,0,176,Explotacion activa
477,2,EHO,poblacional,2529.2843827084876,2529.2843827084876,True,False,277.4999976033778,2.3536945263913367e-06,277.49999524968325,0.0032287407327203253,374.8625195816256,277.49349008899463,15,1,177,Explotacion activa
478,2,EHO,poblacional,2529.2843827084876,2529.2843827084876,True,False,277.499997884976,2.0886673155473545e-06,277.49999579630867,0.0031396335944918964,330.6012224137643,277.49364713394607,16,2,178,Explotacion activa
479,2,EHO,poblacional,2529.2843827084876,2529.2843827084876,True,False,277.49999849068945,1.4771644600841682e-06,277.499997013525,0.0027084387441391297,308.17796505105343,277.49455389348896,17,3,179,Explotacion activa
480,2,EHO,poblacional,2529.284382708487,2529.284382708487,True,False,277.49999849068763,1.4983065739215817e-06,277.49999699238106,0.0022310944316359382,296.673727590917,277.49552626552236,0,0,180,Explotacion activa
481,2,EHO,poblacional,2529.284382708487,2529.284382708487,True,False,277.4999988912855,1.0911790013778955e-06,277.4999978001065,0.0017326800146292933,285.1694904512569,277.4965268743437,1,0,181,Explotacion activa
482,2,EHO,poblacional,2529.284382708487,2529.284382708487,True,False,277.49999919136144,7.896292117948178e-07,277.4999984017322,0.00122773979851445,277.49999916135386,277.4975324626445,2,0,182,Explotacion activa
483,2,EHO,poblacional,2529.284382708487,2529.284382708487,True,False,277.49999923647965,7.538365025538951e-07,277.49999848264315,0.0009369717457957444,277.4999992184324,277.49810805577374,3,0,183,Explotacion activa
484,2,EHO,poblacional,2529.284382708487,2529.284382708487,True,False,277.49999926914506,7.308549356821459e-07,277.49999853829013,0.0007763389345655012,277.4999992462793,277.49842822133144,4,0,184,Explotacion activa
485,2,EHO,poblacional,2529.284382708487,2529.284382708487,True,False,277.4999997066948,2.888423296099063e-07,277.49999941785245,0.0007416259645651735,277.49999926914506,277.49850337127646,5,0,185,Explotacion activa
486,2,EHO,poblacional,2529.284382708487,2529.284382708487,True,False,277.4999997066948,2.92945060209604e-07,277.4999994137497,0.000661381876125233,277.49999957542985,277.4986673793472,6,0,186,Explotacion activa
487,2,EHO,poblacional,2529.284382708487,2529.284382708487,True,False,277.4999998425337,1.5670138964196667e-07,277.49999968583234,0.0006128841935606034,277.4999997066948,277.4987685191478,7,0,187,Explotacion activa
488,2,EHO,poblacional,2529.284382708487,2529.284382708487,True,False,277.4999999081683,8.959523256635293e-08,277.4999998185731,0.0005649741419802008,277.49999972027865,277.49886817497315,8,0,188,Explotacion activa
489,2,EHO,poblacional,2529.284382708487,2529.284382708487,True,False,277.4999999081683,9.090217645280063e-08,277.49999981726614,0.0003777310498662689,277.4999998153659,277.4992418341628,9,0,189,Explotacion activa
490,2,EHO,poblacional,2529.284382708487,2529.284382708487,True,False,277.4999999376814,6.06269168201834e-08,277.4999998770545,0.00032192359049076913,277.499999875351,277.4993509033643,10,0,190,Explotacion activa
491,2,EHO,poblacional,2529.284382708487,2529.284382708487,True,False,277.4999999376814,6.151276465971023e-08,277.49999987616866,0.0002967357247143806,277.4999999081683,277.49939982895955,11,0,191,Explotacion activa
492,2,EHO,poblacional,2529.284382708487,2529.284382708487,True,False,277.4999999582951,4.046842150273733e-08,277.4999999178267,0.00021666121019734436,277.4999999081683,277.49956298552735,12,0,192,Explotacion activa
493,2,EHO,poblacional,2529.284382708487,2529.284382708487,True,False,277.4999999582951,4.1061866795644164e-08,277.49999991723325,0.0002034631635979167,277.4999999258762,277.4995880524387,13,0,193,Explotacion activa
494,2,EHO,poblacional,2529.284382708487,2529.284382708487,True,False,277.49999996178394,3.8005964597687125e-08,277.499999923778,0.00019514310547492632,277.4999999376814,277.499604685076,14,0,194,Explotacion activa
495,2,EHO,poblacional,2529.284382708487,2529.284382708487,True,False,277.4999999743359,2.5454028218518943e-08,277.49999994888185,0.0001784655946721614,277.4999999376814,277.499640758605,15,1,195,Explotacion activa
496,2,EHO,poblacional,2529.284382708487,2529.284382708487,True,False,277.499999980731,1.9037088350160047e-08,277.4999999616939,0.00013544405505854212,277.499999952111,277.4997261874237,16,2,196,Explotacion activa
497,2,EHO,poblacional,2529.284382708487,2529.284382708487,True,False,277.49999998661997,1.3007138477405533e-08,277.49999997361283,0.00011678755381581141,277.4999999582951,277.49976428840074,17,3,197,Explotacion activa
498,2,EHO,poblacional,2529.284382708487,2529.284382708487,True,False,277.4999999880906,1.1633801477728412e-08,277.4999999764568,0.00011640670231827244,277.499999958644,277.4997665773048,18,4,198,Explotacion activa
499,2,EHO,poblacional,2529.284382708487,2529.284382708487,True,False,277.49999998900466,1.0819348972290754e-08,277.4999999781853,0.00011603707662288798,277.4999999610862,277.49976696905844,19,5,199,Explotacion activa
500,2,EHO,poblacional,2529.284382708487,2529.284382708487,True,False,277.4999999902284,9.650648280512542e-09,277.49999998057774,8.49233990720677e-05,277.4999999680599,277.4998290442977,20,6,200,Explotacion activa
501,2,EHO,poblacional,2529.284382708487,2529.284382708487,True,False,277.4999999938527,5.838046490680426e-09,277.4999999880147,5.256436143099561e-05,277.4999999756149,277.49989389241455,21,7,201,Explotacion activa
502,2,EHO,poblacional,2529.284382708487,2529.284382708487,True,False,277.4999999938527,5.928995960857719e-09,277.49999998792373,4.783597541972996e-05,277.4999999800915,277.49990398923956,22,8,202,Explotacion activa
503,2,EHO,poblacional,2529.284382708487,2529.284382708487,True,False,277.4999999943161,5.50835466128774e-09,277.49999998880776,4.676108092098729e-05,277.4999999842644,277.4999058310539,23,9,203,Explotacion activa
504,2,EHO,poblacional,2529.284382708487,2529.284382708487,True,False,277.4999999944689,5.421952664619312e-09,277.49999998904696,4.1184844394592724e-05,277.4999999870612,277.4999168247349,24,10,204,Explotacion activa
505,2,EHO,poblacional,2529.284382708487,2529.284382708487,True,False,277.499999995895,3.900822775904089e-09,277.4999999919942,2.879493149521295e-05,277.4999999880906,277.4999418553516,25,11,205,Explotacion activa
506,2,EHO,poblacional,2529.284382708487,2529.284382708487,True,False,277.4999999962147,3.586137609090656e-09,277.49999999262855,2.727213850448606e-05,277.49999998873045,277.4999450926974,26,12,206,Explotacion activa
507,2,EHO,poblacional,2529.284382708487,2529.284382708487,True,False,277.4999999962929,3.5392986319493502e-09,277.4999999927536,2.3318830790231016e-05,277.49999998949414,277.4999531615593,27,13,207,Explotacion activa
508,2,EHO,poblacional,2529.284382708487,2529.284382708487,True,False,277.4999999968318,2.979504643008113e-09,277.49999999385227,1.834191466514312e-05,277.4999999905908,277.4999632095942,28,14,208,Explotacion activa
509,2,EHO,poblacional,2529.284382708487,2529.284382708487,True,False,277.4999999970696,2.7525857149157673e-09,277.499999994317,1.8160664330935104e-05,277.49999999312786,277.4999633908445,29,15,209,Explotacion activa
510,2,EHO,poblacional,2529.284382708487,2529.284382708487,True,False,277.4999999970937,2.7607711672317237e-09,277.49999999433294,1.502570444245066e-05,277.4999999938527,277.49996973449333,30,16,210,Explotacion activa
511,2,EHO,poblacional,2529.284382708487,2529.284382708487,True,False,277.499999997307,2.5638655642978847e-09,277.4999999947431,1.1228464063606215e-05,277.4999999939454,277.49997744855534,31,17,211,Explotacion activa
512,2,EHO,poblacional,2529.284382708487,2529.284382708487,True,False,277.4999999975216,2.3637767299078405e-09,277.49999999515785,8.729232013138249e-06,277.4999999942698,277.4999824262521,32,18,212,Explotacion activa
513,2,EHO,poblacional,2529.284382708487,2529.284382708487,True,False,277.4999999975216,2.3992470232769847e-09,277.4999999951224,7.1296002715826e-06,277.4999999944078,277.49998566777066,33,19,213,Explotacion activa
514,2,EHO,poblacional,2529.284382708487,2529.284382708487,True,False,277.49999999764714,2.2982931113801897e-09,277.49999999534884,6.27434174020891e-06,277.4999999948967,277.4999873815762,34,20,214,Explotacion activa
515,2,EHO,poblacional,2529.284382708487,2529.284382708487,True,False,277.49999999805686,1.8885657482314855e-09,277.4999999961683,6.211669642652851e-06,277.499999995895,277.4999874442483,35,21,215,Explotacion activa
516,2,EHO,poblacional,2529.284382708487,2529.284382708487,True,False,277.4999999983115,1.6434569261036813e-09,277.49999999666807,4.719176240541849e-06,277.4999999961188,277.49999046658456,36,22,216,Explotacion activa
517,2,EHO,poblacional,2529.284382708487,2529.284382708487,True,False,277.4999999983115,1.667558535700664e-09,277.49999999664396,3.9092455153877385e-06,277.49999999624595,277.49999211302077,37,23,217,Explotacion activa
518,2,EHO,poblacional,2529.284382708487,2529.284382708487,True,False,277.4999999986958,1.2823875294998288e-09,277.4999999974134,3.577149891498265e-06,277.4999999963468,277.4999927937331,38,24,218,Explotacion activa
519,2,EHO,poblacional,2529.284382708487,2529.284382708487,True,True,277.4999999988863,1.096395862987265e-09,277.4999999977899,3.0405328288907153e-06,277.499999996724,277.49999387165326,39,25,219,ESTANCAMIENTO (Fire)
520,3,GWO,poblacional,2529.284382708487,2529.284382708487,False,False,,,,,,,0,0,1,Llenando ventana
521,3,GWO,poblacional,2529.284382708487,2529.284382708487,False,False,,,,,,,1,0,2,Llenando ventana
522,3,GWO,poblacional,2529.284382708487,2529.284382708487,False,False,,,,,,,2,0,3,Llenando ventana
523,3,GWO,poblacional,2529.284382708487,2529.284382708487,False,False,,,,,,,3,0,4,Llenando ventana
524,3,GWO,poblacional,2529.284382708487,2529.284382708487,False,False,,,,,,,4,0,5,Llenando ventana
525,3,GWO,poblacional,2529.284382708487,2529.284382708487,False,False,,,,,,,5,0,6,Llenando ventana
526,3,GWO,poblacional,2529.284382708487,2529.284382708487,False,False,,,,,,,6,0,7,Llenando ventana
527,3,GWO,poblacional,2529.284382708487,2529.284382708487,False,False,,,,,,,7,0,8,Llenando ventana
528,3,GWO,poblacional,2529.284382708487,2529.284382708487,False,False,,,,,,,8,0,9,Llenando ventana
529,3,GWO,poblacional,2529.284382708487,2529.284382708487,False,False,,,,,,,9,0,10,Llenando ventana
530,3,GWO,poblacional,2529.284382708487,2529.284382708487,False,False,,,,,,,10,0,11,Llenando ventana
531,3,GWO,poblacional,2529.284382708487,2529.284382708487,False,False,,,,,,,11,0,12,Llenando ventana
532,3,GWO,poblacional,2529.284382708487,2529.284382708487,False,False,,,,,,,12,0,13,Llenando ventana
533,3,GWO,poblacional,2529.284382708487,2529.284382708487,False,False,,,,,,,13,0,14,Llenando ventana
534,3,GWO,poblacional,2529.284382708487,2529.284382708487,False,False,,,,,,,14,0,15,Llenando ventana
535,3,GWO,poblacional,2529.284382708487,2529.284382708487,False,False,,,,,,,15,0,16,Llenando ventana
536,3,GWO,poblacional,2529.284382708487,2529.284382708487,False,False,,,,,,,16,0,17,Llenando ventana
537,3,GWO,poblacional,2529.284382708487,2529.284382708487,False,False,,,,,,,17,0,18,Llenando ventana
538,3,GWO,poblacional,2529.284382708487,2529.284382708487,False,False,,,,,,,18,0,19,Llenando ventana
539,3,GWO,poblacional,2529.284382708487,2529.284382708487,False,False,,,,,,,19,0,20,Llenando ventana
540,3,GWO,poblacional,2529.284382708487,2529.284382708487,False,False,,,,,,,20,0,21,Llenando ventana
541,3,GWO,poblacional,2529.284382708487,2529.284382708487,False,False,,,,,,,21,0,22,Llenando ventana
542,3,GWO,poblacional,2529.284382708487,2529.284382708487,False,False,,,,,,,22,0,23,Llenando ventana
543,3,GWO,poblacional,2529.284382708487,2529.284382708487,False,False,,,,,,,23,0,24,Llenando ventana
544,3,GWO,poblacional,2529.284382708487,2529.284382708487,False,False,,,,,,,24,0,25,Llenando ventana
545,3,GWO,poblacional,2529.284382708487,2529.284382708487,False,False,,,,,,,25,0,26,Llenando ventana
546,3,GWO,poblacional,2529.284382708487,2529.284382708487,False,False,,,,,,,26,0,27,Llenando ventana
547,3,GWO,poblacional,2529.284382708487,2529.284382708487,False,False,,,,,,,27,0,28,Llenando ventana
548,3,GWO,poblacional,2529.284382708487,2529.284382708487,False,False,,,,,,,28,0,29,Llenando ventana
549,3,GWO,poblacional,2529.284382708487,2529.284382708487,False,False,,,,,,,29,0,30,Llenando ventana
550,3,GWO,poblacional,2529.284382708487,2529.284382708487,False,False,,,,,,,30,0,31,Llenando ventana
551,3,GWO,poblacional,2529.284382708487,2529.284382708487,False,False,,,,,,,31,0,32,Llenando ventana
552,3,GWO,poblacional,2529.284382708487,2529.284382708487,False,False,,,,,,,32,0,33,Llenando ventana
553,3,GWO,poblacional,2529.284382708487,2529.284382708487,False,False,,,,,,,33,0,34,Llenando ventana
554,3,GWO,poblacional,2529.284382708487,2529.284382708487,False,False,,,,,,,34,0,35,Llenando ventana
555,3,GWO,poblacional,2529.284382708487,2529.284382708487,False,False,,,,,,,35,0,36,Llenando ventana
556,3,GWO,poblacional,2529.284382708487,2529.284382708487,False,False,,,,,,,36,0,37,Llenando ventana
557,3,GWO,poblacional,2529.284382708487,2529.284382708487,False,False,,,,,,,37,0,38,Llenando ventana
558,3,GWO,poblacional,2529.284382708487,2529.284382708487,False,False,,,,,,,38,0,39,Llenando ventana
559,3,GWO,poblacional,2529.284382708487,2529.284382708487,False,False,,,,,,,39,0,40,Llenando ventana
560,3,GWO,poblacional,2529.284382708487,2529.284382708487,False,False,,,,,,,40,0,41,Llenando ventana
561,3,GWO,poblacional,2529.284382708487,2529.284382708487,False,False,,,,,,,41,0,42,Llenando ventana
562,3,GWO,poblacional,2529.284382708487,2529.284382708487,False,False,,,,,,,42,0,43,Llenando ventana
563,3,GWO,poblacional,2529.284382708487,2529.284382708487,False,False,,,,,,,43,0,44,Llenando ventana
564,3,GWO,poblacional,2529.284382708487,2529.284382708487,False,False,,,,,,,44,0,45,Llenando ventana
565,3,GWO,poblacional,2529.284382708487,2529.284382708487,False,False,,,,,,,45,0,46,Llenando ventana
566,3,GWO,poblacional,2529.284382708487,2529.284382708487,False,False,,,,,,,46,0,47,Llenando ventana
567,3,GWO,poblacional,2529.284382708487,2529.284382708487,False,False,,,,,,,47,0,48,Llenando ventana
568,3,GWO,poblacional,2529.284382708487,2529.284382708487,False,False,,,,,,,48,0,49,Llenando ventana
569,3,GWO,poblacional,2529.284382708487,2529.284382708487,False,False,,,,,,,49,0,50,Llenando ventana
570,3,GWO,poblacional,2529.284382708487,2529.284382708487,False,False,,,,,,,50,0,51,Llenando ventana
571,3,GWO,poblacional,2529.284382708487,2529.284382708487,False,False,,,,,,,51,0,52,Llenando ventana
572,3,GWO,poblacional,2529.284382708487,2529.284382708487,False,False,,,,,,,52,0,53,Llenando ventana
573,3,GWO,poblacional,2529.284382708487,2529.284382708487,False,False,,,,,,,53,0,54,Llenando ventana
574,3,GWO,poblacional,2529.284382708487,2529.284382708487,False,False,,,,,,,54,0,55,Llenando ventana
575,3,GWO,poblacional,2529.284382708487,2529.284382708487,False,False,,,,,,,55,0,56,Llenando ventana
576,3,GWO,poblacional,2529.284382708487,2529.284382708487,False,False,,,,,,,56,0,57,Llenando ventana
577,3,GWO,poblacional,2529.284382708487,2529.284382708487,False,False,,,,,,,57,0,58,Llenando ventana
578,3,GWO,poblacional,2529.284382708487,2529.284382708487,False,False,,,,,,,58,0,59,Llenando ventana
579,3,GWO,poblacional,2529.284382708487,2529.284382708487,False,False,,,,,,,59,0,60,Llenando ventana
580,3,GWO,poblacional,2529.284382708487,2529.284382708487,False,False,,,,,,,60,0,61,Llenando ventana
581,3,GWO,poblacional,2529.284382708487,2529.284382708487,False,False,,,,,,,61,0,62,Llenando ventana
582,3,GWO,poblacional,2529.284382708487,2529.284382708487,False,False,,,,,,,62,0,63,Llenando ventana
583,3,GWO,poblacional,2529.284382708487,2529.284382708487,False,False,,,,,,,63,0,64,Llenando ventana
584,3,GWO,poblacional,2529.284382708487,2529.284382708487,False,False,,,,,,,64,0,65,Llenando ventana
585,3,GWO,poblacional,2529.284382708487,2529.284382708487,False,False,,,,,,,65,0,66,Llenando ventana
586,3,GWO,poblacional,2529.284382708487,2529.284382708487,False,False,,,,,,,66,0,67,Llenando ventana
587,3,GWO,poblacional,2529.284382708487,2529.284382708487,False,False,,,,,,,67,0,68,Llenando ventana
588,3,GWO,poblacional,2529.284382708487,2529.284382708487,False,False,,,,,,,68,0,69,Llenando ventana
589,3,GWO,poblacional,2529.284382708487,2529.284382708487,False,False,,,,,,,69,0,70,Llenando ventana
590,3,GWO,poblacional,2529.284382708487,2529.284382708487,False,False,,,,,,,70,0,71,Llenando ventana
591,3,GWO,poblacional,2529.284382708487,2529.284382708487,False,False,,,,,,,71,0,72,Llenando ventana
592,3,GWO,poblacional,2529.284382708487,2529.284382708487,False,False,,,,,,,72,0,73,Llenando ventana
593,3,GWO,poblacional,2529.284382708487,2529.284382708487,False,False,,,,,,,73,0,74,Llenando ventana
594,3,GWO,poblacional,2529.284382708487,2529.284382708487,True,False,277.5,0.0,277.5,7.5,37.5,22.5,74,1,75,Explotacion activa
595,3,GWO,poblacional,2529.284382708487,2529.284382708487,True,False,277.5,0.0,277.5,7.5,37.5,22.5,75,2,76,Explotacion activa
596,3,GWO,poblacional,2529.284382708487,2529.284382708487,True,False,277.5,0.0,277.5,7.5,37.5,22.5,76,3,77,Explotacion activa
597,3,GWO,poblacional,2529.284382708487,2529.284382708487,True,False,277.5,0.0,277.5,7.5,37.5,22.5,77,4,78,Explotacion activa
598,3,GWO,poblacional,2529.284382708487,2529.284382708487,True,False,277.5,0.0,277.5,7.5,37.5,22.5,78,5,79,Explotacion activa
599,3,GWO,poblacional,2529.284382708487,2529.284382708487,True,False,277.5,0.0,277.5,7.5,37.5,22.5,79,6,80,Explotacion activa
600,3,GWO,poblacional,2529.284382708487,2529.284382708487,True,False,277.5,0.0,277.5,7.5,37.5,22.5,80,7,81,Explotacion activa
601,3,GWO,poblacional,2529.284382708487,2529.284382708487,True,False,277.5,0.0,277.5,7.5,37.5,22.5,81,8,82,Explotacion activa
602,3,GWO,poblacional,2529.284382708487,2529.284382708487,True,False,277.5,0.0,277.5,7.5,37.5,22.5,82,9,83,Explotacion activa
603,3,GWO,poblacional,2529.284382708487,2529.284382708487,True,False,277.5,0.0,277.5,0.0,277.5,277.5,83,10,84,Explotacion activa
604,3,GWO,poblacional,2529.284382708487,2529.284382708487,True,False,277.5,0.0,277.5,0.0,277.5,277.5,84,11,85,Explotacion activa
605,3,GWO,poblacional,2529.284382708487,2529.284382708487,True,False,277.5,0.0,277.5,0.0,277.5,277.5,85,12,86,Explotacion activa
606,3,GWO,poblacional,2529.284382708487,2529.284382708487,True,False,277.5,0.0,277.5,0.0,277.5,277.5,86,13,87,Explotacion activa
607,3,GWO,poblacional,2529.284382708487,2529.284382708487,True,False,277.5,0.0,277.5,0.0,277.5,277.5,87,14,88,Explotacion activa
608,3,GWO,poblacional,2529.284382708487,2529.284382708487,True,False,277.5,0.0,277.5,0.0,277.5,277.5,88,15,89,Explotacion activa
609,3,GWO,poblacional,2529.284382708487,2529.284382708487,True,False,277.5,0.0,277.5,0.0,277.5,277.5,89,16,90,Explotacion activa
610,3,GWO,poblacional,2529.284382708487,2529.284382708487,True,False,277.5,0.0,277.5,0.0,277.5,277.5,90,17,91,Explotacion activa
611,3,GWO,poblacional,2529.284382708487,2529.284382708487,True,False,277.5,0.0,277.5,0.0,277.5,277.5,91,18,92,Explotacion activa
612,3,GWO,poblacional,2529.284382708487,2529.284382708487,True,False,277.5,0.0,277.5,0.0,277.5,277.5,92,19,93,Explotacion activa
613,3,GWO,poblacional,2529.284382708487,2529.284382708487,True,False,277.5,0.0,277.5,0.0,277.5,277.5,93,20,94,Explotacion activa
614,3,GWO,poblacional,2529.284382708487,2529.284382708487,True,False,277.5,0.0,277.5,0.0,277.5,277.5,94,21,95,Explotacion activa
615,3,GWO,poblacional,2529.284382708487,2529.284382708487,True,False,277.5,0.0,277.5,0.0,277.5,277.5,95,22,96,Explotacion activa
616,3,GWO,poblacional,2529.284382708487,2529.284382708487,True,False,277.5,0.0,277.5,0.0,277.5,277.5,96,23,97,Explotacion activa
617,3,GWO,poblacional,2529.284382708487,2529.284382708487,True,False,277.5,0.0,277.5,0.0,277.5,277.5,97,24,98,Explotacion activa
618,3,GWO,poblacional,2529.284382708487,2529.284382708487,True,True,277.5,0.0,277.5,0.0,277.5,277.5,98,25,99,ESTANCAMIENTO (Fire)
619,4,PSO,poblacional,2529.284382708487,2529.284382708487,False,False,,,,,,,0,0,0,Llenando ventana
620,4,PSO,poblacional,2529.284382708487,2529.284382708487,False,False,,,,,,,0,0,0,Llenando ventana
621,4,PSO,poblacional,2529.284382708487,2529.284382708487,False,False,,,,,,,0,0,0,Llenando ventana
622,4,PSO,poblacional,2529.284382708487,2529.284382708487,False,False,,,,,,,0,0,0,Llenando ventana
623,4,PSO,poblacional,2529.284382708487,2529.284382708487,False,False,,,,,,,0,0,0,Llenando ventana
624,4,PSO,poblacional,2529.284382708487,2529.284382708487,False,False,,,,,,,0,0,0,Llenando ventana
625,4,PSO,poblacional,2529.284382708487,2529.284382708487,False,False,,,,,,,0,0,0,Llenando ventana
626,4,PSO,poblacional,2529.284382708487,2529.284382708487,False,False,,,,,,,0,0,0,Llenando ventana
627,4,PSO,poblacional,2529.284382708487,2529.284382708487,False,False,,,,,,,0,0,0,Llenando ventana
628,4,PSO,poblacional,2529.284382708487,2529.284382708487,False,False,,,,,,,0,0,0,Llenando ventana
629,4,PSO,poblacional,2529.284382708487,2529.284382708487,False,False,,,,,,,0,0,0,Llenando ventana
630,4,PSO,poblacional,2529.284382708487,2529.284382708487,False,False,,,,,,,0,0,0,Llenando ventana
631,4,PSO,poblacional,2529.284382708487,2529.284382708487,False,False,,,,,,,0,0,0,Llenando ventana
632,4,PSO,poblacional,2529.284382708487,2529.284382708487,False,False,,,,,,,0,0,0,Llenando ventana
633,4,PSO,poblacional,2529.284382708487,2529.284382708487,False,False,,,,,,,0,0,0,Llenando ventana
634,4,PSO,poblacional,2529.284382708487,2529.284382708487,False,False,,,,,,,0,0,0,Llenando ventana
635,4,PSO,poblacional,2529.284382708487,2529.284382708487,False,False,,,,,,,0,0,0,Llenando ventana
636,4,PSO,poblacional,2529.284382708487,2529.284382708487,False,False,,,,,,,0,0,0,Llenando ventana
637,4,PSO,poblacional,2529.284382708487,2529.284382708487,False,False,,,,,,,0,0,0,Llenando ventana
638,4,PSO,poblacional,2529.284382708487,2529.284382708487,False,False,,,,,,,0,0,0,Llenando ventana
639,4,PSO,poblacional,2529.284382708487,2529.284382708487,False,False,,,,,,,0,0,0,Llenando ventana
640,4,PSO,poblacional,2529.284382708487,2529.284382708487,False,False,,,,,,,0,0,0,Llenando ventana
641,4,PSO,poblacional,2529.284382708487,2529.284382708487,False,False,,,,,,,0,0,0,Llenando ventana
642,4,PSO,poblacional,2529.284382708487,2529.284382708487,False,False,,,,,,,0,0,0,Llenando ventana
643,4,PSO,poblacional,2529.284382708487,2529.284382708487,False,False,,,,,,,0,0,0,Llenando ventana
644,4,PSO,poblacional,2529.284382708487,2529.284382708487,False,False,,,,,,,0,0,0,Llenando ventana
645,4,PSO,poblacional,2529.284382708487,2529.284382708487,False,False,,,,,,,0,0,0,Llenando ventana
646,4,PSO,poblacional,2529.284382708487,2529.284382708487,False,False,,,,,,,0,0,0,Llenando ventana
647,4,PSO,poblacional,2529.284382708487,2529.284382708487,False,False,,,,,,,0,0,0,Llenando ventana
648,4,PSO,poblacional,2529.284382708487,2529.284382708487,False,False,,,,,,,0,0,0,Llenando ventana
649,4,PSO,poblacional,2529.284382708487,2529.284382708487,False,False,,,,,,,0,0,0,Llenando ventana
650,4,PSO,poblacional,2529.284382708487,2529.284382708487,False,False,,,,,,,0,0,0,Llenando ventana
651,4,PSO,poblacional,2529.284382708487,2529.284382708487,False,False,,,,,,,0,0,0,Llenando ventana
652,4,PSO,poblacional,2529.284382708487,2529.284382708487,False,False,,,,,,,0,0,0,Llenando ventana
653,4,PSO,poblacional,2529.284382708487,2529.284382708487,False,False,,,,,,,0,0,0,Llenando ventana
654,4,PSO,poblacional,2529.284382708487,2529.284382708487,False,False,,,,,,,0,0,0,Llenando ventana
655,4,PSO,poblacional,2529.284382708487,2529.284382708487,False,False,,,,,,,0,0,0,Llenando ventana
656,4,PSO,poblacional,2529.284382708487,2529.284382708487,False,False,,,,,,,0,0,0,Llenando ventana
657,4,PSO,poblacional,2529.284382708487,2529.284382708487,False,False,,,,,,,0,0,0,Llenando ventana
658,4,PSO,poblacional,2529.284382708487,2529.284382708487,False,False,,,,,,,0,0,0,Llenando ventana
659,4,PSO,poblacional,2529.284382708487,2529.284382708487,False,False,,,,,,,0,0,0,Llenando ventana
660,4,PSO,poblacional,2529.284382708487,2529.284382708487,False,False,,,,,,,0,0,0,Llenando ventana
661,4,PSO,poblacional,2529.284382708487,2529.284382708487,False,False,,,,,,,0,0,0,Llenando ventana
662,4,PSO,poblacional,2529.284382708487,2529.284382708487,False,False,,,,,,,0,0,0,Llenando ventana
663,4,PSO,poblacional,2529.284382708487,2529.284382708487,False,False,,,,,,,0,0,0,Llenando ventana
664,4,PSO,poblacional,2529.284382708487,2529.284382708487,False,False,,,,,,,0,0,0,Llenando ventana
665,4,PSO,poblacional,2529.284382708487,2529.284382708487,False,False,,,,,,,0,0,0,Llenando ventana
666,4,PSO,poblacional,2529.284382708487,2529.284382708487,False,False,,,,,,,0,0,0,Llenando ventana
667,4,PSO,poblacional,2529.284382708487,2529.284382708487,False,False,,,,,,,0,0,0,Llenando ventana
668,4,PSO,poblacional,2529.284382708487,2529.284382708487,False,False,,,,,,,0,0,0,Llenando ventana
669,4,PSO,poblacional,2529.284382708487,2529.284382708487,False,False,,,,,,,0,0,0,Llenando ventana
670,4,PSO,poblacional,2529.284382708487,2529.284382708487,False,False,,,,,,,0,0,0,Llenando ventana
671,4,PSO,poblacional,2529.284382708487,2529.284382708487,False,False,,,,,,,0,0,0,Llenando ventana
672,4,PSO,poblacional,2529.284382708487,2529.284382708487,False,False,,,,,,,0,0,0,Llenando ventana
673,4,PSO,poblacional,2529.284382708487,2529.284382708487,False,False,,,,,,,0,0,0,Llenando ventana
674,4,PSO,poblacional,2529.284382708487,2529.284382708487,False,False,,,,,,,0,0,0,Llenando ventana
675,4,PSO,poblacional,2529.284382708487,2529.284382708487,False,False,,,,,,,0,0,0,Llenando ventana
676,4,PSO,poblacional,2529.284382708487,2529.284382708487,False,False,,,,,,,0,0,0,Llenando ventana
677,4,PSO,poblacional,2529.284382708487,2529.284382708487,False,False,,,,,,,0,0,0,Llenando ventana
678,4,PSO,poblacional,2529.284382708487,2529.284382708487,False,False,,,,,,,0,0,0,Llenando ventana
679,4,PSO,poblacional,2529.284382708487,2529.284382708487,False,False,,,,,,,0,0,0,Llenando ventana
680,4,PSO,poblacional,2529.284382708487,2529.284382708487,False,False,,,,,,,0,0,0,Llenando ventana
681,4,PSO,poblacional,2529.284382708487,2529.284382708487,False,False,,,,,,,0,0,0,Llenando ventana
682,4,PSO,poblacional,2529.284382708487,2529.284382708487,False,False,,,,,,,0,0,0,Llenando ventana
683,4,PSO,poblacional,2529.284382708487,2529.284382708487,False,False,,,,,,,0,0,0,Llenando ventana
684,4,PSO,poblacional,2529.284382708487,2529.284382708487,False,False,,,,,,,0,0,0,Llenando ventana
685,4,PSO,poblacional,2529.284382708487,2529.284382708487,False,False,,,,,,,0,0,0,Llenando ventana
686,4,PSO,poblacional,2529.284382708487,2529.284382708487,False,False,,,,,,,0,0,0,Llenando ventana
687,4,PSO,poblacional,2529.284382708487,2529.284382708487,False,False,,,,,,,0,0,0,Llenando ventana
688,4,PSO,poblacional,2529.284382708487,2529.284382708487,False,False,,,,,,,0,0,0,Llenando ventana
689,4,PSO,poblacional,2529.284382708487,2529.284382708487,False,False,,,,,,,0,0,0,Llenando ventana
690,4,PSO,poblacional,2529.284382708487,2529.284382708487,False,False,,,,,,,0,0,0,Llenando ventana
691,4,PSO,poblacional,2529.284382708487,2529.284382708487,False,False,,,,,,,0,0,0,Llenando ventana
692,4,PSO,poblacional,2529.284382708487,2529.284382708487,False,False,,,,,,,0,0,0,Llenando ventana
693,4,PSO,poblacional,2529.284382708487,2529.284382708487,False,False,,,277.5,,,,0,0,0,Llenando ventana
694,4,PSO,poblacional,2529.284382708487,2529.284382708487,False,False,,,277.5,,,,0,0,0,Llenando ventana
695,4,PSO,poblacional,2529.284382708487,2529.284382708487,False,False,,,277.5,,,,0,0,0,Llenando ventana
696,4,PSO,poblacional,2529.284382708487,2529.284382708487,False,False,,,277.5,,,,0,0,0,Llenando ventana
697,4,PSO,poblacional,2529.284382708487,2529.284382708487,False,False,,,277.5,,,,0,0,0,Llenando ventana
698,4,PSO,poblacional,2529.284382708487,2529.284382708487,False,False,,,277.5,,,,0,0,0,Llenando ventana
699,4,PSO,poblacional,2529.284382708487,2529.284382708487,False,False,,,277.5,,,,0,0,0,Llenando ventana
700,4,PSO,poblacional,2529.284382708487,2529.284382708487,False,False,,,277.5,,,,0,0,0,Llenando ventana
701,4,PSO,poblacional,2529.284382708487,2529.284382708487,False,False,,,277.5,,,,0,0,0,Llenando ventana
702,4,PSO,poblacional,2529.284382708487,2529.284382708487,False,False,,,277.5,,,,0,0,0,Llenando ventana
703,4,PSO,poblacional,2529.284382708487,2529.284382708487,False,False,,,277.5,,,,0,0,0,Llenando ventana
704,4,PSO,poblacional,2529.284382708487,2529.284382708487,False,False,,,277.5,,,,0,0,0,Llenando ventana
705,4,PSO,poblacional,2529.284382708487,2529.284382708487,False,False,,,277.5,,,,0,0,0,Llenando ventana
706,4,PSO,poblacional,2529.284382708487,2529.284382708487,False,False,,,277.5,,,,0,0,0,Llenando ventana
707,4,PSO,poblacional,2529.284382708487,2529.284382708487,False,False,,,277.5,,,,0,0,0,Llenando ventana
708,4,PSO,poblacional,2529.284382708487,2529.284382708487,False,False,,,277.5,,,,0,0,0,Llenando ventana
709,4,PSO,poblacional,2529.284382708487,2529.284382708487,False,False,,,277.5,,,,0,0,0,Llenando ventana
710,4,PSO,poblacional,2529.284382708487,2529.284382708487,False,False,,,277.5,,,,0,0,0,Llenando ventana
711,4,PSO,poblacional,2529.284382708487,2529.284382708487,False,False,,,277.5,,,,0,0,0,Llenando ventana
712,4,PSO,poblacional,2529.284382708487,2529.284382708487,False,False,,,277.5,,,,0,0,0,Llenando ventana
713,4,PSO,poblacional,2529.284382708487,2529.284382708487,False,False,,,277.5,,,,0,0,0,Llenando ventana
714,4,PSO,poblacional,2529.284382708487,2529.284382708487,False,False,,,277.5,,,,0,0,0,Llenando ventana
715,4,PSO,poblacional,2529.284382708487,2529.284382708487,False,False,,,277.5,,,,0,0,0,Llenando ventana
716,4,PSO,poblacional,2529.284382708487,2529.284382708487,False,False,,,277.5,,,,0,0,0,Llenando ventana
717,4,PSO,poblacional,2529.284382708487,2529.284382708487,False,False,,,277.5,,,,0,0,0,Llenando ventana
718,5,ACO,poblacional,2529.284382708487,3782.8667420489755,False,False,,,,,,,0,0,1,Llenando ventana
719,5,ACO,poblacional,2529.284382708487,3338.440723405013,False,False,,,,,,,1,0,2,Llenando ventana
720,5,ACO,poblacional,2529.284382708487,3332.843194120145,False,False,,,,,,,2,0,3,Llenando ventana
721,5,ACO,poblacional,2529.284382708487,2589.384598647139,False,False,,,,,,,3,0,4,Llenando ventana
722,5,ACO,poblacional,2529.284382708487,2835.587511630108,False,False,,,,,,,4,0,5,Llenando ventana
723,5,ACO,poblacional,2529.284382708487,2923.5461067342235,False,False,,,,,,,5,0,6,Llenando ventana
724,5,ACO,poblacional,2529.284382708487,2610.7345682114947,False,False,,,,,,,6,0,7,Llenando ventana
725,5,ACO,poblacional,2529.284382708487,2611.3988541354393,False,False,,,,,,,7,0,8,Llenando ventana
726,5,ACO,poblacional,2529.284382708487,2623.6250559394825,False,False,,,,,,,8,0,9,Llenando ventana
727,5,ACO,poblacional,2529.284382708487,2762.6042147000812,False,False,,,,,,,9,0,10,Llenando ventana
728,5,ACO,poblacional,2529.284382708487,2698.261305610563,False,False,,,,,,,10,0,11,Llenando ventana
729,5,ACO,poblacional,2529.284382708487,2664.0522331078155,False,False,,,,,,,11,0,12,Llenando ventana
730,5,ACO,poblacional,2529.284382708487,2613.797905620043,False,False,,,,,,,12,0,13,Llenando ventana
731,5,ACO,poblacional,2529.284382708487,2534.716444591488,False,False,,,,,,,13,0,14,Llenando ventana
732,5,ACO,poblacional,2529.284382708487,2621.7589337732675,False,False,,,,,,,14,0,15,Llenando ventana
733,5,ACO,poblacional,2529.284382708487,2607.4929119377007,False,False,,,,,,,15,0,16,Llenando ventana
734,5,ACO,poblacional,2529.284382708487,2561.8178579770097,False,False,,,,,,,16,0,17,Llenando ventana
735,5,ACO,poblacional,2529.284382708487,2552.365099865342,False,False,,,,,,,17,0,18,Llenando ventana
736,5,ACO,poblacional,2529.284382708487,2573.5586407152423,False,False,,,,,,,18,0,19,Llenando ventana
737,5,ACO,poblacional,2529.284382708487,2557.4446914194646,False,False,,,,,,,19,0,20,Llenando ventana
738,5,ACO,poblacional,2529.284382708487,2555.3314480037634,False,False,,,,,,,20,0,21,Llenando ventana
739,5,ACO,poblacional,2529.284382708487,2559.3798345258524,False,False,,,,,,,21,0,22,Llenando ventana
740,5,ACO,poblacional,2529.284382708487,2546.8484798996697,False,False,,,,,,,22,0,23,Llenando ventana
741,5,ACO,poblacional,2529.284382708487,2539.501748347242,False,False,,,,,,,23,0,24,Llenando ventana
742,5,ACO,poblacional,2529.284382708487,2536.900586285541,False,False,,,,,,,24,0,25,Llenando ventana
743,5,ACO,poblacional,2529.284382708487,2534.767471446359,False,False,,,,,,,25,0,26,Llenando ventana
744,5,ACO,poblacional,2529.284382708487,2538.7549047435523,False,False,,,,,,,26,0,27,Llenando ventana
745,5,ACO,poblacional,2529.284382708487,2534.4876697477653,False,False,,,,,,,27,0,28,Llenando ventana
746,5,ACO,poblacional,2529.284382708487,2531.8978491884527,False,False,,,,,,,28,0,29,Llenando ventana
747,5,ACO,poblacional,2529.284382708487,2531.8068799795583,False,False,,,,,,,29,0,30,Llenando ventana
748,5,ACO,poblacional,2529.284382708487,2531.9206030279875,False,False,,,,,,,30,0,31,Llenando ventana
749,5,ACO,poblacional,2529.284382708487,2531.0948353021786,False,False,,,,,,,31,0,32,Llenando ventana
750,5,ACO,poblacional,2529.284382708487,2533.629445899104,False,False,,,,,,,32,0,33,Llenando ventana
751,5,ACO,poblacional,2529.284382708487,2531.058460847624,False,False,,,,,,,33,0,34,Llenando ventana
752,5,ACO,poblacional,2529.284382708487,2530.290916753255,False,False,,,,,,,34,0,35,Llenando ventana
753,5,ACO,poblacional,2529.284382708487,2530.822721698709,False,False,,,,,,,35,0,36,Llenando ventana
754,5,ACO,poblacional,2529.284382708487,2530.6765162996635,False,False,,,,,,,36,0,37,Llenando ventana
755,5,ACO,poblacional,2529.284382708487,2529.904548517808,False,False,,,,,,,37,0,38,Llenando ventana
756,5,ACO,poblacional,2529.284382708487,2530.8436705172803,False,False,,,,,,,38,0,39,Llenando ventana
757,5,ACO,poblacional,2529.284382708487,2530.0741309897126,False,False,,,,,,,39,0,40,Llenando ventana
758,5,ACO,poblacional,2529.284382708487,2529.4569901652776,False,False,,,,,,,40,0,41,Llenando ventana
759,5,ACO,poblacional,2529.284382708487,2529.6334525010207,False,False,,,,,,,41,0,42,Llenando ventana
760,5,ACO,poblacional,2529.284382708487,2530.0716632743793,False,False,,,,,,,42,0,43,Llenando ventana
761,5,ACO,poblacional,2529.284382708487,2529.626644702295,False,False,,,,,,,43,0,44,Llenando ventana
762,5,ACO,poblacional,2529.284382708487,2529.7674311234477,False,False,,,,,,,44,0,45,Llenando ventana
763,5,ACO,poblacional,2529.284382708487,2529.5243069571193,False,False,,,,,,,45,0,46,Llenando ventana
764,5,ACO,poblacional,2529.284382708487,2529.6578176932157,False,False,,,,,,,46,0,47,Llenando ventana
765,5,ACO,poblacional,2529.284382708487,2529.5921154752327,False,False,,,,,,,47,0,48,Llenando ventana
766,5,ACO,poblacional,2529.284382708487,2529.389224037938,False,False,,,,,,,48,0,49,Llenando ventana
767,5,ACO,poblacional,2529.284382708487,2529.3526415195142,False,False,,,,,,,49,0,50,Llenando ventana
768,5,ACO,poblacional,2529.284382708487,2529.346106896468,False,False,,,,,,,50,0,51,Llenando ventana
769,5,ACO,poblacional,2529.284382708487,2529.41355783115,False,False,,,,,,,51,0,52,Llenando ventana
770,5,ACO,poblacional,2529.284382708487,2529.382843178281,False,False,,,,,,,52,0,53,Llenando ventana
771,5,ACO,poblacional,2529.284382708487,2529.369747104658,False,False,,,,,,,53,0,54,Llenando ventana
772,5,ACO,poblacional,2529.284382708487,2529.4049212977757,False,False,,,,,,,54,0,55,Llenando ventana
773,5,ACO,poblacional,2529.284382708487,2529.355461554536,False,False,,,,,,,55,0,56,Llenando ventana
774,5,ACO,poblacional,2529.284382708487,2529.3434793821816,False,False,,,,,,,56,0,57,Llenando ventana
775,5,ACO,poblacional,2529.284382708487,2529.325077384041,False,False,,,,,,,57,0,58,Llenando ventana
776,5,ACO,poblacional,2529.284382708487,2529.3238086822994,False,False,,,,,,,58,0,59,Llenando ventana
777,5,ACO,poblacional,2529.284382708487,2529.3222398845905,False,False,,,,,,,59,0,60,Llenando ventana
778,5,ACO,poblacional,2529.284382708487,2529.330739002506,False,False,,,,,,,60,0,61,Llenando ventana
779,5,ACO,poblacional,2529.284382708487,2529.3174472325695,False,False,,,,,,,61,0,62,Llenando ventana
780,5,ACO,poblacional,2529.284382708487,2529.3091630401814,False,False,,,,,,,62,0,63,Llenando ventana
781,5,ACO,poblacional,2529.284382708487,2529.2938731967374,False,False,,,,,,,63,0,64,Llenando ventana
782,5,ACO,poblacional,2529.284382708487,2529.2959104736665,False,False,,,,,,,64,0,65,Llenando ventana
783,5,ACO,poblacional,2529.284382708487,2529.293525303986,False,False,,,,,,,65,0,66,Llenando ventana
784,5,ACO,poblacional,2529.284382708487,2529.2923394134305,False,False,,,,,,,66,0,67,Llenando ventana
785,5,ACO,poblacional,2529.284382708487,2529.2872088990785,False,False,,,,,,,67,0,68,Llenando ventana
786,5,ACO,poblacional,2529.284382708487,2529.287704348785,False,False,,,,,,,68,0,69,Llenando ventana
787,5,ACO,poblacional,2529.284382708487,2529.29239991999,False,False,,,,,,,69,0,70,Llenando ventana
788,5,ACO,poblacional,2529.284382708487,2529.2873822966194,False,False,,,,,,,70,0,71,Llenando ventana
789,5,ACO,poblacional,2529.284382708487,2529.2861936768754,False,False,,,,,,,71,0,72,Llenando ventana
790,5,ACO,poblacional,2529.284382708487,2529.2877473442322,False,False,,,,,,,72,0,73,Llenando ventana
791,5,ACO,poblacional,2529.284382708487,2529.2873915064642,False,False,,,,,,,73,0,74,Llenando ventana
792,5,ACO,poblacional,2529.284382708487,2529.287794052525,True,False,277.5,0.0,277.5,7.5,37.5,22.5,74,1,75,Explotacion activa
793,5,ACO,poblacional,2529.284382708487,2529.2868985262085,True,False,277.5,0.0,277.5,7.5,37.5,22.5,75,2,76,Explotacion activa
794,5,ACO,poblacional,2529.284382708487,2529.286238024461,True,False,277.5,0.0,277.5,7.5,37.5,22.5,76,3,77,Explotacion activa
795,5,ACO,poblacional,2529.284382708487,2529.2852560037104,True,False,277.5,0.0,277.5,7.5,37.5,22.5,77,4,78,Explotacion activa
796,5,ACO,poblacional,2529.284382708487,2529.284932372139,True,False,277.5,0.0,277.5,7.5,37.5,22.5,78,5,79,Explotacion activa
797,5,ACO,poblacional,2529.284382708487,2529.285318769791,True,False,277.5,0.0,277.5,7.5,37.5,22.5,79,6,80,Explotacion activa
798,5,ACO,poblacional,2529.284382708487,2529.28473573925,True,False,277.5,0.0,277.5,7.5,37.5,22.5,80,7,81,Explotacion activa
799,5,ACO,poblacional,2529.284382708487,2529.2852466574254,True,False,277.5,0.0,277.5,7.5,37.5,22.5,81,8,82,Explotacion activa
800,5,ACO,poblacional,2529.284382708487,2529.284635125827,True,False,277.5,0.0,277.5,7.5,37.5,22.5,82,9,83,Explotacion activa
801,5,ACO,poblacional,2529.284382708487,2529.28463351324,True,False,277.5,0.0,277.5,0.0,277.5,277.5,83,10,84,Explotacion activa
802,5,ACO,poblacional,2529.284382708487,2529.2845620366143,True,False,277.5,0.0,277.5,0.0,277.5,277.5,84,11,85,Explotacion activa
803,5,ACO,poblacional,2529.284382708487,2529.2846597914368,True,False,277.5,0.0,277.5,0.0,277.5,277.5,85,12,86,Explotacion activa
804,5,ACO,poblacional,2529.284382708487,2529.2844887622105,True,False,277.5,0.0,277.5,0.0,277.5,277.5,86,13,87,Explotacion activa
805,5,ACO,poblacional,2529.284382708487,2529.2844901580625,True,False,277.5,0.0,277.5,0.0,277.5,277.5,87,14,88,Explotacion activa
806,5,ACO,poblacional,2529.284382708487,2529.2847229341805,True,False,277.5,0.0,277.5,0.0,277.5,277.5,88,15,89,Explotacion activa
807,5,ACO,poblacional,2529.284382708487,2529.2844350941878,True,False,277.5,0.0,277.5,0.0,277.5,277.5,89,16,90,Explotacion activa
808,5,ACO,poblacional,2529.284382708487,2529.284466323476,True,False,277.5,0.0,277.5,0.0,277.5,277.5,90,17,91,Explotacion activa
809,5,ACO,poblacional,2529.284382708487,2529.2846151845847,True,False,277.5,0.0,277.5,0.0,277.5,277.5,91,18,92,Explotacion activa
810,5,ACO,poblacional,2529.284382708487,2529.284415583734,True,False,277.5,0.0,277.5,0.0,277.5,277.5,92,19,93,Explotacion activa
811,5,ACO,poblacional,2529.284382708487,2529.284439136813,True,False,277.5,0.0,277.5,0.0,277.5,277.5,93,20,94,Explotacion activa
812,5,ACO,poblacional,2529.284382708487,2529.2844433472255,True,False,277.5,0.0,277.5,0.0,277.5,277.5,94,21,95,Explotacion activa
813,5,ACO,poblacional,2529.284382708487,2529.2844263449574,True,False,277.5,0.0,277.5,0.0,277.5,277.5,95,22,96,Explotacion activa
814,5,ACO,poblacional,2529.284382708487,2529.2844083642767,True,False,277.5,0.0,277.5,0.0,277.5,277.5,96,23,97,Explotacion activa
815,5,ACO,poblacional,2529.284382708487,2529.284399777107,True,False,277.5,0.0,277.5,0.0,277.5,277.5,97,24,98,Explotacion activa
816,5,ACO,poblacional,2529.284382708487,2529.2843991934083,True,True,277.5,0.0,277.5,0.0,277.5,277.5,98,25,99,ESTANCAMIENTO (Fire)
817,6,PSO,poblacional,2529.284382708487,2529.284382708487,False,False,,,,,,,0,0,0,Llenando ventana
818,6,PSO,poblacional,2529.284382708487,2529.284382708487,False,False,,,,,,,0,0,0,Llenando ventana
819,6,PSO,poblacional,2529.284382708487,2529.284382708487,False,False,,,,,,,0,0,0,Llenando ventana
820,6,PSO,poblacional,2529.284382708487,2529.284382708487,False,False,,,,,,,0,0,0,Llenando ventana
821,6,PSO,poblacional,2529.284382708487,2529.284382708487,False,False,,,,,,,0,0,0,Llenando ventana
822,6,PSO,poblacional,2529.284382708487,2529.284382708487,False,False,,,,,,,0,0,0,Llenando ventana
823,6,PSO,poblacional,2529.284382708487,2529.284382708487,False,False,,,,,,,0,0,0,Llenando ventana
824,6,PSO,poblacional,2529.284382708487,2529.284382708487,False,False,,,,,,,0,0,0,Llenando ventana
825,6,PSO,poblacional,2529.284382708487,2529.284382708487,False,False,,,,,,,0,0,0,Llenando ventana
826,6,PSO,poblacional,2529.284382708487,2529.284382708487,False,False,,,,,,,0,0,0,Llenando ventana
827,6,PSO,poblacional,2529.284382708487,2529.284382708487,False,False,,,,,,,0,0,0,Llenando ventana
828,6,PSO,poblacional,2529.284382708487,2529.284382708487,False,False,,,,,,,0,0,0,Llenando ventana
829,6,PSO,poblacional,2529.284382708487,2529.284382708487,False,False,,,,,,,0,0,0,Llenando ventana
830,6,PSO,poblacional,2529.284382708487,2529.284382708487,False,False,,,,,,,0,0,0,Llenando ventana
831,6,PSO,poblacional,2529.284382708487,2529.284382708487,False,False,,,,,,,0,0,0,Llenando ventana
832,6,PSO,poblacional,2529.284382708487,2529.284382708487,False,False,,,,,,,0,0,0,Llenando ventana
833,6,PSO,poblacional,2529.284382708487,2529.284382708487,False,False,,,,,,,0,0,0,Llenando ventana
834,6,PSO,poblacional,2529.284382708487,2529.284382708487,False,False,,,,,,,0,0,0,Llenando ventana
835,6,PSO,poblacional,2529.284382708487,2529.284382708487,False,False,,,,,,,0,0,0,Llenando ventana
836,6,PSO,poblacional,2529.284382708487,2529.284382708487,False,False,,,,,,,0,0,0,Llenando ventana
837,6,PSO,poblacional,2529.284382708487,2529.284382708487,False,False,,,,,,,0,0,0,Llenando ventana
838,6,PSO,poblacional,2529.284382708487,2529.284382708487,False,False,,,,,,,0,0,0,Llenando ventana
839,6,PSO,poblacional,2529.284382708487,2529.284382708487,False,False,,,,,,,0,0,0,Llenando ventana
840,6,PSO,poblacional,2529.284382708487,2529.284382708487,False,False,,,,,,,0,0,0,Llenando ventana
841,6,PSO,poblacional,2529.284382708487,2529.284382708487,False,False,,,,,,,0,0,0,Llenando ventana
842,6,PSO,poblacional,2529.284382708487,2529.284382708487,False,False,,,,,,,0,0,0,Llenando ventana
843,6,PSO,poblacional,2529.284382708487,2529.284382708487,False,False,,,,,,,0,0,0,Llenando ventana
844,6,PSO,poblacional,2529.284382708487,2529.284382708487,False,False,,,,,,,0,0,0,Llenando ventana
845,6,PSO,poblacional,2529.284382708487,2529.284382708487,False,False,,,,,,,0,0,0,Llenando ventana
846,6,PSO,poblacional,2529.284382708487,2529.284382708487,False,False,,,,,,,0,0,0,Llenando ventana
847,6,PSO,poblacional,2529.284382708487,2529.284382708487,False,False,,,,,,,0,0,0,Llenando ventana
848,6,PSO,poblacional,2529.284382708487,2529.284382708487,False,False,,,,,,,0,0,0,Llenando ventana
849,6,PSO,poblacional,2529.284382708487,2529.284382708487,False,False,,,,,,,0,0,0,Llenando ventana
850,6,PSO,poblacional,2529.284382708487,2529.284382708487,False,False,,,,,,,0,0,0,Llenando ventana
851,6,PSO,poblacional,2529.284382708487,2529.284382708487,False,False,,,,,,,0,0,0,Llenando ventana
852,6,PSO,poblacional,2529.284382708487,2529.284382708487,False,False,,,,,,,0,0,0,Llenando ventana
853,6,PSO,poblacional,2529.284382708487,2529.284382708487,False,False,,,,,,,0,0,0,Llenando ventana
854,6,PSO,poblacional,2529.284382708487,2529.284382708487,False,False,,,,,,,0,0,0,Llenando ventana
855,6,PSO,poblacional,2529.284382708487,2529.284382708487,False,False,,,,,,,0,0,0,Llenando ventana
856,6,PSO,poblacional,2529.284382708487,2529.284382708487,False,False,,,,,,,0,0,0,Llenando ventana
857,6,PSO,poblacional,2529.284382708487,2529.284382708487,False,False,,,,,,,0,0,0,Llenando ventana
858,6,PSO,poblacional,2529.284382708487,2529.284382708487,False,False,,,,,,,0,0,0,Llenando ventana
859,6,PSO,poblacional,2529.284382708487,2529.284382708487,False,False,,,,,,,0,0,0,Llenando ventana
860,6,PSO,poblacional,2529.284382708487,2529.284382708487,False,False,,,,,,,0,0,0,Llenando ventana
861,6,PSO,poblacional,2529.284382708487,2529.284382708487,False,False,,,,,,,0,0,0,Llenando ventana
862,6,PSO,poblacional,2529.284382708487,2529.284382708487,False,False,,,,,,,0,0,0,Llenando ventana
863,6,PSO,poblacional,2529.284382708487,2529.284382708487,False,False,,,,,,,0,0,0,Llenando ventana
864,6,PSO,poblacional,2529.284382708487,2529.284382708487,False,False,,,,,,,0,0,0,Llenando ventana
865,6,PSO,poblacional,2529.284382708487,2529.284382708487,False,False,,,,,,,0,0,0,Llenando ventana
866,6,PSO,poblacional,2529.284382708487,2529.284382708487,False,False,,,,,,,0,0,0,Llenando ventana
867,6,PSO,poblacional,2529.284382708487,2529.284382708487,False,False,,,,,,,0,0,0,Llenando ventana
868,6,PSO,poblacional,2529.284382708487,2529.284382708487,False,False,,,,,,,0,0,0,Llenando ventana
869,6,PSO,poblacional,2529.284382708487,2529.284382708487,False,False,,,,,,,0,0,0,Llenando ventana
870,6,PSO,poblacional,2529.284382708487,2529.284382708487,False,False,,,,,,,0,0,0,Llenando ventana
871,6,PSO,poblacional,2529.284382708487,2529.284382708487,False,False,,,,,,,0,0,0,Llenando ventana
872,6,PSO,poblacional,2529.284382708487,2529.284382708487,False,False,,,,,,,0,0,0,Llenando ventana
873,6,PSO,poblacional,2529.284382708487,2529.284382708487,False,False,,,,,,,0,0,0,Llenando ventana
874,6,PSO,poblacional,2529.284382708487,2529.284382708487,False,False,,,,,,,0,0,0,Llenando ventana
875,6,PSO,poblacional,2529.284382708487,2529.284382708487,False,False,,,,,,,0,0,0,Llenando ventana
876,6,PSO,poblacional,2529.284382708487,2529.284382708487,False,False,,,,,,,0,0,0,Llenando ventana
877,6,PSO,poblacional,2529.284382708487,2529.284382708487,False,False,,,,,,,0,0,0,Llenando ventana
878,6,PSO,poblacional,2529.284382708487,2529.284382708487,False,False,,,,,,,0,0,0,Llenando ventana
879,6,PSO,poblacional,2529.284382708487,2529.284382708487,False,False,,,,,,,0,0,0,Llenando ventana
880,6,PSO,poblacional,2529.284382708487,2529.284382708487,False,False,,,,,,,0,0,0,Llenando ventana
881,6,PSO,poblacional,2529.284382708487,2529.284382708487,False,False,,,,,,,0,0,0,Llenando ventana
882,6,PSO,poblacional,2529.284382708487,2529.284382708487,False,False,,,,,,,0,0,0,Llenando ventana
883,6,PSO,poblacional,2529.284382708487,2529.284382708487,False,False,,,,,,,0,0,0,Llenando ventana
884,6,PSO,poblacional,2529.284382708487,2529.284382708487,False,False,,,,,,,0,0,0,Llenando ventana
885,6,PSO,poblacional,2529.284382708487,2529.284382708487,False,False,,,,,,,0,0,0,Llenando ventana
886,6,PSO,poblacional,2529.284382708487,2529.284382708487,False,False,,,,,,,0,0,0,Llenando ventana
887,6,PSO,poblacional,2529.284382708487,2529.284382708487,False,False,,,,,,,0,0,0,Llenando ventana
888,6,PSO,poblacional,2529.284382708487,2529.284382708487,False,False,,,,,,,0,0,0,Llenando ventana
889,6,PSO,poblacional,2529.284382708487,2529.284382708487,False,False,,,,,,,0,0,0,Llenando ventana
890,6,PSO,poblacional,2529.284382708487,2529.284382708487,False,False,,,,,,,0,0,0,Llenando ventana
891,6,PSO,poblacional,2529.284382708487,2529.284382708487,False,False,,,277.5,,,,0,0,0,Llenando ventana
892,6,PSO,poblacional,2529.284382708487,2529.284382708487,False,False,,,277.5,,,,0,0,0,Llenando ventana
893,6,PSO,poblacional,2529.284382708487,2529.284382708487,False,False,,,277.5,,,,0,0,0,Llenando ventana
894,6,PSO,poblacional,2529.284382708487,2529.284382708487,False,False,,,277.5,,,,0,0,0,Llenando ventana
895,6,PSO,poblacional,2529.284382708487,2529.284382708487,False,False,,,277.5,,,,0,0,0,Llenando ventana
896,6,PSO,poblacional,2529.284382708487,2529.284382708487,False,False,,,277.5,,,,0,0,0,Llenando ventana
897,6,PSO,poblacional,2529.284382708487,2529.284382708487,False,False,,,277.5,,,,0,0,0,Llenando ventana
898,6,PSO,poblacional,2529.284382708487,2529.284382708487,False,False,,,277.5,,,,0,0,0,Llenando ventana
899,6,PSO,poblacional,2529.284382708487,2529.284382708487,False,False,,,277.5,,,,0,0,0,Llenando ventana
900,6,PSO,poblacional,2529.284382708487,2529.284382708487,False,False,,,277.5,,,,0,0,0,Llenando ventana
901,6,PSO,poblacional,2529.284382708487,2529.284382708487,False,False,,,277.5,,,,0,0,0,Llenando ventana
902,6,PSO,poblacional,2529.284382708487,2529.284382708487,False,False,,,277.5,,,,0,0,0,Llenando ventana
903,6,PSO,poblacional,2529.284382708487,2529.284382708487,False,False,,,277.5,,,,0,0,0,Llenando ventana
904,6,PSO,poblacional,2529.284382708487,2529.284382708487,False,False,,,277.5,,,,0,0,0,Llenando ventana
905,6,PSO,poblacional,2529.284382708487,2529.284382708487,False,False,,,277.5,,,,0,0,0,Llenando ventana
906,6,PSO,poblacional,2529.284382708487,2529.284382708487,False,False,,,277.5,,,,0,0,0,Llenando ventana
907,6,PSO,poblacional,2529.284382708487,2529.284382708487,False,False,,,277.5,,,,0,0,0,Llenando ventana
908,6,PSO,poblacional,2529.284382708487,2529.284382708487,False,False,,,277.5,,,,0,0,0,Llenando ventana
909,6,PSO,poblacional,2529.284382708487,2529.284382708487,False,False,,,277.5,,,,0,0,0,Llenando ventana
910,6,PSO,poblacional,2529.284382708487,2529.284382708487,False,False,,,277.5,,,,0,0,0,Llenando ventana
911,6,PSO,poblacional,2529.284382708487,2529.284382708487,False,False,,,277.5,,,,0,0,0,Llenando ventana
912,6,PSO,poblacional,2529.284382708487,2529.284382708487,False,False,,,277.5,,,,0,0,0,Llenando ventana
913,6,PSO,poblacional,2529.284382708487,2529.284382708487,False,False,,,277.5,,,,0,0,0,Llenando ventana
914,6,PSO,poblacional,2529.284382708487,2529.284382708487,False,False,,,277.5,,,,0,0,0,Llenando ventana
915,6,PSO,poblacional,2529.284382708487,2529.284382708487,False,False,,,277.5,,,,0,0,0,Llenando ventana
916,7,ACO,poblacional,2529.284382708487,3468.943801795103,False,False,,,,,,,0,0,1,Llenando ventana
917,7,ACO,poblacional,2529.284382708487,3337.072751933366,False,False,,,,,,,1,0,2,Llenando ventana
918,7,ACO,poblacional,2529.284382708487,2844.4091648085455,False,False,,,,,,,2,0,3,Llenando ventana
919,7,ACO,poblacional,2529.284382708487,2857.9998345658532,False,False,,,,,,,3,0,4,Llenando ventana
920,7,ACO,poblacional,2529.284382708487,2937.744745226937,False,False,,,,,,,4,0,5,Llenando ventana
921,7,ACO,poblacional,2529.284382708487,2775.272457627145,False,False,,,,,,,5,0,6,Llenando ventana
922,7,ACO,poblacional,2529.284382708487,2759.80748802118,False,False,,,,,,,6,0,7,Llenando ventana
923,7,ACO,poblacional,2529.284382708487,2887.5529004351624,False,False,,,,,,,7,0,8,Llenando ventana
924,7,ACO,poblacional,2529.284382708487,2780.937709676758,False,False,,,,,,,8,0,9,Llenando ventana
925,7,ACO,poblacional,2529.284382708487,2681.3267082233115,False,False,,,,,,,9,0,10,Llenando ventana
926,7,ACO,poblacional,2529.284382708487,2705.6083830428347,False,False,,,,,,,10,0,11,Llenando ventana
927,7,ACO,poblacional,2529.284382708487,2614.258952875288,False,False,,,,,,,11,0,12,Llenando ventana
928,7,ACO,poblacional,2529.284382708487,2621.683121725556,False,False,,,,,,,12,0,13,Llenando ventana
929,7,ACO,poblacional,2529.284382708487,2677.6625024644527,False,False,,,,,,,13,0,14,Llenando ventana
930,7,ACO,poblacional,2529.284382708487,2576.042130040285,False,False,,,,,,,14,0,15,Llenando ventana
931,7,ACO,poblacional,2529.284382708487,2560.2515502066503,False,False,,,,,,,15,0,16,Llenando ventana
932,7,ACO,poblacional,2529.284382708487,2581.755380071567,False,False,,,,,,,16,0,17,Llenando ventana
933,7,ACO,poblacional,2529.284382708487,2567.925112149089,False,False,,,,,,,17,0,18,Llenando ventana
934,7,ACO,poblacional,2529.284382708487,2563.341911845439,False,False,,,,,,,18,0,19,Llenando ventana
935,7,ACO,poblacional,2529.284382708487,2547.013198462057,False,False,,,,,,,19,0,20,Llenando ventana
936,7,ACO,poblacional,2529.284382708487,2549.5536055568045,False,False,,,,,,,20,0,21,Llenando ventana
937,7,ACO,poblacional,2529.284382708487,2565.4073310912913,False,False,,,,,,,21,0,22,Llenando ventana
938,7,ACO,poblacional,2529.284382708487,2547.448833979187,False,False,,,,,,,22,0,23,Llenando ventana
939,7,ACO,poblacional,2529.284382708487,2531.899821167764,False,False,,,,,,,23,0,24,Llenando ventana
940,7,ACO,poblacional,2529.284382708487,2546.751570518388,False,False,,,,,,,24,0,25,Llenando ventana
941,7,ACO,poblacional,2529.284382708487,2537.706376831685,False,False,,,,,,,25,0,26,Llenando ventana
942,7,ACO,poblacional,2529.284382708487,2534.6723469257527,False,False,,,,,,,26,0,27,Llenando ventana
943,7,ACO,poblacional,2529.284382708487,2536.5700541379433,False,False,,,,,,,27,0,28,Llenando ventana
944,7,ACO,poblacional,2529.284382708487,2533.4696363918947,False,False,,,,,,,28,0,29,Llenando ventana
945,7,ACO,poblacional,2529.284382708487,2533.8751923525647,False,False,,,,,,,29,0,30,Llenando ventana
946,7,ACO,poblacional,2529.284382708487,2531.742022597785,False,False,,,,,,,30,0,31,Llenando ventana
947,7,ACO,poblacional,2529.284382708487,2534.193148385618,False,False,,,,,,,31,0,32,Llenando ventana
948,7,ACO,poblacional,2529.284382708487,2531.6616518531546,False,False,,,,,,,32,0,33,Llenando ventana
949,7,ACO,poblacional,2529.284382708487,2534.0700481661534,False,False,,,,,,,33,0,34,Llenando ventana
950,7,ACO,poblacional,2529.284382708487,2531.511393889239,False,False,,,,,,,34,0,35,Llenando ventana
951,7,ACO,poblacional,2529.284382708487,2530.9981416074897,False,False,,,,,,,35,0,36,Llenando ventana
952,7,ACO,poblacional,2529.284382708487,2532.731008242832,False,False,,,,,,,36,0,37,Llenando ventana
953,7,ACO,poblacional,2529.284382708487,2530.7919926438335,False,False,,,,,,,37,0,38,Llenando ventana
954,7,ACO,poblacional,2529.284382708487,2529.981419347175,False,False,,,,,,,38,0,39,Llenando ventana
955,7,ACO,poblacional,2529.284382708487,2530.2485940658057,False,False,,,,,,,39,0,40,Llenando ventana
956,7,ACO,poblacional,2529.284382708487,2530.565519354951,False,False,,,,,,,40,0,41,Llenando ventana
957,7,ACO,poblacional,2529.284382708487,2529.8871387461163,False,False,,,,,,,41,0,42,Llenando ventana
958,7,ACO,poblacional,2529.284382708487,2529.617151842031,False,False,,,,,,,42,0,43,Llenando ventana
959,7,ACO,poblacional,2529.284382708487,2529.8564589576827,False,False,,,,,,,43,0,44,Llenando ventana
960,7,ACO,poblacional,2529.284382708487,2529.80489360088,False,False,,,,,,,44,0,45,Llenando ventana
961,7,ACO,poblacional,2529.284382708487,2529.536238526915,False,False,,,,,,,45,0,46,Llenando ventana
962,7,ACO,poblacional,2529.284382708487,2529.453551947647,False,False,,,,,,,46,0,47,Llenando ventana
963,7,ACO,poblacional,2529.284382708487,2529.488067757264,False,False,,,,,,,47,0,48,Llenando ventana
964,7,ACO,poblacional,2529.284382708487,2529.7462787645363,False,False,,,,,,,48,0,49,Llenando ventana
965,7,ACO,poblacional,2529.284382708487,2529.536706618802,False,False,,,,,,,49,0,50,Llenando ventana
966,7,ACO,poblacional,2529.284382708487,2529.419989483399,False,False,,,,,,,50,0,51,Llenando ventana
967,7,ACO,poblacional,2529.284382708487,2529.4579934168673,False,False,,,,,,,51,0,52,Llenando ventana
968,7,ACO,poblacional,2529.284382708487,2529.5782763582624,False,False,,,,,,,52,0,53,Llenando ventana
969,7,ACO,poblacional,2529.284382708487,2529.374888710706,False,False,,,,,,,53,0,54,Llenando ventana
970,7,ACO,poblacional,2529.284382708487,2529.52964874195,False,False,,,,,,,54,0,55,Llenando ventana
971,7,ACO,poblacional,2529.284382708487,2529.460833872411,False,False,,,,,,,55,0,56,Llenando ventana
972,7,ACO,poblacional,2529.284382708487,2529.327197612757,False,False,,,,,,,56,0,57,Llenando ventana
973,7,ACO,poblacional,2529.284382708487,2529.377733122055,False,False,,,,,,,57,0,58,Llenando ventana
974,7,ACO,poblacional,2529.284382708487,2529.330359083052,False,False,,,,,,,58,0,59,Llenando ventana
975,7,ACO,poblacional,2529.284382708487,2529.379272828767,False,False,,,,,,,59,0,60,Llenando ventana
976,7,ACO,poblacional,2529.284382708487,2529.3348627860173,False,False,,,,,,,60,0,61,Llenando ventana
977,7,ACO,poblacional,2529.284382708487,2529.3188672267897,False,False,,,,,,,61,0,62,Llenando ventana
978,7,ACO,poblacional,2529.284382708487,2529.3374653255582,False,False,,,,,,,62,0,63,Llenando ventana
979,7,ACO,poblacional,2529.284382708487,2529.3164644577187,False,False,,,,,,,63,0,64,Llenando ventana
980,7,ACO,poblacional,2529.284382708487,2529.320081974582,False,False,,,,,,,64,0,65,Llenando ventana
981,7,ACO,poblacional,2529.284382708487,2529.3001979043715,False,False,,,,,,,65,0,66,Llenando ventana
982,7,ACO,poblacional,2529.284382708487,2529.3077376720285,False,False,,,,,,,66,0,67,Llenando ventana
983,7,ACO,poblacional,2529.284382708487,2529.3017301908885,False,False,,,,,,,67,0,68,Llenando ventana
984,7,ACO,poblacional,2529.284382708487,2529.299259137657,False,False,,,,,,,68,0,69,Llenando ventana
985,7,ACO,poblacional,2529.284382708487,2529.2952531167207,False,False,,,,,,,69,0,70,Llenando ventana
986,7,ACO,poblacional,2529.284382708487,2529.2908001796577,False,False,,,,,,,70,0,71,Llenando ventana
987,7,ACO,poblacional,2529.284382708487,2529.297596933064,False,False,,,,,,,71,0,72,Llenando ventana
988,7,ACO,poblacional,2529.284382708487,2529.296970950792,False,False,,,,,,,72,0,73,Llenando ventana
989,7,ACO,poblacional,2529.284382708487,2529.2991630358633,False,False,,,,,,,73,0,74,Llenando ventana
990,7,ACO,poblacional,2529.284382708487,2529.2940716476255,True,False,277.5,0.0,277.5,7.5,37.5,22.5,74,1,75,Explotacion activa
991,7,ACO,poblacional,2529.284382708487,2529.2927060908473,True,False,277.5,0.0,277.5,7.5,37.5,22.5,75,2,76,Explotacion activa
992,7,ACO,poblacional,2529.284382708487,2529.29066367116,True,False,277.5,0.0,277.5,7.5,37.5,22.5,76,3,77,Explotacion activa
993,7,ACO,poblacional,2529.284382708487,2529.293910248433,True,False,277.5,0.0,277.5,7.5,37.5,22.5,77,4,78,Explotacion activa
994,7,ACO,poblacional,2529.284382708487,2529.2902584359904,True,False,277.5,0.0,277.5,7.5,37.5,22.5,78,5,79,Explotacion activa
995,7,ACO,poblacional,2529.284382708487,2529.2926041806204,True,False,277.5,0.0,277.5,7.5,37.5,22.5,79,6,80,Explotacion activa
996,7,ACO,poblacional,2529.284382708487,2529.287749092869,True,False,277.5,0.0,277.5,7.5,37.5,22.5,80,7,81,Explotacion activa
997,7,ACO,poblacional,2529.284382708487,2529.2852510487037,True,False,277.5,0.0,277.5,7.5,37.5,22.5,81,8,82,Explotacion activa
998,7,ACO,poblacional,2529.284382708487,2529.2864149097527,True,False,277.5,0.0,277.5,7.5,37.5,22.5,82,9,83,Explotacion activa
999,7,ACO,poblacional,2529.284382708487,2529.2848932262345,True,False,277.5,0.0,277.5,0.0,277.5,277.5,83,10,84,Explotacion activa
1000,7,ACO,poblacional,2529.284382708487,2529.2865000408897,True,False,277.5,0.0,277.5,0.0,277.5,277.5,84,11,85,Explotacion activa
1001,7,ACO,poblacional,2529.284382708487,2529.2858793362866,True,False,277.5,0.0,277.5,0.0,277.5,277.5,85,12,86,Explotacion activa
1002,7,ACO,poblacional,2529.284382708487,2529.284769062491,True,False,277.5,0.0,277.5,0.0,277.5,277.5,86,13,87,Explotacion activa
1003,7,ACO,poblacional,2529.284382708487,2529.285021042175,True,False,277.5,0.0,277.5,0.0,277.5,277.5,87,14,88,Explotacion activa
1004,7,ACO,poblacional,2529.284382708487,2529.285106343352,True,False,277.5,0.0,277.5,0.0,277.5,277.5,88,15,89,Explotacion activa
1005,7,ACO,poblacional,2529.284382708487,2529.2847018961425,True,False,277.5,0.0,277.5,0.0,277.5,277.5,89,16,90,Explotacion activa
1006,7,ACO,poblacional,2529.284382708487,2529.284873505737,True,False,277.5,0.0,277.5,0.0,277.5,277.5,90,17,91,Explotacion activa
1007,7,ACO,poblacional,2529.284382708487,2529.2850814224953,True,False,277.5,0.0,277.5,0.0,277.5,277.5,91,18,92,Explotacion activa
1008,7,ACO,poblacional,2529.284382708487,2529.2847719587503,True,False,277.5,0.0,277.5,0.0,277.5,277.5,92,19,93,Explotacion activa
1009,7,ACO,poblacional,2529.284382708487,2529.284762632332,True,False,277.5,0.0,277.5,0.0,277.5,277.5,93,20,94,Explotacion activa
1010,7,ACO,poblacional,2529.284382708487,2529.284631881162,True,False,277.5,0.0,277.5,0.0,277.5,277.5,94,21,95,Explotacion activa
1011,7,ACO,poblacional,2529.284382708487,2529.2845199668836,True,False,277.5,0.0,277.5,0.0,277.5,277.5,95,22,96,Explotacion activa
1012,7,ACO,poblacional,2529.284382708487,2529.2844597395137,True,False,277.5,0.0,277.5,0.0,277.5,277.5,96,23,97,Explotacion activa
1013,7,ACO,poblacional,2529.284382708487,2529.2846007141848,True,False,277.5,0.0,277.5,0.0,277.5,277.5,97,24,98,Explotacion activa
1014,7,ACO,poblacional,2529.284382708487,2529.2844961930277,True,True,277.5,0.0,277.5,0.0,277.5,277.5,98,25,99,ESTANCAMIENTO (Fire)
