iteracion,epoch,mh,tipo,fitness_best,fitness_instantaneo,dtw_ready,dtw_fire,D1_vs_ramp,D2_vs_const,dtw_delta,theta_c,theta_r,theta_delta,no_improve_len,trigger_streak,window_n,estado_dtw
1,1,GWO,poblacional,41712.1736171877,41712.1736171877,False,False,,,,,,,0,0,1,Llenando ventana
2,1,GWO,poblacional,41712.1736171877,41712.1736171877,False,False,,,,,,,1,0,2,Llenando ventana
3,1,GWO,poblacional,41712.1736171877,41712.1736171877,False,False,,,,,,,2,0,3,Llenando ventana
4,1,GWO,poblacional,41712.1736171877,41712.1736171877,False,False,,,,,,,3,0,4,Llenando ventana
5,1,GWO,poblacional,41712.1736171877,41712.1736171877,False,False,,,,,,,4,0,5,Llenando ventana
6,1,GWO,poblacional,41712.1736171877,41712.1736171877,False,False,,,,,,,5,0,6,Llenando ventana
7,1,GWO,poblacional,27509.59544710894,27509.59544710894,False,False,,,,,,,0,0,7,Llenando ventana
8,1,GWO,poblacional,27509.59544710894,27509.59544710894,False,False,,,,,,,1,0,8,Llenando ventana
9,1,GWO,poblacional,27509.59544710894,27509.59544710894,False,False,,,,,,,2,0,9,Llenando ventana
10,1,GWO,poblacional,27509.59544710894,27509.59544710894,False,False,,,,,,,3,0,10,Llenando ventana
11,1,GWO,poblacional,27509.59544710894,27509.59544710894,False,False,,,,,,,4,0,11,Llenando ventana
12,1,GWO,poblacional,27509.59544710894,27509.59544710894,False,False,,,,,,,5,0,12,Llenando ventana
13,1,GWO,poblacional,27509.59544710894,27509.59544710894,False,False,,,,,,,6,0,13,Llenando ventana
14,1,GWO,poblacional,27509.59544710894,27509.59544710894,False,False,,,,,,,7,0,14,Llenando ventana
15,1,GWO,poblacional,27509.59544710894,27509.59544710894,False,False,,,,,,,8,0,15,Llenando ventana
16,1,GWO,poblacional,27509.59544710894,27509.59544710894,False,False,,,,,,,9,0,16,Llenando ventana
17,1,GWO,poblacional,27509.59544710894,27509.59544710894,False,False,,,,,,,10,0,17,Llenando ventana
18,1,GWO,poblacional,27509.59544710894,27509.59544710894,False,False,,,,,,,11,0,18,Llenando ventana
19,1,GWO,poblacional,27509.59544710894,27509.59544710894,False,False,,,,,,,12,0,19,Llenando ventana
20,1,GWO,poblacional,27509.59544710894,27509.59544710894,False,False,,,,,,,13,0,20,Llenando ventana
21,1,GWO,poblacional,27509.59544710894,27509.59544710894,False,False,,,,,,,14,0,21,Llenando ventana
22,1,GWO,poblacional,27509.59544710894,27509.59544710894,False,False,,,,,,,15,0,22,Llenando ventana
23,1,GWO,poblacional,27509.59544710894,27509.59544710894,False,False,,,,,,,16,0,23,Llenando ventana
24,1,GWO,poblacional,27509.59544710894,27509.59544710894,False,False,,,,,,,17,0,24,Llenando ventana
25,1,GWO,poblacional,27509.59544710894,27509.59544710894,False,False,,,,,,,18,0,25,Llenando ventana
26,1,GWO,poblacional,27509.59544710894,27509.59544710894,False,False,,,,,,,19,0,26,Llenando ventana
27,1,GWO,poblacional,27509.59544710894,27509.59544710894,False,False,,,,,,,20,0,27,Llenando ventana
28,1,GWO,poblacional,27509.59544710894,27509.59544710894,False,False,,,,,,,21,0,28,Llenando ventana
29,1,GWO,poblacional,25502.439975411064,25502.439975411064,False,False,,,,,,,0,0,29,Llenando ventana
30,1,GWO,poblacional,25502.439975411064,25502.439975411064,False,False,,,,,,,1,0,30,Llenando ventana
31,1,GWO,poblacional,25502.439975411064,25502.439975411064,False,False,,,,,,,2,0,31,Llenando ventana
32,1,GWO,poblacional,25502.439975411064,25502.439975411064,False,False,,,,,,,3,0,32,Llenando ventana
33,1,GWO,poblacional,25502.439975411064,25502.439975411064,False,False,,,,,,,4,0,33,Llenando ventana
34,1,GWO,poblacional,24211.235197565587,24211.235197565587,False,False,,,,,,,0,0,34,Llenando ventana
35,1,GWO,poblacional,13271.930741336571,13271.930741336571,False,False,,,,,,,0,0,35,Llenando ventana
36,1,GWO,poblacional,13271.930741336571,13271.930741336571,False,False,,,,,,,1,0,36,Llenando ventana
37,1,GWO,poblacional,13271.930741336571,13271.930741336571,False,False,,,,,,,2,0,37,Llenando ventana
38,1,GWO,poblacional,13271.930741336571,13271.930741336571,False,False,,,,,,,3,0,38,Llenando ventana
39,1,GWO,poblacional,13271.930741336571,13271.930741336571,False,False,,,,,,,4,0,39,Llenando ventana
40,1,GWO,poblacional,13271.930741336571,13271.930741336571,False,False,,,,,,,5,0,40,Llenando ventana
41,1,GWO,poblacional,13271.930741336571,13271.930741336571,False,False,,,,,,,6,0,41,Llenando ventana
42,1,GWO,poblacional,13271.930741336571,13271.930741336571,False,False,,,,,,,7,0,42,Llenando ventana
43,1,GWO,poblacional,13271.930741336571,13271.930741336571,False,False,,,,,,,8,0,43,Llenando ventana
44,1,GWO,poblacional,13271.930741336571,13271.930741336571,False,False,,,,,,,9,0,44,Llenando ventana
45,1,GWO,poblacional,11976.007389453809,11976.007389453809,False,False,,,,,,,0,0,45,Llenando ventana
46,1,GWO,poblacional,11976.007389453809,11976.007389453809,False,False,,,,,,,1,0,46,Llenando ventana
47,1,GWO,poblacional,11976.007389453809,11976.007389453809,False,False,,,,,,,2,0,47,Llenando ventana
48,1,GWO,poblacional,11976.007389453809,11976.007389453809,False,False,,,,,,,3,0,48,Llenando ventana
49,1,GWO,poblacional,9631.186516173859,9631.186516173859,False,False,,,,,,,0,0,49,Llenando ventana
50,1,GWO,poblacional,9631.186516173859,9631.186516173859,False,False,,,,,,,1,0,50,Llenando ventana
51,1,GWO,poblacional,9631.186516173859,9631.186516173859,False,False,,,,,,,2,0,51,Llenando ventana
52,1,GWO,poblacional,9631.186516173859,9631.186516173859,False,False,,,,,,,3,0,52,Llenando ventana
53,1,GWO,poblacional,9631.186516173859,9631.186516173859,False,False,,,,,,,4,0,53,Llenando ventana
54,1,GWO,poblacional,9631.186516173859,9631.186516173859,False,False,,,,,,,5,0,54,Llenando ventana
55,1,GWO,poblacional,9631.186516173859,9631.186516173859,False,False,,,,,,,6,0,55,Llenando ventana
56,1,GWO,poblacional,9631.186516173859,9631.186516173859,False,False,,,,,,,7,0,56,Llenando ventana
57,1,GWO,poblacional,8581.330454313525,8581.330454313525,False,False,,,,,,,0,0,57,Llenando ventana
58,1,GWO,poblacional,8581.330454313525,8581.330454313525,False,False,,,,,,,1,0,58,Llenando ventana
59,1,GWO,poblacional,8581.330454313525,8581.330454313525,False,False,,,,,,,2,0,59,Llenando ventana
60,1,GWO,poblacional,8581.330454313525,8581.330454313525,False,False,,,,,,,3,0,60,Llenando ventana
61,1,GWO,poblacional,7268.928963485148,7268.928963485148,False,False,,,,,,,0,0,61,Llenando ventana
62,1,GWO,poblacional,7268.928963485148,7268.928963485148,False,False,,,,,,,1,0,62,Llenando ventana
63,1,GWO,poblacional,6660.0794004047575,6660.0794004047575,False,False,,,,,,,0,0,63,Llenando ventana
64,1,GWO,poblacional,6660.0794004047575,6660.0794004047575,False,False,,,,,,,1,0,64,Llenando ventana
65,1,GWO,poblacional,6660.0794004047575,6660.0794004047575,False,False,,,,,,,2,0,65,Llenando ventana
66,1,GWO,poblacional,6660.0794004047575,6660.0794004047575,False,False,,,,,,,3,0,66,Llenando ventana
67,1,GWO,poblacional,6660.0794004047575,6660.0794004047575,False,False,,,,,,,4,0,67,Llenando ventana
68,1,GWO,poblacional,6660.0794004047575,6660.0794004047575,False,False,,,,,,,5,0,68,Llenando ventana
69,1,GWO,poblacional,6660.0794004047575,6660.0794004047575,False,False,,,,,,,6,0,69,Llenando ventana
70,1,GWO,poblacional,6660.0794004047575,6660.0794004047575,False,False,,,,,,,7,0,70,Llenando ventana
71,1,GWO,poblacional,6660.0794004047575,6660.0794004047575,False,False,,,,,,,8,0,71,Llenando ventana
72,1,GWO,poblacional,6660.0794004047575,6660.0794004047575,False,False,,,,,,,9,0,72,Llenando ventana
73,1,GWO,poblacional,6660.0794004047575,6660.0794004047575,False,False,,,,,,,10,0,73,Llenando ventana
74,1,GWO,poblacional,6660.0794004047575,6660.0794004047575,False,False,,,,,,,11,0,74,Llenando ventana
75,1,GWO,poblacional,6660.0794004047575,6660.0794004047575,True,False,35057.6942167829,35052.09421678294,5.599999999954889,7.5,37.5,22.5,12,0,75,Explotacion activa
76,1,GWO,poblacional,6660.0794004047575,6660.0794004047575,True,False,35057.6942167829,35052.09421678294,5.599999999954889,7.5,37.5,22.5,13,0,76,Explotacion activa
77,1,GWO,poblacional,6660.0794004047575,6660.0794004047575,True,False,35057.6942167829,35052.09421678294,5.599999999954889,7.5,37.5,22.5,14,0,77,Explotacion activa
78,1,GWO,poblacional,6660.0794004047575,6660.0794004047575,True,False,35057.69421678291,35052.09421678294,5.599999999969441,7.5,37.5,22.5,15,0,78,Explotacion activa
79,1,GWO,poblacional,6660.0794004047575,6660.0794004047575,True,False,35057.69421678291,35052.09421678294,5.599999999969441,7.5,37.5,22.5,16,0,79,Explotacion activa
80,1,GWO,poblacional,6660.0794004047575,6660.0794004047575,True,False,35057.694216782926,35052.09421678294,5.599999999983993,7.5,37.5,22.5,17,0,80,Explotacion activa
81,1,GWO,poblacional,6660.0794004047575,6660.0794004047575,True,False,20855.31604670416,20849.516046704182,5.7999999999774445,7.5,37.5,22.5,18,0,81,Explotacion activa
82,1,GWO,poblacional,6660.0794004047575,6660.0794004047575,True,False,20855.316046704153,20849.516046704182,5.799999999970169,7.5,37.5,22.5,19,0,82,Explotacion activa
83,1,GWO,poblacional,6660.0794004047575,6660.0794004047575,True,False,20855.316046704153,20849.516046704182,5.799999999970169,7.5,37.5,22.5,20,0,83,Explotacion activa
84,1,GWO,poblacional,6552.056428863137,6552.056428863137,True,False,20963.139018245773,20957.539018245803,5.599999999969441,20925.132126783315,35057.694216782904,5.659999999979846,0,0,84,Explotacion activa
85,1,GWO,poblacional,6552.056428863137,6552.056428863137,True,False,20963.139018245776,20957.539018245803,5.599999999973079,20957.539018245803,35057.6942167829,5.599999999983993,1,0,85,Explotacion activa
86,1,GWO,poblacional,6552.056428863137,6552.056428863137,True,False,20963.139018245776,20957.539018245803,5.599999999973079,20957.539018245803,35057.6942167829,5.599999999980719,2,0,86,Explotacion activa
87,1,GWO,poblacional,6552.056428863137,6552.056428863137,True,False,20963.139018245776,20957.539018245803,5.599999999973079,20957.539018245803,35057.6942167829,5.599999999977444,3,0,87,Explotacion activa
88,1,GWO,poblacional,6552.056428863137,6552.056428863137,True,False,20963.139018245776,20957.539018245803,5.599999999973079,20957.539018245803,35057.6942167829,5.5999999999741705,4,0,88,Explotacion activa
89,1,GWO,poblacional,6552.056428863137,6552.056428863137,True,False,20963.139018245773,20957.539018245803,5.599999999969441,20957.539018245803,35057.6942167829,5.599999999973079,5,0,89,Explotacion activa
90,1,GWO,poblacional,6552.056428863137,6552.056428863137,True,False,20963.139018245776,20957.539018245803,5.599999999973079,20957.539018245803,35057.6942167829,5.599999999973079,6,0,90,Explotacion activa
91,1,GWO,poblacional,6552.056428863137,6552.056428863137,True,False,20963.139018245776,20957.539018245803,5.599999999973079,20957.539018245803,35057.6942167829,5.599999999973079,7,0,91,Explotacion activa
92,1,GWO,poblacional,6552.056428863137,6552.056428863137,True,False,20963.139018245776,20957.539018245803,5.599999999973079,20957.539018245803,33648.23869692916,5.599999999973079,8,0,92,Explotacion activa
93,1,GWO,poblacional,6552.056428863137,6552.056428863137,True,False,20963.139018245776,20957.539018245803,5.599999999973079,20957.539018245803,29419.872137368046,5.599999999973079,9,0,93,Explotacion activa
94,1,GWO,poblacional,6552.056428863137,6552.056428863137,True,False,20963.139018245773,20957.539018245803,5.599999999969441,20957.539018245803,25191.505577806896,5.599999999973079,10,0,94,Explotacion activa
95,1,GWO,poblacional,5463.0141579585425,5463.0141579585425,True,False,22051.981289150368,22046.581289150396,5.399999999972351,20957.539018245803,22051.981289150368,5.599999999973079,0,0,95,Explotacion activa
96,1,GWO,poblacional,5463.0141579585425,5463.0141579585425,True,False,22051.98128915037,22046.581289150396,5.399999999975989,20957.539018245803,22051.98128915037,5.599999999973079,1,0,96,Explotacion activa
97,1,GWO,poblacional,5463.0141579585425,5463.0141579585425,True,False,22051.98128915037,22046.581289150396,5.399999999975989,20957.539018245803,22051.98128915037,5.599999999973079,2,0,97,Explotacion activa
98,1,GWO,poblacional,4205.384089550997,4205.384089550997,True,False,23309.411357557925,23304.211357557942,5.199999999982538,20957.539018245803,22177.724295991124,5.599999999973079,0,0,98,Explotacion activa
99,1,GWO,poblacional,4205.384089550997,4205.384089550997,True,False,23309.411357557925,23304.211357557942,5.199999999982538,20957.539018245803,23057.92534387641,5.599999999973079,1,0,99,Explotacion activa
100,1,GWO,poblacional,4205.384089550997,4205.384089550997,True,False,23309.411357557925,23304.211357557942,5.199999999982538,20957.539018245803,23309.411357557925,5.599999999973079,2,0,100,Explotacion activa
101,1,GWO,poblacional,4205.384089550997,4205.384089550997,True,False,23309.411357557943,23304.211357557942,5.200000000000728,20957.539018245803,23309.411357557925,5.599999999973079,3,0,101,Explotacion activa
102,1,GWO,poblacional,3280.8926533281774,3280.8926533281774,True,False,24233.702793780765,24228.70279378076,5.000000000003638,20957.539018245803,23309.411357557925,5.599999999973079,0,0,102,Explotacion activa
103,1,GWO,poblacional,3280.8926533281774,3280.8926533281774,True,False,22226.747322082865,22221.54732208289,5.199999999975262,20957.539018245803,23309.411357557925,5.599999999973079,1,0,103,Explotacion activa
104,1,GWO,poblacional,3280.8926533281774,3280.8926533281774,True,False,22226.747322082865,22221.54732208289,5.199999999975262,20957.539018245803,23309.411357557925,5.599999999973079,2,0,104,Explotacion activa
105,1,GWO,poblacional,3280.8926533281774,3280.8926533281774,True,False,22226.747322082872,22221.54732208289,5.199999999982538,20957.539018245803,23309.411357557925,5.599999999973079,3,0,105,Explotacion activa
106,1,GWO,poblacional,3280.8926533281774,3280.8926533281774,True,False,22226.747322082883,22221.54732208289,5.199999999993452,20957.539018245803,23309.411357557925,5.599999999973079,4,0,106,Explotacion activa
107,1,GWO,poblacional,2076.0543797449136,2076.0543797449136,True,False,23431.385595666143,23426.385595666154,4.999999999989086,20957.539018245803,23309.411357557925,5.599999999973079,0,0,107,Explotacion activa
108,1,GWO,poblacional,2076.0543797449136,2076.0543797449136,True,False,22140.380817820685,22135.180817820674,5.2000000000116415,20957.539018245803,23309.411357557925,5.599999999973079,1,0,108,Explotacion activa
109,1,GWO,poblacional,2076.0543797449136,2076.0543797449136,True,False,11201.27636159165,11195.876361591658,5.39999999999236,20957.539018245803,23309.411357557925,5.599999999973079,2,0,109,Explotacion activa
110,1,GWO,poblacional,2076.0543797449136,2076.0543797449136,True,False,11201.27636159165,11195.876361591658,5.39999999999236,20957.539018245803,23309.411357557925,5.599999999973079,3,0,110,Explotacion activa
111,1,GWO,poblacional,2076.0543797449136,2076.0543797449136,True,False,11201.27636159165,11195.876361591658,5.39999999999236,20957.539018245803,23309.411357557925,5.599999999973079,4,0,111,Explotacion activa
112,1,GWO,poblacional,2076.0543797449136,2076.0543797449136,True,False,11201.27636159165,11195.876361591658,5.39999999999236,20957.539018245803,23201.14495401042,5.599999999972715,5,0,112,Explotacion activa
113,1,GWO,poblacional,2076.0543797449136,2076.0543797449136,True,False,11201.27636159165,11195.876361591658,5.39999999999236,20957.539018245803,22876.345743367907,5.599999999971624,6,0,113,Explotacion activa
114,1,GWO,poblacional,2076.0543797449136,2076.0543797449136,True,False,11201.27636159165,11195.876361591658,5.39999999999236,20957.539018245803,22551.54653272539,5.5999999999705325,7,0,114,Explotacion activa
115,1,GWO,poblacional,1831.240181957142,1831.240181957142,True,False,11445.89055937942,11440.690559379429,5.199999999991633,20957.539018245803,22226.747322082883,5.599999999969441,0,0,115,Explotacion activa
116,1,GWO,poblacional,1831.240181957142,1831.240181957142,True,False,11445.890559379424,11440.690559379429,5.199999999995271,20957.539018245803,22226.74732208288,5.599999999969441,1,0,116,Explotacion activa
117,1,GWO,poblacional,1831.240181957142,1831.240181957142,True,False,11445.890559379424,11440.690559379429,5.199999999995271,20957.539018245803,22226.747322082876,5.599999999969441,2,0,117,Explotacion activa
118,1,GWO,poblacional,1831.240181957142,1831.240181957142,True,False,11445.890559379432,11440.690559379429,5.200000000002547,20946.73672109164,22226.747322082872,5.599999999969441,3,0,118,Explotacion activa
119,1,GWO,poblacional,1831.240181957142,1831.240181957142,True,False,10150.16720749666,10144.767207496667,5.39999999999236,20871.120641012505,22226.747322082872,5.599999999969441,4,0,119,Explotacion activa
120,1,GWO,poblacional,1817.9778250353024,1817.9778250353024,True,False,10163.229564418498,10158.029564418506,5.199999999991633,20849.516046704182,22226.74732208287,5.599999999969441,0,0,120,Explotacion activa
121,1,GWO,poblacional,1817.9778250353024,1817.9778250353024,True,False,10163.229564418501,10158.029564418506,5.199999999995271,20849.516046704182,22226.747322082865,5.599999999969441,1,0,121,Explotacion activa
122,1,GWO,poblacional,1817.9778250353024,1817.9778250353024,True,False,10163.229564418501,10158.029564418506,5.199999999995271,20849.516046704182,22226.747322082865,5.599999999969441,2,0,122,Explotacion activa
123,1,GWO,poblacional,1817.9778250353024,1817.9778250353024,True,False,7818.608691138548,7813.208691138556,5.39999999999236,15204.220754309317,22226.747322082865,5.599999999969441,3,0,123,Explotacion activa
124,1,GWO,poblacional,1817.9778250353024,1817.9778250353024,True,False,7818.608691138548,7813.208691138556,5.39999999999236,11440.690559379429,22226.747322082865,5.599999999969441,4,0,124,Explotacion activa
125,1,GWO,poblacional,1817.9778250353024,1817.9778250353024,True,False,7818.608691138548,7813.208691138556,5.39999999999236,11440.690559379429,22226.747322082865,5.599999999969441,5,0,125,Explotacion activa
126,1,GWO,poblacional,1817.9778250353024,1817.9778250353024,True,False,7818.608691138548,7813.208691138556,5.39999999999236,11440.690559379429,22200.83737080421,5.599999999969441,6,0,126,Explotacion activa
127,1,GWO,poblacional,1623.9673551352091,1623.9673551352091,True,False,8012.419161038641,8007.219161038649,5.199999999991633,11440.690559379429,22174.927419525557,5.599999999969441,0,0,127,Explotacion activa
128,1,GWO,poblacional,1623.9673551352091,1623.9673551352091,True,False,8012.419161038644,8007.219161038649,5.199999999995271,11416.20913960065,22149.017468246904,5.599999999969441,1,0,128,Explotacion activa
129,1,GWO,poblacional,1623.9673551352091,1623.9673551352091,True,False,8012.419161038644,8007.219161038649,5.199999999995271,11244.839201149212,22122.700912086624,5.59999999996653,2,0,129,Explotacion activa
130,1,GWO,poblacional,1623.9673551352091,1623.9673551352091,True,False,8012.419161038644,8007.219161038649,5.199999999995271,11195.876361591658,22096.18105348553,5.599999999962165,3,0,130,Explotacion activa
131,1,GWO,poblacional,1623.9673551352091,1623.9673551352091,True,False,6962.763099178308,6957.363099178316,5.39999999999236,11195.876361591658,22069.661194884433,5.5999999999578,4,0,131,Explotacion activa
132,1,GWO,poblacional,1623.9673551352091,1623.9673551352091,True,False,6962.763099178308,6957.363099178316,5.39999999999236,11195.876361591658,22051.98128915037,5.599999999954889,5,0,132,Explotacion activa
133,1,GWO,poblacional,1321.8697438398954,1321.8697438398954,True,False,7264.660710473629,7259.46071047363,5.199999999998909,11195.876361591658,22051.98128915037,5.599999999954889,0,0,133,Explotacion activa
134,1,GWO,poblacional,1321.8697438398954,1321.8697438398954,True,False,7264.660710473632,7259.46071047363,5.200000000002547,11195.876361591658,22051.98128915037,5.599999999954889,1,0,134,Explotacion activa
135,1,GWO,poblacional,1321.8697438398954,1321.8697438398954,True,False,5952.459219645247,5947.059219645253,5.399999999994179,11195.876361591658,22051.98128915037,5.599999999954889,2,0,135,Explotacion activa
136,1,GWO,poblacional,1160.5002897685677,1160.5002897685677,True,False,6113.628673716576,6108.42867371658,5.199999999995271,11195.876361591658,22051.98128915037,5.599999999954889,0,0,136,Explotacion activa
137,1,GWO,poblacional,1160.5002897685677,1160.5002897685677,True,False,5504.979110636182,5499.579110636189,5.39999999999236,10780.737642722395,22051.981289150368,5.599999999954889,1,0,137,Explotacion activa
138,1,GWO,poblacional,1160.5002897685677,1160.5002897685677,True,False,5504.979110636182,5499.579110636189,5.39999999999236,10158.029564418506,22051.981289150368,5.599999999954889,2,0,138,Explotacion activa
139,1,GWO,poblacional,1160.5002897685677,1160.5002897685677,True,False,5504.979110636182,5499.579110636189,5.39999999999236,10158.029564418506,21834.212834969447,5.559999999962747,3,0,139,Explotacion activa
140,1,GWO,poblacional,1160.5002897685677,1160.5002897685677,True,False,5504.979110636182,5499.579110636189,5.39999999999236,10158.029564418506,21507.560153698072,5.499999999974534,4,0,140,Explotacion activa
141,1,GWO,poblacional,1160.5002897685677,1160.5002897685677,True,False,5504.979110636182,5499.579110636189,5.39999999999236,10155.377093034138,21180.90747242669,5.439999999986321,5,0,141,Explotacion activa
142,1,GWO,poblacional,1160.5002897685677,1160.5002897685677,True,False,5504.979110636182,5499.579110636189,5.39999999999236,10146.09344318885,20963.139018245776,5.399999999993997,6,0,142,Explotacion activa
143,1,GWO,poblacional,1160.5002897685677,1160.5002897685677,True,False,5504.979110636182,5499.579110636189,5.39999999999236,8862.238379621853,20963.139018245776,5.399999999993452,7,0,143,Explotacion activa
144,1,GWO,poblacional,1160.5002897685677,1160.5002897685677,True,False,5504.979110636182,5499.579110636189,5.39999999999236,8007.219161038649,20963.139018245776,5.399999999992906,8,0,144,Explotacion activa
145,1,GWO,poblacional,1160.5002897685677,1160.5002897685677,True,False,5504.979110636182,5499.579110636189,5.39999999999236,8007.219161038649,20963.139018245776,5.39999999999236,9,0,145,Explotacion activa
146,1,GWO,poblacional,1160.5002897685677,1160.5002897685677,True,False,5504.979110636182,5499.579110636189,5.39999999999236,8007.219161038649,20963.139018245776,5.39999999999236,10,0,146,Explotacion activa
147,1,GWO,poblacional,1160.5002897685677,1160.5002897685677,True,False,5504.979110636182,5499.579110636189,5.39999999999236,8007.219161038649,20963.139018245776,5.39999999999236,11,0,147,Explotacion activa
148,1,GWO,poblacional,1160.5002897685677,1160.5002897685677,True,False,5504.979110636182,5499.579110636189,5.39999999999236,7987.8181140486395,20963.139018245776,5.39999999999236,12,0,148,Explotacion activa
149,1,GWO,poblacional,1160.5002897685677,1160.5002897685677,True,False,5504.979110636182,5499.579110636189,5.39999999999236,7852.010785118574,20963.139018245776,5.39999999999236,13,0,149,Explotacion activa
150,1,GWO,poblacional,1160.5002897685677,1160.5002897685677,True,False,5504.979110636182,5499.579110636189,5.39999999999236,7813.208691138556,20963.139018245776,5.39999999999236,14,0,150,Explotacion activa
151,1,GWO,poblacional,1160.5002897685677,1160.5002897685677,True,False,5504.979110636182,5499.579110636189,5.39999999999236,7813.208691138556,20963.139018245776,5.39999999999236,15,1,151,Explotacion activa
152,1,GWO,poblacional,1160.5002897685677,1160.5002897685677,True,False,5504.979110636182,5499.579110636189,5.39999999999236,7813.208691138556,20963.139018245776,5.39999999999236,16,2,152,Explotacion activa
153,1,GWO,poblacional,1160.5002897685677,1160.5002897685677,True,False,5504.979110636182,5499.579110636189,5.39999999999236,7813.208691138556,20963.139018245776,5.39999999999236,17,3,153,Explotacion activa
154,1,GWO,poblacional,1160.5002897685677,1160.5002897685677,True,False,5504.979110636182,5499.579110636189,5.39999999999236,7647.084296939078,20963.139018245776,5.39999999999236,18,4,154,Explotacion activa
155,1,GWO,poblacional,1160.5002897685677,1160.5002897685677,True,False,5504.979110636182,5499.579110636189,5.39999999999236,7259.46071047363,20963.139018245776,5.39999999999236,19,5,155,Explotacion activa
156,1,GWO,poblacional,1135.8164806716932,1135.8164806716932,True,False,5529.46291973306,5524.262919733064,5.199999999995271,7259.46071047363,20963.139018245776,5.39999999999236,0,0,156,Explotacion activa
157,1,GWO,poblacional,1135.8164806716932,1135.8164806716932,True,False,5529.462919733066,5524.262919733064,5.200000000001637,7138.621665955503,20963.139018245776,5.39999999999236,1,0,157,Explotacion activa
158,1,GWO,poblacional,920.2682670695916,920.2682670695916,True,False,5636.988161793538,5631.788161793545,5.199999999992542,6957.363099178316,20963.139018245776,5.39999999999236,0,0,158,Explotacion activa
159,1,GWO,poblacional,920.2682670695916,920.2682670695916,True,False,5636.988161793536,5631.788161793545,5.199999999990723,6957.363099178316,20963.139018245776,5.39999999999236,1,0,159,Explotacion activa
160,1,GWO,poblacional,920.2682670695916,920.2682670695916,True,False,5636.988161793536,5631.788161793545,5.199999999990723,6532.895886447448,20963.139018245776,5.39999999999236,2,0,160,Explotacion activa
161,1,GWO,poblacional,920.2682670695916,920.2682670695916,True,False,5636.988161793536,5631.788161793545,5.199999999990723,6076.154782902315,20963.139018245776,5.39999999999236,3,0,161,Explotacion activa
162,1,GWO,poblacional,920.2682670695916,920.2682670695916,True,False,5636.988161793536,5631.788161793545,5.199999999990723,5963.196165052385,20963.139018245776,5.39999999999236,4,0,162,Explotacion activa
163,1,GWO,poblacional,920.2682670695916,920.2682670695916,True,False,5636.988161793537,5631.788161793545,5.199999999991633,5757.896584934228,20963.139018245776,5.39999999999236,5,0,163,Explotacion activa
164,1,GWO,poblacional,920.2682670695916,920.2682670695916,True,False,5636.988161793537,5631.788161793545,5.199999999991633,5631.788161793545,20963.139018245776,5.39999999999236,6,0,164,Explotacion activa
165,1,GWO,poblacional,920.2682670695916,920.2682670695916,True,False,5636.988161793538,5631.788161793545,5.199999999992542,5631.788161793545,20963.139018245776,5.39999999999236,7,0,165,Explotacion activa
166,1,GWO,poblacional,920.2682670695916,920.2682670695916,True,False,5636.988161793538,5631.788161793545,5.199999999992542,5631.788161793545,20963.139018245776,5.39999999999236,8,0,166,Explotacion activa
167,1,GWO,poblacional,920.2682670695916,920.2682670695916,True,False,5636.988161793538,5631.788161793545,5.199999999992542,5631.788161793545,20963.139018245773,5.39999999999236,9,0,167,Explotacion activa
168,1,GWO,poblacional,920.2682670695916,920.2682670695916,True,False,5636.988161793545,5631.788161793545,5.199999999999818,5631.788161793545,20963.139018245773,5.39999999999236,10,0,168,Explotacion activa
169,1,GWO,poblacional,815.1913130909267,815.1913130909267,True,False,4653.02284486761,4647.822844867616,5.199999999993452,5631.788161793545,20963.139018245773,5.39999999999236,0,0,169,Explotacion activa
170,1,GWO,poblacional,815.1913130909267,815.1913130909267,True,False,4653.02284486761,4647.822844867616,5.199999999993452,5631.788161793545,20963.139018245773,5.39999999999236,1,0,170,Explotacion activa
171,1,GWO,poblacional,815.1913130909267,815.1913130909267,True,False,4653.0228448676135,4647.822844867616,5.19999999999709,5631.788161793545,20963.139018245773,5.39999999999236,2,0,171,Explotacion activa
172,1,GWO,poblacional,797.2646291552765,797.2646291552765,True,False,3413.319460395713,3408.1194603957197,5.199999999993452,5631.788161793545,20963.139018245773,5.39999999999236,0,0,172,Explotacion activa
173,1,GWO,poblacional,797.2646291552765,797.2646291552765,True,False,3413.319460395713,3408.1194603957197,5.199999999993452,5631.788161793545,20963.139018245773,5.39999999999236,1,0,173,Explotacion activa
174,1,GWO,poblacional,797.2646291552765,797.2646291552765,True,False,3413.3194603957168,3408.1194603957197,5.19999999999709,5631.788161793545,20963.139018245773,5.39999999999236,2,0,174,Explotacion activa
175,1,GWO,poblacional,797.2646291552765,797.2646291552765,True,False,3413.3194603957186,3408.1194603957197,5.199999999998909,5631.788161793545,20963.139018245773,5.39999999999236,3,0,175,Explotacion activa
176,1,GWO,poblacional,797.2646291552765,797.2646291552765,True,False,2489.0280241728988,2483.6280241729005,5.399999999998272,5631.788161793545,20930.792126783286,5.39999999999236,4,0,176,Explotacion activa
177,1,GWO,poblacional,797.2646291552765,797.2646291552765,True,False,2489.028024172899,2483.6280241729005,5.399999999998727,5631.788161793545,20898.445235320803,5.39999999999236,5,0,177,Explotacion activa
178,1,GWO,poblacional,797.2646291552765,797.2646291552765,True,False,2489.0280241728997,2483.6280241729005,5.3999999999991815,5621.035637587497,20866.09834385832,5.39999999999236,6,0,178,Explotacion activa
179,1,GWO,poblacional,784.2026835448391,784.2026835448391,True,False,2501.8899697833385,2496.689969783338,5.200000000000728,5545.767968145161,20855.31604670416,5.39999999999236,0,0,179,Explotacion activa
180,1,GWO,poblacional,784.2026835448391,784.2026835448391,True,False,2501.889969783338,2496.689969783338,5.200000000000273,5524.262919733064,20855.316046704156,5.39999999999236,1,0,180,Explotacion activa
181,1,GWO,poblacional,784.2026835448391,784.2026835448391,True,False,1297.2516962000718,1291.8516962000745,5.3999999999973625,5519.32615791369,20855.316046704153,5.39999999999236,2,0,181,Explotacion activa
182,1,GWO,poblacional,784.2026835448391,784.2026835448391,True,False,1297.2516962000718,1291.8516962000745,5.3999999999973625,5502.047491545877,20855.316046704153,5.39999999999236,3,0,182,Explotacion activa
183,1,GWO,poblacional,784.2026835448391,784.2026835448391,True,False,1297.2516962000718,1291.8516962000745,5.3999999999973625,5499.579110636189,20855.316046704153,5.39999999999236,4,0,183,Explotacion activa
184,1,GWO,poblacional,784.2026835448391,784.2026835448391,True,False,1297.2516962000718,1291.8516962000745,5.3999999999973625,5499.579110636189,20855.316046704153,5.39999999999236,5,0,184,Explotacion activa
185,1,GWO,poblacional,784.2026835448391,784.2026835448391,True,False,1297.2516962000718,1291.8516962000745,5.3999999999973625,5499.579110636189,20855.316046704153,5.39999999999236,6,0,185,Explotacion activa
186,1,GWO,poblacional,784.2026835448391,784.2026835448391,True,False,1297.2516962000736,1291.8516962000745,5.3999999999991815,5499.579110636189,18032.48840050663,5.39999999999236,7,0,186,Explotacion activa
187,1,GWO,poblacional,705.3146263441697,705.3146263441697,True,False,1375.9397534007433,1370.739753400744,5.199999999999363,5499.579110636189,15209.66075430924,5.39999999999236,0,0,187,Explotacion activa
188,1,GWO,poblacional,705.3146263441697,705.3146263441697,True,False,1375.9397534007433,1370.739753400744,5.199999999999363,5499.579110636189,12386.83310811185,5.39999999999236,1,0,188,Explotacion activa
189,1,GWO,poblacional,705.3146263441697,705.3146263441697,True,False,1131.3255556129702,1125.9255556129724,5.399999999997817,5499.579110636189,11445.89055937943,5.39999999999236,2,0,189,Explotacion activa
190,1,GWO,poblacional,705.3146263441697,705.3146263441697,True,False,1131.3255556129716,1125.9255556129724,5.3999999999991815,5499.579110636189,11445.890559379428,5.39999999999236,3,0,190,Explotacion activa
191,1,GWO,poblacional,705.3146263441697,705.3146263441697,True,False,1131.3255556129716,1125.9255556129724,5.3999999999991815,5499.579110636189,11445.890559379426,5.39999999999236,4,0,191,Explotacion activa
192,1,GWO,poblacional,705.3146263441697,705.3146263441697,True,False,1131.3255556129716,1125.9255556129724,5.3999999999991815,5499.579110636189,11445.890559379424,5.39999999999236,5,0,192,Explotacion activa
193,1,GWO,poblacional,705.3146263441697,705.3146263441697,True,False,1131.3255556129725,1125.9255556129724,5.400000000000091,5499.579110636189,11445.890559379424,5.39999999999236,6,0,193,Explotacion activa
194,1,GWO,poblacional,705.3146263441697,705.3146263441697,True,False,1118.2631986911304,1112.6631986911327,5.599999999997635,5499.579110636189,11445.890559379424,5.399999999992906,7,0,194,Explotacion activa
195,1,GWO,poblacional,705.3146263441697,705.3146263441697,True,False,1118.2631986911313,1112.6631986911327,5.599999999998545,5499.579110636189,11445.890559379424,5.399999999994179,8,0,195,Explotacion activa
196,1,GWO,poblacional,705.3146263441697,705.3146263441697,True,False,1118.2631986911313,1112.6631986911327,5.599999999998545,5499.579110636189,11445.890559379422,5.399999999996408,9,0,196,Explotacion activa
197,1,GWO,poblacional,705.3146263441697,705.3146263441697,True,False,1118.2631986911313,1112.6631986911327,5.599999999998545,5499.579110636189,11445.890559379422,5.3999999999973625,10,0,197,Explotacion activa
198,1,GWO,poblacional,705.3146263441697,705.3146263441697,True,False,1118.2631986911317,1112.6631986911327,5.5999999999989996,5499.579110636189,11445.89055937942,5.3999999999973625,11,0,198,Explotacion activa
199,1,GWO,poblacional,705.3146263441697,705.3146263441697,True,False,1118.2631986911317,1112.6631986911327,5.5999999999989996,5499.579110636189,11396.967719821865,5.3999999999973625,12,0,199,Explotacion activa
200,1,GWO,poblacional,686.653886233122,686.653886233122,True,False,1136.723938802181,1131.3239388021805,5.400000000000546,5499.579110636189,11323.583460485535,5.3999999999973625,0,0,200,Explotacion activa
201,1,GWO,poblacional,587.6739413014161,587.6739413014161,True,False,1041.6934138337913,1036.293413833793,5.399999999998272,5499.579110636189,11250.199201149202,5.3999999999973625,0,0,201,Explotacion activa
202,1,GWO,poblacional,587.6739413014161,587.6739413014161,True,False,1041.6934138337913,1036.293413833793,5.399999999998272,5499.579110636189,11201.27636159165,5.3999999999973625,1,0,202,Explotacion activa
203,1,GWO,poblacional,587.6739413014161,587.6739413014161,True,False,1041.6934138337913,1036.293413833793,5.399999999998272,5499.579110636189,11201.27636159165,5.399999999997635,2,0,203,Explotacion activa
204,1,GWO,poblacional,587.6739413014161,587.6739413014161,True,False,1041.6934138337917,1036.293413833793,5.399999999998727,5499.579110636189,11201.27636159165,5.399999999997954,3,0,204,Explotacion activa
205,1,GWO,poblacional,509.7403048748447,509.7403048748447,True,False,1119.4270502603638,1114.2270502603644,5.199999999999363,5499.579110636189,11201.27636159165,5.399999999997817,0,0,205,Explotacion activa
206,1,GWO,poblacional,498.3995154002357,498.3995154002357,True,False,1130.567839734973,1125.5678397349734,4.999999999999545,5499.579110636189,11201.27636159165,5.39999999999768,0,0,206,Explotacion activa
207,1,GWO,poblacional,498.3995154002357,498.3995154002357,True,False,828.6702284396586,823.4702284396596,5.199999999998909,5499.579110636189,11201.27636159165,5.3999999999975445,1,0,207,Explotacion activa
208,1,GWO,poblacional,498.3995154002357,498.3995154002357,True,False,828.670228439659,823.4702284396596,5.199999999999363,5414.403484059331,11201.27636159165,5.399999999997408,2,0,208,Explotacion activa
209,1,GWO,poblacional,468.6617796241492,468.6617796241492,True,False,858.2079642157462,853.2079642157462,5.0,4818.174098021327,11201.27636159165,5.3999999999973625,0,0,209,Explotacion activa
210,1,GWO,poblacional,468.6617796241492,468.6617796241492,True,False,697.0385101444165,691.8385101444185,5.199999999997999,4647.822844867616,11201.27636159165,5.3999999999973625,1,0,210,Explotacion activa
211,1,GWO,poblacional,468.6617796241492,468.6617796241492,True,False,697.0385101444165,691.8385101444185,5.199999999997999,4647.822844867616,11201.27636159165,5.3999999999973625,2,0,211,Explotacion activa
212,1,GWO,poblacional,468.6617796241492,468.6617796241492,True,False,697.0385101444169,691.8385101444185,5.199999999998454,4647.822844867616,11201.27636159165,5.3999999999973625,3,0,212,Explotacion activa
213,1,GWO,poblacional,463.49474132511943,463.49474132511943,True,False,702.0055484434464,697.0055484434482,4.999999999998181,3904.0008141844764,11201.27636159165,5.3999999999973625,0,0,213,Explotacion activa
214,1,GWO,poblacional,463.49474132511943,463.49474132511943,True,False,702.005548443446,697.0055484434482,4.999999999997726,3408.1194603957197,11201.27636159165,5.3999999999973625,1,0,214,Explotacion activa
215,1,GWO,poblacional,463.49474132511943,463.49474132511943,True,False,702.005548443446,697.0055484434482,4.999999999997726,3408.1194603957197,11201.27636159165,5.3999999999973625,2,0,215,Explotacion activa
216,1,GWO,poblacional,463.49474132511943,463.49474132511943,True,False,702.0055484434464,697.0055484434482,4.999999999998181,3408.1194603957197,11201.27636159165,5.3999999999973625,3,0,216,Explotacion activa
217,1,GWO,poblacional,463.49474132511943,463.49474132511943,True,False,702.0055484434464,697.0055484434482,4.999999999998181,3408.1194603957197,11201.27636159165,5.3999999999973625,4,0,217,Explotacion activa
218,1,GWO,poblacional,463.49474132511943,463.49474132511943,True,False,702.0055484434464,697.0055484434482,4.999999999998181,3316.97651133448,11201.27636159165,5.3999999999973625,5,0,218,Explotacion activa
219,1,GWO,poblacional,463.49474132511943,463.49474132511943,True,False,702.005548443446,697.0055484434482,4.999999999997726,2678.9758679058104,10993.667002157017,5.3999999999973625,6,0,219,Explotacion activa
220,1,GWO,poblacional,463.49474132511943,463.49474132511943,True,False,702.005548443446,697.0055484434482,4.999999999997726,2496.689969783338,10682.252963005076,5.3999999999973625,7,0,220,Explotacion activa
221,1,GWO,poblacional,463.49474132511943,463.49474132511943,True,False,702.0055484434464,697.0055484434482,4.999999999998181,2494.0775806612505,10370.83892385312,5.3999999999973625,8,0,221,Explotacion activa
222,1,GWO,poblacional,463.49474132511943,463.49474132511943,True,False,702.0055484434464,697.0055484434482,4.999999999998181,2484.9342187339444,10163.229564418501,5.3999999999970445,9,0,222,Explotacion activa
223,1,GWO,poblacional,463.49474132511943,463.49474132511943,True,False,702.0055484434464,697.0055484434482,4.999999999998181,2483.6280241729005,10163.229564418501,5.399999999996089,10,0,223,Explotacion activa
224,1,GWO,poblacional,463.49474132511943,463.49474132511943,True,False,702.0055484434469,697.0055484434482,4.999999999998636,2483.6280241729005,10163.229564418501,5.399999999995134,11,0,224,Explotacion activa
225,1,GWO,poblacional,463.49474132511943,463.49474132511943,True,False,702.0055484434469,697.0055484434482,4.999999999998636,2483.6280241729005,10163.229564418501,5.399999999994179,12,0,225,Explotacion activa
226,1,GWO,poblacional,461.74139699404543,461.74139699404543,True,False,703.558892774521,698.7588927745222,4.799999999998818,1704.6062346323877,10163.2295644185,5.399999999993634,0,0,226,Explotacion activa
227,1,GWO,poblacional,461.74139699404543,461.74139699404543,True,False,703.558892774521,698.7588927745222,4.799999999998818,1370.739753400744,10163.2295644185,5.399999999993088,1,0,227,Explotacion activa
228,1,GWO,poblacional,461.74139699404543,461.74139699404543,True,False,703.558892774521,698.7588927745222,4.799999999998818,1362.8509476806769,10163.229564418498,5.399999999992542,2,0,228,Explotacion activa
229,1,GWO,poblacional,458.04746060826244,458.04746060826244,True,False,707.0528291603051,702.4528291603052,4.599999999999909,1307.629307640208,10160.61709303413,5.39999999999236,0,0,229,Explotacion activa
230,1,GWO,poblacional,458.04746060826244,458.04746060826244,True,False,682.56902006343,677.7690200634307,4.799999999999272,1291.8516962000745,10156.698385957578,5.39999999999236,1,0,230,Explotacion activa
231,1,GWO,poblacional,458.04746060826244,458.04746060826244,True,False,682.56902006343,677.7690200634307,4.799999999999272,1291.8516962000745,10152.779678881026,5.39999999999236,2,0,231,Explotacion activa
232,1,GWO,poblacional,408.1872881706494,408.1872881706494,True,False,516.8809788989415,512.0809788989422,4.799999999999272,1291.8516962000745,9936.392402850839,5.39999999999236,0,0,232,Explotacion activa
233,1,GWO,poblacional,373.30491611477316,373.30491611477316,True,False,551.5633509548181,546.9633509548185,4.599999999999682,1291.8516962000745,9295.06798891344,5.39999999999236,0,0,233,Explotacion activa
234,1,GWO,poblacional,373.30491611477316,373.30491611477316,True,False,551.5633509548178,546.9633509548185,4.599999999999341,1291.8516962000745,8653.743574976043,5.39999999999236,1,0,234,Explotacion activa
235,1,GWO,poblacional,373.30491611477316,373.30491611477316,True,False,551.5633509548178,546.9633509548185,4.599999999999341,1291.8516962000745,8012.419161038644,5.39999999999236,2,0,235,Explotacion activa
236,1,GWO,poblacional,373.30491611477316,373.30491611477316,True,False,551.5633509548178,546.9633509548185,4.599999999999341,1291.8516962000745,8012.419161038644,5.39999999999236,3,0,236,Explotacion activa
237,1,GWO,poblacional,373.30491611477316,373.30491611477316,True,False,551.5633509548178,546.9633509548185,4.599999999999341,1227.640593240917,8012.419161038644,5.39999999999236,4,0,237,Explotacion activa
238,1,GWO,poblacional,373.30491611477316,373.30491611477316,True,False,551.5633509548181,546.9633509548185,4.599999999999682,1130.7841004832596,8012.419161038644,5.39999999999236,5,0,238,Explotacion activa
239,1,GWO,poblacional,373.30491611477316,373.30491611477316,True,False,551.5633509548182,546.9633509548185,4.599999999999795,1127.005232250814,8012.419161038644,5.39999999999236,6,0,239,Explotacion activa
240,1,GWO,poblacional,373.30491611477316,373.30491611477316,True,False,551.5633509548182,546.9633509548185,4.599999999999795,1125.9255556129724,8012.419161038644,5.39999999999236,7,0,240,Explotacion activa
241,1,GWO,poblacional,373.30491611477316,373.30491611477316,True,False,551.5633509548184,546.9633509548185,4.599999999999909,1125.9255556129724,8012.419161038644,5.39999999999236,8,0,241,Explotacion activa
242,1,GWO,poblacional,361.71202748989566,361.71202748989566,True,False,562.9562395796959,558.556239579696,4.399999999999864,1125.9255556129724,8012.419161038644,5.39999999999236,0,0,242,Explotacion activa
243,1,GWO,poblacional,361.71202748989566,361.71202748989566,True,False,458.0792856010308,453.479285601031,4.599999999999795,1125.9255556129724,8012.419161038642,5.39999999999236,1,0,243,Explotacion activa
244,1,GWO,poblacional,361.71202748989566,361.71202748989566,True,False,458.0792856010308,453.479285601031,4.599999999999795,1125.9255556129724,8012.4191610386415,5.39999999999236,2,0,244,Explotacion activa
245,1,GWO,poblacional,361.71202748989566,361.71202748989566,True,False,458.079285601031,453.479285601031,4.600000000000023,1125.9255556129724,8012.419161038638,5.39999999999236,3,0,245,Explotacion activa
246,1,GWO,poblacional,361.71202748989566,361.71202748989566,True,False,440.3526016653802,435.5526016653808,4.799999999999386,1125.675154498373,7954.276020068611,5.39999999999236,4,0,246,Explotacion activa
247,1,GWO,poblacional,361.71202748989566,361.71202748989566,True,False,440.3526016653802,435.5526016653808,4.799999999999386,1121.0315239451297,7896.1328790985835,5.39999999999236,5,0,247,Explotacion activa
248,1,GWO,poblacional,361.71202748989566,361.71202748989566,True,False,440.35260166538063,435.5526016653808,4.799999999999841,1114.0706651034413,7837.989738128556,5.39999999999236,6,0,248,Explotacion activa
249,1,GWO,poblacional,361.71202748989566,361.71202748989566,True,False,440.35260166538063,435.5526016653808,4.799999999999841,1112.975969004979,7818.608691138548,5.39999999999236,7,0,249,Explotacion activa
250,1,GWO,poblacional,361.27777905550676,361.27777905550676,True,False,440.5868500997695,435.9868500997697,4.599999999999795,1112.6631986911327,7818.608691138548,5.39999999999236,0,0,250,Explotacion activa
251,1,GWO,poblacional,361.27777905550676,361.27777905550676,True,False,440.5868500997697,435.9868500997697,4.600000000000023,1112.6631986911327,7818.608691138548,5.39999999999236,1,0,251,Explotacion activa
252,1,GWO,poblacional,357.3245908668152,357.3245908668152,True,False,444.34003828846124,439.94003828846127,4.399999999999977,1112.6631986911327,7818.608691138548,5.39999999999236,0,0,252,Explotacion activa
253,1,GWO,poblacional,357.3245908668152,357.3245908668152,True,False,431.4780926780233,426.87809267802396,4.599999999999341,1112.6631986911327,7818.608691138548,5.39999999999236,1,0,253,Explotacion activa
254,1,GWO,poblacional,357.3245908668152,357.3245908668152,True,False,431.4780926780233,426.87809267802396,4.599999999999341,1112.6631986911327,7818.608691138548,5.39999999999236,2,0,254,Explotacion activa
255,1,GWO,poblacional,357.3245908668152,357.3245908668152,True,False,431.4780926780233,426.87809267802396,4.599999999999341,1112.6631986911327,7818.608691138548,5.39999999999236,3,0,255,Explotacion activa
256,1,GWO,poblacional,343.8773663594993,343.8773663594993,True,False,444.7253171853391,440.3253171853398,4.399999999999295,1112.6631986911327,7818.608691138548,5.39999999999236,0,0,256,Explotacion activa
257,1,GWO,poblacional,343.8773663594993,343.8773663594993,True,False,444.72531718533935,440.3253171853398,4.3999999999995225,1082.115284748197,7818.608691138548,5.39999999999236,1,0,257,Explotacion activa
258,1,GWO,poblacional,343.8773663594993,343.8773663594993,True,False,444.7253171853396,440.3253171853398,4.39999999999975,1036.293413833793,7818.608691138548,5.39999999999236,2,0,258,Explotacion activa
259,1,GWO,poblacional,343.8773663594993,343.8773663594993,True,False,444.7253171853396,440.3253171853398,4.39999999999975,1036.293413833793,7707.819095005556,5.39999999999236,3,0,259,Explotacion activa
260,1,GWO,poblacional,343.8773663594993,343.8773663594993,True,False,444.7253171853396,440.3253171853398,4.39999999999975,1036.293413833793,7541.63470080609,5.39999999999236,4,0,260,Explotacion activa
261,1,GWO,poblacional,343.8773663594993,343.8773663594993,True,False,366.03725998466973,361.4372599846704,4.599999999999341,1036.293413833793,7375.450306606609,5.39999999999236,5,0,261,Explotacion activa
262,1,GWO,poblacional,343.8773663594993,343.8773663594993,True,False,366.03725998466973,361.4372599846704,4.599999999999341,1036.293413833793,7264.660710473632,5.39999999999236,6,0,262,Explotacion activa
263,1,GWO,poblacional,343.8773663594993,343.8773663594993,True,False,366.03725998466973,361.4372599846704,4.599999999999341,926.4421440629646,7264.66071047363,5.39999999999236,7,0,263,Explotacion activa
264,1,GWO,poblacional,343.8773663594993,343.8773663594993,True,False,366.03725998466973,361.4372599846704,4.599999999999341,844.2866434829201,7264.6607104736295,5.39999999999236,8,0,264,Explotacion activa
265,1,GWO,poblacional,338.70334026120133,338.70334026120133,True,False,371.0112860829677,366.6112860829684,4.399999999999295,823.4702284396596,7264.660710473629,5.39999999999236,0,0,265,Explotacion activa
266,1,GWO,poblacional,338.70334026120133,338.70334026120133,True,False,371.0112860829677,366.6112860829684,4.399999999999295,823.4702284396596,7174.091427085029,5.39999999999236,1,0,266,Explotacion activa
267,1,GWO,poblacional,338.70334026120133,338.70334026120133,True,False,371.0112860829677,366.6112860829684,4.399999999999295,775.0632687279171,7083.522143696429,5.39999999999236,2,0,267,Explotacion activa
268,1,GWO,poblacional,337.9238991196484,337.9238991196484,True,False,371.59072722452055,367.3907272245213,4.19999999999925,702.0834355217269,6992.952860307839,5.39999999999236,0,0,268,Explotacion activa
269,1,GWO,poblacional,337.00277237752454,337.00277237752454,True,False,372.3118539666446,368.3118539666452,3.9999999999994316,699.4976800516788,6962.763099178308,5.39999999999236,0,0,269,Explotacion activa
270,1,GWO,poblacional,335.75098996790933,335.75098996790933,True,False,373.36363637625976,369.5636363762604,3.799999999999386,698.7588927745222,6962.763099178308,5.39999999999236,0,0,270,Explotacion activa
271,1,GWO,poblacional,331.44409441939126,331.44409441939126,True,False,377.470531924778,373.87053192477845,3.599999999999568,698.7588927745222,6962.763099178308,5.39999999999236,0,0,271,Explotacion activa
272,1,GWO,poblacional,331.44409441939126,331.44409441939126,True,False,377.470531924778,373.87053192477845,3.599999999999568,698.7588927745222,6877.8496566321155,5.39999999999236,1,0,272,Explotacion activa
273,1,GWO,poblacional,331.44409441939126,331.44409441939126,True,False,377.47053192477824,373.87053192477845,3.5999999999997954,697.7068861758778,6623.109328993611,5.39999999999236,2,0,273,Explotacion activa
274,1,GWO,poblacional,331.44409441939126,331.44409441939126,True,False,359.00979181373054,355.2097918137307,3.799999999999841,697.0055484434482,6368.36900135508,5.39999999999236,3,0,274,Explotacion activa
275,1,GWO,poblacional,331.44409441939126,331.44409441939126,True,False,260.2298468820243,256.22984688202484,3.9999999999994316,697.0055484434482,6113.628673716576,5.39999999999236,4,0,275,Explotacion activa
276,1,GWO,poblacional,331.44409441939126,331.44409441939126,True,False,260.2298468820245,256.22984688202484,3.999999999999659,697.0055484434482,6065.277837495175,5.39999999999236,5,0,276,Explotacion activa
277,1,GWO,poblacional,328.16668173580314,328.16668173580314,True,False,263.3072595656126,259.50725956561297,3.7999999999996135,697.0055484434482,6016.927001273774,5.39999999999236,0,0,277,Explotacion activa
278,1,GWO,poblacional,328.16668173580314,328.16668173580314,True,False,263.30725956561304,259.50725956561297,3.800000000000068,697.0055484434482,5968.576165052379,5.39999999999236,1,0,278,Explotacion activa
279,1,GWO,poblacional,328.16668173580314,328.16668173580314,True,False,185.57362313904156,181.57362313904156,4.0,697.0055484434482,5889.365008074901,5.39999999999236,2,0,279,Explotacion activa
280,1,GWO,poblacional,328.16668173580314,328.16668173580314,True,False,174.43283366443217,170.23283366443258,4.199999999999591,697.0055484434482,5794.7236907193965,5.39999999999236,3,0,280,Explotacion activa
281,1,GWO,poblacional,328.16668173580314,328.16668173580314,True,False,174.43283366443217,170.23283366443258,4.199999999999591,697.0055484434482,5700.082373363882,5.39999999999236,4,0,281,Explotacion activa
282,1,GWO,poblacional,328.16668173580314,328.16668173580314,True,False,174.43283366443262,170.23283366443258,4.2000000000000455,697.0055484434482,5636.988161793544,5.39999999999236,5,0,282,Explotacion activa
283,1,GWO,poblacional,328.16668173580314,328.16668173580314,True,False,144.89509788834567,140.49509788834604,4.399999999999636,697.0055484434482,5636.9881617935425,5.39999999999236,6,0,283,Explotacion activa
284,1,GWO,poblacional,328.16668173580314,328.16668173580314,True,False,144.8950978883458,140.49509788834604,4.39999999999975,697.0055484434482,5636.98816179354,5.39999999999236,7,0,284,Explotacion activa
285,1,GWO,poblacional,327.8206642196553,327.8206642196553,True,False,145.04111540449378,140.84111540449385,4.199999999999932,697.0055484434482,5636.988161793538,5.39999999999236,0,0,285,Explotacion activa
286,1,GWO,poblacional,326.26903266369607,326.26903266369607,True,False,146.392746960453,142.3927469604531,3.9999999999998863,697.0055484434482,5636.988161793538,5.39999999999236,0,0,286,Explotacion activa
287,1,GWO,poblacional,325.51881027436997,325.51881027436997,True,False,141.975931050749,137.97593105074947,3.9999999999995453,697.0055484434482,5636.988161793538,5.39999999999236,0,0,287,Explotacion activa
288,1,GWO,poblacional,325.51881027436997,325.51881027436997,True,False,141.9759310507489,137.97593105074947,3.9999999999994316,697.0055484434482,5636.988161793538,5.39999999999236,1,0,288,Explotacion activa
289,1,GWO,poblacional,324.8398209080035,324.8398209080035,True,False,142.45492041711555,138.65492041711593,3.7999999999996135,697.0055484434482,5636.988161793538,5.39999999999236,0,0,289,Explotacion activa
290,1,GWO,poblacional,324.8398209080035,324.8398209080035,True,False,142.45492041711532,138.65492041711593,3.799999999999386,697.0055484434482,5636.988161793538,5.39999999999236,1,0,290,Explotacion activa
291,1,GWO,poblacional,324.8398209080035,324.8398209080035,True,False,142.45492041711532,138.65492041711593,3.799999999999386,695.9721407836422,5636.988161793538,5.39999999999236,2,0,291,Explotacion activa
292,1,GWO,poblacional,324.8398209080035,324.8398209080035,True,False,142.45492041711532,138.65492041711593,3.799999999999386,692.3552139743214,5636.988161793538,5.39999999999236,3,0,292,Explotacion activa
293,1,GWO,poblacional,324.8398209080035,324.8398209080035,True,False,142.45492041711532,138.65492041711593,3.799999999999386,691.8385101444185,5636.988161793538,5.39999999999236,4,0,293,Explotacion activa
294,1,GWO,poblacional,324.18366781384657,324.18366781384657,True,False,142.91107351127255,139.31107351127287,3.5999999999996817,691.8385101444185,5636.988161793538,5.39999999999236,0,0,294,Explotacion activa
295,1,GWO,poblacional,323.1918337258675,323.1918337258675,True,False,143.70290759925155,140.3029075992519,3.399999999999636,691.8385101444185,5636.988161793538,5.39999999999236,0,0,295,Explotacion activa
296,1,GWO,poblacional,323.1918337258675,323.1918337258675,True,False,143.70290759925155,140.3029075992519,3.399999999999636,681.989867087727,5636.988161793538,5.39999999999236,1,0,296,Explotacion activa
297,1,GWO,poblacional,323.0166065709752,323.0166065709752,True,False,143.62858906392898,140.4781347541442,3.1504543097847773,677.7690200634307,5636.988161793537,5.39999999999236,0,0,297,Explotacion activa
298,1,GWO,poblacional,322.9624308801114,322.9624308801114,True,False,143.56978337241674,140.53231044500802,3.0374729274087144,665.8477420150563,5636.988161793537,5.39999999999236,0,0,298,Explotacion activa
299,1,GWO,poblacional,322.5714558746348,322.5714558746348,True,False,143.81493406875722,140.92328545048463,2.8916486182725976,582.3987956764433,5636.988161793537,5.39999999999236,0,0,299,Explotacion activa
300,1,GWO,poblacional,322.27468058150345,322.27468058150345,True,False,142.25001364908707,139.46671641254198,2.7832972365450814,552.7597952672572,5636.988161793537,5.39999999999236,0,0,300,Explotacion activa
301,2,EHO,poblacional,322.27468058150345,322.27468058150345,False,False,,,,,,,0,0,1,Llenando ventana
302,2,EHO,poblacional,322.27468058150345,322.27468058150345,False,False,,,,,,,1,0,2,Llenando ventana
303,2,EHO,poblacional,322.27468058150345,322.27468058150345,False,False,,,,,,,2,0,3,Llenando ventana
304,2,EHO,poblacional,322.27468058150345,322.27468058150345,False,False,,,,,,,3,0,4,Llenando ventana
305,2,EHO,poblacional,322.27468058150345,322.27468058150345,False,False,,,,,,,4,0,5,Llenando ventana
306,2,EHO,poblacional,322.27468058150345,322.27468058150345,False,False,,,,,,,5,0,6,Llenando ventana
307,2,EHO,poblacional,322.27468058150345,322.27468058150345,False,False,,,,,,,6,0,7,Llenando ventana
308,2,EHO,poblacional,322.27468058150345,322.27468058150345,False,False,,,,,,,7,0,8,Llenando ventana
309,2,EHO,poblacional,322.27468058150345,322.27468058150345,False,False,,,,,,,8,0,9,Llenando ventana
310,2,EHO,poblacional,322.27468058150345,322.27468058150345,False,False,,,,,,,9,0,10,Llenando ventana
311,2,EHO,poblacional,322.27468058150345,322.27468058150345,False,False,,,,,,,10,0,11,Llenando ventana
312,2,EHO,poblacional,322.27468058150345,322.27468058150345,False,False,,,,,,,11,0,12,Llenando ventana
313,2,EHO,poblacional,322.27468058150345,322.27468058150345,False,False,,,,,,,12,0,13,Llenando ventana
314,2,EHO,poblacional,322.27468058150345,322.27468058150345,False,False,,,,,,,13,0,14,Llenando ventana
315,2,EHO,poblacional,322.0430773846662,322.0430773846662,False,False,,,,,,,0,0,15,Llenando ventana
316,2,EHO,poblacional,322.0430773846662,322.0430773846662,False,False,,,,,,,1,0,16,Llenando ventana
317,2,EHO,poblacional,320.5546483532999,320.5546483532999,False,False,,,,,,,0,0,17,Llenando ventana
318,2,EHO,poblacional,320.47179367943676,320.47179367943676,False,False,,,,,,,0,0,18,Llenando ventana
319,2,EHO,poblacional,320.1763391094913,320.1763391094913,False,False,,,,,,,0,0,19,Llenando ventana
320,2,EHO,poblacional,320.1763391094913,320.1763391094913,False,False,,,,,,,1,0,20,Llenando ventana
321,2,EHO,poblacional,318.98501158667534,318.98501158667534,False,False,,,,,,,0,0,21,Llenando ventana
322,2,EHO,poblacional,318.83784051257015,318.83784051257015,False,False,,,,,,,0,0,22,Llenando ventana
323,2,EHO,poblacional,318.3898666703392,318.3898666703392,False,False,,,,,,,0,0,23,Llenando ventana
324,2,EHO,poblacional,317.0258084201685,317.0258084201685,False,False,,,,,,,0,0,24,Llenando ventana
325,2,EHO,poblacional,316.607772701079,316.607772701079,False,False,,,,,,,0,0,25,Llenando ventana
326,2,EHO,poblacional,315.12503261096856,315.12503261096856,False,False,,,,,,,0,0,26,Llenando ventana
327,2,EHO,poblacional,314.90205245642807,314.90205245642807,False,False,,,,,,,0,0,27,Llenando ventana
328,2,EHO,poblacional,314.41906755152917,314.41906755152917,False,False,,,,,,,0,0,28,Llenando ventana
329,2,EHO,poblacional,314.13395085681725,314.13395085681725,False,False,,,,,,,0,0,29,Llenando ventana
330,2,EHO,poblacional,313.68977831976287,313.68977831976287,False,False,,,,,,,0,0,30,Llenando ventana
331,2,EHO,poblacional,313.21326530704624,313.21326530704624,False,False,,,,,,,0,0,31,Llenando ventana
332,2,EHO,poblacional,313.0878145783628,313.0878145783628,False,False,,,,,,,0,0,32,Llenando ventana
333,2,EHO,poblacional,312.9617502099939,312.9617502099939,False,False,,,,,,,0,0,33,Llenando ventana
334,2,EHO,poblacional,312.28980812816326,312.28980812816326,False,False,,,,,,,0,0,34,Llenando ventana
335,2,EHO,poblacional,312.28980812816326,312.28980812816326,False,False,,,,,,,1,0,35,Llenando ventana
336,2,EHO,poblacional,312.28980812816326,312.28980812816326,False,False,,,,,,,2,0,36,Llenando ventana
337,2,EHO,poblacional,312.24234239882594,312.24234239882594,False,False,,,,,,,0,0,37,Llenando ventana
338,2,EHO,poblacional,312.15735371093666,312.15735371093666,False,False,,,,,,,0,0,38,Llenando ventana
339,2,EHO,poblacional,311.7582904125542,311.7582904125542,False,False,,,,,,,0,0,39,Llenando ventana
340,2,EHO,poblacional,311.7582904125542,311.7582904125542,False,False,,,,,,,1,0,40,Llenando ventana
341,2,EHO,poblacional,311.7156447905191,311.7156447905191,False,False,,,,,,,0,0,41,Llenando ventana
342,2,EHO,poblacional,311.6937767708816,311.6937767708816,False,False,,,,,,,0,0,42,Llenando ventana
343,2,EHO,poblacional,311.6365030552986,311.6365030552986,False,False,,,,,,,0,0,43,Llenando ventana
344,2,EHO,poblacional,311.62292549144246,311.62292549144246,False,False,,,,,,,0,0,44,Llenando ventana
345,2,EHO,poblacional,311.6226681358477,311.6226681358477,False,False,,,,,,,0,0,45,Llenando ventana
346,2,EHO,poblacional,311.41877553549097,311.41877553549097,False,False,,,,,,,0,0,46,Llenando ventana
347,2,EHO,poblacional,311.41877553549097,311.41877553549097,False,False,,,,,,,1,0,47,Llenando ventana
348,2,EHO,poblacional,311.3294759932079,311.3294759932079,False,False,,,,,,,0,0,48,Llenando ventana
349,2,EHO,poblacional,311.28402698992437,311.28402698992437,False,False,,,,,,,0,0,49,Llenando ventana
350,2,EHO,poblacional,311.28402698992437,311.28402698992437,False,False,,,,,,,1,0,50,Llenando ventana
351,2,EHO,poblacional,311.19294160139896,311.19294160139896,False,False,,,,,,,0,0,51,Llenando ventana
352,2,EHO,poblacional,311.15663562183073,311.15663562183073,False,False,,,,,,,0,0,52,Llenando ventana
353,2,EHO,poblacional,311.13281453445063,311.13281453445063,False,False,,,,,,,0,0,53,Llenando ventana
354,2,EHO,poblacional,311.127027748886,311.127027748886,False,False,,,,,,,0,0,54,Llenando ventana
355,2,EHO,poblacional,311.08763075166155,311.08763075166155,False,False,,,,,,,0,0,55,Llenando ventana
356,2,EHO,poblacional,311.08132841682567,311.08132841682567,False,False,,,,,,,0,0,56,Llenando ventana
357,2,EHO,poblacional,311.03381131159796,311.03381131159796,False,False,,,,,,,0,0,57,Llenando ventana
358,2,EHO,poblacional,311.03317912907005,311.03317912907005,False,False,,,,,,,0,0,58,Llenando ventana
359,2,EHO,poblacional,311.03317912907005,311.03317912907005,False,False,,,,,,,1,0,59,Llenando ventana
360,2,EHO,poblacional,311.03317912907005,311.03317912907005,False,False,,,,,,,2,0,60,Llenando ventana
361,2,EHO,poblacional,311.03213799328705,311.03213799328705,False,False,,,,,,,0,0,61,Llenando ventana
362,2,EHO,poblacional,311.0065207831493,311.0065207831493,False,False,,,,,,,0,0,62,Llenando ventana
363,2,EHO,poblacional,311.0065207831493,311.0065207831493,False,False,,,,,,,1,0,63,Llenando ventana
364,2,EHO,poblacional,311.0041870895781,311.0041870895781,False,False,,,,,,,0,0,64,Llenando ventana
365,2,EHO,poblacional,311.0041870895781,311.0041870895781,False,False,,,,,,,1,0,65,Llenando ventana
366,2,EHO,poblacional,310.99122214645445,310.99122214645445,False,False,,,,,,,0,0,66,Llenando ventana
367,2,EHO,poblacional,310.9909841020615,310.9909841020615,False,False,,,,,,,0,0,67,Llenando ventana
368,2,EHO,poblacional,310.99085873581265,310.99085873581265,False,False,,,,,,,0,0,68,Llenando ventana
369,2,EHO,poblacional,310.98438388925337,310.98438388925337,False,False,,,,,,,0,0,69,Llenando ventana
370,2,EHO,poblacional,310.9805305348661,310.9805305348661,False,False,,,,,,,0,0,70,Llenando ventana
371,2,EHO,poblacional,310.98036539074474,310.98036539074474,False,False,,,,,,,0,0,71,Llenando ventana
372,2,EHO,poblacional,310.9778219084999,310.9778219084999,False,False,,,,,,,0,0,72,Llenando ventana
373,2,EHO,poblacional,310.9702454957113,310.9702454957113,False,False,,,,,,,0,0,73,Llenando ventana
374,2,EHO,poblacional,310.9701973724006,310.9701973724006,False,False,,,,,,,0,0,74,Llenando ventana
375,2,EHO,poblacional,310.9696603897904,310.9696603897904,True,False,12.667329445041446,11.305020191713027,1.3623092533284193,7.5,37.5,22.5,0,0,75,Explotacion activa
376,2,EHO,poblacional,310.9678978228879,310.9678978228879,True,False,12.665566878138918,11.306782758615554,1.3587841195233636,7.5,37.5,22.5,0,0,76,Explotacion activa
377,2,EHO,poblacional,310.9636429065322,310.9636429065322,True,False,12.66131196178344,11.31103767497126,1.35027428681218,7.5,37.5,22.5,0,0,77,Explotacion activa
378,2,EHO,poblacional,310.9636429065322,310.9636429065322,True,False,12.661311961783099,11.31103767497126,1.350274286811839,7.5,37.5,22.5,1,0,78,Explotacion activa
379,2,EHO,poblacional,310.9619538154649,310.9619538154649,True,False,12.659622870716134,11.312726766038566,1.346896104677569,7.5,37.5,22.5,0,0,79,Explotacion activa
380,2,EHO,poblacional,310.9619516126783,310.9619516126783,True,False,12.659620667929346,11.312728968825127,1.3468916991042192,7.5,37.5,22.5,0,0,80,Explotacion activa
381,2,EHO,poblacional,310.9607615041128,310.9607615041128,True,False,12.658430559363808,11.313919077390665,1.344511481973143,7.5,37.5,22.5,0,0,81,Explotacion activa
382,2,EHO,poblacional,310.9606727272612,310.9606727272612,True,False,12.749427171037667,11.31400785424222,1.4354193167954463,7.5,37.5,22.5,0,0,82,Explotacion activa
383,2,EHO,poblacional,310.9588975236758,310.9588975236758,True,False,12.838737355977628,11.315783057827673,1.5229542981499549,7.5,37.5,22.5,0,0,83,Explotacion activa
384,2,EHO,poblacional,310.9588975236758,310.9588975236758,True,False,12.929822744503042,11.315783057827673,1.614039686675369,11.31103767497126,12.691958762840311,1.3842422723685275,1,0,84,Explotacion activa
385,2,EHO,poblacional,310.9588975236758,310.9588975236758,True,False,13.020908133028456,11.315783057827673,1.7051250752007832,11.31103767497126,12.749427171037667,1.4354193167954463,2,0,85,Explotacion activa
386,2,EHO,poblacional,310.95851966287694,310.95851966287694,True,False,13.111615660755035,11.316160918626508,1.795454742128527,11.311544402291451,12.81194430049564,1.4966938037436022,0,0,86,Explotacion activa
387,2,EHO,poblacional,310.95851966287694,310.95851966287694,True,False,13.20270104928045,11.316160918626508,1.886540130653941,11.312051129611643,12.875171511387794,1.5593884535601203,1,0,87,Explotacion activa
388,2,EHO,poblacional,310.95808604518913,310.95808604518913,True,False,13.29335282011806,11.316594536314312,1.976758283803747,11.312557856931836,12.938931283355583,1.6231482255279104,0,0,88,Explotacion activa
389,2,EHO,poblacional,310.95656278865766,310.95656278865766,True,False,13.169140978223766,11.086514596008556,2.08262638221521,11.311375493184721,13.002691055323373,1.6869079974957002,0,0,89,Explotacion activa
390,2,EHO,poblacional,310.95638676466655,310.95638676466655,True,False,13.260050342758063,11.086690619999672,2.1733597227583914,11.31103767497126,13.066261896891746,1.750289908664655,0,0,90,Explotacion activa
391,2,EHO,poblacional,310.95425610971125,310.95425610971125,True,False,11.96949065643696,9.600392243588658,2.3690984128483024,11.31018669170012,13.039049638573772,1.8136718198336097,0,0,91,Explotacion activa
392,2,EHO,poblacional,310.9511782679579,310.9511782679579,True,False,12.04926748854632,9.520615411478843,2.528652077067477,11.307208250251126,13.011799594175915,1.8774315918013995,0,0,92,Explotacion activa
393,2,EHO,poblacional,310.94491854091245,310.94491854091245,True,False,11.856467803030284,9.23142056857887,2.625047234451415,11.305725218474038,12.98447397761829,1.9406710225438246,0,0,93,Explotacion activa
394,2,EHO,poblacional,310.92303530957736,310.92303530957736,True,False,11.925669960220603,9.253303799913965,2.6723661603066375,11.239521320199021,12.957148361060666,2.008518713327186,0,0,94,Explotacion activa
395,2,EHO,poblacional,310.9006367218647,310.9006367218647,True,False,10.911943849691795,8.084374864810627,2.827568984881168,11.086690619999672,12.929822744503042,2.08262638221521,0,0,95,Explotacion activa
396,2,EHO,poblacional,310.8341243020391,310.8341243020391,True,False,10.898260355761238,8.003716210531081,2.8945441452301566,11.08656740320589,12.902497127945418,2.146139720595437,0,0,96,Explotacion activa
397,2,EHO,poblacional,310.74685648990396,310.74685648990396,True,False,10.563018701394867,7.643010180435226,2.920008520959641,10.492065655040596,12.875171511387794,2.2516551987943556,0,0,97,Explotacion activa
398,2,EHO,poblacional,310.48162995819973,310.48162995819973,True,False,9.464186982928652,6.544178461968784,2.9200085209598683,9.592414560377676,12.847845894830169,2.3850537792702196,0,0,98,Explotacion activa
399,2,EHO,poblacional,309.8865161941516,309.8865161941516,True,False,9.641265027887243,6.721256506927375,2.9200085209598683,9.536570777900806,12.820875318989636,2.4967413442236417,0,0,99,Explotacion activa
400,2,EHO,poblacional,309.52981617155166,309.52981617155166,True,False,8.515224960376656,5.595216439416902,2.9200085209597546,9.386959605696404,12.794082263507647,2.576849655759446,0,0,100,Explotacion activa
401,2,EHO,poblacional,308.47698818391063,308.47698818391063,True,False,9.345072793477414,6.425064272517432,2.920008520959982,9.248927153646946,12.767289208025659,2.6345110196224595,0,0,101,Explotacion activa
402,2,EHO,poblacional,307.02358070198034,307.02358070198034,True,False,10.315495370508472,7.395486849548831,2.920008520959641,9.233608891712379,12.741217398438044,2.667634267721115,0,0,102,Explotacion activa
403,2,EHO,poblacional,305.3804847388213,305.3804847388213,True,False,11.673474638955838,8.75346611799597,2.9200085209598683,8.94464789822913,12.716588080639179,2.7654878550513553,0,0,103,Explotacion activa
404,2,EHO,poblacional,304.34646549887816,304.34646549887816,True,False,12.263321341844573,9.343312820884705,2.9200085209598683,9.088034233403999,12.691958762840311,2.8476615329858643,0,0,104,Explotacion activa
405,2,EHO,poblacional,303.45034383636323,303.45034383636323,True,False,12.682929991642766,9.762921470683011,2.9200085209597546,9.23142056857887,12.682929991642766,2.8945441452301566,0,0,105,Explotacion activa
406,2,EHO,poblacional,301.2556469245303,301.2556469245303,True,False,14.752176174792453,11.832167653832471,2.920008520959982,9.237985537979398,12.729478017219197,2.9123692082407957,0,0,106,Explotacion activa
407,2,EHO,poblacional,301.2556469245303,301.2556469245303,True,False,14.752855640846974,11.706103285463598,3.0467523553833757,9.244550507379927,12.785151245013651,2.920008520959641,1,0,107,Explotacion activa
408,2,EHO,poblacional,301.2556469245303,301.2556469245303,True,False,14.171998947541852,11.034161203632948,3.1378377439089036,9.251115476780456,12.847845894830169,2.9200085209596525,2,0,108,Explotacion activa
409,2,EHO,poblacional,301.2556469245303,301.2556469245303,True,False,14.263084336067152,11.034161203632948,3.228923132434204,9.271305604108113,12.911605666797959,2.920008520959732,3,0,109,Explotacion activa
410,2,EHO,poblacional,301.10145006662486,301.10145006662486,True,False,14.308366582498195,11.188358061538395,3.1200085209598,9.298308310399335,12.975365438765749,2.9200085209597546,0,0,110,Explotacion activa
411,2,EHO,poblacional,301.04490078368593,301.04490078368593,True,False,14.299283028896696,11.197441615140008,3.101841413756688,9.325311016690558,13.039049638573772,2.9200085209597773,0,0,111,Explotacion activa
412,2,EHO,poblacional,300.9515244988789,300.9515244988789,True,False,14.108505991742277,11.205829212057779,2.902676779684498,9.36104307994412,13.102544907982377,2.9200085209597546,0,0,112,Explotacion activa
413,2,EHO,poblacional,300.9515244988789,300.9515244988789,True,False,13.80281897816684,10.806765913675292,2.996053064491548,9.41423385712236,13.146130851236274,2.920008520959823,1,0,113,Explotacion activa
414,2,EHO,poblacional,300.87583080304694,300.87583080304694,True,False,13.820501567141946,10.882459609507237,2.9380419576347094,9.467424634300603,13.179208999540771,2.9200085209598683,0,0,114,Explotacion activa
415,2,EHO,poblacional,300.87583080304694,300.87583080304694,True,False,13.871232229913915,10.839813987472155,3.0314182424417595,9.520615411478843,13.20270104928045,2.9200085209598683,1,0,115,Explotacion activa
416,2,EHO,poblacional,300.7212860981595,300.7212860981595,True,False,13.897285199970952,10.972490672722074,2.924794527248878,9.544548461111788,13.24284555471478,2.9200085209598683,0,0,116,Explotacion activa
417,2,EHO,poblacional,300.7212860981595,300.7212860981595,True,False,13.933387769194894,10.91521695713908,3.018170812055814,9.568481510744732,13.273371333702062,2.9200085209598683,1,0,117,Explotacion activa
418,2,EHO,poblacional,300.7212860981595,300.7212860981595,True,False,14.013186490145927,10.901639393282949,3.111547096862978,9.592414560377676,13.344299435922936,2.92000852095988,2,0,118,Explotacion activa
419,2,EHO,poblacional,300.6972416258343,300.6972416258343,True,False,14.082260947032864,10.92542651001338,3.1568344370194836,9.63289808900753,13.700925746557083,2.9200085209599593,0,0,119,Explotacion activa
420,2,EHO,poblacional,300.6735791754439,300.6735791754439,True,False,13.95069784819077,10.745196360047089,3.205501488143682,9.681656857135835,13.811660272654393,2.920008520959982,0,0,120,Explotacion activa
421,2,EHO,poblacional,300.67063746277614,300.67063746277614,True,False,13.98162576317884,10.748138072714823,3.233487690464017,9.73041562526414,13.830647699696339,2.920965722217761,0,0,121,Explotacion activa
422,2,EHO,poblacional,300.63373353107585,300.63373353107585,True,False,13.934216283644162,10.695742462132046,3.238473821512116,9.856203569827914,13.866159163636718,2.9243159266199883,0,0,122,Explotacion activa
423,2,EHO,poblacional,300.62094955801376,300.62094955801376,True,False,13.888587976970655,10.663077431910608,3.2255105450600468,10.122983855174049,13.881645678147958,2.9327429854803766,0,0,123,Explotacion activa
424,2,EHO,poblacional,300.5675440669999,300.5675440669999,True,False,13.928558770763743,10.716482922924456,3.2120758478392872,10.393030643542328,13.891197143870745,2.955445289691761,0,0,124,Explotacion activa
425,2,EHO,poblacional,300.4959669732492,300.4959669732492,True,False,13.768818579191702,10.696974628149746,3.0718439510419557,10.663077431910608,13.888587976970655,2.996053064491548,0,0,125,Explotacion activa
426,2,EHO,poblacional,300.4959669732492,300.4959669732492,True,False,13.73251259962359,10.66066864858152,3.0718439510420694,10.661391283580247,13.883381252853633,3.011535487786534,1,0,126,Explotacion activa
427,2,EHO,poblacional,300.44971434033414,300.44971434033414,True,False,13.662438879328192,10.683100194116491,2.979338685211701,10.662113918578973,13.878174528736611,3.0049001635172545,0,0,127,Explotacion activa
428,2,EHO,poblacional,300.4263246357395,300.4263246357395,True,False,13.635344660735257,10.700703113146517,2.9346415475887397,10.6628365535777,13.872967804619588,2.9982648392479745,0,0,128,Explotacion activa
429,2,EHO,poblacional,300.34478721077824,300.34478721077824,True,False,13.565644658824795,10.742843540883314,2.8228011179414807,10.667081984351785,13.861086097359522,2.9927101886355785,0,0,129,Explotacion activa
430,2,EHO,poblacional,300.34478721077824,300.34478721077824,True,False,13.559342323988915,10.736541206047434,2.8228011179414807,10.67308881301355,13.84586689852793,2.9876958748516245,1,0,130,Explotacion activa
431,2,EHO,poblacional,300.339556567127,300.339556567127,True,False,13.511261962252433,10.694254744470982,2.817007217781452,10.679095641675314,13.830647699696339,2.9826815610676705,0,0,131,Explotacion activa
432,2,EHO,poblacional,300.310230915828,300.310230915828,True,False,13.481304128425336,10.722948213242034,2.7583559151833015,10.684215649151941,13.818733308244436,2.975209012454002,0,0,132,Explotacion activa
433,2,EHO,poblacional,300.2859192403734,300.2859192403734,True,False,13.482922339218419,10.747259888696647,2.7356624505217724,10.687562014258287,13.813428531551903,2.962819994180904,0,0,133,Explotacion activa
434,2,EHO,poblacional,300.28046412092266,300.28046412092266,True,False,13.477943308553392,10.75271500814739,2.725228300406002,10.690908379364634,13.808123754859372,2.950430975907807,0,0,134,Explotacion activa
435,2,EHO,poblacional,300.2758544497821,300.2758544497821,True,False,13.4725432341275,10.756283543504935,2.7162596906225644,10.694254744470982,13.80281897816684,2.9380419576347094,0,0,135,Explotacion activa
436,2,EHO,poblacional,300.2554812155198,300.2554812155198,True,False,13.439502482846137,10.751039567629505,2.6884629152166326,10.6947010597693,13.792618858474299,2.9370218346209187,0,0,136,Explotacion activa
437,2,EHO,poblacional,300.25182446340716,300.25182446340716,True,False,13.443552439507812,10.754696319742152,2.68885611976566,10.69514737506762,13.782418738781757,2.9360017116071275,0,0,137,Explotacion activa
438,2,EHO,poblacional,300.1994070000941,300.1994070000941,True,False,13.389131570866596,10.80478008948404,2.584351481382555,10.69559369036594,13.772218619089216,2.934981588593337,0,0,138,Explotacion activa
439,2,EHO,poblacional,300.16229232000666,300.16229232000666,True,False,13.357103855268633,10.841894769571468,2.5152090856971654,10.695988895335585,13.76155738327808,2.9326721435207674,0,0,139,Explotacion activa
440,2,EHO,poblacional,300.1618998697785,300.1618998697785,True,False,13.358899287493955,10.829322276675953,2.5295770108180022,10.696358545140896,13.750665589407646,2.9297180374188088,0,0,140,Explotacion activa
441,2,EHO,poblacional,300.14842947749355,300.14842947749355,True,False,13.345287097437563,10.842554624567924,2.5027324728696385,10.696728194946207,13.739773795537213,2.92676393131685,0,0,141,Explotacion activa
442,2,EHO,poblacional,300.14572437287586,300.14572437287586,True,False,13.343530591791193,10.84513436293679,2.4983962288544035,10.697347476649423,13.72550522759405,2.9243159266199883,0,0,142,Explotacion activa
443,2,EHO,poblacional,300.1293844117164,300.1293844117164,True,False,13.32424091787783,10.854999477536978,2.469241440340852,10.698466022148455,13.70448311150543,2.9228801247333194,0,0,143,Explotacion activa
444,2,EHO,poblacional,300.1264012949907,300.1264012949907,True,False,13.32591427947608,10.854129239875363,2.471785039600718,10.699584567647486,13.68346099541681,2.921444322846651,0,0,144,Explotacion activa
445,2,EHO,poblacional,300.1184390843462,300.1184390843462,True,False,13.31778692471022,10.861926306398516,2.4558606183117035,10.700703113146517,13.662438879328192,2.920008520959982,0,0,145,Explotacion activa
446,2,EHO,poblacional,300.08869628970416,300.08869628970416,True,False,13.288878829958037,10.889125618795731,2.399753211162306,10.705437056079898,13.654310613750312,2.920008520959982,0,0,146,Explotacion activa
447,2,EHO,poblacional,300.0812077128265,300.0812077128265,True,False,13.273818245864675,10.889037782884827,2.3847804629798475,10.71017099901328,13.646182348172431,2.920008520959982,0,0,147,Explotacion activa
448,2,EHO,poblacional,300.06617125223227,300.06617125223227,True,False,13.26111387909117,10.90402612016834,2.3570877589228303,10.714904941946662,13.63805408259455,2.920008520959982,0,0,148,Explotacion activa
449,2,EHO,poblacional,300.06617125223227,300.06617125223227,True,False,13.260754450183867,10.903489137558154,2.3572653126257137,10.717775980987971,13.621404660353164,2.9200085209599593,1,0,149,Explotacion activa
450,2,EHO,poblacional,300.0660858794905,300.0660858794905,True,False,13.262456917710495,10.901811943397377,2.360644974313118,10.719715568083245,13.600494659780026,2.920008520959925,0,0,150,Explotacion activa
451,2,EHO,poblacional,300.06174407140975,300.06174407140975,True,False,13.253860193274136,10.901898835122438,2.351961358151698,10.721655155178519,13.579584659206887,2.920008520959891,0,0,151,Explotacion activa
452,2,EHO,poblacional,300.0511310470466,300.0511310470466,True,False,13.243247168910784,10.912511859485562,2.330735309425222,10.724307512522575,13.565014425341207,2.9200085209598683,0,0,152,Explotacion activa
453,2,EHO,poblacional,300.04951220853224,300.04951220853224,True,False,13.240694960927101,10.912441606932646,2.328253353994455,10.728385410364194,13.563123724890442,2.9200085209598683,0,0,153,Explotacion activa
454,2,EHO,poblacional,300.03632633112755,300.03632633112755,True,False,13.227506880735632,10.925625281550765,2.301881599184867,10.732463308205814,13.561233024439678,2.9200085209598683,0,0,154,Explotacion activa
455,2,EHO,poblacional,300.0228118367798,300.0228118367798,True,False,13.213669513197942,10.937949667332987,2.2757198458649555,10.736541206047434,13.559342323988915,2.9200085209598683,0,0,155,Explotacion activa
456,2,EHO,poblacional,300.02059171578765,300.02059171578765,True,False,13.214407128417292,10.94008101147358,2.274326116943712,10.738431906498198,13.54491821546797,2.9200085209598683,0,0,156,Explotacion activa
457,2,EHO,poblacional,300.02059171578765,300.02059171578765,True,False,13.212983972813845,10.938305807888128,2.2746781649257173,10.740322606948961,13.530494106947026,2.9200085209598683,1,0,157,Explotacion activa
458,2,EHO,poblacional,300.0185483064795,300.0185483064795,True,False,13.215201873416618,10.940349217196285,2.2748526562203324,10.742213307399727,13.516069998426081,2.9200085209598683,0,0,158,Explotacion activa
459,2,EHO,poblacional,300.0185483064795,300.0185483064795,True,False,13.221357556923067,10.940349217196285,2.2810083397267817,10.743314104716069,13.505594037645631,2.9200085209598683,1,0,159,Explotacion activa
460,2,EHO,poblacional,300.0185483064795,300.0185483064795,True,False,13.233499150215152,10.93997135639745,2.2935277938177023,10.744019950465201,13.497092150735426,2.9200085209598683,2,0,160,Explotacion activa
461,2,EHO,poblacional,300.01787796010103,300.01787796010103,True,False,13.276595266507002,10.940641702775906,2.3359535637310955,10.744725796214334,13.488590263825222,2.9200085209598683,0,0,161,Explotacion activa
462,2,EHO,poblacional,300.0163467225468,300.0163467225468,True,False,13.31942758669004,10.94173932264232,2.3776882640477197,10.745402712912044,13.482760518139111,2.9200085209598567,0,0,162,Explotacion activa
463,2,EHO,poblacional,300.01455034618976,300.01455034618976,True,False,13.409484238608684,10.942012442467899,2.467471796140785,10.746021771506912,13.482275054901185,2.920008520959823,0,0,163,Explotacion activa
464,2,EHO,poblacional,300.0145203519218,300.0145203519218,True,False,13.502654505156556,10.94186641274473,2.5607880924118263,10.746640830101779,13.48884198899986,2.920008520959789,0,0,164,Explotacion activa
465,2,EHO,poblacional,300.01177784452585,300.01177784452585,True,False,13.591157627612347,10.9424782651854,2.6486793624269467,10.747259888696647,13.502654505156556,2.9200085209597546,0,0,165,Explotacion activa
466,2,EHO,poblacional,300.01177784452585,300.01177784452585,True,False,13.681456070666172,10.939400423432062,2.7420556472341104,10.747523343902099,13.50867972512367,2.9200085209597546,1,0,166,Explotacion activa
467,2,EHO,poblacional,300.01019963493434,300.01019963493434,True,False,13.766994418836134,10.934718905978116,2.8322755128580184,10.747786799107553,13.530494106947026,2.9200085209597546,0,0,167,Explotacion activa
468,2,EHO,poblacional,300.01008370222985,300.01008370222985,True,False,13.838371539603713,10.912951607347509,2.9254199322562044,10.748050254313005,13.559972557472502,2.920008520959766,0,0,168,Explotacion activa
469,2,EHO,poblacional,300.00919051218057,300.00919051218057,True,False,13.908456046648723,10.891446209684148,3.0170098369645757,10.748718371697759,13.564384191857618,2.9200085209598456,0,0,169,Explotacion activa
470,2,EHO,poblacional,300.0077649689198,300.0077649689198,True,False,13.973542923213813,10.826359333119285,3.147183590094528,10.749588820172164,13.57840114321857,2.9200085209598683,0,0,170,Explotacion activa
471,2,EHO,poblacional,300.0077649689198,300.0077649689198,True,False,14.060810735348923,10.739091520984175,3.321719214364748,10.747962435911187,13.599995034236928,2.9200085209598683,1,0,171,Explotacion activa
472,2,EHO,poblacional,300.0060962112925,300.0060962112925,True,False,13.993915446017354,10.475533746907217,3.5183816991101367,10.747347707098465,13.630925957422965,2.9200085209598683,0,0,172,Explotacion activa
473,2,EHO,poblacional,300.0058547651301,300.0058547651301,True,False,13.598560235806872,9.88066142902153,3.7178988067853425,10.746021771506912,13.620630890763902,2.9200085209598683,0,0,173,Explotacion activa
474,2,EHO,poblacional,300.0058547651301,300.0058547651301,True,False,13.441860213206724,9.523961406421563,3.9178988067851606,10.744490514297956,13.609595563285387,2.9200085209599025,1,0,174,Explotacion activa
475,2,EHO,poblacional,300.00333322047874,300.00333322047874,True,False,12.5865106809145,8.473654963431898,4.112855717482603,10.742843540883314,13.598560235806872,2.920008520959982,0,0,175,Explotacion activa
476,2,EHO,poblacional,300.00333322047874,300.00333322047874,True,False,11.333103198984247,7.020247481501599,4.312855717482648,10.740217126953917,13.596339453348515,2.920008520959982,1,0,176,Explotacion activa
477,2,EHO,poblacional,300.00285802725926,300.00285802725926,True,False,9.889532042605651,5.377626711562016,4.511905331043636,10.738071395009479,13.594118670890158,2.9219229234755404,0,0,177,Explotacion activa
478,2,EHO,poblacional,300.0021751883379,300.0021751883379,True,False,8.98794853970594,4.344290310540259,4.6436582291656805,10.735181906766893,13.591897888431799,2.9248570677496106,0,0,178,Explotacion activa
479,2,EHO,poblacional,300.0021751883379,300.0021751883379,True,False,8.185203161997947,3.44816864802533,4.737034513972617,10.725666811803114,13.586055033854837,2.925294851254739,1,0,179,Explotacion activa
480,2,EHO,poblacional,300.0018693529088,300.0018693529088,True,False,6.083576699542959,1.2537775716215265,4.829799127921433,10.719715568083245,13.57840114321857,2.930030739922472,0,0,180,Explotacion activa
481,2,EHO,poblacional,300.0016710484329,300.0016710484329,True,False,6.17675467987425,1.2539758760973996,4.9227788037768505,10.713326960968867,13.570747252582304,2.935321629597934,0,0,181,Explotacion activa
482,2,EHO,poblacional,300.0013929214802,300.0013929214802,True,False,6.269852837728479,1.2542540030501073,5.0155988346783715,10.702281094124311,13.565014425341207,2.9377019166301124,0,0,182,Explotacion activa
483,2,EHO,poblacional,300.0013929214802,300.0013929214802,True,False,6.3632291225356425,1.2542540030501073,5.108975119485535,10.698466022148455,13.563123724890442,2.962819994180904,1,0,183,Explotacion activa
484,2,EHO,poblacional,300.0013929214802,300.0013929214802,True,False,6.409032264630127,1.1000571451446604,5.308975119485467,10.696604978344435,13.561233024439678,2.984352998995655,2,0,184,Explotacion activa
485,2,EHO,poblacional,300.00112478419027,300.00112478419027,True,False,6.432691396828375,1.043775999495665,5.38891539733271,10.695742462132046,13.559342323988915,2.996053064491548,0,0,185,Explotacion activa
486,2,EHO,poblacional,300.00112478419027,300.00112478419027,True,False,6.387404056671755,0.950399714688615,5.43700434198314,10.6947010597693,13.54491821546797,3.010722805222667,1,0,186,Explotacion activa
487,2,EHO,poblacional,300.0011229029935,300.0011229029935,True,False,6.434727076255797,0.9504015958854097,5.484325480370387,10.689792924329186,13.530494106947026,3.0174742270010713,0,0,187,Explotacion activa
488,2,EHO,poblacional,300.0009080942601,300.0009080942601,True,False,6.364701997025975,0.8749227087868121,5.489779288239163,10.681097917895903,13.516069998426081,3.0194955550944087,0,0,188,Explotacion activa
489,2,EHO,poblacional,300.00085493301924,300.00085493301924,True,False,6.438456699185679,0.8749758700276971,5.563480829157982,10.667081984351785,13.509540470833258,3.0287687563645704,0,0,189,Explotacion activa
490,2,EHO,poblacional,300.0008489339909,300.0008489339909,True,False,6.30947394139406,0.7204371641686294,5.589036777225431,10.661873040246064,13.506958233704495,3.0390852989125676,0,0,190,Explotacion activa
491,2,EHO,poblacional,300.00077932252043,300.00077932252043,True,False,6.390941754884864,0.7205067756390804,5.670434979245783,10.623641668246659,13.504375996575732,3.0517706745150917,0,0,191,Explotacion activa
492,2,EHO,poblacional,300.00077844772886,300.00077844772886,True,False,6.472478305054551,0.7205076504306476,5.751970654623904,10.494047237074648,13.500681288562742,3.0693347914760976,0,0,192,Explotacion activa
493,2,EHO,poblacional,300.00067298678107,300.00067298678107,True,False,6.529865796742797,0.6965686390532255,5.833297157689572,10.118610356175804,13.494761638781302,3.071843951042024,0,0,193,Explotacion activa
494,2,EHO,poblacional,300.00050370855496,300.00050370855496,True,False,6.587571493087523,0.6730754668889176,5.914496026198606,9.845339441519974,13.48884198899986,3.0808431898564548,0,0,194,Explotacion activa
495,2,EHO,poblacional,300.00050370855496,300.00050370855496,True,False,6.647729925123315,0.6701337542211832,5.977596170902132,9.762921470683011,13.482922339218419,3.101841413756688,1,0,195,Explotacion activa
496,2,EHO,poblacional,300.0003919781445,300.0003919781445,True,False,6.692251687973794,0.6333415529313697,6.058910135042424,9.649151011716963,13.482436875980493,3.1086353919310907,0,0,196,Explotacion activa
497,2,EHO,poblacional,300.0003919781445,300.0003919781445,True,False,6.761005139872964,0.6205575798692848,6.140447560003679,9.56981990872182,13.48195141274257,3.1149316665017066,1,0,197,Explotacion activa
498,2,EHO,poblacional,300.00038101729996,300.00038101729996,True,False,6.7891261129758504,0.5671630496999569,6.2219630632758935,9.523626806927291,13.481465949504644,3.1217914432547103,0,0,198,Explotacion activa
499,2,EHO,poblacional,300.0003369193707,300.0003369193707,True,False,6.799042346257124,0.49563005387852854,6.303412292378596,9.521284610467386,13.480631964450946,3.134271899319083,0,0,199,Explotacion activa
500,2,EHO,poblacional,300.0003188322754,300.0003188322754,True,False,6.8805616841231085,0.49564814097379895,6.38491354314931,9.431964116181774,13.479623718489364,3.1425106670017158,0,0,200,Explotacion activa
501,2,EHO,poblacional,300.0002288433373,300.0002288433373,True,False,6.915756487231192,0.4494854969968287,6.466270990234364,9.325311016690558,13.478615472527782,3.149113759479519,0,0,201,Explotacion activa
502,2,EHO,poblacional,300.0002288433373,300.0002288433373,True,False,6.907922336321008,0.42609579240217954,6.481826543918828,9.26230470201104,13.477403301110803,3.155869352326988,1,0,202,Explotacion activa
503,2,EHO,poblacional,300.0002288433373,300.0002288433373,True,False,6.86713137988437,0.34455836744092494,6.522573012443445,9.240173861112908,13.475783278783036,3.186034667694002,2,0,203,Explotacion activa
504,2,EHO,poblacional,300.0002061561863,300.0002061561863,True,False,6.874422196958676,0.344581054591913,6.529841142366763,9.088034233403997,13.474163256455267,3.2074737960523634,0,0,204,Explotacion activa
505,2,EHO,poblacional,300.0001450324872,300.0001450324872,True,False,6.921547892921353,0.3394115346397939,6.582136358281559,8.75346611799597,13.4725432341275,3.2120758478392872,0,0,205,Explotacion activa
506,2,EHO,poblacional,300.0001075476414,300.0001075476414,True,False,6.944602220089678,0.31012336818662334,6.634478851903054,8.557598309801119,13.463845995741593,3.2214801358938185,0,0,206,Explotacion activa
507,2,EHO,poblacional,300.0001075476414,300.0001075476414,True,False,6.9727080079481425,0.2858116927320111,6.686896315216131,8.31794292398339,13.455148757355687,3.2268755800097098,1,0,207,Explotacion activa
508,2,EHO,poblacional,300.00006098913667,300.00006098913667,True,False,7.019623793305755,0.2804031317859881,6.7392206615197665,8.076308999382672,13.44645151896978,3.2293795882371854,0,0,208,Explotacion activa
509,2,EHO,poblacional,300.00006098913667,300.00006098913667,True,False,7.067431585478289,0.2757934606454455,6.7916381248328435,8.01984794138699,13.443213994247595,3.232574778858054,1,0,209,Explotacion activa
510,2,EHO,poblacional,300.00006098913667,300.00006098913667,True,False,7.0994758145290575,0.2554202263831371,6.84405558814592,7.823363195483154,13.442706326357268,3.2359807559880664,2,0,210,Explotacion activa
511,2,EHO,poblacional,300.0000587288921,300.0000587288921,True,False,7.148234265484916,0.251765734515061,6.896468530969855,7.593505514257947,13.44219865846694,3.2551229000826414,0,0,211,Explotacion activa
512,2,EHO,poblacional,300.00005863147044,300.00005863147044,True,False,7.154387900377628,0.1993483686236459,6.955039531753982,7.420239182637471,13.441624440170665,3.313394675079484,0,0,212,Explotacion activa
513,2,EHO,poblacional,300.00005580321886,300.00005580321886,True,False,7.147013186680681,0.16223651678780016,6.984776669892881,7.170343228720491,13.440917121062489,3.43971670521198,0,0,213,Explotacion activa
514,2,EHO,poblacional,300.00005580321886,300.00005580321886,True,False,7.17636353109458,0.16184406655963812,7.014519464534942,6.93055018912933,13.440209801954314,3.5782368314126978,1,0,214,Explotacion activa
515,2,EHO,poblacional,300.00004712321874,300.00004712321874,True,False,7.192627253451576,0.1483823542748155,7.0442448991767606,6.721256506927375,13.439502482846137,3.7178988067853425,0,0,215,Explotacion activa
516,2,EHO,poblacional,300.0000400837793,300.0000400837793,True,False,7.219657904036524,0.1456842890965504,7.073973614939973,6.597301875456361,13.430497009574902,3.857898806785213,0,0,216,Explotacion activa
517,2,EHO,poblacional,300.0000400837793,300.0000400837793,True,False,7.233060737519111,0.1293443279370763,7.103716409582034,6.496532786188243,13.421491536303664,3.9958815710641358,1,0,217,Explotacion activa
518,2,EHO,poblacional,300.00003319774964,300.00003319774964,True,False,7.259813529405847,0.1263680972410839,7.133445432164763,6.342079489207378,13.412486063032429,4.132855717482606,0,0,218,Explotacion activa
519,2,EHO,poblacional,300.0000291266931,300.0000291266931,True,False,7.281590042346863,0.1184099576531139,7.1631800846937494,5.761186006037004,13.405413705060266,4.2728557174826385,0,0,219,Explotacion activa
520,2,EHO,poblacional,300.00002887144785,300.00002887144785,True,False,7.295099283653201,0.08866741825630697,7.206431865396894,5.486421575489459,13.39930790473764,4.412380524263142,0,0,220,Explotacion activa
521,2,EHO,poblacional,300.0000263804023,300.0000263804023,True,False,7.3011227100777205,0.0811813324241939,7.219941377653527,5.1709594313576615,13.393202104415012,4.538255910668044,0,0,221,Explotacion activa
522,2,EHO,poblacional,300.00002567546414,300.00002567546414,True,False,7.299600038893118,0.06614557676812183,7.233454462124996,4.447623950642436,13.386108342529331,4.630482939353475,0,0,222,Explotacion activa
523,2,EHO,poblacional,300.00002418572905,300.00002418572905,True,False,7.31311304350578,0.06614706650321978,7.24696597700256,3.8066173130313006,13.37703865751754,4.699684000049841,0,0,223,Explotacion activa
524,2,EHO,poblacional,300.0000188208468,300.0000188208468,True,False,7.326536800229519,0.06606705864373907,7.26046974158578,2.789994254532754,13.367968972505746,4.7648638981572615,0,0,224,Explotacion activa
525,2,EHO,poblacional,300.00001508556574,300.00001508556574,True,False,7.335705751215471,0.061728985844013096,7.273976765371458,1.2542540030501073,13.358899287493955,4.829799127921433,0,0,225,Explotacion activa
526,2,EHO,poblacional,300.000014355632,300.000014355632,True,False,7.3386064912663755,0.05111669141462016,7.287489799851755,1.2542540030501073,13.358360657826358,4.894884901020224,0,0,226,Explotacion activa
527,2,EHO,poblacional,300.000014000182,300.000014000182,True,False,7.3505017916497195,0.049498208350257755,7.301003583299462,1.2541427522690243,13.357822028158761,4.959906816137458,0,0,227,Explotacion activa
528,2,EHO,poblacional,300.000014000182,300.000014000182,True,False,7.3636876690544,0.03631233094557729,7.327375338108823,1.2539560456498122,13.357283398491166,5.024936463159087,1,0,228,Explotacion activa
529,2,EHO,poblacional,300.00000610274,300.00000610274,True,False,7.370606974941893,0.02280573403982089,7.347801240902072,1.2538172325167012,13.35474050370242,5.090299862524102,0,0,229,Explotacion activa
530,2,EHO,poblacional,300.00000610274,300.00000610274,True,False,7.371129361345709,0.020585613047671814,7.350543748298037,1.1769173583830934,13.351195476353098,5.208975119485501,1,0,230,Explotacion activa
531,2,EHO,poblacional,300.0000051251827,300.0000051251827,True,False,7.372358585354959,0.020586590604921184,7.351771994750038,1.088800916014861,13.347650449003776,5.324963175054915,0,0,231,Explotacion activa
532,2,EHO,poblacional,300.00000351019156,300.00000351019156,True,False,7.3730560684516036,0.0185447962879266,7.354511272163677,1.0494041140605646,13.345111446872925,5.380921369547985,0,0,232,Explotacion activa
533,2,EHO,poblacional,300.00000351019156,300.00000351019156,True,False,7.375798575847568,0.0185447962879266,7.357253779559642,0.9877513573295117,13.344584495179015,5.417768764122968,1,0,233,Explotacion activa
534,2,EHO,poblacional,300.00000297117265,300.00000297117265,True,False,7.37854054422462,0.01854533530683966,7.3599952089177805,0.9504010315263713,13.344057543485103,5.451200683499314,0,0,234,Explotacion activa
535,2,EHO,poblacional,300.00000275229877,300.00000275229877,True,False,7.380062495380571,0.017875207802262594,7.362187287578308,0.950399714688615,13.343530591791193,5.484325480370387,0,0,235,Explotacion activa
536,2,EHO,poblacional,300.0000020887771,300.0000020887771,True,False,7.380316974403229,0.01634463376973372,7.363972340633495,0.8976030234259722,13.338245698096658,5.48814314587853,0,0,236,Explotacion activa
537,2,EHO,poblacional,300.0000020887771,300.0000020887771,True,False,7.381042142697538,0.014548257412684507,7.366493885284854,0.8749546055313431,13.332960804402125,5.51925990460669,1,0,237,Explotacion activa
538,2,EHO,poblacional,300.00000166151733,300.00000166151733,True,False,7.381341263040042,0.014518690404486279,7.366822572635556,0.8594812029511955,13.327675910707592,5.566036423964726,0,0,238,Explotacion activa
539,2,EHO,poblacional,300.00000119375585,300.00000119375585,True,False,7.381119832533955,0.011776650770002561,7.369343181763952,0.7513906621018798,13.325579607156431,5.583925587611941,0,0,239,Explotacion activa
540,2,EHO,poblacional,300.00000119375585,300.00000119375585,True,False,7.382418695461979,0.011776650770002561,7.3706420446919765,0.720507213034864,13.325077598676955,5.629735878235606,1,0,240,Explotacion activa
541,2,EHO,poblacional,300.0000011705774,300.0000011705774,True,False,7.380840462691992,0.010198464356960812,7.3706419983350315,0.7204928533449901,13.32457559019748,5.686742114321406,0,0,241,Explotacion activa
542,2,EHO,poblacional,300.00000111246186,300.00000111246186,True,False,7.383246016523344,0.010082589767989703,7.3731634267553545,0.7204441253156745,13.32375958475905,5.743817087086091,0,0,242,Explotacion activa
543,2,EHO,poblacional,300.0000010857818,300.0000010857818,True,False,7.384874344445336,0.009189426398791056,7.375684918046545,0.706116049099387,13.322315585402714,5.800766556463304,0,0,243,Explotacion activa
544,2,EHO,poblacional,300.00000106363973,300.00000106363973,True,False,7.3859703236938685,0.00776390528005777,7.378206418413811,0.689520687403933,13.320871586046376,5.8576568182422815,0,0,244,Explotacion activa
545,2,EHO,poblacional,300.0000010538899,300.0000010538899,True,False,7.388491858595387,0.007763915029897817,7.380727943565489,0.6730754668889176,13.31942758669004,5.914496026198605,0,0,245,Explotacion activa
546,2,EHO,poblacional,300.0000010538899,300.0000010538899,True,False,7.389344645619474,0.006095157402626228,7.383249488216848,0.6710162680215035,13.318935388096094,5.958666127491073,1,0,246,Explotacion activa
547,2,EHO,poblacional,300.0000009471527,300.0000009471527,True,False,7.391624637371251,0.005853817977367726,7.385770819393883,0.6554168737052578,13.318443189502148,6.010121756558248,0,0,247,Explotacion activa
548,2,EHO,poblacional,300.00000094621856,300.00000094621856,True,False,7.394146181088445,0.005853818911532471,7.388292362176912,0.6320631556251612,13.317950990908201,6.0670638775385495,0,0,248,Explotacion activa
549,2,EHO,poblacional,300.00000091082273,300.00000091082273,True,False,7.395984851422611,0.003332309656002508,7.3926525417666085,0.6231143744817018,13.312900103791787,6.124140075011428,0,0,249,Explotacion activa
550,2,EHO,poblacional,300.00000089505727,300.00000089505727,True,False,7.396667674578509,0.0033323254214678855,7.3933353491570415,0.5938603147846209,13.30556987241414,6.181205311639785,0,0,250,Explotacion activa
551,2,EHO,poblacional,300.0000008888195,300.0000008888195,True,False,7.397142861560212,0.0028571384397650945,7.394285723120447,0.5528600679547251,13.29823964103649,6.238252909096433,0,0,251,Explotacion activa
552,2,EHO,poblacional,300.0000008888195,300.0000008888195,True,False,7.397519865052459,0.0021742995184013125,7.395345565534058,0.5027996318464149,13.292905421102057,6.295267369468325,1,0,252,Explotacion activa
553,2,EHO,poblacional,300.00000079359063,300.00000079359063,True,False,7.397825605252706,0.0021743947472714353,7.395651210505434,0.4956372887166367,13.29156322405405,6.352313042841024,0,0,253,Explotacion activa
554,2,EHO,poblacional,300.00000077465336,300.00000077465336,True,False,7.398011735441969,0.0018685782554257457,7.396143157186543,0.4817866868140184,13.290221027006044,6.409320777274826,0,0,254,Explotacion activa
555,2,EHO,poblacional,300.0000006824468,300.0000006824468,True,False,7.3980814760494695,0.00167036598611503,7.3964111100633545,0.4494854969968287,13.288878829958037,6.466270990234363,0,0,255,Explotacion activa
556,2,EHO,poblacional,300.0000006824468,300.0000006824468,True,False,7.398071486386698,0.0013922390334073498,7.3966792473532905,0.4331127037805742,13.285193760922727,6.477159877813489,1,0,256,Explotacion activa
557,2,EHO,poblacional,300.0000006618556,300.0000006618556,True,False,7.398288542415457,0.0013922596245947716,7.396896282790863,0.39348989727807304,13.281508691887415,6.498125131328674,0,0,257,Explotacion activa
558,2,EHO,poblacional,300.000000565679,300.000000565679,True,False,7.398503254972184,0.001392355801215217,7.397110899170968,0.34457878587681423,13.277823622852106,6.523299825435776,0,0,258,Explotacion activa
559,2,EHO,poblacional,300.0000005314622,300.0000005314622,True,False,7.398383472611954,0.0011242527280614922,7.3972592198838925,0.34456290487112257,13.276039862378536,6.528387516382099,0,0,259,Explotacion activa
560,2,EHO,poblacional,300.00000048607916,300.00000048607916,True,False,7.3985527054550175,0.0011242981111081463,7.397428407343909,0.3419849510403594,13.275206756185838,6.555988750324161,0,0,260,Explotacion activa
561,2,EHO,poblacional,300.00000047600656,300.00000047600656,True,False,7.398720092411736,0.001122426986910341,7.397597665424826,0.3335539013491597,13.27437364999314,6.592604857005858,0,0,261,Explotacion activa
562,2,EHO,poblacional,300.00000043378833,300.00000043378833,True,False,7.398674519686267,0.0009076604717961345,7.397766859214471,0.3130521848319404,13.272682113049257,6.629244602540905,0,0,262,Explotacion activa
563,2,EHO,poblacional,300.00000032881184,300.00000032881184,True,False,7.398790531694999,0.0008546042074044635,7.397935927487595,0.295536362913856,13.269273714603003,6.665929329890901,0,0,263,Explotacion activa
564,2,EHO,poblacional,300.00000032881184,300.00000032881184,True,False,7.398953810892749,0.0008486051790441707,7.398105205713705,0.2841891244482042,13.265865316156749,6.702593619107221,1,0,264,Explotacion activa
565,2,EHO,poblacional,300.00000029047914,300.00000029047914,True,False,7.399053439315708,0.0007790320412937035,7.398274407274414,0.2804031317859881,13.262456917710495,6.7392206615197665,0,0,265,Explotacion activa
566,2,EHO,poblacional,300.0000002763095,300.0000002763095,True,False,7.3992218285806075,0.0007781714193697553,7.398443657161238,0.27717636198760826,13.262054006124696,6.7759128858389195,0,0,266,Explotacion activa
567,2,EHO,poblacional,300.0000002735483,300.0000002735483,True,False,7.399327286767232,0.0006727132327455365,7.398654573534486,0.26764416694052207,13.2616510945389,6.812605110158073,0,0,267,Explotacion activa
568,2,EHO,poblacional,300.000000255416,300.000000255416,True,False,7.399326365791524,0.0005034531389469521,7.398822912652577,0.2550547771963295,13.261248182953102,6.849296882428313,0,0,268,Explotacion activa
569,2,EHO,poblacional,300.0000002498164,300.0000002498164,True,False,7.3994163491300355,0.0005034587385353007,7.3989128903915,0.25249663288867624,13.261041993309709,6.885985942405068,0,0,269,Explotacion activa
570,2,EHO,poblacional,300.0000002498164,300.0000002498164,True,False,7.399394607657655,0.00039172832805434155,7.3990028793296005,0.22555705156935346,13.260934164637519,6.925754031361919,1,0,270,Explotacion activa
571,2,EHO,poblacional,300.00000022357864,300.00000022357864,True,False,7.39948457035797,0.0003917545658396193,7.39909281579213,0.19192599825647666,13.260826335965328,6.960986959381762,0,0,271,Explotacion activa
572,2,EHO,poblacional,300.0000002008766,300.0000002008766,True,False,7.399563575749539,0.00038081642333054333,7.399182759326209,0.16594770197138453,13.260684039441287,6.98180295607899,0,0,272,Explotacion activa
573,2,EHO,poblacional,300.00000018725115,300.00000018725115,True,False,7.399609453132882,0.0003367321195355544,7.399272721013347,0.16200104665090292,13.260472807213546,7.002622346678117,0,0,273,Explotacion activa
574,2,EHO,poblacional,300.00000018663934,300.00000018663934,True,False,7.399662211745522,0.00031864563607086893,7.399343566109451,0.1578055528741913,13.260261574985805,7.023437094927487,0,0,274,Explotacion activa
575,2,EHO,poblacional,300.000000177816,300.000000177816,True,False,7.399633337683213,0.0002286655213197264,7.399404672161893,0.1483823542748155,13.260050342758063,7.0442448991767606,0,0,275,Explotacion activa
576,2,EHO,poblacional,300.000000177816,300.000000177816,True,False,7.399694461382353,0.0002286655213197264,7.399465795861033,0.14649370865002992,13.258193297912886,7.065055000211009,1,0,276,Explotacion activa
577,2,EHO,poblacional,300.000000177816,300.000000177816,True,False,7.399755585081493,0.0002286655213197264,7.399526919560174,0.13914830463276065,13.256336253067706,7.085870732796797,2,0,277,Explotacion activa
578,2,EHO,poblacional,300.0000001727834,300.0000001727834,True,False,7.39979401659707,0.0002059834029068952,7.3995880331941635,0.12904670486747705,13.254479208222529,7.106689311840307,0,0,278,Explotacion activa
579,2,EHO,poblacional,300.000000170928,300.000000170928,True,False,7.399836991122925,0.00014486155919257726,7.399692129563732,0.12696334338028237,13.251737588401465,7.127499627648216,0,0,279,Explotacion activa
580,2,EHO,poblacional,300.0000001663305,300.0000001663305,True,False,7.399846060184359,0.0001073813108973809,7.399738678873462,0.1223890274470989,13.24855368109246,7.148312758429256,0,0,280,Explotacion activa
581,2,EHO,poblacional,300.00000016551877,300.00000016551877,True,False,7.399892617877356,0.00010738212262140223,7.3997852357547345,0.11246144977375244,13.245369773783455,7.171830440834378,0,0,281,Explotacion activa
582,2,EHO,poblacional,300.00000014586357,300.00000014586357,True,False,7.399897448561774,6.0843273104183027e-05,7.3998366052886695,0.0916416721959875,13.242991948112415,7.202106687326578,0,0,282,Explotacion activa
583,2,EHO,poblacional,300.0000001455991,300.0000001455991,True,False,7.399906128297403,6.0843537596610986e-05,7.399845284759806,0.08417576675703911,13.242226285717312,7.214537572750873,0,0,283,Explotacion activa
584,2,EHO,poblacional,300.0000001405896,300.0000001405896,True,False,7.399914803288027,6.084854709342835e-05,7.399853954740934,0.0766710526479016,13.241460623322206,7.223995302994967,0,0,284,Explotacion activa
585,2,EHO,poblacional,300.00000012900864,300.00000012900864,True,False,7.39992121146264,5.859988345946476e-05,7.399862611579181,0.06614706650321978,13.240694960927101,7.233454462124996,0,0,285,Explotacion activa
586,2,EHO,poblacional,300.0000001168204,300.0000001168204,True,False,7.3999297818528476,5.8514650049801276e-05,7.399871267202798,0.06614602368865122,13.238536217713516,7.2429125225392905,0,0,286,Explotacion activa
587,2,EHO,poblacional,300.00000008389094,300.00000008389094,True,False,7.399935600671938,5.5719327917813644e-05,7.39987988134402,0.06611416951836872,13.236377474499932,7.252367482835847,0,0,287,Explotacion activa
588,2,EHO,poblacional,300.0000000392853,300.0000000392853,True,False,7.399944236066403,5.576393357387133e-05,7.3998884721328295,0.06563325136376646,13.234218731286347,7.261820443964348,0,0,288,Explotacion activa
589,2,EHO,poblacional,300.0000000334022,300.0000000334022,True,False,7.399940523598616,4.708981651901922e-05,7.399893433782097,0.0625966004039583,13.232300696319248,7.271275360614323,0,0,289,Explotacion activa
590,2,EHO,poblacional,300.0000000334022,300.0000000334022,True,False,7.399936463629388,4.0050377094758005e-05,7.399896413252293,0.05642283862931663,13.230503015475392,7.280733282611607,1,0,290,Explotacion activa
591,2,EHO,poblacional,300.00000002829455,300.00000002829455,True,False,7.399944355963726,4.005548476015974e-05,7.3999043004789655,0.050792994801747676,13.228705334631536,7.290192556541297,0,0,291,Explotacion activa
592,2,EHO,poblacional,300.0000000207708,300.0000000207708,True,False,7.399945359852325,3.317697883176152e-05,7.399912182873493,0.049660056656693985,13.226891948354375,7.299652204954691,0,0,292,Explotacion activa
593,2,EHO,poblacional,300.00000001967976,300.00000001967976,True,False,7.399945153014812,2.9107013347129396e-05,7.399916046001465,0.04158668190744936,13.225047151210607,7.316826636185078,0,0,293,Explotacion activa
594,2,EHO,poblacional,300.00000001532464,300.00000001532464,True,False,7.399945604314496,2.8856123208242934e-05,7.399916748191288,0.03226035187385041,13.223202354066837,7.333503108946797,0,0,294,Explotacion activa
595,2,EHO,poblacional,300.0000000149725,300.0000000149725,True,False,7.399943112916787,2.6365429789620975e-05,7.399916747486998,0.02280573403982089,13.221357556923067,7.347801240902072,0,0,295,Explotacion activa
596,2,EHO,poblacional,300.0000000149725,300.0000000149725,True,False,7.399950305420646,2.5660491644430294e-05,7.399924644929001,0.02125233363539109,13.219510851871132,7.349720996079247,1,0,296,Explotacion activa
597,2,EHO,poblacional,300.0000000141902,300.0000000141902,True,False,7.399956712345272,2.4171538825612515e-05,7.3999325408064465,0.020586199582021437,13.217664146819198,7.351035046878837,0,0,297,Explotacion activa
598,2,EHO,poblacional,300.00000001173123,300.00000001173123,True,False,7.399959242446016,1.8809115545082022e-05,7.399940433330471,0.02038158527358858,13.215817441767262,7.352045922491402,0,0,298,Explotacion activa
599,2,EHO,poblacional,300.0000000110817,300.0000000110817,True,False,7.399963403957429,1.5074484053911874e-05,7.399948329473375,0.018953390855006098,13.215042924416753,7.3539634166809495,0,0,299,Explotacion activa
600,2,EHO,poblacional,300.0000000109105,300.0000000109105,True,False,7.399970571294546,1.4344721478209976e-05,7.399956226573067,0.01854506579738313,13.214804500916955,7.355882525861659,0,0,300,Explotacion activa
601,3,GWO,poblacional,300.0000000109105,300.0000000109105,False,False,,,,,,,0,0,1,Llenando ventana
602,3,GWO,poblacional,300.0000000109105,300.0000000109105,False,False,,,,,,,1,0,2,Llenando ventana
603,3,GWO,poblacional,300.0000000109105,300.0000000109105,False,False,,,,,,,2,0,3,Llenando ventana
604,3,GWO,poblacional,300.0000000109105,300.0000000109105,False,False,,,,,,,3,0,4,Llenando ventana
605,3,GWO,poblacional,300.0000000109105,300.0000000109105,False,False,,,,,,,4,0,5,Llenando ventana
606,3,GWO,poblacional,300.0000000109105,300.0000000109105,False,False,,,,,,,5,0,6,Llenando ventana
607,3,GWO,poblacional,300.0000000109105,300.0000000109105,False,False,,,,,,,6,0,7,Llenando ventana
608,3,GWO,poblacional,300.0000000109105,300.0000000109105,False,False,,,,,,,7,0,8,Llenando ventana
609,3,GWO,poblacional,300.0000000109105,300.0000000109105,False,False,,,,,,,8,0,9,Llenando ventana
610,3,GWO,poblacional,300.0000000109105,300.0000000109105,False,False,,,,,,,9,0,10,Llenando ventana
611,3,GWO,poblacional,300.0000000109105,300.0000000109105,False,False,,,,,,,10,0,11,Llenando ventana
612,3,GWO,poblacional,300.0000000109105,300.0000000109105,False,False,,,,,,,11,0,12,Llenando ventana
613,3,GWO,poblacional,300.0000000109105,300.0000000109105,False,False,,,,,,,12,0,13,Llenando ventana
614,3,GWO,poblacional,300.0000000109105,300.0000000109105,False,False,,,,,,,13,0,14,Llenando ventana
615,3,GWO,poblacional,300.0000000109105,300.0000000109105,False,False,,,,,,,14,0,15,Llenando ventana
616,3,GWO,poblacional,300.0000000109105,300.0000000109105,False,False,,,,,,,15,0,16,Llenando ventana
617,3,GWO,poblacional,300.0000000109105,300.0000000109105,False,False,,,,,,,16,0,17,Llenando ventana
618,3,GWO,poblacional,300.0000000109105,300.0000000109105,False,False,,,,,,,17,0,18,Llenando ventana
619,3,GWO,poblacional,300.0000000109105,300.0000000109105,False,False,,,,,,,18,0,19,Llenando ventana
620,3,GWO,poblacional,300.0000000109105,300.0000000109105,False,False,,,,,,,19,0,20,Llenando ventana
621,3,GWO,poblacional,300.0000000109105,300.0000000109105,False,False,,,,,,,20,0,21,Llenando ventana
622,3,GWO,poblacional,300.0000000109105,300.0000000109105,False,False,,,,,,,21,0,22,Llenando ventana
623,3,GWO,poblacional,300.0000000109105,300.0000000109105,False,False,,,,,,,22,0,23,Llenando ventana
624,3,GWO,poblacional,300.0000000109105,300.0000000109105,False,False,,,,,,,23,0,24,Llenando ventana
625,3,GWO,poblacional,300.0000000109105,300.0000000109105,False,False,,,,,,,24,0,25,Llenando ventana
626,3,GWO,poblacional,300.0000000109105,300.0000000109105,False,False,,,,,,,25,0,26,Llenando ventana
627,3,GWO,poblacional,300.0000000109105,300.0000000109105,False,False,,,,,,,26,0,27,Llenando ventana
628,3,GWO,poblacional,300.0000000109105,300.0000000109105,False,False,,,,,,,27,0,28,Llenando ventana
629,3,GWO,poblacional,300.0000000109105,300.0000000109105,False,False,,,,,,,28,0,29,Llenando ventana
630,3,GWO,poblacional,300.0000000109105,300.0000000109105,False,False,,,,,,,29,0,30,Llenando ventana
631,3,GWO,poblacional,300.0000000109105,300.0000000109105,False,False,,,,,,,30,0,31,Llenando ventana
632,3,GWO,poblacional,300.0000000109105,300.0000000109105,False,False,,,,,,,31,0,32,Llenando ventana
633,3,GWO,poblacional,300.0000000109105,300.0000000109105,False,False,,,,,,,32,0,33,Llenando ventana
634,3,GWO,poblacional,300.0000000109105,300.0000000109105,False,False,,,,,,,33,0,34,Llenando ventana
635,3,GWO,poblacional,300.0000000109105,300.0000000109105,False,False,,,,,,,34,0,35,Llenando ventana
636,3,GWO,poblacional,300.0000000109105,300.0000000109105,False,False,,,,,,,35,0,36,Llenando ventana
637,3,GWO,poblacional,300.0000000109105,300.0000000109105,False,False,,,,,,,36,0,37,Llenando ventana
638,3,GWO,poblacional,300.0000000109105,300.0000000109105,False,False,,,,,,,37,0,38,Llenando ventana
639,3,GWO,poblacional,300.0000000109105,300.0000000109105,False,False,,,,,,,38,0,39,Llenando ventana
640,3,GWO,poblacional,300.0000000109105,300.0000000109105,False,False,,,,,,,39,0,40,Llenando ventana
641,3,GWO,poblacional,300.0000000109105,300.0000000109105,False,False,,,,,,,40,0,41,Llenando ventana
642,3,GWO,poblacional,300.0000000109105,300.0000000109105,False,False,,,,,,,41,0,42,Llenando ventana
643,3,GWO,poblacional,300.0000000109105,300.0000000109105,False,False,,,,,,,42,0,43,Llenando ventana
644,3,GWO,poblacional,300.0000000109105,300.0000000109105,False,False,,,,,,,43,0,44,Llenando ventana
645,3,GWO,poblacional,300.0000000109105,300.0000000109105,False,False,,,,,,,44,0,45,Llenando ventana
646,3,GWO,poblacional,300.0000000109105,300.0000000109105,False,False,,,,,,,45,0,46,Llenando ventana
647,3,GWO,poblacional,300.0000000109105,300.0000000109105,False,False,,,,,,,46,0,47,Llenando ventana
648,3,GWO,poblacional,300.0000000109105,300.0000000109105,False,False,,,,,,,47,0,48,Llenando ventana
649,3,GWO,poblacional,300.0000000109105,300.0000000109105,False,False,,,,,,,48,0,49,Llenando ventana
650,3,GWO,poblacional,300.0000000109105,300.0000000109105,False,False,,,,,,,49,0,50,Llenando ventana
651,3,GWO,poblacional,300.0000000109105,300.0000000109105,False,False,,,,,,,50,0,51,Llenando ventana
652,3,GWO,poblacional,300.0000000109105,300.0000000109105,False,False,,,,,,,51,0,52,Llenando ventana
653,3,GWO,poblacional,300.0000000109105,300.0000000109105,False,False,,,,,,,52,0,53,Llenando ventana
654,3,GWO,poblacional,300.0000000109105,300.0000000109105,False,False,,,,,,,53,0,54,Llenando ventana
655,3,GWO,poblacional,300.0000000109105,300.0000000109105,False,False,,,,,,,54,0,55,Llenando ventana
656,3,GWO,poblacional,300.0000000109105,300.0000000109105,False,False,,,,,,,55,0,56,Llenando ventana
657,3,GWO,poblacional,300.0000000109105,300.0000000109105,False,False,,,,,,,56,0,57,Llenando ventana
658,3,GWO,poblacional,300.0000000109105,300.0000000109105,False,False,,,,,,,57,0,58,Llenando ventana
659,3,GWO,poblacional,300.0000000109105,300.0000000109105,False,False,,,,,,,58,0,59,Llenando ventana
660,3,GWO,poblacional,300.0000000109105,300.0000000109105,False,False,,,,,,,59,0,60,Llenando ventana
661,3,GWO,poblacional,300.0000000109105,300.0000000109105,False,False,,,,,,,60,0,61,Llenando ventana
662,3,GWO,poblacional,300.0000000109105,300.0000000109105,False,False,,,,,,,61,0,62,Llenando ventana
663,3,GWO,poblacional,300.0000000109105,300.0000000109105,False,False,,,,,,,62,0,63,Llenando ventana
664,3,GWO,poblacional,300.0000000109105,300.0000000109105,False,False,,,,,,,63,0,64,Llenando ventana
665,3,GWO,poblacional,300.0000000109105,300.0000000109105,False,False,,,,,,,64,0,65,Llenando ventana
666,3,GWO,poblacional,300.0000000109105,300.0000000109105,False,False,,,,,,,65,0,66,Llenando ventana
667,3,GWO,poblacional,300.0000000109105,300.0000000109105,False,False,,,,,,,66,0,67,Llenando ventana
668,3,GWO,poblacional,300.0000000109105,300.0000000109105,False,False,,,,,,,67,0,68,Llenando ventana
669,3,GWO,poblacional,300.0000000109105,300.0000000109105,False,False,,,,,,,68,0,69,Llenando ventana
670,3,GWO,poblacional,300.0000000109105,300.0000000109105,False,False,,,,,,,69,0,70,Llenando ventana
671,3,GWO,poblacional,300.0000000109105,300.0000000109105,False,False,,,,,,,70,0,71,Llenando ventana
672,3,GWO,poblacional,300.0000000109105,300.0000000109105,False,False,,,,,,,71,0,72,Llenando ventana
673,3,GWO,poblacional,300.0000000109105,300.0000000109105,False,False,,,,,,,72,0,73,Llenando ventana
674,3,GWO,poblacional,300.0000000109105,300.0000000109105,False,False,,,,,,,73,0,74,Llenando ventana
675,3,GWO,poblacional,300.0000000109105,300.0000000109105,True,False,7.399999999999977,0.0,7.399999999999977,7.5,37.5,22.5,74,0,75,Explotacion activa
676,3,GWO,poblacional,300.0000000109105,300.0000000109105,True,False,7.399999999999977,0.0,7.399999999999977,7.5,37.5,22.5,75,0,76,Explotacion activa
677,3,GWO,poblacional,300.0000000109105,300.0000000109105,True,False,7.399999999999977,0.0,7.399999999999977,7.5,37.5,22.5,76,0,77,Explotacion activa
678,3,GWO,poblacional,300.0000000109105,300.0000000109105,True,False,7.399999999999977,0.0,7.399999999999977,7.5,37.5,22.5,77,0,78,Explotacion activa
679,3,GWO,poblacional,300.0000000109105,300.0000000109105,True,False,7.399999999999977,0.0,7.399999999999977,7.5,37.5,22.5,78,0,79,Explotacion activa
680,3,GWO,poblacional,300.0000000109105,300.0000000109105,True,False,7.399999999999977,0.0,7.399999999999977,7.5,37.5,22.5,79,0,80,Explotacion activa
681,3,GWO,poblacional,300.0000000109105,300.0000000109105,True,False,7.399999999999977,0.0,7.399999999999977,7.5,37.5,22.5,80,0,81,Explotacion activa
682,3,GWO,poblacional,300.0000000109105,300.0000000109105,True,False,7.399999999999977,0.0,7.399999999999977,7.5,37.5,22.5,81,0,82,Explotacion activa
683,3,GWO,poblacional,300.0000000109105,300.0000000109105,True,False,7.399999999999977,0.0,7.399999999999977,7.5,37.5,22.5,82,0,83,Explotacion activa
684,3,GWO,poblacional,300.0000000109105,300.0000000109105,True,False,7.399999999999977,0.0,7.399999999999977,0.0,7.399999999999977,7.399999999999977,83,1,84,Explotacion activa
685,3,GWO,poblacional,300.0000000109105,300.0000000109105,True,False,7.399999999999977,0.0,7.399999999999977,0.0,7.399999999999977,7.399999999999977,84,2,85,Explotacion activa
686,3,GWO,poblacional,300.0000000109105,300.0000000109105,True,False,7.399999999999977,0.0,7.399999999999977,0.0,7.399999999999977,7.399999999999977,85,3,86,Explotacion activa
687,3,GWO,poblacional,300.0000000109105,300.0000000109105,True,False,7.399999999999977,0.0,7.399999999999977,0.0,7.399999999999977,7.399999999999977,86,4,87,Explotacion activa
688,3,GWO,poblacional,300.0000000109105,300.0000000109105,True,False,7.399999999999977,0.0,7.399999999999977,0.0,7.399999999999977,7.399999999999977,87,5,88,Explotacion activa
689,3,GWO,poblacional,300.0000000109105,300.0000000109105,True,False,7.399999999999977,0.0,7.399999999999977,0.0,7.399999999999977,7.399999999999977,88,6,89,Explotacion activa
690,3,GWO,poblacional,300.0000000109105,300.0000000109105,True,False,7.399999999999977,0.0,7.399999999999977,0.0,7.399999999999977,7.399999999999977,89,7,90,Explotacion activa
691,3,GWO,poblacional,300.0000000109105,300.0000000109105,True,False,7.399999999999977,0.0,7.399999999999977,0.0,7.399999999999977,7.399999999999977,90,8,91,Explotacion activa
692,3,GWO,poblacional,300.0000000109105,300.0000000109105,True,False,7.399999999999977,0.0,7.399999999999977,0.0,7.399999999999977,7.399999999999977,91,9,92,Explotacion activa
693,3,GWO,poblacional,300.0000000109105,300.0000000109105,True,False,7.399999999999977,0.0,7.399999999999977,0.0,7.399999999999977,7.399999999999977,92,10,93,Explotacion activa
694,3,GWO,poblacional,300.0000000109105,300.0000000109105,True,False,7.399999999999977,0.0,7.399999999999977,0.0,7.399999999999977,7.399999999999977,93,11,94,Explotacion activa
695,3,GWO,poblacional,300.0000000109105,300.0000000109105,True,False,7.399999999999977,0.0,7.399999999999977,0.0,7.399999999999977,7.399999999999977,94,12,95,Explotacion activa
696,3,GWO,poblacional,300.0000000109105,300.0000000109105,True,False,7.399999999999977,0.0,7.399999999999977,0.0,7.399999999999977,7.399999999999977,95,13,96,Explotacion activa
697,3,GWO,poblacional,300.0000000109105,300.0000000109105,True,False,7.399999999999977,0.0,7.399999999999977,0.0,7.399999999999977,7.399999999999977,96,14,97,Explotacion activa
698,3,GWO,poblacional,300.0000000109105,300.0000000109105,True,False,7.399999999999977,0.0,7.399999999999977,0.0,7.399999999999977,7.399999999999977,97,15,98,Explotacion activa
699,3,GWO,poblacional,300.0000000109105,300.0000000109105,True,False,7.399999999999977,0.0,7.399999999999977,0.0,7.399999999999977,7.399999999999977,98,16,99,Explotacion activa
700,3,GWO,poblacional,300.0000000109105,300.0000000109105,True,False,7.399999999999977,0.0,7.399999999999977,0.0,7.399999999999977,7.399999999999977,99,17,100,Explotacion activa
701,3,GWO,poblacional,300.0000000109105,300.0000000109105,True,False,7.399999999999977,0.0,7.399999999999977,0.0,7.399999999999977,7.399999999999977,100,18,101,Explotacion activa
702,3,GWO,poblacional,300.0000000109105,300.0000000109105,True,False,7.399999999999977,0.0,7.399999999999977,0.0,7.399999999999977,7.399999999999977,101,19,102,Explotacion activa
703,3,GWO,poblacional,300.0000000109105,300.0000000109105,True,False,7.399999999999977,0.0,7.399999999999977,0.0,7.399999999999977,7.399999999999977,102,20,103,Explotacion activa
704,3,GWO,poblacional,300.0000000109105,300.0000000109105,True,False,7.399999999999977,0.0,7.399999999999977,0.0,7.399999999999977,7.399999999999977,103,21,104,Explotacion activa
705,3,GWO,poblacional,300.0000000109105,300.0000000109105,True,False,7.399999999999977,0.0,7.399999999999977,0.0,7.399999999999977,7.399999999999977,104,22,105,Explotacion activa
706,3,GWO,poblacional,300.0000000109105,300.0000000109105,True,False,7.399999999999977,0.0,7.399999999999977,0.0,7.399999999999977,7.399999999999977,105,23,106,Explotacion activa
707,3,GWO,poblacional,300.0000000109105,300.0000000109105,True,False,7.399999999999977,0.0,7.399999999999977,0.0,7.399999999999977,7.399999999999977,106,24,107,Explotacion activa
708,3,GWO,poblacional,300.0000000109105,300.0000000109105,True,True,7.399999999999977,0.0,7.399999999999977,0.0,7.399999999999977,7.399999999999977,107,25,108,ESTANCAMIENTO (Fire)
709,4,PSO,poblacional,300.0000000109105,300.0000000109105,False,False,,,,,,,0,0,0,Llenando ventana
710,4,PSO,poblacional,300.0000000109105,300.0000000109105,False,False,,,,,,,0,0,0,Llenando ventana
711,4,PSO,poblacional,300.0000000109105,300.0000000109105,False,False,,,,,,,0,0,0,Llenando ventana
712,4,PSO,poblacional,300.0000000109105,300.0000000109105,False,False,,,,,,,0,0,0,Llenando ventana
713,4,PSO,poblacional,300.0000000109105,300.0000000109105,False,False,,,,,,,0,0,0,Llenando ventana
714,4,PSO,poblacional,300.0000000109105,300.0000000109105,False,False,,,,,,,0,0,0,Llenando ventana
715,4,PSO,poblacional,300.0000000109105,300.0000000109105,False,False,,,,,,,0,0,0,Llenando ventana
716,4,PSO,poblacional,300.0000000109105,300.0000000109105,False,False,,,,,,,0,0,0,Llenando ventana
717,4,PSO,poblacional,300.0000000109105,300.0000000109105,False,False,,,,,,,0,0,0,Llenando ventana
718,4,PSO,poblacional,300.0000000109105,300.0000000109105,False,False,,,,,,,0,0,0,Llenando ventana
719,4,PSO,poblacional,300.0000000109105,300.0000000109105,False,False,,,,,,,0,0,0,Llenando ventana
720,4,PSO,poblacional,300.0000000109105,300.0000000109105,False,False,,,,,,,0,0,0,Llenando ventana
721,4,PSO,poblacional,300.0000000109105,300.0000000109105,False,False,,,,,,,0,0,0,Llenando ventana
722,4,PSO,poblacional,300.0000000109105,300.0000000109105,False,False,,,,,,,0,0,0,Llenando ventana
723,4,PSO,poblacional,300.0000000109105,300.0000000109105,False,False,,,,,,,0,0,0,Llenando ventana
724,4,PSO,poblacional,300.0000000109105,300.0000000109105,False,False,,,,,,,0,0,0,Llenando ventana
725,4,PSO,poblacional,300.0000000109105,300.0000000109105,False,False,,,,,,,0,0,0,Llenando ventana
726,4,PSO,poblacional,300.0000000109105,300.0000000109105,False,False,,,,,,,0,0,0,Llenando ventana
727,4,PSO,poblacional,300.0000000109105,300.0000000109105,False,False,,,,,,,0,0,0,Llenando ventana
728,4,PSO,poblacional,300.0000000109105,300.0000000109105,False,False,,,,,,,0,0,0,Llenando ventana
729,4,PSO,poblacional,300.0000000109105,300.0000000109105,False,False,,,,,,,0,0,0,Llenando ventana
730,4,PSO,poblacional,300.0000000109105,300.0000000109105,False,False,,,,,,,0,0,0,Llenando ventana
731,4,PSO,poblacional,300.0000000109105,300.0000000109105,False,False,,,,,,,0,0,0,Llenando ventana
732,4,PSO,poblacional,300.0000000109105,300.0000000109105,False,False,,,,,,,0,0,0,Llenando ventana
733,4,PSO,poblacional,300.0000000109105,300.0000000109105,False,False,,,,,,,0,0,0,Llenando ventana
734,4,PSO,poblacional,300.0000000109105,300.0000000109105,False,False,,,,,,,0,0,0,Llenando ventana
735,4,PSO,poblacional,300.0000000109105,300.0000000109105,False,False,,,,,,,0,0,0,Llenando ventana
736,4,PSO,poblacional,300.0000000109105,300.0000000109105,False,False,,,,,,,0,0,0,Llenando ventana
737,4,PSO,poblacional,300.0000000109105,300.0000000109105,False,False,,,,,,,0,0,0,Llenando ventana
738,4,PSO,poblacional,300.0000000109105,300.0000000109105,False,False,,,,,,,0,0,0,Llenando ventana
739,4,PSO,poblacional,300.0000000109105,300.0000000109105,False,False,,,,,,,0,0,0,Llenando ventana
740,4,PSO,poblacional,300.0000000109105,300.0000000109105,False,False,,,,,,,0,0,0,Llenando ventana
741,4,PSO,poblacional,300.0000000109105,300.0000000109105,False,False,,,,,,,0,0,0,Llenando ventana
742,4,PSO,poblacional,300.0000000109105,300.0000000109105,False,False,,,,,,,0,0,0,Llenando ventana
743,4,PSO,poblacional,300.0000000109105,300.0000000109105,False,False,,,,,,,0,0,0,Llenando ventana
744,4,PSO,poblacional,300.0000000109105,300.0000000109105,False,False,,,,,,,0,0,0,Llenando ventana
745,4,PSO,poblacional,300.0000000109105,300.0000000109105,False,False,,,,,,,0,0,0,Llenando ventana
746,4,PSO,poblacional,300.0000000109105,300.0000000109105,False,False,,,,,,,0,0,0,Llenando ventana
747,4,PSO,poblacional,300.0000000109105,300.0000000109105,False,False,,,,,,,0,0,0,Llenando ventana
748,4,PSO,poblacional,300.0000000109105,300.0000000109105,False,False,,,,,,,0,0,0,Llenando ventana
749,4,PSO,poblacional,300.0000000109105,300.0000000109105,False,False,,,,,,,0,0,0,Llenando ventana
750,4,PSO,poblacional,300.0000000109105,300.0000000109105,False,False,,,,,,,0,0,0,Llenando ventana
751,4,PSO,poblacional,300.0000000109105,300.0000000109105,False,False,,,,,,,0,0,0,Llenando ventana
752,4,PSO,poblacional,300.0000000109105,300.0000000109105,False,False,,,,,,,0,0,0,Llenando ventana
753,4,PSO,poblacional,300.0000000109105,300.0000000109105,False,False,,,,,,,0,0,0,Llenando ventana
754,4,PSO,poblacional,300.0000000109105,300.0000000109105,False,False,,,,,,,0,0,0,Llenando ventana
755,4,PSO,poblacional,300.0000000109105,300.0000000109105,False,False,,,,,,,0,0,0,Llenando ventana
756,4,PSO,poblacional,300.0000000109105,300.0000000109105,False,False,,,,,,,0,0,0,Llenando ventana
757,4,PSO,poblacional,300.0000000109105,300.0000000109105,False,False,,,,,,,0,0,0,Llenando ventana
758,4,PSO,poblacional,300.0000000109105,300.0000000109105,False,False,,,,,,,0,0,0,Llenando ventana
759,4,PSO,poblacional,300.0000000109105,300.0000000109105,False,False,,,,,,,0,0,0,Llenando ventana
760,4,PSO,poblacional,300.0000000109105,300.0000000109105,False,False,,,,,,,0,0,0,Llenando ventana
761,4,PSO,poblacional,300.0000000109105,300.0000000109105,False,False,,,,,,,0,0,0,Llenando ventana
762,4,PSO,poblacional,300.0000000109105,300.0000000109105,False,False,,,,,,,0,0,0,Llenando ventana
763,4,PSO,poblacional,300.0000000109105,300.0000000109105,False,False,,,,,,,0,0,0,Llenando ventana
764,4,PSO,poblacional,300.0000000109105,300.0000000109105,False,False,,,,,,,0,0,0,Llenando ventana
765,4,PSO,poblacional,300.0000000109105,300.0000000109105,False,False,,,,,,,0,0,0,Llenando ventana
766,4,PSO,poblacional,300.0000000109105,300.0000000109105,False,False,,,,,,,0,0,0,Llenando ventana
767,4,PSO,poblacional,300.0000000109105,300.0000000109105,False,False,,,,,,,0,0,0,Llenando ventana
768,4,PSO,poblacional,300.0000000109105,300.0000000109105,False,False,,,,,,,0,0,0,Llenando ventana
769,4,PSO,poblacional,300.0000000109105,300.0000000109105,False,False,,,,,,,0,0,0,Llenando ventana
770,4,PSO,poblacional,300.0000000109105,300.0000000109105,False,False,,,,,,,0,0,0,Llenando ventana
771,4,PSO,poblacional,300.0000000109105,300.0000000109105,False,False,,,,,,,0,0,0,Llenando ventana
772,4,PSO,poblacional,300.0000000109105,300.0000000109105,False,False,,,,,,,0,0,0,Llenando ventana
773,4,PSO,poblacional,300.0000000109105,300.0000000109105,False,False,,,,,,,0,0,0,Llenando ventana
774,4,PSO,poblacional,300.0000000109105,300.0000000109105,False,False,,,,,,,0,0,0,Llenando ventana
775,4,PSO,poblacional,300.0000000109105,300.0000000109105,False,False,,,,,,,0,0,0,Llenando ventana
776,4,PSO,poblacional,300.0000000109105,300.0000000109105,False,False,,,,,,,0,0,0,Llenando ventana
777,4,PSO,poblacional,300.0000000109105,300.0000000109105,False,False,,,,,,,0,0,0,Llenando ventana
778,4,PSO,poblacional,300.0000000109105,300.0000000109105,False,False,,,,,,,0,0,0,Llenando ventana
779,4,PSO,poblacional,300.0000000109105,300.0000000109105,False,False,,,,,,,0,0,0,Llenando ventana
780,4,PSO,poblacional,300.0000000109105,300.0000000109105,False,False,,,,,,,0,0,0,Llenando ventana
781,4,PSO,poblacional,300.0000000109105,300.0000000109105,False,False,,,,,,,0,0,0,Llenando ventana
782,4,PSO,poblacional,300.0000000109105,300.0000000109105,False,False,,,,,,,0,0,0,Llenando ventana
783,4,PSO,poblacional,300.0000000109105,300.0000000109105,False,False,,,7.399999999999977,,,,0,0,0,Llenando ventana
784,4,PSO,poblacional,300.0000000109105,300.0000000109105,False,False,,,7.399999999999977,,,,0,0,0,Llenando ventana
785,4,PSO,poblacional,300.0000000109105,300.0000000109105,False,False,,,7.399999999999977,,,,0,0,0,Llenando ventana
786,4,PSO,poblacional,300.0000000109105,300.0000000109105,False,False,,,7.399999999999977,,,,0,0,0,Llenando ventana
787,4,PSO,poblacional,300.0000000109105,300.0000000109105,False,False,,,7.399999999999977,,,,0,0,0,Llenando ventana
788,4,PSO,poblacional,300.0000000109105,300.0000000109105,False,False,,,7.399999999999977,,,,0,0,0,Llenando ventana
789,4,PSO,poblacional,300.0000000109105,300.0000000109105,False,False,,,7.399999999999977,,,,0,0,0,Llenando ventana
790,4,PSO,poblacional,300.0000000109105,300.0000000109105,False,False,,,7.399999999999977,,,,0,0,0,Llenando ventana
791,4,PSO,poblacional,300.0000000109105,300.0000000109105,False,False,,,7.399999999999977,,,,0,0,0,Llenando ventana
792,4,PSO,poblacional,300.0000000109105,300.0000000109105,False,False,,,7.399999999999977,,,,0,0,0,Llenando ventana
793,4,PSO,poblacional,300.0000000109105,300.0000000109105,False,False,,,7.399999999999977,,,,0,0,0,Llenando ventana
794,4,PSO,poblacional,300.0000000109105,300.0000000109105,False,False,,,7.399999999999977,,,,0,0,0,Llenando ventana
795,4,PSO,poblacional,300.0000000109105,300.0000000109105,False,False,,,7.399999999999977,,,,0,0,0,Llenando ventana
796,4,PSO,poblacional,300.0000000109105,300.0000000109105,False,False,,,7.399999999999977,,,,0,0,0,Llenando ventana
797,4,PSO,poblacional,300.0000000109105,300.0000000109105,False,False,,,7.399999999999977,,,,0,0,0,Llenando ventana
798,4,PSO,poblacional,300.0000000109105,300.0000000109105,False,False,,,7.399999999999977,,,,0,0,0,Llenando ventana
799,4,PSO,poblacional,300.0000000109105,300.0000000109105,False,False,,,7.399999999999977,,,,0,0,0,Llenando ventana
800,4,PSO,poblacional,300.0000000109105,300.0000000109105,False,False,,,7.399999999999977,,,,0,0,0,Llenando ventana
801,4,PSO,poblacional,300.0000000109105,300.0000000109105,False,False,,,7.399999999999977,,,,0,0,0,Llenando ventana
802,4,PSO,poblacional,300.0000000109105,300.0000000109105,False,False,,,7.399999999999977,,,,0,0,0,Llenando ventana
803,4,PSO,poblacional,300.0000000109105,300.0000000109105,False,False,,,7.399999999999977,,,,0,0,0,Llenando ventana
804,4,PSO,poblacional,300.0000000109105,300.0000000109105,False,False,,,7.399999999999977,,,,0,0,0,Llenando ventana
805,4,PSO,poblacional,300.0000000109105,300.0000000109105,False,False,,,7.399999999999977,,,,0,0,0,Llenando ventana
806,4,PSO,poblacional,300.0000000109105,300.0000000109105,False,False,,,7.399999999999977,,,,0,0,0,Llenando ventana
807,4,PSO,poblacional,300.0000000109105,300.0000000109105,False,False,,,7.399999999999977,,,,0,0,0,Llenando ventana
808,4,PSO,poblacional,300.0000000109105,300.0000000109105,False,False,,,7.399999999999977,,,,0,0,0,Llenando ventana
809,4,PSO,poblacional,300.0000000109105,300.0000000109105,False,False,,,7.399999999999977,,,,0,0,0,Llenando ventana
810,4,PSO,poblacional,300.0000000109105,300.0000000109105,False,False,,,7.399999999999977,,,,0,0,0,Llenando ventana
811,4,PSO,poblacional,300.0000000109105,300.0000000109105,False,False,,,7.399999999999977,,,,0,0,0,Llenando ventana
812,4,PSO,poblacional,300.0000000109105,300.0000000109105,False,False,,,7.399999999999977,,,,0,0,0,Llenando ventana
813,4,PSO,poblacional,300.0000000109105,300.0000000109105,False,False,,,7.399999999999977,,,,0,0,0,Llenando ventana
814,4,PSO,poblacional,300.0000000109105,300.0000000109105,False,False,,,7.399999999999977,,,,0,0,0,Llenando ventana
815,4,PSO,poblacional,300.0000000109105,300.0000000109105,False,False,,,7.399999999999977,,,,0,0,0,Llenando ventana
816,4,PSO,poblacional,300.0000000109105,300.0000000109105,False,False,,,7.399999999999977,,,,0,0,0,Llenando ventana
817,5,ACO,poblacional,300.0000000109105,221617018.33701667,False,False,,,,,,,0,0,1,Llenando ventana
818,5,ACO,poblacional,300.0000000109105,42676.26495847699,False,False,,,,,,,1,0,2,Llenando ventana
819,5,ACO,poblacional,300.0000000109105,983527.5745058216,False,False,,,,,,,2,0,3,Llenando ventana
820,5,ACO,poblacional,300.0000000109105,127363.35435839783,False,False,,,,,,,3,0,4,Llenando ventana
821,5,ACO,poblacional,300.0000000109105,47610.152711619536,False,False,,,,,,,4,0,5,Llenando ventana
822,5,ACO,poblacional,300.0000000109105,413179.7708354925,False,False,,,,,,,5,0,6,Llenando ventana
823,5,ACO,poblacional,300.0000000109105,17917083.70068163,False,False,,,,,,,6,0,7,Llenando ventana
824,5,ACO,poblacional,300.0000000109105,54989.067500904894,False,False,,,,,,,7,0,8,Llenando ventana
825,5,ACO,poblacional,300.0000000109105,82168.3837242852,False,False,,,,,,,8,0,9,Llenando ventana
826,5,ACO,poblacional,300.0000000109105,56097.00199560726,False,False,,,,,,,9,0,10,Llenando ventana
827,5,ACO,poblacional,300.0000000109105,14320530.670549845,False,False,,,,,,,10,0,11,Llenando ventana
828,5,ACO,poblacional,300.0000000109105,22054579.224468086,False,False,,,,,,,11,0,12,Llenando ventana
829,5,ACO,poblacional,300.0000000109105,681972.8724960507,False,False,,,,,,,12,0,13,Llenando ventana
830,5,ACO,poblacional,300.0000000109105,5579939.020738902,False,False,,,,,,,13,0,14,Llenando ventana
831,5,ACO,poblacional,300.0000000109105,22978.893936257988,False,False,,,,,,,14,0,15,Llenando ventana
832,5,ACO,poblacional,300.0000000109105,957772.4729050747,False,False,,,,,,,15,0,16,Llenando ventana
833,5,ACO,poblacional,300.0000000109105,58934.415076526064,False,False,,,,,,,16,0,17,Llenando ventana
834,5,ACO,poblacional,300.0000000109105,7620791.53256662,False,False,,,,,,,17,0,18,Llenando ventana
835,5,ACO,poblacional,300.0000000109105,52813.627665944696,False,False,,,,,,,18,0,19,Llenando ventana
836,5,ACO,poblacional,300.0000000109105,20726677.367185947,False,False,,,,,,,19,0,20,Llenando ventana
837,5,ACO,poblacional,300.0000000109105,18588.262204664446,False,False,,,,,,,20,0,21,Llenando ventana
838,5,ACO,poblacional,300.0000000109105,319221.5423555296,False,False,,,,,,,21,0,22,Llenando ventana
839,5,ACO,poblacional,300.0000000109105,47355.50648872651,False,False,,,,,,,22,0,23,Llenando ventana
840,5,ACO,poblacional,300.0000000109105,75899.7921555018,False,False,,,,,,,23,0,24,Llenando ventana
841,5,ACO,poblacional,300.0000000109105,25051956.136783324,False,False,,,,,,,24,0,25,Llenando ventana
842,5,ACO,poblacional,300.0000000109105,129908.99341589003,False,False,,,,,,,25,0,26,Llenando ventana
843,5,ACO,poblacional,300.0000000109105,288718.3374468281,False,False,,,,,,,26,0,27,Llenando ventana
844,5,ACO,poblacional,300.0000000109105,52475722.44713982,False,False,,,,,,,27,0,28,Llenando ventana
845,5,ACO,poblacional,300.0000000109105,1124752.6078490908,False,False,,,,,,,28,0,29,Llenando ventana
846,5,ACO,poblacional,300.0000000109105,271127826.37937295,False,False,,,,,,,29,0,30,Llenando ventana
847,5,ACO,poblacional,300.0000000109105,200587.16401300568,False,False,,,,,,,30,0,31,Llenando ventana
848,5,ACO,poblacional,300.0000000109105,67874.5262209101,False,False,,,,,,,31,0,32,Llenando ventana
849,5,ACO,poblacional,300.0000000109105,1380094.372528435,False,False,,,,,,,32,0,33,Llenando ventana
850,5,ACO,poblacional,300.0000000109105,87136614.58250728,False,False,,,,,,,33,0,34,Llenando ventana
851,5,ACO,poblacional,300.0000000109105,53855.715988315824,False,False,,,,,,,34,0,35,Llenando ventana
852,5,ACO,poblacional,300.0000000109105,4229392.741990616,False,False,,,,,,,35,0,36,Llenando ventana
853,5,ACO,poblacional,300.0000000109105,18656155.89423705,False,False,,,,,,,36,0,37,Llenando ventana
854,5,ACO,poblacional,300.0000000109105,197422.5210218938,False,False,,,,,,,37,0,38,Llenando ventana
855,5,ACO,poblacional,300.0000000109105,239724.41882430753,False,False,,,,,,,38,0,39,Llenando ventana
856,5,ACO,poblacional,300.0000000109105,1764629.1331499864,False,False,,,,,,,39,0,40,Llenando ventana
857,5,ACO,poblacional,300.0000000109105,179182.45860405,False,False,,,,,,,40,0,41,Llenando ventana
858,5,ACO,poblacional,300.0000000109105,166061.03366057284,False,False,,,,,,,41,0,42,Llenando ventana
859,5,ACO,poblacional,300.0000000109105,62376.38928490992,False,False,,,,,,,42,0,43,Llenando ventana
860,5,ACO,poblacional,300.0000000109105,45195.90777474974,False,False,,,,,,,43,0,44,Llenando ventana
861,5,ACO,poblacional,300.0000000109105,2165441.61932899,False,False,,,,,,,44,0,45,Llenando ventana
862,5,ACO,poblacional,300.0000000109105,854838.2499469619,False,False,,,,,,,45,0,46,Llenando ventana
863,5,ACO,poblacional,300.0000000109105,70362.06029242872,False,False,,,,,,,46,0,47,Llenando ventana
864,5,ACO,poblacional,300.0000000109105,60832.79479194269,False,False,,,,,,,47,0,48,Llenando ventana
865,5,ACO,poblacional,300.0000000109105,23109806.731135335,False,False,,,,,,,48,0,49,Llenando ventana
866,5,ACO,poblacional,300.0000000109105,25404.322901282263,False,False,,,,,,,49,0,50,Llenando ventana
867,5,ACO,poblacional,300.0000000109105,27886.754848198343,False,False,,,,,,,50,0,51,Llenando ventana
868,5,ACO,poblacional,300.0000000109105,56049.970266233766,False,False,,,,,,,51,0,52,Llenando ventana
869,5,ACO,poblacional,300.0000000109105,52046.73054267568,False,False,,,,,,,52,0,53,Llenando ventana
870,5,ACO,poblacional,300.0000000109105,3177197.5701285983,False,False,,,,,,,53,0,54,Llenando ventana
871,5,ACO,poblacional,300.0000000109105,134742.97115498089,False,False,,,,,,,54,0,55,Llenando ventana
872,5,ACO,poblacional,300.0000000109105,1579911.096334541,False,False,,,,,,,55,0,56,Llenando ventana
873,5,ACO,poblacional,300.0000000109105,1394435.3290815759,False,False,,,,,,,56,0,57,Llenando ventana
874,5,ACO,poblacional,300.0000000109105,202888.7364422129,False,False,,,,,,,57,0,58,Llenando ventana
875,5,ACO,poblacional,300.0000000109105,22809.520746467555,False,False,,,,,,,58,0,59,Llenando ventana
876,5,ACO,poblacional,300.0000000109105,212303.28536142537,False,False,,,,,,,59,0,60,Llenando ventana
877,5,ACO,poblacional,300.0000000109105,17896433.906695586,False,False,,,,,,,60,0,61,Llenando ventana
878,5,ACO,poblacional,300.0000000109105,52407.24786640159,False,False,,,,,,,61,0,62,Llenando ventana
879,5,ACO,poblacional,300.0000000109105,78668.37640616277,False,False,,,,,,,62,0,63,Llenando ventana
880,5,ACO,poblacional,300.0000000109105,188211606.3787713,False,False,,,,,,,63,0,64,Llenando ventana
881,5,ACO,poblacional,300.0000000109105,201675847.3692819,False,False,,,,,,,64,0,65,Llenando ventana
882,5,ACO,poblacional,300.0000000109105,51341.237034571845,False,False,,,,,,,65,0,66,Llenando ventana
883,5,ACO,poblacional,300.0000000109105,48074.03402627024,False,False,,,,,,,66,0,67,Llenando ventana
884,5,ACO,poblacional,300.0000000109105,39414.213170355746,False,False,,,,,,,67,0,68,Llenando ventana
885,5,ACO,poblacional,300.0000000109105,52464.21748859914,False,False,,,,,,,68,0,69,Llenando ventana
886,5,ACO,poblacional,300.0000000109105,211129.3118194155,False,False,,,,,,,69,0,70,Llenando ventana
887,5,ACO,poblacional,300.0000000109105,53849.015743896685,False,False,,,,,,,70,0,71,Llenando ventana
888,5,ACO,poblacional,300.0000000109105,70145.65679359881,False,False,,,,,,,71,0,72,Llenando ventana
889,5,ACO,poblacional,300.0000000109105,171174.503209833,False,False,,,,,,,72,0,73,Llenando ventana
890,5,ACO,poblacional,300.0000000109105,39301.31614993672,False,False,,,,,,,73,0,74,Llenando ventana
891,5,ACO,poblacional,300.0000000109105,5811198.403921665,True,False,7.399999999999977,0.0,7.399999999999977,7.5,37.5,22.5,74,0,75,Explotacion activa
892,5,ACO,poblacional,300.0000000109105,103685.87364416599,True,False,7.399999999999977,0.0,7.399999999999977,7.5,37.5,22.5,75,0,76,Explotacion activa
893,5,ACO,poblacional,300.0000000109105,3047233.4107766054,True,False,7.399999999999977,0.0,7.399999999999977,7.5,37.5,22.5,76,0,77,Explotacion activa
894,5,ACO,poblacional,300.0000000109105,67394.42084099019,True,False,7.399999999999977,0.0,7.399999999999977,7.5,37.5,22.5,77,0,78,Explotacion activa
895,5,ACO,poblacional,300.0000000109105,75628.27194399433,True,False,7.399999999999977,0.0,7.399999999999977,7.5,37.5,22.5,78,0,79,Explotacion activa
896,5,ACO,poblacional,300.0000000109105,155996.37837197483,True,False,7.399999999999977,0.0,7.399999999999977,7.5,37.5,22.5,79,0,80,Explotacion activa
897,5,ACO,poblacional,300.0000000109105,4255590.402350654,True,False,7.399999999999977,0.0,7.399999999999977,7.5,37.5,22.5,80,0,81,Explotacion activa
898,5,ACO,poblacional,300.0000000109105,2379875.65495319,True,False,7.399999999999977,0.0,7.399999999999977,7.5,37.5,22.5,81,0,82,Explotacion activa
899,5,ACO,poblacional,300.0000000109105,1125936.0494729318,True,False,7.399999999999977,0.0,7.399999999999977,7.5,37.5,22.5,82,0,83,Explotacion activa
900,5,ACO,poblacional,300.0000000109105,893457.8048843544,True,False,7.399999999999977,0.0,7.399999999999977,0.0,7.399999999999977,7.399999999999977,83,1,84,Explotacion activa
901,5,ACO,poblacional,300.0000000109105,17744.642564882088,True,False,7.399999999999977,0.0,7.399999999999977,0.0,7.399999999999977,7.399999999999977,84,2,85,Explotacion activa
902,5,ACO,poblacional,300.0000000109105,34473.68629668178,True,False,7.399999999999977,0.0,7.399999999999977,0.0,7.399999999999977,7.399999999999977,85,3,86,Explotacion activa
903,5,ACO,poblacional,300.0000000109105,63921.842022807105,True,False,7.399999999999977,0.0,7.399999999999977,0.0,7.399999999999977,7.399999999999977,86,4,87,Explotacion activa
904,5,ACO,poblacional,300.0000000109105,2556391.976307793,True,False,7.399999999999977,0.0,7.399999999999977,0.0,7.399999999999977,7.399999999999977,87,5,88,Explotacion activa
905,5,ACO,poblacional,300.0000000109105,122265916.19736299,True,False,7.399999999999977,0.0,7.399999999999977,0.0,7.399999999999977,7.399999999999977,88,6,89,Explotacion activa
906,5,ACO,poblacional,300.0000000109105,1087139.6502491205,True,False,7.399999999999977,0.0,7.399999999999977,0.0,7.399999999999977,7.399999999999977,89,7,90,Explotacion activa
907,5,ACO,poblacional,300.0000000109105,49001.659207865065,True,False,7.399999999999977,0.0,7.399999999999977,0.0,7.399999999999977,7.399999999999977,90,8,91,Explotacion activa
908,5,ACO,poblacional,300.0000000109105,45964.35530908813,True,False,7.399999999999977,0.0,7.399999999999977,0.0,7.399999999999977,7.399999999999977,91,9,92,Explotacion activa
909,5,ACO,poblacional,300.0000000109105,8810539.225733401,True,False,7.399999999999977,0.0,7.399999999999977,0.0,7.399999999999977,7.399999999999977,92,10,93,Explotacion activa
910,5,ACO,poblacional,300.0000000109105,53113864.76761876,True,False,7.399999999999977,0.0,7.399999999999977,0.0,7.399999999999977,7.399999999999977,93,11,94,Explotacion activa
911,5,ACO,poblacional,300.0000000109105,65151.229676488285,True,False,7.399999999999977,0.0,7.399999999999977,0.0,7.399999999999977,7.399999999999977,94,12,95,Explotacion activa
912,5,ACO,poblacional,300.0000000109105,37547.49030256455,True,False,7.399999999999977,0.0,7.399999999999977,0.0,7.399999999999977,7.399999999999977,95,13,96,Explotacion activa
913,5,ACO,poblacional,300.0000000109105,77403.14206266444,True,False,7.399999999999977,0.0,7.399999999999977,0.0,7.399999999999977,7.399999999999977,96,14,97,Explotacion activa
914,5,ACO,poblacional,300.0000000109105,2067855.4676395394,True,False,7.399999999999977,0.0,7.399999999999977,0.0,7.399999999999977,7.399999999999977,97,15,98,Explotacion activa
915,5,ACO,poblacional,300.0000000109105,50520.8335756617,True,False,7.399999999999977,0.0,7.399999999999977,0.0,7.399999999999977,7.399999999999977,98,16,99,Explotacion activa
916,5,ACO,poblacional,300.0000000109105,42730.910323975404,True,False,7.399999999999977,0.0,7.399999999999977,0.0,7.399999999999977,7.399999999999977,99,17,100,Explotacion activa
917,5,ACO,poblacional,300.0000000109105,42996.611130061276,True,False,7.399999999999977,0.0,7.399999999999977,0.0,7.399999999999977,7.399999999999977,100,18,101,Explotacion activa
918,5,ACO,poblacional,300.0000000109105,43727.838558920856,True,False,7.399999999999977,0.0,7.399999999999977,0.0,7.399999999999977,7.399999999999977,101,19,102,Explotacion activa
919,5,ACO,poblacional,300.0000000109105,155992.50687163434,True,False,7.399999999999977,0.0,7.399999999999977,0.0,7.399999999999977,7.399999999999977,102,20,103,Explotacion activa
920,5,ACO,poblacional,300.0000000109105,1926382.2632239696,True,False,7.399999999999977,0.0,7.399999999999977,0.0,7.399999999999977,7.399999999999977,103,21,104,Explotacion activa
921,5,ACO,poblacional,300.0000000109105,21141.68885036932,True,False,7.399999999999977,0.0,7.399999999999977,0.0,7.399999999999977,7.399999999999977,104,22,105,Explotacion activa
922,5,ACO,poblacional,300.0000000109105,4669571.598052709,True,False,7.399999999999977,0.0,7.399999999999977,0.0,7.399999999999977,7.399999999999977,105,23,106,Explotacion activa
923,5,ACO,poblacional,300.0000000109105,298301.58076590404,True,False,7.399999999999977,0.0,7.399999999999977,0.0,7.399999999999977,7.399999999999977,106,24,107,Explotacion activa
924,5,ACO,poblacional,300.0000000109105,45044.233646500375,True,True,7.399999999999977,0.0,7.399999999999977,0.0,7.399999999999977,7.399999999999977,107,25,108,ESTANCAMIENTO (Fire)
925,6,EHO,poblacional,300.0000000109105,300.0000000109105,False,False,,,,,,,0,0,1,Llenando ventana
926,6,EHO,poblacional,300.0000000109105,300.0000000109105,False,False,,,,,,,1,0,2,Llenando ventana
927,6,EHO,poblacional,300.0000000109105,300.0000000109105,False,False,,,,,,,2,0,3,Llenando ventana
928,6,EHO,poblacional,300.0000000109105,300.0000000109105,False,False,,,,,,,3,0,4,Llenando ventana
929,6,EHO,poblacional,300.0000000109105,300.0000000109105,False,False,,,,,,,4,0,5,Llenando ventana
930,6,EHO,poblacional,300.0000000109105,300.0000000109105,False,False,,,,,,,5,0,6,Llenando ventana
931,6,EHO,poblacional,300.0000000109105,300.0000000109105,False,False,,,,,,,6,0,7,Llenando ventana
932,6,EHO,poblacional,300.0000000109105,300.0000000109105,False,False,,,,,,,7,0,8,Llenando ventana
933,6,EHO,poblacional,300.0000000109105,300.0000000109105,False,False,,,,,,,8,0,9,Llenando ventana
934,6,EHO,poblacional,300.0000000109105,300.0000000109105,False,False,,,,,,,9,0,10,Llenando ventana
935,6,EHO,poblacional,300.0000000109105,300.0000000109105,False,False,,,,,,,10,0,11,Llenando ventana
936,6,EHO,poblacional,300.0000000109105,300.0000000109105,False,False,,,,,,,11,0,12,Llenando ventana
937,6,EHO,poblacional,300.0000000109105,300.0000000109105,False,False,,,,,,,12,0,13,Llenando ventana
938,6,EHO,poblacional,300.0000000109105,300.0000000109105,False,False,,,,,,,13,0,14,Llenando ventana
939,6,EHO,poblacional,300.0000000109105,300.0000000109105,False,False,,,,,,,14,0,15,Llenando ventana
940,6,EHO,poblacional,300.0000000109105,300.0000000109105,False,False,,,,,,,15,0,16,Llenando ventana
941,6,EHO,poblacional,300.0000000109105,300.0000000109105,False,False,,,,,,,16,0,17,Llenando ventana
942,6,EHO,poblacional,300.0000000109105,300.0000000109105,False,False,,,,,,,17,0,18,Llenando ventana
943,6,EHO,poblacional,300.0000000109105,300.0000000109105,False,False,,,,,,,18,0,19,Llenando ventana
944,6,EHO,poblacional,300.0000000109105,300.0000000109105,False,False,,,,,,,19,0,20,Llenando ventana
945,6,EHO,poblacional,300.0000000109105,300.0000000109105,False,False,,,,,,,20,0,21,Llenando ventana
946,6,EHO,poblacional,300.0000000109105,300.0000000109105,False,False,,,,,,,21,0,22,Llenando ventana
947,6,EHO,poblacional,300.0000000109105,300.0000000109105,False,False,,,,,,,22,0,23,Llenando ventana
948,6,EHO,poblacional,300.0000000109105,300.0000000109105,False,False,,,,,,,23,0,24,Llenando ventana
949,6,EHO,poblacional,300.0000000109105,300.0000000109105,False,False,,,,,,,24,0,25,Llenando ventana
950,6,EHO,poblacional,300.0000000109105,300.0000000109105,False,False,,,,,,,25,0,26,Llenando ventana
951,6,EHO,poblacional,300.0000000109105,300.0000000109105,False,False,,,,,,,26,0,27,Llenando ventana
952,6,EHO,poblacional,300.0000000109105,300.0000000109105,False,False,,,,,,,27,0,28,Llenando ventana
953,6,EHO,poblacional,300.0000000109105,300.0000000109105,False,False,,,,,,,28,0,29,Llenando ventana
954,6,EHO,poblacional,300.0000000109105,300.0000000109105,False,False,,,,,,,29,0,30,Llenando ventana
955,6,EHO,poblacional,300.0000000109105,300.0000000109105,False,False,,,,,,,30,0,31,Llenando ventana
956,6,EHO,poblacional,300.0000000109105,300.0000000109105,False,False,,,,,,,31,0,32,Llenando ventana
957,6,EHO,poblacional,300.0000000086147,300.0000000086147,False,False,,,,,,,0,0,33,Llenando ventana
958,6,EHO,poblacional,300.0000000086147,300.0000000086147,False,False,,,,,,,1,0,34,Llenando ventana
959,6,EHO,poblacional,300.00000000788583,300.00000000788583,False,False,,,,,,,0,0,35,Llenando ventana
960,6,EHO,poblacional,300.0000000063637,300.0000000063637,False,False,,,,,,,0,0,36,Llenando ventana
961,6,EHO,poblacional,300.00000000617797,300.00000000617797,False,False,,,,,,,0,0,37,Llenando ventana
962,6,EHO,poblacional,300.0000000053291,300.0000000053291,False,False,,,,,,,0,0,38,Llenando ventana
963,6,EHO,poblacional,300.0000000053291,300.0000000053291,False,False,,,,,,,1,0,39,Llenando ventana
964,6,EHO,poblacional,300.0000000053291,300.0000000053291,False,False,,,,,,,2,0,40,Llenando ventana
965,6,EHO,poblacional,300.0000000053291,300.0000000053291,False,False,,,,,,,3,0,41,Llenando ventana
966,6,EHO,poblacional,300.00000000363787,300.00000000363787,False,False,,,,,,,0,0,42,Llenando ventana
967,6,EHO,poblacional,300.0000000034664,300.0000000034664,False,False,,,,,,,0,0,43,Llenando ventana
968,6,EHO,poblacional,300.0000000034664,300.0000000034664,False,False,,,,,,,1,0,44,Llenando ventana
969,6,EHO,poblacional,300.00000000304146,300.00000000304146,False,False,,,,,,,0,0,45,Llenando ventana
970,6,EHO,poblacional,300.00000000225646,300.00000000225646,False,False,,,,,,,0,0,46,Llenando ventana
971,6,EHO,poblacional,300.0000000022201,300.0000000022201,False,False,,,,,,,0,0,47,Llenando ventana
972,6,EHO,poblacional,300.0000000018558,300.0000000018558,False,False,,,,,,,0,0,48,Llenando ventana
973,6,EHO,poblacional,300.0000000016961,300.0000000016961,False,False,,,,,,,0,0,49,Llenando ventana
974,6,EHO,poblacional,300.0000000013841,300.0000000013841,False,False,,,,,,,0,0,50,Llenando ventana
975,6,EHO,poblacional,300.00000000134145,300.00000000134145,False,False,,,,,,,0,0,51,Llenando ventana
976,6,EHO,poblacional,300.00000000126414,300.00000000126414,False,False,,,,,,,0,0,52,Llenando ventana
977,6,EHO,poblacional,300.00000000126164,300.00000000126164,False,False,,,,,,,0,0,53,Llenando ventana
978,6,EHO,poblacional,300.0000000011059,300.0000000011059,False,False,,,,,,,0,0,54,Llenando ventana
979,6,EHO,poblacional,300.0000000010615,300.0000000010615,False,False,,,,,,,0,0,55,Llenando ventana
980,6,EHO,poblacional,300.00000000104484,300.00000000104484,False,False,,,,,,,0,0,56,Llenando ventana
981,6,EHO,poblacional,300.0000000010271,300.0000000010271,False,False,,,,,,,0,0,57,Llenando ventana
982,6,EHO,poblacional,300.0000000010064,300.0000000010064,False,False,,,,,,,0,0,58,Llenando ventana
983,6,EHO,poblacional,300.00000000092444,300.00000000092444,False,False,,,,,,,0,0,59,Llenando ventana
984,6,EHO,poblacional,300.00000000085265,300.00000000085265,False,False,,,,,,,0,0,60,Llenando ventana
985,6,EHO,poblacional,300.00000000085265,300.00000000085265,False,False,,,,,,,1,0,61,Llenando ventana
986,6,EHO,poblacional,300.00000000085265,300.00000000085265,False,False,,,,,,,2,0,62,Llenando ventana
987,6,EHO,poblacional,300.0000000008438,300.0000000008438,False,False,,,,,,,0,0,63,Llenando ventana
988,6,EHO,poblacional,300.00000000076193,300.00000000076193,False,False,,,,,,,0,0,64,Llenando ventana
989,6,EHO,poblacional,300.0000000007223,300.0000000007223,False,False,,,,,,,0,0,65,Llenando ventana
990,6,EHO,poblacional,300.00000000070315,300.00000000070315,False,False,,,,,,,0,0,66,Llenando ventana
991,6,EHO,poblacional,300.00000000070315,300.00000000070315,False,False,,,,,,,1,0,67,Llenando ventana
992,6,EHO,poblacional,300.00000000066586,300.00000000066586,False,False,,,,,,,0,0,68,Llenando ventana
993,6,EHO,poblacional,300.0000000005319,300.0000000005319,False,False,,,,,,,0,0,69,Llenando ventana
994,6,EHO,poblacional,300.0000000005319,300.0000000005319,False,False,,,,,,,1,0,70,Llenando ventana
995,6,EHO,poblacional,300.00000000053,300.00000000053,False,False,,,,,,,0,0,71,Llenando ventana
996,6,EHO,poblacional,300.00000000051745,300.00000000051745,False,False,,,,,,,0,0,72,Llenando ventana
997,6,EHO,poblacional,300.00000000033714,300.00000000033714,False,False,,,,,,,0,0,73,Llenando ventana
998,6,EHO,poblacional,300.00000000033714,300.00000000033714,False,False,,,,,,,1,0,74,Llenando ventana
999,6,EHO,poblacional,300.000000000321,300.000000000321,True,False,7.399999973339504,1.0589531029836508e-08,7.399999962749973,7.5,37.5,22.5,0,0,75,Explotacion activa
1000,6,EHO,poblacional,300.00000000021475,300.00000000021475,True,False,7.399999973233264,1.0695771379687358e-08,7.399999962537493,7.5,37.5,22.5,0,0,76,Explotacion activa
1001,6,EHO,poblacional,300.00000000021396,300.00000000021396,True,False,7.399999973232468,1.0696567187551409e-08,7.399999962535901,7.5,37.5,22.5,0,0,77,Explotacion activa
1002,6,EHO,poblacional,300.00000000021396,300.00000000021396,True,False,7.399999973232468,1.0696567187551409e-08,7.399999962535901,7.5,37.5,22.5,1,0,78,Explotacion activa
1003,6,EHO,poblacional,300.0000000001962,300.0000000001962,True,False,7.399999973214733,1.0714302334235981e-08,7.399999962500431,7.5,37.5,22.5,0,0,79,Explotacion activa
1004,6,EHO,poblacional,300.00000000018576,300.00000000018576,True,False,7.399999973204274,1.072476152330637e-08,7.399999962479512,7.5,37.5,22.5,0,0,80,Explotacion activa
1005,6,EHO,poblacional,300.0000000001799,300.0000000001799,True,False,7.399999973198419,1.0730616395449033e-08,7.399999962467803,7.5,37.5,22.5,0,0,81,Explotacion activa
1006,6,EHO,poblacional,300.0000000001703,300.0000000001703,True,False,7.399999973188812,1.074022293323651e-08,7.3999999624485895,7.5,37.5,22.5,0,0,82,Explotacion activa
1007,6,EHO,poblacional,300.00000000016547,300.00000000016547,True,False,7.399999973183981,1.0745054623839678e-08,7.399999962438926,7.5,37.5,22.5,0,0,83,Explotacion activa
1008,6,EHO,poblacional,300.0000000001564,300.0000000001564,True,False,7.399999973174886,1.0754149570857408e-08,7.399999962420736,1.0696567187551409e-08,7.399999973232468,7.399999962535901,0,0,84,Explotacion activa
1009,6,EHO,poblacional,300.0000000001525,300.0000000001525,True,False,7.39999997317102,1.0758014923339942e-08,7.3999999624130055,1.0696567187551409e-08,7.399999973232468,7.399999962535901,0,0,85,Explotacion activa
1010,6,EHO,poblacional,300.00000000015007,300.00000000015007,True,False,7.399999973168576,1.0760459190350957e-08,7.399999962408117,1.0701887731556781e-08,7.399999973227148,7.39999996252526,0,0,86,Explotacion activa
1011,6,EHO,poblacional,300.00000000011266,300.00000000011266,True,False,7.399999973131173,1.0797862159961369e-08,7.399999962333311,1.0707208275562153e-08,7.399999973221827,7.3999999625146184,0,0,87,Explotacion activa
1012,6,EHO,poblacional,300.00000000011266,300.00000000011266,True,False,7.399999973131173,1.0797862159961369e-08,7.399999962333311,1.0712528819567523e-08,7.399999973216507,7.399999962503978,1,0,88,Explotacion activa
1013,6,EHO,poblacional,300.000000000098,300.000000000098,True,False,7.399999973116508,1.0812527762027457e-08,7.39999996230398,1.0716394172050058e-08,7.399999973212641,7.399999962496247,0,0,89,Explotacion activa
1014,6,EHO,poblacional,300.00000000006946,300.00000000006946,True,False,7.399999973087972,1.0841063158295583e-08,7.399999962246909,1.0719531928771175e-08,7.399999973209503,7.3999999624899715,0,0,90,Explotacion activa
1015,6,EHO,poblacional,300.0000000000672,300.0000000000672,True,False,7.3999999730856985,1.0843336895050015e-08,7.399999962242362,1.0722669685492293e-08,7.3999999732063655,7.399999962483696,0,0,91,Explotacion activa
1016,6,EHO,poblacional,300.0000000000672,300.0000000000672,True,False,7.3999999730856985,1.0843336895050015e-08,7.399999962242362,1.0725347010520635e-08,7.3999999732036885,7.399999962478342,1,0,92,Explotacion activa
1017,6,EHO,poblacional,300.0000000000646,300.0000000000646,True,False,7.399999973083084,1.0845951692317612e-08,7.399999962237132,1.0727103472163436e-08,7.399999973201932,7.399999962474828,0,0,93,Explotacion activa
1018,6,EHO,poblacional,300.0000000000508,300.0000000000508,True,False,7.3999999730693276,1.0859707799681928e-08,7.39999996220962,1.0728859933806234e-08,7.399999973200176,7.399999962471315,0,0,94,Explotacion activa
1019,6,EHO,poblacional,300.0000000000405,300.0000000000405,True,False,7.399999973058982,1.0870053301914595e-08,7.399999962188929,1.0730616395449033e-08,7.399999973198419,7.399999962467803,0,0,95,Explotacion activa
1020,6,EHO,poblacional,300.0000000000405,300.0000000000405,True,False,7.399999973058982,1.0870053301914595e-08,7.399999962188929,1.0733498356785277e-08,7.399999973195537,7.399999962462038,1,0,96,Explotacion activa
1021,6,EHO,poblacional,300.0000000000405,300.0000000000405,True,False,7.399999973058982,1.0870053301914595e-08,7.399999962188929,1.0736380318121519e-08,7.399999973192655,7.399999962456275,2,0,97,Explotacion activa
1022,6,EHO,poblacional,300.0000000000405,300.0000000000405,True,False,7.399999973058982,1.0870053301914595e-08,7.399999962188929,1.0739262279457762e-08,7.399999973189773,7.399999962450511,3,0,98,Explotacion activa
1023,6,EHO,poblacional,300.0000000000326,300.0000000000326,True,False,7.399999973051138,1.0877897693717387e-08,7.39999996217324,1.0741189271357143e-08,7.399999973187846,7.399999962446657,0,0,99,Explotacion activa
1024,6,EHO,poblacional,300.00000000002416,300.00000000002416,True,False,7.399999975338517,1.0886367363127647e-08,7.3999999644521495,1.0742638778538094e-08,7.399999973193616,7.399999962458196,0,0,100,Explotacion activa
1025,6,EHO,poblacional,300.00000000002416,300.00000000002416,True,False,7.399999977634366,1.0886367363127647e-08,7.399999966747998,1.0744088285719045e-08,7.39999997319959,7.399999962470145,1,0,101,Explotacion activa
1026,6,EHO,poblacional,300.00000000002274,300.00000000002274,True,False,7.399999979928793,1.0887788448599167e-08,7.399999969041005,1.0745964118541451e-08,7.3999999732036885,7.399999962478342,0,0,102,Explotacion activa
1027,6,EHO,poblacional,300.0000000000211,300.0000000000211,True,False,7.399999982222994,1.088943690774613e-08,7.399999971333557,1.074869260264677e-08,7.39999997321055,7.399999962492063,0,0,103,Explotacion activa
1028,6,EHO,poblacional,300.0000000000211,300.0000000000211,True,False,7.399999984518843,1.088943690774613e-08,7.399999973629406,1.0751421086752089e-08,7.399999973220053,7.399999962511072,1,0,104,Explotacion activa
1029,6,EHO,poblacional,300.0000000000211,300.0000000000211,True,False,7.3999999868146915,1.088943690774613e-08,7.399999975925255,1.0754149570857408e-08,7.399999973232468,7.399999962535901,2,0,105,Explotacion activa
1030,6,EHO,poblacional,300.0000000000199,300.0000000000199,True,False,7.399999988433308,1.0890630619542208e-08,7.399999977542677,1.0755309176602168e-08,7.399999973232468,7.399999962535901,0,0,106,Explotacion activa
1031,6,EHO,poblacional,300.00000000001853,300.00000000001853,True,False,7.399999986136095,8.596146017225692e-09,7.399999977539949,1.0750511592050316e-08,7.399999973232786,7.399999962536538,0,0,107,Explotacion activa
1032,6,EHO,poblacional,300.00000000001853,300.00000000001853,True,False,7.399999986136095,8.596146017225692e-09,7.399999977539949,1.0744571454779361e-08,7.399999973243888,7.3999999625587405,1,0,108,Explotacion activa
1033,6,EHO,poblacional,300.0000000000167,300.0000000000167,True,False,7.399999987096692,7.869118689995958e-09,7.399999979227573,1.0741189271357143e-08,7.399999973318256,7.3999999627074775,0,0,109,Explotacion activa
1034,6,EHO,poblacional,300.0000000000167,300.0000000000167,True,False,7.399999987265801,6.3469656197412405e-09,7.399999980918835,1.0735419664342771e-08,7.399999974339011,7.399999963601061,1,0,110,Explotacion activa
1035,6,EHO,poblacional,300.0000000000167,300.0000000000167,True,False,7.399999988771356,6.161258170322981e-09,7.3999999826100975,1.07294454210205e-08,7.399999975797686,7.399999964911319,2,0,111,Explotacion activa
1036,6,EHO,poblacional,300.0000000000162,300.0000000000162,True,False,7.3999999896132636,5.312926987244282e-09,7.399999984300337,1.0725347010520635e-08,7.39999997740478,7.399999966518413,0,0,112,Explotacion activa
1037,6,EHO,poblacional,300.0000000000154,300.0000000000154,True,False,7.39999999130373,5.313722795108333e-09,7.399999985990007,1.0718486009864137e-08,7.399999979011023,7.399999968123803,0,0,113,Explotacion activa
1038,6,EHO,poblacional,300.0000000000141,300.0000000000141,True,False,7.399999992993685,5.315030193742132e-09,7.399999987678655,1.0708981790230609e-08,7.3999999806170536,7.39999996972877,0,0,114,Explotacion activa
1039,6,EHO,poblacional,300.0000000000118,300.0000000000118,True,False,7.399999994682673,5.317303930496564e-09,7.399999989365369,1.0696567187551409e-08,7.399999982222994,7.399999971333557,0,0,115,Explotacion activa
1040,6,EHO,poblacional,300.00000000000995,300.00000000000995,True,False,7.399999995144924,3.62791752195335e-09,7.3999999915170065,1.0696567187551409e-08,7.399999983830088,7.399999972940651,0,0,116,Explotacion activa
1041,6,EHO,poblacional,300.00000000000955,300.00000000000955,True,False,7.399999995758094,3.4568756746011786e-09,7.399999992301218,1.0696248864405788e-08,7.399999985165744,7.399999974547745,0,0,117,Explotacion activa
1042,6,EHO,poblacional,300.00000000000887,300.00000000000887,True,False,7.3999999965424195,3.4575577956275083e-09,7.399999993084862,1.0685147344702273e-08,7.399999986136095,7.399999976086724,0,0,118,Explotacion activa
1043,6,EHO,poblacional,300.0000000000076,300.0000000000076,True,False,7.39999999696613,3.0338469514390454e-09,7.399999993932283,1.0610779099806677e-08,7.399999986136095,7.39999997721701,0,0,119,Explotacion activa
1044,6,EHO,poblacional,300.0000000000055,300.0000000000055,True,False,7.399999997457542,2.2509425434691366e-09,7.399999995206599,9.5928385235311e-09,7.399999986475393,7.399999977539949,0,0,120,Explotacion activa
1045,6,EHO,poblacional,300.00000000000546,300.00000000000546,True,False,7.399999997785358,2.2146195988170803e-09,7.399999995570738,8.596146017225692e-09,7.399999986871092,7.399999977540494,0,0,121,Explotacion activa
1046,6,EHO,poblacional,300.00000000000534,300.00000000000534,True,False,7.399999998149497,1.8504806575947441e-09,7.399999996299016,8.596146017225692e-09,7.399999987068492,7.399999977542405,0,0,122,Explotacion activa
1047,6,EHO,poblacional,300.00000000000523,300.00000000000523,True,False,7.399999998309113,1.6908643374335952e-09,7.399999996618249,8.15992962088785e-09,7.399999987198157,7.399999978553614,0,0,123,Explotacion activa
1048,6,EHO,poblacional,300.00000000000523,300.00000000000523,True,False,7.3999999980729285,1.37885081130662e-09,7.399999996694078,7.412472768919541e-09,7.399999987616053,7.399999979734952,1,0,124,Explotacion activa
1049,6,EHO,poblacional,300.00000000000523,300.00000000000523,True,False,7.399999998071678,1.336218247161014e-09,7.39999999673546,6.3469656197412405e-09,7.399999988433308,7.399999980918835,2,0,125,Explotacion activa
1050,6,EHO,poblacional,300.00000000000495,300.00000000000495,True,False,7.399999998158023,1.2591954146046191e-09,7.399999996898828,6.216970405148458e-09,7.399999988669942,7.3999999821027185,0,0,126,Explotacion activa
1051,6,EHO,poblacional,300.00000000000466,300.00000000000466,True,False,7.399999998298824,1.2569785212690476e-09,7.399999997041846,5.823676474392414e-09,7.399999989108119,7.399999983286193,0,0,127,Explotacion activa
1052,6,EHO,poblacional,300.00000000000466,300.00000000000466,True,False,7.399999998143073,1.1012275535904337e-09,7.399999997041846,5.317076556821121e-09,7.3999999897823105,7.399999984469304,1,0,128,Explotacion activa
1053,6,EHO,poblacional,300.00000000000426,300.00000000000426,True,False,7.399999998098281,1.0572307473921683e-09,7.39999999704105,5.315484941093018e-09,7.399999990965637,7.399999985652073,0,0,129,Explotacion activa
1054,6,EHO,poblacional,300.00000000000426,300.00000000000426,True,False,7.399999998099361,1.0405756256659515e-09,7.399999997058785,5.3143764944252325e-09,7.399999992148707,7.399999986834331,1,0,130,Explotacion activa
1055,6,EHO,poblacional,300.0000000000042,300.0000000000042,True,False,7.399999998245278,1.0228973224002402e-09,7.39999999722238,5.313563633535523e-09,7.399999993331482,7.399999988015997,0,0,131,Explotacion activa
1056,6,EHO,poblacional,300.00000000000415,300.00000000000415,True,False,7.39999999830377,1.002263161353767e-09,7.3999999973015065,5.313006568030687e-09,7.399999994513775,7.399999989196698,0,0,132,Explotacion activa
1057,6,EHO,poblacional,300.00000000000347,300.00000000000347,True,False,7.399999998259432,9.209770723828115e-10,7.399999997338455,4.30192130806972e-09,7.399999994960024,7.399999990656352,0,0,133,Explotacion activa
1058,6,EHO,poblacional,300.0000000000033,300.0000000000033,True,False,7.399999998187468,8.493543646181934e-10,7.399999997338114,3.576809604055597e-09,7.399999995328875,7.39999999175227,0,0,134,Explotacion activa
1059,6,EHO,poblacional,300.00000000000256,300.00000000000256,True,False,7.399999998261308,8.500933290633839e-10,7.399999997411214,3.4575577956275083e-09,7.399999995758094,7.399999992301218,0,0,135,Explotacion activa
1060,6,EHO,poblacional,300.00000000000153,300.00000000000153,True,False,7.399999998440592,8.511165106028784e-10,7.399999997589475,3.4570803109090774e-09,7.3999999963071215,7.399999992849769,0,0,136,Explotacion activa
1061,6,EHO,poblacional,300.00000000000153,300.00000000000153,True,False,7.399999998519377,8.422489372605924e-10,7.399999997677128,3.2876641853363243e-09,7.3999999967119034,7.3999999934238305,1,0,137,Explotacion activa
1062,6,EHO,poblacional,300.0000000000014,300.0000000000014,True,False,7.39999999844116,7.605081009387504e-10,7.399999997680652,2.9555565106420535e-09,7.3999999970152714,7.399999994059715,0,0,138,Explotacion activa
1063,6,EHO,poblacional,300.00000000000114,300.00000000000114,True,False,7.399999998426381,7.211724550870713e-10,7.399999997705208,2.407523425063118e-09,7.399999997359259,7.399999994951736,0,0,139,Explotacion activa
1064,6,EHO,poblacional,300.000000000001,300.000000000001,True,False,7.399999998587418,7.021299097687006e-10,7.399999997885288,2.2327810711431084e-09,7.39999999762145,7.399999995388669,0,0,140,Explotacion activa
1065,6,EHO,poblacional,300.00000000000097,300.00000000000097,True,False,7.399999998767669,7.021867531875614e-10,7.399999998065482,2.141791810572613e-09,7.399999997842622,7.399999995716394,0,0,141,Explotacion activa
1066,6,EHO,poblacional,300.00000000000085,300.00000000000085,True,False,7.399999998910573,6.65011157252593e-10,7.399999998245562,1.886894551716977e-09,7.399999998043046,7.399999996226188,0,0,142,Explotacion activa
1067,6,EHO,poblacional,300.0000000000008,300.0000000000008,True,False,7.399999998956844,5.310880624165293e-10,7.399999998425756,1.7547108654980546e-09,7.3999999980724285,7.399999996490555,0,0,143,Explotacion activa
1068,6,EHO,poblacional,300.0000000000008,300.0000000000008,True,False,7.399999999137151,5.310880624165293e-10,7.399999998606063,1.5972602795955024e-09,7.399999998080534,7.3999999966409975,1,0,144,Explotacion activa
1069,6,EHO,poblacional,300.00000000000074,300.00000000000074,True,False,7.399999999315526,5.292690730129834e-10,7.399999998786257,1.37885081130662e-09,7.399999998098281,7.399999996694078,0,0,145,Explotacion activa
1070,6,EHO,poblacional,300.0000000000007,300.0000000000007,True,False,7.399999999483214,5.167635208636057e-10,7.39999999896645,1.3490080164046958e-09,7.3999999980990365,7.399999996723045,0,0,146,Explotacion activa
1071,6,EHO,poblacional,300.00000000000057,300.00000000000057,True,False,7.399999999483214,3.3656988307484426e-10,7.399999999146644,1.3054091141384559e-09,7.399999998116845,7.399999996800807,0,0,147,Explotacion activa
1072,6,EHO,poblacional,300.0000000000005,300.0000000000005,True,False,7.399999999589397,3.3662672649370506e-10,7.3999999992527705,1.258973725271062e-09,7.3999999981437155,7.39999999691305,0,0,148,Explotacion activa
1073,6,EHO,poblacional,300.0000000000004,300.0000000000004,True,False,7.39999999967938,3.205968823749572e-10,7.3999999993587835,1.2574218999361619e-09,7.399999998148212,7.399999997012605,0,0,149,Explotacion activa
1074,6,EHO,poblacional,300.0000000000004,300.0000000000004,True,False,7.399999999622366,2.1435653252410702e-10,7.39999999940801,1.1791030374297407e-09,7.39999999815376,7.399999997041448,1,0,150,Explotacion activa
1075,6,EHO,poblacional,300.0000000000004,300.0000000000004,True,False,7.3999999996397605,2.135607246600557e-10,7.3999999994262,1.0924281923507806e-09,7.399999998163912,7.399999997041846,2,0,151,Explotacion activa
1076,6,EHO,poblacional,300.0000000000004,300.0000000000004,True,False,7.399999999647491,2.135607246600557e-10,7.3999999994339305,1.0616304280119947e-09,7.399999998184524,7.399999997041846,3,0,152,Explotacion activa
1077,6,EHO,poblacional,300.0000000000004,300.0000000000004,True,False,7.399999999634645,1.958255779754836e-10,7.399999999438819,1.0472376743564383e-09,7.399999998222154,7.399999997052009,4,0,153,Explotacion activa
1078,6,EHO,poblacional,300.0000000000004,300.0000000000004,True,False,7.399999999661588,1.8536638890509494e-10,7.399999999476222,1.0352721346862382e-09,7.399999998249524,7.399999997107864,5,0,154,Explotacion activa
1079,6,EHO,poblacional,300.00000000000034,300.00000000000034,True,False,7.39999999969308,1.7956836018129252e-10,7.399999999513511,1.0228973224002402e-09,7.399999998259432,7.39999999722238,0,0,155,Explotacion activa
1080,6,EHO,poblacional,300.0000000000003,300.0000000000003,True,False,7.399999999720819,1.7001866581267677e-10,7.399999999550801,1.008453409667709e-09,7.3999999982607445,7.399999997277769,0,0,156,Explotacion activa
1081,6,EHO,poblacional,300.0000000000003,300.0000000000003,True,False,7.3999999997533905,1.651869752095081e-10,7.3999999995882035,9.697487257653845e-10,7.399999998276314,7.399999997316149,1,0,157,Explotacion activa
1082,6,EHO,poblacional,300.0000000000003,300.0000000000003,True,False,7.3999999997816985,1.560920281917788e-10,7.3999999996256065,9.139910162048181e-10,7.399999998299319,7.399999997338147,2,0,158,Explotacion activa
1083,6,EHO,poblacional,300.0000000000003,300.0000000000003,True,False,7.399999999815236,1.5222667570924386e-10,7.3999999996630095,8.65088622958865e-10,7.39999999830278,7.399999997338386,3,0,159,Explotacion activa
1084,6,EHO,poblacional,300.0000000000003,300.0000000000003,True,False,7.399999999850195,1.4978240869822912e-10,7.3999999997004124,8.506049198331311e-10,7.399999998306441,7.3999999973748345,4,0,160,Explotacion activa
1085,6,EHO,poblacional,300.0000000000003,300.0000000000003,True,False,7.399999999859062,1.1237943908781745e-10,7.399999999746683,8.499455361743457e-10,7.399999998332566,7.399999997446867,5,0,161,Explotacion activa
1086,6,EHO,poblacional,300.0000000000003,300.0000000000003,True,False,7.399999999887598,1.1237943908781745e-10,7.399999999775218,8.494282610627124e-10,7.399999998414654,7.3999999975716495,6,0,162,Explotacion activa
1087,6,EHO,poblacional,300.0000000000003,300.0000000000003,True,False,7.399999999902263,9.771383702172898e-11,7.39999999980455,8.450911082036328e-10,7.399999998434907,7.399999997642067,7,0,163,Explotacion activa
1088,6,EHO,poblacional,300.0000000000003,300.0000000000003,True,False,7.399999999899308,6.917844075360335e-11,7.399999999830129,8.177266863640397e-10,7.399999998440762,7.399999997678185,8,0,164,Explotacion activa
1089,6,EHO,poblacional,300.0000000000003,300.0000000000003,True,False,7.39999999991079,6.690470399917103e-11,7.399999999843885,7.605081009387504e-10,7.39999999844116,7.399999997680652,9,0,165,Explotacion activa
1090,6,EHO,poblacional,300.0000000000003,300.0000000000003,True,False,7.399999999924546,6.690470399917103e-11,7.399999999857641,7.32973148842575e-10,7.399999998495912,7.399999997697842,10,0,166,Explotacion activa
1091,6,EHO,poblacional,300.0000000000003,300.0000000000003,True,False,7.399999999935687,6.428990673157386e-11,7.3999999998713974,7.135781743272673e-10,7.399999998546593,7.399999997777241,11,0,167,Explotacion activa
1092,6,EHO,poblacional,300.0000000000003,300.0000000000003,True,False,7.399999999936256,5.0533799367258325e-11,7.399999999885722,7.021810688456753e-10,7.399999998605443,7.399999997903308,12,0,168,Explotacion activa
1093,6,EHO,poblacional,300.0000000000003,300.0000000000003,True,False,7.39999999993438,4.0188297134591267e-11,7.399999999894192,7.021412784524728e-10,7.3999999987316185,7.399999998029443,13,0,169,Explotacion activa
1094,6,EHO,poblacional,300.0000000000003,300.0000000000003,True,False,7.39999999994285,4.0188297134591267e-11,7.399999999902661,6.835705335106468e-10,7.399999998839121,7.399999998155522,14,0,170,Explotacion activa
1095,6,EHO,poblacional,300.0000000000003,300.0000000000003,True,False,7.399999999951319,4.0188297134591267e-11,7.399999999911131,6.382265382853799e-10,7.399999998919827,7.399999998281601,15,1,171,Explotacion activa
1096,6,EHO,poblacional,300.0000000000002,300.0000000000002,True,False,7.399999999959732,4.0245140553452075e-11,7.399999999919487,5.444803719001354e-10,7.399999998952216,7.399999998407736,0,0,172,Explotacion activa
1097,6,EHO,poblacional,300.0000000000002,300.0000000000002,True,False,7.3999999999675765,3.240074875066057e-11,7.399999999935176,5.310880624165293e-10,7.399999999065028,7.39999999853394,1,0,173,Explotacion activa
1098,6,EHO,poblacional,300.0000000000002,300.0000000000002,True,False,7.399999999970817,2.3931079340400174e-11,7.3999999999468855,5.305423655954655e-10,7.399999999190664,7.399999998660121,2,0,174,Explotacion activa
1099,6,EHO,poblacional,300.0000000000002,300.0000000000002,True,False,7.399999999971385,2.3931079340400174e-11,7.399999999947454,5.292690730129834e-10,7.399999999315526,7.399999998786257,3,0,175,Explotacion activa
1100,6,EHO,poblacional,300.0000000000002,300.0000000000002,True,False,7.399999999972238,2.2509993868879974e-11,7.399999999949728,5.20515186508419e-10,7.399999999432907,7.399999998912392,4,0,176,Explotacion activa
1101,6,EHO,poblacional,300.0000000000002,300.0000000000002,True,False,7.3999999999719535,2.086153472191654e-11,7.399999999951092,4.4470880311564504e-10,7.399999999483214,7.399999999038528,5,0,177,Explotacion activa
1102,6,EHO,poblacional,300.0000000000002,300.0000000000002,True,False,7.3999999999719535,2.086153472191654e-11,7.399999999951092,3.3662104215181896e-10,7.399999999493832,7.399999999157257,6,0,178,Explotacion activa
1103,6,EHO,poblacional,300.0000000000002,300.0000000000002,True,False,7.399999999972977,2.086153472191654e-11,7.399999999952115,3.365812517586164e-10,7.399999999568161,7.399999999231545,7,0,179,Explotacion activa
1104,6,EHO,poblacional,300.0000000000002,300.0000000000002,True,False,7.3999999999733745,1.9667822925839573e-11,7.399999999953707,3.2858338272490073e-10,7.399999999605882,7.399999999305777,8,0,180,Explotacion activa
1105,6,EHO,poblacional,300.0000000000002,300.0000000000002,True,False,7.399999999974284,1.830358087318018e-11,7.3999999999559805,2.9934881240478685e-10,7.399999999624822,7.399999999368629,9,0,181,Explotacion activa
1106,6,EHO,poblacional,300.0000000000002,300.0000000000002,True,False,7.399999999976558,1.830358087318018e-11,7.399999999958254,2.249805675091922e-10,7.399999999633417,7.399999999403088,10,0,182,Explotacion activa
1107,6,EHO,poblacional,300.0000000000002,300.0000000000002,True,False,7.3999999999770125,1.6484591469634324e-11,7.399999999960528,2.1387904780567623e-10,7.399999999637714,7.399999999418924,11,0,183,Explotacion activa
1108,6,EHO,poblacional,300.0000000000002,300.0000000000002,True,False,7.399999999979286,1.6484591469634324e-11,7.399999999962802,2.135607246600557e-10,7.3999999996420796,7.399999999428519,12,0,184,Explotacion activa
1109,6,EHO,poblacional,300.0000000000002,300.0000000000002,True,False,7.39999999998156,1.6484591469634324e-11,7.399999999965075,2.135607246600557e-10,7.399999999647491,7.3999999994339305,13,0,185,Explotacion activa
1110,6,EHO,poblacional,300.0000000000002,300.0000000000002,True,False,7.399999999983322,1.5973000699887052e-11,7.399999999967349,2.0114612198085518e-10,7.399999999657359,7.399999999437353,14,0,186,Explotacion activa
1111,6,EHO,poblacional,300.0000000000002,300.0000000000002,True,False,7.3999999999848,1.517719283583574e-11,7.399999999969623,1.9164190234732815e-10,7.399999999668705,7.39999999945378,15,1,187,Explotacion activa
1112,6,EHO,poblacional,300.0000000000002,300.0000000000002,True,False,7.3999999999861075,1.3869794202037156e-11,7.399999999972238,1.8478658603271468e-10,7.39999999968075,7.399999999479951,16,2,188,Explotacion activa
1113,6,EHO,poblacional,300.0000000000002,300.0000000000002,True,False,7.399999999987983,1.1596057447604835e-11,7.399999999976387,1.8072796592605298e-10,7.39999999969034,7.399999999506053,17,3,189,Explotacion activa
1114,6,EHO,poblacional,300.0000000000002,300.0000000000002,True,False,7.399999999988211,9.72022462519817e-12,7.3999999999784905,1.7479351299698465e-10,7.399999999706949,7.399999999532156,18,4,190,Explotacion activa
1115,6,EHO,poblacional,300.0000000000002,300.0000000000002,True,False,7.399999999989916,9.322320693172514e-12,7.399999999980594,1.69052327692043e-10,7.399999999727333,7.399999999558281,19,5,191,Explotacion activa
1116,6,EHO,poblacional,300.0000000000002,300.0000000000002,True,False,7.399999999991337,8.640199666842818e-12,7.399999999982697,1.6567014426982496e-10,7.399999999750134,7.399999999584463,20,6,192,Explotacion activa
1117,6,EHO,poblacional,300.0000000000002,300.0000000000002,True,False,7.399999999990769,7.389644451905042e-12,7.399999999983379,1.5973000699887052e-10,7.399999999770375,7.399999999610645,21,7,193,Explotacion activa
1118,6,EHO,poblacional,300.0000000000002,300.0000000000002,True,False,7.399999999989234,5.286437954055145e-12,7.399999999983947,1.5493242244701832e-10,7.39999999979176,7.399999999636828,22,8,194,Explotacion activa
1119,6,EHO,poblacional,300.0000000000002,300.0000000000002,True,False,7.399999999989177,5.229594535194337e-12,7.399999999983947,1.5222667570924386e-10,7.399999999815236,7.3999999996630095,23,9,195,Explotacion activa
1120,6,EHO,poblacional,300.0000000000002,300.0000000000002,True,False,7.399999999989859,5.115907697472721e-12,7.399999999984743,1.5051568880153355e-10,7.399999999839707,7.399999999689191,24,10,196,Explotacion activa
1121,6,EHO,poblacional,300.0000000000002,300.0000000000002,True,False,7.3999999999897454,5.002220859751105e-12,7.399999999984743,1.348212208540645e-10,7.399999999853742,7.39999999971892,25,11,197,Explotacion activa
1122,6,EHO,poblacional,300.0000000000002,300.0000000000002,True,False,7.399999999989859,5.002220859751105e-12,7.399999999984857,1.1237943908781745e-10,7.399999999861916,7.399999999749537,26,12,198,Explotacion activa
1123,6,EHO,poblacional,300.0000000000002,300.0000000000002,True,False,7.399999999989973,5.002220859751105e-12,7.399999999984971,1.1237943908781745e-10,7.39999999988189,7.399999999769511,27,13,199,Explotacion activa
1124,6,EHO,poblacional,300.0000000000002,300.0000000000002,True,False,7.399999999990712,4.718003765447065e-12,7.399999999985994,1.0504663805477321e-10,7.399999999893453,7.399999999789884,28,14,200,Explotacion activa
1125,6,EHO,poblacional,300.0000000000002,300.0000000000002,True,False,7.39999999999111,4.433786671143025e-12,7.399999999986676,9.200675776810377e-11,7.399999999899899,7.3999999998096655,29,15,201,Explotacion activa
1126,6,EHO,poblacional,300.0000000000002,300.0000000000002,True,False,7.399999999992133,4.433786671143025e-12,7.399999999987699,7.203198038041596e-11,7.399999999901968,7.399999999827571,30,16,202,Explotacion activa
1127,6,EHO,poblacional,300.00000000000017,300.00000000000017,True,False,7.399999999992701,4.092726157978177e-12,7.399999999988609,6.781419870094396e-11,7.399999999907379,7.399999999838383,0,0,203,Explotacion activa
1128,6,EHO,poblacional,300.00000000000017,300.00000000000017,True,False,7.3999999999937245,4.092726157978177e-12,7.399999999989632,6.690470399917103e-11,7.399999999914916,7.399999999848012,1,0,204,Explotacion activa
1129,6,EHO,poblacional,300.00000000000017,300.00000000000017,True,False,7.399999999994691,4.035882739117369e-12,7.399999999990655,6.690470399917103e-11,7.399999999924546,7.399999999857641,2,0,205,Explotacion activa
1130,6,EHO,poblacional,300.00000000000017,300.00000000000017,True,False,7.399999999995657,3.979039320256561e-12,7.399999999991678,6.507434591185301e-11,7.399999999931429,7.399999999867271,3,0,206,Explotacion activa
1131,6,EHO,poblacional,300.00000000000017,300.00000000000017,True,False,7.399999999995998,3.296918293926865e-12,7.399999999992701,5.878746378584766e-11,7.399999999934903,7.399999999877127,4,0,207,Explotacion activa
1132,6,EHO,poblacional,300.0000000000001,300.0000000000001,True,False,7.399999999996794,3.183231456205249e-12,7.399999999993611,4.9504933485877686e-11,7.399999999935744,7.399999999886569,0,0,208,Explotacion activa
1133,6,EHO,poblacional,300.0000000000001,300.0000000000001,True,False,7.399999999997533,2.4442670110147446e-12,7.399999999995089,4.230287231621328e-11,7.399999999936142,7.399999999892498,1,0,209,Explotacion activa
1134,6,EHO,poblacional,300.0000000000001,300.0000000000001,True,False,7.399999999998215,1.4210854715202004e-12,7.399999999996794,4.021671884402167e-11,7.399999999939553,7.3999999998984265,2,0,210,Explotacion activa
1135,6,EHO,poblacional,300.0000000000001,300.0000000000001,True,False,7.399999999998499,1.4210854715202004e-12,7.399999999997078,4.0188297134591267e-11,7.399999999944543,7.399999999904355,3,0,211,Explotacion activa
1136,6,EHO,poblacional,300.0000000000001,300.0000000000001,True,False,7.39999999999867,1.3073986337985843e-12,7.3999999999973625,4.0188297134591267e-11,7.399999999950472,7.399999999910284,4,0,212,Explotacion activa
1137,6,EHO,poblacional,300.0000000000001,300.0000000000001,True,False,7.399999999998954,1.0231815394945443e-12,7.399999999997931,4.0188297134591267e-11,7.399999999956367,7.399999999916145,5,0,213,Explotacion activa
1138,6,EHO,poblacional,300.0000000000001,300.0000000000001,True,False,7.399999999999068,9.094947017729282e-13,7.399999999998158,3.7852032619412023e-11,7.399999999962086,7.399999999924193,6,0,214,Explotacion activa
1139,6,EHO,poblacional,300.00000000000006,300.00000000000006,True,False,7.399999999999068,9.094947017729282e-13,7.399999999998158,3.240074875066057e-11,7.3999999999675765,7.399999999935176,0,0,215,Explotacion activa
1140,6,EHO,poblacional,300.00000000000006,300.00000000000006,True,False,7.399999999999068,7.958078640513122e-13,7.399999999998272,2.647198016347827e-11,7.399999999969845,7.399999999943373,1,0,216,Explotacion activa
1141,6,EHO,poblacional,300.00000000000006,300.00000000000006,True,False,7.399999999999125,7.389644451905042e-13,7.399999999998386,2.3931079340400174e-11,7.399999999971044,7.399999999947113,2,0,217,Explotacion activa
1142,6,EHO,poblacional,300.00000000000006,300.00000000000006,True,False,7.399999999999238,7.389644451905042e-13,7.399999999998499,2.378897079324815e-11,7.399999999971442,7.399999999947681,3,0,218,Explotacion activa
1143,6,EHO,poblacional,300.0,300.0,True,False,7.399999999999238,7.389644451905042e-13,7.399999999998499,2.2794210963184008e-11,7.39999999997184,7.399999999949273,0,0,219,Explotacion activa
1144,6,EHO,poblacional,300.0,300.0,True,False,7.399999999999295,6.821210263296962e-13,7.399999999998613,2.1685764295398258e-11,7.3999999999719535,7.39999999995041,1,0,220,Explotacion activa
1145,6,EHO,poblacional,300.0,300.0,True,False,7.399999999999352,5.684341886080801e-13,7.3999999999987836,2.086153472191654e-11,7.39999999997201,7.399999999951092,2,0,221,Explotacion activa
1146,6,EHO,poblacional,300.0,300.0,True,False,7.399999999999352,5.115907697472721e-13,7.39999999999884,2.086153472191654e-11,7.399999999972209,7.399999999951092,3,0,222,Explotacion activa
1147,6,EHO,poblacional,300.0,300.0,True,False,7.399999999999295,3.979039320256561e-13,7.399999999998897,2.086153472191654e-11,7.399999999972681,7.399999999951706,4,0,223,Explotacion activa
1148,6,EHO,poblacional,300.0,300.0,True,False,7.399999999999352,3.979039320256561e-13,7.399999999998954,2.0503421183093447e-11,7.399999999973096,7.399999999952593,5,0,224,Explotacion activa
1149,6,EHO,poblacional,300.0,300.0,True,False,7.399999999999409,3.979039320256561e-13,7.399999999999011,1.9667822925839573e-11,7.3999999999733745,7.399999999953707,6,0,225,Explotacion activa
1150,6,EHO,poblacional,300.0,300.0,True,False,7.399999999999409,3.979039320256561e-13,7.399999999999011,1.8712853488977995e-11,7.399999999974011,7.399999999955298,7,0,226,Explotacion activa
1151,6,EHO,poblacional,300.0,300.0,True,False,7.399999999999409,3.979039320256561e-13,7.399999999999011,1.830358087318018e-11,7.3999999999751935,7.39999999995689,8,0,227,Explotacion activa
1152,6,EHO,poblacional,300.0,300.0,True,False,7.399999999999409,3.979039320256561e-13,7.399999999999011,1.8121681932825593e-11,7.399999999976603,7.399999999958482,9,0,228,Explotacion activa
1153,6,EHO,poblacional,300.0,300.0,True,False,7.399999999999352,3.410605131648481e-13,7.399999999999011,1.6848389350343488e-11,7.399999999976922,7.399999999960073,10,0,229,Explotacion activa
1154,6,EHO,poblacional,300.0,300.0,True,False,7.399999999999295,2.8421709430404007e-13,7.399999999999011,1.6484591469634324e-11,7.399999999978149,7.399999999961665,11,0,230,Explotacion activa
1155,6,EHO,poblacional,300.0,300.0,True,False,7.399999999999295,2.8421709430404007e-13,7.399999999999011,1.6484591469634324e-11,7.399999999979741,7.399999999963256,12,0,231,Explotacion activa
1156,6,EHO,poblacional,300.0,300.0,True,False,7.399999999999295,2.8421709430404007e-13,7.399999999999011,1.6484591469634324e-11,7.399999999981333,7.399999999964848,13,0,232,Explotacion activa
1157,6,EHO,poblacional,300.0,300.0,True,False,7.399999999999295,2.8421709430404007e-13,7.399999999999011,1.617763700778596e-11,7.399999999982617,7.39999999996644,14,0,233,Explotacion activa
1158,6,EHO,poblacional,300.0,300.0,True,False,7.399999999999295,2.8421709430404007e-13,7.399999999999011,1.5734258340671656e-11,7.399999999983765,7.399999999968031,15,1,234,Explotacion activa
1159,6,EHO,poblacional,300.0,300.0,True,False,7.399999999999295,2.8421709430404007e-13,7.399999999999011,1.517719283583574e-11,7.3999999999848,7.399999999969623,16,2,235,Explotacion activa
1160,6,EHO,poblacional,300.0,300.0,True,False,7.399999999999295,2.8421709430404007e-13,7.399999999999011,1.4262013792176726e-11,7.399999999985715,7.399999999971453,17,3,236,Explotacion activa
1161,6,EHO,poblacional,300.0,300.0,True,False,7.399999999999295,2.8421709430404007e-13,7.399999999999011,1.296029950026423e-11,7.399999999986858,7.399999999973898,18,4,237,Explotacion activa
1162,6,EHO,poblacional,300.0,300.0,True,False,7.399999999999295,2.8421709430404007e-13,7.399999999999011,1.1408474165364166e-11,7.399999999988006,7.399999999976598,19,5,238,Explotacion activa
1163,6,EHO,poblacional,300.0,300.0,True,False,7.399999999999352,2.8421709430404007e-13,7.399999999999068,1.0095391189679495e-11,7.399999999988165,7.3999999999780695,20,6,239,Explotacion activa
1164,6,EHO,poblacional,300.0,300.0,True,False,7.399999999999409,2.8421709430404007e-13,7.399999999999125,9.521272659185342e-12,7.399999999988694,7.399999999979542,21,7,240,Explotacion activa
1165,6,EHO,poblacional,300.0,300.0,True,False,7.399999999999409,2.8421709430404007e-13,7.399999999999125,9.185896487906573e-12,7.399999999989189,7.399999999981015,22,8,241,Explotacion activa
1166,6,EHO,poblacional,300.0,300.0,True,False,7.399999999999409,2.8421709430404007e-13,7.399999999999125,8.708411769475789e-12,7.3999999999892285,7.399999999982486,23,9,242,Explotacion activa
1167,6,EHO,poblacional,300.0,300.0,True,False,7.399999999999409,2.8421709430404007e-13,7.399999999999125,7.88986653788015e-12,7.399999999989541,7.399999999983106,24,10,243,Explotacion activa
1168,6,EHO,poblacional,300.0,300.0,True,False,7.399999999999409,2.8421709430404007e-13,7.399999999999125,6.758682502550064e-12,7.399999999989779,7.3999999999835495,25,11,244,Explotacion activa
1169,6,EHO,poblacional,300.0,300.0,True,False,7.399999999999409,2.8421709430404007e-13,7.399999999999125,5.286437954055145e-12,7.399999999989859,7.399999999983947,26,12,245,Explotacion activa
1170,6,EHO,poblacional,300.0,300.0,True,False,7.399999999999352,2.2737367544323206e-13,7.399999999999125,5.24664756085258e-12,7.399999999989859,7.399999999983947,27,13,246,Explotacion activa
1171,6,EHO,poblacional,300.0,300.0,True,False,7.399999999999352,2.2737367544323206e-13,7.399999999999125,5.184119800105691e-12,7.399999999989882,7.399999999984265,28,14,247,Explotacion activa
1172,6,EHO,poblacional,300.0,300.0,True,False,7.399999999999352,2.2737367544323206e-13,7.399999999999125,5.1045390137005596e-12,7.399999999989921,7.399999999984743,29,15,248,Explotacion activa
1173,6,EHO,poblacional,300.0,300.0,True,False,7.399999999999352,2.2737367544323206e-13,7.399999999999125,5.024958227295428e-12,7.399999999989961,7.399999999984743,30,16,249,Explotacion activa
1174,6,EHO,poblacional,300.0,300.0,True,False,7.399999999999352,2.2737367544323206e-13,7.399999999999125,5.002220859751105e-12,7.399999999990342,7.3999999999848,31,17,250,Explotacion activa
1175,6,EHO,poblacional,300.0,300.0,True,False,7.399999999999352,2.2737367544323206e-13,7.399999999999125,5.002220859751105e-12,7.399999999990723,7.39999999998488,32,18,251,Explotacion activa
1176,6,EHO,poblacional,300.0,300.0,True,False,7.399999999999352,2.2737367544323206e-13,7.399999999999125,5.002220859751105e-12,7.399999999990763,7.399999999984959,33,19,252,Explotacion activa
1177,6,EHO,poblacional,300.0,300.0,True,False,7.399999999999352,2.2737367544323206e-13,7.399999999999125,4.831690603168681e-12,7.399999999990973,7.399999999985584,34,20,253,Explotacion activa
1178,6,EHO,poblacional,300.0,300.0,True,False,7.399999999999352,2.2737367544323206e-13,7.399999999999125,4.632738637155852e-12,7.399999999991178,7.399999999986198,35,21,254,Explotacion activa
1179,6,EHO,poblacional,300.0,300.0,True,False,7.399999999999352,2.2737367544323206e-13,7.399999999999125,4.433786671143025e-12,7.399999999991337,7.399999999986676,36,22,255,Explotacion activa
1180,6,EHO,poblacional,300.0,300.0,True,False,7.399999999999352,2.2737367544323206e-13,7.399999999999125,4.433786671143025e-12,7.399999999991894,7.399999999987392,37,23,256,Explotacion activa
1181,6,EHO,poblacional,300.0,300.0,True,False,7.399999999999352,2.2737367544323206e-13,7.399999999999125,4.2973624658770864e-12,7.39999999999236,7.399999999988063,38,24,257,Explotacion activa
1182,6,EHO,poblacional,300.0,300.0,True,True,7.399999999999352,2.2737367544323206e-13,7.399999999999125,4.092726157978177e-12,7.3999999999928034,7.399999999988711,39,25,258,ESTANCAMIENTO (Fire)
