iteracion,epoch,mh,tipo,fitness_best,fitness_instantaneo,dtw_ready,dtw_fire,D1_vs_ramp,D2_vs_const,dtw_delta,theta_c,theta_r,theta_delta,no_improve_len,trigger_streak,window_n,estado_dtw
1,1,GA,poblacional,105495.0,105495.0,False,False,,,,,,,0,0,1,Llenando ventana
2,1,GA,poblacional,105495.0,105495.0,False,False,,,,,,,1,0,2,Llenando ventana
3,1,GA,poblacional,106458.0,106458.0,False,False,,,,,,,0,0,3,Llenando ventana
4,1,GA,poblacional,106458.0,106458.0,False,False,,,,,,,1,0,4,Llenando ventana
5,1,GA,poblacional,107134.0,107134.0,False,False,,,,,,,0,0,5,Llenando ventana
6,1,GA,poblacional,107134.0,107134.0,False,False,,,,,,,1,0,6,Llenando ventana
7,1,GA,poblacional,107853.0,107853.0,False,False,,,,,,,0,0,7,Llenando ventana
8,1,GA,poblacional,108179.0,108179.0,False,False,,,,,,,0,0,8,Llenando ventana
9,1,GA,poblacional,108179.0,108179.0,False,False,,,,,,,1,0,9,Llenando ventana
10,1,GA,poblacional,108179.0,108179.0,False,False,,,,,,,2,0,10,Llenando ventana
11,1,GA,poblacional,108179.0,108179.0,False,False,,,,,,,3,0,11,Llenando ventana
12,1,GA,poblacional,108179.0,108179.0,False,False,,,,,,,4,0,12,Llenando ventana
13,1,GA,poblacional,108632.0,108632.0,False,False,,,,,,,0,0,13,Llenando ventana
14,1,GA,poblacional,108632.0,108632.0,False,False,,,,,,,1,0,14,Llenando ventana
15,1,GA,poblacional,108632.0,108632.0,False,False,,,,,,,2,0,15,Llenando ventana
16,1,GA,poblacional,109299.0,109299.0,False,False,,,,,,,0,0,16,Llenando ventana
17,1,GA,poblacional,110056.0,110056.0,False,False,,,,,,,0,0,17,Llenando ventana
18,1,GA,poblacional,110293.0,110293.0,False,False,,,,,,,0,0,18,Llenando ventana
19,1,GA,poblacional,110293.0,110293.0,False,False,,,,,,,1,0,19,Llenando ventana
20,1,GA,poblacional,110326.0,110326.0,False,False,,,,,,,0,0,20,Llenando ventana
21,1,GA,poblacional,110326.0,110326.0,False,False,,,,,,,1,0,21,Llenando ventana
22,1,GA,poblacional,110326.0,110326.0,False,False,,,,,,,2,0,22,Llenando ventana
23,1,GA,poblacional,110326.0,110326.0,False,False,,,,,,,3,0,23,Llenando ventana
24,1,GA,poblacional,110326.0,110326.0,False,False,,,,,,,4,0,24,Llenando ventana
25,1,GA,poblacional,110326.0,110326.0,False,False,,,,,,,5,0,25,Llenando ventana
26,1,GA,poblacional,110326.0,110326.0,False,False,,,,,,,6,0,26,Llenando ventana
27,1,GA,poblacional,110326.0,110326.0,False,False,,,,,,,7,0,27,Llenando ventana
28,1,GA,poblacional,110326.0,110326.0,False,False,,,,,,,8,0,28,Llenando ventana
29,1,GA,poblacional,110326.0,110326.0,False,False,,,,,,,9,0,29,Llenando ventana
30,1,GA,poblacional,110326.0,110326.0,False,False,,,,,,,10,0,30,Llenando ventana
31,1,GA,poblacional,110326.0,110326.0,False,False,,,,,,,11,0,31,Llenando ventana
32,1,GA,poblacional,110326.0,110326.0,False,False,,,,,,,12,0,32,Llenando ventana
33,1,GA,poblacional,110326.0,110326.0,False,False,,,,,,,13,0,33,Llenando ventana
34,1,GA,poblacional,110326.0,110326.0,False,False,,,,,,,14,0,34,Llenando ventana
35,1,GA,poblacional,110326.0,110326.0,False,False,,,,,,,15,0,35,Llenando ventana
36,1,GA,poblacional,110326.0,110326.0,False,False,,,,,,,16,0,36,Llenando ventana
37,1,GA,poblacional,110821.0,110821.0,False,False,,,,,,,0,0,37,Llenando ventana
38,1,GA,poblacional,110821.0,110821.0,False,False,,,,,,,1,0,38,Llenando ventana
39,1,GA,poblacional,111005.0,111005.0,False,False,,,,,,,0,0,39,Llenando ventana
40,1,GA,poblacional,111005.0,111005.0,True,False,5511.699999999895,5510.0,1.6999999998952262,4.0,20.0,12.0,1,0,40,Explotacion activa
41,1,GA,poblacional,111121.0,111121.0,True,False,5627.499999999942,5626.0,1.4999999999417923,4.0,20.0,12.0,0,0,41,Explotacion activa
42,1,GA,poblacional,111121.0,111121.0,True,False,4664.6999999999825,4663.0,1.6999999999825377,4.0,20.0,12.0,1,0,42,Explotacion activa
43,1,GA,poblacional,111121.0,111121.0,True,False,4664.700000000012,4663.0,1.7000000000116415,4.0,20.0,12.0,2,0,43,Explotacion activa
44,1,GA,poblacional,111121.0,111121.0,True,False,3988.899999999994,3987.0,1.8999999999941792,4.0,20.0,12.0,3,0,44,Explotacion activa
45,1,GA,poblacional,111121.0,111121.0,True,False,3988.899999999994,3987.0,1.8999999999941792,4.0,20.0,12.0,4,0,45,Explotacion activa
46,1,GA,poblacional,111121.0,111121.0,True,False,3270.0999999999767,3268.0,2.099999999976717,4.0,20.0,12.0,5,0,46,Explotacion activa
47,1,GA,poblacional,111121.0,111121.0,True,False,2944.29999999993,2942.0,2.299999999930151,4.0,20.0,12.0,6,0,47,Explotacion activa
48,1,GA,poblacional,111121.0,111121.0,True,False,2944.29999999993,2942.0,2.299999999930151,4.0,20.0,12.0,7,0,48,Explotacion activa
49,1,GA,poblacional,111121.0,111121.0,True,False,2944.29999999993,2942.0,2.299999999930151,3170.2,4664.699999999992,2.1599999999627473,8,0,49,Explotacion activa
50,1,GA,poblacional,111121.0,111121.0,True,False,2944.29999999993,2942.0,2.299999999930151,2942.0,4664.6999999999825,2.299999999930151,9,0,50,Explotacion activa
51,1,GA,poblacional,111121.0,111121.0,True,False,2944.2999999999884,2942.0,2.2999999999883585,2942.0,4461.9599999999855,2.299999999930151,10,0,51,Explotacion activa
52,1,GA,poblacional,111121.0,111121.0,True,False,2491.499999999942,2489.0,2.4999999999417923,2942.0,4259.219999999988,2.299999999930151,11,0,52,Explotacion activa
53,1,GA,poblacional,111121.0,111121.0,True,False,2491.499999999971,2489.0,2.499999999970896,2942.0,4056.4799999999927,2.299999999930151,12,0,53,Explotacion activa
54,1,GA,poblacional,111121.0,111121.0,True,False,2491.5,2489.0,2.5,2942.0,3988.899999999994,2.299999999930151,13,0,54,Explotacion activa
55,1,GA,poblacional,111121.0,111121.0,True,False,1824.6999999999825,1822.0,2.6999999999825377,2942.0,3988.899999999994,2.2999999999592546,14,0,55,Explotacion activa
56,1,GA,poblacional,111121.0,111121.0,True,False,1067.8999999999942,1065.0,2.8999999999941792,2851.4,3988.899999999994,2.339999999979045,15,1,56,Explotacion activa
57,1,GA,poblacional,111121.0,111121.0,True,False,831.0999999999476,828.0,3.099999999947613,2534.2999999999997,3917.0199999999913,2.4799999999464486,16,2,57,Explotacion activa
58,1,GA,poblacional,111121.0,111121.0,True,False,831.0999999999767,828.0,3.099999999976717,2489.0,3701.379999999987,2.499999999959255,17,3,58,Explotacion activa
59,1,GA,poblacional,111121.0,111121.0,True,False,798.2999999999593,795.0,3.2999999999592546,2489.0,3485.739999999981,2.4999999999796274,18,4,59,Explotacion activa
60,1,GA,poblacional,111121.0,111121.0,True,False,798.2999999999593,795.0,3.2999999999592546,2489.0,3270.0999999999767,2.5,19,5,60,Explotacion activa
61,1,GA,poblacional,111121.0,111121.0,True,False,798.2999999999593,795.0,3.2999999999592546,2022.1,3172.35999999998,2.639999999987776,20,6,61,Explotacion activa
62,1,GA,poblacional,111121.0,111121.0,True,False,798.2999999999593,795.0,3.2999999999592546,1519.1999999999998,3074.619999999983,2.779999999987194,21,7,62,Explotacion activa
63,1,GA,poblacional,111121.0,111121.0,True,False,798.2999999999593,795.0,3.2999999999592546,1041.3,2976.8799999999865,2.919999999989522,22,8,63,Explotacion activa
64,1,GA,poblacional,111121.0,111121.0,True,False,798.2999999999593,795.0,3.2999999999592546,875.3999999999999,2944.2999999999765,3.0599999999569256,23,9,64,Explotacion activa
65,1,GA,poblacional,111121.0,111121.0,True,False,798.2999999999593,795.0,3.2999999999592546,828.0,2944.2999999999593,3.099999999962165,24,10,65,Explotacion activa
66,1,GA,poblacional,111121.0,111121.0,True,False,798.2999999999593,795.0,3.2999999999592546,821.4,2944.299999999942,3.139999999973224,25,11,66,Explotacion activa
67,1,GA,poblacional,111121.0,111121.0,True,False,798.2999999999593,795.0,3.2999999999592546,798.3,2944.29999999993,3.279999999961001,26,12,67,Explotacion activa
68,1,GA,poblacional,111121.0,111121.0,True,False,798.2999999999593,795.0,3.2999999999592546,795.0,2944.29999999993,3.2999999999592546,27,13,68,Explotacion activa
69,1,GA,poblacional,111121.0,111121.0,True,True,798.2999999999593,795.0,3.2999999999592546,795.0,2944.29999999993,3.2999999999592546,28,14,69,ESTANCAMIENTO (Fire)
70,2,SA,trayectoria,111121.0,109466.0,False,False,,,,,,,0,0,1,Llenando ventana
71,2,SA,trayectoria,111121.0,107380.0,False,False,,,,,,,1,0,2,Llenando ventana
72,2,SA,trayectoria,111121.0,107712.0,False,False,,,,,,,2,0,3,Llenando ventana
73,2,SA,trayectoria,111121.0,106982.0,False,False,,,,,,,3,0,4,Llenando ventana
74,2,SA,trayectoria,111121.0,108534.0,False,False,,,,,,,4,0,5,Llenando ventana
75,2,SA,trayectoria,111121.0,106764.0,False,False,,,,,,,5,0,6,Llenando ventana
76,2,SA,trayectoria,111121.0,105973.0,False,False,,,,,,,6,0,7,Llenando ventana
77,2,SA,trayectoria,111121.0,107097.0,False,False,,,,,,,7,0,8,Llenando ventana
78,2,SA,trayectoria,111121.0,105992.0,False,False,,,,,,,8,0,9,Llenando ventana
79,2,SA,trayectoria,111121.0,106963.0,False,False,,,,,,,9,0,10,Llenando ventana
80,2,SA,trayectoria,111121.0,106768.0,False,False,,,,,,,10,0,11,Llenando ventana
81,2,SA,trayectoria,111121.0,107658.0,False,False,,,,,,,11,0,12,Llenando ventana
82,2,SA,trayectoria,111121.0,108104.0,False,False,,,,,,,12,0,13,Llenando ventana
83,2,SA,trayectoria,111121.0,107498.0,False,False,,,,,,,13,0,14,Llenando ventana
84,2,SA,trayectoria,111121.0,106133.0,False,False,,,,,,,14,0,15,Llenando ventana
85,2,SA,trayectoria,111121.0,108185.0,False,False,,,,,,,15,0,16,Llenando ventana
86,2,SA,trayectoria,111121.0,106759.0,False,False,,,,,,,16,0,17,Llenando ventana
87,2,SA,trayectoria,111121.0,107285.0,False,False,,,,,,,17,0,18,Llenando ventana
88,2,SA,trayectoria,111121.0,107090.0,False,False,,,,,,,18,0,19,Llenando ventana
89,2,SA,trayectoria,111121.0,106146.0,False,False,,,,,,,19,0,20,Llenando ventana
90,2,SA,trayectoria,111121.0,106800.0,False,False,,,,,,,20,0,21,Llenando ventana
91,2,SA,trayectoria,111121.0,107676.0,False,False,,,,,,,21,0,22,Llenando ventana
92,2,SA,trayectoria,111121.0,106364.0,False,False,,,,,,,22,0,23,Llenando ventana
93,2,SA,trayectoria,111121.0,106385.0,False,False,,,,,,,23,0,24,Llenando ventana
94,2,SA,trayectoria,111121.0,107317.0,False,False,,,,,,,24,0,25,Llenando ventana
95,2,SA,trayectoria,111121.0,107672.0,False,False,,,,,,,25,0,26,Llenando ventana
96,2,SA,trayectoria,111121.0,106460.0,False,False,,,,,,,26,0,27,Llenando ventana
97,2,SA,trayectoria,111121.0,106263.0,False,False,,,,,,,27,0,28,Llenando ventana
98,2,SA,trayectoria,111121.0,107469.0,False,False,,,,,,,28,0,29,Llenando ventana
99,2,SA,trayectoria,111121.0,108153.0,False,False,,,,,,,29,0,30,Llenando ventana
100,2,SA,trayectoria,111121.0,107531.0,False,False,,,,,,,30,0,31,Llenando ventana
101,2,SA,trayectoria,111121.0,105893.0,False,False,,,,,,,31,0,32,Llenando ventana
102,2,SA,trayectoria,111121.0,107593.0,False,False,,,,,,,32,0,33,Llenando ventana
103,2,SA,trayectoria,111121.0,108137.0,False,False,,,,,,,33,0,34,Llenando ventana
104,2,SA,trayectoria,111121.0,106975.0,False,False,,,,,,,34,0,35,Llenando ventana
105,2,SA,trayectoria,111121.0,107214.0,False,False,,,,,,,35,0,36,Llenando ventana
106,2,SA,trayectoria,111121.0,106222.0,False,False,,,,,,,36,0,37,Llenando ventana
107,2,SA,trayectoria,111121.0,107920.0,False,False,,,,,,,37,0,38,Llenando ventana
108,2,SA,trayectoria,111121.0,107010.0,False,False,,,,,,,38,0,39,Llenando ventana
109,2,SA,trayectoria,111121.0,107399.0,True,False,3.8999999999941792,0.0,3.8999999999941792,4.0,20.0,12.0,39,0,40,Explotacion activa
110,2,SA,trayectoria,111121.0,106537.0,True,False,3.8999999999941792,0.0,3.8999999999941792,4.0,20.0,12.0,40,0,41,Explotacion activa
111,2,SA,trayectoria,111121.0,106752.0,True,False,3.8999999999941792,0.0,3.8999999999941792,4.0,20.0,12.0,41,0,42,Explotacion activa
112,2,SA,trayectoria,111121.0,107370.0,True,False,3.8999999999941792,0.0,3.8999999999941792,4.0,20.0,12.0,42,0,43,Explotacion activa
113,2,SA,trayectoria,111121.0,108577.0,True,False,3.8999999999941792,0.0,3.8999999999941792,4.0,20.0,12.0,43,0,44,Explotacion activa
114,2,SA,trayectoria,111121.0,108832.0,True,False,3.8999999999941792,0.0,3.8999999999941792,4.0,20.0,12.0,44,0,45,Explotacion activa
115,2,SA,trayectoria,111121.0,106932.0,True,False,3.8999999999941792,0.0,3.8999999999941792,4.0,20.0,12.0,45,0,46,Explotacion activa
116,2,SA,trayectoria,111121.0,107833.0,True,False,3.8999999999941792,0.0,3.8999999999941792,4.0,20.0,12.0,46,0,47,Explotacion activa
117,2,SA,trayectoria,111121.0,108079.0,True,False,3.8999999999941792,0.0,3.8999999999941792,4.0,20.0,12.0,47,0,48,Explotacion activa
118,2,SA,trayectoria,111121.0,108594.0,True,False,3.8999999999941792,0.0,3.8999999999941792,0.0,3.8999999999941792,3.8999999999941792,48,1,49,Explotacion activa
119,2,SA,trayectoria,111121.0,109249.0,True,False,3.8999999999941792,0.0,3.8999999999941792,0.0,3.8999999999941792,3.8999999999941792,49,2,50,Explotacion activa
120,2,SA,trayectoria,111121.0,108317.0,True,False,3.8999999999941792,0.0,3.8999999999941792,0.0,3.8999999999941792,3.8999999999941792,50,3,51,Explotacion activa
121,2,SA,trayectoria,111121.0,106941.0,True,False,3.8999999999941792,0.0,3.8999999999941792,0.0,3.8999999999941792,3.8999999999941792,51,4,52,Explotacion activa
122,2,SA,trayectoria,111121.0,108856.0,True,False,3.8999999999941792,0.0,3.8999999999941792,0.0,3.8999999999941792,3.8999999999941792,52,5,53,Explotacion activa
123,2,SA,trayectoria,111121.0,107770.0,True,False,3.8999999999941792,0.0,3.8999999999941792,0.0,3.8999999999941792,3.8999999999941792,53,6,54,Explotacion activa
124,2,SA,trayectoria,111121.0,106980.0,True,False,3.8999999999941792,0.0,3.8999999999941792,0.0,3.8999999999941792,3.8999999999941792,54,7,55,Explotacion activa
125,2,SA,trayectoria,111121.0,108793.0,True,True,3.8999999999941792,0.0,3.8999999999941792,0.0,3.8999999999941792,3.8999999999941792,55,8,56,ESTANCAMIENTO (Fire)
126,3,ACO,poblacional,111289.0,97207.0,False,False,,,,,,,0,0,1,Llenando ventana
127,3,ACO,poblacional,111289.0,99652.0,False,False,,,,,,,1,0,2,Llenando ventana
128,3,ACO,poblacional,111289.0,98749.0,False,False,,,,,,,2,0,3,Llenando ventana
129,3,ACO,poblacional,111289.0,99732.0,False,False,,,,,,,3,0,4,Llenando ventana
130,3,ACO,poblacional,111289.0,101157.0,False,False,,,,,,,4,0,5,Llenando ventana
131,3,ACO,poblacional,111289.0,102109.0,False,False,,,,,,,5,0,6,Llenando ventana
132,3,ACO,poblacional,111289.0,101214.0,False,False,,,,,,,6,0,7,Llenando ventana
133,3,ACO,poblacional,111289.0,100118.0,False,False,,,,,,,7,0,8,Llenando ventana
134,3,ACO,poblacional,111289.0,100831.0,False,False,,,,,,,8,0,9,Llenando ventana
135,3,ACO,poblacional,111289.0,102487.0,False,False,,,,,,,9,0,10,Llenando ventana
136,3,ACO,poblacional,111289.0,102694.0,False,False,,,,,,,10,0,11,Llenando ventana
137,3,ACO,poblacional,111289.0,102578.0,False,False,,,,,,,11,0,12,Llenando ventana
138,3,ACO,poblacional,111289.0,103656.0,False,False,,,,,,,12,0,13,Llenando ventana
139,3,ACO,poblacional,111289.0,104576.0,False,False,,,,,,,13,0,14,Llenando ventana
140,3,ACO,poblacional,111289.0,103798.0,False,False,,,,,,,14,0,15,Llenando ventana
141,3,ACO,poblacional,111289.0,103427.0,False,False,,,,,,,15,0,16,Llenando ventana
142,3,ACO,poblacional,111289.0,103291.0,False,False,,,,,,,16,0,17,Llenando ventana
143,3,ACO,poblacional,111289.0,104580.0,False,False,,,,,,,17,0,18,Llenando ventana
144,3,ACO,poblacional,111289.0,106030.0,False,False,,,,,,,18,0,19,Llenando ventana
145,3,ACO,poblacional,111289.0,104629.0,False,False,,,,,,,19,0,20,Llenando ventana
146,3,ACO,poblacional,111289.0,105381.0,False,False,,,,,,,20,0,21,Llenando ventana
147,3,ACO,poblacional,111289.0,105968.0,False,False,,,,,,,21,0,22,Llenando ventana
148,3,ACO,poblacional,111289.0,105940.0,False,False,,,,,,,22,0,23,Llenando ventana
149,3,ACO,poblacional,111289.0,106265.0,False,False,,,,,,,23,0,24,Llenando ventana
150,3,ACO,poblacional,111289.0,106006.0,False,False,,,,,,,24,0,25,Llenando ventana
151,3,ACO,poblacional,111289.0,106198.0,False,False,,,,,,,25,0,26,Llenando ventana
152,3,ACO,poblacional,111289.0,106555.0,False,False,,,,,,,26,0,27,Llenando ventana
153,3,ACO,poblacional,111289.0,107107.0,False,False,,,,,,,27,0,28,Llenando ventana
154,3,ACO,poblacional,111289.0,107445.0,False,False,,,,,,,28,0,29,Llenando ventana
155,3,ACO,poblacional,111289.0,106823.0,False,False,,,,,,,29,0,30,Llenando ventana
156,3,ACO,poblacional,111289.0,105746.0,False,False,,,,,,,30,0,31,Llenando ventana
157,3,ACO,poblacional,111289.0,106004.0,False,False,,,,,,,31,0,32,Llenando ventana
158,3,ACO,poblacional,111289.0,105206.0,False,False,,,,,,,32,0,33,Llenando ventana
159,3,ACO,poblacional,111289.0,105553.0,False,False,,,,,,,33,0,34,Llenando ventana
160,3,ACO,poblacional,111289.0,106475.0,False,False,,,,,,,34,0,35,Llenando ventana
161,3,ACO,poblacional,111289.0,106626.0,False,False,,,,,,,35,0,36,Llenando ventana
162,3,ACO,poblacional,111289.0,106362.0,False,False,,,,,,,36,0,37,Llenando ventana
163,3,ACO,poblacional,111289.0,107497.0,False,False,,,,,,,37,0,38,Llenando ventana
164,3,ACO,poblacional,111289.0,106253.0,False,False,,,,,,,38,0,39,Llenando ventana
165,3,ACO,poblacional,111289.0,106573.0,True,False,3.8999999999941792,0.0,3.8999999999941792,4.0,20.0,12.0,39,0,40,Explotacion activa
166,3,ACO,poblacional,111289.0,105841.0,True,False,3.8999999999941792,0.0,3.8999999999941792,4.0,20.0,12.0,40,0,41,Explotacion activa
167,3,ACO,poblacional,111289.0,107202.0,True,False,3.8999999999941792,0.0,3.8999999999941792,4.0,20.0,12.0,41,0,42,Explotacion activa
168,3,ACO,poblacional,111289.0,105595.0,True,False,3.8999999999941792,0.0,3.8999999999941792,4.0,20.0,12.0,42,0,43,Explotacion activa
169,3,ACO,poblacional,111289.0,107572.0,True,False,3.8999999999941792,0.0,3.8999999999941792,4.0,20.0,12.0,43,0,44,Explotacion activa
170,3,ACO,poblacional,111289.0,105587.0,True,False,3.8999999999941792,0.0,3.8999999999941792,4.0,20.0,12.0,44,0,45,Explotacion activa
171,3,ACO,poblacional,111289.0,106063.0,True,False,3.8999999999941792,0.0,3.8999999999941792,4.0,20.0,12.0,45,0,46,Explotacion activa
172,3,ACO,poblacional,111289.0,105636.0,True,False,3.8999999999941792,0.0,3.8999999999941792,4.0,20.0,12.0,46,0,47,Explotacion activa
173,3,ACO,poblacional,111289.0,105834.0,True,False,3.8999999999941792,0.0,3.8999999999941792,4.0,20.0,12.0,47,0,48,Explotacion activa
174,3,ACO,poblacional,111289.0,105618.0,True,False,3.8999999999941792,0.0,3.8999999999941792,0.0,3.8999999999941792,3.8999999999941792,48,1,49,Explotacion activa
175,3,ACO,poblacional,111289.0,106637.0,True,False,3.8999999999941792,0.0,3.8999999999941792,0.0,3.8999999999941792,3.8999999999941792,49,2,50,Explotacion activa
176,3,ACO,poblacional,111289.0,105877.0,True,False,3.8999999999941792,0.0,3.8999999999941792,0.0,3.8999999999941792,3.8999999999941792,50,3,51,Explotacion activa
177,3,ACO,poblacional,111289.0,106711.0,True,False,3.8999999999941792,0.0,3.8999999999941792,0.0,3.8999999999941792,3.8999999999941792,51,4,52,Explotacion activa
178,3,ACO,poblacional,111289.0,107563.0,True,False,3.8999999999941792,0.0,3.8999999999941792,0.0,3.8999999999941792,3.8999999999941792,52,5,53,Explotacion activa
179,3,ACO,poblacional,111289.0,105877.0,True,False,3.8999999999941792,0.0,3.8999999999941792,0.0,3.8999999999941792,3.8999999999941792,53,6,54,Explotacion activa
180,3,ACO,poblacional,111289.0,105203.0,True,False,3.8999999999941792,0.0,3.8999999999941792,0.0,3.8999999999941792,3.8999999999941792,54,7,55,Explotacion activa
181,3,ACO,poblacional,111289.0,108251.0,True,True,3.8999999999941792,0.0,3.8999999999941792,0.0,3.8999999999941792,3.8999999999941792,55,8,56,ESTANCAMIENTO (Fire)
182,4,ILS,trayectoria,112403.0,112403.0,False,False,,,,,,,0,0,1,Llenando ventana
183,4,ILS,trayectoria,112403.0,112403.0,False,False,,,,,,,1,0,2,Llenando ventana
184,4,ILS,trayectoria,112403.0,112403.0,False,False,,,,,,,2,0,3,Llenando ventana
185,4,ILS,trayectoria,112403.0,112403.0,False,False,,,,,,,3,0,4,Llenando ventana
186,4,ILS,trayectoria,112403.0,112403.0,False,False,,,,,,,4,0,5,Llenando ventana
187,4,ILS,trayectoria,112403.0,112403.0,False,False,,,,,,,5,0,6,Llenando ventana
188,4,ILS,trayectoria,112403.0,112403.0,False,False,,,,,,,6,0,7,Llenando ventana
189,4,ILS,trayectoria,112403.0,112403.0,False,False,,,,,,,7,0,8,Llenando ventana
190,4,ILS,trayectoria,112403.0,112403.0,False,False,,,,,,,8,0,9,Llenando ventana
191,4,ILS,trayectoria,112403.0,112403.0,False,False,,,,,,,9,0,10,Llenando ventana
192,4,ILS,trayectoria,112403.0,112403.0,False,False,,,,,,,10,0,11,Llenando ventana
193,4,ILS,trayectoria,112403.0,112403.0,False,False,,,,,,,11,0,12,Llenando ventana
194,4,ILS,trayectoria,112403.0,112403.0,False,False,,,,,,,12,0,13,Llenando ventana
195,4,ILS,trayectoria,112460.0,112460.0,False,False,,,,,,,0,0,14,Llenando ventana
196,4,ILS,trayectoria,112460.0,112460.0,False,False,,,,,,,1,0,15,Llenando ventana
197,4,ILS,trayectoria,112460.0,112460.0,False,False,,,,,,,2,0,16,Llenando ventana
198,4,ILS,trayectoria,112460.0,112460.0,False,False,,,,,,,3,0,17,Llenando ventana
199,4,ILS,trayectoria,112460.0,112460.0,False,False,,,,,,,4,0,18,Llenando ventana
200,4,ILS,trayectoria,112460.0,112460.0,False,False,,,,,,,5,0,19,Llenando ventana
201,4,ILS,trayectoria,112460.0,112460.0,False,False,,,,,,,6,0,20,Llenando ventana
202,4,ILS,trayectoria,112460.0,112460.0,False,False,,,,,,,7,0,21,Llenando ventana
203,4,ILS,trayectoria,112460.0,112460.0,False,False,,,,,,,8,0,22,Llenando ventana
204,4,ILS,trayectoria,112460.0,112460.0,False,False,,,,,,,9,0,23,Llenando ventana
205,4,ILS,trayectoria,112460.0,112460.0,False,False,,,,,,,10,0,24,Llenando ventana
206,4,ILS,trayectoria,112460.0,112460.0,False,False,,,,,,,11,0,25,Llenando ventana
207,4,ILS,trayectoria,112460.0,112460.0,False,False,,,,,,,12,0,26,Llenando ventana
208,4,ILS,trayectoria,112460.0,112460.0,False,False,,,,,,,13,0,27,Llenando ventana
209,4,ILS,trayectoria,112460.0,112460.0,False,False,,,,,,,14,0,28,Llenando ventana
210,4,ILS,trayectoria,112691.0,112691.0,False,False,,,,,,,0,0,29,Llenando ventana
211,4,ILS,trayectoria,112691.0,112691.0,False,False,,,,,,,1,0,30,Llenando ventana
212,4,ILS,trayectoria,112691.0,112691.0,False,False,,,,,,,2,0,31,Llenando ventana
213,4,ILS,trayectoria,112691.0,112691.0,False,False,,,,,,,3,0,32,Llenando ventana
214,4,ILS,trayectoria,112691.0,112691.0,False,False,,,,,,,4,0,33,Llenando ventana
215,4,ILS,trayectoria,112691.0,112691.0,False,False,,,,,,,5,0,34,Llenando ventana
216,4,ILS,trayectoria,112691.0,112691.0,False,False,,,,,,,6,0,35,Llenando ventana
217,4,ILS,trayectoria,112691.0,112691.0,False,False,,,,,,,7,0,36,Llenando ventana
218,4,ILS,trayectoria,112691.0,112691.0,False,False,,,,,,,8,0,37,Llenando ventana
219,4,ILS,trayectoria,112691.0,112691.0,False,False,,,,,,,9,0,38,Llenando ventana
220,4,ILS,trayectoria,112691.0,112691.0,False,False,,,,,,,10,0,39,Llenando ventana
221,4,ILS,trayectoria,112691.0,112691.0,True,False,291.4999999999709,288.0,3.499999999970896,4.0,20.0,12.0,11,0,40,Explotacion activa
222,4,ILS,trayectoria,112691.0,112691.0,True,False,291.4999999999709,288.0,3.499999999970896,4.0,20.0,12.0,12,0,41,Explotacion activa
223,4,ILS,trayectoria,112691.0,112691.0,True,False,291.4999999999709,288.0,3.499999999970896,4.0,20.0,12.0,13,0,42,Explotacion activa
224,4,ILS,trayectoria,112691.0,112691.0,True,False,291.4999999999709,288.0,3.499999999970896,4.0,20.0,12.0,14,0,43,Explotacion activa
225,4,ILS,trayectoria,112691.0,112691.0,True,False,291.4999999999709,288.0,3.499999999970896,4.0,20.0,12.0,15,0,44,Explotacion activa
226,4,ILS,trayectoria,112691.0,112691.0,True,False,291.4999999999709,288.0,3.499999999970896,4.0,20.0,12.0,16,0,45,Explotacion activa
227,4,ILS,trayectoria,112691.0,112691.0,True,False,291.4999999999709,288.0,3.499999999970896,4.0,20.0,12.0,17,0,46,Explotacion activa
228,4,ILS,trayectoria,112691.0,112691.0,True,False,291.4999999999709,288.0,3.499999999970896,4.0,20.0,12.0,18,0,47,Explotacion activa
229,4,ILS,trayectoria,112691.0,112691.0,True,False,291.4999999999709,288.0,3.499999999970896,4.0,20.0,12.0,19,0,48,Explotacion activa
230,4,ILS,trayectoria,112691.0,112691.0,True,False,291.4999999999709,288.0,3.499999999970896,288.0,291.4999999999709,3.499999999970896,20,1,49,Explotacion activa
231,4,ILS,trayectoria,112691.0,112691.0,True,False,291.4999999999709,288.0,3.499999999970896,288.0,291.4999999999709,3.499999999970896,21,2,50,Explotacion activa
232,4,ILS,trayectoria,112691.0,112691.0,True,False,291.4999999999709,288.0,3.499999999970896,288.0,291.4999999999709,3.499999999970896,22,3,51,Explotacion activa
233,4,ILS,trayectoria,112691.0,112691.0,True,False,291.4999999999709,288.0,3.499999999970896,288.0,291.4999999999709,3.499999999970896,23,4,52,Explotacion activa
234,4,ILS,trayectoria,112691.0,112691.0,True,False,234.69999999998254,231.0,3.6999999999825377,288.0,291.4999999999709,3.499999999970896,24,5,53,Explotacion activa
235,4,ILS,trayectoria,112691.0,112691.0,True,False,234.69999999998254,231.0,3.6999999999825377,288.0,291.4999999999709,3.499999999970896,25,6,54,Explotacion activa
236,4,ILS,trayectoria,112733.0,112733.0,True,False,276.5,273.0,3.5,288.0,291.4999999999709,3.499999999970896,0,0,55,Explotacion activa
237,4,ILS,trayectoria,112733.0,112733.0,True,False,276.4999999999709,273.0,3.499999999970896,288.0,291.4999999999709,3.499999999970896,1,0,56,Explotacion activa
238,4,ILS,trayectoria,112733.0,112733.0,True,False,276.4999999999709,273.0,3.499999999970896,288.0,291.4999999999709,3.499999999970896,2,0,57,Explotacion activa
239,4,ILS,trayectoria,112733.0,112733.0,True,False,276.4999999999709,273.0,3.499999999970896,279.0,291.4999999999709,3.499999999970896,3,0,58,Explotacion activa
240,4,ILS,trayectoria,112733.0,112733.0,True,False,276.4999999999709,273.0,3.499999999970896,273.0,291.4999999999709,3.499999999970896,4,0,59,Explotacion activa
241,4,ILS,trayectoria,112733.0,112733.0,True,False,276.4999999999709,273.0,3.499999999970896,273.0,291.4999999999709,3.499999999970896,5,0,60,Explotacion activa
242,4,ILS,trayectoria,112733.0,112733.0,True,False,276.4999999999709,273.0,3.499999999970896,273.0,291.4999999999709,3.499999999970896,6,0,61,Explotacion activa
243,4,ILS,trayectoria,112733.0,112733.0,True,False,276.4999999999709,273.0,3.499999999970896,273.0,291.4999999999709,3.499999999970896,7,0,62,Explotacion activa
244,4,ILS,trayectoria,112733.0,112733.0,True,False,276.4999999999709,273.0,3.499999999970896,273.0,291.4999999999709,3.499999999970896,8,0,63,Explotacion activa
245,4,ILS,trayectoria,112733.0,112733.0,True,False,276.4999999999709,273.0,3.499999999970896,273.0,291.4999999999709,3.499999999970896,9,0,64,Explotacion activa
246,4,ILS,trayectoria,112733.0,112733.0,True,False,276.4999999999709,273.0,3.499999999970896,273.0,291.4999999999709,3.499999999970896,10,0,65,Explotacion activa
247,4,ILS,trayectoria,112733.0,112733.0,True,False,276.4999999999709,273.0,3.499999999970896,273.0,291.4999999999709,3.499999999970896,11,0,66,Explotacion activa
248,4,ILS,trayectoria,112733.0,112733.0,True,False,276.5,273.0,3.5,273.0,291.4999999999709,3.499999999970896,12,0,67,Explotacion activa
249,4,ILS,trayectoria,112733.0,112733.0,True,False,45.69999999998254,42.0,3.6999999999825377,273.0,291.4999999999709,3.499999999970896,13,0,68,Explotacion activa
250,4,ILS,trayectoria,112733.0,112733.0,True,False,45.69999999998254,42.0,3.6999999999825377,273.0,291.4999999999709,3.499999999970896,14,0,69,Explotacion activa
251,4,ILS,trayectoria,112733.0,112733.0,True,False,45.69999999998254,42.0,3.6999999999825377,273.0,291.4999999999709,3.499999999970896,15,1,70,Explotacion activa
252,4,ILS,trayectoria,112733.0,112733.0,True,False,45.69999999998254,42.0,3.6999999999825377,273.0,291.4999999999709,3.499999999970896,16,2,71,Explotacion activa
253,4,ILS,trayectoria,112733.0,112733.0,True,False,45.69999999998254,42.0,3.6999999999825377,273.0,291.4999999999709,3.499999999970896,17,3,72,Explotacion activa
254,4,ILS,trayectoria,112733.0,112733.0,True,False,45.69999999998254,42.0,3.6999999999825377,273.0,291.4999999999709,3.4999999999738067,18,4,73,Explotacion activa
255,4,ILS,trayectoria,112782.0,112782.0,True,False,94.5,91.0,3.5,273.0,291.4999999999709,3.4999999999941793,0,0,74,Explotacion activa
256,4,ILS,trayectoria,112782.0,112782.0,True,False,94.4999999999709,91.0,3.499999999970896,273.0,291.4999999999709,3.499999999985448,1,0,75,Explotacion activa
257,4,ILS,trayectoria,112782.0,112782.0,True,False,94.4999999999709,91.0,3.499999999970896,264.59999999999997,291.4999999999709,3.499999999976717,2,0,76,Explotacion activa
258,4,ILS,trayectoria,112782.0,112782.0,True,False,94.4999999999709,91.0,3.499999999970896,235.2,291.4999999999709,3.499999999970896,3,0,77,Explotacion activa
259,4,ILS,trayectoria,112782.0,112782.0,True,False,94.4999999999709,91.0,3.499999999970896,231.0,291.4999999999709,3.499999999970896,4,0,78,Explotacion activa
260,4,ILS,trayectoria,112782.0,112782.0,True,False,94.4999999999709,91.0,3.499999999970896,188.9999999999999,291.4999999999709,3.499999999970896,5,0,79,Explotacion activa
261,4,ILS,trayectoria,112782.0,112782.0,True,False,94.4999999999709,91.0,3.499999999970896,91.0,291.4999999999709,3.499999999970896,6,0,80,Explotacion activa
262,4,ILS,trayectoria,112782.0,112782.0,True,False,94.4999999999709,91.0,3.499999999970896,91.0,286.9999999999796,3.499999999970896,7,0,81,Explotacion activa
263,4,ILS,trayectoria,112782.0,112782.0,True,False,94.4999999999709,91.0,3.499999999970896,91.0,282.49999999998835,3.499999999970896,8,0,82,Explotacion activa
264,4,ILS,trayectoria,112824.0,112824.0,True,False,136.29999999998836,133.0,3.2999999999883585,91.0,277.99999999999704,3.499999999970896,0,0,83,Explotacion activa
265,4,ILS,trayectoria,112824.0,112824.0,True,False,136.29999999995925,133.0,3.2999999999592546,91.0,276.5,3.499999999970896,1,0,84,Explotacion activa
266,4,ILS,trayectoria,112824.0,112824.0,True,False,136.29999999995925,133.0,3.2999999999592546,91.0,276.5,3.499999999970896,2,0,85,Explotacion activa
267,4,ILS,trayectoria,112824.0,112824.0,True,False,136.29999999995925,133.0,3.2999999999592546,91.0,276.5,3.499999999970896,3,0,86,Explotacion activa
268,4,ILS,trayectoria,112824.0,112824.0,True,False,136.29999999995925,133.0,3.2999999999592546,95.19999999999999,276.4999999999971,3.499999999970896,4,0,87,Explotacion activa
269,4,ILS,trayectoria,112824.0,112824.0,True,False,136.29999999995925,133.0,3.2999999999592546,107.79999999999994,276.49999999998835,3.499999999970896,5,0,88,Explotacion activa
270,4,ILS,trayectoria,112824.0,112824.0,True,False,136.29999999995925,133.0,3.2999999999592546,120.39999999999998,276.49999999997965,3.499999999970896,6,0,89,Explotacion activa
271,4,ILS,trayectoria,112824.0,112824.0,True,False,136.29999999995925,133.0,3.2999999999592546,133.0,276.4999999999709,3.499999999970896,7,0,90,Explotacion activa
272,4,ILS,trayectoria,112824.0,112824.0,True,False,136.29999999995925,133.0,3.2999999999592546,133.0,276.4999999999709,3.499999999970896,8,0,91,Explotacion activa
273,4,ILS,trayectoria,112824.0,112824.0,True,False,136.29999999995925,133.0,3.2999999999592546,133.0,276.4999999999709,3.499999999970896,9,0,92,Explotacion activa
274,4,ILS,trayectoria,112824.0,112824.0,True,False,136.29999999998836,133.0,3.2999999999883585,133.0,276.4999999999709,3.499999999970896,10,0,93,Explotacion activa
275,4,ILS,trayectoria,112824.0,112824.0,True,False,94.4999999999709,91.0,3.499999999970896,133.0,276.4999999999709,3.499999999970896,11,0,94,Explotacion activa
276,4,ILS,trayectoria,112824.0,112824.0,True,False,94.4999999999709,91.0,3.499999999970896,112.0,276.4999999999709,3.499999999970896,12,0,95,Explotacion activa
277,4,ILS,trayectoria,112824.0,112824.0,True,False,94.4999999999709,91.0,3.499999999970896,91.0,276.4999999999709,3.499999999970896,13,0,96,Explotacion activa
278,4,ILS,trayectoria,112824.0,112824.0,True,False,94.4999999999709,91.0,3.499999999970896,91.0,276.4999999999709,3.499999999970896,14,0,97,Explotacion activa
279,4,ILS,trayectoria,112824.0,112824.0,True,False,94.4999999999709,91.0,3.499999999970896,91.0,276.4999999999709,3.499999999970896,15,1,98,Explotacion activa
280,4,ILS,trayectoria,112824.0,112824.0,True,False,94.4999999999709,91.0,3.499999999970896,91.0,276.4999999999709,3.499999999970896,16,2,99,Explotacion activa
281,4,ILS,trayectoria,112824.0,112824.0,True,False,94.4999999999709,91.0,3.499999999970896,91.0,276.4999999999709,3.499999999970896,17,3,100,Explotacion activa
282,4,ILS,trayectoria,112824.0,112824.0,True,False,94.4999999999709,91.0,3.499999999970896,91.0,276.4999999999709,3.499999999970896,18,4,101,Explotacion activa
283,4,ILS,trayectoria,112824.0,112824.0,True,False,94.4999999999709,91.0,3.499999999970896,91.0,276.4999999999709,3.499999999970896,19,5,102,Explotacion activa
284,4,ILS,trayectoria,112824.0,112824.0,True,False,94.4999999999709,91.0,3.499999999970896,91.0,276.4999999999709,3.499999999970896,20,6,103,Explotacion activa
285,4,ILS,trayectoria,112824.0,112824.0,True,False,94.4999999999709,91.0,3.499999999970896,91.0,276.4999999999709,3.499999999970896,21,7,104,Explotacion activa
286,4,ILS,trayectoria,112824.0,112824.0,True,False,94.4999999999709,91.0,3.499999999970896,91.0,276.4999999999709,3.499999999970896,22,8,105,Explotacion activa
287,4,ILS,trayectoria,112824.0,112824.0,True,False,94.4999999999709,91.0,3.499999999970896,91.0,276.4999999999709,3.499999999970896,23,9,106,Explotacion activa
288,4,ILS,trayectoria,112824.0,112824.0,True,False,94.4999999999709,91.0,3.499999999970896,91.0,276.4999999999709,3.499999999970896,24,10,107,Explotacion activa
289,4,ILS,trayectoria,112824.0,112824.0,True,False,94.4999999999709,91.0,3.499999999970896,91.0,276.4999999999709,3.499999999970896,25,11,108,Explotacion activa
290,4,ILS,trayectoria,112824.0,112824.0,True,False,94.4999999999709,91.0,3.499999999970896,91.0,276.4999999999709,3.499999999970896,26,12,109,Explotacion activa
291,4,ILS,trayectoria,112824.0,112824.0,True,False,94.4999999999709,91.0,3.499999999970896,91.0,276.4999999999709,3.499999999970896,27,13,110,Explotacion activa
292,4,ILS,trayectoria,112824.0,112824.0,True,True,94.4999999999709,91.0,3.499999999970896,91.0,276.4999999999709,3.499999999970896,28,14,111,ESTANCAMIENTO (Fire)
293,5,WOA,poblacional,112824.0,112824.0,False,False,,,,,,,0,0,1,Llenando ventana
294,5,WOA,poblacional,112824.0,112824.0,False,False,,,,,,,1,0,2,Llenando ventana
295,5,WOA,poblacional,112824.0,112824.0,False,False,,,,,,,2,0,3,Llenando ventana
296,5,WOA,poblacional,112824.0,112824.0,False,False,,,,,,,3,0,4,Llenando ventana
297,5,WOA,poblacional,112824.0,112824.0,False,False,,,,,,,4,0,5,Llenando ventana
298,5,WOA,poblacional,112824.0,112824.0,False,False,,,,,,,5,0,6,Llenando ventana
299,5,WOA,poblacional,112824.0,112824.0,False,False,,,,,,,6,0,7,Llenando ventana
300,5,WOA,poblacional,112824.0,112824.0,False,False,,,,,,,7,0,8,Llenando ventana
301,5,WOA,poblacional,112824.0,112824.0,False,False,,,,,,,8,0,9,Llenando ventana
302,5,WOA,poblacional,112824.0,112824.0,False,False,,,,,,,9,0,10,Llenando ventana
303,5,WOA,poblacional,112824.0,112824.0,False,False,,,,,,,10,0,11,Llenando ventana
304,5,WOA,poblacional,112824.0,112824.0,False,False,,,,,,,11,0,12,Llenando ventana
305,5,WOA,poblacional,112824.0,112824.0,False,False,,,,,,,12,0,13,Llenando ventana
306,5,WOA,poblacional,112824.0,112824.0,False,False,,,,,,,13,0,14,Llenando ventana
307,5,WOA,poblacional,112824.0,112824.0,False,False,,,,,,,14,0,15,Llenando ventana
308,5,WOA,poblacional,112824.0,112824.0,False,False,,,,,,,15,0,16,Llenando ventana
309,5,WOA,poblacional,112824.0,112824.0,False,False,,,,,,,16,0,17,Llenando ventana
310,5,WOA,poblacional,112824.0,112824.0,False,False,,,,,,,17,0,18,Llenando ventana
311,5,WOA,poblacional,112824.0,112824.0,False,False,,,,,,,18,0,19,Llenando ventana
312,5,WOA,poblacional,112824.0,112824.0,False,False,,,,,,,19,0,20,Llenando ventana
313,5,WOA,poblacional,112824.0,112824.0,False,False,,,,,,,20,0,21,Llenando ventana
314,5,WOA,poblacional,112824.0,112824.0,False,False,,,,,,,21,0,22,Llenando ventana
315,5,WOA,poblacional,112824.0,112824.0,False,False,,,,,,,22,0,23,Llenando ventana
316,5,WOA,poblacional,112824.0,112824.0,False,False,,,,,,,23,0,24,Llenando ventana
317,5,WOA,poblacional,112824.0,112824.0,False,False,,,,,,,24,0,25,Llenando ventana
318,5,WOA,poblacional,112824.0,112824.0,False,False,,,,,,,25,0,26,Llenando ventana
319,5,WOA,poblacional,112824.0,112824.0,False,False,,,,,,,26,0,27,Llenando ventana
320,5,WOA,poblacional,112824.0,112824.0,False,False,,,,,,,27,0,28,Llenando ventana
321,5,WOA,poblacional,112824.0,112824.0,False,False,,,,,,,28,0,29,Llenando ventana
322,5,WOA,poblacional,112824.0,112824.0,False,False,,,,,,,29,0,30,Llenando ventana
323,5,WOA,poblacional,112824.0,112824.0,False,False,,,,,,,30,0,31,Llenando ventana
324,5,WOA,poblacional,112824.0,112824.0,False,False,,,,,,,31,0,32,Llenando ventana
325,5,WOA,poblacional,112824.0,112824.0,False,False,,,,,,,32,0,33,Llenando ventana
326,5,WOA,poblacional,112824.0,112824.0,False,False,,,,,,,33,0,34,Llenando ventana
327,5,WOA,poblacional,112824.0,112824.0,False,False,,,,,,,34,0,35,Llenando ventana
328,5,WOA,poblacional,112824.0,112824.0,False,False,,,,,,,35,0,36,Llenando ventana
329,5,WOA,poblacional,112824.0,112824.0,False,False,,,,,,,36,0,37,Llenando ventana
330,5,WOA,poblacional,112824.0,112824.0,False,False,,,,,,,37,0,38,Llenando ventana
331,5,WOA,poblacional,112824.0,112824.0,False,False,,,,,,,38,0,39,Llenando ventana
332,5,WOA,poblacional,112824.0,112824.0,True,False,3.8999999999941792,0.0,3.8999999999941792,4.0,20.0,12.0,39,0,40,Explotacion activa
333,5,WOA,poblacional,112824.0,112824.0,True,False,3.8999999999941792,0.0,3.8999999999941792,4.0,20.0,12.0,40,0,41,Explotacion activa
334,5,WOA,poblacional,112824.0,112824.0,True,False,3.8999999999941792,0.0,3.8999999999941792,4.0,20.0,12.0,41,0,42,Explotacion activa
335,5,WOA,poblacional,112824.0,112824.0,True,False,3.8999999999941792,0.0,3.8999999999941792,4.0,20.0,12.0,42,0,43,Explotacion activa
336,5,WOA,poblacional,112824.0,112824.0,True,False,3.8999999999941792,0.0,3.8999999999941792,4.0,20.0,12.0,43,0,44,Explotacion activa
337,5,WOA,poblacional,112824.0,112824.0,True,False,3.8999999999941792,0.0,3.8999999999941792,4.0,20.0,12.0,44,0,45,Explotacion activa
338,5,WOA,poblacional,112824.0,112824.0,True,False,3.8999999999941792,0.0,3.8999999999941792,4.0,20.0,12.0,45,0,46,Explotacion activa
339,5,WOA,poblacional,112824.0,112824.0,True,False,3.8999999999941792,0.0,3.8999999999941792,4.0,20.0,12.0,46,0,47,Explotacion activa
340,5,WOA,poblacional,112824.0,112824.0,True,False,3.8999999999941792,0.0,3.8999999999941792,4.0,20.0,12.0,47,0,48,Explotacion activa
341,5,WOA,poblacional,112824.0,112824.0,True,False,3.8999999999941792,0.0,3.8999999999941792,0.0,3.8999999999941792,3.8999999999941792,48,1,49,Explotacion activa
342,5,WOA,poblacional,112824.0,112824.0,True,False,3.8999999999941792,0.0,3.8999999999941792,0.0,3.8999999999941792,3.8999999999941792,49,2,50,Explotacion activa
343,5,WOA,poblacional,112824.0,112824.0,True,False,3.8999999999941792,0.0,3.8999999999941792,0.0,3.8999999999941792,3.8999999999941792,50,3,51,Explotacion activa
344,5,WOA,poblacional,112824.0,112824.0,True,False,3.8999999999941792,0.0,3.8999999999941792,0.0,3.8999999999941792,3.8999999999941792,51,4,52,Explotacion activa
345,5,WOA,poblacional,112824.0,112824.0,True,False,3.8999999999941792,0.0,3.8999999999941792,0.0,3.8999999999941792,3.8999999999941792,52,5,53,Explotacion activa
346,5,WOA,poblacional,112824.0,112824.0,True,False,3.8999999999941792,0.0,3.8999999999941792,0.0,3.8999999999941792,3.8999999999941792,53,6,54,Explotacion activa
347,5,WOA,poblacional,112824.0,112824.0,True,False,3.8999999999941792,0.0,3.8999999999941792,0.0,3.8999999999941792,3.8999999999941792,54,7,55,Explotacion activa
348,5,WOA,poblacional,112824.0,112824.0,True,True,3.8999999999941792,0.0,3.8999999999941792,0.0,3.8999999999941792,3.8999999999941792,55,8,56,ESTANCAMIENTO (Fire)
349,5,WOA,poblacional,112824.0,112824.0,False,False,,,3.8999999999941792,,,,0,0,1,Llenando ventana
350,5,WOA,poblacional,112824.0,112824.0,False,False,,,3.8999999999941792,,,,1,0,2,Llenando ventana
351,5,WOA,poblacional,112824.0,112824.0,False,False,,,3.8999999999941792,,,,2,0,3,Llenando ventana
352,5,WOA,poblacional,112824.0,112824.0,False,False,,,3.8999999999941792,,,,3,0,4,Llenando ventana
353,5,WOA,poblacional,112824.0,112824.0,False,False,,,3.8999999999941792,,,,4,0,5,Llenando ventana
354,5,WOA,poblacional,112824.0,112824.0,False,False,,,3.8999999999941792,,,,5,0,6,Llenando ventana
355,6,TS,trayectoria,112824.0,112824.0,False,False,,,,,,,6,0,7,Llenando ventana
356,6,TS,trayectoria,112824.0,112824.0,False,False,,,,,,,7,0,8,Llenando ventana
357,6,TS,trayectoria,112824.0,112824.0,False,False,,,,,,,8,0,9,Llenando ventana
358,6,TS,trayectoria,112824.0,112824.0,False,False,,,,,,,9,0,10,Llenando ventana
359,6,TS,trayectoria,112824.0,112824.0,False,False,,,,,,,10,0,11,Llenando ventana
360,6,TS,trayectoria,112824.0,112824.0,False,False,,,,,,,11,0,12,Llenando ventana
361,6,TS,trayectoria,112824.0,112824.0,False,False,,,,,,,12,0,13,Llenando ventana
362,6,TS,trayectoria,112824.0,112824.0,False,False,,,,,,,13,0,14,Llenando ventana
363,6,TS,trayectoria,112824.0,112824.0,False,False,,,,,,,14,0,15,Llenando ventana
364,6,TS,trayectoria,112824.0,112824.0,False,False,,,,,,,15,0,16,Llenando ventana
365,6,TS,trayectoria,112824.0,112824.0,False,False,,,,,,,16,0,17,Llenando ventana
366,6,TS,trayectoria,112824.0,112824.0,False,False,,,,,,,17,0,18,Llenando ventana
367,6,TS,trayectoria,112824.0,112824.0,False,False,,,,,,,18,0,19,Llenando ventana
368,6,TS,trayectoria,112824.0,112824.0,False,False,,,,,,,19,0,20,Llenando ventana
369,6,TS,trayectoria,112824.0,112824.0,False,False,,,,,,,20,0,21,Llenando ventana
370,6,TS,trayectoria,112824.0,112824.0,False,False,,,,,,,21,0,22,Llenando ventana
371,6,TS,trayectoria,112824.0,112824.0,False,False,,,,,,,22,0,23,Llenando ventana
372,6,TS,trayectoria,112824.0,112824.0,False,False,,,,,,,23,0,24,Llenando ventana
373,6,TS,trayectoria,112824.0,112824.0,False,False,,,,,,,24,0,25,Llenando ventana
374,6,TS,trayectoria,112824.0,112824.0,False,False,,,,,,,25,0,26,Llenando ventana
375,6,TS,trayectoria,112824.0,112824.0,False,False,,,,,,,26,0,27,Llenando ventana
376,6,TS,trayectoria,112824.0,112824.0,False,False,,,,,,,27,0,28,Llenando ventana
377,6,TS,trayectoria,112824.0,112824.0,False,False,,,,,,,28,0,29,Llenando ventana
378,6,TS,trayectoria,112824.0,112824.0,False,False,,,,,,,29,0,30,Llenando ventana
379,6,TS,trayectoria,112824.0,112824.0,False,False,,,,,,,30,0,31,Llenando ventana
380,6,TS,trayectoria,112824.0,112824.0,False,False,,,,,,,31,0,32,Llenando ventana
381,6,TS,trayectoria,112824.0,112824.0,False,False,,,,,,,32,0,33,Llenando ventana
382,6,TS,trayectoria,112824.0,112824.0,False,False,,,,,,,33,0,34,Llenando ventana
383,6,TS,trayectoria,112824.0,112824.0,False,False,,,,,,,34,0,35,Llenando ventana
384,6,TS,trayectoria,112824.0,112824.0,False,False,,,,,,,35,0,36,Llenando ventana
385,6,TS,trayectoria,112824.0,112824.0,False,False,,,,,,,36,0,37,Llenando ventana
386,6,TS,trayectoria,112824.0,112824.0,False,False,,,,,,,37,0,38,Llenando ventana
387,6,TS,trayectoria,112824.0,112824.0,False,False,,,,,,,38,0,39,Llenando ventana
388,6,TS,trayectoria,112824.0,112824.0,True,False,3.8999999999941792,0.0,3.8999999999941792,4.0,20.0,12.0,39,0,40,Explotacion activa
389,6,TS,trayectoria,112824.0,112824.0,True,False,3.8999999999941792,0.0,3.8999999999941792,4.0,20.0,12.0,40,0,41,Explotacion activa
390,6,TS,trayectoria,112824.0,112824.0,True,False,3.8999999999941792,0.0,3.8999999999941792,4.0,20.0,12.0,41,0,42,Explotacion activa
391,6,TS,trayectoria,112824.0,112824.0,True,False,3.8999999999941792,0.0,3.8999999999941792,4.0,20.0,12.0,42,0,43,Explotacion activa
392,6,TS,trayectoria,112824.0,112824.0,True,False,3.8999999999941792,0.0,3.8999999999941792,4.0,20.0,12.0,43,0,44,Explotacion activa
393,6,TS,trayectoria,112824.0,112824.0,True,False,3.8999999999941792,0.0,3.8999999999941792,4.0,20.0,12.0,44,0,45,Explotacion activa
394,6,TS,trayectoria,112824.0,112824.0,True,False,3.8999999999941792,0.0,3.8999999999941792,4.0,20.0,12.0,45,0,46,Explotacion activa
395,6,TS,trayectoria,112824.0,112824.0,True,False,3.8999999999941792,0.0,3.8999999999941792,4.0,20.0,12.0,46,0,47,Explotacion activa
396,6,TS,trayectoria,112824.0,112824.0,True,False,3.8999999999941792,0.0,3.8999999999941792,4.0,20.0,12.0,47,0,48,Explotacion activa
397,6,TS,trayectoria,112824.0,112824.0,True,False,3.8999999999941792,0.0,3.8999999999941792,0.0,3.8999999999941792,3.8999999999941792,48,1,49,Explotacion activa
398,6,TS,trayectoria,112824.0,112824.0,True,False,3.8999999999941792,0.0,3.8999999999941792,0.0,3.8999999999941792,3.8999999999941792,49,2,50,Explotacion activa
399,6,TS,trayectoria,112824.0,112824.0,True,False,3.8999999999941792,0.0,3.8999999999941792,0.0,3.8999999999941792,3.8999999999941792,50,3,51,Explotacion activa
400,6,TS,trayectoria,112824.0,112824.0,True,False,3.8999999999941792,0.0,3.8999999999941792,0.0,3.8999999999941792,3.8999999999941792,51,4,52,Explotacion activa
401,6,TS,trayectoria,112824.0,112824.0,True,False,3.8999999999941792,0.0,3.8999999999941792,0.0,3.8999999999941792,3.8999999999941792,52,5,53,Explotacion activa
402,6,TS,trayectoria,112824.0,112824.0,True,False,3.8999999999941792,0.0,3.8999999999941792,0.0,3.8999999999941792,3.8999999999941792,53,6,54,Explotacion activa
403,6,TS,trayectoria,112824.0,112824.0,True,False,3.8999999999941792,0.0,3.8999999999941792,0.0,3.8999999999941792,3.8999999999941792,54,7,55,Explotacion activa
404,6,TS,trayectoria,112824.0,112824.0,True,True,3.8999999999941792,0.0,3.8999999999941792,0.0,3.8999999999941792,3.8999999999941792,55,8,56,ESTANCAMIENTO (Fire)
405,6,TS,trayectoria,112824.0,112824.0,False,False,,,3.8999999999941792,,,,0,0,1,Llenando ventana
406,6,TS,trayectoria,112824.0,112824.0,False,False,,,3.8999999999941792,,,,1,0,2,Llenando ventana
407,6,TS,trayectoria,112824.0,112824.0,False,False,,,3.8999999999941792,,,,2,0,3,Llenando ventana
408,6,TS,trayectoria,112824.0,112824.0,False,False,,,3.8999999999941792,,,,3,0,4,Llenando ventana
409,6,TS,trayectoria,112824.0,112824.0,False,False,,,3.8999999999941792,,,,4,0,5,Llenando ventana
410,6,TS,trayectoria,112824.0,112824.0,False,False,,,3.8999999999941792,,,,5,0,6,Llenando ventana
411,7,ACO,poblacional,112824.0,96127.0,False,False,,,,,,,6,0,7,Llenando ventana
412,7,ACO,poblacional,112824.0,99630.0,False,False,,,,,,,7,0,8,Llenando ventana
413,7,ACO,poblacional,112824.0,99259.0,False,False,,,,,,,8,0,9,Llenando ventana
414,7,ACO,poblacional,112824.0,100792.0,False,False,,,,,,,9,0,10,Llenando ventana
415,7,ACO,poblacional,112824.0,99288.0,False,False,,,,,,,10,0,11,Llenando ventana
416,7,ACO,poblacional,112824.0,100034.0,False,False,,,,,,,11,0,12,Llenando ventana
417,7,ACO,poblacional,112824.0,100747.0,False,False,,,,,,,12,0,13,Llenando ventana
418,7,ACO,poblacional,112824.0,101166.0,False,False,,,,,,,13,0,14,Llenando ventana
419,7,ACO,poblacional,112824.0,101241.0,False,False,,,,,,,14,0,15,Llenando ventana
420,7,ACO,poblacional,112824.0,103755.0,False,False,,,,,,,15,0,16,Llenando ventana
421,7,ACO,poblacional,112824.0,101679.0,False,False,,,,,,,16,0,17,Llenando ventana
422,7,ACO,poblacional,112824.0,102344.0,False,False,,,,,,,17,0,18,Llenando ventana
423,7,ACO,poblacional,112824.0,102746.0,False,False,,,,,,,18,0,19,Llenando ventana
424,7,ACO,poblacional,112824.0,103615.0,False,False,,,,,,,19,0,20,Llenando ventana
425,7,ACO,poblacional,112824.0,104088.0,False,False,,,,,,,20,0,21,Llenando ventana
426,7,ACO,poblacional,112824.0,104321.0,False,False,,,,,,,21,0,22,Llenando ventana
427,7,ACO,poblacional,112824.0,104991.0,False,False,,,,,,,22,0,23,Llenando ventana
428,7,ACO,poblacional,112824.0,105989.0,False,False,,,,,,,23,0,24,Llenando ventana
429,7,ACO,poblacional,112824.0,105057.0,False,False,,,,,,,24,0,25,Llenando ventana
430,7,ACO,poblacional,112824.0,107642.0,False,False,,,,,,,25,0,26,Llenando ventana
431,7,ACO,poblacional,112824.0,107214.0,False,False,,,,,,,26,0,27,Llenando ventana
432,7,ACO,poblacional,112824.0,107685.0,False,False,,,,,,,27,0,28,Llenando ventana
433,7,ACO,poblacional,112824.0,106460.0,False,False,,,,,,,28,0,29,Llenando ventana
434,7,ACO,poblacional,112824.0,107855.0,False,False,,,,,,,29,0,30,Llenando ventana
435,7,ACO,poblacional,112824.0,106912.0,False,False,,,,,,,30,0,31,Llenando ventana
436,7,ACO,poblacional,112824.0,108491.0,False,False,,,,,,,31,0,32,Llenando ventana
437,7,ACO,poblacional,112824.0,106019.0,False,False,,,,,,,32,0,33,Llenando ventana
438,7,ACO,poblacional,112824.0,107538.0,False,False,,,,,,,33,0,34,Llenando ventana
439,7,ACO,poblacional,112824.0,108157.0,False,False,,,,,,,34,0,35,Llenando ventana
440,7,ACO,poblacional,112824.0,106687.0,False,False,,,,,,,35,0,36,Llenando ventana
441,7,ACO,poblacional,112824.0,108126.0,False,False,,,,,,,36,0,37,Llenando ventana
442,7,ACO,poblacional,112824.0,107697.0,False,False,,,,,,,37,0,38,Llenando ventana
443,7,ACO,poblacional,112824.0,106660.0,False,False,,,,,,,38,0,39,Llenando ventana
444,7,ACO,poblacional,112824.0,106482.0,True,False,3.8999999999941792,0.0,3.8999999999941792,4.0,20.0,12.0,39,0,40,Explotacion activa
445,7,ACO,poblacional,112824.0,105897.0,True,False,3.8999999999941792,0.0,3.8999999999941792,4.0,20.0,12.0,40,0,41,Explotacion activa
446,7,ACO,poblacional,112824.0,107034.0,True,False,3.8999999999941792,0.0,3.8999999999941792,4.0,20.0,12.0,41,0,42,Explotacion activa
447,7,ACO,poblacional,112824.0,106538.0,True,False,3.8999999999941792,0.0,3.8999999999941792,4.0,20.0,12.0,42,0,43,Explotacion activa
448,7,ACO,poblacional,112824.0,106913.0,True,False,3.8999999999941792,0.0,3.8999999999941792,4.0,20.0,12.0,43,0,44,Explotacion activa
449,7,ACO,poblacional,112824.0,106874.0,True,False,3.8999999999941792,0.0,3.8999999999941792,4.0,20.0,12.0,44,0,45,Explotacion activa
450,7,ACO,poblacional,112824.0,107276.0,True,False,3.8999999999941792,0.0,3.8999999999941792,4.0,20.0,12.0,45,0,46,Explotacion activa
451,7,ACO,poblacional,112824.0,107046.0,True,False,3.8999999999941792,0.0,3.8999999999941792,4.0,20.0,12.0,46,0,47,Explotacion activa
452,7,ACO,poblacional,112824.0,107264.0,True,False,3.8999999999941792,0.0,3.8999999999941792,4.0,20.0,12.0,47,0,48,Explotacion activa
453,7,ACO,poblacional,112824.0,107030.0,True,False,3.8999999999941792,0.0,3.8999999999941792,0.0,3.8999999999941792,3.8999999999941792,48,1,49,Explotacion activa
454,7,ACO,poblacional,112824.0,107124.0,True,False,3.8999999999941792,0.0,3.8999999999941792,0.0,3.8999999999941792,3.8999999999941792,49,2,50,Explotacion activa
455,7,ACO,poblacional,112824.0,106449.0,True,False,3.8999999999941792,0.0,3.8999999999941792,0.0,3.8999999999941792,3.8999999999941792,50,3,51,Explotacion activa
456,7,ACO,poblacional,112824.0,107063.0,True,False,3.8999999999941792,0.0,3.8999999999941792,0.0,3.8999999999941792,3.8999999999941792,51,4,52,Explotacion activa
457,7,ACO,poblacional,112824.0,107744.0,True,False,3.8999999999941792,0.0,3.8999999999941792,0.0,3.8999999999941792,3.8999999999941792,52,5,53,Explotacion activa
458,7,ACO,poblacional,112824.0,106985.0,True,False,3.8999999999941792,0.0,3.8999999999941792,0.0,3.8999999999941792,3.8999999999941792,53,6,54,Explotacion activa
459,7,ACO,poblacional,112824.0,107206.0,True,False,3.8999999999941792,0.0,3.8999999999941792,0.0,3.8999999999941792,3.8999999999941792,54,7,55,Explotacion activa
460,7,ACO,poblacional,112824.0,107051.0,True,True,3.8999999999941792,0.0,3.8999999999941792,0.0,3.8999999999941792,3.8999999999941792,55,8,56,ESTANCAMIENTO (Fire)
461,7,ACO,poblacional,112824.0,106197.0,False,False,,,3.8999999999941792,,,,0,0,1,Llenando ventana
462,7,ACO,poblacional,112824.0,106982.0,False,False,,,3.8999999999941792,,,,1,0,2,Llenando ventana
463,7,ACO,poblacional,112824.0,107336.0,False,False,,,3.8999999999941792,,,,2,0,3,Llenando ventana
464,7,ACO,poblacional,112824.0,106652.0,False,False,,,3.8999999999941792,,,,3,0,4,Llenando ventana
465,7,ACO,poblacional,112824.0,106570.0,False,False,,,3.8999999999941792,,,,4,0,5,Llenando ventana
466,7,ACO,poblacional,112824.0,107015.0,False,False,,,3.8999999999941792,,,,5,0,6,Llenando ventana
467,8,SA,trayectoria,112824.0,108598.0,False,False,,,,,,,6,0,7,Llenando ventana
468,8,SA,trayectoria,112824.0,106964.0,False,False,,,,,,,7,0,8,Llenando ventana
469,8,SA,trayectoria,112824.0,107444.0,False,False,,,,,,,8,0,9,Llenando ventana
470,8,SA,trayectoria,112824.0,106895.0,False,False,,,,,,,9,0,10,Llenando ventana
471,8,SA,trayectoria,112824.0,108116.0,False,False,,,,,,,10,0,11,Llenando ventana
472,8,SA,trayectoria,112824.0,107414.0,False,False,,,,,,,11,0,12,Llenando ventana
473,8,SA,trayectoria,112824.0,106509.0,False,False,,,,,,,12,0,13,Llenando ventana
474,8,SA,trayectoria,112824.0,107584.0,False,False,,,,,,,13,0,14,Llenando ventana
475,8,SA,trayectoria,112824.0,107170.0,False,False,,,,,,,14,0,15,Llenando ventana
476,8,SA,trayectoria,112824.0,108140.0,False,False,,,,,,,15,0,16,Llenando ventana
477,8,SA,trayectoria,112824.0,106829.0,False,False,,,,,,,16,0,17,Llenando ventana
478,8,SA,trayectoria,112824.0,107464.0,False,False,,,,,,,17,0,18,Llenando ventana
479,8,SA,trayectoria,112824.0,106702.0,False,False,,,,,,,18,0,19,Llenando ventana
480,8,SA,trayectoria,112824.0,106498.0,False,False,,,,,,,19,0,20,Llenando ventana
481,8,SA,trayectoria,112824.0,106751.0,False,False,,,,,,,20,0,21,Llenando ventana
482,8,SA,trayectoria,112824.0,106835.0,False,False,,,,,,,21,0,22,Llenando ventana
483,8,SA,trayectoria,112824.0,106236.0,False,False,,,,,,,22,0,23,Llenando ventana
484,8,SA,trayectoria,112824.0,105237.0,False,False,,,,,,,23,0,24,Llenando ventana
485,8,SA,trayectoria,112824.0,105393.0,False,False,,,,,,,24,0,25,Llenando ventana
486,8,SA,trayectoria,112824.0,106860.0,False,False,,,,,,,25,0,26,Llenando ventana
487,8,SA,trayectoria,112824.0,107770.0,False,False,,,,,,,26,0,27,Llenando ventana
488,8,SA,trayectoria,112824.0,107652.0,False,False,,,,,,,27,0,28,Llenando ventana
489,8,SA,trayectoria,112824.0,107520.0,False,False,,,,,,,28,0,29,Llenando ventana
490,8,SA,trayectoria,112824.0,107327.0,False,False,,,,,,,29,0,30,Llenando ventana
491,8,SA,trayectoria,112824.0,108585.0,False,False,,,,,,,30,0,31,Llenando ventana
492,8,SA,trayectoria,112824.0,107457.0,False,False,,,,,,,31,0,32,Llenando ventana
493,8,SA,trayectoria,112824.0,107162.0,False,False,,,,,,,32,0,33,Llenando ventana
494,8,SA,trayectoria,112824.0,107750.0,False,False,,,,,,,33,0,34,Llenando ventana
495,8,SA,trayectoria,112824.0,106097.0,False,False,,,,,,,34,0,35,Llenando ventana
496,8,SA,trayectoria,112824.0,108684.0,False,False,,,,,,,35,0,36,Llenando ventana
497,8,SA,trayectoria,112824.0,107508.0,False,False,,,,,,,36,0,37,Llenando ventana
498,8,SA,trayectoria,112824.0,107261.0,False,False,,,,,,,37,0,38,Llenando ventana
499,8,SA,trayectoria,112824.0,105915.0,False,False,,,,,,,38,0,39,Llenando ventana
500,8,SA,trayectoria,112824.0,107606.0,True,False,3.8999999999941792,0.0,3.8999999999941792,4.0,20.0,12.0,39,0,40,Explotacion activa
501,8,SA,trayectoria,112824.0,107867.0,True,False,3.8999999999941792,0.0,3.8999999999941792,4.0,20.0,12.0,40,0,41,Explotacion activa
502,8,SA,trayectoria,112824.0,107128.0,True,False,3.8999999999941792,0.0,3.8999999999941792,4.0,20.0,12.0,41,0,42,Explotacion activa
503,8,SA,trayectoria,112824.0,107763.0,True,False,3.8999999999941792,0.0,3.8999999999941792,4.0,20.0,12.0,42,0,43,Explotacion activa
504,8,SA,trayectoria,112824.0,107047.0,True,False,3.8999999999941792,0.0,3.8999999999941792,4.0,20.0,12.0,43,0,44,Explotacion activa
505,8,SA,trayectoria,112824.0,108222.0,True,False,3.8999999999941792,0.0,3.8999999999941792,4.0,20.0,12.0,44,0,45,Explotacion activa
506,8,SA,trayectoria,112824.0,107479.0,True,False,3.8999999999941792,0.0,3.8999999999941792,4.0,20.0,12.0,45,0,46,Explotacion activa
507,8,SA,trayectoria,112824.0,108499.0,True,False,3.8999999999941792,0.0,3.8999999999941792,4.0,20.0,12.0,46,0,47,Explotacion activa
508,8,SA,trayectoria,112824.0,108379.0,True,False,3.8999999999941792,0.0,3.8999999999941792,4.0,20.0,12.0,47,0,48,Explotacion activa
509,8,SA,trayectoria,112824.0,107811.0,True,False,3.8999999999941792,0.0,3.8999999999941792,0.0,3.8999999999941792,3.8999999999941792,48,1,49,Explotacion activa
510,8,SA,trayectoria,112824.0,107279.0,True,False,3.8999999999941792,0.0,3.8999999999941792,0.0,3.8999999999941792,3.8999999999941792,49,2,50,Explotacion activa
511,8,SA,trayectoria,112824.0,108703.0,True,False,3.8999999999941792,0.0,3.8999999999941792,0.0,3.8999999999941792,3.8999999999941792,50,3,51,Explotacion activa
512,8,SA,trayectoria,112824.0,107312.0,True,False,3.8999999999941792,0.0,3.8999999999941792,0.0,3.8999999999941792,3.8999999999941792,51,4,52,Explotacion activa
513,8,SA,trayectoria,112824.0,107996.0,True,False,3.8999999999941792,0.0,3.8999999999941792,0.0,3.8999999999941792,3.8999999999941792,52,5,53,Explotacion activa
514,8,SA,trayectoria,112824.0,107459.0,True,False,3.8999999999941792,0.0,3.8999999999941792,0.0,3.8999999999941792,3.8999999999941792,53,6,54,Explotacion activa
515,8,SA,trayectoria,112824.0,106180.0,True,False,3.8999999999941792,0.0,3.8999999999941792,0.0,3.8999999999941792,3.8999999999941792,54,7,55,Explotacion activa
516,8,SA,trayectoria,112824.0,107227.0,True,True,3.8999999999941792,0.0,3.8999999999941792,0.0,3.8999999999941792,3.8999999999941792,55,8,56,ESTANCAMIENTO (Fire)
517,8,SA,trayectoria,112824.0,108576.0,False,False,,,3.8999999999941792,,,,0,0,1,Llenando ventana
518,8,SA,trayectoria,112824.0,105985.0,False,False,,,3.8999999999941792,,,,1,0,2,Llenando ventana
519,8,SA,trayectoria,112824.0,107391.0,False,False,,,3.8999999999941792,,,,2,0,3,Llenando ventana
520,8,SA,trayectoria,112824.0,104764.0,False,False,,,3.8999999999941792,,,,3,0,4,Llenando ventana
521,8,SA,trayectoria,112824.0,105313.0,False,False,,,3.8999999999941792,,,,4,0,5,Llenando ventana
522,8,SA,trayectoria,112824.0,107462.0,False,False,,,3.8999999999941792,,,,5,0,6,Llenando ventana
523,9,EHO,poblacional,112824.0,112824.0,False,False,,,,,,,6,0,7,Llenando ventana
524,9,EHO,poblacional,112824.0,112824.0,False,False,,,,,,,7,0,8,Llenando ventana
525,9,EHO,poblacional,112824.0,112824.0,False,False,,,,,,,8,0,9,Llenando ventana
526,9,EHO,poblacional,112824.0,112824.0,False,False,,,,,,,9,0,10,Llenando ventana
527,9,EHO,poblacional,112824.0,112824.0,False,False,,,,,,,10,0,11,Llenando ventana
528,9,EHO,poblacional,112824.0,112824.0,False,False,,,,,,,11,0,12,Llenando ventana
529,9,EHO,poblacional,112824.0,112824.0,False,False,,,,,,,12,0,13,Llenando ventana
530,9,EHO,poblacional,112824.0,112824.0,False,False,,,,,,,13,0,14,Llenando ventana
531,9,EHO,poblacional,112824.0,112824.0,False,False,,,,,,,14,0,15,Llenando ventana
532,9,EHO,poblacional,112824.0,112824.0,False,False,,,,,,,15,0,16,Llenando ventana
533,9,EHO,poblacional,112824.0,112824.0,False,False,,,,,,,16,0,17,Llenando ventana
534,9,EHO,poblacional,112824.0,112824.0,False,False,,,,,,,17,0,18,Llenando ventana
535,9,EHO,poblacional,112824.0,112824.0,False,False,,,,,,,18,0,19,Llenando ventana
536,9,EHO,poblacional,112824.0,112824.0,False,False,,,,,,,19,0,20,Llenando ventana
537,9,EHO,poblacional,112824.0,112824.0,False,False,,,,,,,20,0,21,Llenando ventana
538,9,EHO,poblacional,112824.0,112824.0,False,False,,,,,,,21,0,22,Llenando ventana
539,9,EHO,poblacional,112824.0,112824.0,False,False,,,,,,,22,0,23,Llenando ventana
540,9,EHO,poblacional,112824.0,112824.0,False,False,,,,,,,23,0,24,Llenando ventana
541,9,EHO,poblacional,112824.0,112824.0,False,False,,,,,,,24,0,25,Llenando ventana
542,9,EHO,poblacional,112824.0,112824.0,False,False,,,,,,,25,0,26,Llenando ventana
543,9,EHO,poblacional,112824.0,112824.0,False,False,,,,,,,26,0,27,Llenando ventana
544,9,EHO,poblacional,112824.0,112824.0,False,False,,,,,,,27,0,28,Llenando ventana
545,9,EHO,poblacional,112824.0,112824.0,False,False,,,,,,,28,0,29,Llenando ventana
546,9,EHO,poblacional,112824.0,112824.0,False,False,,,,,,,29,0,30,Llenando ventana
547,9,EHO,poblacional,112824.0,112824.0,False,False,,,,,,,30,0,31,Llenando ventana
548,9,EHO,poblacional,112824.0,112824.0,False,False,,,,,,,31,0,32,Llenando ventana
549,9,EHO,poblacional,112824.0,112824.0,False,False,,,,,,,32,0,33,Llenando ventana
550,9,EHO,poblacional,112824.0,112824.0,False,False,,,,,,,33,0,34,Llenando ventana
551,9,EHO,poblacional,112824.0,112824.0,False,False,,,,,,,34,0,35,Llenando ventana
552,9,EHO,poblacional,112824.0,112824.0,False,False,,,,,,,35,0,36,Llenando ventana
553,9,EHO,poblacional,112824.0,112824.0,False,False,,,,,,,36,0,37,Llenando ventana
554,9,EHO,poblacional,112824.0,112824.0,False,False,,,,,,,37,0,38,Llenando ventana
555,9,EHO,poblacional,112824.0,112824.0,False,False,,,,,,,0,0,39,Llenando ventana
556,9,EHO,poblacional,112824.0,112824.0,True,False,20.699999999982538,17.0,3.6999999999825377,4.0,20.0,12.0,1,0,40,Explotacion activa
557,9,EHO,poblacional,112824.0,112824.0,True,False,20.699999999982538,17.0,3.6999999999825377,4.0,20.0,12.0,2,0,41,Explotacion activa
558,9,EHO,poblacional,112824.0,112824.0,True,False,20.699999999982538,17.0,3.6999999999825377,4.0,20.0,12.0,3,0,42,Explotacion activa
559,9,EHO,poblacional,112824.0,112824.0,True,False,20.699999999982538,17.0,3.6999999999825377,4.0,20.0,12.0,4,0,43,Explotacion activa
560,9,EHO,poblacional,112824.0,112824.0,True,False,20.699999999982538,17.0,3.6999999999825377,4.0,20.0,12.0,5,0,44,Explotacion activa
561,9,EHO,poblacional,112824.0,112824.0,True,False,20.699999999982538,17.0,3.6999999999825377,4.0,20.0,12.0,6,0,45,Explotacion activa
562,9,EHO,poblacional,112824.0,112824.0,True,False,38.5,35.0,3.5,4.0,20.0,12.0,0,0,46,Explotacion activa
563,9,EHO,poblacional,112824.0,112824.0,True,False,38.499999999970896,35.0,3.499999999970896,4.0,20.0,12.0,1,0,47,Explotacion activa
564,9,EHO,poblacional,112824.0,112824.0,True,False,38.499999999970896,35.0,3.499999999970896,4.0,20.0,12.0,2,0,48,Explotacion activa
565,9,EHO,poblacional,112824.0,112824.0,True,False,38.499999999970896,35.0,3.499999999970896,17.0,38.499999999970896,3.6999999999825377,3,0,49,Explotacion activa
566,9,EHO,poblacional,112824.0,112824.0,True,False,38.499999999970896,35.0,3.499999999970896,17.0,38.499999999970896,3.6999999999825377,4,0,50,Explotacion activa
567,9,EHO,poblacional,112824.0,112824.0,True,False,38.499999999970896,35.0,3.499999999970896,17.0,38.499999999970896,3.6999999999825377,5,0,51,Explotacion activa
568,9,EHO,poblacional,112824.0,112824.0,True,False,38.499999999970896,35.0,3.499999999970896,17.0,38.499999999970896,3.6999999999825377,6,0,52,Explotacion activa
569,9,EHO,poblacional,112824.0,112824.0,True,False,38.499999999970896,35.0,3.499999999970896,17.0,38.499999999970896,3.6999999999825377,7,0,53,Explotacion activa
570,9,EHO,poblacional,112824.0,112824.0,True,False,38.499999999970896,35.0,3.499999999970896,17.0,38.499999999970896,3.6999999999825377,8,0,54,Explotacion activa
571,9,EHO,poblacional,112824.0,112824.0,True,False,38.499999999970896,35.0,3.499999999970896,17.0,38.499999999970896,3.6999999999825377,9,0,55,Explotacion activa
572,9,EHO,poblacional,112824.0,112824.0,True,False,38.499999999970896,35.0,3.499999999970896,17.0,38.499999999970896,3.6999999999825377,10,0,56,Explotacion activa
573,9,EHO,poblacional,112824.0,112824.0,True,False,38.499999999970896,35.0,3.499999999970896,18.799999999999994,38.499999999970896,3.679999999984284,11,0,57,Explotacion activa
574,9,EHO,poblacional,112824.0,112824.0,True,False,38.499999999970896,35.0,3.499999999970896,24.19999999999999,38.499999999970896,3.6199999999895227,12,0,58,Explotacion activa
575,9,EHO,poblacional,112824.0,112824.0,True,False,38.499999999970896,35.0,3.499999999970896,29.6,38.499999999970896,3.559999999994761,13,0,59,Explotacion activa
576,9,EHO,poblacional,112824.0,112824.0,True,False,38.499999999970896,35.0,3.499999999970896,35.0,38.499999999970896,3.5,14,0,60,Explotacion activa
577,9,EHO,poblacional,112824.0,112824.0,True,False,38.499999999970896,35.0,3.499999999970896,35.0,38.499999999970896,3.4999999999912688,15,1,61,Explotacion activa
578,9,EHO,poblacional,112824.0,112824.0,True,False,38.499999999970896,35.0,3.499999999970896,35.0,38.499999999970896,3.4999999999825375,16,2,62,Explotacion activa
579,10,ILS,trayectoria,112824.0,112824.0,True,False,38.499999999970896,35.0,3.499999999970896,35.0,38.499999999970896,3.4999999999738067,17,3,63,Explotacion activa
580,10,ILS,trayectoria,112824.0,112824.0,True,False,38.499999999970896,35.0,3.499999999970896,35.0,38.499999999970896,3.499999999970896,18,4,64,Explotacion activa
581,10,ILS,trayectoria,112824.0,112824.0,True,False,38.499999999970896,35.0,3.499999999970896,35.0,38.499999999970896,3.499999999970896,19,5,65,Explotacion activa
582,10,ILS,trayectoria,112824.0,112824.0,True,False,38.499999999970896,35.0,3.499999999970896,35.0,38.499999999970896,3.499999999970896,20,6,66,Explotacion activa
583,10,ILS,trayectoria,112824.0,112824.0,True,False,38.499999999970896,35.0,3.499999999970896,35.0,38.499999999970896,3.499999999970896,21,7,67,Explotacion activa
584,10,ILS,trayectoria,112824.0,112824.0,True,False,38.499999999970896,35.0,3.499999999970896,35.0,38.499999999970896,3.499999999970896,22,8,68,Explotacion activa
585,10,ILS,trayectoria,112824.0,112824.0,True,False,38.499999999970896,35.0,3.499999999970896,35.0,38.499999999970896,3.499999999970896,23,9,69,Explotacion activa
586,10,ILS,trayectoria,112824.0,112824.0,True,False,38.499999999970896,35.0,3.499999999970896,35.0,38.499999999970896,3.499999999970896,24,10,70,Explotacion activa
587,10,ILS,trayectoria,112824.0,112824.0,True,False,38.499999999970896,35.0,3.499999999970896,35.0,38.499999999970896,3.499999999970896,25,11,71,Explotacion activa
588,10,ILS,trayectoria,112824.0,112824.0,True,False,38.499999999970896,35.0,3.499999999970896,35.0,38.499999999970896,3.499999999970896,26,12,72,Explotacion activa
589,10,ILS,trayectoria,112824.0,112824.0,True,False,38.499999999970896,35.0,3.499999999970896,35.0,38.499999999970896,3.499999999970896,27,13,73,Explotacion activa
590,10,ILS,trayectoria,112824.0,112824.0,True,True,38.499999999970896,35.0,3.499999999970896,35.0,38.499999999970896,3.499999999970896,28,14,74,ESTANCAMIENTO (Fire)
591,10,ILS,trayectoria,112824.0,112824.0,False,False,,,,,,,0,0,1,Llenando ventana
592,10,ILS,trayectoria,112824.0,112824.0,False,False,,,,,,,1,0,2,Llenando ventana
593,10,ILS,trayectoria,112824.0,112824.0,False,False,,,,,,,2,0,3,Llenando ventana
594,10,ILS,trayectoria,112824.0,112824.0,False,False,,,,,,,3,0,4,Llenando ventana
595,10,ILS,trayectoria,112824.0,112824.0,False,False,,,,,,,4,0,5,Llenando ventana
596,10,ILS,trayectoria,112824.0,112824.0,False,False,,,,,,,5,0,6,Llenando ventana
597,10,ILS,trayectoria,112824.0,112824.0,False,False,,,,,,,6,0,7,Llenando ventana
598,10,ILS,trayectoria,112824.0,112824.0,False,False,,,,,,,7,0,8,Llenando ventana
599,10,ILS,trayectoria,112824.0,112824.0,False,False,,,,,,,8,0,9,Llenando ventana
600,10,ILS,trayectoria,112824.0,112824.0,False,False,,,,,,,9,0,10,Llenando ventana
601,10,ILS,trayectoria,112824.0,112824.0,False,False,,,,,,,10,0,11,Llenando ventana
602,10,ILS,trayectoria,112824.0,112824.0,False,False,,,,,,,11,0,12,Llenando ventana
603,10,ILS,trayectoria,112824.0,112824.0,False,False,,,,,,,12,0,13,Llenando ventana
604,10,ILS,trayectoria,112824.0,112824.0,False,False,,,,,,,13,0,14,Llenando ventana
605,10,ILS,trayectoria,112824.0,112824.0,False,False,,,,,,,14,0,15,Llenando ventana
606,10,ILS,trayectoria,112824.0,112824.0,False,False,,,,,,,15,0,16,Llenando ventana
607,10,ILS,trayectoria,112824.0,112824.0,False,False,,,,,,,16,0,17,Llenando ventana
608,10,ILS,trayectoria,112824.0,112824.0,False,False,,,,,,,17,0,18,Llenando ventana
609,10,ILS,trayectoria,112824.0,112824.0,False,False,,,,,,,18,0,19,Llenando ventana
610,10,ILS,trayectoria,112824.0,112824.0,False,False,,,,,,,19,0,20,Llenando ventana
611,10,ILS,trayectoria,112824.0,112824.0,False,False,,,,,,,20,0,21,Llenando ventana
612,10,ILS,trayectoria,112824.0,112824.0,False,False,,,,,,,21,0,22,Llenando ventana
613,10,ILS,trayectoria,112824.0,112824.0,False,False,,,,,,,22,0,23,Llenando ventana
614,10,ILS,trayectoria,112824.0,112824.0,False,False,,,,,,,23,0,24,Llenando ventana
615,10,ILS,trayectoria,112824.0,112824.0,False,False,,,,,,,24,0,25,Llenando ventana
616,10,ILS,trayectoria,112824.0,112824.0,False,False,,,,,,,25,0,26,Llenando ventana
617,10,ILS,trayectoria,112841.0,112841.0,False,False,,,,,,,26,0,27,Llenando ventana
618,10,ILS,trayectoria,112841.0,112841.0,False,False,,,3.6999999999825377,,,,27,0,28,Llenando ventana
619,10,ILS,trayectoria,112841.0,112841.0,False,False,,,3.6999999999825377,,,,28,0,29,Llenando ventana
620,10,ILS,trayectoria,112841.0,112841.0,False,False,,,3.6999999999825377,,,,29,0,30,Llenando ventana
621,10,ILS,trayectoria,112841.0,112841.0,False,False,,,3.6999999999825377,,,,30,0,31,Llenando ventana
622,10,ILS,trayectoria,112841.0,112841.0,False,False,,,3.6999999999825377,,,,31,0,32,Llenando ventana
623,10,ILS,trayectoria,112841.0,112841.0,False,False,,,3.6999999999825377,,,,32,0,33,Llenando ventana
624,10,ILS,trayectoria,112859.0,112859.0,False,False,,,3.5,,,,33,0,34,Llenando ventana
625,10,ILS,trayectoria,112859.0,112859.0,False,False,,,3.499999999970896,,,,34,0,35,Llenando ventana
626,10,ILS,trayectoria,112859.0,112859.0,False,False,,,3.499999999970896,,,,35,0,36,Llenando ventana
627,10,ILS,trayectoria,112859.0,112859.0,False,False,,,3.499999999970896,,,,36,0,37,Llenando ventana
628,10,ILS,trayectoria,112859.0,112859.0,False,False,,,3.499999999970896,,,,37,0,38,Llenando ventana
629,10,ILS,trayectoria,112859.0,112859.0,False,False,,,3.499999999970896,,,,38,0,39,Llenando ventana
630,10,ILS,trayectoria,112859.0,112859.0,True,False,3.8999999999941792,0.0,3.8999999999941792,4.0,20.0,12.0,39,0,40,Explotacion activa
631,10,ILS,trayectoria,112859.0,112859.0,True,False,3.8999999999941792,0.0,3.8999999999941792,4.0,20.0,12.0,40,0,41,Explotacion activa
632,10,ILS,trayectoria,112859.0,112859.0,True,False,3.8999999999941792,0.0,3.8999999999941792,4.0,20.0,12.0,41,0,42,Explotacion activa
633,10,ILS,trayectoria,112859.0,112859.0,True,False,3.8999999999941792,0.0,3.8999999999941792,4.0,20.0,12.0,42,0,43,Explotacion activa
634,10,ILS,trayectoria,112859.0,112859.0,True,False,3.8999999999941792,0.0,3.8999999999941792,4.0,20.0,12.0,43,0,44,Explotacion activa
635,10,ILS,trayectoria,112859.0,112859.0,True,False,3.8999999999941792,0.0,3.8999999999941792,4.0,20.0,12.0,44,0,45,Explotacion activa
636,10,ILS,trayectoria,112859.0,112859.0,True,False,3.8999999999941792,0.0,3.8999999999941792,4.0,20.0,12.0,45,0,46,Explotacion activa
637,10,ILS,trayectoria,112859.0,112859.0,True,False,3.8999999999941792,0.0,3.8999999999941792,4.0,20.0,12.0,46,0,47,Explotacion activa
638,10,ILS,trayectoria,112859.0,112859.0,True,False,3.8999999999941792,0.0,3.8999999999941792,4.0,20.0,12.0,47,0,48,Explotacion activa
639,10,ILS,trayectoria,112859.0,112859.0,True,False,3.8999999999941792,0.0,3.8999999999941792,0.0,3.8999999999941792,3.8999999999941792,48,1,49,Explotacion activa
640,10,ILS,trayectoria,112859.0,112859.0,True,False,3.8999999999941792,0.0,3.8999999999941792,0.0,3.8999999999941792,3.8999999999941792,49,2,50,Explotacion activa
641,10,ILS,trayectoria,112859.0,112859.0,True,False,3.8999999999941792,0.0,3.8999999999941792,0.0,3.8999999999941792,3.8999999999941792,50,3,51,Explotacion activa
642,10,ILS,trayectoria,112859.0,112859.0,True,False,3.8999999999941792,0.0,3.8999999999941792,0.0,3.8999999999941792,3.8999999999941792,51,4,52,Explotacion activa
643,10,ILS,trayectoria,112859.0,112859.0,True,False,3.8999999999941792,0.0,3.8999999999941792,0.0,3.8999999999941792,3.8999999999941792,52,5,53,Explotacion activa
644,10,ILS,trayectoria,112859.0,112859.0,True,False,3.8999999999941792,0.0,3.8999999999941792,0.0,3.8999999999941792,3.8999999999941792,53,6,54,Explotacion activa
645,10,ILS,trayectoria,112859.0,112859.0,True,False,3.8999999999941792,0.0,3.8999999999941792,0.0,3.8999999999941792,3.8999999999941792,54,7,55,Explotacion activa
646,10,ILS,trayectoria,112859.0,112859.0,True,True,3.8999999999941792,0.0,3.8999999999941792,0.0,3.8999999999941792,3.8999999999941792,55,8,56,ESTANCAMIENTO (Fire)
647,10,ILS,trayectoria,112859.0,112859.0,False,False,,,3.499999999970896,,,,0,0,1,Llenando ventana
648,10,ILS,trayectoria,112859.0,112859.0,False,False,,,3.499999999970896,,,,1,0,2,Llenando ventana
649,10,ILS,trayectoria,112859.0,112859.0,False,False,,,3.499999999970896,,,,2,0,3,Llenando ventana
650,10,ILS,trayectoria,112859.0,112859.0,False,False,,,3.499999999970896,,,,3,0,4,Llenando ventana
651,10,ILS,trayectoria,112859.0,112859.0,False,False,,,3.499999999970896,,,,4,0,5,Llenando ventana
652,10,ILS,trayectoria,112859.0,112859.0,False,False,,,3.499999999970896,,,,5,0,6,Llenando ventana
653,11,GWO,poblacional,112859.0,112859.0,False,False,,,,,,,6,0,7,Llenando ventana
654,11,GWO,poblacional,112859.0,112859.0,False,False,,,,,,,7,0,8,Llenando ventana
655,11,GWO,poblacional,112859.0,112859.0,False,False,,,,,,,8,0,9,Llenando ventana
656,11,GWO,poblacional,112859.0,112859.0,False,False,,,,,,,9,0,10,Llenando ventana
657,11,GWO,poblacional,112859.0,112859.0,False,False,,,,,,,10,0,11,Llenando ventana
658,11,GWO,poblacional,112859.0,112859.0,False,False,,,,,,,11,0,12,Llenando ventana
659,11,GWO,poblacional,112859.0,112859.0,False,False,,,,,,,12,0,13,Llenando ventana
660,11,GWO,poblacional,112859.0,112859.0,False,False,,,,,,,13,0,14,Llenando ventana
661,11,GWO,poblacional,112859.0,112859.0,False,False,,,,,,,14,0,15,Llenando ventana
662,11,GWO,poblacional,112859.0,112859.0,False,False,,,,,,,15,0,16,Llenando ventana
663,11,GWO,poblacional,112859.0,112859.0,False,False,,,,,,,16,0,17,Llenando ventana
664,11,GWO,poblacional,112859.0,112859.0,False,False,,,,,,,17,0,18,Llenando ventana
665,11,GWO,poblacional,112859.0,112859.0,False,False,,,,,,,18,0,19,Llenando ventana
666,11,GWO,poblacional,112859.0,112859.0,False,False,,,,,,,19,0,20,Llenando ventana
667,11,GWO,poblacional,112859.0,112859.0,False,False,,,,,,,20,0,21,Llenando ventana
668,11,GWO,poblacional,112859.0,112859.0,False,False,,,,,,,21,0,22,Llenando ventana
669,11,GWO,poblacional,112859.0,112859.0,False,False,,,,,,,22,0,23,Llenando ventana
670,11,GWO,poblacional,112859.0,112859.0,False,False,,,,,,,23,0,24,Llenando ventana
671,11,GWO,poblacional,112859.0,112859.0,False,False,,,,,,,24,0,25,Llenando ventana
672,11,GWO,poblacional,112859.0,112859.0,False,False,,,,,,,25,0,26,Llenando ventana
673,11,GWO,poblacional,112859.0,112859.0,False,False,,,,,,,26,0,27,Llenando ventana
674,11,GWO,poblacional,112859.0,112859.0,False,False,,,,,,,27,0,28,Llenando ventana
675,11,GWO,poblacional,112859.0,112859.0,False,False,,,,,,,28,0,29,Llenando ventana
676,11,GWO,poblacional,112859.0,112859.0,False,False,,,,,,,29,0,30,Llenando ventana
677,11,GWO,poblacional,112859.0,112859.0,False,False,,,,,,,30,0,31,Llenando ventana
678,11,GWO,poblacional,112859.0,112859.0,False,False,,,,,,,31,0,32,Llenando ventana
679,11,GWO,poblacional,112859.0,112859.0,False,False,,,,,,,32,0,33,Llenando ventana
680,11,GWO,poblacional,112859.0,112859.0,False,False,,,,,,,0,0,34,Llenando ventana
681,11,GWO,poblacional,112859.0,112859.0,False,False,,,,,,,1,0,35,Llenando ventana
682,11,GWO,poblacional,112859.0,112859.0,False,False,,,,,,,2,0,36,Llenando ventana
683,11,GWO,poblacional,112859.0,112859.0,False,False,,,,,,,3,0,37,Llenando ventana
684,11,GWO,poblacional,112859.0,112859.0,False,False,,,,,,,4,0,38,Llenando ventana
685,11,GWO,poblacional,112859.0,112859.0,False,False,,,,,,,0,0,39,Llenando ventana
686,11,GWO,poblacional,112859.0,112859.0,True,False,117.4999999999709,114.0,3.499999999970896,4.0,20.0,12.0,1,0,40,Explotacion activa
687,11,GWO,poblacional,112859.0,112859.0,True,False,117.4999999999709,114.0,3.499999999970896,4.0,20.0,12.0,2,0,41,Explotacion activa
688,11,GWO,poblacional,112859.0,112859.0,True,False,117.4999999999709,114.0,3.499999999970896,4.0,20.0,12.0,3,0,42,Explotacion activa
689,11,GWO,poblacional,112859.0,112859.0,True,False,117.4999999999709,114.0,3.499999999970896,4.0,20.0,12.0,4,0,43,Explotacion activa
690,11,GWO,poblacional,112859.0,112859.0,True,False,117.4999999999709,114.0,3.499999999970896,4.0,20.0,12.0,5,0,44,Explotacion activa
691,11,GWO,poblacional,112859.0,112859.0,True,False,117.4999999999709,114.0,3.499999999970896,4.0,20.0,12.0,6,0,45,Explotacion activa
692,11,GWO,poblacional,112859.0,112859.0,True,False,117.4999999999709,114.0,3.499999999970896,4.0,20.0,12.0,7,0,46,Explotacion activa
693,11,GWO,poblacional,112859.0,112859.0,True,False,117.4999999999709,114.0,3.499999999970896,4.0,20.0,12.0,8,0,47,Explotacion activa
694,11,GWO,poblacional,112859.0,112859.0,True,False,117.4999999999709,114.0,3.499999999970896,4.0,20.0,12.0,9,0,48,Explotacion activa
695,11,GWO,poblacional,112859.0,112859.0,True,False,117.4999999999709,114.0,3.499999999970896,114.0,117.4999999999709,3.499999999970896,10,0,49,Explotacion activa
696,11,GWO,poblacional,112859.0,112859.0,True,False,117.4999999999709,114.0,3.499999999970896,114.0,117.4999999999709,3.499999999970896,11,0,50,Explotacion activa
697,11,GWO,poblacional,112859.0,112859.0,True,False,117.4999999999709,114.0,3.499999999970896,114.0,117.4999999999709,3.499999999970896,12,0,51,Explotacion activa
698,11,GWO,poblacional,112859.0,112859.0,True,False,117.4999999999709,114.0,3.499999999970896,114.0,117.4999999999709,3.499999999970896,13,0,52,Explotacion activa
699,11,GWO,poblacional,112859.0,112859.0,True,False,117.4999999999709,114.0,3.499999999970896,114.0,117.4999999999709,3.499999999970896,14,0,53,Explotacion activa
700,11,GWO,poblacional,112859.0,112859.0,True,False,117.4999999999709,114.0,3.499999999970896,114.0,117.4999999999709,3.499999999970896,15,1,54,Explotacion activa
701,11,GWO,poblacional,112859.0,112859.0,True,False,117.4999999999709,114.0,3.499999999970896,114.0,117.4999999999709,3.499999999970896,16,2,55,Explotacion activa
702,11,GWO,poblacional,112859.0,112859.0,True,False,117.4999999999709,114.0,3.499999999970896,114.0,117.4999999999709,3.499999999970896,17,3,56,Explotacion activa
703,11,GWO,poblacional,112859.0,112859.0,True,False,117.4999999999709,114.0,3.499999999970896,114.0,117.4999999999709,3.499999999970896,18,4,57,Explotacion activa
704,11,GWO,poblacional,112859.0,112859.0,True,False,117.4999999999709,114.0,3.499999999970896,114.0,117.4999999999709,3.499999999970896,19,5,58,Explotacion activa
705,11,GWO,poblacional,112859.0,112859.0,True,False,117.4999999999709,114.0,3.499999999970896,114.0,117.4999999999709,3.499999999970896,20,6,59,Explotacion activa
706,11,GWO,poblacional,112859.0,112859.0,True,False,117.4999999999709,114.0,3.499999999970896,114.0,117.4999999999709,3.499999999970896,21,7,60,Explotacion activa
707,11,GWO,poblacional,112859.0,112859.0,True,True,117.4999999999709,114.0,3.499999999970896,114.0,117.4999999999709,3.499999999970896,22,8,61,ESTANCAMIENTO (Fire)
708,11,GWO,poblacional,112859.0,112859.0,False,False,,,3.8999999999941792,,,,0,0,1,Llenando ventana
709,11,GWO,poblacional,112859.0,112859.0,False,False,,,3.8999999999941792,,,,1,0,2,Llenando ventana
710,11,GWO,poblacional,112859.0,112859.0,False,False,,,3.8999999999941792,,,,2,0,3,Llenando ventana
711,11,GWO,poblacional,112859.0,112859.0,False,False,,,3.8999999999941792,,,,3,0,4,Llenando ventana
712,11,GWO,poblacional,112859.0,112859.0,False,False,,,3.8999999999941792,,,,4,0,5,Llenando ventana
713,11,GWO,poblacional,112859.0,112859.0,False,False,,,3.8999999999941792,,,,5,0,6,Llenando ventana
714,11,GWO,poblacional,112859.0,112859.0,False,False,,,3.8999999999941792,,,,6,0,7,Llenando ventana
715,12,TS,trayectoria,112859.0,112859.0,False,False,,,,,,,7,0,8,Llenando ventana
716,12,TS,trayectoria,112859.0,112859.0,False,False,,,,,,,8,0,9,Llenando ventana
717,12,TS,trayectoria,112859.0,112859.0,False,False,,,,,,,9,0,10,Llenando ventana
718,12,TS,trayectoria,112859.0,112859.0,False,False,,,,,,,10,0,11,Llenando ventana
719,12,TS,trayectoria,112859.0,112859.0,False,False,,,,,,,11,0,12,Llenando ventana
720,12,TS,trayectoria,112859.0,112859.0,False,False,,,,,,,12,0,13,Llenando ventana
721,12,TS,trayectoria,112859.0,112859.0,False,False,,,,,,,13,0,14,Llenando ventana
722,12,TS,trayectoria,112859.0,112859.0,False,False,,,,,,,14,0,15,Llenando ventana
723,12,TS,trayectoria,112859.0,112859.0,False,False,,,,,,,15,0,16,Llenando ventana
724,12,TS,trayectoria,112859.0,112859.0,False,False,,,,,,,16,0,17,Llenando ventana
725,12,TS,trayectoria,112859.0,112859.0,False,False,,,,,,,17,0,18,Llenando ventana
726,12,TS,trayectoria,112859.0,112859.0,False,False,,,,,,,18,0,19,Llenando ventana
727,12,TS,trayectoria,112859.0,112859.0,False,False,,,,,,,0,0,20,Llenando ventana
728,12,TS,trayectoria,112859.0,112859.0,False,False,,,,,,,1,0,21,Llenando ventana
729,12,TS,trayectoria,112859.0,112859.0,False,False,,,,,,,2,0,22,Llenando ventana
730,12,TS,trayectoria,112859.0,112859.0,False,False,,,,,,,3,0,23,Llenando ventana
731,12,TS,trayectoria,112859.0,112859.0,False,False,,,,,,,4,0,24,Llenando ventana
732,12,TS,trayectoria,112859.0,112859.0,False,False,,,,,,,5,0,25,Llenando ventana
733,12,TS,trayectoria,112859.0,112859.0,False,False,,,,,,,6,0,26,Llenando ventana
734,12,TS,trayectoria,112859.0,112859.0,False,False,,,,,,,7,0,27,Llenando ventana
735,12,TS,trayectoria,112859.0,112859.0,False,False,,,,,,,8,0,28,Llenando ventana
736,12,TS,trayectoria,112859.0,112859.0,False,False,,,,,,,9,0,29,Llenando ventana
737,12,TS,trayectoria,112859.0,112859.0,False,False,,,,,,,10,0,30,Llenando ventana
738,12,TS,trayectoria,112859.0,112859.0,False,False,,,,,,,11,0,31,Llenando ventana
739,12,TS,trayectoria,112859.0,112859.0,False,False,,,,,,,12,0,32,Llenando ventana
740,12,TS,trayectoria,112859.0,112859.0,False,False,,,,,,,13,0,33,Llenando ventana
741,12,TS,trayectoria,112859.0,112859.0,False,False,,,,,,,14,0,34,Llenando ventana
742,12,TS,trayectoria,112859.0,112859.0,False,False,,,,,,,15,0,35,Llenando ventana
743,12,TS,trayectoria,112859.0,112859.0,False,False,,,,,,,16,0,36,Llenando ventana
744,12,TS,trayectoria,112859.0,112859.0,False,False,,,,,,,17,0,37,Llenando ventana
745,12,TS,trayectoria,112859.0,112859.0,False,False,,,,,,,18,0,38,Llenando ventana
746,12,TS,trayectoria,112859.0,112859.0,False,False,,,,,,,19,0,39,Llenando ventana
747,12,TS,trayectoria,112859.0,112859.0,True,False,223.69999999998254,220.0,3.6999999999825377,4.0,20.0,12.0,20,0,40,Explotacion activa
748,12,TS,trayectoria,112859.0,112859.0,True,False,223.69999999998254,220.0,3.6999999999825377,4.0,20.0,12.0,21,0,41,Explotacion activa
749,12,TS,trayectoria,112859.0,112859.0,True,False,223.69999999998254,220.0,3.6999999999825377,4.0,20.0,12.0,22,0,42,Explotacion activa
750,12,TS,trayectoria,112859.0,112859.0,True,False,223.69999999998254,220.0,3.6999999999825377,4.0,20.0,12.0,23,0,43,Explotacion activa
751,12,TS,trayectoria,112859.0,112859.0,True,False,223.69999999998254,220.0,3.6999999999825377,4.0,20.0,12.0,24,0,44,Explotacion activa
752,12,TS,trayectoria,112859.0,112859.0,True,False,223.69999999998254,220.0,3.6999999999825377,4.0,20.0,12.0,25,0,45,Explotacion activa
753,12,TS,trayectoria,112859.0,112859.0,True,False,223.69999999998254,220.0,3.6999999999825377,4.0,20.0,12.0,26,0,46,Explotacion activa
754,12,TS,trayectoria,112859.0,112859.0,True,False,223.69999999998254,220.0,3.6999999999825377,4.0,20.0,12.0,27,0,47,Explotacion activa
755,12,TS,trayectoria,112859.0,112859.0,True,False,223.69999999998254,220.0,3.6999999999825377,4.0,20.0,12.0,28,0,48,Explotacion activa
756,12,TS,trayectoria,112859.0,112859.0,True,False,223.69999999998254,220.0,3.6999999999825377,220.0,223.69999999998254,3.6999999999825377,29,1,49,Explotacion activa
757,12,TS,trayectoria,112859.0,112859.0,True,False,223.69999999998254,220.0,3.6999999999825377,220.0,223.69999999998254,3.6999999999825377,30,2,50,Explotacion activa
758,12,TS,trayectoria,112859.0,112859.0,True,False,223.69999999998254,220.0,3.6999999999825377,220.0,223.69999999998254,3.6999999999825377,31,3,51,Explotacion activa
759,12,TS,trayectoria,112859.0,112859.0,True,False,223.69999999998254,220.0,3.6999999999825377,220.0,223.69999999998254,3.6999999999825377,32,4,52,Explotacion activa
760,12,TS,trayectoria,112859.0,112859.0,True,False,223.69999999998254,220.0,3.6999999999825377,220.0,223.69999999998254,3.6999999999825377,33,5,53,Explotacion activa
761,12,TS,trayectoria,112859.0,112859.0,True,False,223.69999999998254,220.0,3.6999999999825377,220.0,223.69999999998254,3.6999999999825377,34,6,54,Explotacion activa
762,12,TS,trayectoria,112859.0,112859.0,True,False,223.69999999998254,220.0,3.6999999999825377,220.0,223.69999999998254,3.6999999999825377,35,7,55,Explotacion activa
763,12,TS,trayectoria,112859.0,112859.0,True,True,223.69999999998254,220.0,3.6999999999825377,220.0,223.69999999998254,3.6999999999825377,36,8,56,ESTANCAMIENTO (Fire)
764,12,TS,trayectoria,112859.0,112859.0,False,False,,,3.8999999999941792,,,,0,0,0,Llenando ventana
765,12,TS,trayectoria,112859.0,112859.0,False,False,,,3.8999999999941792,,,,0,0,0,Llenando ventana
766,12,TS,trayectoria,112859.0,112859.0,False,False,,,3.8999999999941792,,,,0,0,0,Llenando ventana
767,12,TS,trayectoria,112859.0,112859.0,False,False,,,3.8999999999941792,,,,0,0,0,Llenando ventana
768,12,TS,trayectoria,112859.0,112859.0,False,False,,,3.8999999999941792,,,,0,0,0,Llenando ventana
769,12,TS,trayectoria,112859.0,112859.0,False,False,,,3.8999999999941792,,,,0,0,0,Llenando ventana
770,12,TS,trayectoria,112859.0,112859.0,False,False,,,3.8999999999941792,,,,0,0,0,Llenando ventana
771,13,PSO,poblacional,112859.0,112859.0,False,False,,,,,,,0,0,0,Llenando ventana
772,13,PSO,poblacional,112859.0,112859.0,False,False,,,,,,,0,0,0,Llenando ventana
773,13,PSO,poblacional,112859.0,112859.0,False,False,,,,,,,0,0,0,Llenando ventana
774,13,PSO,poblacional,112859.0,112859.0,False,False,,,,,,,0,0,0,Llenando ventana
775,13,PSO,poblacional,112859.0,112859.0,False,False,,,,,,,0,0,0,Llenando ventana
776,13,PSO,poblacional,112859.0,112859.0,False,False,,,,,,,0,0,0,Llenando ventana
777,13,PSO,poblacional,112859.0,112859.0,False,False,,,,,,,0,0,0,Llenando ventana
778,13,PSO,poblacional,112859.0,112859.0,False,False,,,,,,,0,0,0,Llenando ventana
779,13,PSO,poblacional,112859.0,112859.0,False,False,,,,,,,0,0,0,Llenando ventana
780,13,PSO,poblacional,112859.0,112859.0,False,False,,,,,,,0,0,0,Llenando ventana
781,13,PSO,poblacional,112859.0,112859.0,False,False,,,,,,,0,0,0,Llenando ventana
782,13,PSO,poblacional,112859.0,112859.0,False,False,,,,,,,0,0,0,Llenando ventana
783,13,PSO,poblacional,112859.0,112859.0,False,False,,,,,,,0,0,0,Llenando ventana
784,13,PSO,poblacional,112859.0,112859.0,False,False,,,,,,,0,0,0,Llenando ventana
785,13,PSO,poblacional,112859.0,112859.0,False,False,,,,,,,0,0,0,Llenando ventana
786,13,PSO,poblacional,112859.0,112859.0,False,False,,,,,,,0,0,0,Llenando ventana
787,13,PSO,poblacional,112859.0,112859.0,False,False,,,,,,,0,0,0,Llenando ventana
788,13,PSO,poblacional,112859.0,112859.0,False,False,,,,,,,0,0,0,Llenando ventana
789,13,PSO,poblacional,112859.0,112859.0,False,False,,,,,,,0,0,0,Llenando ventana
790,13,PSO,poblacional,112859.0,112859.0,False,False,,,,,,,0,0,0,Llenando ventana
791,13,PSO,poblacional,112859.0,112859.0,False,False,,,,,,,0,0,0,Llenando ventana
792,13,PSO,poblacional,112859.0,112859.0,False,False,,,,,,,0,0,0,Llenando ventana
793,13,PSO,poblacional,112859.0,112859.0,False,False,,,,,,,0,0,0,Llenando ventana
794,13,PSO,poblacional,112859.0,112859.0,False,False,,,,,,,0,0,0,Llenando ventana
795,13,PSO,poblacional,112859.0,112859.0,False,False,,,,,,,0,0,0,Llenando ventana
796,13,PSO,poblacional,112859.0,112859.0,False,False,,,,,,,0,0,0,Llenando ventana
797,13,PSO,poblacional,112859.0,112859.0,False,False,,,,,,,0,0,0,Llenando ventana
798,13,PSO,poblacional,112859.0,112859.0,False,False,,,,,,,0,0,0,Llenando ventana
799,13,PSO,poblacional,112859.0,112859.0,False,False,,,,,,,0,0,0,Llenando ventana
800,13,PSO,poblacional,112859.0,112859.0,False,False,,,,,,,0,0,0,Llenando ventana
801,13,PSO,poblacional,112859.0,112859.0,False,False,,,,,,,0,0,0,Llenando ventana
802,13,PSO,poblacional,112859.0,112859.0,False,False,,,,,,,0,0,0,Llenando ventana
803,13,PSO,poblacional,112859.0,112859.0,False,False,,,,,,,0,0,0,Llenando ventana
804,13,PSO,poblacional,112859.0,112859.0,False,False,,,,,,,0,0,0,Llenando ventana
805,13,PSO,poblacional,112859.0,112859.0,False,False,,,,,,,0,0,0,Llenando ventana
806,13,PSO,poblacional,112859.0,112859.0,False,False,,,,,,,0,0,0,Llenando ventana
807,13,PSO,poblacional,112859.0,112859.0,False,False,,,,,,,0,0,0,Llenando ventana
808,13,PSO,poblacional,112859.0,112859.0,False,False,,,,,,,0,0,0,Llenando ventana
809,13,PSO,poblacional,112859.0,112859.0,False,False,,,,,,,0,0,0,Llenando ventana
810,13,PSO,poblacional,112859.0,112859.0,False,False,,,3.8999999999941792,,,,0,0,0,Llenando ventana
811,13,PSO,poblacional,112859.0,112859.0,False,False,,,3.8999999999941792,,,,0,0,0,Llenando ventana
812,13,PSO,poblacional,112859.0,112859.0,False,False,,,3.8999999999941792,,,,0,0,0,Llenando ventana
813,13,PSO,poblacional,112859.0,112859.0,False,False,,,3.8999999999941792,,,,0,0,0,Llenando ventana
814,13,PSO,poblacional,112859.0,112859.0,False,False,,,3.8999999999941792,,,,0,0,0,Llenando ventana
815,13,PSO,poblacional,112859.0,112859.0,False,False,,,3.8999999999941792,,,,0,0,0,Llenando ventana
816,13,PSO,poblacional,112859.0,112859.0,False,False,,,3.8999999999941792,,,,0,0,0,Llenando ventana
817,13,PSO,poblacional,112859.0,112859.0,False,False,,,3.8999999999941792,,,,0,0,0,Llenando ventana
818,13,PSO,poblacional,112859.0,112859.0,False,False,,,3.8999999999941792,,,,0,0,0,Llenando ventana
819,13,PSO,poblacional,112859.0,112859.0,False,False,,,3.8999999999941792,,,,0,0,0,Llenando ventana
820,13,PSO,poblacional,112859.0,112859.0,False,False,,,3.8999999999941792,,,,0,0,0,Llenando ventana
821,13,PSO,poblacional,112859.0,112859.0,False,False,,,3.8999999999941792,,,,0,0,0,Llenando ventana
822,13,PSO,poblacional,112859.0,112859.0,False,False,,,3.8999999999941792,,,,0,0,0,Llenando ventana
823,13,PSO,poblacional,112859.0,112859.0,False,False,,,3.8999999999941792,,,,0,0,0,Llenando ventana
824,13,PSO,poblacional,112859.0,112859.0,False,False,,,3.8999999999941792,,,,0,0,0,Llenando ventana
825,13,PSO,poblacional,112859.0,112859.0,False,False,,,3.8999999999941792,,,,0,0,0,Llenando ventana
826,13,PSO,poblacional,112859.0,112859.0,False,False,,,3.8999999999941792,,,,0,0,0,Llenando ventana
827,14,VNS,trayectoria,112859.0,112859.0,False,False,,,,,,,0,0,0,Llenando ventana
828,14,VNS,trayectoria,112859.0,112859.0,False,False,,,,,,,0,0,0,Llenando ventana
829,14,VNS,trayectoria,112859.0,112859.0,False,False,,,,,,,0,0,0,Llenando ventana
830,14,VNS,trayectoria,112859.0,112859.0,False,False,,,,,,,0,0,0,Llenando ventana
831,14,VNS,trayectoria,112859.0,112859.0,False,False,,,,,,,0,0,0,Llenando ventana
832,14,VNS,trayectoria,112859.0,112859.0,False,False,,,,,,,0,0,0,Llenando ventana
833,14,VNS,trayectoria,112859.0,112859.0,False,False,,,,,,,0,0,0,Llenando ventana
834,14,VNS,trayectoria,112859.0,112859.0,False,False,,,,,,,0,0,0,Llenando ventana
835,14,VNS,trayectoria,112859.0,112859.0,False,False,,,,,,,0,0,0,Llenando ventana
836,14,VNS,trayectoria,112859.0,112859.0,False,False,,,,,,,0,0,0,Llenando ventana
837,14,VNS,trayectoria,112859.0,112859.0,False,False,,,,,,,0,0,0,Llenando ventana
838,14,VNS,trayectoria,112859.0,112859.0,False,False,,,,,,,0,0,0,Llenando ventana
839,14,VNS,trayectoria,112859.0,112859.0,False,False,,,,,,,0,0,0,Llenando ventana
840,14,VNS,trayectoria,112859.0,112859.0,False,False,,,,,,,0,0,0,Llenando ventana
841,14,VNS,trayectoria,112859.0,112859.0,False,False,,,,,,,0,0,0,Llenando ventana
842,14,VNS,trayectoria,112859.0,112859.0,False,False,,,,,,,0,0,0,Llenando ventana
843,14,VNS,trayectoria,112859.0,112859.0,False,False,,,,,,,0,0,0,Llenando ventana
844,14,VNS,trayectoria,112859.0,112859.0,False,False,,,,,,,0,0,0,Llenando ventana
845,14,VNS,trayectoria,112859.0,112859.0,False,False,,,,,,,0,0,0,Llenando ventana
846,14,VNS,trayectoria,112859.0,112859.0,False,False,,,,,,,0,0,0,Llenando ventana
847,14,VNS,trayectoria,112859.0,112859.0,False,False,,,,,,,0,0,0,Llenando ventana
848,14,VNS,trayectoria,112859.0,112859.0,False,False,,,,,,,0,0,0,Llenando ventana
849,14,VNS,trayectoria,112859.0,112859.0,False,False,,,,,,,0,0,0,Llenando ventana
850,14,VNS,trayectoria,112859.0,112859.0,False,False,,,,,,,0,0,0,Llenando ventana
851,14,VNS,trayectoria,112859.0,112859.0,False,False,,,,,,,0,0,0,Llenando ventana
852,14,VNS,trayectoria,112859.0,112859.0,False,False,,,,,,,0,0,0,Llenando ventana
853,14,VNS,trayectoria,112859.0,112859.0,False,False,,,,,,,0,0,0,Llenando ventana
854,14,VNS,trayectoria,112859.0,112859.0,False,False,,,,,,,0,0,0,Llenando ventana
855,14,VNS,trayectoria,112859.0,112859.0,False,False,,,,,,,0,0,0,Llenando ventana
856,14,VNS,trayectoria,112859.0,112859.0,False,False,,,,,,,0,0,0,Llenando ventana
857,14,VNS,trayectoria,112859.0,112859.0,False,False,,,,,,,0,0,0,Llenando ventana
858,14,VNS,trayectoria,112859.0,112859.0,False,False,,,,,,,0,0,0,Llenando ventana
859,14,VNS,trayectoria,112859.0,112859.0,False,False,,,,,,,0,0,0,Llenando ventana
860,14,VNS,trayectoria,112933.0,112933.0,False,False,,,,,,,0,0,0,Llenando ventana
861,14,VNS,trayectoria,112933.0,112933.0,False,False,,,,,,,0,0,0,Llenando ventana
862,14,VNS,trayectoria,112933.0,112933.0,False,False,,,,,,,0,0,0,Llenando ventana
863,14,VNS,trayectoria,112933.0,112933.0,False,False,,,,,,,0,0,0,Llenando ventana
864,14,VNS,trayectoria,112933.0,112933.0,False,False,,,,,,,0,0,0,Llenando ventana
865,14,VNS,trayectoria,112973.0,112973.0,False,False,,,,,,,0,0,0,Llenando ventana
866,14,VNS,trayectoria,112973.0,112973.0,False,False,,,3.499999999970896,,,,0,0,0,Llenando ventana
867,14,VNS,trayectoria,112973.0,112973.0,False,False,,,3.499999999970896,,,,0,0,0,Llenando ventana
868,14,VNS,trayectoria,112973.0,112973.0,False,False,,,3.499999999970896,,,,0,0,0,Llenando ventana
869,14,VNS,trayectoria,112973.0,112973.0,False,False,,,3.499999999970896,,,,0,0,0,Llenando ventana
870,14,VNS,trayectoria,112973.0,112973.0,False,False,,,3.499999999970896,,,,0,0,0,Llenando ventana
871,14,VNS,trayectoria,112973.0,112973.0,False,False,,,3.499999999970896,,,,0,0,0,Llenando ventana
872,14,VNS,trayectoria,112973.0,112973.0,False,False,,,3.499999999970896,,,,0,0,0,Llenando ventana
873,14,VNS,trayectoria,112973.0,112973.0,False,False,,,3.499999999970896,,,,0,0,0,Llenando ventana
874,14,VNS,trayectoria,112973.0,112973.0,False,False,,,3.499999999970896,,,,0,0,0,Llenando ventana
875,14,VNS,trayectoria,112973.0,112973.0,False,False,,,3.499999999970896,,,,0,0,0,Llenando ventana
876,14,VNS,trayectoria,112973.0,112973.0,False,False,,,3.499999999970896,,,,0,0,0,Llenando ventana
877,14,VNS,trayectoria,112973.0,112973.0,False,False,,,3.499999999970896,,,,0,0,0,Llenando ventana
878,14,VNS,trayectoria,112973.0,112973.0,False,False,,,3.499999999970896,,,,0,0,0,Llenando ventana
879,14,VNS,trayectoria,112973.0,112973.0,False,False,,,3.499999999970896,,,,0,0,0,Llenando ventana
880,14,VNS,trayectoria,112973.0,112973.0,False,False,,,3.499999999970896,,,,0,0,0,Llenando ventana
881,14,VNS,trayectoria,112973.0,112973.0,False,False,,,3.499999999970896,,,,0,0,0,Llenando ventana
882,14,VNS,trayectoria,112973.0,112973.0,False,False,,,3.499999999970896,,,,0,0,0,Llenando ventana
883,14,VNS,trayectoria,112973.0,112973.0,False,False,,,3.499999999970896,,,,0,0,0,Llenando ventana
884,14,VNS,trayectoria,112973.0,112973.0,False,False,,,3.499999999970896,,,,0,0,0,Llenando ventana
885,14,VNS,trayectoria,112973.0,112973.0,False,False,,,3.499999999970896,,,,0,0,0,Llenando ventana
886,14,VNS,trayectoria,112973.0,112973.0,False,False,,,3.499999999970896,,,,0,0,0,Llenando ventana
887,14,VNS,trayectoria,112973.0,112973.0,False,False,,,3.499999999970896,,,,0,0,0,Llenando ventana
888,15,WOA,poblacional,112973.0,112973.0,False,False,,,,,,,0,0,0,Llenando ventana
889,15,WOA,poblacional,112973.0,112973.0,False,False,,,,,,,0,0,0,Llenando ventana
890,15,WOA,poblacional,112973.0,112973.0,False,False,,,,,,,0,0,0,Llenando ventana
891,15,WOA,poblacional,112973.0,112973.0,False,False,,,,,,,0,0,0,Llenando ventana
892,15,WOA,poblacional,112973.0,112973.0,False,False,,,,,,,0,0,0,Llenando ventana
893,15,WOA,poblacional,112973.0,112973.0,False,False,,,,,,,0,0,0,Llenando ventana
894,15,WOA,poblacional,112973.0,112973.0,False,False,,,,,,,0,0,0,Llenando ventana
895,15,WOA,poblacional,112973.0,112973.0,False,False,,,,,,,0,0,0,Llenando ventana
896,15,WOA,poblacional,112973.0,112973.0,False,False,,,,,,,0,0,0,Llenando ventana
897,15,WOA,poblacional,112973.0,112973.0,False,False,,,,,,,0,0,0,Llenando ventana
898,15,WOA,poblacional,112973.0,112973.0,False,False,,,,,,,0,0,0,Llenando ventana
899,15,WOA,poblacional,112973.0,112973.0,False,False,,,,,,,0,0,0,Llenando ventana
900,15,WOA,poblacional,112973.0,112973.0,False,False,,,,,,,0,0,0,Llenando ventana
901,15,WOA,poblacional,112973.0,112973.0,False,False,,,,,,,0,0,0,Llenando ventana
902,15,WOA,poblacional,112973.0,112973.0,False,False,,,,,,,0,0,0,Llenando ventana
903,15,WOA,poblacional,112973.0,112973.0,False,False,,,,,,,0,0,0,Llenando ventana
904,15,WOA,poblacional,112973.0,112973.0,False,False,,,,,,,0,0,0,Llenando ventana
905,15,WOA,poblacional,112973.0,112973.0,False,False,,,,,,,0,0,0,Llenando ventana
906,15,WOA,poblacional,112973.0,112973.0,False,False,,,,,,,0,0,0,Llenando ventana
907,15,WOA,poblacional,112973.0,112973.0,False,False,,,,,,,0,0,0,Llenando ventana
908,15,WOA,poblacional,112973.0,112973.0,False,False,,,,,,,0,0,0,Llenando ventana
909,15,WOA,poblacional,112973.0,112973.0,False,False,,,,,,,0,0,0,Llenando ventana
910,15,WOA,poblacional,112973.0,112973.0,False,False,,,,,,,0,0,0,Llenando ventana
911,15,WOA,poblacional,112973.0,112973.0,False,False,,,,,,,0,0,0,Llenando ventana
912,15,WOA,poblacional,112973.0,112973.0,False,False,,,,,,,0,0,0,Llenando ventana
913,15,WOA,poblacional,112973.0,112973.0,False,False,,,,,,,0,0,0,Llenando ventana
914,15,WOA,poblacional,112973.0,112973.0,False,False,,,,,,,0,0,0,Llenando ventana
915,15,WOA,poblacional,112973.0,112973.0,False,False,,,,,,,0,0,0,Llenando ventana
916,15,WOA,poblacional,112973.0,112973.0,False,False,,,,,,,0,0,0,Llenando ventana
917,15,WOA,poblacional,112973.0,112973.0,False,False,,,,,,,0,0,0,Llenando ventana
918,15,WOA,poblacional,112973.0,112973.0,False,False,,,,,,,0,0,0,Llenando ventana
919,15,WOA,poblacional,112973.0,112973.0,False,False,,,,,,,0,0,0,Llenando ventana
920,15,WOA,poblacional,112973.0,112973.0,False,False,,,,,,,0,0,0,Llenando ventana
921,15,WOA,poblacional,112973.0,112973.0,False,False,,,,,,,0,0,0,Llenando ventana
922,15,WOA,poblacional,112973.0,112973.0,False,False,,,,,,,0,0,0,Llenando ventana
923,15,WOA,poblacional,112973.0,112973.0,False,False,,,,,,,0,0,0,Llenando ventana
924,15,WOA,poblacional,112973.0,112973.0,False,False,,,,,,,0,0,0,Llenando ventana
925,15,WOA,poblacional,112973.0,112973.0,False,False,,,,,,,0,0,0,Llenando ventana
926,15,WOA,poblacional,112973.0,112973.0,False,False,,,,,,,0,0,0,Llenando ventana
927,15,WOA,poblacional,112973.0,112973.0,False,False,,,3.8999999999941792,,,,0,0,0,Llenando ventana
928,15,WOA,poblacional,112973.0,112973.0,False,False,,,3.8999999999941792,,,,0,0,0,Llenando ventana
929,15,WOA,poblacional,112973.0,112973.0,False,False,,,3.8999999999941792,,,,0,0,0,Llenando ventana
930,15,WOA,poblacional,112973.0,112973.0,False,False,,,3.8999999999941792,,,,0,0,0,Llenando ventana
931,15,WOA,poblacional,112973.0,112973.0,False,False,,,3.8999999999941792,,,,0,0,0,Llenando ventana
932,15,WOA,poblacional,112973.0,112973.0,False,False,,,3.8999999999941792,,,,0,0,0,Llenando ventana
933,15,WOA,poblacional,112973.0,112973.0,False,False,,,3.8999999999941792,,,,0,0,0,Llenando ventana
934,15,WOA,poblacional,112973.0,112973.0,False,False,,,3.8999999999941792,,,,0,0,0,Llenando ventana
935,15,WOA,poblacional,112973.0,112973.0,False,False,,,3.8999999999941792,,,,0,0,0,Llenando ventana
936,15,WOA,poblacional,112973.0,112973.0,False,False,,,3.8999999999941792,,,,0,0,0,Llenando ventana
937,15,WOA,poblacional,112973.0,112973.0,False,False,,,3.8999999999941792,,,,0,0,0,Llenando ventana
938,15,WOA,poblacional,112973.0,112973.0,False,False,,,3.8999999999941792,,,,0,0,0,Llenando ventana
939,15,WOA,poblacional,112973.0,112973.0,False,False,,,3.8999999999941792,,,,0,0,0,Llenando ventana
940,15,WOA,poblacional,112973.0,112973.0,False,False,,,3.8999999999941792,,,,0,0,0,Llenando ventana
941,15,WOA,poblacional,112973.0,112973.0,False,False,,,3.8999999999941792,,,,0,0,0,Llenando ventana
942,15,WOA,poblacional,112973.0,112973.0,False,False,,,3.8999999999941792,,,,0,0,0,Llenando ventana
943,15,WOA,poblacional,112973.0,112973.0,False,False,,,3.8999999999941792,,,,0,0,0,Llenando ventana
944,15,WOA,poblacional,112973.0,112973.0,False,False,,,3.8999999999941792,,,,0,0,0,Llenando ventana
945,15,WOA,poblacional,112973.0,112973.0,False,False,,,3.8999999999941792,,,,0,0,0,Llenando ventana
946,15,WOA,poblacional,112973.0,112973.0,False,False,,,3.8999999999941792,,,,0,0,0,Llenando ventana
947,15,WOA,poblacional,112973.0,112973.0,False,False,,,3.8999999999941792,,,,0,0,0,Llenando ventana
948,15,WOA,poblacional,112973.0,112973.0,False,False,,,3.8999999999941792,,,,0,0,0,Llenando ventana
949,15,WOA,poblacional,112973.0,112973.0,False,False,,,3.8999999999941792,,,,0,0,0,Llenando ventana
950,16,VNS,trayectoria,113092.0,113092.0,False,False,,,,,,,0,0,0,Llenando ventana
951,16,VNS,trayectoria,113092.0,113092.0,False,False,,,,,,,0,0,0,Llenando ventana
952,16,VNS,trayectoria,113092.0,113092.0,False,False,,,,,,,0,0,0,Llenando ventana
953,16,VNS,trayectoria,113092.0,113092.0,False,False,,,,,,,0,0,0,Llenando ventana
954,16,VNS,trayectoria,113092.0,113092.0,False,False,,,,,,,0,0,0,Llenando ventana
955,16,VNS,trayectoria,113092.0,113092.0,False,False,,,,,,,0,0,0,Llenando ventana
956,16,VNS,trayectoria,113092.0,113092.0,False,False,,,,,,,0,0,0,Llenando ventana
957,16,VNS,trayectoria,113092.0,113092.0,False,False,,,,,,,0,0,0,Llenando ventana
958,16,VNS,trayectoria,113092.0,113092.0,False,False,,,,,,,0,0,0,Llenando ventana
959,16,VNS,trayectoria,113092.0,113092.0,False,False,,,,,,,0,0,0,Llenando ventana
960,16,VNS,trayectoria,113092.0,113092.0,False,False,,,,,,,0,0,0,Llenando ventana
961,16,VNS,trayectoria,113092.0,113092.0,False,False,,,,,,,0,0,0,Llenando ventana
962,16,VNS,trayectoria,113092.0,113092.0,False,False,,,,,,,0,0,0,Llenando ventana
963,16,VNS,trayectoria,113092.0,113092.0,False,False,,,,,,,0,0,0,Llenando ventana
964,16,VNS,trayectoria,113092.0,113092.0,False,False,,,,,,,0,0,0,Llenando ventana
965,16,VNS,trayectoria,113092.0,113092.0,False,False,,,,,,,0,0,0,Llenando ventana
966,16,VNS,trayectoria,113092.0,113092.0,False,False,,,,,,,0,0,0,Llenando ventana
967,16,VNS,trayectoria,113092.0,113092.0,False,False,,,,,,,0,0,0,Llenando ventana
968,16,VNS,trayectoria,113092.0,113092.0,False,False,,,,,,,0,0,0,Llenando ventana
969,16,VNS,trayectoria,113312.0,113312.0,False,False,,,,,,,0,0,0,Llenando ventana
970,16,VNS,trayectoria,113312.0,113312.0,False,False,,,,,,,0,0,0,Llenando ventana
971,16,VNS,trayectoria,113312.0,113312.0,False,False,,,,,,,0,0,0,Llenando ventana
972,16,VNS,trayectoria,113312.0,113312.0,False,False,,,,,,,0,0,0,Llenando ventana
973,16,VNS,trayectoria,113312.0,113312.0,False,False,,,,,,,0,0,0,Llenando ventana
974,16,VNS,trayectoria,113312.0,113312.0,False,False,,,,,,,0,0,0,Llenando ventana
975,16,VNS,trayectoria,113312.0,113312.0,False,False,,,,,,,0,0,0,Llenando ventana
976,16,VNS,trayectoria,113312.0,113312.0,False,False,,,,,,,0,0,0,Llenando ventana
977,16,VNS,trayectoria,113312.0,113312.0,False,False,,,,,,,0,0,0,Llenando ventana
978,16,VNS,trayectoria,113312.0,113312.0,False,False,,,,,,,0,0,0,Llenando ventana
979,16,VNS,trayectoria,113312.0,113312.0,False,False,,,,,,,0,0,0,Llenando ventana
980,16,VNS,trayectoria,113312.0,113312.0,False,False,,,,,,,0,0,0,Llenando ventana
981,16,VNS,trayectoria,113312.0,113312.0,False,False,,,,,,,0,0,0,Llenando ventana
982,16,VNS,trayectoria,113312.0,113312.0,False,False,,,,,,,0,0,0,Llenando ventana
983,16,VNS,trayectoria,113312.0,113312.0,False,False,,,,,,,0,0,0,Llenando ventana
984,16,VNS,trayectoria,113312.0,113312.0,False,False,,,,,,,0,0,0,Llenando ventana
985,16,VNS,trayectoria,113312.0,113312.0,False,False,,,,,,,0,0,0,Llenando ventana
986,16,VNS,trayectoria,113312.0,113312.0,False,False,,,,,,,0,0,0,Llenando ventana
987,16,VNS,trayectoria,113312.0,113312.0,False,False,,,,,,,0,0,0,Llenando ventana
988,16,VNS,trayectoria,113312.0,113312.0,False,False,,,,,,,0,0,0,Llenando ventana
989,16,VNS,trayectoria,113312.0,113312.0,False,False,,,3.6999999999825377,,,,0,0,0,Llenando ventana
990,16,VNS,trayectoria,113312.0,113312.0,False,False,,,3.6999999999825377,,,,0,0,0,Llenando ventana
991,16,VNS,trayectoria,113312.0,113312.0,False,False,,,3.6999999999825377,,,,0,0,0,Llenando ventana
992,16,VNS,trayectoria,113312.0,113312.0,False,False,,,3.6999999999825377,,,,0,0,0,Llenando ventana
993,16,VNS,trayectoria,113312.0,113312.0,False,False,,,3.6999999999825377,,,,0,0,0,Llenando ventana
994,16,VNS,trayectoria,113312.0,113312.0,False,False,,,3.6999999999825377,,,,0,0,0,Llenando ventana
995,16,VNS,trayectoria,113312.0,113312.0,False,False,,,3.6999999999825377,,,,0,0,0,Llenando ventana
996,16,VNS,trayectoria,113312.0,113312.0,False,False,,,3.6999999999825377,,,,0,0,0,Llenando ventana
997,16,VNS,trayectoria,113312.0,113312.0,False,False,,,3.6999999999825377,,,,0,0,0,Llenando ventana
998,16,VNS,trayectoria,113312.0,113312.0,False,False,,,3.6999999999825377,,,,0,0,0,Llenando ventana
999,16,VNS,trayectoria,113312.0,113312.0,False,False,,,3.6999999999825377,,,,0,0,0,Llenando ventana
1000,16,VNS,trayectoria,113312.0,113312.0,False,False,,,3.6999999999825377,,,,0,0,0,Llenando ventana
1001,16,VNS,trayectoria,113312.0,113312.0,False,False,,,3.6999999999825377,,,,0,0,0,Llenando ventana
1002,16,VNS,trayectoria,113312.0,113312.0,False,False,,,3.6999999999825377,,,,0,0,0,Llenando ventana
1003,16,VNS,trayectoria,113312.0,113312.0,False,False,,,3.6999999999825377,,,,0,0,0,Llenando ventana
1004,16,VNS,trayectoria,113312.0,113312.0,False,False,,,3.6999999999825377,,,,0,0,0,Llenando ventana
1005,16,VNS,trayectoria,113312.0,113312.0,False,False,,,3.6999999999825377,,,,0,0,0,Llenando ventana
