iteracion,epoch,mh,tipo,fitness_best,fitness_instantaneo,dtw_ready,dtw_fire,D1_vs_ramp,D2_vs_const,dtw_delta,theta_c,theta_r,theta_delta,no_improve_len,trigger_streak,window_n,estado_dtw
1,1,EHO,poblacional,22286.0,22286.0,False,False,,,,,,,0,0,1,Llenando ventana
2,1,EHO,poblacional,22286.0,22286.0,False,False,,,,,,,1,0,2,Llenando ventana
3,1,EHO,poblacional,22286.0,22286.0,False,False,,,,,,,2,0,3,Llenando ventana
4,1,EHO,poblacional,22286.0,22286.0,False,False,,,,,,,3,0,4,Llenando ventana
5,1,EHO,poblacional,22286.0,22286.0,False,False,,,,,,,4,0,5,Llenando ventana
6,1,EHO,poblacional,22286.0,22286.0,False,False,,,,,,,5,0,6,Llenando ventana
7,1,EHO,poblacional,22286.0,22286.0,False,False,,,,,,,6,0,7,Llenando ventana
8,1,EHO,poblacional,22648.0,22648.0,False,False,,,,,,,0,0,8,Llenando ventana
9,1,EHO,poblacional,22648.0,22648.0,False,False,,,,,,,1,0,9,Llenando ventana
10,1,EHO,poblacional,22648.0,22648.0,False,False,,,,,,,2,0,10,Llenando ventana
11,1,EHO,poblacional,22648.0,22648.0,False,False,,,,,,,3,0,11,Llenando ventana
12,1,EHO,poblacional,22648.0,22648.0,False,False,,,,,,,4,0,12,Llenando ventana
13,1,EHO,poblacional,22648.0,22648.0,False,False,,,,,,,5,0,13,Llenando ventana
14,1,EHO,poblacional,22648.0,22648.0,False,False,,,,,,,6,0,14,Llenando ventana
15,1,EHO,poblacional,22648.0,22648.0,False,False,,,,,,,7,0,15,Llenando ventana
16,1,EHO,poblacional,22648.0,22648.0,False,False,,,,,,,8,0,16,Llenando ventana
17,1,EHO,poblacional,22648.0,22648.0,False,False,,,,,,,9,0,17,Llenando ventana
18,1,EHO,poblacional,22648.0,22648.0,False,False,,,,,,,10,0,18,Llenando ventana
19,1,EHO,poblacional,22648.0,22648.0,False,False,,,,,,,11,0,19,Llenando ventana
20,1,EHO,poblacional,22648.0,22648.0,False,False,,,,,,,12,0,20,Llenando ventana
21,1,EHO,poblacional,22648.0,22648.0,False,False,,,,,,,13,0,21,Llenando ventana
22,1,EHO,poblacional,22648.0,22648.0,False,False,,,,,,,14,0,22,Llenando ventana
23,1,EHO,poblacional,22648.0,22648.0,False,False,,,,,,,15,0,23,Llenando ventana
24,1,EHO,poblacional,22648.0,22648.0,False,False,,,,,,,16,0,24,Llenando ventana
25,1,EHO,poblacional,22648.0,22648.0,False,False,,,,,,,17,0,25,Llenando ventana
26,1,EHO,poblacional,22782.0,22782.0,False,False,,,,,,,0,0,26,Llenando ventana
27,1,EHO,poblacional,22782.0,22782.0,False,False,,,,,,,1,0,27,Llenando ventana
28,1,EHO,poblacional,22782.0,22782.0,False,False,,,,,,,2,0,28,Llenando ventana
29,1,EHO,poblacional,22782.0,22782.0,False,False,,,,,,,3,0,29,Llenando ventana
30,1,EHO,poblacional,22782.0,22782.0,False,False,,,,,,,4,0,30,Llenando ventana
31,1,EHO,poblacional,22782.0,22782.0,False,False,,,,,,,5,0,31,Llenando ventana
32,1,EHO,poblacional,22782.0,22782.0,False,False,,,,,,,6,0,32,Llenando ventana
33,1,EHO,poblacional,22782.0,22782.0,False,False,,,,,,,7,0,33,Llenando ventana
34,1,EHO,poblacional,22782.0,22782.0,False,False,,,,,,,8,0,34,Llenando ventana
35,1,EHO,poblacional,22782.0,22782.0,False,False,,,,,,,9,0,35,Llenando ventana
36,1,EHO,poblacional,22782.0,22782.0,False,False,,,,,,,10,0,36,Llenando ventana
37,1,EHO,poblacional,22782.0,22782.0,False,False,,,,,,,11,0,37,Llenando ventana
38,1,EHO,poblacional,22782.0,22782.0,False,False,,,,,,,12,0,38,Llenando ventana
39,1,EHO,poblacional,22782.0,22782.0,False,False,,,,,,,13,0,39,Llenando ventana
40,1,EHO,poblacional,22782.0,22782.0,False,False,,,,,,,14,0,40,Llenando ventana
41,1,EHO,poblacional,22782.0,22782.0,False,False,,,,,,,15,0,41,Llenando ventana
42,1,EHO,poblacional,22782.0,22782.0,False,False,,,,,,,16,0,42,Llenando ventana
43,1,EHO,poblacional,22782.0,22782.0,False,False,,,,,,,17,0,43,Llenando ventana
44,1,EHO,poblacional,22782.0,22782.0,False,False,,,,,,,18,0,44,Llenando ventana
45,1,EHO,poblacional,22782.0,22782.0,False,False,,,,,,,19,0,45,Llenando ventana
46,1,EHO,poblacional,22782.0,22782.0,False,False,,,,,,,20,0,46,Llenando ventana
47,1,EHO,poblacional,22782.0,22782.0,False,False,,,,,,,21,0,47,Llenando ventana
48,1,EHO,poblacional,22782.0,22782.0,False,False,,,,,,,22,0,48,Llenando ventana
49,1,EHO,poblacional,22782.0,22782.0,False,False,,,,,,,23,0,49,Llenando ventana
50,1,EHO,poblacional,22782.0,22782.0,False,False,,,,,,,24,0,50,Llenando ventana
51,1,EHO,poblacional,22782.0,22782.0,False,False,,,,,,,25,0,51,Llenando ventana
52,1,EHO,poblacional,22782.0,22782.0,False,False,,,,,,,26,0,52,Llenando ventana
53,1,EHO,poblacional,22846.0,22846.0,False,False,,,,,,,0,0,53,Llenando ventana
54,1,EHO,poblacional,22846.0,22846.0,False,False,,,,,,,1,0,54,Llenando ventana
55,1,EHO,poblacional,22846.0,22846.0,False,False,,,,,,,2,0,55,Llenando ventana
56,1,EHO,poblacional,22846.0,22846.0,False,False,,,,,,,3,0,56,Llenando ventana
57,1,EHO,poblacional,22846.0,22846.0,False,False,,,,,,,4,0,57,Llenando ventana
58,1,EHO,poblacional,22846.0,22846.0,False,False,,,,,,,5,0,58,Llenando ventana
59,1,EHO,poblacional,22846.0,22846.0,False,False,,,,,,,6,0,59,Llenando ventana
60,1,EHO,poblacional,22846.0,22846.0,False,False,,,,,,,7,0,60,Llenando ventana
61,1,EHO,poblacional,22846.0,22846.0,False,False,,,,,,,8,0,61,Llenando ventana
62,1,EHO,poblacional,22846.0,22846.0,False,False,,,,,,,9,0,62,Llenando ventana
63,1,EHO,poblacional,23009.0,23009.0,False,False,,,,,,,0,0,63,Llenando ventana
64,1,EHO,poblacional,23009.0,23009.0,False,False,,,,,,,1,0,64,Llenando ventana
65,1,EHO,poblacional,23009.0,23009.0,False,False,,,,,,,2,0,65,Llenando ventana
66,1,EHO,poblacional,23009.0,23009.0,False,False,,,,,,,3,0,66,Llenando ventana
67,1,EHO,poblacional,23009.0,23009.0,False,False,,,,,,,4,0,67,Llenando ventana
68,1,EHO,poblacional,23009.0,23009.0,False,False,,,,,,,5,0,68,Llenando ventana
69,1,EHO,poblacional,23009.0,23009.0,False,False,,,,,,,6,0,69,Llenando ventana
70,1,EHO,poblacional,23009.0,23009.0,False,False,,,,,,,7,0,70,Llenando ventana
71,1,EHO,poblacional,23009.0,23009.0,False,False,,,,,,,8,0,71,Llenando ventana
72,1,EHO,poblacional,23009.0,23009.0,False,False,,,,,,,9,0,72,Llenando ventana
73,1,EHO,poblacional,23009.0,23009.0,False,False,,,,,,,10,0,73,Llenando ventana
74,1,EHO,poblacional,23251.0,23251.0,False,False,,,,,,,0,0,74,Llenando ventana
75,1,EHO,poblacional,23251.0,23251.0,True,False,971.3999999999796,965.0,6.399999999979627,7.5,37.5,22.5,1,0,75,Explotacion activa
76,1,EHO,poblacional,23251.0,23251.0,True,False,971.3999999999796,965.0,6.399999999979627,7.5,37.5,22.5,2,0,76,Explotacion activa
77,1,EHO,poblacional,23251.0,23251.0,True,False,971.3999999999869,965.0,6.399999999986903,7.5,37.5,22.5,3,0,77,Explotacion activa
78,1,EHO,poblacional,23251.0,23251.0,True,False,971.3999999999869,965.0,6.399999999986903,7.5,37.5,22.5,4,0,78,Explotacion activa
79,1,EHO,poblacional,23251.0,23251.0,True,False,971.3999999999869,965.0,6.399999999986903,7.5,37.5,22.5,5,0,79,Explotacion activa
80,1,EHO,poblacional,23251.0,23251.0,True,False,971.3999999999942,965.0,6.399999999994179,7.5,37.5,22.5,6,0,80,Explotacion activa
81,1,EHO,poblacional,23251.0,23251.0,True,False,971.4000000000015,965.0,6.400000000001455,7.5,37.5,22.5,7,0,81,Explotacion activa
82,1,EHO,poblacional,23251.0,23251.0,True,False,609.599999999984,603.0,6.599999999983993,7.5,37.5,22.5,8,0,82,Explotacion activa
83,1,EHO,poblacional,23251.0,23251.0,True,False,609.599999999984,603.0,6.599999999983993,7.5,37.5,22.5,9,0,83,Explotacion activa
84,1,EHO,poblacional,23251.0,23251.0,True,False,609.599999999984,603.0,6.599999999983993,856.3999999999999,971.3999999999869,6.459999999996216,10,0,84,Explotacion activa
85,1,EHO,poblacional,23251.0,23251.0,True,False,609.599999999984,603.0,6.599999999983993,603.0,971.3999999999869,6.599999999983993,11,0,85,Explotacion activa
86,1,EHO,poblacional,23251.0,23251.0,True,False,609.599999999984,603.0,6.599999999983993,603.0,971.3999999999869,6.599999999983993,12,0,86,Explotacion activa
87,1,EHO,poblacional,23251.0,23251.0,True,False,609.599999999984,603.0,6.599999999983993,603.0,971.3999999999869,6.599999999983993,13,0,87,Explotacion activa
88,1,EHO,poblacional,23251.0,23251.0,True,False,609.599999999984,603.0,6.599999999983993,603.0,971.3999999999869,6.599999999983993,14,0,88,Explotacion activa
89,1,EHO,poblacional,23251.0,23251.0,True,False,609.599999999984,603.0,6.599999999983993,603.0,971.3999999999854,6.599999999983993,15,1,89,Explotacion activa
90,1,EHO,poblacional,23251.0,23251.0,True,False,609.599999999984,603.0,6.599999999983993,603.0,971.3999999999833,6.599999999983993,16,2,90,Explotacion activa
91,1,EHO,poblacional,23251.0,23251.0,True,False,609.599999999984,603.0,6.599999999983993,603.0,971.3999999999811,6.599999999983993,17,3,91,Explotacion activa
92,1,EHO,poblacional,23251.0,23251.0,True,False,609.599999999984,603.0,6.599999999983993,603.0,971.3999999999796,6.599999999983993,18,4,92,Explotacion activa
93,1,EHO,poblacional,23251.0,23251.0,True,False,609.599999999984,603.0,6.599999999983993,603.0,971.3999999999796,6.599999999983993,19,5,93,Explotacion activa
94,1,EHO,poblacional,23251.0,23251.0,True,False,609.599999999984,603.0,6.599999999983993,603.0,971.3999999999796,6.599999999983993,20,6,94,Explotacion activa
95,1,EHO,poblacional,23251.0,23251.0,True,False,609.599999999984,603.0,6.599999999983993,603.0,971.3999999999796,6.599999999983993,21,7,95,Explotacion activa
96,1,EHO,poblacional,23251.0,23251.0,True,False,609.599999999984,603.0,6.599999999983993,603.0,862.8599999999807,6.599999999983993,22,8,96,Explotacion activa
97,1,EHO,poblacional,23251.0,23251.0,True,False,609.5999999999913,603.0,6.599999999991269,603.0,754.3199999999861,6.599999999983993,23,9,97,Explotacion activa
98,1,EHO,poblacional,23251.0,23251.0,True,False,609.5999999999913,603.0,6.599999999991269,603.0,645.7799999999893,6.599999999983993,24,10,98,Explotacion activa
99,1,EHO,poblacional,23251.0,23251.0,True,False,609.6000000000058,603.0,6.600000000005821,603.0,609.6000000000029,6.599999999983993,25,11,99,Explotacion activa
100,1,EHO,poblacional,23251.0,23251.0,True,False,475.79999999998836,469.0,6.7999999999883585,603.0,609.5999999999985,6.599999999983993,26,12,100,Explotacion activa
101,1,EHO,poblacional,23251.0,23251.0,True,False,475.79999999998836,469.0,6.7999999999883585,603.0,609.5999999999942,6.599999999983993,27,13,101,Explotacion activa
102,1,EHO,poblacional,23251.0,23251.0,True,False,475.79999999998836,469.0,6.7999999999883585,603.0,609.5999999999913,6.599999999983993,28,14,102,Explotacion activa
103,1,EHO,poblacional,23251.0,23251.0,True,False,475.79999999998836,469.0,6.7999999999883585,603.0,609.5999999999913,6.599999999983993,29,15,103,Explotacion activa
104,1,EHO,poblacional,23251.0,23251.0,True,False,475.79999999998836,469.0,6.7999999999883585,603.0,609.5999999999913,6.599999999983993,30,16,104,Explotacion activa
105,1,EHO,poblacional,23251.0,23251.0,True,False,475.79999999998836,469.0,6.7999999999883585,603.0,609.5999999999913,6.599999999983993,31,17,105,Explotacion activa
106,1,EHO,poblacional,23251.0,23251.0,True,False,475.79999999998836,469.0,6.7999999999883585,603.0,609.5999999999891,6.599999999989086,32,18,106,Explotacion activa
107,1,EHO,poblacional,23251.0,23251.0,True,False,475.79999999998836,469.0,6.7999999999883585,603.0,609.599999999987,6.599999999991269,33,19,107,Explotacion activa
108,1,EHO,poblacional,23251.0,23251.0,True,False,475.79999999998836,469.0,6.7999999999883585,603.0,609.5999999999847,6.599999999992724,34,20,108,Explotacion activa
109,1,EHO,poblacional,23251.0,23251.0,True,False,475.79999999998836,469.0,6.7999999999883585,603.0,609.599999999984,6.60000000000291,35,21,109,Explotacion activa
110,1,EHO,poblacional,23251.0,23251.0,True,False,475.79999999998836,469.0,6.7999999999883585,536.0,609.599999999984,6.69999999999709,36,22,110,Explotacion activa
111,1,EHO,poblacional,23251.0,23251.0,True,False,475.79999999998836,469.0,6.7999999999883585,469.0,609.599999999984,6.7999999999883585,37,23,111,Explotacion activa
112,1,EHO,poblacional,23251.0,23251.0,True,False,475.79999999998836,469.0,6.7999999999883585,469.0,609.599999999984,6.7999999999883585,38,24,112,Explotacion activa
113,1,EHO,poblacional,23251.0,23251.0,True,True,475.79999999998836,469.0,6.7999999999883585,469.0,609.599999999984,6.7999999999883585,39,25,113,ESTANCAMIENTO (Fire)
114,2,VNS,trayectoria,23327.0,23327.0,False,False,,,,,,,0,0,1,Llenando ventana
115,2,VNS,trayectoria,23327.0,23327.0,False,False,,,,,,,1,0,2,Llenando ventana
116,2,VNS,trayectoria,23584.0,23584.0,False,False,,,,,,,0,0,3,Llenando ventana
117,2,VNS,trayectoria,23584.0,23584.0,False,False,,,,,,,1,0,4,Llenando ventana
118,2,VNS,trayectoria,23584.0,23584.0,False,False,,,,,,,2,0,5,Llenando ventana
119,2,VNS,trayectoria,23584.0,23584.0,False,False,,,,,,,3,0,6,Llenando ventana
120,2,VNS,trayectoria,23584.0,23584.0,False,False,,,,,,,4,0,7,Llenando ventana
121,2,VNS,trayectoria,23584.0,23584.0,False,False,,,,,,,5,0,8,Llenando ventana
122,2,VNS,trayectoria,23584.0,23584.0,False,False,,,,,,,6,0,9,Llenando ventana
123,2,VNS,trayectoria,23584.0,23584.0,False,False,,,,,,,7,0,10,Llenando ventana
124,2,VNS,trayectoria,23584.0,23584.0,False,False,,,,,,,8,0,11,Llenando ventana
125,2,VNS,trayectoria,23584.0,23584.0,False,False,,,,,,,9,0,12,Llenando ventana
126,2,VNS,trayectoria,23584.0,23584.0,False,False,,,,,,,10,0,13,Llenando ventana
127,2,VNS,trayectoria,23584.0,23584.0,False,False,,,,,,,11,0,14,Llenando ventana
128,2,VNS,trayectoria,23584.0,23584.0,False,False,,,,,,,12,0,15,Llenando ventana
129,2,VNS,trayectoria,23584.0,23584.0,False,False,,,,,,,13,0,16,Llenando ventana
130,2,VNS,trayectoria,23584.0,23584.0,False,False,,,,,,,14,0,17,Llenando ventana
131,2,VNS,trayectoria,23584.0,23584.0,False,False,,,,,,,15,0,18,Llenando ventana
132,2,VNS,trayectoria,23584.0,23584.0,False,False,,,,,,,16,0,19,Llenando ventana
133,2,VNS,trayectoria,23584.0,23584.0,False,False,,,,,,,17,0,20,Llenando ventana
134,2,VNS,trayectoria,23584.0,23584.0,False,False,,,,,,,18,0,21,Llenando ventana
135,2,VNS,trayectoria,23584.0,23584.0,False,False,,,,,,,19,0,22,Llenando ventana
136,2,VNS,trayectoria,23584.0,23584.0,False,False,,,,,,,20,0,23,Llenando ventana
137,2,VNS,trayectoria,23584.0,23584.0,False,False,,,,,,,21,0,24,Llenando ventana
138,2,VNS,trayectoria,23584.0,23584.0,False,False,,,,,,,22,0,25,Llenando ventana
139,2,VNS,trayectoria,23584.0,23584.0,False,False,,,,,,,23,0,26,Llenando ventana
140,2,VNS,trayectoria,23584.0,23584.0,False,False,,,,,,,24,0,27,Llenando ventana
141,2,VNS,trayectoria,23584.0,23584.0,False,False,,,,,,,25,0,28,Llenando ventana
142,2,VNS,trayectoria,23584.0,23584.0,False,False,,,,,,,26,0,29,Llenando ventana
143,2,VNS,trayectoria,23584.0,23584.0,False,False,,,,,,,27,0,30,Llenando ventana
144,2,VNS,trayectoria,23584.0,23584.0,False,False,,,,,,,28,0,31,Llenando ventana
145,2,VNS,trayectoria,23584.0,23584.0,False,False,,,,,,,29,0,32,Llenando ventana
146,2,VNS,trayectoria,23584.0,23584.0,False,False,,,,,,,30,0,33,Llenando ventana
147,2,VNS,trayectoria,23584.0,23584.0,False,False,,,,,,,31,0,34,Llenando ventana
148,2,VNS,trayectoria,23584.0,23584.0,False,False,,,,,,,32,0,35,Llenando ventana
149,2,VNS,trayectoria,23584.0,23584.0,False,False,,,,,,,33,0,36,Llenando ventana
150,2,VNS,trayectoria,23584.0,23584.0,False,False,,,,,,,34,0,37,Llenando ventana
151,2,VNS,trayectoria,23584.0,23584.0,False,False,,,,,,,35,0,38,Llenando ventana
152,2,VNS,trayectoria,23584.0,23584.0,False,False,,,,,,,36,0,39,Llenando ventana
153,2,VNS,trayectoria,23584.0,23584.0,False,False,,,,,,,37,0,40,Llenando ventana
154,2,VNS,trayectoria,23628.0,23628.0,False,False,,,,,,,0,0,41,Llenando ventana
155,2,VNS,trayectoria,23628.0,23628.0,False,False,,,,,,,1,0,42,Llenando ventana
156,2,VNS,trayectoria,23628.0,23628.0,False,False,,,,,,,2,0,43,Llenando ventana
157,2,VNS,trayectoria,23628.0,23628.0,False,False,,,,,,,3,0,44,Llenando ventana
158,2,VNS,trayectoria,23628.0,23628.0,False,False,,,,,,,4,0,45,Llenando ventana
159,2,VNS,trayectoria,23628.0,23628.0,False,False,,,,,,,5,0,46,Llenando ventana
160,2,VNS,trayectoria,23628.0,23628.0,False,False,,,,,,,6,0,47,Llenando ventana
161,2,VNS,trayectoria,23628.0,23628.0,False,False,,,,,,,7,0,48,Llenando ventana
162,2,VNS,trayectoria,23628.0,23628.0,False,False,,,,,,,8,0,49,Llenando ventana
163,2,VNS,trayectoria,23628.0,23628.0,False,False,,,,,,,9,0,50,Llenando ventana
164,2,VNS,trayectoria,23628.0,23628.0,False,False,,,,,,,10,0,51,Llenando ventana
165,2,VNS,trayectoria,23628.0,23628.0,False,False,,,,,,,11,0,52,Llenando ventana
166,2,VNS,trayectoria,23628.0,23628.0,False,False,,,,,,,12,0,53,Llenando ventana
167,2,VNS,trayectoria,23628.0,23628.0,False,False,,,,,,,13,0,54,Llenando ventana
168,2,VNS,trayectoria,23628.0,23628.0,False,False,,,,,,,14,0,55,Llenando ventana
169,2,VNS,trayectoria,23628.0,23628.0,False,False,,,,,,,15,0,56,Llenando ventana
170,2,VNS,trayectoria,23628.0,23628.0,False,False,,,,,,,16,0,57,Llenando ventana
171,2,VNS,trayectoria,23628.0,23628.0,False,False,,,,,,,17,0,58,Llenando ventana
172,2,VNS,trayectoria,23628.0,23628.0,False,False,,,,,,,18,0,59,Llenando ventana
173,2,VNS,trayectoria,23628.0,23628.0,False,False,,,,,,,19,0,60,Llenando ventana
174,2,VNS,trayectoria,23628.0,23628.0,False,False,,,,,,,20,0,61,Llenando ventana
175,2,VNS,trayectoria,23628.0,23628.0,False,False,,,,,,,21,0,62,Llenando ventana
176,2,VNS,trayectoria,23628.0,23628.0,False,False,,,,,,,22,0,63,Llenando ventana
177,2,VNS,trayectoria,23628.0,23628.0,False,False,,,,,,,23,0,64,Llenando ventana
178,2,VNS,trayectoria,23628.0,23628.0,False,False,,,,,,,24,0,65,Llenando ventana
179,2,VNS,trayectoria,23628.0,23628.0,False,False,,,,,,,25,0,66,Llenando ventana
180,2,VNS,trayectoria,23628.0,23628.0,False,False,,,,,,,26,0,67,Llenando ventana
181,2,VNS,trayectoria,23628.0,23628.0,False,False,,,,,,,27,0,68,Llenando ventana
182,2,VNS,trayectoria,23628.0,23628.0,False,False,,,,,,,28,0,69,Llenando ventana
183,2,VNS,trayectoria,23628.0,23628.0,False,False,,,,,,,29,0,70,Llenando ventana
184,2,VNS,trayectoria,23628.0,23628.0,False,False,,,,,,,30,0,71,Llenando ventana
185,2,VNS,trayectoria,23628.0,23628.0,False,False,,,,,,,31,0,72,Llenando ventana
186,2,VNS,trayectoria,23628.0,23628.0,False,False,,,,,,,32,0,73,Llenando ventana
187,2,VNS,trayectoria,23628.0,23628.0,False,False,,,,,,,33,0,74,Llenando ventana
188,2,VNS,trayectoria,23628.0,23628.0,True,False,308.0,301.0,7.0,7.5,37.5,22.5,34,0,75,Explotacion activa
189,2,VNS,trayectoria,23628.0,23628.0,True,False,308.0,301.0,7.0,7.5,37.5,22.5,35,0,76,Explotacion activa
190,2,VNS,trayectoria,23628.0,23628.0,True,False,51.19999999999709,44.0,7.19999999999709,7.5,37.5,22.5,36,0,77,Explotacion activa
191,2,VNS,trayectoria,23628.0,23628.0,True,False,51.19999999999709,44.0,7.19999999999709,7.5,37.5,22.5,37,0,78,Explotacion activa
192,2,VNS,trayectoria,23628.0,23628.0,True,False,51.19999999999709,44.0,7.19999999999709,7.5,37.5,22.5,38,0,79,Explotacion activa
193,2,VNS,trayectoria,23628.0,23628.0,True,False,51.19999999999709,44.0,7.19999999999709,7.5,37.5,22.5,39,0,80,Explotacion activa
194,2,VNS,trayectoria,23628.0,23628.0,True,False,51.19999999999709,44.0,7.19999999999709,7.5,37.5,22.5,40,0,81,Explotacion activa
195,2,VNS,trayectoria,23628.0,23628.0,True,False,51.19999999999709,44.0,7.19999999999709,7.5,37.5,22.5,41,0,82,Explotacion activa
196,2,VNS,trayectoria,23628.0,23628.0,True,False,51.19999999999709,44.0,7.19999999999709,7.5,37.5,22.5,42,0,83,Explotacion activa
197,2,VNS,trayectoria,23628.0,23628.0,True,False,51.19999999999709,44.0,7.19999999999709,44.0,51.19999999999709,7.19999999999709,43,1,84,Explotacion activa
198,2,VNS,trayectoria,23628.0,23628.0,True,False,51.19999999999709,44.0,7.19999999999709,44.0,51.19999999999709,7.19999999999709,44,2,85,Explotacion activa
199,2,VNS,trayectoria,23628.0,23628.0,True,False,51.19999999999709,44.0,7.19999999999709,44.0,51.19999999999709,7.19999999999709,45,3,86,Explotacion activa
200,2,VNS,trayectoria,23628.0,23628.0,True,False,51.19999999999709,44.0,7.19999999999709,44.0,51.19999999999709,7.19999999999709,46,4,87,Explotacion activa
201,2,VNS,trayectoria,23628.0,23628.0,True,False,51.19999999999709,44.0,7.19999999999709,44.0,51.19999999999709,7.19999999999709,47,5,88,Explotacion activa
202,2,VNS,trayectoria,23628.0,23628.0,True,False,51.19999999999709,44.0,7.19999999999709,44.0,51.19999999999709,7.19999999999709,48,6,89,Explotacion activa
203,2,VNS,trayectoria,23628.0,23628.0,True,False,51.19999999999709,44.0,7.19999999999709,44.0,51.19999999999709,7.19999999999709,49,7,90,Explotacion activa
204,2,VNS,trayectoria,23628.0,23628.0,True,False,51.19999999999709,44.0,7.19999999999709,44.0,51.19999999999709,7.19999999999709,50,8,91,Explotacion activa
205,2,VNS,trayectoria,23628.0,23628.0,True,False,51.19999999999709,44.0,7.19999999999709,44.0,51.19999999999709,7.19999999999709,51,9,92,Explotacion activa
206,2,VNS,trayectoria,23628.0,23628.0,True,False,51.19999999999709,44.0,7.19999999999709,44.0,51.19999999999709,7.19999999999709,52,10,93,Explotacion activa
207,2,VNS,trayectoria,23628.0,23628.0,True,False,51.19999999999709,44.0,7.19999999999709,44.0,51.19999999999709,7.19999999999709,53,11,94,Explotacion activa
208,2,VNS,trayectoria,23628.0,23628.0,True,False,51.19999999999709,44.0,7.19999999999709,44.0,51.19999999999709,7.19999999999709,54,12,95,Explotacion activa
209,2,VNS,trayectoria,23628.0,23628.0,True,False,51.19999999999709,44.0,7.19999999999709,44.0,51.19999999999709,7.19999999999709,55,13,96,Explotacion activa
210,2,VNS,trayectoria,23628.0,23628.0,True,False,51.19999999999709,44.0,7.19999999999709,44.0,51.19999999999709,7.19999999999709,56,14,97,Explotacion activa
211,2,VNS,trayectoria,23628.0,23628.0,True,False,51.19999999999709,44.0,7.19999999999709,44.0,51.19999999999709,7.19999999999709,57,15,98,Explotacion activa
212,2,VNS,trayectoria,23628.0,23628.0,True,False,51.19999999999709,44.0,7.19999999999709,44.0,51.19999999999709,7.19999999999709,58,16,99,Explotacion activa
213,2,VNS,trayectoria,23628.0,23628.0,True,False,51.19999999999709,44.0,7.19999999999709,44.0,51.19999999999709,7.19999999999709,59,17,100,Explotacion activa
214,2,VNS,trayectoria,23628.0,23628.0,True,False,51.19999999999709,44.0,7.19999999999709,44.0,51.19999999999709,7.19999999999709,60,18,101,Explotacion activa
215,2,VNS,trayectoria,23628.0,23628.0,True,False,51.19999999999709,44.0,7.19999999999709,44.0,51.19999999999709,7.19999999999709,61,19,102,Explotacion activa
216,2,VNS,trayectoria,23628.0,23628.0,True,False,51.19999999999709,44.0,7.19999999999709,44.0,51.19999999999709,7.19999999999709,62,20,103,Explotacion activa
217,2,VNS,trayectoria,23628.0,23628.0,True,False,51.19999999999709,44.0,7.19999999999709,44.0,51.19999999999709,7.19999999999709,63,21,104,Explotacion activa
218,2,VNS,trayectoria,23628.0,23628.0,True,False,51.19999999999709,44.0,7.19999999999709,44.0,51.19999999999709,7.19999999999709,64,22,105,Explotacion activa
219,2,VNS,trayectoria,23628.0,23628.0,True,False,51.19999999999709,44.0,7.19999999999709,44.0,51.19999999999709,7.19999999999709,65,23,106,Explotacion activa
220,2,VNS,trayectoria,23628.0,23628.0,True,False,51.19999999999709,44.0,7.19999999999709,44.0,51.19999999999709,7.19999999999709,66,24,107,Explotacion activa
221,2,VNS,trayectoria,23628.0,23628.0,True,True,51.19999999999709,44.0,7.19999999999709,44.0,51.19999999999709,7.19999999999709,67,25,108,ESTANCAMIENTO (Fire)
222,3,GA,poblacional,23628.0,23628.0,False,False,,,,,,,0,0,1,Llenando ventana
223,3,GA,poblacional,23628.0,23628.0,False,False,,,,,,,1,0,2,Llenando ventana
224,3,GA,poblacional,23628.0,23628.0,False,False,,,,,,,2,0,3,Llenando ventana
225,3,GA,poblacional,23628.0,23628.0,False,False,,,,,,,3,0,4,Llenando ventana
226,3,GA,poblacional,23628.0,23628.0,False,False,,,,,,,4,0,5,Llenando ventana
227,3,GA,poblacional,23628.0,23628.0,False,False,,,,,,,5,0,6,Llenando ventana
228,3,GA,poblacional,23628.0,23628.0,False,False,,,,,,,6,0,7,Llenando ventana
229,3,GA,poblacional,23628.0,23628.0,False,False,,,,,,,7,0,8,Llenando ventana
230,3,GA,poblacional,23628.0,23628.0,False,False,,,,,,,8,0,9,Llenando ventana
231,3,GA,poblacional,23628.0,23628.0,False,False,,,,,,,9,0,10,Llenando ventana
232,3,GA,poblacional,23628.0,23628.0,False,False,,,,,,,10,0,11,Llenando ventana
233,3,GA,poblacional,23628.0,23628.0,False,False,,,,,,,11,0,12,Llenando ventana
234,3,GA,poblacional,23628.0,23628.0,False,False,,,,,,,12,0,13,Llenando ventana
235,3,GA,poblacional,23628.0,23628.0,False,False,,,,,,,13,0,14,Llenando ventana
236,3,GA,poblacional,23628.0,23628.0,False,False,,,,,,,14,0,15,Llenando ventana
237,3,GA,poblacional,23628.0,23628.0,False,False,,,,,,,15,0,16,Llenando ventana
238,3,GA,poblacional,23628.0,23628.0,False,False,,,,,,,16,0,17,Llenando ventana
239,3,GA,poblacional,23628.0,23628.0,False,False,,,,,,,17,0,18,Llenando ventana
240,3,GA,poblacional,23628.0,23628.0,False,False,,,,,,,18,0,19,Llenando ventana
241,3,GA,poblacional,23628.0,23628.0,False,False,,,,,,,19,0,20,Llenando ventana
242,3,GA,poblacional,23628.0,23628.0,False,False,,,,,,,20,0,21,Llenando ventana
243,3,GA,poblacional,23628.0,23628.0,False,False,,,,,,,21,0,22,Llenando ventana
244,3,GA,poblacional,23628.0,23628.0,False,False,,,,,,,22,0,23,Llenando ventana
245,3,GA,poblacional,23628.0,23628.0,False,False,,,,,,,23,0,24,Llenando ventana
246,3,GA,poblacional,23628.0,23628.0,False,False,,,,,,,24,0,25,Llenando ventana
247,3,GA,poblacional,23628.0,23628.0,False,False,,,,,,,25,0,26,Llenando ventana
248,3,GA,poblacional,23628.0,23628.0,False,False,,,,,,,26,0,27,Llenando ventana
249,3,GA,poblacional,23628.0,23628.0,False,False,,,,,,,27,0,28,Llenando ventana
250,3,GA,poblacional,23628.0,23628.0,False,False,,,,,,,28,0,29,Llenando ventana
251,3,GA,poblacional,23628.0,23628.0,False,False,,,,,,,29,0,30,Llenando ventana
252,3,GA,poblacional,23678.0,23678.0,False,False,,,,,,,0,0,31,Llenando ventana
253,3,GA,poblacional,23678.0,23678.0,False,False,,,,,,,1,0,32,Llenando ventana
254,3,GA,poblacional,23678.0,23678.0,False,False,,,,,,,2,0,33,Llenando ventana
255,3,GA,poblacional,23678.0,23678.0,False,False,,,,,,,3,0,34,Llenando ventana
256,3,GA,poblacional,23678.0,23678.0,False,False,,,,,,,4,0,35,Llenando ventana
257,3,GA,poblacional,23678.0,23678.0,False,False,,,,,,,5,0,36,Llenando ventana
258,3,GA,poblacional,23678.0,23678.0,False,False,,,,,,,6,0,37,Llenando ventana
259,3,GA,poblacional,23678.0,23678.0,False,False,,,,,,,7,0,38,Llenando ventana
260,3,GA,poblacional,23678.0,23678.0,False,False,,,,,,,8,0,39,Llenando ventana
261,3,GA,poblacional,23678.0,23678.0,False,False,,,,,,,9,0,40,Llenando ventana
262,3,GA,poblacional,23678.0,23678.0,False,False,,,,,,,10,0,41,Llenando ventana
263,3,GA,poblacional,23678.0,23678.0,False,False,,,,,,,11,0,42,Llenando ventana
264,3,GA,poblacional,23678.0,23678.0,False,False,,,,,,,12,0,43,Llenando ventana
265,3,GA,poblacional,23678.0,23678.0,False,False,,,,,,,13,0,44,Llenando ventana
266,3,GA,poblacional,23678.0,23678.0,False,False,,,,,,,14,0,45,Llenando ventana
267,3,GA,poblacional,23678.0,23678.0,False,False,,,,,,,15,0,46,Llenando ventana
268,3,GA,poblacional,23678.0,23678.0,False,False,,,,,,,16,0,47,Llenando ventana
269,3,GA,poblacional,23678.0,23678.0,False,False,,,,,,,17,0,48,Llenando ventana
270,3,GA,poblacional,23678.0,23678.0,False,False,,,,,,,18,0,49,Llenando ventana
271,3,GA,poblacional,23678.0,23678.0,False,False,,,,,,,19,0,50,Llenando ventana
272,3,GA,poblacional,23678.0,23678.0,False,False,,,,,,,20,0,51,Llenando ventana
273,3,GA,poblacional,23678.0,23678.0,False,False,,,,,,,21,0,52,Llenando ventana
274,3,GA,poblacional,23678.0,23678.0,False,False,,,,,,,22,0,53,Llenando ventana
275,3,GA,poblacional,23678.0,23678.0,False,False,,,,,,,23,0,54,Llenando ventana
276,3,GA,poblacional,23678.0,23678.0,False,False,,,,,,,24,0,55,Llenando ventana
277,3,GA,poblacional,23678.0,23678.0,False,False,,,,,,,25,0,56,Llenando ventana
278,3,GA,poblacional,23678.0,23678.0,False,False,,,,,,,26,0,57,Llenando ventana
279,3,GA,poblacional,23678.0,23678.0,False,False,,,,,,,27,0,58,Llenando ventana
280,3,GA,poblacional,23678.0,23678.0,False,False,,,,,,,28,0,59,Llenando ventana
281,3,GA,poblacional,23678.0,23678.0,False,False,,,,,,,29,0,60,Llenando ventana
282,3,GA,poblacional,23678.0,23678.0,False,False,,,,,,,30,0,61,Llenando ventana
283,3,GA,poblacional,23678.0,23678.0,False,False,,,,,,,31,0,62,Llenando ventana
284,3,GA,poblacional,23678.0,23678.0,False,False,,,,,,,32,0,63,Llenando ventana
285,3,GA,poblacional,23678.0,23678.0,False,False,,,,,,,33,0,64,Llenando ventana
286,3,GA,poblacional,23678.0,23678.0,False,False,,,,,,,34,0,65,Llenando ventana
287,3,GA,poblacional,23678.0,23678.0,False,False,,,,,,,35,0,66,Llenando ventana
288,3,GA,poblacional,23863.0,23863.0,False,False,,,,,,,0,0,67,Llenando ventana
289,3,GA,poblacional,23863.0,23863.0,False,False,,,,,,,1,0,68,Llenando ventana
290,3,GA,poblacional,23863.0,23863.0,False,False,,,,,,,2,0,69,Llenando ventana
291,3,GA,poblacional,23863.0,23863.0,False,False,,,,,,,3,0,70,Llenando ventana
292,3,GA,poblacional,23863.0,23863.0,False,False,,,,,,,4,0,71,Llenando ventana
293,3,GA,poblacional,23863.0,23863.0,False,False,,,,,,,5,0,72,Llenando ventana
294,3,GA,poblacional,23863.0,23863.0,False,False,,,,,,,6,0,73,Llenando ventana
295,3,GA,poblacional,23863.0,23863.0,False,False,,,,,,,7,0,74,Llenando ventana
296,3,GA,poblacional,23863.0,23863.0,True,False,241.99999999999272,235.0,6.999999999992724,7.5,37.5,22.5,8,0,75,Explotacion activa
297,3,GA,poblacional,23863.0,23863.0,True,False,241.99999999999272,235.0,6.999999999992724,7.5,37.5,22.5,9,0,76,Explotacion activa
298,3,GA,poblacional,23863.0,23863.0,True,False,241.99999999999272,235.0,6.999999999992724,7.5,37.5,22.5,10,0,77,Explotacion activa
299,3,GA,poblacional,23863.0,23863.0,True,False,241.99999999999272,235.0,6.999999999992724,7.5,37.5,22.5,11,0,78,Explotacion activa
300,3,GA,poblacional,23863.0,23863.0,True,False,241.99999999999272,235.0,6.999999999992724,7.5,37.5,22.5,12,0,79,Explotacion activa
301,3,GA,poblacional,23863.0,23863.0,True,False,241.99999999999272,235.0,6.999999999992724,7.5,37.5,22.5,13,0,80,Explotacion activa
302,3,GA,poblacional,23863.0,23863.0,True,False,241.99999999999272,235.0,6.999999999992724,7.5,37.5,22.5,14,0,81,Explotacion activa
303,3,GA,poblacional,23863.0,23863.0,True,False,241.99999999999272,235.0,6.999999999992724,7.5,37.5,22.5,15,0,82,Explotacion activa
304,3,GA,poblacional,23863.0,23863.0,True,False,241.99999999999272,235.0,6.999999999992724,7.5,37.5,22.5,16,0,83,Explotacion activa
305,3,GA,poblacional,23863.0,23863.0,True,False,241.99999999999272,235.0,6.999999999992724,235.0,241.99999999999272,6.999999999992724,17,1,84,Explotacion activa
306,3,GA,poblacional,23863.0,23863.0,True,False,241.99999999999272,235.0,6.999999999992724,235.0,241.99999999999272,6.999999999992724,18,2,85,Explotacion activa
307,3,GA,poblacional,23863.0,23863.0,True,False,241.99999999999272,235.0,6.999999999992724,235.0,241.99999999999272,6.999999999992724,19,3,86,Explotacion activa
308,3,GA,poblacional,23863.0,23863.0,True,False,241.99999999999272,235.0,6.999999999992724,235.0,241.99999999999272,6.999999999992724,20,4,87,Explotacion activa
309,3,GA,poblacional,23863.0,23863.0,True,False,241.99999999999272,235.0,6.999999999992724,235.0,241.99999999999272,6.999999999992724,21,5,88,Explotacion activa
310,3,GA,poblacional,23863.0,23863.0,True,False,241.99999999999272,235.0,6.999999999992724,235.0,241.99999999999272,6.999999999992724,22,6,89,Explotacion activa
311,3,GA,poblacional,23863.0,23863.0,True,False,241.99999999999272,235.0,6.999999999992724,235.0,241.99999999999272,6.999999999992724,23,7,90,Explotacion activa
312,3,GA,poblacional,23863.0,23863.0,True,False,241.99999999999272,235.0,6.999999999992724,235.0,241.99999999999272,6.999999999992724,24,8,91,Explotacion activa
313,3,GA,poblacional,23863.0,23863.0,True,False,241.99999999999272,235.0,6.999999999992724,235.0,241.99999999999272,6.999999999992724,25,9,92,Explotacion activa
314,3,GA,poblacional,23863.0,23863.0,True,False,241.99999999999272,235.0,6.999999999992724,235.0,241.99999999999272,6.999999999992724,26,10,93,Explotacion activa
315,3,GA,poblacional,23863.0,23863.0,True,False,241.99999999999272,235.0,6.999999999992724,235.0,241.99999999999272,6.999999999992724,27,11,94,Explotacion activa
316,3,GA,poblacional,23863.0,23863.0,True,False,241.99999999999272,235.0,6.999999999992724,235.0,241.99999999999272,6.999999999992724,28,12,95,Explotacion activa
317,3,GA,poblacional,23863.0,23863.0,True,False,241.99999999999272,235.0,6.999999999992724,235.0,241.99999999999272,6.999999999992724,29,13,96,Explotacion activa
318,3,GA,poblacional,23869.0,23869.0,True,False,247.79999999998836,241.0,6.7999999999883585,235.0,241.99999999999272,6.999999999992724,0,0,97,Explotacion activa
319,3,GA,poblacional,23869.0,23869.0,True,False,247.79999999998836,241.0,6.7999999999883585,235.0,241.99999999999272,6.999999999992724,1,0,98,Explotacion activa
320,3,GA,poblacional,23869.0,23869.0,True,False,247.79999999998836,241.0,6.7999999999883585,235.0,241.99999999999272,6.999999999992724,2,0,99,Explotacion activa
321,3,GA,poblacional,23869.0,23869.0,True,False,247.79999999998836,241.0,6.7999999999883585,235.0,241.99999999999272,6.999999999992724,3,0,100,Explotacion activa
322,3,GA,poblacional,23869.0,23869.0,True,False,247.79999999998836,241.0,6.7999999999883585,235.0,241.99999999999272,6.999999999992724,4,0,101,Explotacion activa
323,3,GA,poblacional,23869.0,23869.0,True,False,247.79999999998836,241.0,6.7999999999883585,235.0,241.99999999999272,6.999999999992724,5,0,102,Explotacion activa
324,3,GA,poblacional,23869.0,23869.0,True,False,247.79999999999563,241.0,6.799999999995634,235.0,241.99999999999272,6.999999999992724,6,0,103,Explotacion activa
325,3,GA,poblacional,23869.0,23869.0,True,False,247.79999999999563,241.0,6.799999999995634,235.0,241.99999999999272,6.999999999992724,7,0,104,Explotacion activa
326,3,GA,poblacional,23869.0,23869.0,True,False,197.99999999999272,191.0,6.999999999992724,235.0,241.99999999999272,6.999999999992724,8,0,105,Explotacion activa
327,3,GA,poblacional,23869.0,23869.0,True,False,197.99999999999272,191.0,6.999999999992724,235.0,241.99999999999272,6.999999999992724,9,0,106,Explotacion activa
328,3,GA,poblacional,23869.0,23869.0,True,False,197.99999999999272,191.0,6.999999999992724,235.0,241.99999999999272,6.999999999992724,10,0,107,Explotacion activa
329,3,GA,poblacional,23869.0,23869.0,True,False,197.99999999999272,191.0,6.999999999992724,235.0,241.99999999999272,6.999999999992724,11,0,108,Explotacion activa
330,3,GA,poblacional,23869.0,23869.0,True,False,197.99999999999272,191.0,6.999999999992724,235.0,241.99999999999272,6.999999999992724,12,0,109,Explotacion activa
331,3,GA,poblacional,23869.0,23869.0,True,False,197.99999999999272,191.0,6.999999999992724,235.0,241.99999999999272,6.999999999992724,13,0,110,Explotacion activa
332,3,GA,poblacional,23869.0,23869.0,True,False,197.99999999999272,191.0,6.999999999992724,235.0,241.99999999999272,6.999999999992724,14,0,111,Explotacion activa
333,3,GA,poblacional,23869.0,23869.0,True,False,197.99999999999272,191.0,6.999999999992724,235.0,241.99999999999272,6.999999999992724,15,1,112,Explotacion activa
334,3,GA,poblacional,23869.0,23869.0,True,False,197.99999999999272,191.0,6.999999999992724,235.0,241.99999999999272,6.999999999992724,16,2,113,Explotacion activa
335,3,GA,poblacional,23869.0,23869.0,True,False,197.99999999999272,191.0,6.999999999992724,235.0,241.99999999999272,6.999999999992724,17,3,114,Explotacion activa
336,3,GA,poblacional,23869.0,23869.0,True,False,197.99999999999272,191.0,6.999999999992724,235.0,241.99999999999272,6.999999999992724,18,4,115,Explotacion activa
337,3,GA,poblacional,23869.0,23869.0,True,False,197.99999999999272,191.0,6.999999999992724,235.0,241.99999999999272,6.999999999992724,19,5,116,Explotacion activa
338,3,GA,poblacional,23869.0,23869.0,True,False,197.99999999999272,191.0,6.999999999992724,217.39999999999998,241.99999999999272,6.999999999992724,20,6,117,Explotacion activa
339,3,GA,poblacional,23869.0,23869.0,True,False,197.99999999999272,191.0,6.999999999992724,191.0,241.99999999999272,6.999999999992724,21,7,118,Explotacion activa
340,3,GA,poblacional,23869.0,23869.0,True,False,197.99999999999272,191.0,6.999999999992724,191.0,241.99999999999272,6.999999999992724,22,8,119,Explotacion activa
341,3,GA,poblacional,23869.0,23869.0,True,False,197.99999999999272,191.0,6.999999999992724,191.0,241.99999999999272,6.999999999992724,23,9,120,Explotacion activa
342,3,GA,poblacional,23869.0,23869.0,True,False,197.99999999999272,191.0,6.999999999992724,191.0,241.99999999999272,6.999999999992724,24,10,121,Explotacion activa
343,3,GA,poblacional,23869.0,23869.0,True,False,197.99999999999272,191.0,6.999999999992724,191.0,241.99999999999272,6.999999999992724,25,11,122,Explotacion activa
344,3,GA,poblacional,23869.0,23869.0,True,False,197.99999999999272,191.0,6.999999999992724,191.0,241.99999999999272,6.999999999992724,26,12,123,Explotacion activa
345,3,GA,poblacional,23869.0,23869.0,True,False,197.99999999999272,191.0,6.999999999992724,191.0,241.99999999999272,6.999999999992724,27,13,124,Explotacion activa
346,3,GA,poblacional,23869.0,23869.0,True,False,197.99999999999272,191.0,6.999999999992724,191.0,241.99999999999272,6.999999999992724,28,14,125,Explotacion activa
347,3,GA,poblacional,23869.0,23869.0,True,False,197.99999999999272,191.0,6.999999999992724,191.0,241.99999999999272,6.999999999992724,29,15,126,Explotacion activa
348,3,GA,poblacional,23869.0,23869.0,True,False,197.99999999999272,191.0,6.999999999992724,191.0,241.99999999999272,6.999999999992724,30,16,127,Explotacion activa
349,3,GA,poblacional,23945.0,23945.0,True,False,273.79999999998836,267.0,6.7999999999883585,191.0,241.99999999999272,6.999999999992724,0,0,128,Explotacion activa
350,3,GA,poblacional,23945.0,23945.0,True,False,273.79999999998836,267.0,6.7999999999883585,191.0,241.99999999999272,6.999999999992724,1,0,129,Explotacion activa
351,3,GA,poblacional,23945.0,23945.0,True,False,273.79999999998836,267.0,6.7999999999883585,191.0,241.99999999999272,6.999999999992724,2,0,130,Explotacion activa
352,3,GA,poblacional,23945.0,23945.0,True,False,273.79999999998836,267.0,6.7999999999883585,191.0,241.99999999999272,6.999999999992724,3,0,131,Explotacion activa
353,3,GA,poblacional,23945.0,23945.0,True,False,273.79999999998836,267.0,6.7999999999883585,191.0,241.99999999999272,6.999999999992724,4,0,132,Explotacion activa
354,3,GA,poblacional,23945.0,23945.0,True,False,273.79999999998836,267.0,6.7999999999883585,191.0,241.99999999999272,6.999999999992724,5,0,133,Explotacion activa
355,3,GA,poblacional,23945.0,23945.0,True,False,273.79999999998836,267.0,6.7999999999883585,191.0,241.99999999999272,6.999999999992724,6,0,134,Explotacion activa
356,3,GA,poblacional,23945.0,23945.0,True,False,273.79999999998836,267.0,6.7999999999883585,191.0,241.99999999999272,6.999999999992724,7,0,135,Explotacion activa
357,3,GA,poblacional,23945.0,23945.0,True,False,273.79999999998836,267.0,6.7999999999883585,191.0,241.99999999999272,6.999999999992724,8,0,136,Explotacion activa
358,3,GA,poblacional,23945.0,23945.0,True,False,273.79999999998836,267.0,6.7999999999883585,191.0,241.99999999999272,6.999999999992724,9,0,137,Explotacion activa
359,3,GA,poblacional,23945.0,23945.0,True,False,273.79999999998836,267.0,6.7999999999883585,191.0,242.57999999999225,6.999999999992724,10,0,138,Explotacion activa
360,3,GA,poblacional,23945.0,23945.0,True,False,273.79999999999563,267.0,6.799999999995634,191.0,246.63999999998921,6.999999999992724,11,0,139,Explotacion activa
361,3,GA,poblacional,23945.0,23945.0,True,False,273.8000000000029,267.0,6.80000000000291,191.0,247.79999999998836,6.999999999992724,12,0,140,Explotacion activa
362,3,GA,poblacional,23945.0,23945.0,True,False,88.99999999999272,82.0,6.999999999992724,191.0,247.79999999998836,6.999999999992724,13,0,141,Explotacion activa
363,3,GA,poblacional,23945.0,23945.0,True,False,88.99999999999272,82.0,6.999999999992724,191.0,247.2199999999888,6.999999999992724,14,0,142,Explotacion activa
364,3,GA,poblacional,23945.0,23945.0,True,False,88.99999999999272,82.0,6.999999999992724,191.0,245.47999999999007,6.999999999992724,15,1,143,Explotacion activa
365,3,GA,poblacional,23945.0,23945.0,True,False,88.99999999999272,82.0,6.999999999992724,191.0,243.7399999999914,6.999999999992724,16,2,144,Explotacion activa
366,3,GA,poblacional,23988.0,23988.0,True,False,131.79999999998836,125.0,6.7999999999883585,191.0,241.99999999999272,6.999999999992724,0,0,145,Explotacion activa
367,3,GA,poblacional,23988.0,23988.0,True,False,131.79999999998836,125.0,6.7999999999883585,191.0,241.99999999999272,6.999999999992724,1,0,146,Explotacion activa
368,3,GA,poblacional,23988.0,23988.0,True,False,131.79999999998836,125.0,6.7999999999883585,191.0,241.99999999999272,6.999999999992724,2,0,147,Explotacion activa
369,3,GA,poblacional,23988.0,23988.0,True,False,131.79999999998836,125.0,6.7999999999883585,191.0,241.99999999999272,6.999999999992724,3,0,148,Explotacion activa
370,3,GA,poblacional,23988.0,23988.0,True,False,131.79999999998836,125.0,6.7999999999883585,191.0,241.99999999999272,6.999999999992724,4,0,149,Explotacion activa
371,3,GA,poblacional,23988.0,23988.0,True,False,131.79999999998836,125.0,6.7999999999883585,191.0,241.99999999999272,6.999999999992724,5,0,150,Explotacion activa
372,3,GA,poblacional,23988.0,23988.0,True,False,131.79999999998836,125.0,6.7999999999883585,191.0,241.99999999999272,6.999999999992724,6,0,151,Explotacion activa
373,3,GA,poblacional,23988.0,23988.0,True,False,131.79999999998836,125.0,6.7999999999883585,191.0,241.99999999999272,6.999999999992724,7,0,152,Explotacion activa
374,3,GA,poblacional,23988.0,23988.0,True,False,131.79999999998836,125.0,6.7999999999883585,191.0,241.99999999999272,6.999999999992724,8,0,153,Explotacion activa
375,3,GA,poblacional,23988.0,23988.0,True,False,131.79999999998836,125.0,6.7999999999883585,191.0,241.99999999999272,6.999999999992724,9,0,154,Explotacion activa
376,3,GA,poblacional,23988.0,23988.0,True,False,131.79999999998836,125.0,6.7999999999883585,191.0,241.99999999999272,6.999999999992724,10,0,155,Explotacion activa
377,3,GA,poblacional,23988.0,23988.0,True,False,131.79999999998836,125.0,6.7999999999883585,191.0,241.99999999999272,6.999999999992724,11,0,156,Explotacion activa
378,3,GA,poblacional,23988.0,23988.0,True,False,131.79999999998836,125.0,6.7999999999883585,191.0,241.99999999999272,6.999999999992724,12,0,157,Explotacion activa
379,3,GA,poblacional,23988.0,23988.0,True,False,131.79999999998836,125.0,6.7999999999883585,191.0,241.99999999999272,6.999999999992724,13,0,158,Explotacion activa
380,3,GA,poblacional,23988.0,23988.0,True,False,131.79999999998836,125.0,6.7999999999883585,191.0,241.99999999999272,6.999999999992724,14,0,159,Explotacion activa
381,3,GA,poblacional,23988.0,23988.0,True,False,131.79999999998836,125.0,6.7999999999883585,191.0,241.99999999999272,6.999999999992724,15,0,160,Explotacion activa
382,3,GA,poblacional,23988.0,23988.0,True,False,131.79999999998836,125.0,6.7999999999883585,191.0,241.99999999999272,6.999999999992724,16,0,161,Explotacion activa
383,3,GA,poblacional,23988.0,23988.0,True,False,131.79999999998836,125.0,6.7999999999883585,191.0,241.99999999999272,6.999999999992724,17,0,162,Explotacion activa
384,3,GA,poblacional,23988.0,23988.0,True,False,131.79999999998836,125.0,6.7999999999883585,191.0,241.99999999999272,6.999999999992724,18,0,163,Explotacion activa
385,3,GA,poblacional,23988.0,23988.0,True,False,131.79999999998836,125.0,6.7999999999883585,191.0,241.99999999999272,6.999999999992724,19,0,164,Explotacion activa
386,3,GA,poblacional,23988.0,23988.0,True,False,131.79999999998836,125.0,6.7999999999883585,191.0,241.99999999999272,6.999999999992724,20,0,165,Explotacion activa
387,3,GA,poblacional,23988.0,23988.0,True,False,131.79999999998836,125.0,6.7999999999883585,191.0,241.99999999999272,6.999999999992724,21,0,166,Explotacion activa
388,3,GA,poblacional,23988.0,23988.0,True,False,131.79999999998836,125.0,6.7999999999883585,191.0,241.99999999999272,6.999999999992724,22,0,167,Explotacion activa
389,3,GA,poblacional,23988.0,23988.0,True,False,131.79999999999563,125.0,6.799999999995634,184.39999999999992,241.99999999999272,6.999999999992724,23,0,168,Explotacion activa
390,3,GA,poblacional,23988.0,23988.0,True,False,131.79999999999563,125.0,6.799999999995634,138.19999999999996,241.99999999999272,6.999999999992724,24,0,169,Explotacion activa
391,3,GA,poblacional,23988.0,23988.0,True,False,131.79999999999563,125.0,6.799999999995634,125.0,241.99999999999272,6.999999999992724,25,0,170,Explotacion activa
392,3,GA,poblacional,23988.0,23988.0,True,False,125.99999999999272,119.0,6.999999999992724,125.0,241.99999999999272,6.999999999992724,26,1,171,Explotacion activa
393,3,GA,poblacional,23988.0,23988.0,True,False,125.99999999999272,119.0,6.999999999992724,125.0,241.99999999999272,6.999999999992724,27,2,172,Explotacion activa
394,3,GA,poblacional,23988.0,23988.0,True,False,125.99999999999272,119.0,6.999999999992724,125.0,241.99999999999272,6.999999999992724,28,3,173,Explotacion activa
395,3,GA,poblacional,23988.0,23988.0,True,False,125.99999999999272,119.0,6.999999999992724,125.0,241.99999999999272,6.999999999992724,29,4,174,Explotacion activa
396,3,GA,poblacional,23988.0,23988.0,True,False,125.99999999999272,119.0,6.999999999992724,125.0,241.99999999999272,6.999999999992724,30,5,175,Explotacion activa
397,3,GA,poblacional,23988.0,23988.0,True,False,125.99999999999272,119.0,6.999999999992724,125.0,241.99999999999272,6.999999999992724,31,6,176,Explotacion activa
398,3,GA,poblacional,23988.0,23988.0,True,False,125.99999999999272,119.0,6.999999999992724,125.0,241.99999999999272,6.999999999992724,32,7,177,Explotacion activa
399,3,GA,poblacional,23988.0,23988.0,True,False,125.99999999999272,119.0,6.999999999992724,125.0,241.99999999999272,6.999999999992724,33,8,178,Explotacion activa
400,3,GA,poblacional,23988.0,23988.0,True,False,125.99999999999272,119.0,6.999999999992724,125.0,241.99999999999272,6.999999999992724,34,9,179,Explotacion activa
401,3,GA,poblacional,23988.0,23988.0,True,False,125.99999999999272,119.0,6.999999999992724,125.0,241.99999999999272,6.999999999992724,35,10,180,Explotacion activa
402,3,GA,poblacional,23988.0,23988.0,True,False,125.99999999999272,119.0,6.999999999992724,125.0,241.99999999999272,6.999999999992724,36,11,181,Explotacion activa
403,3,GA,poblacional,23988.0,23988.0,True,False,125.99999999999272,119.0,6.999999999992724,125.0,241.99999999999272,6.999999999992724,37,12,182,Explotacion activa
404,3,GA,poblacional,24039.0,24039.0,True,False,176.79999999998836,170.0,6.7999999999883585,125.0,241.99999999999272,6.999999999992724,0,0,183,Explotacion activa
405,3,GA,poblacional,24039.0,24039.0,True,False,176.79999999998836,170.0,6.7999999999883585,125.0,241.99999999999272,6.999999999992724,1,0,184,Explotacion activa
406,3,GA,poblacional,24039.0,24039.0,True,False,176.79999999998836,170.0,6.7999999999883585,125.0,241.99999999999272,6.999999999992724,2,0,185,Explotacion activa
407,3,GA,poblacional,24039.0,24039.0,True,False,176.79999999998836,170.0,6.7999999999883585,125.0,241.99999999999272,6.999999999992724,3,0,186,Explotacion activa
408,3,GA,poblacional,24039.0,24039.0,True,False,176.79999999998836,170.0,6.7999999999883585,125.0,241.99999999999272,6.999999999992724,4,0,187,Explotacion activa
409,3,GA,poblacional,24039.0,24039.0,True,False,176.79999999998836,170.0,6.7999999999883585,125.0,241.99999999999272,6.999999999992724,5,0,188,Explotacion activa
410,3,GA,poblacional,24039.0,24039.0,True,False,176.79999999998836,170.0,6.7999999999883585,125.0,241.99999999999272,6.999999999992724,6,0,189,Explotacion activa
411,3,GA,poblacional,24039.0,24039.0,True,False,176.79999999998836,170.0,6.7999999999883585,125.0,241.99999999999272,6.999999999992724,7,0,190,Explotacion activa
412,3,GA,poblacional,24039.0,24039.0,True,False,176.79999999998836,170.0,6.7999999999883585,125.0,241.99999999999272,6.999999999992724,8,0,191,Explotacion activa
413,3,GA,poblacional,24039.0,24039.0,True,False,176.79999999998836,170.0,6.7999999999883585,125.0,241.99999999999272,6.999999999992724,9,0,192,Explotacion activa
414,3,GA,poblacional,24039.0,24039.0,True,False,176.79999999998836,170.0,6.7999999999883585,125.0,241.99999999999272,6.999999999992724,10,0,193,Explotacion activa
415,3,GA,poblacional,24039.0,24039.0,True,False,176.79999999998836,170.0,6.7999999999883585,125.0,241.99999999999272,6.999999999992724,11,0,194,Explotacion activa
416,3,GA,poblacional,24039.0,24039.0,True,False,176.79999999998836,170.0,6.7999999999883585,125.0,241.99999999999272,6.999999999992724,12,0,195,Explotacion activa
417,3,GA,poblacional,24039.0,24039.0,True,False,176.79999999998836,170.0,6.7999999999883585,125.0,241.99999999999272,6.999999999992724,13,0,196,Explotacion activa
418,3,GA,poblacional,24039.0,24039.0,True,False,176.79999999998836,170.0,6.7999999999883585,125.0,241.99999999999272,6.999999999992724,14,0,197,Explotacion activa
419,3,GA,poblacional,24039.0,24039.0,True,False,176.79999999998836,170.0,6.7999999999883585,125.0,241.99999999999272,6.999999999992724,15,0,198,Explotacion activa
420,3,GA,poblacional,24039.0,24039.0,True,False,176.79999999998836,170.0,6.7999999999883585,125.0,241.99999999999272,6.999999999992724,16,0,199,Explotacion activa
421,3,GA,poblacional,24039.0,24039.0,True,False,176.79999999998836,170.0,6.7999999999883585,125.0,241.99999999999272,6.999999999992724,17,0,200,Explotacion activa
422,3,GA,poblacional,24039.0,24039.0,True,False,176.8000000000102,170.0,6.800000000010186,125.0,241.99999999999272,6.999999999992724,18,0,201,Explotacion activa
423,3,GA,poblacional,24039.0,24039.0,True,False,100.99999999999272,94.0,6.999999999992724,125.0,241.99999999999272,6.999999999992724,19,1,202,Explotacion activa
424,3,GA,poblacional,24039.0,24039.0,True,False,100.99999999999272,94.0,6.999999999992724,125.0,241.99999999999272,6.999999999992724,20,2,203,Explotacion activa
425,3,GA,poblacional,24039.0,24039.0,True,False,100.99999999999272,94.0,6.999999999992724,125.0,241.99999999999272,6.999999999992724,21,3,204,Explotacion activa
426,3,GA,poblacional,24039.0,24039.0,True,False,100.99999999999272,94.0,6.999999999992724,125.0,241.99999999999272,6.999999999992724,22,4,205,Explotacion activa
427,3,GA,poblacional,24039.0,24039.0,True,False,100.99999999999272,94.0,6.999999999992724,125.0,241.99999999999272,6.999999999992724,23,5,206,Explotacion activa
428,3,GA,poblacional,24039.0,24039.0,True,False,100.99999999999272,94.0,6.999999999992724,125.0,241.99999999999272,6.999999999992724,24,6,207,Explotacion activa
429,3,GA,poblacional,24039.0,24039.0,True,False,100.99999999999272,94.0,6.999999999992724,125.0,241.99999999999272,6.999999999992724,25,7,208,Explotacion activa
430,3,GA,poblacional,24039.0,24039.0,True,False,100.99999999999272,94.0,6.999999999992724,125.0,241.99999999999272,6.999999999992724,26,8,209,Explotacion activa
431,3,GA,poblacional,24039.0,24039.0,True,False,100.99999999999272,94.0,6.999999999992724,125.0,241.99999999999272,6.999999999992724,27,9,210,Explotacion activa
432,3,GA,poblacional,24039.0,24039.0,True,False,100.99999999999272,94.0,6.999999999992724,125.0,241.99999999999272,6.999999999992724,28,10,211,Explotacion activa
433,3,GA,poblacional,24039.0,24039.0,True,False,100.99999999999272,94.0,6.999999999992724,125.0,241.99999999999272,6.999999999992724,29,11,212,Explotacion activa
434,3,GA,poblacional,24039.0,24039.0,True,False,100.99999999999272,94.0,6.999999999992724,125.0,241.99999999999272,6.999999999992724,30,12,213,Explotacion activa
435,3,GA,poblacional,24039.0,24039.0,True,False,100.99999999999272,94.0,6.999999999992724,125.0,241.99999999999272,6.999999999992724,31,13,214,Explotacion activa
436,3,GA,poblacional,24039.0,24039.0,True,False,100.99999999999272,94.0,6.999999999992724,125.0,241.99999999999272,6.999999999992724,32,14,215,Explotacion activa
437,3,GA,poblacional,24039.0,24039.0,True,False,101.0,94.0,7.0,125.0,228.79999999999222,6.999999999992724,33,15,216,Explotacion activa
438,3,GA,poblacional,24039.0,24039.0,True,False,101.0,94.0,7.0,125.0,215.59999999999235,6.999999999992724,34,16,217,Explotacion activa
439,3,GA,poblacional,24039.0,24039.0,True,False,101.0,94.0,7.0,125.0,202.39999999999247,6.999999999992724,35,17,218,Explotacion activa
440,3,GA,poblacional,24039.0,24039.0,True,False,58.19999999999709,51.0,7.19999999999709,125.0,197.99999999999272,6.999999999992724,36,18,219,Explotacion activa
441,3,GA,poblacional,24039.0,24039.0,True,False,58.19999999999709,51.0,7.19999999999709,125.0,197.99999999999272,6.999999999992724,37,19,220,Explotacion activa
442,3,GA,poblacional,24039.0,24039.0,True,False,58.19999999999709,51.0,7.19999999999709,125.0,197.99999999999272,6.999999999992724,38,20,221,Explotacion activa
443,3,GA,poblacional,24039.0,24039.0,True,False,58.19999999999709,51.0,7.19999999999709,125.0,197.99999999999272,6.999999999992724,39,21,222,Explotacion activa
444,3,GA,poblacional,24039.0,24039.0,True,False,58.19999999999709,51.0,7.19999999999709,125.0,197.99999999999272,6.999999999992724,40,22,223,Explotacion activa
445,3,GA,poblacional,24039.0,24039.0,True,False,58.19999999999709,51.0,7.19999999999709,125.0,197.99999999999272,6.999999999992724,41,23,224,Explotacion activa
446,3,GA,poblacional,24039.0,24039.0,True,False,58.19999999999709,51.0,7.19999999999709,125.0,197.99999999999272,6.999999999992724,42,24,225,Explotacion activa
447,3,GA,poblacional,24039.0,24039.0,True,True,58.19999999999709,51.0,7.19999999999709,125.0,197.99999999999272,6.999999999992724,43,25,226,ESTANCAMIENTO (Fire)
448,4,SA,trayectoria,24039.0,21609.0,False,False,,,,,,,0,0,1,Llenando ventana
449,4,SA,trayectoria,24039.0,21856.0,False,False,,,,,,,1,0,2,Llenando ventana
450,4,SA,trayectoria,24039.0,21403.0,False,False,,,,,,,2,0,3,Llenando ventana
451,4,SA,trayectoria,24039.0,21356.0,False,False,,,,,,,3,0,4,Llenando ventana
452,4,SA,trayectoria,24039.0,20645.0,False,False,,,,,,,4,0,5,Llenando ventana
453,4,SA,trayectoria,24039.0,21273.0,False,False,,,,,,,5,0,6,Llenando ventana
454,4,SA,trayectoria,24039.0,21002.0,False,False,,,,,,,6,0,7,Llenando ventana
455,4,SA,trayectoria,24039.0,21655.0,False,False,,,,,,,7,0,8,Llenando ventana
456,4,SA,trayectoria,24039.0,21534.0,False,False,,,,,,,8,0,9,Llenando ventana
457,4,SA,trayectoria,24039.0,21971.0,False,False,,,,,,,9,0,10,Llenando ventana
458,4,SA,trayectoria,24039.0,21311.0,False,False,,,,,,,10,0,11,Llenando ventana
459,4,SA,trayectoria,24039.0,21149.0,False,False,,,,,,,11,0,12,Llenando ventana
460,4,SA,trayectoria,24039.0,22032.0,False,False,,,,,,,12,0,13,Llenando ventana
461,4,SA,trayectoria,24039.0,22103.0,False,False,,,,,,,13,0,14,Llenando ventana
462,4,SA,trayectoria,24039.0,20500.0,False,False,,,,,,,14,0,15,Llenando ventana
463,4,SA,trayectoria,24039.0,21415.0,False,False,,,,,,,15,0,16,Llenando ventana
464,4,SA,trayectoria,24039.0,21233.0,False,False,,,,,,,16,0,17,Llenando ventana
465,4,SA,trayectoria,24039.0,21711.0,False,False,,,,,,,17,0,18,Llenando ventana
466,4,SA,trayectoria,24039.0,21792.0,False,False,,,,,,,18,0,19,Llenando ventana
467,4,SA,trayectoria,24039.0,20539.0,False,False,,,,,,,19,0,20,Llenando ventana
468,4,SA,trayectoria,24039.0,21960.0,False,False,,,,,,,20,0,21,Llenando ventana
469,4,SA,trayectoria,24039.0,21718.0,False,False,,,,,,,21,0,22,Llenando ventana
470,4,SA,trayectoria,24039.0,20918.0,False,False,,,,,,,22,0,23,Llenando ventana
471,4,SA,trayectoria,24039.0,21924.0,False,False,,,,,,,23,0,24,Llenando ventana
472,4,SA,trayectoria,24039.0,20859.0,False,False,,,,,,,24,0,25,Llenando ventana
473,4,SA,trayectoria,24039.0,21464.0,False,False,,,,,,,25,0,26,Llenando ventana
474,4,SA,trayectoria,24039.0,22057.0,False,False,,,,,,,26,0,27,Llenando ventana
475,4,SA,trayectoria,24039.0,21780.0,False,False,,,,,,,27,0,28,Llenando ventana
476,4,SA,trayectoria,24039.0,21805.0,False,False,,,,,,,28,0,29,Llenando ventana
477,4,SA,trayectoria,24039.0,21701.0,False,False,,,,,,,29,0,30,Llenando ventana
478,4,SA,trayectoria,24039.0,22043.0,False,False,,,,,,,30,0,31,Llenando ventana
479,4,SA,trayectoria,24039.0,21318.0,False,False,,,,,,,31,0,32,Llenando ventana
480,4,SA,trayectoria,24039.0,20697.0,False,False,,,,,,,32,0,33,Llenando ventana
481,4,SA,trayectoria,24039.0,20675.0,False,False,,,,,,,33,0,34,Llenando ventana
482,4,SA,trayectoria,24039.0,21645.0,False,False,,,,,,,34,0,35,Llenando ventana
483,4,SA,trayectoria,24039.0,21770.0,False,False,,,,,,,35,0,36,Llenando ventana
484,4,SA,trayectoria,24039.0,21137.0,False,False,,,,,,,36,0,37,Llenando ventana
485,4,SA,trayectoria,24039.0,20946.0,False,False,,,,,,,37,0,38,Llenando ventana
486,4,SA,trayectoria,24039.0,21641.0,False,False,,,,,,,38,0,39,Llenando ventana
487,4,SA,trayectoria,24039.0,21886.0,False,False,,,,,,,39,0,40,Llenando ventana
488,4,SA,trayectoria,24039.0,20785.0,False,False,,,,,,,40,0,41,Llenando ventana
489,4,SA,trayectoria,24039.0,20885.0,False,False,,,,,,,41,0,42,Llenando ventana
490,4,SA,trayectoria,24039.0,21314.0,False,False,,,,,,,42,0,43,Llenando ventana
491,4,SA,trayectoria,24039.0,21419.0,False,False,,,,,,,43,0,44,Llenando ventana
492,4,SA,trayectoria,24039.0,21797.0,False,False,,,,,,,44,0,45,Llenando ventana
493,4,SA,trayectoria,24039.0,20915.0,False,False,,,,,,,45,0,46,Llenando ventana
494,4,SA,trayectoria,24039.0,22170.0,False,False,,,,,,,46,0,47,Llenando ventana
495,4,SA,trayectoria,24039.0,21453.0,False,False,,,,,,,47,0,48,Llenando ventana
496,4,SA,trayectoria,24039.0,21207.0,False,False,,,,,,,48,0,49,Llenando ventana
497,4,SA,trayectoria,24039.0,20899.0,False,False,,,,,,,49,0,50,Llenando ventana
498,4,SA,trayectoria,24039.0,21090.0,False,False,,,,,,,50,0,51,Llenando ventana
499,4,SA,trayectoria,24039.0,22131.0,False,False,,,,,,,51,0,52,Llenando ventana
500,4,SA,trayectoria,24039.0,21763.0,False,False,,,,,,,52,0,53,Llenando ventana
501,4,SA,trayectoria,24039.0,21536.0,False,False,,,,,,,53,0,54,Llenando ventana
502,4,SA,trayectoria,24039.0,21148.0,False,False,,,,,,,54,0,55,Llenando ventana
503,4,SA,trayectoria,24039.0,22054.0,False,False,,,,,,,55,0,56,Llenando ventana
504,4,SA,trayectoria,24039.0,22086.0,False,False,,,,,,,56,0,57,Llenando ventana
505,4,SA,trayectoria,24039.0,20806.0,False,False,,,,,,,57,0,58,Llenando ventana
506,4,SA,trayectoria,24039.0,21751.0,False,False,,,,,,,58,0,59,Llenando ventana
507,4,SA,trayectoria,24039.0,21465.0,False,False,,,,,,,59,0,60,Llenando ventana
508,4,SA,trayectoria,24039.0,21761.0,False,False,,,,,,,60,0,61,Llenando ventana
509,4,SA,trayectoria,24039.0,21824.0,False,False,,,,,,,61,0,62,Llenando ventana
510,4,SA,trayectoria,24039.0,21742.0,False,False,,,,,,,62,0,63,Llenando ventana
511,4,SA,trayectoria,24039.0,22238.0,False,False,,,,,,,63,0,64,Llenando ventana
512,4,SA,trayectoria,24039.0,22379.0,False,False,,,,,,,64,0,65,Llenando ventana
513,4,SA,trayectoria,24039.0,22519.0,False,False,,,,,,,65,0,66,Llenando ventana
514,4,SA,trayectoria,24039.0,21217.0,False,False,,,,,,,66,0,67,Llenando ventana
515,4,SA,trayectoria,24039.0,22245.0,False,False,,,,,,,67,0,68,Llenando ventana
516,4,SA,trayectoria,24039.0,21960.0,False,False,,,,,,,68,0,69,Llenando ventana
517,4,SA,trayectoria,24039.0,21659.0,False,False,,,,,,,69,0,70,Llenando ventana
518,4,SA,trayectoria,24039.0,22281.0,False,False,,,,,,,70,0,71,Llenando ventana
519,4,SA,trayectoria,24039.0,21956.0,False,False,,,,,,,71,0,72,Llenando ventana
520,4,SA,trayectoria,24039.0,21834.0,False,False,,,,,,,72,0,73,Llenando ventana
521,4,SA,trayectoria,24039.0,22030.0,False,False,,,,,,,73,0,74,Llenando ventana
522,4,SA,trayectoria,24039.0,22376.0,True,False,7.400000000001455,0.0,7.400000000001455,7.5,37.5,22.5,74,0,75,Explotacion activa
523,4,SA,trayectoria,24039.0,22108.0,True,False,7.400000000001455,0.0,7.400000000001455,7.5,37.5,22.5,75,0,76,Explotacion activa
524,4,SA,trayectoria,24039.0,21895.0,True,False,7.400000000001455,0.0,7.400000000001455,7.5,37.5,22.5,76,0,77,Explotacion activa
525,4,SA,trayectoria,24039.0,21637.0,True,False,7.400000000001455,0.0,7.400000000001455,7.5,37.5,22.5,77,0,78,Explotacion activa
526,4,SA,trayectoria,24039.0,22261.0,True,False,7.400000000001455,0.0,7.400000000001455,7.5,37.5,22.5,78,0,79,Explotacion activa
527,4,SA,trayectoria,24039.0,22505.0,True,False,7.400000000001455,0.0,7.400000000001455,7.5,37.5,22.5,79,0,80,Explotacion activa
528,4,SA,trayectoria,24039.0,21501.0,True,False,7.400000000001455,0.0,7.400000000001455,7.5,37.5,22.5,80,0,81,Explotacion activa
529,4,SA,trayectoria,24039.0,21667.0,True,False,7.400000000001455,0.0,7.400000000001455,7.5,37.5,22.5,81,0,82,Explotacion activa
530,4,SA,trayectoria,24039.0,22116.0,True,False,7.400000000001455,0.0,7.400000000001455,7.5,37.5,22.5,82,0,83,Explotacion activa
531,4,SA,trayectoria,24039.0,22571.0,True,False,7.400000000001455,0.0,7.400000000001455,0.0,7.400000000001455,7.400000000001455,83,1,84,Explotacion activa
532,4,SA,trayectoria,24039.0,22790.0,True,False,7.400000000001455,0.0,7.400000000001455,0.0,7.400000000001455,7.400000000001455,84,2,85,Explotacion activa
533,4,SA,trayectoria,24039.0,21806.0,True,False,7.400000000001455,0.0,7.400000000001455,0.0,7.400000000001455,7.400000000001455,85,3,86,Explotacion activa
534,4,SA,trayectoria,24039.0,22345.0,True,False,7.400000000001455,0.0,7.400000000001455,0.0,7.400000000001455,7.400000000001455,86,4,87,Explotacion activa
535,4,SA,trayectoria,24039.0,21944.0,True,False,7.400000000001455,0.0,7.400000000001455,0.0,7.400000000001455,7.400000000001455,87,5,88,Explotacion activa
536,4,SA,trayectoria,24039.0,22573.0,True,False,7.400000000001455,0.0,7.400000000001455,0.0,7.400000000001455,7.400000000001455,88,6,89,Explotacion activa
537,4,SA,trayectoria,24039.0,22997.0,True,False,7.400000000001455,0.0,7.400000000001455,0.0,7.400000000001455,7.400000000001455,89,7,90,Explotacion activa
538,4,SA,trayectoria,24039.0,22720.0,True,False,7.400000000001455,0.0,7.400000000001455,0.0,7.400000000001455,7.400000000001455,90,8,91,Explotacion activa
539,4,SA,trayectoria,24039.0,22437.0,True,False,7.400000000001455,0.0,7.400000000001455,0.0,7.400000000001455,7.400000000001455,91,9,92,Explotacion activa
540,4,SA,trayectoria,24039.0,22451.0,True,False,7.400000000001455,0.0,7.400000000001455,0.0,7.400000000001455,7.400000000001455,92,10,93,Explotacion activa
541,4,SA,trayectoria,24039.0,21165.0,True,False,7.400000000001455,0.0,7.400000000001455,0.0,7.400000000001455,7.400000000001455,93,11,94,Explotacion activa
542,4,SA,trayectoria,24039.0,22009.0,True,False,7.400000000001455,0.0,7.400000000001455,0.0,7.400000000001455,7.400000000001455,94,12,95,Explotacion activa
543,4,SA,trayectoria,24039.0,22112.0,True,False,7.400000000001455,0.0,7.400000000001455,0.0,7.400000000001455,7.400000000001455,95,13,96,Explotacion activa
544,4,SA,trayectoria,24039.0,22888.0,True,False,7.400000000001455,0.0,7.400000000001455,0.0,7.400000000001455,7.400000000001455,96,14,97,Explotacion activa
545,4,SA,trayectoria,24039.0,22649.0,True,False,7.400000000001455,0.0,7.400000000001455,0.0,7.400000000001455,7.400000000001455,97,15,98,Explotacion activa
546,4,SA,trayectoria,24039.0,22172.0,True,False,7.400000000001455,0.0,7.400000000001455,0.0,7.400000000001455,7.400000000001455,98,16,99,Explotacion activa
547,4,SA,trayectoria,24039.0,22802.0,True,False,7.400000000001455,0.0,7.400000000001455,0.0,7.400000000001455,7.400000000001455,99,17,100,Explotacion activa
548,4,SA,trayectoria,24039.0,23001.0,True,False,7.400000000001455,0.0,7.400000000001455,0.0,7.400000000001455,7.400000000001455,100,18,101,Explotacion activa
549,4,SA,trayectoria,24039.0,22428.0,True,False,7.400000000001455,0.0,7.400000000001455,0.0,7.400000000001455,7.400000000001455,101,19,102,Explotacion activa
550,4,SA,trayectoria,24039.0,22725.0,True,False,7.400000000001455,0.0,7.400000000001455,0.0,7.400000000001455,7.400000000001455,102,20,103,Explotacion activa
551,4,SA,trayectoria,24039.0,22282.0,True,False,7.400000000001455,0.0,7.400000000001455,0.0,7.400000000001455,7.400000000001455,103,21,104,Explotacion activa
552,4,SA,trayectoria,24039.0,22282.0,True,False,7.400000000001455,0.0,7.400000000001455,0.0,7.400000000001455,7.400000000001455,104,22,105,Explotacion activa
553,4,SA,trayectoria,24039.0,22656.0,True,False,7.400000000001455,0.0,7.400000000001455,0.0,7.400000000001455,7.400000000001455,105,23,106,Explotacion activa
554,4,SA,trayectoria,24039.0,22692.0,True,False,7.400000000001455,0.0,7.400000000001455,0.0,7.400000000001455,7.400000000001455,106,24,107,Explotacion activa
555,4,SA,trayectoria,24039.0,22736.0,True,True,7.400000000001455,0.0,7.400000000001455,0.0,7.400000000001455,7.400000000001455,107,25,108,ESTANCAMIENTO (Fire)
556,5,GA,poblacional,24039.0,24039.0,False,False,,,,,,,0,0,1,Llenando ventana
557,5,GA,poblacional,24039.0,24039.0,False,False,,,,,,,1,0,2,Llenando ventana
558,5,GA,poblacional,24039.0,24039.0,False,False,,,,,,,2,0,3,Llenando ventana
559,5,GA,poblacional,24039.0,24039.0,False,False,,,,,,,3,0,4,Llenando ventana
560,5,GA,poblacional,24039.0,24039.0,False,False,,,,,,,4,0,5,Llenando ventana
561,5,GA,poblacional,24039.0,24039.0,False,False,,,,,,,5,0,6,Llenando ventana
562,5,GA,poblacional,24039.0,24039.0,False,False,,,,,,,6,0,7,Llenando ventana
563,5,GA,poblacional,24039.0,24039.0,False,False,,,,,,,7,0,8,Llenando ventana
564,5,GA,poblacional,24039.0,24039.0,False,False,,,,,,,8,0,9,Llenando ventana
565,5,GA,poblacional,24039.0,24039.0,False,False,,,,,,,9,0,10,Llenando ventana
566,5,GA,poblacional,24039.0,24039.0,False,False,,,,,,,10,0,11,Llenando ventana
567,5,GA,poblacional,24039.0,24039.0,False,False,,,,,,,11,0,12,Llenando ventana
568,5,GA,poblacional,24039.0,24039.0,False,False,,,,,,,12,0,13,Llenando ventana
569,5,GA,poblacional,24039.0,24039.0,False,False,,,,,,,13,0,14,Llenando ventana
570,5,GA,poblacional,24039.0,24039.0,False,False,,,,,,,14,0,15,Llenando ventana
571,5,GA,poblacional,24039.0,24039.0,False,False,,,,,,,15,0,16,Llenando ventana
572,5,GA,poblacional,24039.0,24039.0,False,False,,,,,,,16,0,17,Llenando ventana
573,5,GA,poblacional,24039.0,24039.0,False,False,,,,,,,17,0,18,Llenando ventana
574,5,GA,poblacional,24039.0,24039.0,False,False,,,,,,,18,0,19,Llenando ventana
575,5,GA,poblacional,24039.0,24039.0,False,False,,,,,,,19,0,20,Llenando ventana
576,5,GA,poblacional,24039.0,24039.0,False,False,,,,,,,20,0,21,Llenando ventana
577,5,GA,poblacional,24039.0,24039.0,False,False,,,,,,,21,0,22,Llenando ventana
578,5,GA,poblacional,24039.0,24039.0,False,False,,,,,,,22,0,23,Llenando ventana
579,5,GA,poblacional,24039.0,24039.0,False,False,,,,,,,23,0,24,Llenando ventana
580,5,GA,poblacional,24039.0,24039.0,False,False,,,,,,,24,0,25,Llenando ventana
581,5,GA,poblacional,24039.0,24039.0,False,False,,,,,,,25,0,26,Llenando ventana
582,5,GA,poblacional,24039.0,24039.0,False,False,,,,,,,26,0,27,Llenando ventana
583,5,GA,poblacional,24039.0,24039.0,False,False,,,,,,,27,0,28,Llenando ventana
584,5,GA,poblacional,24039.0,24039.0,False,False,,,,,,,28,0,29,Llenando ventana
585,5,GA,poblacional,24039.0,24039.0,False,False,,,,,,,29,0,30,Llenando ventana
586,5,GA,poblacional,24039.0,24039.0,False,False,,,,,,,30,0,31,Llenando ventana
587,5,GA,poblacional,24039.0,24039.0,False,False,,,,,,,31,0,32,Llenando ventana
588,5,GA,poblacional,24039.0,24039.0,False,False,,,,,,,32,0,33,Llenando ventana
589,5,GA,poblacional,24039.0,24039.0,False,False,,,,,,,33,0,34,Llenando ventana
590,5,GA,poblacional,24039.0,24039.0,False,False,,,,,,,34,0,35,Llenando ventana
591,5,GA,poblacional,24039.0,24039.0,False,False,,,,,,,35,0,36,Llenando ventana
592,5,GA,poblacional,24039.0,24039.0,False,False,,,,,,,36,0,37,Llenando ventana
593,5,GA,poblacional,24039.0,24039.0,False,False,,,,,,,37,0,38,Llenando ventana
594,5,GA,poblacional,24039.0,24039.0,False,False,,,,,,,38,0,39,Llenando ventana
595,5,GA,poblacional,24039.0,24039.0,False,False,,,,,,,39,0,40,Llenando ventana
596,5,GA,poblacional,24039.0,24039.0,False,False,,,,,,,40,0,41,Llenando ventana
597,5,GA,poblacional,24039.0,24039.0,False,False,,,,,,,41,0,42,Llenando ventana
598,5,GA,poblacional,24039.0,24039.0,False,False,,,,,,,42,0,43,Llenando ventana
599,5,GA,poblacional,24039.0,24039.0,False,False,,,,,,,43,0,44,Llenando ventana
600,5,GA,poblacional,24039.0,24039.0,False,False,,,,,,,44,0,45,Llenando ventana
601,5,GA,poblacional,24039.0,24039.0,False,False,,,,,,,45,0,46,Llenando ventana
602,5,GA,poblacional,24039.0,24039.0,False,False,,,,,,,46,0,47,Llenando ventana
603,5,GA,poblacional,24039.0,24039.0,False,False,,,,,,,47,0,48,Llenando ventana
604,5,GA,poblacional,24039.0,24039.0,False,False,,,,,,,48,0,49,Llenando ventana
605,5,GA,poblacional,24039.0,24039.0,False,False,,,,,,,49,0,50,Llenando ventana
606,5,GA,poblacional,24039.0,24039.0,False,False,,,,,,,50,0,51,Llenando ventana
607,5,GA,poblacional,24039.0,24039.0,False,False,,,,,,,51,0,52,Llenando ventana
608,5,GA,poblacional,24039.0,24039.0,False,False,,,,,,,52,0,53,Llenando ventana
609,5,GA,poblacional,24039.0,24039.0,False,False,,,,,,,53,0,54,Llenando ventana
610,5,GA,poblacional,24039.0,24039.0,False,False,,,,,,,54,0,55,Llenando ventana
611,5,GA,poblacional,24039.0,24039.0,False,False,,,,,,,55,0,56,Llenando ventana
612,5,GA,poblacional,24039.0,24039.0,False,False,,,,,,,56,0,57,Llenando ventana
613,5,GA,poblacional,24039.0,24039.0,False,False,,,,,,,57,0,58,Llenando ventana
614,5,GA,poblacional,24039.0,24039.0,False,False,,,,,,,58,0,59,Llenando ventana
615,5,GA,poblacional,24039.0,24039.0,False,False,,,,,,,59,0,60,Llenando ventana
616,5,GA,poblacional,24039.0,24039.0,False,False,,,,,,,60,0,61,Llenando ventana
617,5,GA,poblacional,24039.0,24039.0,False,False,,,,,,,61,0,62,Llenando ventana
618,5,GA,poblacional,24039.0,24039.0,False,False,,,,,,,62,0,63,Llenando ventana
619,5,GA,poblacional,24039.0,24039.0,False,False,,,,,,,63,0,64,Llenando ventana
620,5,GA,poblacional,24039.0,24039.0,False,False,,,,,,,64,0,65,Llenando ventana
621,5,GA,poblacional,24039.0,24039.0,False,False,,,,,,,65,0,66,Llenando ventana
622,5,GA,poblacional,24039.0,24039.0,False,False,,,,,,,66,0,67,Llenando ventana
623,5,GA,poblacional,24039.0,24039.0,False,False,,,,,,,67,0,68,Llenando ventana
624,5,GA,poblacional,24039.0,24039.0,False,False,,,,,,,68,0,69,Llenando ventana
625,5,GA,poblacional,24039.0,24039.0,False,False,,,,,,,69,0,70,Llenando ventana
626,5,GA,poblacional,24039.0,24039.0,False,False,,,,,,,70,0,71,Llenando ventana
627,5,GA,poblacional,24039.0,24039.0,False,False,,,,,,,71,0,72,Llenando ventana
628,5,GA,poblacional,24039.0,24039.0,False,False,,,,,,,72,0,73,Llenando ventana
629,5,GA,poblacional,24039.0,24039.0,False,False,,,,,,,73,0,74,Llenando ventana
630,5,GA,poblacional,24039.0,24039.0,True,False,7.400000000001455,0.0,7.400000000001455,7.5,37.5,22.5,74,0,75,Explotacion activa
631,5,GA,poblacional,24039.0,24039.0,True,False,7.400000000001455,0.0,7.400000000001455,7.5,37.5,22.5,75,0,76,Explotacion activa
632,5,GA,poblacional,24039.0,24039.0,True,False,7.400000000001455,0.0,7.400000000001455,7.5,37.5,22.5,76,0,77,Explotacion activa
633,5,GA,poblacional,24039.0,24039.0,True,False,7.400000000001455,0.0,7.400000000001455,7.5,37.5,22.5,77,0,78,Explotacion activa
634,5,GA,poblacional,24039.0,24039.0,True,False,7.400000000001455,0.0,7.400000000001455,7.5,37.5,22.5,78,0,79,Explotacion activa
635,5,GA,poblacional,24039.0,24039.0,True,False,7.400000000001455,0.0,7.400000000001455,7.5,37.5,22.5,79,0,80,Explotacion activa
636,5,GA,poblacional,24039.0,24039.0,True,False,7.400000000001455,0.0,7.400000000001455,7.5,37.5,22.5,80,0,81,Explotacion activa
637,5,GA,poblacional,24039.0,24039.0,True,False,7.400000000001455,0.0,7.400000000001455,7.5,37.5,22.5,81,0,82,Explotacion activa
638,5,GA,poblacional,24039.0,24039.0,True,False,7.400000000001455,0.0,7.400000000001455,7.5,37.5,22.5,82,0,83,Explotacion activa
639,5,GA,poblacional,24039.0,24039.0,True,False,7.400000000001455,0.0,7.400000000001455,0.0,7.400000000001455,7.400000000001455,83,1,84,Explotacion activa
640,5,GA,poblacional,24039.0,24039.0,True,False,7.400000000001455,0.0,7.400000000001455,0.0,7.400000000001455,7.400000000001455,84,2,85,Explotacion activa
641,5,GA,poblacional,24039.0,24039.0,True,False,7.400000000001455,0.0,7.400000000001455,0.0,7.400000000001455,7.400000000001455,85,3,86,Explotacion activa
642,5,GA,poblacional,24039.0,24039.0,True,False,7.400000000001455,0.0,7.400000000001455,0.0,7.400000000001455,7.400000000001455,86,4,87,Explotacion activa
643,5,GA,poblacional,24039.0,24039.0,True,False,7.400000000001455,0.0,7.400000000001455,0.0,7.400000000001455,7.400000000001455,87,5,88,Explotacion activa
644,5,GA,poblacional,24039.0,24039.0,True,False,7.400000000001455,0.0,7.400000000001455,0.0,7.400000000001455,7.400000000001455,88,6,89,Explotacion activa
645,5,GA,poblacional,24039.0,24039.0,True,False,7.400000000001455,0.0,7.400000000001455,0.0,7.400000000001455,7.400000000001455,89,7,90,Explotacion activa
646,5,GA,poblacional,24039.0,24039.0,True,False,7.400000000001455,0.0,7.400000000001455,0.0,7.400000000001455,7.400000000001455,90,8,91,Explotacion activa
647,5,GA,poblacional,24039.0,24039.0,True,False,7.400000000001455,0.0,7.400000000001455,0.0,7.400000000001455,7.400000000001455,91,9,92,Explotacion activa
648,5,GA,poblacional,24039.0,24039.0,True,False,7.400000000001455,0.0,7.400000000001455,0.0,7.400000000001455,7.400000000001455,92,10,93,Explotacion activa
649,5,GA,poblacional,24039.0,24039.0,True,False,7.400000000001455,0.0,7.400000000001455,0.0,7.400000000001455,7.400000000001455,93,11,94,Explotacion activa
650,5,GA,poblacional,24039.0,24039.0,True,False,7.400000000001455,0.0,7.400000000001455,0.0,7.400000000001455,7.400000000001455,94,12,95,Explotacion activa
651,5,GA,poblacional,24073.0,24073.0,True,False,41.19999999999709,34.0,7.19999999999709,0.0,7.400000000001455,7.400000000001455,0,0,96,Explotacion activa
652,5,GA,poblacional,24073.0,24073.0,True,False,41.19999999999709,34.0,7.19999999999709,0.0,7.400000000001455,7.400000000001455,1,0,97,Explotacion activa
653,5,GA,poblacional,24073.0,24073.0,True,False,41.19999999999709,34.0,7.19999999999709,0.0,7.400000000001455,7.400000000001455,2,0,98,Explotacion activa
654,5,GA,poblacional,24073.0,24073.0,True,False,41.19999999999709,34.0,7.19999999999709,0.0,7.400000000001455,7.400000000001455,3,0,99,Explotacion activa
655,5,GA,poblacional,24073.0,24073.0,True,False,41.19999999999709,34.0,7.19999999999709,0.0,7.400000000001455,7.400000000001455,4,0,100,Explotacion activa
656,5,GA,poblacional,24073.0,24073.0,True,False,41.19999999999709,34.0,7.19999999999709,0.0,7.400000000001455,7.400000000001455,5,0,101,Explotacion activa
657,5,GA,poblacional,24073.0,24073.0,True,False,41.19999999999709,34.0,7.19999999999709,0.0,7.400000000001455,7.400000000001455,6,0,102,Explotacion activa
658,5,GA,poblacional,24073.0,24073.0,True,False,41.19999999999709,34.0,7.19999999999709,0.0,7.400000000001455,7.400000000001455,7,0,103,Explotacion activa
659,5,GA,poblacional,24073.0,24073.0,True,False,41.19999999999709,34.0,7.19999999999709,0.0,17.54000000000005,7.400000000001455,8,0,104,Explotacion activa
660,5,GA,poblacional,24073.0,24073.0,True,False,41.19999999999709,34.0,7.19999999999709,0.0,41.19999999999709,7.400000000001455,9,0,105,Explotacion activa
661,5,GA,poblacional,24073.0,24073.0,True,False,41.19999999999709,34.0,7.19999999999709,0.0,41.19999999999709,7.400000000001455,10,0,106,Explotacion activa
662,5,GA,poblacional,24073.0,24073.0,True,False,41.19999999999709,34.0,7.19999999999709,0.0,41.19999999999709,7.400000000001455,11,0,107,Explotacion activa
663,5,GA,poblacional,24073.0,24073.0,True,False,41.19999999999709,34.0,7.19999999999709,0.0,41.19999999999709,7.400000000001455,12,0,108,Explotacion activa
664,5,GA,poblacional,24073.0,24073.0,True,False,41.19999999999709,34.0,7.19999999999709,0.0,41.19999999999709,7.400000000001455,13,0,109,Explotacion activa
665,5,GA,poblacional,24073.0,24073.0,True,False,41.19999999999709,34.0,7.19999999999709,0.0,41.19999999999709,7.400000000001455,14,0,110,Explotacion activa
666,5,GA,poblacional,24073.0,24073.0,True,False,41.19999999999709,34.0,7.19999999999709,0.0,41.19999999999709,7.400000000001455,15,0,111,Explotacion activa
667,5,GA,poblacional,24101.0,24101.0,True,False,68.99999999999272,62.0,6.999999999992724,0.0,41.19999999999709,7.400000000001455,0,0,112,Explotacion activa
668,5,GA,poblacional,24101.0,24101.0,True,False,68.99999999999272,62.0,6.999999999992724,0.0,41.19999999999709,7.400000000001455,1,0,113,Explotacion activa
669,5,GA,poblacional,24101.0,24101.0,True,False,68.99999999999272,62.0,6.999999999992724,0.0,41.19999999999709,7.400000000001455,2,0,114,Explotacion activa
670,5,GA,poblacional,24101.0,24101.0,True,False,68.99999999999272,62.0,6.999999999992724,0.0,41.19999999999709,7.400000000001455,3,0,115,Explotacion activa
671,5,GA,poblacional,24101.0,24101.0,True,False,68.99999999999272,62.0,6.999999999992724,0.0,41.19999999999709,7.400000000001455,4,0,116,Explotacion activa
672,5,GA,poblacional,24101.0,24101.0,True,False,68.99999999999272,62.0,6.999999999992724,0.0,41.19999999999709,7.400000000001455,5,0,117,Explotacion activa
673,5,GA,poblacional,24101.0,24101.0,True,False,68.99999999999272,62.0,6.999999999992724,0.0,41.19999999999709,7.400000000001455,6,0,118,Explotacion activa
674,5,GA,poblacional,24101.0,24101.0,True,False,68.99999999999272,62.0,6.999999999992724,0.0,41.19999999999709,7.400000000001455,7,0,119,Explotacion activa
675,5,GA,poblacional,24101.0,24101.0,True,False,68.99999999999272,62.0,6.999999999992724,0.0,41.19999999999709,7.400000000001455,8,0,120,Explotacion activa
676,5,GA,poblacional,24101.0,24101.0,True,False,68.99999999999272,62.0,6.999999999992724,0.0,41.19999999999709,7.400000000001455,9,0,121,Explotacion activa
677,5,GA,poblacional,24101.0,24101.0,True,False,68.99999999999272,62.0,6.999999999992724,0.0,41.19999999999709,7.400000000001455,10,0,122,Explotacion activa
678,5,GA,poblacional,24101.0,24101.0,True,False,68.99999999999272,62.0,6.999999999992724,0.0,41.19999999999709,7.400000000001455,11,0,123,Explotacion activa
679,5,GA,poblacional,24101.0,24101.0,True,False,68.99999999999272,62.0,6.999999999992724,0.0,41.19999999999709,7.400000000001455,12,0,124,Explotacion activa
680,5,GA,poblacional,24101.0,24101.0,True,False,68.99999999999272,62.0,6.999999999992724,0.0,41.19999999999709,7.400000000001455,13,0,125,Explotacion activa
681,5,GA,poblacional,24101.0,24101.0,True,False,68.99999999999272,62.0,6.999999999992724,0.0,41.19999999999709,7.400000000001455,14,0,126,Explotacion activa
682,5,GA,poblacional,24101.0,24101.0,True,False,68.99999999999272,62.0,6.999999999992724,0.0,52.319999999995304,7.400000000001455,15,0,127,Explotacion activa
683,5,GA,poblacional,24101.0,24101.0,True,False,68.99999999999272,62.0,6.999999999992724,0.0,68.99999999999272,7.400000000001455,16,0,128,Explotacion activa
684,5,GA,poblacional,24101.0,24101.0,True,False,68.99999999999272,62.0,6.999999999992724,0.0,68.99999999999272,7.400000000001455,17,0,129,Explotacion activa
685,5,GA,poblacional,24101.0,24101.0,True,False,68.99999999999272,62.0,6.999999999992724,0.0,68.99999999999272,7.400000000001455,18,0,130,Explotacion activa
686,5,GA,poblacional,24101.0,24101.0,True,False,68.99999999999272,62.0,6.999999999992724,0.0,68.99999999999272,7.400000000001455,19,0,131,Explotacion activa
687,5,GA,poblacional,24101.0,24101.0,True,False,68.99999999999272,62.0,6.999999999992724,0.0,68.99999999999272,7.400000000001455,20,0,132,Explotacion activa
688,5,GA,poblacional,24101.0,24101.0,True,False,68.99999999999272,62.0,6.999999999992724,0.0,68.99999999999272,7.400000000001455,21,0,133,Explotacion activa
689,5,GA,poblacional,24101.0,24101.0,True,False,68.99999999999272,62.0,6.999999999992724,0.0,68.99999999999272,7.400000000001455,22,0,134,Explotacion activa
690,5,GA,poblacional,24101.0,24101.0,True,False,68.99999999999272,62.0,6.999999999992724,0.0,68.99999999999272,7.400000000001455,23,0,135,Explotacion activa
691,5,GA,poblacional,24101.0,24101.0,True,False,68.99999999999272,62.0,6.999999999992724,0.0,68.99999999999272,7.400000000001455,24,0,136,Explotacion activa
692,5,GA,poblacional,24101.0,24101.0,True,False,68.99999999999272,62.0,6.999999999992724,0.0,68.99999999999272,7.400000000001455,25,0,137,Explotacion activa
693,5,GA,poblacional,24101.0,24101.0,True,False,68.99999999999272,62.0,6.999999999992724,0.0,68.99999999999272,7.400000000001455,26,0,138,Explotacion activa
694,5,GA,poblacional,24101.0,24101.0,True,False,68.99999999999272,62.0,6.999999999992724,0.0,68.99999999999272,7.400000000001455,27,0,139,Explotacion activa
695,5,GA,poblacional,24101.0,24101.0,True,False,68.99999999999272,62.0,6.999999999992724,0.0,68.99999999999272,7.400000000001455,28,0,140,Explotacion activa
696,5,GA,poblacional,24101.0,24101.0,True,False,68.99999999999272,62.0,6.999999999992724,0.0,68.99999999999272,7.400000000001455,29,0,141,Explotacion activa
697,5,GA,poblacional,24101.0,24101.0,True,False,68.99999999999272,62.0,6.999999999992724,3.3999999999999275,68.99999999999272,7.380000000001019,30,0,142,Explotacion activa
698,5,GA,poblacional,24101.0,24101.0,True,False,68.99999999999272,62.0,6.999999999992724,13.599999999999952,68.99999999999272,7.319999999999708,31,0,143,Explotacion activa
699,5,GA,poblacional,24101.0,24101.0,True,False,68.99999999999272,62.0,6.999999999992724,23.799999999999976,68.99999999999272,7.259999999998398,32,0,144,Explotacion activa
700,5,GA,poblacional,24101.0,24101.0,True,False,68.99999999999272,62.0,6.999999999992724,34.0,68.99999999999272,7.19999999999709,33,0,145,Explotacion activa
701,5,GA,poblacional,24101.0,24101.0,True,False,68.99999999999272,62.0,6.999999999992724,34.0,68.99999999999272,7.19999999999709,34,0,146,Explotacion activa
702,5,GA,poblacional,24101.0,24101.0,True,False,68.99999999999272,62.0,6.999999999992724,34.0,68.99999999999272,7.19999999999709,35,0,147,Explotacion activa
703,5,GA,poblacional,24101.0,24101.0,True,False,68.99999999999272,62.0,6.999999999992724,34.0,68.99999999999272,7.19999999999709,36,0,148,Explotacion activa
704,5,GA,poblacional,24253.0,24253.0,True,False,220.79999999998836,214.0,6.7999999999883585,34.0,68.99999999999272,7.19999999999709,0,0,149,Explotacion activa
705,5,GA,poblacional,24253.0,24253.0,True,False,220.79999999998836,214.0,6.7999999999883585,34.0,68.99999999999272,7.19999999999709,1,0,150,Explotacion activa
706,5,GA,poblacional,24253.0,24253.0,True,False,220.79999999998836,214.0,6.7999999999883585,34.0,68.99999999999272,7.19999999999709,2,0,151,Explotacion activa
707,5,GA,poblacional,24253.0,24253.0,True,False,220.79999999998836,214.0,6.7999999999883585,34.0,68.99999999999272,7.19999999999709,3,0,152,Explotacion activa
708,5,GA,poblacional,24253.0,24253.0,True,False,220.79999999998836,214.0,6.7999999999883585,34.0,68.99999999999272,7.19999999999709,4,0,153,Explotacion activa
709,5,GA,poblacional,24253.0,24253.0,True,False,220.79999999998836,214.0,6.7999999999883585,34.0,68.99999999999272,7.19999999999709,5,0,154,Explotacion activa
710,5,GA,poblacional,24253.0,24253.0,True,False,220.79999999998836,214.0,6.7999999999883585,34.0,68.99999999999272,7.19999999999709,6,0,155,Explotacion activa
711,5,GA,poblacional,24253.0,24253.0,True,False,220.79999999998836,214.0,6.7999999999883585,34.0,68.99999999999272,7.19999999999709,7,0,156,Explotacion activa
712,5,GA,poblacional,24253.0,24253.0,True,False,220.79999999998836,214.0,6.7999999999883585,34.0,68.99999999999272,7.19999999999709,8,0,157,Explotacion activa
713,5,GA,poblacional,24253.0,24253.0,True,False,220.79999999998836,214.0,6.7999999999883585,34.0,68.99999999999272,7.19999999999709,9,0,158,Explotacion activa
714,5,GA,poblacional,24253.0,24253.0,True,False,220.79999999998836,214.0,6.7999999999883585,34.0,68.99999999999272,7.19999999999709,10,0,159,Explotacion activa
715,5,GA,poblacional,24253.0,24253.0,True,False,220.79999999998836,214.0,6.7999999999883585,34.0,68.99999999999272,7.19999999999709,11,0,160,Explotacion activa
716,5,GA,poblacional,24253.0,24253.0,True,False,220.79999999998836,214.0,6.7999999999883585,34.0,68.99999999999272,7.19999999999709,12,0,161,Explotacion activa
717,5,GA,poblacional,24253.0,24253.0,True,False,220.79999999998836,214.0,6.7999999999883585,34.0,68.99999999999272,7.19999999999709,13,0,162,Explotacion activa
718,5,GA,poblacional,24253.0,24253.0,True,False,220.79999999998836,214.0,6.7999999999883585,34.0,68.99999999999272,7.19999999999709,14,0,163,Explotacion activa
719,5,GA,poblacional,24253.0,24253.0,True,False,220.79999999998836,214.0,6.7999999999883585,34.0,68.99999999999272,7.19999999999709,15,0,164,Explotacion activa
720,5,GA,poblacional,24253.0,24253.0,True,False,220.79999999998836,214.0,6.7999999999883585,34.0,68.99999999999272,7.19999999999709,16,0,165,Explotacion activa
721,5,GA,poblacional,24253.0,24253.0,True,False,220.79999999998836,214.0,6.7999999999883585,34.0,68.99999999999272,7.19999999999709,17,0,166,Explotacion activa
722,5,GA,poblacional,24253.0,24253.0,True,False,220.79999999999563,214.0,6.799999999995634,34.0,68.99999999999272,7.19999999999709,18,0,167,Explotacion activa
723,5,GA,poblacional,24253.0,24253.0,True,False,220.79999999999563,214.0,6.799999999995634,34.0,68.99999999999272,7.19999999999709,19,0,168,Explotacion activa
724,5,GA,poblacional,24253.0,24253.0,True,False,220.79999999999563,214.0,6.799999999995634,34.0,68.99999999999272,7.19999999999709,20,0,169,Explotacion activa
725,5,GA,poblacional,24253.0,24253.0,True,False,186.99999999999272,180.0,6.999999999992724,34.0,68.99999999999272,7.19999999999709,21,0,170,Explotacion activa
726,5,GA,poblacional,24253.0,24253.0,True,False,186.99999999999272,180.0,6.999999999992724,34.0,68.99999999999272,7.19999999999709,22,0,171,Explotacion activa
727,5,GA,poblacional,24253.0,24253.0,True,False,186.99999999999272,180.0,6.999999999992724,34.0,68.99999999999272,7.19999999999709,23,0,172,Explotacion activa
728,5,GA,poblacional,24253.0,24253.0,True,False,186.99999999999272,180.0,6.999999999992724,34.0,68.99999999999272,7.19999999999709,24,0,173,Explotacion activa
729,5,GA,poblacional,24253.0,24253.0,True,False,186.99999999999272,180.0,6.999999999992724,34.0,68.99999999999272,7.19999999999709,25,0,174,Explotacion activa
730,5,GA,poblacional,24253.0,24253.0,True,False,186.99999999999272,180.0,6.999999999992724,34.0,68.99999999999272,7.19999999999709,26,0,175,Explotacion activa
731,5,GA,poblacional,24253.0,24253.0,True,False,186.99999999999272,180.0,6.999999999992724,34.0,68.99999999999272,7.19999999999709,27,0,176,Explotacion activa
732,5,GA,poblacional,24253.0,24253.0,True,False,186.99999999999272,180.0,6.999999999992724,34.0,68.99999999999272,7.19999999999709,28,0,177,Explotacion activa
733,5,GA,poblacional,24253.0,24253.0,True,False,186.99999999999272,180.0,6.999999999992724,34.0,68.99999999999272,7.19999999999709,29,0,178,Explotacion activa
734,5,GA,poblacional,24253.0,24253.0,True,False,186.99999999999272,180.0,6.999999999992724,34.0,68.99999999999272,7.19999999999709,30,0,179,Explotacion activa
735,5,GA,poblacional,24253.0,24253.0,True,False,186.99999999999272,180.0,6.999999999992724,34.0,127.99999999999272,7.19999999999709,31,0,180,Explotacion activa
736,5,GA,poblacional,24253.0,24253.0,True,False,186.99999999999272,180.0,6.999999999992724,34.0,186.99999999999272,7.19999999999709,32,0,181,Explotacion activa
737,5,GA,poblacional,24253.0,24253.0,True,False,186.99999999999272,180.0,6.999999999992724,34.0,186.99999999999272,7.19999999999709,33,0,182,Explotacion activa
738,5,GA,poblacional,24253.0,24253.0,True,False,186.99999999999272,180.0,6.999999999992724,34.0,186.99999999999272,7.19999999999709,34,0,183,Explotacion activa
739,5,GA,poblacional,24253.0,24253.0,True,False,186.99999999999272,180.0,6.999999999992724,34.0,186.99999999999272,7.19999999999709,35,0,184,Explotacion activa
740,5,GA,poblacional,24253.0,24253.0,True,False,187.00000000000728,180.0,7.000000000007276,34.0,186.99999999999272,7.19999999999709,36,0,185,Explotacion activa
741,5,GA,poblacional,24253.0,24253.0,True,False,159.1999999999971,152.0,7.19999999999709,34.0,186.99999999999272,7.19999999999709,37,0,186,Explotacion activa
742,5,GA,poblacional,24253.0,24253.0,True,False,159.1999999999971,152.0,7.19999999999709,34.0,186.99999999999272,7.19999999999709,38,0,187,Explotacion activa
743,5,GA,poblacional,24253.0,24253.0,True,False,159.1999999999971,152.0,7.19999999999709,34.0,186.99999999999272,7.19999999999709,39,0,188,Explotacion activa
744,5,GA,poblacional,24253.0,24253.0,True,False,159.1999999999971,152.0,7.19999999999709,34.0,186.99999999999272,7.19999999999709,40,0,189,Explotacion activa
745,5,GA,poblacional,24253.0,24253.0,True,False,159.1999999999971,152.0,7.19999999999709,34.0,186.99999999999272,7.19999999999709,41,0,190,Explotacion activa
746,5,GA,poblacional,24253.0,24253.0,True,False,159.1999999999971,152.0,7.19999999999709,34.0,186.99999999999272,7.19999999999709,42,0,191,Explotacion activa
747,5,GA,poblacional,24253.0,24253.0,True,False,159.1999999999971,152.0,7.19999999999709,34.0,186.99999999999272,7.19999999999709,43,0,192,Explotacion activa
748,5,GA,poblacional,24253.0,24253.0,True,False,159.1999999999971,152.0,7.19999999999709,34.0,186.99999999999272,7.19999999999709,44,0,193,Explotacion activa
749,5,GA,poblacional,24253.0,24253.0,True,False,159.1999999999971,152.0,7.19999999999709,34.0,186.99999999999272,7.19999999999709,45,0,194,Explotacion activa
750,5,GA,poblacional,24253.0,24253.0,True,False,159.1999999999971,152.0,7.19999999999709,34.0,186.99999999999272,7.19999999999709,46,0,195,Explotacion activa
751,5,GA,poblacional,24253.0,24253.0,True,False,159.1999999999971,152.0,7.19999999999709,42.39999999999992,178.65999999999372,7.19999999999709,47,0,196,Explotacion activa
752,5,GA,poblacional,24253.0,24253.0,True,False,159.1999999999971,152.0,7.19999999999709,50.80000000000004,170.3199999999951,7.19999999999709,48,0,197,Explotacion activa
753,5,GA,poblacional,24253.0,24253.0,True,False,159.1999999999971,152.0,7.19999999999709,59.19999999999996,161.9799999999965,7.19999999999709,49,0,198,Explotacion activa
754,5,GA,poblacional,24253.0,24253.0,True,False,159.1999999999971,152.0,7.19999999999709,62.0,159.1999999999971,7.19999999999709,50,0,199,Explotacion activa
755,5,GA,poblacional,24253.0,24253.0,True,False,159.1999999999971,152.0,7.19999999999709,62.0,159.1999999999971,7.19999999999709,51,0,200,Explotacion activa
756,5,GA,poblacional,24253.0,24253.0,True,False,159.1999999999971,152.0,7.19999999999709,62.0,159.1999999999971,7.19999999999709,52,0,201,Explotacion activa
757,5,GA,poblacional,24253.0,24253.0,True,False,159.1999999999971,152.0,7.19999999999709,62.0,159.1999999999971,7.19999999999709,53,0,202,Explotacion activa
758,5,GA,poblacional,24253.0,24253.0,True,False,159.1999999999971,152.0,7.19999999999709,62.0,159.1999999999971,7.19999999999709,54,0,203,Explotacion activa
759,5,GA,poblacional,24253.0,24253.0,True,False,159.1999999999971,152.0,7.19999999999709,62.0,159.1999999999971,7.19999999999709,55,0,204,Explotacion activa
760,5,GA,poblacional,24253.0,24253.0,True,False,159.1999999999971,152.0,7.19999999999709,62.0,159.1999999999971,7.19999999999709,56,0,205,Explotacion activa
761,5,GA,poblacional,24253.0,24253.0,True,False,159.1999999999971,152.0,7.19999999999709,62.0,159.1999999999971,7.19999999999709,57,0,206,Explotacion activa
762,5,GA,poblacional,24253.0,24253.0,True,False,159.1999999999971,152.0,7.19999999999709,62.0,159.1999999999971,7.19999999999709,58,0,207,Explotacion activa
763,5,GA,poblacional,24253.0,24253.0,True,False,159.1999999999971,152.0,7.19999999999709,62.0,159.1999999999971,7.19999999999709,59,0,208,Explotacion activa
764,5,GA,poblacional,24253.0,24253.0,True,False,159.1999999999971,152.0,7.19999999999709,62.0,159.1999999999971,7.19999999999709,60,0,209,Explotacion activa
765,5,GA,poblacional,24253.0,24253.0,True,False,159.1999999999971,152.0,7.19999999999709,62.0,159.1999999999971,7.19999999999709,61,0,210,Explotacion activa
766,5,GA,poblacional,24253.0,24253.0,True,False,159.1999999999971,152.0,7.19999999999709,62.0,159.1999999999971,7.19999999999709,62,0,211,Explotacion activa
767,5,GA,poblacional,24253.0,24253.0,True,False,159.1999999999971,152.0,7.19999999999709,62.0,159.1999999999971,7.19999999999709,63,0,212,Explotacion activa
768,5,GA,poblacional,24253.0,24253.0,True,False,159.1999999999971,152.0,7.19999999999709,62.0,159.1999999999971,7.19999999999709,64,0,213,Explotacion activa
769,5,GA,poblacional,24253.0,24253.0,True,False,159.1999999999971,152.0,7.19999999999709,62.0,159.1999999999971,7.19999999999709,65,0,214,Explotacion activa
770,5,GA,poblacional,24253.0,24253.0,True,False,159.1999999999971,152.0,7.19999999999709,62.0,159.1999999999971,7.19999999999709,66,0,215,Explotacion activa
771,5,GA,poblacional,24253.0,24253.0,True,False,159.1999999999971,152.0,7.19999999999709,62.0,159.1999999999971,7.19999999999709,67,0,216,Explotacion activa
772,5,GA,poblacional,24253.0,24253.0,True,False,159.1999999999971,152.0,7.19999999999709,62.0,159.1999999999971,7.19999999999709,68,0,217,Explotacion activa
773,5,GA,poblacional,24253.0,24253.0,True,False,159.1999999999971,152.0,7.19999999999709,62.0,159.1999999999971,7.19999999999709,69,0,218,Explotacion activa
774,5,GA,poblacional,24253.0,24253.0,True,False,159.1999999999971,152.0,7.19999999999709,62.0,159.1999999999971,7.19999999999709,70,0,219,Explotacion activa
775,5,GA,poblacional,24253.0,24253.0,True,False,159.1999999999971,152.0,7.19999999999709,62.0,159.1999999999971,7.19999999999709,71,0,220,Explotacion activa
776,5,GA,poblacional,24253.0,24253.0,True,False,159.1999999999971,152.0,7.19999999999709,62.0,159.1999999999971,7.19999999999709,72,0,221,Explotacion activa
777,5,GA,poblacional,24253.0,24253.0,True,False,159.20000000000437,152.0,7.200000000004366,62.0,159.1999999999971,7.19999999999709,73,0,222,Explotacion activa
778,5,GA,poblacional,24253.0,24253.0,True,False,7.400000000001455,0.0,7.400000000001455,62.0,159.1999999999971,7.19999999999709,74,1,223,Explotacion activa
779,5,GA,poblacional,24253.0,24253.0,True,False,7.400000000001455,0.0,7.400000000001455,62.0,159.1999999999971,7.19999999999709,75,2,224,Explotacion activa
780,5,GA,poblacional,24253.0,24253.0,True,False,7.400000000001455,0.0,7.400000000001455,62.0,159.1999999999971,7.19999999999709,76,3,225,Explotacion activa
781,5,GA,poblacional,24253.0,24253.0,True,False,7.400000000001455,0.0,7.400000000001455,62.0,159.1999999999971,7.19999999999709,77,4,226,Explotacion activa
782,5,GA,poblacional,24253.0,24253.0,True,False,7.400000000001455,0.0,7.400000000001455,62.0,159.1999999999971,7.19999999999709,78,5,227,Explotacion activa
783,5,GA,poblacional,24253.0,24253.0,True,False,7.400000000001455,0.0,7.400000000001455,62.0,159.1999999999971,7.19999999999709,79,6,228,Explotacion activa
784,5,GA,poblacional,24253.0,24253.0,True,False,7.400000000001455,0.0,7.400000000001455,62.0,159.1999999999971,7.19999999999709,80,7,229,Explotacion activa
785,5,GA,poblacional,24253.0,24253.0,True,False,7.400000000001455,0.0,7.400000000001455,62.0,159.1999999999971,7.19999999999709,81,8,230,Explotacion activa
786,5,GA,poblacional,24253.0,24253.0,True,False,7.400000000001455,0.0,7.400000000001455,62.0,159.1999999999971,7.19999999999709,82,9,231,Explotacion activa
787,5,GA,poblacional,24253.0,24253.0,True,False,7.400000000001455,0.0,7.400000000001455,62.0,159.1999999999971,7.19999999999709,83,10,232,Explotacion activa
788,5,GA,poblacional,24253.0,24253.0,True,False,7.400000000001455,0.0,7.400000000001455,45.19999999999996,159.1999999999971,7.19999999999709,84,11,233,Explotacion activa
789,5,GA,poblacional,24253.0,24253.0,True,False,7.400000000001455,0.0,7.400000000001455,34.0,159.1999999999971,7.19999999999709,85,12,234,Explotacion activa
790,5,GA,poblacional,24253.0,24253.0,True,False,7.400000000001455,0.0,7.400000000001455,34.0,159.1999999999971,7.19999999999709,86,13,235,Explotacion activa
791,5,GA,poblacional,24253.0,24253.0,True,False,7.400000000001455,0.0,7.400000000001455,34.0,159.1999999999971,7.19999999999709,87,14,236,Explotacion activa
792,5,GA,poblacional,24253.0,24253.0,True,False,7.400000000001455,0.0,7.400000000001455,34.0,159.1999999999971,7.19999999999709,88,15,237,Explotacion activa
793,5,GA,poblacional,24253.0,24253.0,True,False,7.400000000001455,0.0,7.400000000001455,34.0,159.1999999999971,7.19999999999709,89,16,238,Explotacion activa
794,5,GA,poblacional,24253.0,24253.0,True,False,7.400000000001455,0.0,7.400000000001455,34.0,159.1999999999971,7.19999999999709,90,17,239,Explotacion activa
795,5,GA,poblacional,24253.0,24253.0,True,False,7.400000000001455,0.0,7.400000000001455,34.0,159.1999999999971,7.19999999999709,91,18,240,Explotacion activa
796,5,GA,poblacional,24253.0,24253.0,True,False,7.400000000001455,0.0,7.400000000001455,34.0,159.1999999999971,7.19999999999709,92,19,241,Explotacion activa
797,5,GA,poblacional,24253.0,24253.0,True,False,7.400000000001455,0.0,7.400000000001455,34.0,159.1999999999971,7.19999999999709,93,20,242,Explotacion activa
798,5,GA,poblacional,24253.0,24253.0,True,False,7.400000000001455,0.0,7.400000000001455,34.0,159.1999999999971,7.19999999999709,94,21,243,Explotacion activa
799,5,GA,poblacional,24253.0,24253.0,True,False,7.400000000001455,0.0,7.400000000001455,34.0,159.1999999999971,7.19999999999709,95,22,244,Explotacion activa
800,5,GA,poblacional,24253.0,24253.0,True,False,7.400000000001455,0.0,7.400000000001455,34.0,159.1999999999971,7.19999999999709,96,23,245,Explotacion activa
801,5,GA,poblacional,24253.0,24253.0,True,False,7.400000000001455,0.0,7.400000000001455,34.0,159.1999999999971,7.19999999999709,97,24,246,Explotacion activa
802,5,GA,poblacional,24253.0,24253.0,True,True,7.400000000001455,0.0,7.400000000001455,34.0,159.1999999999971,7.19999999999709,98,25,247,ESTANCAMIENTO (Fire)
803,6,SA,trayectoria,24253.0,21004.0,False,False,,,,,,,0,0,1,Llenando ventana
804,6,SA,trayectoria,24253.0,21267.0,False,False,,,,,,,1,0,2,Llenando ventana
805,6,SA,trayectoria,24253.0,21721.0,False,False,,,,,,,2,0,3,Llenando ventana
806,6,SA,trayectoria,24253.0,21353.0,False,False,,,,,,,3,0,4,Llenando ventana
807,6,SA,trayectoria,24253.0,21656.0,False,False,,,,,,,4,0,5,Llenando ventana
808,6,SA,trayectoria,24253.0,21514.0,False,False,,,,,,,5,0,6,Llenando ventana
809,6,SA,trayectoria,24253.0,21584.0,False,False,,,,,,,6,0,7,Llenando ventana
810,6,SA,trayectoria,24253.0,22013.0,False,False,,,,,,,7,0,8,Llenando ventana
811,6,SA,trayectoria,24253.0,21924.0,False,False,,,,,,,8,0,9,Llenando ventana
812,6,SA,trayectoria,24253.0,22471.0,False,False,,,,,,,9,0,10,Llenando ventana
813,6,SA,trayectoria,24253.0,21336.0,False,False,,,,,,,10,0,11,Llenando ventana
814,6,SA,trayectoria,24253.0,22090.0,False,False,,,,,,,11,0,12,Llenando ventana
815,6,SA,trayectoria,24253.0,21169.0,False,False,,,,,,,12,0,13,Llenando ventana
816,6,SA,trayectoria,24253.0,21791.0,False,False,,,,,,,13,0,14,Llenando ventana
817,6,SA,trayectoria,24253.0,21152.0,False,False,,,,,,,14,0,15,Llenando ventana
818,6,SA,trayectoria,24253.0,21458.0,False,False,,,,,,,15,0,16,Llenando ventana
819,6,SA,trayectoria,24253.0,21176.0,False,False,,,,,,,16,0,17,Llenando ventana
820,6,SA,trayectoria,24253.0,22493.0,False,False,,,,,,,17,0,18,Llenando ventana
821,6,SA,trayectoria,24253.0,20690.0,False,False,,,,,,,18,0,19,Llenando ventana
822,6,SA,trayectoria,24253.0,21858.0,False,False,,,,,,,19,0,20,Llenando ventana
823,6,SA,trayectoria,24253.0,21924.0,False,False,,,,,,,20,0,21,Llenando ventana
824,6,SA,trayectoria,24253.0,21576.0,False,False,,,,,,,21,0,22,Llenando ventana
825,6,SA,trayectoria,24253.0,21964.0,False,False,,,,,,,22,0,23,Llenando ventana
826,6,SA,trayectoria,24253.0,21937.0,False,False,,,,,,,23,0,24,Llenando ventana
827,6,SA,trayectoria,24253.0,22438.0,False,False,,,,,,,24,0,25,Llenando ventana
828,6,SA,trayectoria,24253.0,21015.0,False,False,,,,,,,25,0,26,Llenando ventana
829,6,SA,trayectoria,24253.0,20212.0,False,False,,,,,,,26,0,27,Llenando ventana
830,6,SA,trayectoria,24253.0,21122.0,False,False,,,,,,,27,0,28,Llenando ventana
831,6,SA,trayectoria,24253.0,21469.0,False,False,,,,,,,28,0,29,Llenando ventana
832,6,SA,trayectoria,24253.0,22183.0,False,False,,,,,,,29,0,30,Llenando ventana
833,6,SA,trayectoria,24253.0,21839.0,False,False,,,,,,,30,0,31,Llenando ventana
834,6,SA,trayectoria,24253.0,21496.0,False,False,,,,,,,31,0,32,Llenando ventana
835,6,SA,trayectoria,24253.0,22144.0,False,False,,,,,,,32,0,33,Llenando ventana
836,6,SA,trayectoria,24253.0,20707.0,False,False,,,,,,,33,0,34,Llenando ventana
837,6,SA,trayectoria,24253.0,20640.0,False,False,,,,,,,34,0,35,Llenando ventana
838,6,SA,trayectoria,24253.0,22071.0,False,False,,,,,,,35,0,36,Llenando ventana
839,6,SA,trayectoria,24253.0,21032.0,False,False,,,,,,,36,0,37,Llenando ventana
840,6,SA,trayectoria,24253.0,20834.0,False,False,,,,,,,37,0,38,Llenando ventana
841,6,SA,trayectoria,24253.0,21846.0,False,False,,,,,,,38,0,39,Llenando ventana
842,6,SA,trayectoria,24253.0,21181.0,False,False,,,,,,,39,0,40,Llenando ventana
843,6,SA,trayectoria,24253.0,21923.0,False,False,,,,,,,40,0,41,Llenando ventana
844,6,SA,trayectoria,24253.0,22818.0,False,False,,,,,,,41,0,42,Llenando ventana
845,6,SA,trayectoria,24253.0,20979.0,False,False,,,,,,,42,0,43,Llenando ventana
846,6,SA,trayectoria,24253.0,21276.0,False,False,,,,,,,43,0,44,Llenando ventana
847,6,SA,trayectoria,24253.0,22113.0,False,False,,,,,,,44,0,45,Llenando ventana
848,6,SA,trayectoria,24253.0,21369.0,False,False,,,,,,,45,0,46,Llenando ventana
849,6,SA,trayectoria,24253.0,22193.0,False,False,,,,,,,46,0,47,Llenando ventana
850,6,SA,trayectoria,24253.0,20565.0,False,False,,,,,,,47,0,48,Llenando ventana
851,6,SA,trayectoria,24253.0,21299.0,False,False,,,,,,,48,0,49,Llenando ventana
852,6,SA,trayectoria,24253.0,21210.0,False,False,,,,,,,49,0,50,Llenando ventana
853,6,SA,trayectoria,24253.0,22891.0,False,False,,,,,,,50,0,51,Llenando ventana
854,6,SA,trayectoria,24253.0,21728.0,False,False,,,,,,,51,0,52,Llenando ventana
855,6,SA,trayectoria,24253.0,20849.0,False,False,,,,,,,52,0,53,Llenando ventana
856,6,SA,trayectoria,24253.0,21960.0,False,False,,,,,,,53,0,54,Llenando ventana
857,6,SA,trayectoria,24253.0,21971.0,False,False,,,,,,,54,0,55,Llenando ventana
858,6,SA,trayectoria,24253.0,21528.0,False,False,,,,,,,55,0,56,Llenando ventana
859,6,SA,trayectoria,24253.0,21901.0,False,False,,,,,,,56,0,57,Llenando ventana
860,6,SA,trayectoria,24253.0,21724.0,False,False,,,,,,,57,0,58,Llenando ventana
861,6,SA,trayectoria,24253.0,21271.0,False,False,,,,,,,58,0,59,Llenando ventana
862,6,SA,trayectoria,24253.0,22607.0,False,False,,,,,,,59,0,60,Llenando ventana
863,6,SA,trayectoria,24253.0,22418.0,False,False,,,,,,,60,0,61,Llenando ventana
864,6,SA,trayectoria,24253.0,21744.0,False,False,,,,,,,61,0,62,Llenando ventana
865,6,SA,trayectoria,24253.0,20936.0,False,False,,,,,,,62,0,63,Llenando ventana
866,6,SA,trayectoria,24253.0,22832.0,False,False,,,,,,,63,0,64,Llenando ventana
867,6,SA,trayectoria,24253.0,21792.0,False,False,,,,,,,64,0,65,Llenando ventana
868,6,SA,trayectoria,24253.0,21057.0,False,False,,,,,,,65,0,66,Llenando ventana
869,6,SA,trayectoria,24253.0,21444.0,False,False,,,,,,,66,0,67,Llenando ventana
870,6,SA,trayectoria,24253.0,22088.0,False,False,,,,,,,67,0,68,Llenando ventana
871,6,SA,trayectoria,24253.0,21920.0,False,False,,,,,,,68,0,69,Llenando ventana
872,6,SA,trayectoria,24253.0,22472.0,False,False,,,,,,,69,0,70,Llenando ventana
873,6,SA,trayectoria,24253.0,21419.0,False,False,,,,,,,70,0,71,Llenando ventana
874,6,SA,trayectoria,24253.0,21331.0,False,False,,,,,,,71,0,72,Llenando ventana
875,6,SA,trayectoria,24253.0,21159.0,False,False,,,,,,,72,0,73,Llenando ventana
876,6,SA,trayectoria,24253.0,21710.0,False,False,,,,,,,73,0,74,Llenando ventana
877,6,SA,trayectoria,24253.0,22527.0,True,False,7.400000000001455,0.0,7.400000000001455,7.5,37.5,22.5,74,0,75,Explotacion activa
878,6,SA,trayectoria,24253.0,21997.0,True,False,7.400000000001455,0.0,7.400000000001455,7.5,37.5,22.5,75,0,76,Explotacion activa
879,6,SA,trayectoria,24253.0,21453.0,True,False,7.400000000001455,0.0,7.400000000001455,7.5,37.5,22.5,76,0,77,Explotacion activa
880,6,SA,trayectoria,24253.0,22027.0,True,False,7.400000000001455,0.0,7.400000000001455,7.5,37.5,22.5,77,0,78,Explotacion activa
881,6,SA,trayectoria,24253.0,22370.0,True,False,7.400000000001455,0.0,7.400000000001455,7.5,37.5,22.5,78,0,79,Explotacion activa
882,6,SA,trayectoria,24253.0,22331.0,True,False,7.400000000001455,0.0,7.400000000001455,7.5,37.5,22.5,79,0,80,Explotacion activa
883,6,SA,trayectoria,24253.0,21459.0,True,False,7.400000000001455,0.0,7.400000000001455,7.5,37.5,22.5,80,0,81,Explotacion activa
884,6,SA,trayectoria,24253.0,22391.0,True,False,7.400000000001455,0.0,7.400000000001455,7.5,37.5,22.5,81,0,82,Explotacion activa
885,6,SA,trayectoria,24253.0,21511.0,True,False,7.400000000001455,0.0,7.400000000001455,7.5,37.5,22.5,82,0,83,Explotacion activa
886,6,SA,trayectoria,24253.0,22263.0,True,False,7.400000000001455,0.0,7.400000000001455,0.0,7.400000000001455,7.400000000001455,83,1,84,Explotacion activa
887,6,SA,trayectoria,24253.0,21411.0,True,False,7.400000000001455,0.0,7.400000000001455,0.0,7.400000000001455,7.400000000001455,84,2,85,Explotacion activa
888,6,SA,trayectoria,24253.0,22025.0,True,False,7.400000000001455,0.0,7.400000000001455,0.0,7.400000000001455,7.400000000001455,85,3,86,Explotacion activa
889,6,SA,trayectoria,24253.0,21344.0,True,False,7.400000000001455,0.0,7.400000000001455,0.0,7.400000000001455,7.400000000001455,86,4,87,Explotacion activa
890,6,SA,trayectoria,24253.0,22239.0,True,False,7.400000000001455,0.0,7.400000000001455,0.0,7.400000000001455,7.400000000001455,87,5,88,Explotacion activa
891,6,SA,trayectoria,24253.0,22564.0,True,False,7.400000000001455,0.0,7.400000000001455,0.0,7.400000000001455,7.400000000001455,88,6,89,Explotacion activa
892,6,SA,trayectoria,24253.0,21855.0,True,False,7.400000000001455,0.0,7.400000000001455,0.0,7.400000000001455,7.400000000001455,89,7,90,Explotacion activa
893,6,SA,trayectoria,24253.0,22363.0,True,False,7.400000000001455,0.0,7.400000000001455,0.0,7.400000000001455,7.400000000001455,90,8,91,Explotacion activa
894,6,SA,trayectoria,24253.0,22677.0,True,False,7.400000000001455,0.0,7.400000000001455,0.0,7.400000000001455,7.400000000001455,91,9,92,Explotacion activa
895,6,SA,trayectoria,24253.0,22031.0,True,False,7.400000000001455,0.0,7.400000000001455,0.0,7.400000000001455,7.400000000001455,92,10,93,Explotacion activa
896,6,SA,trayectoria,24253.0,22015.0,True,False,7.400000000001455,0.0,7.400000000001455,0.0,7.400000000001455,7.400000000001455,93,11,94,Explotacion activa
897,6,SA,trayectoria,24253.0,22244.0,True,False,7.400000000001455,0.0,7.400000000001455,0.0,7.400000000001455,7.400000000001455,94,12,95,Explotacion activa
898,6,SA,trayectoria,24253.0,22274.0,True,False,7.400000000001455,0.0,7.400000000001455,0.0,7.400000000001455,7.400000000001455,95,13,96,Explotacion activa
899,6,SA,trayectoria,24253.0,22573.0,True,False,7.400000000001455,0.0,7.400000000001455,0.0,7.400000000001455,7.400000000001455,96,14,97,Explotacion activa
900,6,SA,trayectoria,24253.0,22407.0,True,False,7.400000000001455,0.0,7.400000000001455,0.0,7.400000000001455,7.400000000001455,97,15,98,Explotacion activa
901,6,SA,trayectoria,24253.0,23225.0,True,False,7.400000000001455,0.0,7.400000000001455,0.0,7.400000000001455,7.400000000001455,98,16,99,Explotacion activa
902,6,SA,trayectoria,24253.0,22627.0,True,False,7.400000000001455,0.0,7.400000000001455,0.0,7.400000000001455,7.400000000001455,99,17,100,Explotacion activa
903,6,SA,trayectoria,24253.0,22755.0,True,False,7.400000000001455,0.0,7.400000000001455,0.0,7.400000000001455,7.400000000001455,100,18,101,Explotacion activa
904,6,SA,trayectoria,24253.0,22755.0,True,False,7.400000000001455,0.0,7.400000000001455,0.0,7.400000000001455,7.400000000001455,101,19,102,Explotacion activa
905,6,SA,trayectoria,24253.0,23001.0,True,False,7.400000000001455,0.0,7.400000000001455,0.0,7.400000000001455,7.400000000001455,102,20,103,Explotacion activa
906,6,SA,trayectoria,24253.0,22788.0,True,False,7.400000000001455,0.0,7.400000000001455,0.0,7.400000000001455,7.400000000001455,103,21,104,Explotacion activa
907,6,SA,trayectoria,24253.0,22675.0,True,False,7.400000000001455,0.0,7.400000000001455,0.0,7.400000000001455,7.400000000001455,104,22,105,Explotacion activa
908,6,SA,trayectoria,24253.0,22454.0,True,False,7.400000000001455,0.0,7.400000000001455,0.0,7.400000000001455,7.400000000001455,105,23,106,Explotacion activa
909,6,SA,trayectoria,24253.0,22851.0,True,False,7.400000000001455,0.0,7.400000000001455,0.0,7.400000000001455,7.400000000001455,106,24,107,Explotacion activa
910,6,SA,trayectoria,24253.0,22696.0,True,True,7.400000000001455,0.0,7.400000000001455,0.0,7.400000000001455,7.400000000001455,107,25,108,ESTANCAMIENTO (Fire)
911,7,ACO,poblacional,24253.0,21294.0,False,False,,,,,,,0,0,1,Llenando ventana
912,7,ACO,poblacional,24253.0,22212.0,False,False,,,,,,,1,0,2,Llenando ventana
913,7,ACO,poblacional,24253.0,23182.0,False,False,,,,,,,2,0,3,Llenando ventana
914,7,ACO,poblacional,24253.0,21490.0,False,False,,,,,,,3,0,4,Llenando ventana
915,7,ACO,poblacional,24253.0,21608.0,False,False,,,,,,,4,0,5,Llenando ventana
916,7,ACO,poblacional,24253.0,21596.0,False,False,,,,,,,5,0,6,Llenando ventana
917,7,ACO,poblacional,24253.0,22743.0,False,False,,,,,,,6,0,7,Llenando ventana
918,7,ACO,poblacional,24253.0,22556.0,False,False,,,,,,,7,0,8,Llenando ventana
919,7,ACO,poblacional,24253.0,22272.0,False,False,,,,,,,8,0,9,Llenando ventana
920,7,ACO,poblacional,24253.0,22481.0,False,False,,,,,,,9,0,10,Llenando ventana
921,7,ACO,poblacional,24253.0,23109.0,False,False,,,,,,,10,0,11,Llenando ventana
922,7,ACO,poblacional,24253.0,23127.0,False,False,,,,,,,11,0,12,Llenando ventana
923,7,ACO,poblacional,24253.0,22927.0,False,False,,,,,,,12,0,13,Llenando ventana
924,7,ACO,poblacional,24253.0,23148.0,False,False,,,,,,,13,0,14,Llenando ventana
925,7,ACO,poblacional,24253.0,22962.0,False,False,,,,,,,14,0,15,Llenando ventana
926,7,ACO,poblacional,24253.0,22778.0,False,False,,,,,,,15,0,16,Llenando ventana
927,7,ACO,poblacional,24253.0,23130.0,False,False,,,,,,,16,0,17,Llenando ventana
928,7,ACO,poblacional,24253.0,23212.0,False,False,,,,,,,17,0,18,Llenando ventana
929,7,ACO,poblacional,24253.0,23663.0,False,False,,,,,,,18,0,19,Llenando ventana
930,7,ACO,poblacional,24253.0,23503.0,False,False,,,,,,,19,0,20,Llenando ventana
931,7,ACO,poblacional,24253.0,23442.0,False,False,,,,,,,20,0,21,Llenando ventana
932,7,ACO,poblacional,24253.0,24051.0,False,False,,,,,,,21,0,22,Llenando ventana
933,7,ACO,poblacional,24253.0,23486.0,False,False,,,,,,,22,0,23,Llenando ventana
934,7,ACO,poblacional,24253.0,23331.0,False,False,,,,,,,23,0,24,Llenando ventana
935,7,ACO,poblacional,24253.0,23535.0,False,False,,,,,,,24,0,25,Llenando ventana
936,7,ACO,poblacional,24253.0,23527.0,False,False,,,,,,,25,0,26,Llenando ventana
937,7,ACO,poblacional,24253.0,23373.0,False,False,,,,,,,26,0,27,Llenando ventana
938,7,ACO,poblacional,24253.0,23481.0,False,False,,,,,,,27,0,28,Llenando ventana
939,7,ACO,poblacional,24253.0,23183.0,False,False,,,,,,,28,0,29,Llenando ventana
940,7,ACO,poblacional,24253.0,23726.0,False,False,,,,,,,29,0,30,Llenando ventana
941,7,ACO,poblacional,24253.0,23250.0,False,False,,,,,,,30,0,31,Llenando ventana
942,7,ACO,poblacional,24253.0,22999.0,False,False,,,,,,,31,0,32,Llenando ventana
943,7,ACO,poblacional,24253.0,23800.0,False,False,,,,,,,32,0,33,Llenando ventana
944,7,ACO,poblacional,24253.0,23770.0,False,False,,,,,,,33,0,34,Llenando ventana
945,7,ACO,poblacional,24253.0,23103.0,False,False,,,,,,,34,0,35,Llenando ventana
946,7,ACO,poblacional,24253.0,24253.0,False,False,,,,,,,35,0,36,Llenando ventana
947,7,ACO,poblacional,24253.0,23765.0,False,False,,,,,,,36,0,37,Llenando ventana
948,7,ACO,poblacional,24253.0,23106.0,False,False,,,,,,,37,0,38,Llenando ventana
949,7,ACO,poblacional,24253.0,23393.0,False,False,,,,,,,38,0,39,Llenando ventana
950,7,ACO,poblacional,24253.0,23779.0,False,False,,,,,,,39,0,40,Llenando ventana
951,7,ACO,poblacional,24253.0,23655.0,False,False,,,,,,,40,0,41,Llenando ventana
952,7,ACO,poblacional,24253.0,23493.0,False,False,,,,,,,41,0,42,Llenando ventana
953,7,ACO,poblacional,24253.0,23522.0,False,False,,,,,,,42,0,43,Llenando ventana
954,7,ACO,poblacional,24253.0,23601.0,False,False,,,,,,,43,0,44,Llenando ventana
955,7,ACO,poblacional,24253.0,23605.0,False,False,,,,,,,44,0,45,Llenando ventana
956,7,ACO,poblacional,24253.0,23587.0,False,False,,,,,,,45,0,46,Llenando ventana
957,7,ACO,poblacional,24253.0,23619.0,False,False,,,,,,,46,0,47,Llenando ventana
958,7,ACO,poblacional,24253.0,23873.0,False,False,,,,,,,47,0,48,Llenando ventana
959,7,ACO,poblacional,24253.0,23288.0,False,False,,,,,,,48,0,49,Llenando ventana
960,7,ACO,poblacional,24253.0,23523.0,False,False,,,,,,,49,0,50,Llenando ventana
961,7,ACO,poblacional,24253.0,23516.0,False,False,,,,,,,50,0,51,Llenando ventana
962,7,ACO,poblacional,24253.0,23492.0,False,False,,,,,,,51,0,52,Llenando ventana
963,7,ACO,poblacional,24253.0,23525.0,False,False,,,,,,,52,0,53,Llenando ventana
964,7,ACO,poblacional,24253.0,23716.0,False,False,,,,,,,53,0,54,Llenando ventana
965,7,ACO,poblacional,24253.0,23376.0,False,False,,,,,,,54,0,55,Llenando ventana
966,7,ACO,poblacional,24253.0,23459.0,False,False,,,,,,,55,0,56,Llenando ventana
967,7,ACO,poblacional,24253.0,23146.0,False,False,,,,,,,56,0,57,Llenando ventana
968,7,ACO,poblacional,24253.0,23571.0,False,False,,,,,,,57,0,58,Llenando ventana
969,7,ACO,poblacional,24253.0,23340.0,False,False,,,,,,,58,0,59,Llenando ventana
970,7,ACO,poblacional,24253.0,23179.0,False,False,,,,,,,59,0,60,Llenando ventana
971,7,ACO,poblacional,24253.0,23200.0,False,False,,,,,,,60,0,61,Llenando ventana
972,7,ACO,poblacional,24253.0,23373.0,False,False,,,,,,,61,0,62,Llenando ventana
973,7,ACO,poblacional,24253.0,23826.0,False,False,,,,,,,62,0,63,Llenando ventana
974,7,ACO,poblacional,24253.0,23539.0,False,False,,,,,,,63,0,64,Llenando ventana
975,7,ACO,poblacional,24253.0,23752.0,False,False,,,,,,,64,0,65,Llenando ventana
976,7,ACO,poblacional,24253.0,24111.0,False,False,,,,,,,65,0,66,Llenando ventana
977,7,ACO,poblacional,24253.0,23683.0,False,False,,,,,,,66,0,67,Llenando ventana
978,7,ACO,poblacional,24253.0,23113.0,False,False,,,,,,,67,0,68,Llenando ventana
979,7,ACO,poblacional,24253.0,23667.0,False,False,,,,,,,68,0,69,Llenando ventana
980,7,ACO,poblacional,24253.0,23452.0,False,False,,,,,,,69,0,70,Llenando ventana
981,7,ACO,poblacional,24253.0,23421.0,False,False,,,,,,,70,0,71,Llenando ventana
982,7,ACO,poblacional,24253.0,23617.0,False,False,,,,,,,71,0,72,Llenando ventana
983,7,ACO,poblacional,24253.0,23398.0,False,False,,,,,,,72,0,73,Llenando ventana
984,7,ACO,poblacional,24253.0,23425.0,False,False,,,,,,,73,0,74,Llenando ventana
985,7,ACO,poblacional,24253.0,23653.0,True,False,7.400000000001455,0.0,7.400000000001455,7.5,37.5,22.5,74,0,75,Explotacion activa
986,7,ACO,poblacional,24253.0,23284.0,True,False,7.400000000001455,0.0,7.400000000001455,7.5,37.5,22.5,75,0,76,Explotacion activa
987,7,ACO,poblacional,24253.0,23650.0,True,False,7.400000000001455,0.0,7.400000000001455,7.5,37.5,22.5,76,0,77,Explotacion activa
988,7,ACO,poblacional,24253.0,23457.0,True,False,7.400000000001455,0.0,7.400000000001455,7.5,37.5,22.5,77,0,78,Explotacion activa
989,7,ACO,poblacional,24253.0,23674.0,True,False,7.400000000001455,0.0,7.400000000001455,7.5,37.5,22.5,78,0,79,Explotacion activa
990,7,ACO,poblacional,24253.0,23645.0,True,False,7.400000000001455,0.0,7.400000000001455,7.5,37.5,22.5,79,0,80,Explotacion activa
991,7,ACO,poblacional,24253.0,23778.0,True,False,7.400000000001455,0.0,7.400000000001455,7.5,37.5,22.5,80,0,81,Explotacion activa
992,7,ACO,poblacional,24253.0,23536.0,True,False,7.400000000001455,0.0,7.400000000001455,7.5,37.5,22.5,81,0,82,Explotacion activa
993,7,ACO,poblacional,24253.0,23474.0,True,False,7.400000000001455,0.0,7.400000000001455,7.5,37.5,22.5,82,0,83,Explotacion activa
994,7,ACO,poblacional,24253.0,22922.0,True,False,7.400000000001455,0.0,7.400000000001455,0.0,7.400000000001455,7.400000000001455,83,1,84,Explotacion activa
995,7,ACO,poblacional,24253.0,23586.0,True,False,7.400000000001455,0.0,7.400000000001455,0.0,7.400000000001455,7.400000000001455,84,2,85,Explotacion activa
996,7,ACO,poblacional,24253.0,23440.0,True,False,7.400000000001455,0.0,7.400000000001455,0.0,7.400000000001455,7.400000000001455,85,3,86,Explotacion activa
997,7,ACO,poblacional,24253.0,23225.0,True,False,7.400000000001455,0.0,7.400000000001455,0.0,7.400000000001455,7.400000000001455,86,4,87,Explotacion activa
998,7,ACO,poblacional,24253.0,23803.0,True,False,7.400000000001455,0.0,7.400000000001455,0.0,7.400000000001455,7.400000000001455,87,5,88,Explotacion activa
999,7,ACO,poblacional,24253.0,23942.0,True,False,7.400000000001455,0.0,7.400000000001455,0.0,7.400000000001455,7.400000000001455,88,6,89,Explotacion activa
1000,7,ACO,poblacional,24253.0,23786.0,True,False,7.400000000001455,0.0,7.400000000001455,0.0,7.400000000001455,7.400000000001455,89,7,90,Explotacion activa
1001,7,ACO,poblacional,24253.0,23498.0,True,False,7.400000000001455,0.0,7.400000000001455,0.0,7.400000000001455,7.400000000001455,90,8,91,Explotacion activa
1002,7,ACO,poblacional,24253.0,23660.0,True,False,7.400000000001455,0.0,7.400000000001455,0.0,7.400000000001455,7.400000000001455,91,9,92,Explotacion activa
1003,7,ACO,poblacional,24253.0,23573.0,True,False,7.400000000001455,0.0,7.400000000001455,0.0,7.400000000001455,7.400000000001455,92,10,93,Explotacion activa
1004,7,ACO,poblacional,24253.0,23536.0,True,False,7.400000000001455,0.0,7.400000000001455,0.0,7.400000000001455,7.400000000001455,93,11,94,Explotacion activa
1005,7,ACO,poblacional,24253.0,23686.0,True,False,7.400000000001455,0.0,7.400000000001455,0.0,7.400000000001455,7.400000000001455,94,12,95,Explotacion activa
1006,7,ACO,poblacional,24253.0,23461.0,True,False,7.400000000001455,0.0,7.400000000001455,0.0,7.400000000001455,7.400000000001455,95,13,96,Explotacion activa
1007,7,ACO,poblacional,24253.0,23886.0,True,False,7.400000000001455,0.0,7.400000000001455,0.0,7.400000000001455,7.400000000001455,96,14,97,Explotacion activa
1008,7,ACO,poblacional,24253.0,23537.0,True,False,7.400000000001455,0.0,7.400000000001455,0.0,7.400000000001455,7.400000000001455,97,15,98,Explotacion activa
1009,7,ACO,poblacional,24253.0,23563.0,True,False,7.400000000001455,0.0,7.400000000001455,0.0,7.400000000001455,7.400000000001455,98,16,99,Explotacion activa
1010,7,ACO,poblacional,24253.0,23635.0,True,False,7.400000000001455,0.0,7.400000000001455,0.0,7.400000000001455,7.400000000001455,99,17,100,Explotacion activa
1011,7,ACO,poblacional,24253.0,23786.0,True,False,7.400000000001455,0.0,7.400000000001455,0.0,7.400000000001455,7.400000000001455,100,18,101,Explotacion activa
1012,7,ACO,poblacional,24253.0,23096.0,True,False,7.400000000001455,0.0,7.400000000001455,0.0,7.400000000001455,7.400000000001455,101,19,102,Explotacion activa
1013,7,ACO,poblacional,24253.0,23224.0,True,False,7.400000000001455,0.0,7.400000000001455,0.0,7.400000000001455,7.400000000001455,102,20,103,Explotacion activa
1014,7,ACO,poblacional,24253.0,24184.0,True,False,7.400000000001455,0.0,7.400000000001455,0.0,7.400000000001455,7.400000000001455,103,21,104,Explotacion activa
1015,7,ACO,poblacional,24253.0,23705.0,True,False,7.400000000001455,0.0,7.400000000001455,0.0,7.400000000001455,7.400000000001455,104,22,105,Explotacion activa
1016,7,ACO,poblacional,24253.0,23190.0,True,False,7.400000000001455,0.0,7.400000000001455,0.0,7.400000000001455,7.400000000001455,105,23,106,Explotacion activa
1017,7,ACO,poblacional,24253.0,23334.0,True,False,7.400000000001455,0.0,7.400000000001455,0.0,7.400000000001455,7.400000000001455,106,24,107,Explotacion activa
1018,7,ACO,poblacional,24253.0,23879.0,True,True,7.400000000001455,0.0,7.400000000001455,0.0,7.400000000001455,7.400000000001455,107,25,108,ESTANCAMIENTO (Fire)
1019,8,ILS,trayectoria,24253.0,24253.0,False,False,,,,,,,0,0,1,Llenando ventana
1020,8,ILS,trayectoria,24253.0,24253.0,False,False,,,,,,,1,0,2,Llenando ventana
1021,8,ILS,trayectoria,24253.0,24253.0,False,False,,,,,,,2,0,3,Llenando ventana
1022,8,ILS,trayectoria,24253.0,24253.0,False,False,,,,,,,3,0,4,Llenando ventana
1023,8,ILS,trayectoria,24253.0,24253.0,False,False,,,,,,,4,0,5,Llenando ventana
1024,8,ILS,trayectoria,24253.0,24253.0,False,False,,,,,,,5,0,6,Llenando ventana
1025,8,ILS,trayectoria,24253.0,24253.0,False,False,,,,,,,6,0,7,Llenando ventana
1026,8,ILS,trayectoria,24253.0,24253.0,False,False,,,,,,,7,0,8,Llenando ventana
1027,8,ILS,trayectoria,24253.0,24253.0,False,False,,,,,,,8,0,9,Llenando ventana
1028,8,ILS,trayectoria,24253.0,24253.0,False,False,,,,,,,9,0,10,Llenando ventana
1029,8,ILS,trayectoria,24253.0,24253.0,False,False,,,,,,,10,0,11,Llenando ventana
1030,8,ILS,trayectoria,24253.0,24253.0,False,False,,,,,,,11,0,12,Llenando ventana
1031,8,ILS,trayectoria,24253.0,24253.0,False,False,,,,,,,12,0,13,Llenando ventana
1032,8,ILS,trayectoria,24253.0,24253.0,False,False,,,,,,,13,0,14,Llenando ventana
1033,8,ILS,trayectoria,24253.0,24253.0,False,False,,,,,,,14,0,15,Llenando ventana
1034,8,ILS,trayectoria,24253.0,24253.0,False,False,,,,,,,15,0,16,Llenando ventana
1035,8,ILS,trayectoria,24253.0,24253.0,False,False,,,,,,,16,0,17,Llenando ventana
1036,8,ILS,trayectoria,24253.0,24253.0,False,False,,,,,,,17,0,18,Llenando ventana
1037,8,ILS,trayectoria,24253.0,24253.0,False,False,,,,,,,18,0,19,Llenando ventana
1038,8,ILS,trayectoria,24253.0,24253.0,False,False,,,,,,,19,0,20,Llenando ventana
1039,8,ILS,trayectoria,24253.0,24253.0,False,False,,,,,,,20,0,21,Llenando ventana
1040,8,ILS,trayectoria,24253.0,24253.0,False,False,,,,,,,21,0,22,Llenando ventana
1041,8,ILS,trayectoria,24253.0,24253.0,False,False,,,,,,,22,0,23,Llenando ventana
1042,8,ILS,trayectoria,24253.0,24253.0,False,False,,,,,,,23,0,24,Llenando ventana
1043,8,ILS,trayectoria,24253.0,24253.0,False,False,,,,,,,24,0,25,Llenando ventana
1044,8,ILS,trayectoria,24253.0,24253.0,False,False,,,,,,,25,0,26,Llenando ventana
1045,8,ILS,trayectoria,24253.0,24253.0,False,False,,,,,,,26,0,27,Llenando ventana
1046,8,ILS,trayectoria,24253.0,24253.0,False,False,,,,,,,27,0,28,Llenando ventana
1047,8,ILS,trayectoria,24253.0,24253.0,False,False,,,,,,,28,0,29,Llenando ventana
1048,8,ILS,trayectoria,24253.0,24253.0,False,False,,,,,,,29,0,30,Llenando ventana
1049,8,ILS,trayectoria,24253.0,24253.0,False,False,,,,,,,30,0,31,Llenando ventana
1050,8,ILS,trayectoria,24253.0,24253.0,False,False,,,,,,,31,0,32,Llenando ventana
1051,8,ILS,trayectoria,24253.0,24253.0,False,False,,,,,,,32,0,33,Llenando ventana
1052,8,ILS,trayectoria,24253.0,24253.0,False,False,,,,,,,33,0,34,Llenando ventana
1053,8,ILS,trayectoria,24253.0,24253.0,False,False,,,,,,,34,0,35,Llenando ventana
1054,8,ILS,trayectoria,24253.0,24253.0,False,False,,,,,,,35,0,36,Llenando ventana
1055,8,ILS,trayectoria,24253.0,24253.0,False,False,,,,,,,36,0,37,Llenando ventana
1056,8,ILS,trayectoria,24253.0,24253.0,False,False,,,,,,,37,0,38,Llenando ventana
1057,8,ILS,trayectoria,24253.0,24253.0,False,False,,,,,,,38,0,39,Llenando ventana
1058,8,ILS,trayectoria,24253.0,24253.0,False,False,,,,,,,39,0,40,Llenando ventana
1059,8,ILS,trayectoria,24253.0,24253.0,False,False,,,,,,,40,0,41,Llenando ventana
1060,8,ILS,trayectoria,24253.0,24253.0,False,False,,,,,,,41,0,42,Llenando ventana
1061,8,ILS,trayectoria,24253.0,24253.0,False,False,,,,,,,42,0,43,Llenando ventana
1062,8,ILS,trayectoria,24253.0,24253.0,False,False,,,,,,,43,0,44,Llenando ventana
1063,8,ILS,trayectoria,24253.0,24253.0,False,False,,,,,,,44,0,45,Llenando ventana
1064,8,ILS,trayectoria,24253.0,24253.0,False,False,,,,,,,45,0,46,Llenando ventana
1065,8,ILS,trayectoria,24253.0,24253.0,False,False,,,,,,,46,0,47,Llenando ventana
1066,8,ILS,trayectoria,24253.0,24253.0,False,False,,,,,,,47,0,48,Llenando ventana
1067,8,ILS,trayectoria,24253.0,24253.0,False,False,,,,,,,48,0,49,Llenando ventana
1068,8,ILS,trayectoria,24253.0,24253.0,False,False,,,,,,,49,0,50,Llenando ventana
1069,8,ILS,trayectoria,24253.0,24253.0,False,False,,,,,,,50,0,51,Llenando ventana
1070,8,ILS,trayectoria,24253.0,24253.0,False,False,,,,,,,51,0,52,Llenando ventana
1071,8,ILS,trayectoria,24253.0,24253.0,False,False,,,,,,,52,0,53,Llenando ventana
1072,8,ILS,trayectoria,24253.0,24253.0,False,False,,,,,,,53,0,54,Llenando ventana
1073,8,ILS,trayectoria,24253.0,24253.0,False,False,,,,,,,54,0,55,Llenando ventana
1074,8,ILS,trayectoria,24253.0,24253.0,False,False,,,,,,,55,0,56,Llenando ventana
1075,8,ILS,trayectoria,24253.0,24253.0,False,False,,,,,,,56,0,57,Llenando ventana
1076,8,ILS,trayectoria,24253.0,24253.0,False,False,,,,,,,57,0,58,Llenando ventana
1077,8,ILS,trayectoria,24253.0,24253.0,False,False,,,,,,,58,0,59,Llenando ventana
1078,8,ILS,trayectoria,24253.0,24253.0,False,False,,,,,,,59,0,60,Llenando ventana
1079,8,ILS,trayectoria,24253.0,24253.0,False,False,,,,,,,60,0,61,Llenando ventana
1080,8,ILS,trayectoria,24253.0,24253.0,False,False,,,,,,,61,0,62,Llenando ventana
1081,8,ILS,trayectoria,24253.0,24253.0,False,False,,,,,,,62,0,63,Llenando ventana
1082,8,ILS,trayectoria,24253.0,24253.0,False,False,,,,,,,63,0,64,Llenando ventana
1083,8,ILS,trayectoria,24253.0,24253.0,False,False,,,,,,,64,0,65,Llenando ventana
1084,8,ILS,trayectoria,24253.0,24253.0,False,False,,,,,,,65,0,66,Llenando ventana
1085,8,ILS,trayectoria,24253.0,24253.0,False,False,,,,,,,66,0,67,Llenando ventana
1086,8,ILS,trayectoria,24253.0,24253.0,False,False,,,,,,,67,0,68,Llenando ventana
1087,8,ILS,trayectoria,24253.0,24253.0,False,False,,,,,,,68,0,69,Llenando ventana
1088,8,ILS,trayectoria,24253.0,24253.0,False,False,,,,,,,69,0,70,Llenando ventana
1089,8,ILS,trayectoria,24253.0,24253.0,False,False,,,,,,,70,0,71,Llenando ventana
1090,8,ILS,trayectoria,24253.0,24253.0,False,False,,,,,,,71,0,72,Llenando ventana
1091,8,ILS,trayectoria,24253.0,24253.0,False,False,,,,,,,72,0,73,Llenando ventana
1092,8,ILS,trayectoria,24253.0,24253.0,False,False,,,,,,,73,0,74,Llenando ventana
1093,8,ILS,trayectoria,24253.0,24253.0,True,False,7.400000000001455,0.0,7.400000000001455,7.5,37.5,22.5,74,0,75,Explotacion activa
1094,8,ILS,trayectoria,24253.0,24253.0,True,False,7.400000000001455,0.0,7.400000000001455,7.5,37.5,22.5,75,0,76,Explotacion activa
1095,8,ILS,trayectoria,24253.0,24253.0,True,False,7.400000000001455,0.0,7.400000000001455,7.5,37.5,22.5,76,0,77,Explotacion activa
1096,8,ILS,trayectoria,24253.0,24253.0,True,False,7.400000000001455,0.0,7.400000000001455,7.5,37.5,22.5,77,0,78,Explotacion activa
1097,8,ILS,trayectoria,24253.0,24253.0,True,False,7.400000000001455,0.0,7.400000000001455,7.5,37.5,22.5,78,0,79,Explotacion activa
1098,8,ILS,trayectoria,24253.0,24253.0,True,False,7.400000000001455,0.0,7.400000000001455,7.5,37.5,22.5,79,0,80,Explotacion activa
1099,8,ILS,trayectoria,24253.0,24253.0,True,False,7.400000000001455,0.0,7.400000000001455,7.5,37.5,22.5,80,0,81,Explotacion activa
1100,8,ILS,trayectoria,24253.0,24253.0,True,False,7.400000000001455,0.0,7.400000000001455,7.5,37.5,22.5,81,0,82,Explotacion activa
1101,8,ILS,trayectoria,24253.0,24253.0,True,False,7.400000000001455,0.0,7.400000000001455,7.5,37.5,22.5,82,0,83,Explotacion activa
1102,8,ILS,trayectoria,24253.0,24253.0,True,False,7.400000000001455,0.0,7.400000000001455,0.0,7.400000000001455,7.400000000001455,83,1,84,Explotacion activa
1103,8,ILS,trayectoria,24253.0,24253.0,True,False,7.400000000001455,0.0,7.400000000001455,0.0,7.400000000001455,7.400000000001455,84,2,85,Explotacion activa
1104,8,ILS,trayectoria,24253.0,24253.0,True,False,7.400000000001455,0.0,7.400000000001455,0.0,7.400000000001455,7.400000000001455,85,3,86,Explotacion activa
1105,8,ILS,trayectoria,24253.0,24253.0,True,False,7.400000000001455,0.0,7.400000000001455,0.0,7.400000000001455,7.400000000001455,86,4,87,Explotacion activa
1106,8,ILS,trayectoria,24253.0,24253.0,True,False,7.400000000001455,0.0,7.400000000001455,0.0,7.400000000001455,7.400000000001455,87,5,88,Explotacion activa
1107,8,ILS,trayectoria,24253.0,24253.0,True,False,7.400000000001455,0.0,7.400000000001455,0.0,7.400000000001455,7.400000000001455,88,6,89,Explotacion activa
1108,8,ILS,trayectoria,24253.0,24253.0,True,False,7.400000000001455,0.0,7.400000000001455,0.0,7.400000000001455,7.400000000001455,89,7,90,Explotacion activa
1109,8,ILS,trayectoria,24253.0,24253.0,True,False,7.400000000001455,0.0,7.400000000001455,0.0,7.400000000001455,7.400000000001455,90,8,91,Explotacion activa
1110,8,ILS,trayectoria,24253.0,24253.0,True,False,7.400000000001455,0.0,7.400000000001455,0.0,7.400000000001455,7.400000000001455,91,9,92,Explotacion activa
1111,8,ILS,trayectoria,24253.0,24253.0,True,False,7.400000000001455,0.0,7.400000000001455,0.0,7.400000000001455,7.400000000001455,92,10,93,Explotacion activa
1112,8,ILS,trayectoria,24253.0,24253.0,True,False,7.400000000001455,0.0,7.400000000001455,0.0,7.400000000001455,7.400000000001455,93,11,94,Explotacion activa
1113,8,ILS,trayectoria,24253.0,24253.0,True,False,7.400000000001455,0.0,7.400000000001455,0.0,7.400000000001455,7.400000000001455,94,12,95,Explotacion activa
1114,8,ILS,trayectoria,24253.0,24253.0,True,False,7.400000000001455,0.0,7.400000000001455,0.0,7.400000000001455,7.400000000001455,95,13,96,Explotacion activa
1115,8,ILS,trayectoria,24253.0,24253.0,True,False,7.400000000001455,0.0,7.400000000001455,0.0,7.400000000001455,7.400000000001455,96,14,97,Explotacion activa
1116,8,ILS,trayectoria,24253.0,24253.0,True,False,7.400000000001455,0.0,7.400000000001455,0.0,7.400000000001455,7.400000000001455,97,15,98,Explotacion activa
1117,8,ILS,trayectoria,24253.0,24253.0,True,False,7.400000000001455,0.0,7.400000000001455,0.0,7.400000000001455,7.400000000001455,98,16,99,Explotacion activa
1118,8,ILS,trayectoria,24253.0,24253.0,True,False,7.400000000001455,0.0,7.400000000001455,0.0,7.400000000001455,7.400000000001455,99,17,100,Explotacion activa
1119,8,ILS,trayectoria,24253.0,24253.0,True,False,7.400000000001455,0.0,7.400000000001455,0.0,7.400000000001455,7.400000000001455,100,18,101,Explotacion activa
1120,8,ILS,trayectoria,24253.0,24253.0,True,False,7.400000000001455,0.0,7.400000000001455,0.0,7.400000000001455,7.400000000001455,101,19,102,Explotacion activa
1121,8,ILS,trayectoria,24253.0,24253.0,True,False,7.400000000001455,0.0,7.400000000001455,0.0,7.400000000001455,7.400000000001455,102,20,103,Explotacion activa
1122,8,ILS,trayectoria,24253.0,24253.0,True,False,7.400000000001455,0.0,7.400000000001455,0.0,7.400000000001455,7.400000000001455,103,21,104,Explotacion activa
1123,8,ILS,trayectoria,24253.0,24253.0,True,False,7.400000000001455,0.0,7.400000000001455,0.0,7.400000000001455,7.400000000001455,104,22,105,Explotacion activa
1124,8,ILS,trayectoria,24253.0,24253.0,True,False,7.400000000001455,0.0,7.400000000001455,0.0,7.400000000001455,7.400000000001455,105,23,106,Explotacion activa
1125,8,ILS,trayectoria,24253.0,24253.0,True,False,7.400000000001455,0.0,7.400000000001455,0.0,7.400000000001455,7.400000000001455,106,24,107,Explotacion activa
1126,8,ILS,trayectoria,24253.0,24253.0,True,True,7.400000000001455,0.0,7.400000000001455,0.0,7.400000000001455,7.400000000001455,107,25,108,ESTANCAMIENTO (Fire)
1127,9,GA,poblacional,24253.0,24253.0,False,False,,,,,,,0,0,1,Llenando ventana
1128,9,GA,poblacional,24253.0,24253.0,False,False,,,,,,,1,0,2,Llenando ventana
1129,9,GA,poblacional,24253.0,24253.0,False,False,,,,,,,2,0,3,Llenando ventana
1130,9,GA,poblacional,24253.0,24253.0,False,False,,,,,,,3,0,4,Llenando ventana
1131,9,GA,poblacional,24253.0,24253.0,False,False,,,,,,,4,0,5,Llenando ventana
1132,9,GA,poblacional,24253.0,24253.0,False,False,,,,,,,5,0,6,Llenando ventana
1133,9,GA,poblacional,24253.0,24253.0,False,False,,,,,,,6,0,7,Llenando ventana
1134,9,GA,poblacional,24253.0,24253.0,False,False,,,,,,,7,0,8,Llenando ventana
1135,9,GA,poblacional,24253.0,24253.0,False,False,,,,,,,8,0,9,Llenando ventana
1136,9,GA,poblacional,24253.0,24253.0,False,False,,,,,,,9,0,10,Llenando ventana
1137,9,GA,poblacional,24253.0,24253.0,False,False,,,,,,,10,0,11,Llenando ventana
1138,9,GA,poblacional,24253.0,24253.0,False,False,,,,,,,11,0,12,Llenando ventana
1139,9,GA,poblacional,24253.0,24253.0,False,False,,,,,,,12,0,13,Llenando ventana
1140,9,GA,poblacional,24253.0,24253.0,False,False,,,,,,,13,0,14,Llenando ventana
1141,9,GA,poblacional,24253.0,24253.0,False,False,,,,,,,14,0,15,Llenando ventana
1142,9,GA,poblacional,24253.0,24253.0,False,False,,,,,,,15,0,16,Llenando ventana
1143,9,GA,poblacional,24253.0,24253.0,False,False,,,,,,,16,0,17,Llenando ventana
1144,9,GA,poblacional,24253.0,24253.0,False,False,,,,,,,17,0,18,Llenando ventana
1145,9,GA,poblacional,24253.0,24253.0,False,False,,,,,,,18,0,19,Llenando ventana
1146,9,GA,poblacional,24253.0,24253.0,False,False,,,,,,,19,0,20,Llenando ventana
1147,9,GA,poblacional,24253.0,24253.0,False,False,,,,,,,20,0,21,Llenando ventana
1148,9,GA,poblacional,24253.0,24253.0,False,False,,,,,,,21,0,22,Llenando ventana
1149,9,GA,poblacional,24253.0,24253.0,False,False,,,,,,,22,0,23,Llenando ventana
1150,9,GA,poblacional,24253.0,24253.0,False,False,,,,,,,23,0,24,Llenando ventana
1151,9,GA,poblacional,24253.0,24253.0,False,False,,,,,,,24,0,25,Llenando ventana
1152,9,GA,poblacional,24253.0,24253.0,False,False,,,,,,,25,0,26,Llenando ventana
1153,9,GA,poblacional,24253.0,24253.0,False,False,,,,,,,26,0,27,Llenando ventana
1154,9,GA,poblacional,24253.0,24253.0,False,False,,,,,,,27,0,28,Llenando ventana
1155,9,GA,poblacional,24253.0,24253.0,False,False,,,,,,,28,0,29,Llenando ventana
1156,9,GA,poblacional,24253.0,24253.0,False,False,,,,,,,29,0,30,Llenando ventana
1157,9,GA,poblacional,24253.0,24253.0,False,False,,,,,,,30,0,31,Llenando ventana
1158,9,GA,poblacional,24253.0,24253.0,False,False,,,,,,,31,0,32,Llenando ventana
1159,9,GA,poblacional,24253.0,24253.0,False,False,,,,,,,32,0,33,Llenando ventana
1160,9,GA,poblacional,24253.0,24253.0,False,False,,,,,,,33,0,34,Llenando ventana
1161,9,GA,poblacional,24253.0,24253.0,False,False,,,,,,,34,0,35,Llenando ventana
1162,9,GA,poblacional,24253.0,24253.0,False,False,,,,,,,35,0,36,Llenando ventana
1163,9,GA,poblacional,24253.0,24253.0,False,False,,,,,,,36,0,37,Llenando ventana
1164,9,GA,poblacional,24253.0,24253.0,False,False,,,,,,,37,0,38,Llenando ventana
1165,9,GA,poblacional,24253.0,24253.0,False,False,,,,,,,38,0,39,Llenando ventana
1166,9,GA,poblacional,24253.0,24253.0,False,False,,,,,,,39,0,40,Llenando ventana
1167,9,GA,poblacional,24253.0,24253.0,False,False,,,,,,,40,0,41,Llenando ventana
1168,9,GA,poblacional,24253.0,24253.0,False,False,,,,,,,41,0,42,Llenando ventana
1169,9,GA,poblacional,24253.0,24253.0,False,False,,,,,,,42,0,43,Llenando ventana
1170,9,GA,poblacional,24253.0,24253.0,False,False,,,,,,,43,0,44,Llenando ventana
1171,9,GA,poblacional,24253.0,24253.0,False,False,,,,,,,44,0,45,Llenando ventana
1172,9,GA,poblacional,24253.0,24253.0,False,False,,,,,,,45,0,46,Llenando ventana
1173,9,GA,poblacional,24253.0,24253.0,False,False,,,,,,,46,0,47,Llenando ventana
1174,9,GA,poblacional,24253.0,24253.0,False,False,,,,,,,47,0,48,Llenando ventana
1175,9,GA,poblacional,24253.0,24253.0,False,False,,,,,,,48,0,49,Llenando ventana
1176,9,GA,poblacional,24253.0,24253.0,False,False,,,,,,,49,0,50,Llenando ventana
1177,9,GA,poblacional,24253.0,24253.0,False,False,,,,,,,50,0,51,Llenando ventana
1178,9,GA,poblacional,24253.0,24253.0,False,False,,,,,,,51,0,52,Llenando ventana
1179,9,GA,poblacional,24253.0,24253.0,False,False,,,,,,,52,0,53,Llenando ventana
1180,9,GA,poblacional,24253.0,24253.0,False,False,,,,,,,53,0,54,Llenando ventana
1181,9,GA,poblacional,24253.0,24253.0,False,False,,,,,,,54,0,55,Llenando ventana
1182,9,GA,poblacional,24253.0,24253.0,False,False,,,,,,,55,0,56,Llenando ventana
1183,9,GA,poblacional,24253.0,24253.0,False,False,,,,,,,56,0,57,Llenando ventana
1184,9,GA,poblacional,24253.0,24253.0,False,False,,,,,,,57,0,58,Llenando ventana
1185,9,GA,poblacional,24253.0,24253.0,False,False,,,,,,,58,0,59,Llenando ventana
1186,9,GA,poblacional,24253.0,24253.0,False,False,,,,,,,59,0,60,Llenando ventana
1187,9,GA,poblacional,24253.0,24253.0,False,False,,,,,,,60,0,61,Llenando ventana
1188,9,GA,poblacional,24253.0,24253.0,False,False,,,,,,,61,0,62,Llenando ventana
1189,9,GA,poblacional,24253.0,24253.0,False,False,,,,,,,62,0,63,Llenando ventana
1190,9,GA,poblacional,24253.0,24253.0,False,False,,,,,,,63,0,64,Llenando ventana
1191,9,GA,poblacional,24253.0,24253.0,False,False,,,,,,,64,0,65,Llenando ventana
1192,9,GA,poblacional,24253.0,24253.0,False,False,,,,,,,65,0,66,Llenando ventana
1193,9,GA,poblacional,24253.0,24253.0,False,False,,,,,,,66,0,67,Llenando ventana
1194,9,GA,poblacional,24253.0,24253.0,False,False,,,,,,,67,0,68,Llenando ventana
1195,9,GA,poblacional,24253.0,24253.0,False,False,,,,,,,68,0,69,Llenando ventana
1196,9,GA,poblacional,24253.0,24253.0,False,False,,,,,,,69,0,70,Llenando ventana
1197,9,GA,poblacional,24253.0,24253.0,False,False,,,,,,,70,0,71,Llenando ventana
1198,9,GA,poblacional,24253.0,24253.0,False,False,,,,,,,71,0,72,Llenando ventana
1199,9,GA,poblacional,24253.0,24253.0,False,False,,,,,,,72,0,73,Llenando ventana
1200,9,GA,poblacional,24253.0,24253.0,False,False,,,,,,,73,0,74,Llenando ventana
1201,9,GA,poblacional,24253.0,24253.0,True,False,7.400000000001455,0.0,7.400000000001455,7.5,37.5,22.5,74,0,75,Explotacion activa
1202,9,GA,poblacional,24253.0,24253.0,True,False,7.400000000001455,0.0,7.400000000001455,7.5,37.5,22.5,75,0,76,Explotacion activa
1203,9,GA,poblacional,24253.0,24253.0,True,False,7.400000000001455,0.0,7.400000000001455,7.5,37.5,22.5,76,0,77,Explotacion activa
1204,9,GA,poblacional,24253.0,24253.0,True,False,7.400000000001455,0.0,7.400000000001455,7.5,37.5,22.5,77,0,78,Explotacion activa
1205,9,GA,poblacional,24253.0,24253.0,True,False,7.400000000001455,0.0,7.400000000001455,7.5,37.5,22.5,78,0,79,Explotacion activa
1206,9,GA,poblacional,24253.0,24253.0,True,False,7.400000000001455,0.0,7.400000000001455,7.5,37.5,22.5,79,0,80,Explotacion activa
1207,9,GA,poblacional,24253.0,24253.0,True,False,7.400000000001455,0.0,7.400000000001455,7.5,37.5,22.5,80,0,81,Explotacion activa
1208,9,GA,poblacional,24253.0,24253.0,True,False,7.400000000001455,0.0,7.400000000001455,7.5,37.5,22.5,81,0,82,Explotacion activa
1209,9,GA,poblacional,24253.0,24253.0,True,False,7.400000000001455,0.0,7.400000000001455,7.5,37.5,22.5,82,0,83,Explotacion activa
1210,9,GA,poblacional,24253.0,24253.0,True,False,7.400000000001455,0.0,7.400000000001455,0.0,7.400000000001455,7.400000000001455,83,1,84,Explotacion activa
1211,9,GA,poblacional,24253.0,24253.0,True,False,7.400000000001455,0.0,7.400000000001455,0.0,7.400000000001455,7.400000000001455,84,2,85,Explotacion activa
1212,9,GA,poblacional,24253.0,24253.0,True,False,7.400000000001455,0.0,7.400000000001455,0.0,7.400000000001455,7.400000000001455,85,3,86,Explotacion activa
1213,9,GA,poblacional,24253.0,24253.0,True,False,7.400000000001455,0.0,7.400000000001455,0.0,7.400000000001455,7.400000000001455,86,4,87,Explotacion activa
1214,9,GA,poblacional,24253.0,24253.0,True,False,7.400000000001455,0.0,7.400000000001455,0.0,7.400000000001455,7.400000000001455,87,5,88,Explotacion activa
1215,9,GA,poblacional,24253.0,24253.0,True,False,7.400000000001455,0.0,7.400000000001455,0.0,7.400000000001455,7.400000000001455,88,6,89,Explotacion activa
1216,9,GA,poblacional,24253.0,24253.0,True,False,7.400000000001455,0.0,7.400000000001455,0.0,7.400000000001455,7.400000000001455,89,7,90,Explotacion activa
1217,9,GA,poblacional,24253.0,24253.0,True,False,7.400000000001455,0.0,7.400000000001455,0.0,7.400000000001455,7.400000000001455,90,8,91,Explotacion activa
1218,9,GA,poblacional,24253.0,24253.0,True,False,7.400000000001455,0.0,7.400000000001455,0.0,7.400000000001455,7.400000000001455,91,9,92,Explotacion activa
1219,9,GA,poblacional,24253.0,24253.0,True,False,7.400000000001455,0.0,7.400000000001455,0.0,7.400000000001455,7.400000000001455,92,10,93,Explotacion activa
1220,9,GA,poblacional,24253.0,24253.0,True,False,7.400000000001455,0.0,7.400000000001455,0.0,7.400000000001455,7.400000000001455,93,11,94,Explotacion activa
1221,9,GA,poblacional,24253.0,24253.0,True,False,7.400000000001455,0.0,7.400000000001455,0.0,7.400000000001455,7.400000000001455,94,12,95,Explotacion activa
1222,9,GA,poblacional,24253.0,24253.0,True,False,7.400000000001455,0.0,7.400000000001455,0.0,7.400000000001455,7.400000000001455,95,13,96,Explotacion activa
1223,9,GA,poblacional,24253.0,24253.0,True,False,7.400000000001455,0.0,7.400000000001455,0.0,7.400000000001455,7.400000000001455,96,14,97,Explotacion activa
1224,9,GA,poblacional,24253.0,24253.0,True,False,7.400000000001455,0.0,7.400000000001455,0.0,7.400000000001455,7.400000000001455,97,15,98,Explotacion activa
1225,9,GA,poblacional,24253.0,24253.0,True,False,7.400000000001455,0.0,7.400000000001455,0.0,7.400000000001455,7.400000000001455,98,16,99,Explotacion activa
1226,9,GA,poblacional,24253.0,24253.0,True,False,7.400000000001455,0.0,7.400000000001455,0.0,7.400000000001455,7.400000000001455,99,17,100,Explotacion activa
1227,9,GA,poblacional,24253.0,24253.0,True,False,7.400000000001455,0.0,7.400000000001455,0.0,7.400000000001455,7.400000000001455,100,18,101,Explotacion activa
1228,9,GA,poblacional,24253.0,24253.0,True,False,7.400000000001455,0.0,7.400000000001455,0.0,7.400000000001455,7.400000000001455,101,19,102,Explotacion activa
1229,9,GA,poblacional,24253.0,24253.0,True,False,7.400000000001455,0.0,7.400000000001455,0.0,7.400000000001455,7.400000000001455,102,20,103,Explotacion activa
1230,9,GA,poblacional,24253.0,24253.0,True,False,7.400000000001455,0.0,7.400000000001455,0.0,7.400000000001455,7.400000000001455,103,21,104,Explotacion activa
1231,9,GA,poblacional,24253.0,24253.0,True,False,7.400000000001455,0.0,7.400000000001455,0.0,7.400000000001455,7.400000000001455,104,22,105,Explotacion activa
1232,9,GA,poblacional,24253.0,24253.0,True,False,7.400000000001455,0.0,7.400000000001455,0.0,7.400000000001455,7.400000000001455,105,23,106,Explotacion activa
1233,9,GA,poblacional,24253.0,24253.0,True,False,7.400000000001455,0.0,7.400000000001455,0.0,7.400000000001455,7.400000000001455,106,24,107,Explotacion activa
1234,9,GA,poblacional,24253.0,24253.0,True,True,7.400000000001455,0.0,7.400000000001455,0.0,7.400000000001455,7.400000000001455,107,25,108,ESTANCAMIENTO (Fire)
1235,10,TS,trayectoria,24253.0,24253.0,False,False,,,,,,,0,0,1,Llenando ventana
1236,10,TS,trayectoria,24253.0,24253.0,False,False,,,,,,,1,0,2,Llenando ventana
1237,10,TS,trayectoria,24253.0,24253.0,False,False,,,,,,,2,0,3,Llenando ventana
1238,10,TS,trayectoria,24253.0,24253.0,False,False,,,,,,,3,0,4,Llenando ventana
1239,10,TS,trayectoria,24253.0,24253.0,False,False,,,,,,,4,0,5,Llenando ventana
1240,10,TS,trayectoria,24253.0,24253.0,False,False,,,,,,,5,0,6,Llenando ventana
1241,10,TS,trayectoria,24253.0,24253.0,False,False,,,,,,,6,0,7,Llenando ventana
1242,10,TS,trayectoria,24253.0,24253.0,False,False,,,,,,,7,0,8,Llenando ventana
1243,10,TS,trayectoria,24253.0,24253.0,False,False,,,,,,,8,0,9,Llenando ventana
1244,10,TS,trayectoria,24253.0,24253.0,False,False,,,,,,,9,0,10,Llenando ventana
1245,10,TS,trayectoria,24253.0,24253.0,False,False,,,,,,,10,0,11,Llenando ventana
1246,10,TS,trayectoria,24253.0,24253.0,False,False,,,,,,,11,0,12,Llenando ventana
1247,10,TS,trayectoria,24253.0,24253.0,False,False,,,,,,,12,0,13,Llenando ventana
1248,10,TS,trayectoria,24253.0,24253.0,False,False,,,,,,,13,0,14,Llenando ventana
1249,10,TS,trayectoria,24253.0,24253.0,False,False,,,,,,,14,0,15,Llenando ventana
1250,10,TS,trayectoria,24253.0,24253.0,False,False,,,,,,,15,0,16,Llenando ventana
1251,10,TS,trayectoria,24253.0,24253.0,False,False,,,,,,,16,0,17,Llenando ventana
1252,10,TS,trayectoria,24253.0,24253.0,False,False,,,,,,,17,0,18,Llenando ventana
1253,10,TS,trayectoria,24253.0,24253.0,False,False,,,,,,,18,0,19,Llenando ventana
1254,10,TS,trayectoria,24253.0,24253.0,False,False,,,,,,,19,0,20,Llenando ventana
1255,10,TS,trayectoria,24253.0,24253.0,False,False,,,,,,,20,0,21,Llenando ventana
1256,10,TS,trayectoria,24253.0,24253.0,False,False,,,,,,,21,0,22,Llenando ventana
1257,10,TS,trayectoria,24253.0,24253.0,False,False,,,,,,,22,0,23,Llenando ventana
1258,10,TS,trayectoria,24253.0,24253.0,False,False,,,,,,,23,0,24,Llenando ventana
1259,10,TS,trayectoria,24253.0,24253.0,False,False,,,,,,,24,0,25,Llenando ventana
1260,10,TS,trayectoria,24253.0,24253.0,False,False,,,,,,,25,0,26,Llenando ventana
1261,10,TS,trayectoria,24253.0,24253.0,False,False,,,,,,,26,0,27,Llenando ventana
1262,10,TS,trayectoria,24253.0,24253.0,False,False,,,,,,,27,0,28,Llenando ventana
1263,10,TS,trayectoria,24253.0,24253.0,False,False,,,,,,,28,0,29,Llenando ventana
1264,10,TS,trayectoria,24253.0,24253.0,False,False,,,,,,,29,0,30,Llenando ventana
1265,10,TS,trayectoria,24253.0,24253.0,False,False,,,,,,,30,0,31,Llenando ventana
1266,10,TS,trayectoria,24253.0,24253.0,False,False,,,,,,,31,0,32,Llenando ventana
1267,10,TS,trayectoria,24253.0,24253.0,False,False,,,,,,,32,0,33,Llenando ventana
1268,10,TS,trayectoria,24253.0,24253.0,False,False,,,,,,,33,0,34,Llenando ventana
1269,10,TS,trayectoria,24253.0,24253.0,False,False,,,,,,,34,0,35,Llenando ventana
1270,10,TS,trayectoria,24253.0,24253.0,False,False,,,,,,,35,0,36,Llenando ventana
1271,10,TS,trayectoria,24253.0,24253.0,False,False,,,,,,,36,0,37,Llenando ventana
1272,10,TS,trayectoria,24253.0,24253.0,False,False,,,,,,,37,0,38,Llenando ventana
1273,10,TS,trayectoria,24253.0,24253.0,False,False,,,,,,,38,0,39,Llenando ventana
1274,10,TS,trayectoria,24253.0,24253.0,False,False,,,,,,,39,0,40,Llenando ventana
1275,10,TS,trayectoria,24253.0,24253.0,False,False,,,,,,,40,0,41,Llenando ventana
1276,10,TS,trayectoria,24253.0,24253.0,False,False,,,,,,,41,0,42,Llenando ventana
1277,10,TS,trayectoria,24253.0,24253.0,False,False,,,,,,,42,0,43,Llenando ventana
1278,10,TS,trayectoria,24253.0,24253.0,False,False,,,,,,,43,0,44,Llenando ventana
1279,10,TS,trayectoria,24253.0,24253.0,False,False,,,,,,,44,0,45,Llenando ventana
1280,10,TS,trayectoria,24253.0,24253.0,False,False,,,,,,,45,0,46,Llenando ventana
1281,10,TS,trayectoria,24253.0,24253.0,False,False,,,,,,,46,0,47,Llenando ventana
1282,10,TS,trayectoria,24253.0,24253.0,False,False,,,,,,,47,0,48,Llenando ventana
1283,10,TS,trayectoria,24253.0,24253.0,False,False,,,,,,,48,0,49,Llenando ventana
1284,10,TS,trayectoria,24253.0,24253.0,False,False,,,,,,,49,0,50,Llenando ventana
1285,10,TS,trayectoria,24253.0,24253.0,False,False,,,,,,,50,0,51,Llenando ventana
1286,10,TS,trayectoria,24253.0,24253.0,False,False,,,,,,,51,0,52,Llenando ventana
1287,10,TS,trayectoria,24253.0,24253.0,False,False,,,,,,,52,0,53,Llenando ventana
1288,10,TS,trayectoria,24253.0,24253.0,False,False,,,,,,,53,0,54,Llenando ventana
1289,10,TS,trayectoria,24253.0,24253.0,False,False,,,,,,,54,0,55,Llenando ventana
1290,10,TS,trayectoria,24253.0,24253.0,False,False,,,,,,,55,0,56,Llenando ventana
1291,10,TS,trayectoria,24253.0,24253.0,False,False,,,,,,,56,0,57,Llenando ventana
1292,10,TS,trayectoria,24253.0,24253.0,False,False,,,,,,,57,0,58,Llenando ventana
1293,10,TS,trayectoria,24253.0,24253.0,False,False,,,,,,,58,0,59,Llenando ventana
1294,10,TS,trayectoria,24253.0,24253.0,False,False,,,,,,,59,0,60,Llenando ventana
1295,10,TS,trayectoria,24253.0,24253.0,False,False,,,,,,,60,0,61,Llenando ventana
1296,10,TS,trayectoria,24253.0,24253.0,False,False,,,,,,,61,0,62,Llenando ventana
1297,10,TS,trayectoria,24253.0,24253.0,False,False,,,,,,,62,0,63,Llenando ventana
1298,10,TS,trayectoria,24253.0,24253.0,False,False,,,,,,,63,0,64,Llenando ventana
1299,10,TS,trayectoria,24253.0,24253.0,False,False,,,,,,,64,0,65,Llenando ventana
1300,10,TS,trayectoria,24253.0,24253.0,False,False,,,,,,,65,0,66,Llenando ventana
1301,10,TS,trayectoria,24253.0,24253.0,False,False,,,,,,,66,0,67,Llenando ventana
1302,10,TS,trayectoria,24253.0,24253.0,False,False,,,,,,,67,0,68,Llenando ventana
1303,10,TS,trayectoria,24253.0,24253.0,False,False,,,,,,,68,0,69,Llenando ventana
1304,10,TS,trayectoria,24253.0,24253.0,False,False,,,,,,,69,0,70,Llenando ventana
1305,10,TS,trayectoria,24253.0,24253.0,False,False,,,,,,,70,0,71,Llenando ventana
1306,10,TS,trayectoria,24253.0,24253.0,False,False,,,,,,,71,0,72,Llenando ventana
1307,10,TS,trayectoria,24253.0,24253.0,False,False,,,,,,,72,0,73,Llenando ventana
1308,10,TS,trayectoria,24253.0,24253.0,False,False,,,,,,,73,0,74,Llenando ventana
1309,10,TS,trayectoria,24253.0,24253.0,True,False,7.400000000001455,0.0,7.400000000001455,7.5,37.5,22.5,74,0,75,Explotacion activa
1310,10,TS,trayectoria,24253.0,24253.0,True,False,7.400000000001455,0.0,7.400000000001455,7.5,37.5,22.5,75,0,76,Explotacion activa
1311,10,TS,trayectoria,24253.0,24253.0,True,False,7.400000000001455,0.0,7.400000000001455,7.5,37.5,22.5,76,0,77,Explotacion activa
1312,10,TS,trayectoria,24253.0,24253.0,True,False,7.400000000001455,0.0,7.400000000001455,7.5,37.5,22.5,77,0,78,Explotacion activa
1313,10,TS,trayectoria,24253.0,24253.0,True,False,7.400000000001455,0.0,7.400000000001455,7.5,37.5,22.5,78,0,79,Explotacion activa
1314,10,TS,trayectoria,24253.0,24253.0,True,False,7.400000000001455,0.0,7.400000000001455,7.5,37.5,22.5,79,0,80,Explotacion activa
1315,10,TS,trayectoria,24253.0,24253.0,True,False,7.400000000001455,0.0,7.400000000001455,7.5,37.5,22.5,80,0,81,Explotacion activa
1316,10,TS,trayectoria,24253.0,24253.0,True,False,7.400000000001455,0.0,7.400000000001455,7.5,37.5,22.5,81,0,82,Explotacion activa
1317,10,TS,trayectoria,24253.0,24253.0,True,False,7.400000000001455,0.0,7.400000000001455,7.5,37.5,22.5,82,0,83,Explotacion activa
1318,10,TS,trayectoria,24253.0,24253.0,True,False,7.400000000001455,0.0,7.400000000001455,0.0,7.400000000001455,7.400000000001455,83,1,84,Explotacion activa
1319,10,TS,trayectoria,24253.0,24253.0,True,False,7.400000000001455,0.0,7.400000000001455,0.0,7.400000000001455,7.400000000001455,84,2,85,Explotacion activa
1320,10,TS,trayectoria,24253.0,24253.0,True,False,7.400000000001455,0.0,7.400000000001455,0.0,7.400000000001455,7.400000000001455,85,3,86,Explotacion activa
1321,10,TS,trayectoria,24253.0,24253.0,True,False,7.400000000001455,0.0,7.400000000001455,0.0,7.400000000001455,7.400000000001455,86,4,87,Explotacion activa
1322,10,TS,trayectoria,24253.0,24253.0,True,False,7.400000000001455,0.0,7.400000000001455,0.0,7.400000000001455,7.400000000001455,87,5,88,Explotacion activa
1323,10,TS,trayectoria,24253.0,24253.0,True,False,7.400000000001455,0.0,7.400000000001455,0.0,7.400000000001455,7.400000000001455,88,6,89,Explotacion activa
1324,10,TS,trayectoria,24253.0,24253.0,True,False,7.400000000001455,0.0,7.400000000001455,0.0,7.400000000001455,7.400000000001455,89,7,90,Explotacion activa
1325,10,TS,trayectoria,24253.0,24253.0,True,False,7.400000000001455,0.0,7.400000000001455,0.0,7.400000000001455,7.400000000001455,90,8,91,Explotacion activa
1326,10,TS,trayectoria,24253.0,24253.0,True,False,7.400000000001455,0.0,7.400000000001455,0.0,7.400000000001455,7.400000000001455,91,9,92,Explotacion activa
1327,10,TS,trayectoria,24253.0,24253.0,True,False,7.400000000001455,0.0,7.400000000001455,0.0,7.400000000001455,7.400000000001455,92,10,93,Explotacion activa
1328,10,TS,trayectoria,24253.0,24253.0,True,False,7.400000000001455,0.0,7.400000000001455,0.0,7.400000000001455,7.400000000001455,93,11,94,Explotacion activa
1329,10,TS,trayectoria,24253.0,24253.0,True,False,7.400000000001455,0.0,7.400000000001455,0.0,7.400000000001455,7.400000000001455,94,12,95,Explotacion activa
1330,10,TS,trayectoria,24253.0,24253.0,True,False,7.400000000001455,0.0,7.400000000001455,0.0,7.400000000001455,7.400000000001455,95,13,96,Explotacion activa
1331,10,TS,trayectoria,24253.0,24253.0,True,False,7.400000000001455,0.0,7.400000000001455,0.0,7.400000000001455,7.400000000001455,96,14,97,Explotacion activa
1332,10,TS,trayectoria,24253.0,24253.0,True,False,7.400000000001455,0.0,7.400000000001455,0.0,7.400000000001455,7.400000000001455,97,15,98,Explotacion activa
1333,10,TS,trayectoria,24253.0,24253.0,True,False,7.400000000001455,0.0,7.400000000001455,0.0,7.400000000001455,7.400000000001455,98,16,99,Explotacion activa
1334,10,TS,trayectoria,24253.0,24253.0,True,False,7.400000000001455,0.0,7.400000000001455,0.0,7.400000000001455,7.400000000001455,99,17,100,Explotacion activa
1335,10,TS,trayectoria,24253.0,24253.0,True,False,7.400000000001455,0.0,7.400000000001455,0.0,7.400000000001455,7.400000000001455,100,18,101,Explotacion activa
1336,10,TS,trayectoria,24253.0,24253.0,True,False,7.400000000001455,0.0,7.400000000001455,0.0,7.400000000001455,7.400000000001455,101,19,102,Explotacion activa
1337,10,TS,trayectoria,24253.0,24253.0,True,False,7.400000000001455,0.0,7.400000000001455,0.0,7.400000000001455,7.400000000001455,102,20,103,Explotacion activa
1338,10,TS,trayectoria,24253.0,24253.0,True,False,7.400000000001455,0.0,7.400000000001455,0.0,7.400000000001455,7.400000000001455,103,21,104,Explotacion activa
1339,10,TS,trayectoria,24253.0,24253.0,True,False,7.400000000001455,0.0,7.400000000001455,0.0,7.400000000001455,7.400000000001455,104,22,105,Explotacion activa
1340,10,TS,trayectoria,24253.0,24253.0,True,False,7.400000000001455,0.0,7.400000000001455,0.0,7.400000000001455,7.400000000001455,105,23,106,Explotacion activa
1341,10,TS,trayectoria,24253.0,24253.0,True,False,7.400000000001455,0.0,7.400000000001455,0.0,7.400000000001455,7.400000000001455,106,24,107,Explotacion activa
1342,10,TS,trayectoria,24253.0,24253.0,True,True,7.400000000001455,0.0,7.400000000001455,0.0,7.400000000001455,7.400000000001455,107,25,108,ESTANCAMIENTO (Fire)
1343,11,GA,poblacional,24253.0,24253.0,False,False,,,,,,,0,0,1,Llenando ventana
1344,11,GA,poblacional,24253.0,24253.0,False,False,,,,,,,1,0,2,Llenando ventana
1345,11,GA,poblacional,24253.0,24253.0,False,False,,,,,,,2,0,3,Llenando ventana
1346,11,GA,poblacional,24253.0,24253.0,False,False,,,,,,,3,0,4,Llenando ventana
1347,11,GA,poblacional,24253.0,24253.0,False,False,,,,,,,4,0,5,Llenando ventana
1348,11,GA,poblacional,24253.0,24253.0,False,False,,,,,,,5,0,6,Llenando ventana
1349,11,GA,poblacional,24253.0,24253.0,False,False,,,,,,,6,0,7,Llenando ventana
1350,11,GA,poblacional,24253.0,24253.0,False,False,,,,,,,7,0,8,Llenando ventana
1351,11,GA,poblacional,24253.0,24253.0,False,False,,,,,,,8,0,9,Llenando ventana
1352,11,GA,poblacional,24253.0,24253.0,False,False,,,,,,,9,0,10,Llenando ventana
1353,11,GA,poblacional,24253.0,24253.0,False,False,,,,,,,10,0,11,Llenando ventana
1354,11,GA,poblacional,24253.0,24253.0,False,False,,,,,,,11,0,12,Llenando ventana
1355,11,GA,poblacional,24253.0,24253.0,False,False,,,,,,,12,0,13,Llenando ventana
1356,11,GA,poblacional,24253.0,24253.0,False,False,,,,,,,13,0,14,Llenando ventana
1357,11,GA,poblacional,24253.0,24253.0,False,False,,,,,,,14,0,15,Llenando ventana
1358,11,GA,poblacional,24253.0,24253.0,False,False,,,,,,,15,0,16,Llenando ventana
1359,11,GA,poblacional,24253.0,24253.0,False,False,,,,,,,16,0,17,Llenando ventana
1360,11,GA,poblacional,24253.0,24253.0,False,False,,,,,,,17,0,18,Llenando ventana
1361,11,GA,poblacional,24253.0,24253.0,False,False,,,,,,,18,0,19,Llenando ventana
1362,11,GA,poblacional,24253.0,24253.0,False,False,,,,,,,19,0,20,Llenando ventana
1363,11,GA,poblacional,24253.0,24253.0,False,False,,,,,,,20,0,21,Llenando ventana
1364,11,GA,poblacional,24253.0,24253.0,False,False,,,,,,,21,0,22,Llenando ventana
1365,11,GA,poblacional,24253.0,24253.0,False,False,,,,,,,22,0,23,Llenando ventana
1366,11,GA,poblacional,24253.0,24253.0,False,False,,,,,,,23,0,24,Llenando ventana
1367,11,GA,poblacional,24253.0,24253.0,False,False,,,,,,,24,0,25,Llenando ventana
1368,11,GA,poblacional,24253.0,24253.0,False,False,,,,,,,25,0,26,Llenando ventana
1369,11,GA,poblacional,24253.0,24253.0,False,False,,,,,,,26,0,27,Llenando ventana
1370,11,GA,poblacional,24253.0,24253.0,False,False,,,,,,,27,0,28,Llenando ventana
1371,11,GA,poblacional,24253.0,24253.0,False,False,,,,,,,28,0,29,Llenando ventana
1372,11,GA,poblacional,24253.0,24253.0,False,False,,,,,,,29,0,30,Llenando ventana
1373,11,GA,poblacional,24253.0,24253.0,False,False,,,,,,,30,0,31,Llenando ventana
1374,11,GA,poblacional,24253.0,24253.0,False,False,,,,,,,31,0,32,Llenando ventana
1375,11,GA,poblacional,24253.0,24253.0,False,False,,,,,,,32,0,33,Llenando ventana
1376,11,GA,poblacional,24253.0,24253.0,False,False,,,,,,,33,0,34,Llenando ventana
1377,11,GA,poblacional,24253.0,24253.0,False,False,,,,,,,34,0,35,Llenando ventana
1378,11,GA,poblacional,24253.0,24253.0,False,False,,,,,,,35,0,36,Llenando ventana
1379,11,GA,poblacional,24253.0,24253.0,False,False,,,,,,,36,0,37,Llenando ventana
1380,11,GA,poblacional,24253.0,24253.0,False,False,,,,,,,37,0,38,Llenando ventana
1381,11,GA,poblacional,24253.0,24253.0,False,False,,,,,,,38,0,39,Llenando ventana
1382,11,GA,poblacional,24253.0,24253.0,False,False,,,,,,,39,0,40,Llenando ventana
1383,11,GA,poblacional,24253.0,24253.0,False,False,,,,,,,40,0,41,Llenando ventana
1384,11,GA,poblacional,24253.0,24253.0,False,False,,,,,,,41,0,42,Llenando ventana
1385,11,GA,poblacional,24253.0,24253.0,False,False,,,,,,,42,0,43,Llenando ventana
1386,11,GA,poblacional,24253.0,24253.0,False,False,,,,,,,43,0,44,Llenando ventana
1387,11,GA,poblacional,24253.0,24253.0,False,False,,,,,,,44,0,45,Llenando ventana
1388,11,GA,poblacional,24253.0,24253.0,False,False,,,,,,,45,0,46,Llenando ventana
1389,11,GA,poblacional,24253.0,24253.0,False,False,,,,,,,46,0,47,Llenando ventana
1390,11,GA,poblacional,24253.0,24253.0,False,False,,,,,,,47,0,48,Llenando ventana
1391,11,GA,poblacional,24253.0,24253.0,False,False,,,,,,,48,0,49,Llenando ventana
1392,11,GA,poblacional,24253.0,24253.0,False,False,,,,,,,49,0,50,Llenando ventana
1393,11,GA,poblacional,24253.0,24253.0,False,False,,,,,,,50,0,51,Llenando ventana
1394,11,GA,poblacional,24253.0,24253.0,False,False,,,,,,,51,0,52,Llenando ventana
1395,11,GA,poblacional,24253.0,24253.0,False,False,,,,,,,52,0,53,Llenando ventana
1396,11,GA,poblacional,24253.0,24253.0,False,False,,,,,,,53,0,54,Llenando ventana
1397,11,GA,poblacional,24253.0,24253.0,False,False,,,,,,,54,0,55,Llenando ventana
1398,11,GA,poblacional,24253.0,24253.0,False,False,,,,,,,55,0,56,Llenando ventana
1399,11,GA,poblacional,24253.0,24253.0,False,False,,,,,,,56,0,57,Llenando ventana
1400,11,GA,poblacional,24253.0,24253.0,False,False,,,,,,,57,0,58,Llenando ventana
1401,11,GA,poblacional,24253.0,24253.0,False,False,,,,,,,58,0,59,Llenando ventana
1402,11,GA,poblacional,24253.0,24253.0,False,False,,,,,,,59,0,60,Llenando ventana
1403,11,GA,poblacional,24253.0,24253.0,False,False,,,,,,,60,0,61,Llenando ventana
1404,11,GA,poblacional,24253.0,24253.0,False,False,,,,,,,61,0,62,Llenando ventana
1405,11,GA,poblacional,24253.0,24253.0,False,False,,,,,,,62,0,63,Llenando ventana
1406,11,GA,poblacional,24253.0,24253.0,False,False,,,,,,,63,0,64,Llenando ventana
1407,11,GA,poblacional,24253.0,24253.0,False,False,,,,,,,64,0,65,Llenando ventana
1408,11,GA,poblacional,24253.0,24253.0,False,False,,,,,,,65,0,66,Llenando ventana
1409,11,GA,poblacional,24253.0,24253.0,False,False,,,,,,,66,0,67,Llenando ventana
1410,11,GA,poblacional,24253.0,24253.0,False,False,,,,,,,67,0,68,Llenando ventana
1411,11,GA,poblacional,24253.0,24253.0,False,False,,,,,,,68,0,69,Llenando ventana
1412,11,GA,poblacional,24253.0,24253.0,False,False,,,,,,,69,0,70,Llenando ventana
1413,11,GA,poblacional,24253.0,24253.0,False,False,,,,,,,70,0,71,Llenando ventana
1414,11,GA,poblacional,24253.0,24253.0,False,False,,,,,,,71,0,72,Llenando ventana
1415,11,GA,poblacional,24253.0,24253.0,False,False,,,,,,,72,0,73,Llenando ventana
1416,11,GA,poblacional,24253.0,24253.0,False,False,,,,,,,73,0,74,Llenando ventana
1417,11,GA,poblacional,24253.0,24253.0,True,False,7.400000000001455,0.0,7.400000000001455,7.5,37.5,22.5,74,0,75,Explotacion activa
1418,11,GA,poblacional,24253.0,24253.0,True,False,7.400000000001455,0.0,7.400000000001455,7.5,37.5,22.5,75,0,76,Explotacion activa
1419,11,GA,poblacional,24253.0,24253.0,True,False,7.400000000001455,0.0,7.400000000001455,7.5,37.5,22.5,76,0,77,Explotacion activa
1420,11,GA,poblacional,24253.0,24253.0,True,False,7.400000000001455,0.0,7.400000000001455,7.5,37.5,22.5,77,0,78,Explotacion activa
1421,11,GA,poblacional,24253.0,24253.0,True,False,7.400000000001455,0.0,7.400000000001455,7.5,37.5,22.5,78,0,79,Explotacion activa
1422,11,GA,poblacional,24253.0,24253.0,True,False,7.400000000001455,0.0,7.400000000001455,7.5,37.5,22.5,79,0,80,Explotacion activa
1423,11,GA,poblacional,24253.0,24253.0,True,False,7.400000000001455,0.0,7.400000000001455,7.5,37.5,22.5,80,0,81,Explotacion activa
1424,11,GA,poblacional,24253.0,24253.0,True,False,7.400000000001455,0.0,7.400000000001455,7.5,37.5,22.5,81,0,82,Explotacion activa
1425,11,GA,poblacional,24253.0,24253.0,True,False,7.400000000001455,0.0,7.400000000001455,7.5,37.5,22.5,82,0,83,Explotacion activa
1426,11,GA,poblacional,24253.0,24253.0,True,False,7.400000000001455,0.0,7.400000000001455,0.0,7.400000000001455,7.400000000001455,83,1,84,Explotacion activa
1427,11,GA,poblacional,24253.0,24253.0,True,False,7.400000000001455,0.0,7.400000000001455,0.0,7.400000000001455,7.400000000001455,84,2,85,Explotacion activa
1428,11,GA,poblacional,24253.0,24253.0,True,False,7.400000000001455,0.0,7.400000000001455,0.0,7.400000000001455,7.400000000001455,85,3,86,Explotacion activa
1429,11,GA,poblacional,24253.0,24253.0,True,False,7.400000000001455,0.0,7.400000000001455,0.0,7.400000000001455,7.400000000001455,86,4,87,Explotacion activa
1430,11,GA,poblacional,24253.0,24253.0,True,False,7.400000000001455,0.0,7.400000000001455,0.0,7.400000000001455,7.400000000001455,87,5,88,Explotacion activa
1431,11,GA,poblacional,24253.0,24253.0,True,False,7.400000000001455,0.0,7.400000000001455,0.0,7.400000000001455,7.400000000001455,88,6,89,Explotacion activa
1432,11,GA,poblacional,24253.0,24253.0,True,False,7.400000000001455,0.0,7.400000000001455,0.0,7.400000000001455,7.400000000001455,89,7,90,Explotacion activa
1433,11,GA,poblacional,24253.0,24253.0,True,False,7.400000000001455,0.0,7.400000000001455,0.0,7.400000000001455,7.400000000001455,90,8,91,Explotacion activa
1434,11,GA,poblacional,24253.0,24253.0,True,False,7.400000000001455,0.0,7.400000000001455,0.0,7.400000000001455,7.400000000001455,91,9,92,Explotacion activa
1435,11,GA,poblacional,24253.0,24253.0,True,False,7.400000000001455,0.0,7.400000000001455,0.0,7.400000000001455,7.400000000001455,92,10,93,Explotacion activa
1436,11,GA,poblacional,24253.0,24253.0,True,False,7.400000000001455,0.0,7.400000000001455,0.0,7.400000000001455,7.400000000001455,93,11,94,Explotacion activa
1437,11,GA,poblacional,24253.0,24253.0,True,False,7.400000000001455,0.0,7.400000000001455,0.0,7.400000000001455,7.400000000001455,94,12,95,Explotacion activa
1438,11,GA,poblacional,24253.0,24253.0,True,False,7.400000000001455,0.0,7.400000000001455,0.0,7.400000000001455,7.400000000001455,95,13,96,Explotacion activa
1439,11,GA,poblacional,24253.0,24253.0,True,False,7.400000000001455,0.0,7.400000000001455,0.0,7.400000000001455,7.400000000001455,96,14,97,Explotacion activa
1440,11,GA,poblacional,24266.0,24266.0,True,False,20.19999999999709,13.0,7.19999999999709,0.0,7.400000000001455,7.400000000001455,0,0,98,Explotacion activa
1441,11,GA,poblacional,24266.0,24266.0,True,False,20.19999999999709,13.0,7.19999999999709,0.0,7.400000000001455,7.400000000001455,1,0,99,Explotacion activa
1442,11,GA,poblacional,24266.0,24266.0,True,False,20.19999999999709,13.0,7.19999999999709,0.0,7.400000000001455,7.400000000001455,2,0,100,Explotacion activa
1443,11,GA,poblacional,24266.0,24266.0,True,False,20.19999999999709,13.0,7.19999999999709,0.0,7.400000000001455,7.400000000001455,3,0,101,Explotacion activa
1444,11,GA,poblacional,24266.0,24266.0,True,False,20.19999999999709,13.0,7.19999999999709,0.0,7.400000000001455,7.400000000001455,4,0,102,Explotacion activa
1445,11,GA,poblacional,24266.0,24266.0,True,False,20.19999999999709,13.0,7.19999999999709,0.0,7.400000000001455,7.400000000001455,5,0,103,Explotacion activa
1446,11,GA,poblacional,24266.0,24266.0,True,False,20.19999999999709,13.0,7.19999999999709,0.0,7.400000000001455,7.400000000001455,6,0,104,Explotacion activa
1447,11,GA,poblacional,24266.0,24266.0,True,False,20.19999999999709,13.0,7.19999999999709,0.0,7.400000000001455,7.400000000001455,7,0,105,Explotacion activa
1448,11,GA,poblacional,24266.0,24266.0,True,False,20.19999999999709,13.0,7.19999999999709,0.0,7.400000000001455,7.400000000001455,8,0,106,Explotacion activa
1449,11,GA,poblacional,24266.0,24266.0,True,False,20.19999999999709,13.0,7.19999999999709,0.0,12.51999999999969,7.400000000001455,9,0,107,Explotacion activa
1450,11,GA,poblacional,24266.0,24266.0,True,False,20.19999999999709,13.0,7.19999999999709,0.0,20.19999999999709,7.400000000001455,10,0,108,Explotacion activa
1451,11,GA,poblacional,24266.0,24266.0,True,False,20.19999999999709,13.0,7.19999999999709,0.0,20.19999999999709,7.400000000001455,11,0,109,Explotacion activa
1452,11,GA,poblacional,24266.0,24266.0,True,False,20.19999999999709,13.0,7.19999999999709,0.0,20.19999999999709,7.400000000001455,12,0,110,Explotacion activa
1453,11,GA,poblacional,24266.0,24266.0,True,False,20.19999999999709,13.0,7.19999999999709,0.0,20.19999999999709,7.400000000001455,13,0,111,Explotacion activa
1454,11,GA,poblacional,24266.0,24266.0,True,False,20.19999999999709,13.0,7.19999999999709,0.0,20.19999999999709,7.400000000001455,14,0,112,Explotacion activa
1455,11,GA,poblacional,24266.0,24266.0,True,False,20.19999999999709,13.0,7.19999999999709,0.0,20.19999999999709,7.400000000001455,15,0,113,Explotacion activa
1456,11,GA,poblacional,24266.0,24266.0,True,False,20.19999999999709,13.0,7.19999999999709,0.0,20.19999999999709,7.400000000001455,16,0,114,Explotacion activa
1457,11,GA,poblacional,24266.0,24266.0,True,False,20.19999999999709,13.0,7.19999999999709,0.0,20.19999999999709,7.400000000001455,17,0,115,Explotacion activa
1458,11,GA,poblacional,24266.0,24266.0,True,False,20.19999999999709,13.0,7.19999999999709,0.0,20.19999999999709,7.400000000001455,18,0,116,Explotacion activa
1459,11,GA,poblacional,24266.0,24266.0,True,False,20.19999999999709,13.0,7.19999999999709,0.0,20.19999999999709,7.400000000001455,19,0,117,Explotacion activa
1460,11,GA,poblacional,24266.0,24266.0,True,False,20.19999999999709,13.0,7.19999999999709,0.0,20.19999999999709,7.400000000001455,20,0,118,Explotacion activa
1461,11,GA,poblacional,24266.0,24266.0,True,False,20.19999999999709,13.0,7.19999999999709,0.0,20.19999999999709,7.400000000001455,21,0,119,Explotacion activa
1462,11,GA,poblacional,24266.0,24266.0,True,False,20.19999999999709,13.0,7.19999999999709,0.0,20.19999999999709,7.400000000001455,22,0,120,Explotacion activa
1463,11,GA,poblacional,24266.0,24266.0,True,False,20.19999999999709,13.0,7.19999999999709,0.0,20.19999999999709,7.400000000001455,23,0,121,Explotacion activa
1464,11,GA,poblacional,24266.0,24266.0,True,False,20.19999999999709,13.0,7.19999999999709,0.0,20.19999999999709,7.400000000001455,24,0,122,Explotacion activa
1465,11,GA,poblacional,24266.0,24266.0,True,False,20.19999999999709,13.0,7.19999999999709,0.0,20.19999999999709,7.400000000001455,25,0,123,Explotacion activa
1466,11,GA,poblacional,24266.0,24266.0,True,False,20.19999999999709,13.0,7.19999999999709,0.0,20.19999999999709,7.400000000001455,26,0,124,Explotacion activa
1467,11,GA,poblacional,24266.0,24266.0,True,False,20.19999999999709,13.0,7.19999999999709,0.0,20.19999999999709,7.400000000001455,27,0,125,Explotacion activa
1468,11,GA,poblacional,24266.0,24266.0,True,False,20.19999999999709,13.0,7.19999999999709,0.0,20.19999999999709,7.400000000001455,28,0,126,Explotacion activa
1469,11,GA,poblacional,24266.0,24266.0,True,False,20.19999999999709,13.0,7.19999999999709,0.0,20.19999999999709,7.400000000001455,29,0,127,Explotacion activa
1470,11,GA,poblacional,24266.0,24266.0,True,False,20.19999999999709,13.0,7.19999999999709,0.0,20.19999999999709,7.400000000001455,30,0,128,Explotacion activa
1471,11,GA,poblacional,24266.0,24266.0,True,False,20.19999999999709,13.0,7.19999999999709,0.0,20.19999999999709,7.400000000001455,31,0,129,Explotacion activa
1472,11,GA,poblacional,24266.0,24266.0,True,False,20.19999999999709,13.0,7.19999999999709,0.0,20.19999999999709,7.400000000001455,32,0,130,Explotacion activa
1473,11,GA,poblacional,24266.0,24266.0,True,False,20.19999999999709,13.0,7.19999999999709,0.0,20.19999999999709,7.400000000001455,33,0,131,Explotacion activa
1474,11,GA,poblacional,24266.0,24266.0,True,False,20.19999999999709,13.0,7.19999999999709,0.0,20.19999999999709,7.400000000001455,34,0,132,Explotacion activa
1475,11,GA,poblacional,24266.0,24266.0,True,False,20.19999999999709,13.0,7.19999999999709,0.0,20.19999999999709,7.400000000001455,35,0,133,Explotacion activa
1476,11,GA,poblacional,24266.0,24266.0,True,False,20.19999999999709,13.0,7.19999999999709,0.0,20.19999999999709,7.400000000001455,36,0,134,Explotacion activa
1477,11,GA,poblacional,24266.0,24266.0,True,False,20.19999999999709,13.0,7.19999999999709,0.0,20.19999999999709,7.400000000001455,37,0,135,Explotacion activa
1478,11,GA,poblacional,24266.0,24266.0,True,False,20.19999999999709,13.0,7.19999999999709,0.0,20.19999999999709,7.400000000001455,38,0,136,Explotacion activa
1479,11,GA,poblacional,24266.0,24266.0,True,False,20.19999999999709,13.0,7.19999999999709,0.0,20.19999999999709,7.400000000001455,39,0,137,Explotacion activa
1480,11,GA,poblacional,24266.0,24266.0,True,False,20.19999999999709,13.0,7.19999999999709,0.0,20.19999999999709,7.400000000001455,40,0,138,Explotacion activa
1481,11,GA,poblacional,24266.0,24266.0,True,False,20.19999999999709,13.0,7.19999999999709,0.0,20.19999999999709,7.400000000001455,41,0,139,Explotacion activa
1482,11,GA,poblacional,24266.0,24266.0,True,False,20.19999999999709,13.0,7.19999999999709,0.0,20.19999999999709,7.400000000001455,42,0,140,Explotacion activa
1483,11,GA,poblacional,24266.0,24266.0,True,False,20.19999999999709,13.0,7.19999999999709,0.0,20.19999999999709,7.400000000001455,43,0,141,Explotacion activa
1484,11,GA,poblacional,24266.0,24266.0,True,False,20.19999999999709,13.0,7.19999999999709,0.0,20.19999999999709,7.400000000001455,44,0,142,Explotacion activa
1485,11,GA,poblacional,24266.0,24266.0,True,False,20.19999999999709,13.0,7.19999999999709,0.0,20.19999999999709,7.400000000001455,45,0,143,Explotacion activa
1486,11,GA,poblacional,24266.0,24266.0,True,False,20.19999999999709,13.0,7.19999999999709,0.0,20.19999999999709,7.400000000001455,46,0,144,Explotacion activa
1487,11,GA,poblacional,24266.0,24266.0,True,False,20.19999999999709,13.0,7.19999999999709,0.0,20.19999999999709,7.400000000001455,47,0,145,Explotacion activa
1488,11,GA,poblacional,24266.0,24266.0,True,False,20.19999999999709,13.0,7.19999999999709,0.0,20.19999999999709,7.400000000001455,48,0,146,Explotacion activa
1489,11,GA,poblacional,24266.0,24266.0,True,False,20.19999999999709,13.0,7.19999999999709,0.0,20.19999999999709,7.400000000001455,49,0,147,Explotacion activa
1490,11,GA,poblacional,24266.0,24266.0,True,False,20.19999999999709,13.0,7.19999999999709,0.0,20.19999999999709,7.400000000001455,50,0,148,Explotacion activa
1491,11,GA,poblacional,24266.0,24266.0,True,False,20.19999999999709,13.0,7.19999999999709,2.5999999999999908,20.19999999999709,7.360000000000581,51,0,149,Explotacion activa
1492,11,GA,poblacional,24266.0,24266.0,True,False,20.19999999999709,13.0,7.19999999999709,6.5,20.19999999999709,7.299999999999272,52,0,150,Explotacion activa
1493,11,GA,poblacional,24266.0,24266.0,True,False,20.19999999999709,13.0,7.19999999999709,10.40000000000001,20.19999999999709,7.239999999997962,53,0,151,Explotacion activa
1494,11,GA,poblacional,24266.0,24266.0,True,False,20.19999999999709,13.0,7.19999999999709,13.0,20.19999999999709,7.19999999999709,54,1,152,Explotacion activa
1495,11,GA,poblacional,24266.0,24266.0,True,False,20.19999999999709,13.0,7.19999999999709,13.0,20.19999999999709,7.19999999999709,55,2,153,Explotacion activa
1496,11,GA,poblacional,24266.0,24266.0,True,False,20.19999999999709,13.0,7.19999999999709,13.0,20.19999999999709,7.19999999999709,56,3,154,Explotacion activa
1497,11,GA,poblacional,24266.0,24266.0,True,False,20.19999999999709,13.0,7.19999999999709,13.0,20.19999999999709,7.19999999999709,57,4,155,Explotacion activa
1498,11,GA,poblacional,24266.0,24266.0,True,False,20.19999999999709,13.0,7.19999999999709,13.0,20.19999999999709,7.19999999999709,58,5,156,Explotacion activa
1499,11,GA,poblacional,24266.0,24266.0,True,False,20.19999999999709,13.0,7.19999999999709,13.0,20.19999999999709,7.19999999999709,59,6,157,Explotacion activa
1500,11,GA,poblacional,24266.0,24266.0,True,False,20.19999999999709,13.0,7.19999999999709,13.0,20.19999999999709,7.19999999999709,60,7,158,Explotacion activa
1501,11,GA,poblacional,24266.0,24266.0,True,False,20.19999999999709,13.0,7.19999999999709,13.0,20.19999999999709,7.19999999999709,61,8,159,Explotacion activa
1502,11,GA,poblacional,24266.0,24266.0,True,False,20.19999999999709,13.0,7.19999999999709,13.0,20.19999999999709,7.19999999999709,62,9,160,Explotacion activa
1503,11,GA,poblacional,24266.0,24266.0,True,False,20.19999999999709,13.0,7.19999999999709,13.0,20.19999999999709,7.19999999999709,63,10,161,Explotacion activa
1504,11,GA,poblacional,24266.0,24266.0,True,False,20.19999999999709,13.0,7.19999999999709,13.0,20.19999999999709,7.19999999999709,64,11,162,Explotacion activa
1505,11,GA,poblacional,24266.0,24266.0,True,False,20.19999999999709,13.0,7.19999999999709,13.0,20.19999999999709,7.19999999999709,65,12,163,Explotacion activa
1506,11,GA,poblacional,24266.0,24266.0,True,False,20.19999999999709,13.0,7.19999999999709,13.0,20.19999999999709,7.19999999999709,66,13,164,Explotacion activa
1507,11,GA,poblacional,24266.0,24266.0,True,False,20.19999999999709,13.0,7.19999999999709,13.0,20.19999999999709,7.19999999999709,67,14,165,Explotacion activa
1508,11,GA,poblacional,24266.0,24266.0,True,False,20.19999999999709,13.0,7.19999999999709,13.0,20.19999999999709,7.19999999999709,68,15,166,Explotacion activa
1509,11,GA,poblacional,24266.0,24266.0,True,False,20.19999999999709,13.0,7.19999999999709,13.0,20.19999999999709,7.19999999999709,69,16,167,Explotacion activa
1510,11,GA,poblacional,24266.0,24266.0,True,False,20.19999999999709,13.0,7.19999999999709,13.0,20.19999999999709,7.19999999999709,70,17,168,Explotacion activa
1511,11,GA,poblacional,24266.0,24266.0,True,False,20.19999999999709,13.0,7.19999999999709,13.0,20.19999999999709,7.19999999999709,71,18,169,Explotacion activa
1512,11,GA,poblacional,24266.0,24266.0,True,False,20.19999999999709,13.0,7.19999999999709,13.0,20.19999999999709,7.19999999999709,72,19,170,Explotacion activa
1513,11,GA,poblacional,24266.0,24266.0,True,False,20.200000000004366,13.0,7.200000000004366,13.0,20.19999999999709,7.19999999999709,73,20,171,Explotacion activa
1514,11,GA,poblacional,24266.0,24266.0,True,False,7.400000000001455,0.0,7.400000000001455,13.0,20.19999999999709,7.19999999999709,74,21,172,Explotacion activa
1515,11,GA,poblacional,24266.0,24266.0,True,False,7.400000000001455,0.0,7.400000000001455,13.0,20.19999999999709,7.19999999999709,75,22,173,Explotacion activa
1516,11,GA,poblacional,24266.0,24266.0,True,False,7.400000000001455,0.0,7.400000000001455,13.0,20.19999999999709,7.19999999999709,76,23,174,Explotacion activa
1517,11,GA,poblacional,24266.0,24266.0,True,False,7.400000000001455,0.0,7.400000000001455,13.0,20.19999999999709,7.19999999999709,77,24,175,Explotacion activa
1518,11,GA,poblacional,24266.0,24266.0,True,True,7.400000000001455,0.0,7.400000000001455,13.0,20.19999999999709,7.19999999999709,78,25,176,ESTANCAMIENTO (Fire)
1519,12,SA,trayectoria,24266.0,20893.0,False,False,,,,,,,0,0,1,Llenando ventana
1520,12,SA,trayectoria,24266.0,21062.0,False,False,,,,,,,1,0,2,Llenando ventana
1521,12,SA,trayectoria,24266.0,21551.0,False,False,,,,,,,2,0,3,Llenando ventana
1522,12,SA,trayectoria,24266.0,20855.0,False,False,,,,,,,3,0,4,Llenando ventana
1523,12,SA,trayectoria,24266.0,21694.0,False,False,,,,,,,4,0,5,Llenando ventana
1524,12,SA,trayectoria,24266.0,21826.0,False,False,,,,,,,5,0,6,Llenando ventana
1525,12,SA,trayectoria,24266.0,20572.0,False,False,,,,,,,6,0,7,Llenando ventana
1526,12,SA,trayectoria,24266.0,21050.0,False,False,,,,,,,7,0,8,Llenando ventana
1527,12,SA,trayectoria,24266.0,22120.0,False,False,,,,,,,8,0,9,Llenando ventana
1528,12,SA,trayectoria,24266.0,21747.0,False,False,,,,,,,9,0,10,Llenando ventana
1529,12,SA,trayectoria,24266.0,21424.0,False,False,,,,,,,10,0,11,Llenando ventana
1530,12,SA,trayectoria,24266.0,21616.0,False,False,,,,,,,11,0,12,Llenando ventana
1531,12,SA,trayectoria,24266.0,20824.0,False,False,,,,,,,12,0,13,Llenando ventana
1532,12,SA,trayectoria,24266.0,21751.0,False,False,,,,,,,13,0,14,Llenando ventana
1533,12,SA,trayectoria,24266.0,21924.0,False,False,,,,,,,14,0,15,Llenando ventana
1534,12,SA,trayectoria,24266.0,21434.0,False,False,,,,,,,15,0,16,Llenando ventana
1535,12,SA,trayectoria,24266.0,22093.0,False,False,,,,,,,16,0,17,Llenando ventana
1536,12,SA,trayectoria,24266.0,22381.0,False,False,,,,,,,17,0,18,Llenando ventana
1537,12,SA,trayectoria,24266.0,22299.0,False,False,,,,,,,18,0,19,Llenando ventana
1538,12,SA,trayectoria,24266.0,21272.0,False,False,,,,,,,19,0,20,Llenando ventana
1539,12,SA,trayectoria,24266.0,21657.0,False,False,,,,,,,20,0,21,Llenando ventana
1540,12,SA,trayectoria,24266.0,21977.0,False,False,,,,,,,21,0,22,Llenando ventana
1541,12,SA,trayectoria,24266.0,20891.0,False,False,,,,,,,22,0,23,Llenando ventana
1542,12,SA,trayectoria,24266.0,20888.0,False,False,,,,,,,23,0,24,Llenando ventana
1543,12,SA,trayectoria,24266.0,22141.0,False,False,,,,,,,24,0,25,Llenando ventana
1544,12,SA,trayectoria,24266.0,21778.0,False,False,,,,,,,25,0,26,Llenando ventana
1545,12,SA,trayectoria,24266.0,21604.0,False,False,,,,,,,26,0,27,Llenando ventana
1546,12,SA,trayectoria,24266.0,22424.0,False,False,,,,,,,27,0,28,Llenando ventana
1547,12,SA,trayectoria,24266.0,21448.0,False,False,,,,,,,28,0,29,Llenando ventana
1548,12,SA,trayectoria,24266.0,22562.0,False,False,,,,,,,29,0,30,Llenando ventana
1549,12,SA,trayectoria,24266.0,21812.0,False,False,,,,,,,30,0,31,Llenando ventana
1550,12,SA,trayectoria,24266.0,21600.0,False,False,,,,,,,31,0,32,Llenando ventana
1551,12,SA,trayectoria,24266.0,21773.0,False,False,,,,,,,32,0,33,Llenando ventana
1552,12,SA,trayectoria,24266.0,21935.0,False,False,,,,,,,33,0,34,Llenando ventana
1553,12,SA,trayectoria,24266.0,21086.0,False,False,,,,,,,34,0,35,Llenando ventana
1554,12,SA,trayectoria,24266.0,21189.0,False,False,,,,,,,35,0,36,Llenando ventana
1555,12,SA,trayectoria,24266.0,21779.0,False,False,,,,,,,36,0,37,Llenando ventana
1556,12,SA,trayectoria,24266.0,21783.0,False,False,,,,,,,37,0,38,Llenando ventana
1557,12,SA,trayectoria,24266.0,21500.0,False,False,,,,,,,38,0,39,Llenando ventana
1558,12,SA,trayectoria,24266.0,21106.0,False,False,,,,,,,39,0,40,Llenando ventana
1559,12,SA,trayectoria,24266.0,21607.0,False,False,,,,,,,40,0,41,Llenando ventana
1560,12,SA,trayectoria,24266.0,21712.0,False,False,,,,,,,41,0,42,Llenando ventana
1561,12,SA,trayectoria,24266.0,21391.0,False,False,,,,,,,42,0,43,Llenando ventana
1562,12,SA,trayectoria,24266.0,21659.0,False,False,,,,,,,43,0,44,Llenando ventana
1563,12,SA,trayectoria,24266.0,21527.0,False,False,,,,,,,44,0,45,Llenando ventana
1564,12,SA,trayectoria,24266.0,21662.0,False,False,,,,,,,45,0,46,Llenando ventana
1565,12,SA,trayectoria,24266.0,21766.0,False,False,,,,,,,46,0,47,Llenando ventana
1566,12,SA,trayectoria,24266.0,22315.0,False,False,,,,,,,47,0,48,Llenando ventana
1567,12,SA,trayectoria,24266.0,21766.0,False,False,,,,,,,48,0,49,Llenando ventana
1568,12,SA,trayectoria,24266.0,21447.0,False,False,,,,,,,49,0,50,Llenando ventana
1569,12,SA,trayectoria,24266.0,21440.0,False,False,,,,,,,50,0,51,Llenando ventana
1570,12,SA,trayectoria,24266.0,22042.0,False,False,,,,,,,51,0,52,Llenando ventana
1571,12,SA,trayectoria,24266.0,21737.0,False,False,,,,,,,52,0,53,Llenando ventana
1572,12,SA,trayectoria,24266.0,22447.0,False,False,,,,,,,53,0,54,Llenando ventana
1573,12,SA,trayectoria,24266.0,21808.0,False,False,,,,,,,54,0,55,Llenando ventana
1574,12,SA,trayectoria,24266.0,21926.0,False,False,,,,,,,55,0,56,Llenando ventana
1575,12,SA,trayectoria,24266.0,22217.0,False,False,,,,,,,56,0,57,Llenando ventana
1576,12,SA,trayectoria,24266.0,21652.0,False,False,,,,,,,57,0,58,Llenando ventana
1577,12,SA,trayectoria,24266.0,21879.0,False,False,,,,,,,58,0,59,Llenando ventana
1578,12,SA,trayectoria,24266.0,21916.0,False,False,,,,,,,59,0,60,Llenando ventana
1579,12,SA,trayectoria,24266.0,21668.0,False,False,,,,,,,60,0,61,Llenando ventana
1580,12,SA,trayectoria,24266.0,21508.0,False,False,,,,,,,61,0,62,Llenando ventana
1581,12,SA,trayectoria,24266.0,22600.0,False,False,,,,,,,62,0,63,Llenando ventana
1582,12,SA,trayectoria,24266.0,21323.0,False,False,,,,,,,63,0,64,Llenando ventana
1583,12,SA,trayectoria,24266.0,21981.0,False,False,,,,,,,64,0,65,Llenando ventana
1584,12,SA,trayectoria,24266.0,20973.0,False,False,,,,,,,65,0,66,Llenando ventana
1585,12,SA,trayectoria,24266.0,22297.0,False,False,,,,,,,66,0,67,Llenando ventana
1586,12,SA,trayectoria,24266.0,22377.0,False,False,,,,,,,67,0,68,Llenando ventana
1587,12,SA,trayectoria,24266.0,21726.0,False,False,,,,,,,68,0,69,Llenando ventana
1588,12,SA,trayectoria,24266.0,21978.0,False,False,,,,,,,69,0,70,Llenando ventana
1589,12,SA,trayectoria,24266.0,21257.0,False,False,,,,,,,70,0,71,Llenando ventana
1590,12,SA,trayectoria,24266.0,21759.0,False,False,,,,,,,71,0,72,Llenando ventana
1591,12,SA,trayectoria,24266.0,22585.0,False,False,,,,,,,72,0,73,Llenando ventana
1592,12,SA,trayectoria,24266.0,21947.0,False,False,,,,,,,73,0,74,Llenando ventana
1593,12,SA,trayectoria,24266.0,22151.0,True,False,7.400000000001455,0.0,7.400000000001455,7.5,37.5,22.5,74,0,75,Explotacion activa
1594,12,SA,trayectoria,24266.0,22570.0,True,False,7.400000000001455,0.0,7.400000000001455,7.5,37.5,22.5,75,0,76,Explotacion activa
1595,12,SA,trayectoria,24266.0,22088.0,True,False,7.400000000001455,0.0,7.400000000001455,7.5,37.5,22.5,76,0,77,Explotacion activa
1596,12,SA,trayectoria,24266.0,21426.0,True,False,7.400000000001455,0.0,7.400000000001455,7.5,37.5,22.5,77,0,78,Explotacion activa
1597,12,SA,trayectoria,24266.0,21396.0,True,False,7.400000000001455,0.0,7.400000000001455,7.5,37.5,22.5,78,0,79,Explotacion activa
1598,12,SA,trayectoria,24266.0,21662.0,True,False,7.400000000001455,0.0,7.400000000001455,7.5,37.5,22.5,79,0,80,Explotacion activa
1599,12,SA,trayectoria,24266.0,21763.0,True,False,7.400000000001455,0.0,7.400000000001455,7.5,37.5,22.5,80,0,81,Explotacion activa
1600,12,SA,trayectoria,24266.0,21234.0,True,False,7.400000000001455,0.0,7.400000000001455,7.5,37.5,22.5,81,0,82,Explotacion activa
1601,12,SA,trayectoria,24266.0,21274.0,True,False,7.400000000001455,0.0,7.400000000001455,7.5,37.5,22.5,82,0,83,Explotacion activa
1602,12,SA,trayectoria,24266.0,20774.0,True,False,7.400000000001455,0.0,7.400000000001455,0.0,7.400000000001455,7.400000000001455,83,1,84,Explotacion activa
1603,12,SA,trayectoria,24266.0,22343.0,True,False,7.400000000001455,0.0,7.400000000001455,0.0,7.400000000001455,7.400000000001455,84,2,85,Explotacion activa
1604,12,SA,trayectoria,24266.0,21618.0,True,False,7.400000000001455,0.0,7.400000000001455,0.0,7.400000000001455,7.400000000001455,85,3,86,Explotacion activa
1605,12,SA,trayectoria,24266.0,21765.0,True,False,7.400000000001455,0.0,7.400000000001455,0.0,7.400000000001455,7.400000000001455,86,4,87,Explotacion activa
1606,12,SA,trayectoria,24266.0,22190.0,True,False,7.400000000001455,0.0,7.400000000001455,0.0,7.400000000001455,7.400000000001455,87,5,88,Explotacion activa
1607,12,SA,trayectoria,24266.0,22400.0,True,False,7.400000000001455,0.0,7.400000000001455,0.0,7.400000000001455,7.400000000001455,88,6,89,Explotacion activa
1608,12,SA,trayectoria,24266.0,21780.0,True,False,7.400000000001455,0.0,7.400000000001455,0.0,7.400000000001455,7.400000000001455,89,7,90,Explotacion activa
1609,12,SA,trayectoria,24266.0,22365.0,True,False,7.400000000001455,0.0,7.400000000001455,0.0,7.400000000001455,7.400000000001455,90,8,91,Explotacion activa
1610,12,SA,trayectoria,24266.0,21995.0,True,False,7.400000000001455,0.0,7.400000000001455,0.0,7.400000000001455,7.400000000001455,91,9,92,Explotacion activa
1611,12,SA,trayectoria,24266.0,21954.0,True,False,7.400000000001455,0.0,7.400000000001455,0.0,7.400000000001455,7.400000000001455,92,10,93,Explotacion activa
1612,12,SA,trayectoria,24266.0,22046.0,True,False,7.400000000001455,0.0,7.400000000001455,0.0,7.400000000001455,7.400000000001455,93,11,94,Explotacion activa
1613,12,SA,trayectoria,24266.0,22411.0,True,False,7.400000000001455,0.0,7.400000000001455,0.0,7.400000000001455,7.400000000001455,94,12,95,Explotacion activa
1614,12,SA,trayectoria,24266.0,22232.0,True,False,7.400000000001455,0.0,7.400000000001455,0.0,7.400000000001455,7.400000000001455,95,13,96,Explotacion activa
1615,12,SA,trayectoria,24266.0,22361.0,True,False,7.400000000001455,0.0,7.400000000001455,0.0,7.400000000001455,7.400000000001455,96,14,97,Explotacion activa
1616,12,SA,trayectoria,24266.0,22472.0,True,False,7.400000000001455,0.0,7.400000000001455,0.0,7.400000000001455,7.400000000001455,97,15,98,Explotacion activa
1617,12,SA,trayectoria,24266.0,22840.0,True,False,7.400000000001455,0.0,7.400000000001455,0.0,7.400000000001455,7.400000000001455,98,16,99,Explotacion activa
1618,12,SA,trayectoria,24266.0,23152.0,True,False,7.400000000001455,0.0,7.400000000001455,0.0,7.400000000001455,7.400000000001455,99,17,100,Explotacion activa
1619,12,SA,trayectoria,24266.0,23451.0,True,False,7.400000000001455,0.0,7.400000000001455,0.0,7.400000000001455,7.400000000001455,100,18,101,Explotacion activa
1620,12,SA,trayectoria,24266.0,21830.0,True,False,7.400000000001455,0.0,7.400000000001455,0.0,7.400000000001455,7.400000000001455,101,19,102,Explotacion activa
1621,12,SA,trayectoria,24266.0,22694.0,True,False,7.400000000001455,0.0,7.400000000001455,0.0,7.400000000001455,7.400000000001455,102,20,103,Explotacion activa
1622,12,SA,trayectoria,24266.0,22799.0,True,False,7.400000000001455,0.0,7.400000000001455,0.0,7.400000000001455,7.400000000001455,103,21,104,Explotacion activa
1623,12,SA,trayectoria,24266.0,23362.0,True,False,7.400000000001455,0.0,7.400000000001455,0.0,7.400000000001455,7.400000000001455,104,22,105,Explotacion activa
1624,12,SA,trayectoria,24266.0,23211.0,True,False,7.400000000001455,0.0,7.400000000001455,0.0,7.400000000001455,7.400000000001455,105,23,106,Explotacion activa
1625,12,SA,trayectoria,24266.0,22276.0,True,False,7.400000000001455,0.0,7.400000000001455,0.0,7.400000000001455,7.400000000001455,106,24,107,Explotacion activa
1626,12,SA,trayectoria,24266.0,22581.0,True,True,7.400000000001455,0.0,7.400000000001455,0.0,7.400000000001455,7.400000000001455,107,25,108,ESTANCAMIENTO (Fire)
1627,13,EHO,poblacional,24266.0,24266.0,False,False,,,,,,,0,0,1,Llenando ventana
1628,13,EHO,poblacional,24266.0,24266.0,False,False,,,,,,,1,0,2,Llenando ventana
1629,13,EHO,poblacional,24266.0,24266.0,False,False,,,,,,,2,0,3,Llenando ventana
1630,13,EHO,poblacional,24266.0,24266.0,False,False,,,,,,,3,0,4,Llenando ventana
1631,13,EHO,poblacional,24266.0,24266.0,False,False,,,,,,,4,0,5,Llenando ventana
1632,13,EHO,poblacional,24266.0,24266.0,False,False,,,,,,,5,0,6,Llenando ventana
1633,13,EHO,poblacional,24266.0,24266.0,False,False,,,,,,,6,0,7,Llenando ventana
1634,13,EHO,poblacional,24266.0,24266.0,False,False,,,,,,,7,0,8,Llenando ventana
1635,13,EHO,poblacional,24266.0,24266.0,False,False,,,,,,,8,0,9,Llenando ventana
1636,13,EHO,poblacional,24266.0,24266.0,False,False,,,,,,,9,0,10,Llenando ventana
1637,13,EHO,poblacional,24266.0,24266.0,False,False,,,,,,,10,0,11,Llenando ventana
1638,13,EHO,poblacional,24266.0,24266.0,False,False,,,,,,,11,0,12,Llenando ventana
1639,13,EHO,poblacional,24266.0,24266.0,False,False,,,,,,,12,0,13,Llenando ventana
1640,13,EHO,poblacional,24266.0,24266.0,False,False,,,,,,,13,0,14,Llenando ventana
1641,13,EHO,poblacional,24266.0,24266.0,False,False,,,,,,,14,0,15,Llenando ventana
1642,13,EHO,poblacional,24266.0,24266.0,False,False,,,,,,,15,0,16,Llenando ventana
1643,13,EHO,poblacional,24266.0,24266.0,False,False,,,,,,,16,0,17,Llenando ventana
1644,13,EHO,poblacional,24266.0,24266.0,False,False,,,,,,,17,0,18,Llenando ventana
1645,13,EHO,poblacional,24266.0,24266.0,False,False,,,,,,,18,0,19,Llenando ventana
1646,13,EHO,poblacional,24266.0,24266.0,False,False,,,,,,,19,0,20,Llenando ventana
1647,13,EHO,poblacional,24266.0,24266.0,False,False,,,,,,,20,0,21,Llenando ventana
1648,13,EHO,poblacional,24266.0,24266.0,False,False,,,,,,,21,0,22,Llenando ventana
1649,13,EHO,poblacional,24266.0,24266.0,False,False,,,,,,,22,0,23,Llenando ventana
1650,13,EHO,poblacional,24266.0,24266.0,False,False,,,,,,,23,0,24,Llenando ventana
1651,13,EHO,poblacional,24266.0,24266.0,False,False,,,,,,,24,0,25,Llenando ventana
1652,13,EHO,poblacional,24266.0,24266.0,False,False,,,,,,,25,0,26,Llenando ventana
1653,13,EHO,poblacional,24266.0,24266.0,False,False,,,,,,,26,0,27,Llenando ventana
1654,13,EHO,poblacional,24266.0,24266.0,False,False,,,,,,,27,0,28,Llenando ventana
1655,13,EHO,poblacional,24266.0,24266.0,False,False,,,,,,,28,0,29,Llenando ventana
1656,13,EHO,poblacional,24266.0,24266.0,False,False,,,,,,,29,0,30,Llenando ventana
1657,13,EHO,poblacional,24266.0,24266.0,False,False,,,,,,,30,0,31,Llenando ventana
1658,13,EHO,poblacional,24266.0,24266.0,False,False,,,,,,,31,0,32,Llenando ventana
1659,13,EHO,poblacional,24266.0,24266.0,False,False,,,,,,,32,0,33,Llenando ventana
1660,13,EHO,poblacional,24266.0,24266.0,False,False,,,,,,,33,0,34,Llenando ventana
1661,13,EHO,poblacional,24266.0,24266.0,False,False,,,,,,,34,0,35,Llenando ventana
1662,13,EHO,poblacional,24266.0,24266.0,False,False,,,,,,,35,0,36,Llenando ventana
1663,13,EHO,poblacional,24266.0,24266.0,False,False,,,,,,,36,0,37,Llenando ventana
1664,13,EHO,poblacional,24266.0,24266.0,False,False,,,,,,,37,0,38,Llenando ventana
1665,13,EHO,poblacional,24266.0,24266.0,False,False,,,,,,,38,0,39,Llenando ventana
1666,13,EHO,poblacional,24266.0,24266.0,False,False,,,,,,,39,0,40,Llenando ventana
1667,13,EHO,poblacional,24266.0,24266.0,False,False,,,,,,,40,0,41,Llenando ventana
1668,13,EHO,poblacional,24266.0,24266.0,False,False,,,,,,,41,0,42,Llenando ventana
1669,13,EHO,poblacional,24266.0,24266.0,False,False,,,,,,,42,0,43,Llenando ventana
1670,13,EHO,poblacional,24266.0,24266.0,False,False,,,,,,,43,0,44,Llenando ventana
1671,13,EHO,poblacional,24266.0,24266.0,False,False,,,,,,,44,0,45,Llenando ventana
1672,13,EHO,poblacional,24266.0,24266.0,False,False,,,,,,,45,0,46,Llenando ventana
1673,13,EHO,poblacional,24266.0,24266.0,False,False,,,,,,,46,0,47,Llenando ventana
1674,13,EHO,poblacional,24266.0,24266.0,False,False,,,,,,,47,0,48,Llenando ventana
1675,13,EHO,poblacional,24266.0,24266.0,False,False,,,,,,,48,0,49,Llenando ventana
1676,13,EHO,poblacional,24266.0,24266.0,False,False,,,,,,,49,0,50,Llenando ventana
1677,13,EHO,poblacional,24266.0,24266.0,False,False,,,,,,,50,0,51,Llenando ventana
1678,13,EHO,poblacional,24266.0,24266.0,False,False,,,,,,,51,0,52,Llenando ventana
1679,13,EHO,poblacional,24266.0,24266.0,False,False,,,,,,,52,0,53,Llenando ventana
1680,13,EHO,poblacional,24266.0,24266.0,False,False,,,,,,,53,0,54,Llenando ventana
1681,13,EHO,poblacional,24266.0,24266.0,False,False,,,,,,,54,0,55,Llenando ventana
1682,13,EHO,poblacional,24266.0,24266.0,False,False,,,,,,,55,0,56,Llenando ventana
1683,13,EHO,poblacional,24266.0,24266.0,False,False,,,,,,,56,0,57,Llenando ventana
1684,13,EHO,poblacional,24266.0,24266.0,False,False,,,,,,,57,0,58,Llenando ventana
1685,13,EHO,poblacional,24266.0,24266.0,False,False,,,,,,,58,0,59,Llenando ventana
1686,13,EHO,poblacional,24266.0,24266.0,False,False,,,,,,,59,0,60,Llenando ventana
1687,13,EHO,poblacional,24266.0,24266.0,False,False,,,,,,,60,0,61,Llenando ventana
1688,13,EHO,poblacional,24266.0,24266.0,False,False,,,,,,,61,0,62,Llenando ventana
1689,13,EHO,poblacional,24266.0,24266.0,False,False,,,,,,,62,0,63,Llenando ventana
1690,13,EHO,poblacional,24266.0,24266.0,False,False,,,,,,,63,0,64,Llenando ventana
1691,13,EHO,poblacional,24266.0,24266.0,False,False,,,,,,,64,0,65,Llenando ventana
1692,13,EHO,poblacional,24266.0,24266.0,False,False,,,,,,,65,0,66,Llenando ventana
1693,13,EHO,poblacional,24266.0,24266.0,False,False,,,,,,,66,0,67,Llenando ventana
1694,13,EHO,poblacional,24266.0,24266.0,False,False,,,,,,,67,0,68,Llenando ventana
1695,13,EHO,poblacional,24266.0,24266.0,False,False,,,,,,,68,0,69,Llenando ventana
1696,13,EHO,poblacional,24266.0,24266.0,False,False,,,,,,,69,0,70,Llenando ventana
1697,13,EHO,poblacional,24266.0,24266.0,False,False,,,,,,,70,0,71,Llenando ventana
1698,13,EHO,poblacional,24266.0,24266.0,False,False,,,,,,,71,0,72,Llenando ventana
1699,13,EHO,poblacional,24266.0,24266.0,False,False,,,,,,,72,0,73,Llenando ventana
1700,13,EHO,poblacional,24266.0,24266.0,False,False,,,,,,,73,0,74,Llenando ventana
1701,13,EHO,poblacional,24266.0,24266.0,True,False,7.400000000001455,0.0,7.400000000001455,7.5,37.5,22.5,74,0,75,Explotacion activa
1702,13,EHO,poblacional,24266.0,24266.0,True,False,7.400000000001455,0.0,7.400000000001455,7.5,37.5,22.5,75,0,76,Explotacion activa
1703,13,EHO,poblacional,24266.0,24266.0,True,False,7.400000000001455,0.0,7.400000000001455,7.5,37.5,22.5,76,0,77,Explotacion activa
1704,13,EHO,poblacional,24266.0,24266.0,True,False,7.400000000001455,0.0,7.400000000001455,7.5,37.5,22.5,77,0,78,Explotacion activa
1705,13,EHO,poblacional,24266.0,24266.0,True,False,7.400000000001455,0.0,7.400000000001455,7.5,37.5,22.5,78,0,79,Explotacion activa
1706,13,EHO,poblacional,24266.0,24266.0,True,False,7.400000000001455,0.0,7.400000000001455,7.5,37.5,22.5,79,0,80,Explotacion activa
1707,13,EHO,poblacional,24266.0,24266.0,True,False,7.400000000001455,0.0,7.400000000001455,7.5,37.5,22.5,80,0,81,Explotacion activa
1708,13,EHO,poblacional,24266.0,24266.0,True,False,7.400000000001455,0.0,7.400000000001455,7.5,37.5,22.5,81,0,82,Explotacion activa
1709,13,EHO,poblacional,24266.0,24266.0,True,False,7.400000000001455,0.0,7.400000000001455,7.5,37.5,22.5,82,0,83,Explotacion activa
1710,13,EHO,poblacional,24266.0,24266.0,True,False,7.400000000001455,0.0,7.400000000001455,0.0,7.400000000001455,7.400000000001455,83,1,84,Explotacion activa
1711,13,EHO,poblacional,24266.0,24266.0,True,False,7.400000000001455,0.0,7.400000000001455,0.0,7.400000000001455,7.400000000001455,84,2,85,Explotacion activa
1712,13,EHO,poblacional,24266.0,24266.0,True,False,7.400000000001455,0.0,7.400000000001455,0.0,7.400000000001455,7.400000000001455,85,3,86,Explotacion activa
1713,13,EHO,poblacional,24266.0,24266.0,True,False,7.400000000001455,0.0,7.400000000001455,0.0,7.400000000001455,7.400000000001455,86,4,87,Explotacion activa
1714,13,EHO,poblacional,24266.0,24266.0,True,False,7.400000000001455,0.0,7.400000000001455,0.0,7.400000000001455,7.400000000001455,87,5,88,Explotacion activa
1715,13,EHO,poblacional,24266.0,24266.0,True,False,7.400000000001455,0.0,7.400000000001455,0.0,7.400000000001455,7.400000000001455,88,6,89,Explotacion activa
1716,13,EHO,poblacional,24266.0,24266.0,True,False,7.400000000001455,0.0,7.400000000001455,0.0,7.400000000001455,7.400000000001455,89,7,90,Explotacion activa
1717,13,EHO,poblacional,24266.0,24266.0,True,False,7.400000000001455,0.0,7.400000000001455,0.0,7.400000000001455,7.400000000001455,90,8,91,Explotacion activa
1718,13,EHO,poblacional,24266.0,24266.0,True,False,7.400000000001455,0.0,7.400000000001455,0.0,7.400000000001455,7.400000000001455,91,9,92,Explotacion activa
1719,13,EHO,poblacional,24266.0,24266.0,True,False,7.400000000001455,0.0,7.400000000001455,0.0,7.400000000001455,7.400000000001455,92,10,93,Explotacion activa
1720,13,EHO,poblacional,24266.0,24266.0,True,False,7.400000000001455,0.0,7.400000000001455,0.0,7.400000000001455,7.400000000001455,93,11,94,Explotacion activa
1721,13,EHO,poblacional,24266.0,24266.0,True,False,7.400000000001455,0.0,7.400000000001455,0.0,7.400000000001455,7.400000000001455,94,12,95,Explotacion activa
1722,13,EHO,poblacional,24266.0,24266.0,True,False,7.400000000001455,0.0,7.400000000001455,0.0,7.400000000001455,7.400000000001455,95,13,96,Explotacion activa
1723,13,EHO,poblacional,24266.0,24266.0,True,False,7.400000000001455,0.0,7.400000000001455,0.0,7.400000000001455,7.400000000001455,96,14,97,Explotacion activa
1724,13,EHO,poblacional,24266.0,24266.0,True,False,7.400000000001455,0.0,7.400000000001455,0.0,7.400000000001455,7.400000000001455,97,15,98,Explotacion activa
1725,13,EHO,poblacional,24266.0,24266.0,True,False,7.400000000001455,0.0,7.400000000001455,0.0,7.400000000001455,7.400000000001455,98,16,99,Explotacion activa
1726,13,EHO,poblacional,24266.0,24266.0,True,False,7.400000000001455,0.0,7.400000000001455,0.0,7.400000000001455,7.400000000001455,99,17,100,Explotacion activa
1727,13,EHO,poblacional,24266.0,24266.0,True,False,7.400000000001455,0.0,7.400000000001455,0.0,7.400000000001455,7.400000000001455,100,18,101,Explotacion activa
1728,13,EHO,poblacional,24266.0,24266.0,True,False,7.400000000001455,0.0,7.400000000001455,0.0,7.400000000001455,7.400000000001455,101,19,102,Explotacion activa
1729,13,EHO,poblacional,24266.0,24266.0,True,False,7.400000000001455,0.0,7.400000000001455,0.0,7.400000000001455,7.400000000001455,102,20,103,Explotacion activa
1730,13,EHO,poblacional,24266.0,24266.0,True,False,7.400000000001455,0.0,7.400000000001455,0.0,7.400000000001455,7.400000000001455,103,21,104,Explotacion activa
1731,13,EHO,poblacional,24266.0,24266.0,True,False,7.400000000001455,0.0,7.400000000001455,0.0,7.400000000001455,7.400000000001455,104,22,105,Explotacion activa
1732,13,EHO,poblacional,24266.0,24266.0,True,False,7.400000000001455,0.0,7.400000000001455,0.0,7.400000000001455,7.400000000001455,105,23,106,Explotacion activa
1733,13,EHO,poblacional,24266.0,24266.0,True,False,7.400000000001455,0.0,7.400000000001455,0.0,7.400000000001455,7.400000000001455,106,24,107,Explotacion activa
1734,13,EHO,poblacional,24266.0,24266.0,True,True,7.400000000001455,0.0,7.400000000001455,0.0,7.400000000001455,7.400000000001455,107,25,108,ESTANCAMIENTO (Fire)
1735,14,VNS,trayectoria,24266.0,24266.0,False,False,,,,,,,0,0,1,Llenando ventana
1736,14,VNS,trayectoria,24266.0,24266.0,False,False,,,,,,,1,0,2,Llenando ventana
1737,14,VNS,trayectoria,24266.0,24266.0,False,False,,,,,,,2,0,3,Llenando ventana
1738,14,VNS,trayectoria,24266.0,24266.0,False,False,,,,,,,3,0,4,Llenando ventana
1739,14,VNS,trayectoria,24266.0,24266.0,False,False,,,,,,,4,0,5,Llenando ventana
1740,14,VNS,trayectoria,24266.0,24266.0,False,False,,,,,,,5,0,6,Llenando ventana
1741,14,VNS,trayectoria,24266.0,24266.0,False,False,,,,,,,6,0,7,Llenando ventana
1742,14,VNS,trayectoria,24266.0,24266.0,False,False,,,,,,,7,0,8,Llenando ventana
1743,14,VNS,trayectoria,24266.0,24266.0,False,False,,,,,,,8,0,9,Llenando ventana
1744,14,VNS,trayectoria,24266.0,24266.0,False,False,,,,,,,9,0,10,Llenando ventana
1745,14,VNS,trayectoria,24266.0,24266.0,False,False,,,,,,,10,0,11,Llenando ventana
1746,14,VNS,trayectoria,24266.0,24266.0,False,False,,,,,,,11,0,12,Llenando ventana
1747,14,VNS,trayectoria,24266.0,24266.0,False,False,,,,,,,12,0,13,Llenando ventana
1748,14,VNS,trayectoria,24266.0,24266.0,False,False,,,,,,,13,0,14,Llenando ventana
1749,14,VNS,trayectoria,24266.0,24266.0,False,False,,,,,,,14,0,15,Llenando ventana
1750,14,VNS,trayectoria,24266.0,24266.0,False,False,,,,,,,15,0,16,Llenando ventana
1751,14,VNS,trayectoria,24266.0,24266.0,False,False,,,,,,,16,0,17,Llenando ventana
1752,14,VNS,trayectoria,24266.0,24266.0,False,False,,,,,,,17,0,18,Llenando ventana
1753,14,VNS,trayectoria,24266.0,24266.0,False,False,,,,,,,18,0,19,Llenando ventana
1754,14,VNS,trayectoria,24266.0,24266.0,False,False,,,,,,,19,0,20,Llenando ventana
1755,14,VNS,trayectoria,24266.0,24266.0,False,False,,,,,,,20,0,21,Llenando ventana
1756,14,VNS,trayectoria,24266.0,24266.0,False,False,,,,,,,21,0,22,Llenando ventana
1757,14,VNS,trayectoria,24266.0,24266.0,False,False,,,,,,,22,0,23,Llenando ventana
1758,14,VNS,trayectoria,24266.0,24266.0,False,False,,,,,,,23,0,24,Llenando ventana
1759,14,VNS,trayectoria,24266.0,24266.0,False,False,,,,,,,24,0,25,Llenando ventana
1760,14,VNS,trayectoria,24266.0,24266.0,False,False,,,,,,,25,0,26,Llenando ventana
1761,14,VNS,trayectoria,24266.0,24266.0,False,False,,,,,,,26,0,27,Llenando ventana
1762,14,VNS,trayectoria,24266.0,24266.0,False,False,,,,,,,27,0,28,Llenando ventana
1763,14,VNS,trayectoria,24266.0,24266.0,False,False,,,,,,,28,0,29,Llenando ventana
1764,14,VNS,trayectoria,24266.0,24266.0,False,False,,,,,,,29,0,30,Llenando ventana
1765,14,VNS,trayectoria,24266.0,24266.0,False,False,,,,,,,30,0,31,Llenando ventana
1766,14,VNS,trayectoria,24266.0,24266.0,False,False,,,,,,,31,0,32,Llenando ventana
1767,14,VNS,trayectoria,24266.0,24266.0,False,False,,,,,,,32,0,33,Llenando ventana
1768,14,VNS,trayectoria,24266.0,24266.0,False,False,,,,,,,33,0,34,Llenando ventana
1769,14,VNS,trayectoria,24266.0,24266.0,False,False,,,,,,,34,0,35,Llenando ventana
1770,14,VNS,trayectoria,24266.0,24266.0,False,False,,,,,,,35,0,36,Llenando ventana
1771,14,VNS,trayectoria,24266.0,24266.0,False,False,,,,,,,36,0,37,Llenando ventana
1772,14,VNS,trayectoria,24266.0,24266.0,False,False,,,,,,,37,0,38,Llenando ventana
1773,14,VNS,trayectoria,24266.0,24266.0,False,False,,,,,,,38,0,39,Llenando ventana
1774,14,VNS,trayectoria,24266.0,24266.0,False,False,,,,,,,39,0,40,Llenando ventana
1775,14,VNS,trayectoria,24266.0,24266.0,False,False,,,,,,,40,0,41,Llenando ventana
1776,14,VNS,trayectoria,24266.0,24266.0,False,False,,,,,,,41,0,42,Llenando ventana
1777,14,VNS,trayectoria,24266.0,24266.0,False,False,,,,,,,42,0,43,Llenando ventana
1778,14,VNS,trayectoria,24266.0,24266.0,False,False,,,,,,,43,0,44,Llenando ventana
1779,14,VNS,trayectoria,24266.0,24266.0,False,False,,,,,,,44,0,45,Llenando ventana
1780,14,VNS,trayectoria,24266.0,24266.0,False,False,,,,,,,45,0,46,Llenando ventana
1781,14,VNS,trayectoria,24266.0,24266.0,False,False,,,,,,,46,0,47,Llenando ventana
1782,14,VNS,trayectoria,24266.0,24266.0,False,False,,,,,,,47,0,48,Llenando ventana
1783,14,VNS,trayectoria,24266.0,24266.0,False,False,,,,,,,48,0,49,Llenando ventana
1784,14,VNS,trayectoria,24266.0,24266.0,False,False,,,,,,,49,0,50,Llenando ventana
1785,14,VNS,trayectoria,24266.0,24266.0,False,False,,,,,,,50,0,51,Llenando ventana
1786,14,VNS,trayectoria,24266.0,24266.0,False,False,,,,,,,51,0,52,Llenando ventana
1787,14,VNS,trayectoria,24266.0,24266.0,False,False,,,,,,,52,0,53,Llenando ventana
1788,14,VNS,trayectoria,24266.0,24266.0,False,False,,,,,,,53,0,54,Llenando ventana
1789,14,VNS,trayectoria,24266.0,24266.0,False,False,,,,,,,54,0,55,Llenando ventana
1790,14,VNS,trayectoria,24266.0,24266.0,False,False,,,,,,,55,0,56,Llenando ventana
1791,14,VNS,trayectoria,24266.0,24266.0,False,False,,,,,,,56,0,57,Llenando ventana
1792,14,VNS,trayectoria,24266.0,24266.0,False,False,,,,,,,57,0,58,Llenando ventana
1793,14,VNS,trayectoria,24266.0,24266.0,False,False,,,,,,,58,0,59,Llenando ventana
1794,14,VNS,trayectoria,24266.0,24266.0,False,False,,,,,,,59,0,60,Llenando ventana
1795,14,VNS,trayectoria,24266.0,24266.0,False,False,,,,,,,60,0,61,Llenando ventana
1796,14,VNS,trayectoria,24266.0,24266.0,False,False,,,,,,,61,0,62,Llenando ventana
1797,14,VNS,trayectoria,24266.0,24266.0,False,False,,,,,,,62,0,63,Llenando ventana
1798,14,VNS,trayectoria,24266.0,24266.0,False,False,,,,,,,63,0,64,Llenando ventana
1799,14,VNS,trayectoria,24266.0,24266.0,False,False,,,,,,,64,0,65,Llenando ventana
1800,14,VNS,trayectoria,24266.0,24266.0,False,False,,,,,,,65,0,66,Llenando ventana
1801,14,VNS,trayectoria,24266.0,24266.0,False,False,,,,,,,66,0,67,Llenando ventana
1802,14,VNS,trayectoria,24266.0,24266.0,False,False,,,,,,,67,0,68,Llenando ventana
1803,14,VNS,trayectoria,24266.0,24266.0,False,False,,,,,,,68,0,69,Llenando ventana
1804,14,VNS,trayectoria,24266.0,24266.0,False,False,,,,,,,69,0,70,Llenando ventana
1805,14,VNS,trayectoria,24266.0,24266.0,False,False,,,,,,,70,0,71,Llenando ventana
1806,14,VNS,trayectoria,24266.0,24266.0,False,False,,,,,,,71,0,72,Llenando ventana
1807,14,VNS,trayectoria,24266.0,24266.0,False,False,,,,,,,72,0,73,Llenando ventana
1808,14,VNS,trayectoria,24266.0,24266.0,False,False,,,,,,,73,0,74,Llenando ventana
1809,14,VNS,trayectoria,24266.0,24266.0,True,False,7.400000000001455,0.0,7.400000000001455,7.5,37.5,22.5,74,0,75,Explotacion activa
1810,14,VNS,trayectoria,24266.0,24266.0,True,False,7.400000000001455,0.0,7.400000000001455,7.5,37.5,22.5,75,0,76,Explotacion activa
1811,14,VNS,trayectoria,24266.0,24266.0,True,False,7.400000000001455,0.0,7.400000000001455,7.5,37.5,22.5,76,0,77,Explotacion activa
1812,14,VNS,trayectoria,24266.0,24266.0,True,False,7.400000000001455,0.0,7.400000000001455,7.5,37.5,22.5,77,0,78,Explotacion activa
1813,14,VNS,trayectoria,24266.0,24266.0,True,False,7.400000000001455,0.0,7.400000000001455,7.5,37.5,22.5,78,0,79,Explotacion activa
1814,14,VNS,trayectoria,24266.0,24266.0,True,False,7.400000000001455,0.0,7.400000000001455,7.5,37.5,22.5,79,0,80,Explotacion activa
1815,14,VNS,trayectoria,24266.0,24266.0,True,False,7.400000000001455,0.0,7.400000000001455,7.5,37.5,22.5,80,0,81,Explotacion activa
1816,14,VNS,trayectoria,24266.0,24266.0,True,False,7.400000000001455,0.0,7.400000000001455,7.5,37.5,22.5,81,0,82,Explotacion activa
1817,14,VNS,trayectoria,24266.0,24266.0,True,False,7.400000000001455,0.0,7.400000000001455,7.5,37.5,22.5,82,0,83,Explotacion activa
1818,14,VNS,trayectoria,24266.0,24266.0,True,False,7.400000000001455,0.0,7.400000000001455,0.0,7.400000000001455,7.400000000001455,83,1,84,Explotacion activa
1819,14,VNS,trayectoria,24266.0,24266.0,True,False,7.400000000001455,0.0,7.400000000001455,0.0,7.400000000001455,7.400000000001455,84,2,85,Explotacion activa
1820,14,VNS,trayectoria,24266.0,24266.0,True,False,7.400000000001455,0.0,7.400000000001455,0.0,7.400000000001455,7.400000000001455,85,3,86,Explotacion activa
1821,14,VNS,trayectoria,24266.0,24266.0,True,False,7.400000000001455,0.0,7.400000000001455,0.0,7.400000000001455,7.400000000001455,86,4,87,Explotacion activa
1822,14,VNS,trayectoria,24266.0,24266.0,True,False,7.400000000001455,0.0,7.400000000001455,0.0,7.400000000001455,7.400000000001455,87,5,88,Explotacion activa
1823,14,VNS,trayectoria,24266.0,24266.0,True,False,7.400000000001455,0.0,7.400000000001455,0.0,7.400000000001455,7.400000000001455,88,6,89,Explotacion activa
1824,14,VNS,trayectoria,24266.0,24266.0,True,False,7.400000000001455,0.0,7.400000000001455,0.0,7.400000000001455,7.400000000001455,89,7,90,Explotacion activa
1825,14,VNS,trayectoria,24266.0,24266.0,True,False,7.400000000001455,0.0,7.400000000001455,0.0,7.400000000001455,7.400000000001455,90,8,91,Explotacion activa
1826,14,VNS,trayectoria,24266.0,24266.0,True,False,7.400000000001455,0.0,7.400000000001455,0.0,7.400000000001455,7.400000000001455,91,9,92,Explotacion activa
1827,14,VNS,trayectoria,24266.0,24266.0,True,False,7.400000000001455,0.0,7.400000000001455,0.0,7.400000000001455,7.400000000001455,92,10,93,Explotacion activa
1828,14,VNS,trayectoria,24266.0,24266.0,True,False,7.400000000001455,0.0,7.400000000001455,0.0,7.400000000001455,7.400000000001455,93,11,94,Explotacion activa
1829,14,VNS,trayectoria,24266.0,24266.0,True,False,7.400000000001455,0.0,7.400000000001455,0.0,7.400000000001455,7.400000000001455,94,12,95,Explotacion activa
1830,14,VNS,trayectoria,24266.0,24266.0,True,False,7.400000000001455,0.0,7.400000000001455,0.0,7.400000000001455,7.400000000001455,95,13,96,Explotacion activa
1831,14,VNS,trayectoria,24266.0,24266.0,True,False,7.400000000001455,0.0,7.400000000001455,0.0,7.400000000001455,7.400000000001455,96,14,97,Explotacion activa
1832,14,VNS,trayectoria,24266.0,24266.0,True,False,7.400000000001455,0.0,7.400000000001455,0.0,7.400000000001455,7.400000000001455,97,15,98,Explotacion activa
1833,14,VNS,trayectoria,24266.0,24266.0,True,False,7.400000000001455,0.0,7.400000000001455,0.0,7.400000000001455,7.400000000001455,98,16,99,Explotacion activa
1834,14,VNS,trayectoria,24266.0,24266.0,True,False,7.400000000001455,0.0,7.400000000001455,0.0,7.400000000001455,7.400000000001455,99,17,100,Explotacion activa
1835,14,VNS,trayectoria,24266.0,24266.0,True,False,7.400000000001455,0.0,7.400000000001455,0.0,7.400000000001455,7.400000000001455,100,18,101,Explotacion activa
1836,14,VNS,trayectoria,24266.0,24266.0,True,False,7.400000000001455,0.0,7.400000000001455,0.0,7.400000000001455,7.400000000001455,101,19,102,Explotacion activa
1837,14,VNS,trayectoria,24266.0,24266.0,True,False,7.400000000001455,0.0,7.400000000001455,0.0,7.400000000001455,7.400000000001455,102,20,103,Explotacion activa
1838,14,VNS,trayectoria,24266.0,24266.0,True,False,7.400000000001455,0.0,7.400000000001455,0.0,7.400000000001455,7.400000000001455,103,21,104,Explotacion activa
1839,14,VNS,trayectoria,24266.0,24266.0,True,False,7.400000000001455,0.0,7.400000000001455,0.0,7.400000000001455,7.400000000001455,104,22,105,Explotacion activa
1840,14,VNS,trayectoria,24266.0,24266.0,True,False,7.400000000001455,0.0,7.400000000001455,0.0,7.400000000001455,7.400000000001455,105,23,106,Explotacion activa
1841,14,VNS,trayectoria,24266.0,24266.0,True,False,7.400000000001455,0.0,7.400000000001455,0.0,7.400000000001455,7.400000000001455,106,24,107,Explotacion activa
1842,14,VNS,trayectoria,24266.0,24266.0,True,True,7.400000000001455,0.0,7.400000000001455,0.0,7.400000000001455,7.400000000001455,107,25,108,ESTANCAMIENTO (Fire)
1843,15,EHO,poblacional,24266.0,24266.0,False,False,,,,,,,0,0,1,Llenando ventana
1844,15,EHO,poblacional,24266.0,24266.0,False,False,,,,,,,1,0,2,Llenando ventana
1845,15,EHO,poblacional,24266.0,24266.0,False,False,,,,,,,2,0,3,Llenando ventana
1846,15,EHO,poblacional,24266.0,24266.0,False,False,,,,,,,3,0,4,Llenando ventana
1847,15,EHO,poblacional,24266.0,24266.0,False,False,,,,,,,4,0,5,Llenando ventana
1848,15,EHO,poblacional,24266.0,24266.0,False,False,,,,,,,5,0,6,Llenando ventana
1849,15,EHO,poblacional,24266.0,24266.0,False,False,,,,,,,6,0,7,Llenando ventana
1850,15,EHO,poblacional,24266.0,24266.0,False,False,,,,,,,7,0,8,Llenando ventana
1851,15,EHO,poblacional,24266.0,24266.0,False,False,,,,,,,8,0,9,Llenando ventana
1852,15,EHO,poblacional,24266.0,24266.0,False,False,,,,,,,9,0,10,Llenando ventana
1853,15,EHO,poblacional,24266.0,24266.0,False,False,,,,,,,10,0,11,Llenando ventana
1854,15,EHO,poblacional,24266.0,24266.0,False,False,,,,,,,11,0,12,Llenando ventana
1855,15,EHO,poblacional,24266.0,24266.0,False,False,,,,,,,12,0,13,Llenando ventana
1856,15,EHO,poblacional,24266.0,24266.0,False,False,,,,,,,13,0,14,Llenando ventana
1857,15,EHO,poblacional,24266.0,24266.0,False,False,,,,,,,14,0,15,Llenando ventana
1858,15,EHO,poblacional,24266.0,24266.0,False,False,,,,,,,15,0,16,Llenando ventana
1859,15,EHO,poblacional,24266.0,24266.0,False,False,,,,,,,16,0,17,Llenando ventana
1860,15,EHO,poblacional,24266.0,24266.0,False,False,,,,,,,17,0,18,Llenando ventana
1861,15,EHO,poblacional,24266.0,24266.0,False,False,,,,,,,18,0,19,Llenando ventana
1862,15,EHO,poblacional,24266.0,24266.0,False,False,,,,,,,19,0,20,Llenando ventana
1863,15,EHO,poblacional,24266.0,24266.0,False,False,,,,,,,20,0,21,Llenando ventana
1864,15,EHO,poblacional,24266.0,24266.0,False,False,,,,,,,21,0,22,Llenando ventana
1865,15,EHO,poblacional,24266.0,24266.0,False,False,,,,,,,22,0,23,Llenando ventana
1866,15,EHO,poblacional,24266.0,24266.0,False,False,,,,,,,23,0,24,Llenando ventana
1867,15,EHO,poblacional,24266.0,24266.0,False,False,,,,,,,24,0,25,Llenando ventana
1868,15,EHO,poblacional,24266.0,24266.0,False,False,,,,,,,25,0,26,Llenando ventana
1869,15,EHO,poblacional,24266.0,24266.0,False,False,,,,,,,26,0,27,Llenando ventana
1870,15,EHO,poblacional,24266.0,24266.0,False,False,,,,,,,27,0,28,Llenando ventana
1871,15,EHO,poblacional,24266.0,24266.0,False,False,,,,,,,28,0,29,Llenando ventana
1872,15,EHO,poblacional,24266.0,24266.0,False,False,,,,,,,29,0,30,Llenando ventana
1873,15,EHO,poblacional,24266.0,24266.0,False,False,,,,,,,30,0,31,Llenando ventana
1874,15,EHO,poblacional,24266.0,24266.0,False,False,,,,,,,31,0,32,Llenando ventana
1875,15,EHO,poblacional,24266.0,24266.0,False,False,,,,,,,32,0,33,Llenando ventana
1876,15,EHO,poblacional,24266.0,24266.0,False,False,,,,,,,33,0,34,Llenando ventana
1877,15,EHO,poblacional,24266.0,24266.0,False,False,,,,,,,34,0,35,Llenando ventana
1878,15,EHO,poblacional,24266.0,24266.0,False,False,,,,,,,35,0,36,Llenando ventana
1879,15,EHO,poblacional,24266.0,24266.0,False,False,,,,,,,36,0,37,Llenando ventana
1880,15,EHO,poblacional,24266.0,24266.0,False,False,,,,,,,37,0,38,Llenando ventana
1881,15,EHO,poblacional,24266.0,24266.0,False,False,,,,,,,38,0,39,Llenando ventana
1882,15,EHO,poblacional,24266.0,24266.0,False,False,,,,,,,39,0,40,Llenando ventana
1883,15,EHO,poblacional,24266.0,24266.0,False,False,,,,,,,40,0,41,Llenando ventana
1884,15,EHO,poblacional,24266.0,24266.0,False,False,,,,,,,41,0,42,Llenando ventana
1885,15,EHO,poblacional,24266.0,24266.0,False,False,,,,,,,42,0,43,Llenando ventana
1886,15,EHO,poblacional,24266.0,24266.0,False,False,,,,,,,43,0,44,Llenando ventana
1887,15,EHO,poblacional,24266.0,24266.0,False,False,,,,,,,44,0,45,Llenando ventana
1888,15,EHO,poblacional,24266.0,24266.0,False,False,,,,,,,45,0,46,Llenando ventana
1889,15,EHO,poblacional,24266.0,24266.0,False,False,,,,,,,46,0,47,Llenando ventana
1890,15,EHO,poblacional,24266.0,24266.0,False,False,,,,,,,47,0,48,Llenando ventana
1891,15,EHO,poblacional,24266.0,24266.0,False,False,,,,,,,48,0,49,Llenando ventana
1892,15,EHO,poblacional,24266.0,24266.0,False,False,,,,,,,49,0,50,Llenando ventana
1893,15,EHO,poblacional,24266.0,24266.0,False,False,,,,,,,50,0,51,Llenando ventana
1894,15,EHO,poblacional,24266.0,24266.0,False,False,,,,,,,51,0,52,Llenando ventana
1895,15,EHO,poblacional,24266.0,24266.0,False,False,,,,,,,52,0,53,Llenando ventana
1896,15,EHO,poblacional,24266.0,24266.0,False,False,,,,,,,53,0,54,Llenando ventana
1897,15,EHO,poblacional,24266.0,24266.0,False,False,,,,,,,54,0,55,Llenando ventana
1898,15,EHO,poblacional,24266.0,24266.0,False,False,,,,,,,55,0,56,Llenando ventana
1899,15,EHO,poblacional,24266.0,24266.0,False,False,,,,,,,56,0,57,Llenando ventana
1900,15,EHO,poblacional,24266.0,24266.0,False,False,,,,,,,57,0,58,Llenando ventana
1901,15,EHO,poblacional,24266.0,24266.0,False,False,,,,,,,58,0,59,Llenando ventana
1902,15,EHO,poblacional,24266.0,24266.0,False,False,,,,,,,59,0,60,Llenando ventana
1903,15,EHO,poblacional,24266.0,24266.0,False,False,,,,,,,60,0,61,Llenando ventana
1904,15,EHO,poblacional,24266.0,24266.0,False,False,,,,,,,61,0,62,Llenando ventana
1905,15,EHO,poblacional,24266.0,24266.0,False,False,,,,,,,62,0,63,Llenando ventana
1906,15,EHO,poblacional,24266.0,24266.0,False,False,,,,,,,63,0,64,Llenando ventana
1907,15,EHO,poblacional,24266.0,24266.0,False,False,,,,,,,64,0,65,Llenando ventana
1908,15,EHO,poblacional,24266.0,24266.0,False,False,,,,,,,65,0,66,Llenando ventana
1909,15,EHO,poblacional,24266.0,24266.0,False,False,,,,,,,66,0,67,Llenando ventana
1910,15,EHO,poblacional,24266.0,24266.0,False,False,,,,,,,67,0,68,Llenando ventana
1911,15,EHO,poblacional,24266.0,24266.0,False,False,,,,,,,68,0,69,Llenando ventana
1912,15,EHO,poblacional,24266.0,24266.0,False,False,,,,,,,69,0,70,Llenando ventana
1913,15,EHO,poblacional,24266.0,24266.0,False,False,,,,,,,70,0,71,Llenando ventana
1914,15,EHO,poblacional,24266.0,24266.0,False,False,,,,,,,71,0,72,Llenando ventana
1915,15,EHO,poblacional,24266.0,24266.0,False,False,,,,,,,72,0,73,Llenando ventana
1916,15,EHO,poblacional,24266.0,24266.0,False,False,,,,,,,73,0,74,Llenando ventana
1917,15,EHO,poblacional,24266.0,24266.0,True,False,7.400000000001455,0.0,7.400000000001455,7.5,37.5,22.5,74,0,75,Explotacion activa
1918,15,EHO,poblacional,24266.0,24266.0,True,False,7.400000000001455,0.0,7.400000000001455,7.5,37.5,22.5,75,0,76,Explotacion activa
1919,15,EHO,poblacional,24266.0,24266.0,True,False,7.400000000001455,0.0,7.400000000001455,7.5,37.5,22.5,76,0,77,Explotacion activa
1920,15,EHO,poblacional,24266.0,24266.0,True,False,7.400000000001455,0.0,7.400000000001455,7.5,37.5,22.5,77,0,78,Explotacion activa
1921,15,EHO,poblacional,24266.0,24266.0,True,False,7.400000000001455,0.0,7.400000000001455,7.5,37.5,22.5,78,0,79,Explotacion activa
1922,15,EHO,poblacional,24266.0,24266.0,True,False,7.400000000001455,0.0,7.400000000001455,7.5,37.5,22.5,79,0,80,Explotacion activa
1923,15,EHO,poblacional,24266.0,24266.0,True,False,7.400000000001455,0.0,7.400000000001455,7.5,37.5,22.5,80,0,81,Explotacion activa
1924,15,EHO,poblacional,24266.0,24266.0,True,False,7.400000000001455,0.0,7.400000000001455,7.5,37.5,22.5,81,0,82,Explotacion activa
1925,15,EHO,poblacional,24266.0,24266.0,True,False,7.400000000001455,0.0,7.400000000001455,7.5,37.5,22.5,82,0,83,Explotacion activa
1926,15,EHO,poblacional,24266.0,24266.0,True,False,7.400000000001455,0.0,7.400000000001455,0.0,7.400000000001455,7.400000000001455,83,1,84,Explotacion activa
1927,15,EHO,poblacional,24266.0,24266.0,True,False,7.400000000001455,0.0,7.400000000001455,0.0,7.400000000001455,7.400000000001455,84,2,85,Explotacion activa
1928,15,EHO,poblacional,24266.0,24266.0,True,False,7.400000000001455,0.0,7.400000000001455,0.0,7.400000000001455,7.400000000001455,85,3,86,Explotacion activa
1929,15,EHO,poblacional,24266.0,24266.0,True,False,7.400000000001455,0.0,7.400000000001455,0.0,7.400000000001455,7.400000000001455,86,4,87,Explotacion activa
1930,15,EHO,poblacional,24266.0,24266.0,True,False,7.400000000001455,0.0,7.400000000001455,0.0,7.400000000001455,7.400000000001455,87,5,88,Explotacion activa
1931,15,EHO,poblacional,24266.0,24266.0,True,False,7.400000000001455,0.0,7.400000000001455,0.0,7.400000000001455,7.400000000001455,88,6,89,Explotacion activa
1932,15,EHO,poblacional,24266.0,24266.0,True,False,7.400000000001455,0.0,7.400000000001455,0.0,7.400000000001455,7.400000000001455,89,7,90,Explotacion activa
1933,15,EHO,poblacional,24266.0,24266.0,True,False,7.400000000001455,0.0,7.400000000001455,0.0,7.400000000001455,7.400000000001455,90,8,91,Explotacion activa
1934,15,EHO,poblacional,24266.0,24266.0,True,False,7.400000000001455,0.0,7.400000000001455,0.0,7.400000000001455,7.400000000001455,91,9,92,Explotacion activa
1935,15,EHO,poblacional,24266.0,24266.0,True,False,7.400000000001455,0.0,7.400000000001455,0.0,7.400000000001455,7.400000000001455,92,10,93,Explotacion activa
1936,15,EHO,poblacional,24266.0,24266.0,True,False,7.400000000001455,0.0,7.400000000001455,0.0,7.400000000001455,7.400000000001455,93,11,94,Explotacion activa
1937,15,EHO,poblacional,24266.0,24266.0,True,False,7.400000000001455,0.0,7.400000000001455,0.0,7.400000000001455,7.400000000001455,94,12,95,Explotacion activa
1938,15,EHO,poblacional,24266.0,24266.0,True,False,7.400000000001455,0.0,7.400000000001455,0.0,7.400000000001455,7.400000000001455,95,13,96,Explotacion activa
1939,15,EHO,poblacional,24266.0,24266.0,True,False,7.400000000001455,0.0,7.400000000001455,0.0,7.400000000001455,7.400000000001455,96,14,97,Explotacion activa
1940,15,EHO,poblacional,24266.0,24266.0,True,False,7.400000000001455,0.0,7.400000000001455,0.0,7.400000000001455,7.400000000001455,97,15,98,Explotacion activa
1941,15,EHO,poblacional,24266.0,24266.0,True,False,7.400000000001455,0.0,7.400000000001455,0.0,7.400000000001455,7.400000000001455,98,16,99,Explotacion activa
1942,15,EHO,poblacional,24266.0,24266.0,True,False,7.400000000001455,0.0,7.400000000001455,0.0,7.400000000001455,7.400000000001455,99,17,100,Explotacion activa
1943,15,EHO,poblacional,24266.0,24266.0,True,False,7.400000000001455,0.0,7.400000000001455,0.0,7.400000000001455,7.400000000001455,100,18,101,Explotacion activa
1944,15,EHO,poblacional,24266.0,24266.0,True,False,7.400000000001455,0.0,7.400000000001455,0.0,7.400000000001455,7.400000000001455,101,19,102,Explotacion activa
1945,15,EHO,poblacional,24266.0,24266.0,True,False,7.400000000001455,0.0,7.400000000001455,0.0,7.400000000001455,7.400000000001455,102,20,103,Explotacion activa
1946,15,EHO,poblacional,24266.0,24266.0,True,False,7.400000000001455,0.0,7.400000000001455,0.0,7.400000000001455,7.400000000001455,103,21,104,Explotacion activa
1947,15,EHO,poblacional,24266.0,24266.0,True,False,7.400000000001455,0.0,7.400000000001455,0.0,7.400000000001455,7.400000000001455,104,22,105,Explotacion activa
1948,15,EHO,poblacional,24266.0,24266.0,True,False,7.400000000001455,0.0,7.400000000001455,0.0,7.400000000001455,7.400000000001455,105,23,106,Explotacion activa
1949,15,EHO,poblacional,24266.0,24266.0,True,False,7.400000000001455,0.0,7.400000000001455,0.0,7.400000000001455,7.400000000001455,106,24,107,Explotacion activa
1950,15,EHO,poblacional,24266.0,24266.0,True,True,7.400000000001455,0.0,7.400000000001455,0.0,7.400000000001455,7.400000000001455,107,25,108,ESTANCAMIENTO (Fire)
1951,16,ILS,trayectoria,24266.0,24266.0,False,False,,,,,,,0,0,1,Llenando ventana
1952,16,ILS,trayectoria,24266.0,24266.0,False,False,,,,,,,1,0,2,Llenando ventana
1953,16,ILS,trayectoria,24266.0,24266.0,False,False,,,,,,,2,0,3,Llenando ventana
1954,16,ILS,trayectoria,24266.0,24266.0,False,False,,,,,,,3,0,4,Llenando ventana
1955,16,ILS,trayectoria,24266.0,24266.0,False,False,,,,,,,4,0,5,Llenando ventana
1956,16,ILS,trayectoria,24266.0,24266.0,False,False,,,,,,,5,0,6,Llenando ventana
1957,16,ILS,trayectoria,24266.0,24266.0,False,False,,,,,,,6,0,7,Llenando ventana
1958,16,ILS,trayectoria,24266.0,24266.0,False,False,,,,,,,7,0,8,Llenando ventana
1959,16,ILS,trayectoria,24266.0,24266.0,False,False,,,,,,,8,0,9,Llenando ventana
1960,16,ILS,trayectoria,24266.0,24266.0,False,False,,,,,,,9,0,10,Llenando ventana
1961,16,ILS,trayectoria,24266.0,24266.0,False,False,,,,,,,10,0,11,Llenando ventana
1962,16,ILS,trayectoria,24266.0,24266.0,False,False,,,,,,,11,0,12,Llenando ventana
1963,16,ILS,trayectoria,24266.0,24266.0,False,False,,,,,,,12,0,13,Llenando ventana
1964,16,ILS,trayectoria,24266.0,24266.0,False,False,,,,,,,13,0,14,Llenando ventana
1965,16,ILS,trayectoria,24266.0,24266.0,False,False,,,,,,,14,0,15,Llenando ventana
1966,16,ILS,trayectoria,24266.0,24266.0,False,False,,,,,,,15,0,16,Llenando ventana
1967,16,ILS,trayectoria,24266.0,24266.0,False,False,,,,,,,16,0,17,Llenando ventana
1968,16,ILS,trayectoria,24266.0,24266.0,False,False,,,,,,,17,0,18,Llenando ventana
1969,16,ILS,trayectoria,24266.0,24266.0,False,False,,,,,,,18,0,19,Llenando ventana
1970,16,ILS,trayectoria,24266.0,24266.0,False,False,,,,,,,19,0,20,Llenando ventana
1971,16,ILS,trayectoria,24266.0,24266.0,False,False,,,,,,,20,0,21,Llenando ventana
1972,16,ILS,trayectoria,24266.0,24266.0,False,False,,,,,,,21,0,22,Llenando ventana
1973,16,ILS,trayectoria,24266.0,24266.0,False,False,,,,,,,22,0,23,Llenando ventana
1974,16,ILS,trayectoria,24266.0,24266.0,False,False,,,,,,,23,0,24,Llenando ventana
1975,16,ILS,trayectoria,24266.0,24266.0,False,False,,,,,,,24,0,25,Llenando ventana
1976,16,ILS,trayectoria,24266.0,24266.0,False,False,,,,,,,25,0,26,Llenando ventana
1977,16,ILS,trayectoria,24266.0,24266.0,False,False,,,,,,,26,0,27,Llenando ventana
1978,16,ILS,trayectoria,24266.0,24266.0,False,False,,,,,,,27,0,28,Llenando ventana
1979,16,ILS,trayectoria,24266.0,24266.0,False,False,,,,,,,28,0,29,Llenando ventana
1980,16,ILS,trayectoria,24266.0,24266.0,False,False,,,,,,,29,0,30,Llenando ventana
1981,16,ILS,trayectoria,24266.0,24266.0,False,False,,,,,,,30,0,31,Llenando ventana
1982,16,ILS,trayectoria,24266.0,24266.0,False,False,,,,,,,31,0,32,Llenando ventana
1983,16,ILS,trayectoria,24266.0,24266.0,False,False,,,,,,,32,0,33,Llenando ventana
1984,16,ILS,trayectoria,24266.0,24266.0,False,False,,,,,,,33,0,34,Llenando ventana
1985,16,ILS,trayectoria,24266.0,24266.0,False,False,,,,,,,34,0,35,Llenando ventana
1986,16,ILS,trayectoria,24266.0,24266.0,False,False,,,,,,,35,0,36,Llenando ventana
1987,16,ILS,trayectoria,24266.0,24266.0,False,False,,,,,,,36,0,37,Llenando ventana
1988,16,ILS,trayectoria,24266.0,24266.0,False,False,,,,,,,37,0,38,Llenando ventana
1989,16,ILS,trayectoria,24266.0,24266.0,False,False,,,,,,,38,0,39,Llenando ventana
1990,16,ILS,trayectoria,24266.0,24266.0,False,False,,,,,,,39,0,40,Llenando ventana
1991,16,ILS,trayectoria,24266.0,24266.0,False,False,,,,,,,40,0,41,Llenando ventana
1992,16,ILS,trayectoria,24266.0,24266.0,False,False,,,,,,,41,0,42,Llenando ventana
1993,16,ILS,trayectoria,24266.0,24266.0,False,False,,,,,,,42,0,43,Llenando ventana
1994,16,ILS,trayectoria,24266.0,24266.0,False,False,,,,,,,43,0,44,Llenando ventana
1995,16,ILS,trayectoria,24266.0,24266.0,False,False,,,,,,,44,0,45,Llenando ventana
1996,16,ILS,trayectoria,24266.0,24266.0,False,False,,,,,,,45,0,46,Llenando ventana
1997,16,ILS,trayectoria,24266.0,24266.0,False,False,,,,,,,46,0,47,Llenando ventana
1998,16,ILS,trayectoria,24266.0,24266.0,False,False,,,,,,,47,0,48,Llenando ventana
1999,16,ILS,trayectoria,24266.0,24266.0,False,False,,,,,,,48,0,49,Llenando ventana
2000,16,ILS,trayectoria,24266.0,24266.0,False,False,,,,,,,49,0,50,Llenando ventana
2001,16,ILS,trayectoria,24266.0,24266.0,False,False,,,,,,,50,0,51,Llenando ventana
2002,16,ILS,trayectoria,24266.0,24266.0,False,False,,,,,,,51,0,52,Llenando ventana
2003,16,ILS,trayectoria,24266.0,24266.0,False,False,,,,,,,52,0,53,Llenando ventana
2004,16,ILS,trayectoria,24266.0,24266.0,False,False,,,,,,,53,0,54,Llenando ventana
2005,16,ILS,trayectoria,24266.0,24266.0,False,False,,,,,,,54,0,55,Llenando ventana
2006,16,ILS,trayectoria,24266.0,24266.0,False,False,,,,,,,55,0,56,Llenando ventana
2007,16,ILS,trayectoria,24266.0,24266.0,False,False,,,,,,,56,0,57,Llenando ventana
2008,16,ILS,trayectoria,24266.0,24266.0,False,False,,,,,,,57,0,58,Llenando ventana
2009,16,ILS,trayectoria,24266.0,24266.0,False,False,,,,,,,58,0,59,Llenando ventana
2010,16,ILS,trayectoria,24266.0,24266.0,False,False,,,,,,,59,0,60,Llenando ventana
2011,16,ILS,trayectoria,24266.0,24266.0,False,False,,,,,,,60,0,61,Llenando ventana
2012,16,ILS,trayectoria,24266.0,24266.0,False,False,,,,,,,61,0,62,Llenando ventana
2013,16,ILS,trayectoria,24266.0,24266.0,False,False,,,,,,,62,0,63,Llenando ventana
2014,16,ILS,trayectoria,24266.0,24266.0,False,False,,,,,,,63,0,64,Llenando ventana
2015,16,ILS,trayectoria,24266.0,24266.0,False,False,,,,,,,64,0,65,Llenando ventana
2016,16,ILS,trayectoria,24266.0,24266.0,False,False,,,,,,,65,0,66,Llenando ventana
2017,16,ILS,trayectoria,24266.0,24266.0,False,False,,,,,,,66,0,67,Llenando ventana
2018,16,ILS,trayectoria,24266.0,24266.0,False,False,,,,,,,67,0,68,Llenando ventana
2019,16,ILS,trayectoria,24266.0,24266.0,False,False,,,,,,,68,0,69,Llenando ventana
2020,16,ILS,trayectoria,24266.0,24266.0,False,False,,,,,,,69,0,70,Llenando ventana
2021,16,ILS,trayectoria,24266.0,24266.0,False,False,,,,,,,70,0,71,Llenando ventana
2022,16,ILS,trayectoria,24266.0,24266.0,False,False,,,,,,,71,0,72,Llenando ventana
2023,16,ILS,trayectoria,24266.0,24266.0,False,False,,,,,,,72,0,73,Llenando ventana
2024,16,ILS,trayectoria,24266.0,24266.0,False,False,,,,,,,73,0,74,Llenando ventana
2025,16,ILS,trayectoria,24266.0,24266.0,True,False,7.400000000001455,0.0,7.400000000001455,7.5,37.5,22.5,74,0,75,Explotacion activa
2026,16,ILS,trayectoria,24266.0,24266.0,True,False,7.400000000001455,0.0,7.400000000001455,7.5,37.5,22.5,75,0,76,Explotacion activa
2027,16,ILS,trayectoria,24266.0,24266.0,True,False,7.400000000001455,0.0,7.400000000001455,7.5,37.5,22.5,76,0,77,Explotacion activa
2028,16,ILS,trayectoria,24266.0,24266.0,True,False,7.400000000001455,0.0,7.400000000001455,7.5,37.5,22.5,77,0,78,Explotacion activa
2029,16,ILS,trayectoria,24266.0,24266.0,True,False,7.400000000001455,0.0,7.400000000001455,7.5,37.5,22.5,78,0,79,Explotacion activa
2030,16,ILS,trayectoria,24266.0,24266.0,True,False,7.400000000001455,0.0,7.400000000001455,7.5,37.5,22.5,79,0,80,Explotacion activa
2031,16,ILS,trayectoria,24266.0,24266.0,True,False,7.400000000001455,0.0,7.400000000001455,7.5,37.5,22.5,80,0,81,Explotacion activa
2032,16,ILS,trayectoria,24266.0,24266.0,True,False,7.400000000001455,0.0,7.400000000001455,7.5,37.5,22.5,81,0,82,Explotacion activa
2033,16,ILS,trayectoria,24266.0,24266.0,True,False,7.400000000001455,0.0,7.400000000001455,7.5,37.5,22.5,82,0,83,Explotacion activa
2034,16,ILS,trayectoria,24266.0,24266.0,True,False,7.400000000001455,0.0,7.400000000001455,0.0,7.400000000001455,7.400000000001455,83,1,84,Explotacion activa
2035,16,ILS,trayectoria,24266.0,24266.0,True,False,7.400000000001455,0.0,7.400000000001455,0.0,7.400000000001455,7.400000000001455,84,2,85,Explotacion activa
2036,16,ILS,trayectoria,24266.0,24266.0,True,False,7.400000000001455,0.0,7.400000000001455,0.0,7.400000000001455,7.400000000001455,85,3,86,Explotacion activa
2037,16,ILS,trayectoria,24266.0,24266.0,True,False,7.400000000001455,0.0,7.400000000001455,0.0,7.400000000001455,7.400000000001455,86,4,87,Explotacion activa
2038,16,ILS,trayectoria,24266.0,24266.0,True,False,7.400000000001455,0.0,7.400000000001455,0.0,7.400000000001455,7.400000000001455,87,5,88,Explotacion activa
2039,16,ILS,trayectoria,24266.0,24266.0,True,False,7.400000000001455,0.0,7.400000000001455,0.0,7.400000000001455,7.400000000001455,88,6,89,Explotacion activa
2040,16,ILS,trayectoria,24266.0,24266.0,True,False,7.400000000001455,0.0,7.400000000001455,0.0,7.400000000001455,7.400000000001455,89,7,90,Explotacion activa
2041,16,ILS,trayectoria,24266.0,24266.0,True,False,7.400000000001455,0.0,7.400000000001455,0.0,7.400000000001455,7.400000000001455,90,8,91,Explotacion activa
2042,16,ILS,trayectoria,24266.0,24266.0,True,False,7.400000000001455,0.0,7.400000000001455,0.0,7.400000000001455,7.400000000001455,91,9,92,Explotacion activa
2043,16,ILS,trayectoria,24266.0,24266.0,True,False,7.400000000001455,0.0,7.400000000001455,0.0,7.400000000001455,7.400000000001455,92,10,93,Explotacion activa
2044,16,ILS,trayectoria,24266.0,24266.0,True,False,7.400000000001455,0.0,7.400000000001455,0.0,7.400000000001455,7.400000000001455,93,11,94,Explotacion activa
2045,16,ILS,trayectoria,24266.0,24266.0,True,False,7.400000000001455,0.0,7.400000000001455,0.0,7.400000000001455,7.400000000001455,94,12,95,Explotacion activa
2046,16,ILS,trayectoria,24266.0,24266.0,True,False,7.400000000001455,0.0,7.400000000001455,0.0,7.400000000001455,7.400000000001455,95,13,96,Explotacion activa
2047,16,ILS,trayectoria,24266.0,24266.0,True,False,7.400000000001455,0.0,7.400000000001455,0.0,7.400000000001455,7.400000000001455,96,14,97,Explotacion activa
2048,16,ILS,trayectoria,24266.0,24266.0,True,False,7.400000000001455,0.0,7.400000000001455,0.0,7.400000000001455,7.400000000001455,97,15,98,Explotacion activa
2049,16,ILS,trayectoria,24266.0,24266.0,True,False,7.400000000001455,0.0,7.400000000001455,0.0,7.400000000001455,7.400000000001455,98,16,99,Explotacion activa
2050,16,ILS,trayectoria,24266.0,24266.0,True,False,7.400000000001455,0.0,7.400000000001455,0.0,7.400000000001455,7.400000000001455,99,17,100,Explotacion activa
2051,16,ILS,trayectoria,24266.0,24266.0,True,False,7.400000000001455,0.0,7.400000000001455,0.0,7.400000000001455,7.400000000001455,100,18,101,Explotacion activa
2052,16,ILS,trayectoria,24266.0,24266.0,True,False,7.400000000001455,0.0,7.400000000001455,0.0,7.400000000001455,7.400000000001455,101,19,102,Explotacion activa
2053,16,ILS,trayectoria,24266.0,24266.0,True,False,7.400000000001455,0.0,7.400000000001455,0.0,7.400000000001455,7.400000000001455,102,20,103,Explotacion activa
2054,16,ILS,trayectoria,24266.0,24266.0,True,False,7.400000000001455,0.0,7.400000000001455,0.0,7.400000000001455,7.400000000001455,103,21,104,Explotacion activa
2055,16,ILS,trayectoria,24266.0,24266.0,True,False,7.400000000001455,0.0,7.400000000001455,0.0,7.400000000001455,7.400000000001455,104,22,105,Explotacion activa
2056,16,ILS,trayectoria,24266.0,24266.0,True,False,7.400000000001455,0.0,7.400000000001455,0.0,7.400000000001455,7.400000000001455,105,23,106,Explotacion activa
2057,16,ILS,trayectoria,24266.0,24266.0,True,False,7.400000000001455,0.0,7.400000000001455,0.0,7.400000000001455,7.400000000001455,106,24,107,Explotacion activa
2058,16,ILS,trayectoria,24266.0,24266.0,True,True,7.400000000001455,0.0,7.400000000001455,0.0,7.400000000001455,7.400000000001455,107,25,108,ESTANCAMIENTO (Fire)
2059,17,GA,poblacional,24266.0,24266.0,False,False,,,,,,,0,0,1,Llenando ventana
2060,17,GA,poblacional,24266.0,24266.0,False,False,,,,,,,1,0,2,Llenando ventana
2061,17,GA,poblacional,24266.0,24266.0,False,False,,,,,,,2,0,3,Llenando ventana
2062,17,GA,poblacional,24266.0,24266.0,False,False,,,,,,,3,0,4,Llenando ventana
2063,17,GA,poblacional,24266.0,24266.0,False,False,,,,,,,4,0,5,Llenando ventana
2064,17,GA,poblacional,24266.0,24266.0,False,False,,,,,,,5,0,6,Llenando ventana
2065,17,GA,poblacional,24266.0,24266.0,False,False,,,,,,,6,0,7,Llenando ventana
2066,17,GA,poblacional,24266.0,24266.0,False,False,,,,,,,7,0,8,Llenando ventana
2067,17,GA,poblacional,24266.0,24266.0,False,False,,,,,,,8,0,9,Llenando ventana
2068,17,GA,poblacional,24266.0,24266.0,False,False,,,,,,,9,0,10,Llenando ventana
2069,17,GA,poblacional,24266.0,24266.0,False,False,,,,,,,10,0,11,Llenando ventana
2070,17,GA,poblacional,24266.0,24266.0,False,False,,,,,,,11,0,12,Llenando ventana
2071,17,GA,poblacional,24266.0,24266.0,False,False,,,,,,,12,0,13,Llenando ventana
2072,17,GA,poblacional,24266.0,24266.0,False,False,,,,,,,13,0,14,Llenando ventana
2073,17,GA,poblacional,24266.0,24266.0,False,False,,,,,,,14,0,15,Llenando ventana
2074,17,GA,poblacional,24266.0,24266.0,False,False,,,,,,,15,0,16,Llenando ventana
2075,17,GA,poblacional,24266.0,24266.0,False,False,,,,,,,16,0,17,Llenando ventana
2076,17,GA,poblacional,24266.0,24266.0,False,False,,,,,,,17,0,18,Llenando ventana
2077,17,GA,poblacional,24266.0,24266.0,False,False,,,,,,,18,0,19,Llenando ventana
2078,17,GA,poblacional,24266.0,24266.0,False,False,,,,,,,19,0,20,Llenando ventana
2079,17,GA,poblacional,24266.0,24266.0,False,False,,,,,,,20,0,21,Llenando ventana
2080,17,GA,poblacional,24266.0,24266.0,False,False,,,,,,,21,0,22,Llenando ventana
2081,17,GA,poblacional,24266.0,24266.0,False,False,,,,,,,22,0,23,Llenando ventana
2082,17,GA,poblacional,24266.0,24266.0,False,False,,,,,,,23,0,24,Llenando ventana
2083,17,GA,poblacional,24266.0,24266.0,False,False,,,,,,,24,0,25,Llenando ventana
2084,17,GA,poblacional,24266.0,24266.0,False,False,,,,,,,25,0,26,Llenando ventana
2085,17,GA,poblacional,24266.0,24266.0,False,False,,,,,,,26,0,27,Llenando ventana
2086,17,GA,poblacional,24266.0,24266.0,False,False,,,,,,,27,0,28,Llenando ventana
2087,17,GA,poblacional,24266.0,24266.0,False,False,,,,,,,28,0,29,Llenando ventana
2088,17,GA,poblacional,24266.0,24266.0,False,False,,,,,,,29,0,30,Llenando ventana
2089,17,GA,poblacional,24266.0,24266.0,False,False,,,,,,,30,0,31,Llenando ventana
2090,17,GA,poblacional,24266.0,24266.0,False,False,,,,,,,31,0,32,Llenando ventana
2091,17,GA,poblacional,24266.0,24266.0,False,False,,,,,,,32,0,33,Llenando ventana
2092,17,GA,poblacional,24266.0,24266.0,False,False,,,,,,,33,0,34,Llenando ventana
2093,17,GA,poblacional,24266.0,24266.0,False,False,,,,,,,34,0,35,Llenando ventana
2094,17,GA,poblacional,24266.0,24266.0,False,False,,,,,,,35,0,36,Llenando ventana
2095,17,GA,poblacional,24266.0,24266.0,False,False,,,,,,,36,0,37,Llenando ventana
2096,17,GA,poblacional,24266.0,24266.0,False,False,,,,,,,37,0,38,Llenando ventana
2097,17,GA,poblacional,24266.0,24266.0,False,False,,,,,,,38,0,39,Llenando ventana
2098,17,GA,poblacional,24266.0,24266.0,False,False,,,,,,,39,0,40,Llenando ventana
2099,17,GA,poblacional,24266.0,24266.0,False,False,,,,,,,40,0,41,Llenando ventana
2100,17,GA,poblacional,24266.0,24266.0,False,False,,,,,,,41,0,42,Llenando ventana
2101,17,GA,poblacional,24266.0,24266.0,False,False,,,,,,,42,0,43,Llenando ventana
2102,17,GA,poblacional,24266.0,24266.0,False,False,,,,,,,43,0,44,Llenando ventana
2103,17,GA,poblacional,24266.0,24266.0,False,False,,,,,,,44,0,45,Llenando ventana
2104,17,GA,poblacional,24266.0,24266.0,False,False,,,,,,,45,0,46,Llenando ventana
2105,17,GA,poblacional,24266.0,24266.0,False,False,,,,,,,46,0,47,Llenando ventana
2106,17,GA,poblacional,24266.0,24266.0,False,False,,,,,,,47,0,48,Llenando ventana
2107,17,GA,poblacional,24266.0,24266.0,False,False,,,,,,,48,0,49,Llenando ventana
2108,17,GA,poblacional,24266.0,24266.0,False,False,,,,,,,49,0,50,Llenando ventana
2109,17,GA,poblacional,24266.0,24266.0,False,False,,,,,,,50,0,51,Llenando ventana
2110,17,GA,poblacional,24266.0,24266.0,False,False,,,,,,,51,0,52,Llenando ventana
2111,17,GA,poblacional,24266.0,24266.0,False,False,,,,,,,52,0,53,Llenando ventana
2112,17,GA,poblacional,24266.0,24266.0,False,False,,,,,,,53,0,54,Llenando ventana
2113,17,GA,poblacional,24266.0,24266.0,False,False,,,,,,,54,0,55,Llenando ventana
2114,17,GA,poblacional,24266.0,24266.0,False,False,,,,,,,55,0,56,Llenando ventana
2115,17,GA,poblacional,24266.0,24266.0,False,False,,,,,,,56,0,57,Llenando ventana
2116,17,GA,poblacional,24266.0,24266.0,False,False,,,,,,,57,0,58,Llenando ventana
2117,17,GA,poblacional,24266.0,24266.0,False,False,,,,,,,58,0,59,Llenando ventana
2118,17,GA,poblacional,24266.0,24266.0,False,False,,,,,,,59,0,60,Llenando ventana
2119,17,GA,poblacional,24266.0,24266.0,False,False,,,,,,,60,0,61,Llenando ventana
2120,17,GA,poblacional,24266.0,24266.0,False,False,,,,,,,61,0,62,Llenando ventana
2121,17,GA,poblacional,24266.0,24266.0,False,False,,,,,,,62,0,63,Llenando ventana
2122,17,GA,poblacional,24266.0,24266.0,False,False,,,,,,,63,0,64,Llenando ventana
2123,17,GA,poblacional,24266.0,24266.0,False,False,,,,,,,64,0,65,Llenando ventana
2124,17,GA,poblacional,24266.0,24266.0,False,False,,,,,,,65,0,66,Llenando ventana
2125,17,GA,poblacional,24266.0,24266.0,False,False,,,,,,,66,0,67,Llenando ventana
2126,17,GA,poblacional,24266.0,24266.0,False,False,,,,,,,67,0,68,Llenando ventana
2127,17,GA,poblacional,24266.0,24266.0,False,False,,,,,,,68,0,69,Llenando ventana
2128,17,GA,poblacional,24266.0,24266.0,False,False,,,,,,,69,0,70,Llenando ventana
2129,17,GA,poblacional,24266.0,24266.0,False,False,,,,,,,70,0,71,Llenando ventana
2130,17,GA,poblacional,24266.0,24266.0,False,False,,,,,,,71,0,72,Llenando ventana
2131,17,GA,poblacional,24266.0,24266.0,False,False,,,,,,,72,0,73,Llenando ventana
2132,17,GA,poblacional,24266.0,24266.0,False,False,,,,,,,73,0,74,Llenando ventana
2133,17,GA,poblacional,24266.0,24266.0,True,False,7.400000000001455,0.0,7.400000000001455,7.5,37.5,22.5,74,0,75,Explotacion activa
2134,17,GA,poblacional,24266.0,24266.0,True,False,7.400000000001455,0.0,7.400000000001455,7.5,37.5,22.5,75,0,76,Explotacion activa
2135,17,GA,poblacional,24266.0,24266.0,True,False,7.400000000001455,0.0,7.400000000001455,7.5,37.5,22.5,76,0,77,Explotacion activa
2136,17,GA,poblacional,24266.0,24266.0,True,False,7.400000000001455,0.0,7.400000000001455,7.5,37.5,22.5,77,0,78,Explotacion activa
2137,17,GA,poblacional,24266.0,24266.0,True,False,7.400000000001455,0.0,7.400000000001455,7.5,37.5,22.5,78,0,79,Explotacion activa
2138,17,GA,poblacional,24266.0,24266.0,True,False,7.400000000001455,0.0,7.400000000001455,7.5,37.5,22.5,79,0,80,Explotacion activa
2139,17,GA,poblacional,24266.0,24266.0,True,False,7.400000000001455,0.0,7.400000000001455,7.5,37.5,22.5,80,0,81,Explotacion activa
2140,17,GA,poblacional,24266.0,24266.0,True,False,7.400000000001455,0.0,7.400000000001455,7.5,37.5,22.5,81,0,82,Explotacion activa
2141,17,GA,poblacional,24266.0,24266.0,True,False,7.400000000001455,0.0,7.400000000001455,7.5,37.5,22.5,82,0,83,Explotacion activa
2142,17,GA,poblacional,24266.0,24266.0,True,False,7.400000000001455,0.0,7.400000000001455,0.0,7.400000000001455,7.400000000001455,83,1,84,Explotacion activa
2143,17,GA,poblacional,24266.0,24266.0,True,False,7.400000000001455,0.0,7.400000000001455,0.0,7.400000000001455,7.400000000001455,84,2,85,Explotacion activa
2144,17,GA,poblacional,24266.0,24266.0,True,False,7.400000000001455,0.0,7.400000000001455,0.0,7.400000000001455,7.400000000001455,85,3,86,Explotacion activa
2145,17,GA,poblacional,24266.0,24266.0,True,False,7.400000000001455,0.0,7.400000000001455,0.0,7.400000000001455,7.400000000001455,86,4,87,Explotacion activa
2146,17,GA,poblacional,24266.0,24266.0,True,False,7.400000000001455,0.0,7.400000000001455,0.0,7.400000000001455,7.400000000001455,87,5,88,Explotacion activa
2147,17,GA,poblacional,24266.0,24266.0,True,False,7.400000000001455,0.0,7.400000000001455,0.0,7.400000000001455,7.400000000001455,88,6,89,Explotacion activa
2148,17,GA,poblacional,24266.0,24266.0,True,False,7.400000000001455,0.0,7.400000000001455,0.0,7.400000000001455,7.400000000001455,89,7,90,Explotacion activa
2149,17,GA,poblacional,24266.0,24266.0,True,False,7.400000000001455,0.0,7.400000000001455,0.0,7.400000000001455,7.400000000001455,90,8,91,Explotacion activa
2150,17,GA,poblacional,24266.0,24266.0,True,False,7.400000000001455,0.0,7.400000000001455,0.0,7.400000000001455,7.400000000001455,91,9,92,Explotacion activa
2151,17,GA,poblacional,24266.0,24266.0,True,False,7.400000000001455,0.0,7.400000000001455,0.0,7.400000000001455,7.400000000001455,92,10,93,Explotacion activa
2152,17,GA,poblacional,24266.0,24266.0,True,False,7.400000000001455,0.0,7.400000000001455,0.0,7.400000000001455,7.400000000001455,93,11,94,Explotacion activa
2153,17,GA,poblacional,24266.0,24266.0,True,False,7.400000000001455,0.0,7.400000000001455,0.0,7.400000000001455,7.400000000001455,94,12,95,Explotacion activa
2154,17,GA,poblacional,24266.0,24266.0,True,False,7.400000000001455,0.0,7.400000000001455,0.0,7.400000000001455,7.400000000001455,95,13,96,Explotacion activa
2155,17,GA,poblacional,24266.0,24266.0,True,False,7.400000000001455,0.0,7.400000000001455,0.0,7.400000000001455,7.400000000001455,96,14,97,Explotacion activa
2156,17,GA,poblacional,24266.0,24266.0,True,False,7.400000000001455,0.0,7.400000000001455,0.0,7.400000000001455,7.400000000001455,97,15,98,Explotacion activa
2157,17,GA,poblacional,24266.0,24266.0,True,False,7.400000000001455,0.0,7.400000000001455,0.0,7.400000000001455,7.400000000001455,98,16,99,Explotacion activa
2158,17,GA,poblacional,24266.0,24266.0,True,False,7.400000000001455,0.0,7.400000000001455,0.0,7.400000000001455,7.400000000001455,99,17,100,Explotacion activa
2159,17,GA,poblacional,24266.0,24266.0,True,False,7.400000000001455,0.0,7.400000000001455,0.0,7.400000000001455,7.400000000001455,100,18,101,Explotacion activa
2160,17,GA,poblacional,24266.0,24266.0,True,False,7.400000000001455,0.0,7.400000000001455,0.0,7.400000000001455,7.400000000001455,101,19,102,Explotacion activa
2161,17,GA,poblacional,24266.0,24266.0,True,False,7.400000000001455,0.0,7.400000000001455,0.0,7.400000000001455,7.400000000001455,102,20,103,Explotacion activa
2162,17,GA,poblacional,24266.0,24266.0,True,False,7.400000000001455,0.0,7.400000000001455,0.0,7.400000000001455,7.400000000001455,103,21,104,Explotacion activa
2163,17,GA,poblacional,24266.0,24266.0,True,False,7.400000000001455,0.0,7.400000000001455,0.0,7.400000000001455,7.400000000001455,104,22,105,Explotacion activa
2164,17,GA,poblacional,24266.0,24266.0,True,False,7.400000000001455,0.0,7.400000000001455,0.0,7.400000000001455,7.400000000001455,105,23,106,Explotacion activa
2165,17,GA,poblacional,24266.0,24266.0,True,False,7.400000000001455,0.0,7.400000000001455,0.0,7.400000000001455,7.400000000001455,106,24,107,Explotacion activa
2166,17,GA,poblacional,24266.0,24266.0,True,True,7.400000000001455,0.0,7.400000000001455,0.0,7.400000000001455,7.400000000001455,107,25,108,ESTANCAMIENTO (Fire)
2167,18,SA,trayectoria,24266.0,21553.0,False,False,,,,,,,0,0,1,Llenando ventana
2168,18,SA,trayectoria,24266.0,22883.0,False,False,,,,,,,1,0,2,Llenando ventana
2169,18,SA,trayectoria,24266.0,20562.0,False,False,,,,,,,2,0,3,Llenando ventana
2170,18,SA,trayectoria,24266.0,21521.0,False,False,,,,,,,3,0,4,Llenando ventana
2171,18,SA,trayectoria,24266.0,21997.0,False,False,,,,,,,4,0,5,Llenando ventana
2172,18,SA,trayectoria,24266.0,22187.0,False,False,,,,,,,5,0,6,Llenando ventana
2173,18,SA,trayectoria,24266.0,21739.0,False,False,,,,,,,6,0,7,Llenando ventana
2174,18,SA,trayectoria,24266.0,21697.0,False,False,,,,,,,7,0,8,Llenando ventana
2175,18,SA,trayectoria,24266.0,21645.0,False,False,,,,,,,8,0,9,Llenando ventana
2176,18,SA,trayectoria,24266.0,21622.0,False,False,,,,,,,9,0,10,Llenando ventana
2177,18,SA,trayectoria,24266.0,21424.0,False,False,,,,,,,10,0,11,Llenando ventana
2178,18,SA,trayectoria,24266.0,21654.0,False,False,,,,,,,11,0,12,Llenando ventana
2179,18,SA,trayectoria,24266.0,21769.0,False,False,,,,,,,12,0,13,Llenando ventana
2180,18,SA,trayectoria,24266.0,20275.0,False,False,,,,,,,13,0,14,Llenando ventana
2181,18,SA,trayectoria,24266.0,21662.0,False,False,,,,,,,14,0,15,Llenando ventana
2182,18,SA,trayectoria,24266.0,21412.0,False,False,,,,,,,15,0,16,Llenando ventana
2183,18,SA,trayectoria,24266.0,21816.0,False,False,,,,,,,16,0,17,Llenando ventana
2184,18,SA,trayectoria,24266.0,21355.0,False,False,,,,,,,17,0,18,Llenando ventana
2185,18,SA,trayectoria,24266.0,21220.0,False,False,,,,,,,18,0,19,Llenando ventana
2186,18,SA,trayectoria,24266.0,21200.0,False,False,,,,,,,19,0,20,Llenando ventana
2187,18,SA,trayectoria,24266.0,21149.0,False,False,,,,,,,20,0,21,Llenando ventana
2188,18,SA,trayectoria,24266.0,22284.0,False,False,,,,,,,21,0,22,Llenando ventana
2189,18,SA,trayectoria,24266.0,21939.0,False,False,,,,,,,22,0,23,Llenando ventana
2190,18,SA,trayectoria,24266.0,22370.0,False,False,,,,,,,23,0,24,Llenando ventana
2191,18,SA,trayectoria,24266.0,21307.0,False,False,,,,,,,24,0,25,Llenando ventana
2192,18,SA,trayectoria,24266.0,21218.0,False,False,,,,,,,25,0,26,Llenando ventana
2193,18,SA,trayectoria,24266.0,20813.0,False,False,,,,,,,26,0,27,Llenando ventana
2194,18,SA,trayectoria,24266.0,21878.0,False,False,,,,,,,27,0,28,Llenando ventana
2195,18,SA,trayectoria,24266.0,21889.0,False,False,,,,,,,28,0,29,Llenando ventana
2196,18,SA,trayectoria,24266.0,21105.0,False,False,,,,,,,29,0,30,Llenando ventana
2197,18,SA,trayectoria,24266.0,21457.0,False,False,,,,,,,30,0,31,Llenando ventana
2198,18,SA,trayectoria,24266.0,21928.0,False,False,,,,,,,31,0,32,Llenando ventana
2199,18,SA,trayectoria,24266.0,20435.0,False,False,,,,,,,32,0,33,Llenando ventana
2200,18,SA,trayectoria,24266.0,20943.0,False,False,,,,,,,33,0,34,Llenando ventana
2201,18,SA,trayectoria,24266.0,22076.0,False,False,,,,,,,34,0,35,Llenando ventana
2202,18,SA,trayectoria,24266.0,22188.0,False,False,,,,,,,35,0,36,Llenando ventana
2203,18,SA,trayectoria,24266.0,21551.0,False,False,,,,,,,36,0,37,Llenando ventana
2204,18,SA,trayectoria,24266.0,22236.0,False,False,,,,,,,37,0,38,Llenando ventana
2205,18,SA,trayectoria,24266.0,20990.0,False,False,,,,,,,38,0,39,Llenando ventana
2206,18,SA,trayectoria,24266.0,22082.0,False,False,,,,,,,39,0,40,Llenando ventana
2207,18,SA,trayectoria,24266.0,20727.0,False,False,,,,,,,40,0,41,Llenando ventana
2208,18,SA,trayectoria,24266.0,22200.0,False,False,,,,,,,41,0,42,Llenando ventana
2209,18,SA,trayectoria,24266.0,21570.0,False,False,,,,,,,42,0,43,Llenando ventana
2210,18,SA,trayectoria,24266.0,20940.0,False,False,,,,,,,43,0,44,Llenando ventana
2211,18,SA,trayectoria,24266.0,21487.0,False,False,,,,,,,44,0,45,Llenando ventana
2212,18,SA,trayectoria,24266.0,21344.0,False,False,,,,,,,45,0,46,Llenando ventana
2213,18,SA,trayectoria,24266.0,21544.0,False,False,,,,,,,46,0,47,Llenando ventana
2214,18,SA,trayectoria,24266.0,19534.0,False,False,,,,,,,47,0,48,Llenando ventana
2215,18,SA,trayectoria,24266.0,21049.0,False,False,,,,,,,48,0,49,Llenando ventana
2216,18,SA,trayectoria,24266.0,21117.0,False,False,,,,,,,49,0,50,Llenando ventana
2217,18,SA,trayectoria,24266.0,21329.0,False,False,,,,,,,50,0,51,Llenando ventana
2218,18,SA,trayectoria,24266.0,21537.0,False,False,,,,,,,51,0,52,Llenando ventana
2219,18,SA,trayectoria,24266.0,23003.0,False,False,,,,,,,52,0,53,Llenando ventana
2220,18,SA,trayectoria,24266.0,21744.0,False,False,,,,,,,53,0,54,Llenando ventana
2221,18,SA,trayectoria,24266.0,21679.0,False,False,,,,,,,54,0,55,Llenando ventana
2222,18,SA,trayectoria,24266.0,21579.0,False,False,,,,,,,55,0,56,Llenando ventana
2223,18,SA,trayectoria,24266.0,22873.0,False,False,,,,,,,56,0,57,Llenando ventana
2224,18,SA,trayectoria,24266.0,21488.0,False,False,,,,,,,57,0,58,Llenando ventana
2225,18,SA,trayectoria,24266.0,21765.0,False,False,,,,,,,58,0,59,Llenando ventana
2226,18,SA,trayectoria,24266.0,21596.0,False,False,,,,,,,59,0,60,Llenando ventana
2227,18,SA,trayectoria,24266.0,21726.0,False,False,,,,,,,60,0,61,Llenando ventana
2228,18,SA,trayectoria,24266.0,22054.0,False,False,,,,,,,61,0,62,Llenando ventana
2229,18,SA,trayectoria,24266.0,21513.0,False,False,,,,,,,62,0,63,Llenando ventana
2230,18,SA,trayectoria,24266.0,21419.0,False,False,,,,,,,63,0,64,Llenando ventana
2231,18,SA,trayectoria,24266.0,21191.0,False,False,,,,,,,64,0,65,Llenando ventana
2232,18,SA,trayectoria,24266.0,20588.0,False,False,,,,,,,65,0,66,Llenando ventana
2233,18,SA,trayectoria,24266.0,21526.0,False,False,,,,,,,66,0,67,Llenando ventana
2234,18,SA,trayectoria,24266.0,20791.0,False,False,,,,,,,67,0,68,Llenando ventana
2235,18,SA,trayectoria,24266.0,20628.0,False,False,,,,,,,68,0,69,Llenando ventana
2236,18,SA,trayectoria,24266.0,22425.0,False,False,,,,,,,69,0,70,Llenando ventana
2237,18,SA,trayectoria,24266.0,21424.0,False,False,,,,,,,70,0,71,Llenando ventana
2238,18,SA,trayectoria,24266.0,22430.0,False,False,,,,,,,71,0,72,Llenando ventana
2239,18,SA,trayectoria,24266.0,22391.0,False,False,,,,,,,72,0,73,Llenando ventana
2240,18,SA,trayectoria,24266.0,22317.0,False,False,,,,,,,73,0,74,Llenando ventana
2241,18,SA,trayectoria,24266.0,21627.0,True,False,7.400000000001455,0.0,7.400000000001455,7.5,37.5,22.5,74,0,75,Explotacion activa
2242,18,SA,trayectoria,24266.0,20914.0,True,False,7.400000000001455,0.0,7.400000000001455,7.5,37.5,22.5,75,0,76,Explotacion activa
2243,18,SA,trayectoria,24266.0,21703.0,True,False,7.400000000001455,0.0,7.400000000001455,7.5,37.5,22.5,76,0,77,Explotacion activa
2244,18,SA,trayectoria,24266.0,21461.0,True,False,7.400000000001455,0.0,7.400000000001455,7.5,37.5,22.5,77,0,78,Explotacion activa
2245,18,SA,trayectoria,24266.0,22255.0,True,False,7.400000000001455,0.0,7.400000000001455,7.5,37.5,22.5,78,0,79,Explotacion activa
2246,18,SA,trayectoria,24266.0,22497.0,True,False,7.400000000001455,0.0,7.400000000001455,7.5,37.5,22.5,79,0,80,Explotacion activa
2247,18,SA,trayectoria,24266.0,21158.0,True,False,7.400000000001455,0.0,7.400000000001455,7.5,37.5,22.5,80,0,81,Explotacion activa
2248,18,SA,trayectoria,24266.0,21826.0,True,False,7.400000000001455,0.0,7.400000000001455,7.5,37.5,22.5,81,0,82,Explotacion activa
2249,18,SA,trayectoria,24266.0,21763.0,True,False,7.400000000001455,0.0,7.400000000001455,7.5,37.5,22.5,82,0,83,Explotacion activa
2250,18,SA,trayectoria,24266.0,22290.0,True,False,7.400000000001455,0.0,7.400000000001455,0.0,7.400000000001455,7.400000000001455,83,1,84,Explotacion activa
2251,18,SA,trayectoria,24266.0,22024.0,True,False,7.400000000001455,0.0,7.400000000001455,0.0,7.400000000001455,7.400000000001455,84,2,85,Explotacion activa
2252,18,SA,trayectoria,24266.0,22668.0,True,False,7.400000000001455,0.0,7.400000000001455,0.0,7.400000000001455,7.400000000001455,85,3,86,Explotacion activa
2253,18,SA,trayectoria,24266.0,22333.0,True,False,7.400000000001455,0.0,7.400000000001455,0.0,7.400000000001455,7.400000000001455,86,4,87,Explotacion activa
2254,18,SA,trayectoria,24266.0,22777.0,True,False,7.400000000001455,0.0,7.400000000001455,0.0,7.400000000001455,7.400000000001455,87,5,88,Explotacion activa
2255,18,SA,trayectoria,24266.0,22272.0,True,False,7.400000000001455,0.0,7.400000000001455,0.0,7.400000000001455,7.400000000001455,88,6,89,Explotacion activa
2256,18,SA,trayectoria,24266.0,22377.0,True,False,7.400000000001455,0.0,7.400000000001455,0.0,7.400000000001455,7.400000000001455,89,7,90,Explotacion activa
2257,18,SA,trayectoria,24266.0,22191.0,True,False,7.400000000001455,0.0,7.400000000001455,0.0,7.400000000001455,7.400000000001455,90,8,91,Explotacion activa
2258,18,SA,trayectoria,24266.0,22647.0,True,False,7.400000000001455,0.0,7.400000000001455,0.0,7.400000000001455,7.400000000001455,91,9,92,Explotacion activa
2259,18,SA,trayectoria,24266.0,22468.0,True,False,7.400000000001455,0.0,7.400000000001455,0.0,7.400000000001455,7.400000000001455,92,10,93,Explotacion activa
2260,18,SA,trayectoria,24266.0,22394.0,True,False,7.400000000001455,0.0,7.400000000001455,0.0,7.400000000001455,7.400000000001455,93,11,94,Explotacion activa
2261,18,SA,trayectoria,24266.0,20943.0,True,False,7.400000000001455,0.0,7.400000000001455,0.0,7.400000000001455,7.400000000001455,94,12,95,Explotacion activa
2262,18,SA,trayectoria,24266.0,21811.0,True,False,7.400000000001455,0.0,7.400000000001455,0.0,7.400000000001455,7.400000000001455,95,13,96,Explotacion activa
2263,18,SA,trayectoria,24266.0,22312.0,True,False,7.400000000001455,0.0,7.400000000001455,0.0,7.400000000001455,7.400000000001455,96,14,97,Explotacion activa
2264,18,SA,trayectoria,24266.0,22156.0,True,False,7.400000000001455,0.0,7.400000000001455,0.0,7.400000000001455,7.400000000001455,97,15,98,Explotacion activa
2265,18,SA,trayectoria,24266.0,21814.0,True,False,7.400000000001455,0.0,7.400000000001455,0.0,7.400000000001455,7.400000000001455,98,16,99,Explotacion activa
2266,18,SA,trayectoria,24266.0,22468.0,True,False,7.400000000001455,0.0,7.400000000001455,0.0,7.400000000001455,7.400000000001455,99,17,100,Explotacion activa
2267,18,SA,trayectoria,24266.0,23365.0,True,False,7.400000000001455,0.0,7.400000000001455,0.0,7.400000000001455,7.400000000001455,100,18,101,Explotacion activa
2268,18,SA,trayectoria,24266.0,23365.0,True,False,7.400000000001455,0.0,7.400000000001455,0.0,7.400000000001455,7.400000000001455,101,19,102,Explotacion activa
2269,18,SA,trayectoria,24266.0,23365.0,True,False,7.400000000001455,0.0,7.400000000001455,0.0,7.400000000001455,7.400000000001455,102,20,103,Explotacion activa
2270,18,SA,trayectoria,24266.0,22751.0,True,False,7.400000000001455,0.0,7.400000000001455,0.0,7.400000000001455,7.400000000001455,103,21,104,Explotacion activa
2271,18,SA,trayectoria,24266.0,22296.0,True,False,7.400000000001455,0.0,7.400000000001455,0.0,7.400000000001455,7.400000000001455,104,22,105,Explotacion activa
2272,18,SA,trayectoria,24266.0,22615.0,True,False,7.400000000001455,0.0,7.400000000001455,0.0,7.400000000001455,7.400000000001455,105,23,106,Explotacion activa
2273,18,SA,trayectoria,24266.0,23201.0,True,False,7.400000000001455,0.0,7.400000000001455,0.0,7.400000000001455,7.400000000001455,106,24,107,Explotacion activa
2274,18,SA,trayectoria,24266.0,22274.0,True,True,7.400000000001455,0.0,7.400000000001455,0.0,7.400000000001455,7.400000000001455,107,25,108,ESTANCAMIENTO (Fire)
2275,19,PSO,poblacional,24266.0,24266.0,False,False,,,,,,,0,0,1,Llenando ventana
2276,19,PSO,poblacional,24266.0,24266.0,False,False,,,,,,,1,0,2,Llenando ventana
2277,19,PSO,poblacional,24266.0,24266.0,False,False,,,,,,,2,0,3,Llenando ventana
2278,19,PSO,poblacional,24266.0,24266.0,False,False,,,,,,,3,0,4,Llenando ventana
2279,19,PSO,poblacional,24266.0,24266.0,False,False,,,,,,,4,0,5,Llenando ventana
2280,19,PSO,poblacional,24266.0,24266.0,False,False,,,,,,,5,0,6,Llenando ventana
2281,19,PSO,poblacional,24266.0,24266.0,False,False,,,,,,,6,0,7,Llenando ventana
2282,19,PSO,poblacional,24266.0,24266.0,False,False,,,,,,,7,0,8,Llenando ventana
2283,19,PSO,poblacional,24266.0,24266.0,False,False,,,,,,,8,0,9,Llenando ventana
2284,19,PSO,poblacional,24266.0,24266.0,False,False,,,,,,,9,0,10,Llenando ventana
2285,19,PSO,poblacional,24266.0,24266.0,False,False,,,,,,,10,0,11,Llenando ventana
2286,19,PSO,poblacional,24266.0,24266.0,False,False,,,,,,,11,0,12,Llenando ventana
2287,19,PSO,poblacional,24266.0,24266.0,False,False,,,,,,,12,0,13,Llenando ventana
2288,19,PSO,poblacional,24266.0,24266.0,False,False,,,,,,,13,0,14,Llenando ventana
2289,19,PSO,poblacional,24266.0,24266.0,False,False,,,,,,,14,0,15,Llenando ventana
2290,19,PSO,poblacional,24266.0,24266.0,False,False,,,,,,,15,0,16,Llenando ventana
2291,19,PSO,poblacional,24266.0,24266.0,False,False,,,,,,,16,0,17,Llenando ventana
2292,19,PSO,poblacional,24266.0,24266.0,False,False,,,,,,,17,0,18,Llenando ventana
2293,19,PSO,poblacional,24266.0,24266.0,False,False,,,,,,,18,0,19,Llenando ventana
2294,19,PSO,poblacional,24266.0,24266.0,False,False,,,,,,,19,0,20,Llenando ventana
2295,19,PSO,poblacional,24266.0,24266.0,False,False,,,,,,,20,0,21,Llenando ventana
2296,19,PSO,poblacional,24266.0,24266.0,False,False,,,,,,,21,0,22,Llenando ventana
2297,19,PSO,poblacional,24266.0,24266.0,False,False,,,,,,,22,0,23,Llenando ventana
2298,19,PSO,poblacional,24266.0,24266.0,False,False,,,,,,,23,0,24,Llenando ventana
2299,19,PSO,poblacional,24266.0,24266.0,False,False,,,,,,,24,0,25,Llenando ventana
2300,19,PSO,poblacional,24266.0,24266.0,False,False,,,,,,,25,0,26,Llenando ventana
2301,19,PSO,poblacional,24266.0,24266.0,False,False,,,,,,,26,0,27,Llenando ventana
2302,19,PSO,poblacional,24266.0,24266.0,False,False,,,,,,,27,0,28,Llenando ventana
2303,19,PSO,poblacional,24266.0,24266.0,False,False,,,,,,,28,0,29,Llenando ventana
2304,19,PSO,poblacional,24266.0,24266.0,False,False,,,,,,,29,0,30,Llenando ventana
2305,19,PSO,poblacional,24266.0,24266.0,False,False,,,,,,,30,0,31,Llenando ventana
2306,19,PSO,poblacional,24266.0,24266.0,False,False,,,,,,,31,0,32,Llenando ventana
2307,19,PSO,poblacional,24266.0,24266.0,False,False,,,,,,,32,0,33,Llenando ventana
2308,19,PSO,poblacional,24266.0,24266.0,False,False,,,,,,,33,0,34,Llenando ventana
2309,19,PSO,poblacional,24266.0,24266.0,False,False,,,,,,,34,0,35,Llenando ventana
2310,19,PSO,poblacional,24266.0,24266.0,False,False,,,,,,,35,0,36,Llenando ventana
2311,19,PSO,poblacional,24266.0,24266.0,False,False,,,,,,,36,0,37,Llenando ventana
2312,19,PSO,poblacional,24266.0,24266.0,False,False,,,,,,,37,0,38,Llenando ventana
2313,19,PSO,poblacional,24266.0,24266.0,False,False,,,,,,,38,0,39,Llenando ventana
2314,19,PSO,poblacional,24266.0,24266.0,False,False,,,,,,,39,0,40,Llenando ventana
2315,19,PSO,poblacional,24266.0,24266.0,False,False,,,,,,,40,0,41,Llenando ventana
2316,19,PSO,poblacional,24266.0,24266.0,False,False,,,,,,,41,0,42,Llenando ventana
2317,19,PSO,poblacional,24266.0,24266.0,False,False,,,,,,,42,0,43,Llenando ventana
2318,19,PSO,poblacional,24266.0,24266.0,False,False,,,,,,,43,0,44,Llenando ventana
2319,19,PSO,poblacional,24266.0,24266.0,False,False,,,,,,,44,0,45,Llenando ventana
2320,19,PSO,poblacional,24266.0,24266.0,False,False,,,,,,,45,0,46,Llenando ventana
2321,19,PSO,poblacional,24266.0,24266.0,False,False,,,,,,,46,0,47,Llenando ventana
2322,19,PSO,poblacional,24266.0,24266.0,False,False,,,,,,,47,0,48,Llenando ventana
2323,19,PSO,poblacional,24266.0,24266.0,False,False,,,,,,,48,0,49,Llenando ventana
2324,19,PSO,poblacional,24266.0,24266.0,False,False,,,,,,,49,0,50,Llenando ventana
2325,19,PSO,poblacional,24266.0,24266.0,False,False,,,,,,,50,0,51,Llenando ventana
2326,19,PSO,poblacional,24266.0,24266.0,False,False,,,,,,,51,0,52,Llenando ventana
2327,19,PSO,poblacional,24266.0,24266.0,False,False,,,,,,,52,0,53,Llenando ventana
2328,19,PSO,poblacional,24266.0,24266.0,False,False,,,,,,,53,0,54,Llenando ventana
2329,19,PSO,poblacional,24266.0,24266.0,False,False,,,,,,,54,0,55,Llenando ventana
2330,19,PSO,poblacional,24266.0,24266.0,False,False,,,,,,,55,0,56,Llenando ventana
2331,19,PSO,poblacional,24266.0,24266.0,False,False,,,,,,,56,0,57,Llenando ventana
2332,19,PSO,poblacional,24266.0,24266.0,False,False,,,,,,,57,0,58,Llenando ventana
2333,19,PSO,poblacional,24266.0,24266.0,False,False,,,,,,,58,0,59,Llenando ventana
2334,19,PSO,poblacional,24266.0,24266.0,False,False,,,,,,,59,0,60,Llenando ventana
2335,19,PSO,poblacional,24266.0,24266.0,False,False,,,,,,,60,0,61,Llenando ventana
2336,19,PSO,poblacional,24266.0,24266.0,False,False,,,,,,,61,0,62,Llenando ventana
2337,19,PSO,poblacional,24266.0,24266.0,False,False,,,,,,,62,0,63,Llenando ventana
2338,19,PSO,poblacional,24266.0,24266.0,False,False,,,,,,,63,0,64,Llenando ventana
2339,19,PSO,poblacional,24266.0,24266.0,False,False,,,,,,,64,0,65,Llenando ventana
2340,19,PSO,poblacional,24266.0,24266.0,False,False,,,,,,,65,0,66,Llenando ventana
2341,19,PSO,poblacional,24266.0,24266.0,False,False,,,,,,,66,0,67,Llenando ventana
2342,19,PSO,poblacional,24266.0,24266.0,False,False,,,,,,,67,0,68,Llenando ventana
2343,19,PSO,poblacional,24266.0,24266.0,False,False,,,,,,,68,0,69,Llenando ventana
2344,19,PSO,poblacional,24266.0,24266.0,False,False,,,,,,,69,0,70,Llenando ventana
2345,19,PSO,poblacional,24266.0,24266.0,False,False,,,,,,,70,0,71,Llenando ventana
2346,19,PSO,poblacional,24266.0,24266.0,False,False,,,,,,,71,0,72,Llenando ventana
2347,19,PSO,poblacional,24266.0,24266.0,False,False,,,,,,,72,0,73,Llenando ventana
2348,19,PSO,poblacional,24266.0,24266.0,False,False,,,,,,,73,0,74,Llenando ventana
2349,19,PSO,poblacional,24266.0,24266.0,True,False,7.400000000001455,0.0,7.400000000001455,7.5,37.5,22.5,74,0,75,Explotacion activa
2350,19,PSO,poblacional,24266.0,24266.0,True,False,7.400000000001455,0.0,7.400000000001455,7.5,37.5,22.5,75,0,76,Explotacion activa
2351,19,PSO,poblacional,24266.0,24266.0,True,False,7.400000000001455,0.0,7.400000000001455,7.5,37.5,22.5,76,0,77,Explotacion activa
2352,19,PSO,poblacional,24266.0,24266.0,True,False,7.400000000001455,0.0,7.400000000001455,7.5,37.5,22.5,77,0,78,Explotacion activa
2353,19,PSO,poblacional,24266.0,24266.0,True,False,7.400000000001455,0.0,7.400000000001455,7.5,37.5,22.5,78,0,79,Explotacion activa
2354,19,PSO,poblacional,24266.0,24266.0,True,False,7.400000000001455,0.0,7.400000000001455,7.5,37.5,22.5,79,0,80,Explotacion activa
2355,19,PSO,poblacional,24266.0,24266.0,True,False,7.400000000001455,0.0,7.400000000001455,7.5,37.5,22.5,80,0,81,Explotacion activa
2356,19,PSO,poblacional,24266.0,24266.0,True,False,7.400000000001455,0.0,7.400000000001455,7.5,37.5,22.5,81,0,82,Explotacion activa
2357,19,PSO,poblacional,24266.0,24266.0,True,False,7.400000000001455,0.0,7.400000000001455,7.5,37.5,22.5,82,0,83,Explotacion activa
2358,19,PSO,poblacional,24266.0,24266.0,True,False,7.400000000001455,0.0,7.400000000001455,0.0,7.400000000001455,7.400000000001455,83,1,84,Explotacion activa
2359,19,PSO,poblacional,24266.0,24266.0,True,False,7.400000000001455,0.0,7.400000000001455,0.0,7.400000000001455,7.400000000001455,84,2,85,Explotacion activa
2360,19,PSO,poblacional,24266.0,24266.0,True,False,7.400000000001455,0.0,7.400000000001455,0.0,7.400000000001455,7.400000000001455,85,3,86,Explotacion activa
2361,19,PSO,poblacional,24266.0,24266.0,True,False,7.400000000001455,0.0,7.400000000001455,0.0,7.400000000001455,7.400000000001455,86,4,87,Explotacion activa
2362,19,PSO,poblacional,24266.0,24266.0,True,False,7.400000000001455,0.0,7.400000000001455,0.0,7.400000000001455,7.400000000001455,87,5,88,Explotacion activa
2363,19,PSO,poblacional,24266.0,24266.0,True,False,7.400000000001455,0.0,7.400000000001455,0.0,7.400000000001455,7.400000000001455,88,6,89,Explotacion activa
2364,19,PSO,poblacional,24266.0,24266.0,True,False,7.400000000001455,0.0,7.400000000001455,0.0,7.400000000001455,7.400000000001455,89,7,90,Explotacion activa
2365,19,PSO,poblacional,24266.0,24266.0,True,False,7.400000000001455,0.0,7.400000000001455,0.0,7.400000000001455,7.400000000001455,90,8,91,Explotacion activa
2366,19,PSO,poblacional,24266.0,24266.0,True,False,7.400000000001455,0.0,7.400000000001455,0.0,7.400000000001455,7.400000000001455,91,9,92,Explotacion activa
2367,19,PSO,poblacional,24266.0,24266.0,True,False,7.400000000001455,0.0,7.400000000001455,0.0,7.400000000001455,7.400000000001455,92,10,93,Explotacion activa
2368,19,PSO,poblacional,24266.0,24266.0,True,False,7.400000000001455,0.0,7.400000000001455,0.0,7.400000000001455,7.400000000001455,93,11,94,Explotacion activa
2369,19,PSO,poblacional,24266.0,24266.0,True,False,7.400000000001455,0.0,7.400000000001455,0.0,7.400000000001455,7.400000000001455,94,12,95,Explotacion activa
2370,19,PSO,poblacional,24266.0,24266.0,True,False,7.400000000001455,0.0,7.400000000001455,0.0,7.400000000001455,7.400000000001455,95,13,96,Explotacion activa
2371,19,PSO,poblacional,24266.0,24266.0,True,False,7.400000000001455,0.0,7.400000000001455,0.0,7.400000000001455,7.400000000001455,96,14,97,Explotacion activa
2372,19,PSO,poblacional,24266.0,24266.0,True,False,7.400000000001455,0.0,7.400000000001455,0.0,7.400000000001455,7.400000000001455,97,15,98,Explotacion activa
2373,19,PSO,poblacional,24266.0,24266.0,True,False,7.400000000001455,0.0,7.400000000001455,0.0,7.400000000001455,7.400000000001455,98,16,99,Explotacion activa
2374,19,PSO,poblacional,24266.0,24266.0,True,False,7.400000000001455,0.0,7.400000000001455,0.0,7.400000000001455,7.400000000001455,99,17,100,Explotacion activa
2375,19,PSO,poblacional,24266.0,24266.0,True,False,7.400000000001455,0.0,7.400000000001455,0.0,7.400000000001455,7.400000000001455,100,18,101,Explotacion activa
2376,19,PSO,poblacional,24266.0,24266.0,True,False,7.400000000001455,0.0,7.400000000001455,0.0,7.400000000001455,7.400000000001455,101,19,102,Explotacion activa
2377,19,PSO,poblacional,24266.0,24266.0,True,False,7.400000000001455,0.0,7.400000000001455,0.0,7.400000000001455,7.400000000001455,102,20,103,Explotacion activa
2378,19,PSO,poblacional,24266.0,24266.0,True,False,7.400000000001455,0.0,7.400000000001455,0.0,7.400000000001455,7.400000000001455,103,21,104,Explotacion activa
2379,19,PSO,poblacional,24266.0,24266.0,True,False,7.400000000001455,0.0,7.400000000001455,0.0,7.400000000001455,7.400000000001455,104,22,105,Explotacion activa
2380,19,PSO,poblacional,24266.0,24266.0,True,False,7.400000000001455,0.0,7.400000000001455,0.0,7.400000000001455,7.400000000001455,105,23,106,Explotacion activa
2381,19,PSO,poblacional,24266.0,24266.0,True,False,7.400000000001455,0.0,7.400000000001455,0.0,7.400000000001455,7.400000000001455,106,24,107,Explotacion activa
2382,19,PSO,poblacional,24266.0,24266.0,True,True,7.400000000001455,0.0,7.400000000001455,0.0,7.400000000001455,7.400000000001455,107,25,108,ESTANCAMIENTO (Fire)
2383,20,SA,trayectoria,24266.0,20806.0,False,False,,,,,,,0,0,1,Llenando ventana
2384,20,SA,trayectoria,24266.0,21047.0,False,False,,,,,,,1,0,2,Llenando ventana
2385,20,SA,trayectoria,24266.0,21317.0,False,False,,,,,,,2,0,3,Llenando ventana
2386,20,SA,trayectoria,24266.0,21602.0,False,False,,,,,,,3,0,4,Llenando ventana
2387,20,SA,trayectoria,24266.0,20048.0,False,False,,,,,,,4,0,5,Llenando ventana
2388,20,SA,trayectoria,24266.0,21357.0,False,False,,,,,,,5,0,6,Llenando ventana
2389,20,SA,trayectoria,24266.0,21273.0,False,False,,,,,,,6,0,7,Llenando ventana
2390,20,SA,trayectoria,24266.0,21410.0,False,False,,,,,,,7,0,8,Llenando ventana
2391,20,SA,trayectoria,24266.0,20831.0,False,False,,,,,,,8,0,9,Llenando ventana
2392,20,SA,trayectoria,24266.0,21384.0,False,False,,,,,,,9,0,10,Llenando ventana
2393,20,SA,trayectoria,24266.0,21164.0,False,False,,,,,,,10,0,11,Llenando ventana
2394,20,SA,trayectoria,24266.0,21798.0,False,False,,,,,,,11,0,12,Llenando ventana
2395,20,SA,trayectoria,24266.0,21651.0,False,False,,,,,,,12,0,13,Llenando ventana
2396,20,SA,trayectoria,24266.0,21185.0,False,False,,,,,,,13,0,14,Llenando ventana
2397,20,SA,trayectoria,24266.0,21671.0,False,False,,,,,,,14,0,15,Llenando ventana
2398,20,SA,trayectoria,24266.0,21944.0,False,False,,,,,,,15,0,16,Llenando ventana
2399,20,SA,trayectoria,24266.0,21453.0,False,False,,,,,,,16,0,17,Llenando ventana
2400,20,SA,trayectoria,24266.0,21188.0,False,False,,,,,,,17,0,18,Llenando ventana
2401,20,SA,trayectoria,24266.0,20846.0,False,False,,,,,,,18,0,19,Llenando ventana
2402,20,SA,trayectoria,24266.0,21144.0,False,False,,,,,,,19,0,20,Llenando ventana
2403,20,SA,trayectoria,24266.0,21954.0,False,False,,,,,,,20,0,21,Llenando ventana
2404,20,SA,trayectoria,24266.0,21999.0,False,False,,,,,,,21,0,22,Llenando ventana
2405,20,SA,trayectoria,24266.0,21268.0,False,False,,,,,,,22,0,23,Llenando ventana
2406,20,SA,trayectoria,24266.0,21559.0,False,False,,,,,,,23,0,24,Llenando ventana
2407,20,SA,trayectoria,24266.0,21246.0,False,False,,,,,,,24,0,25,Llenando ventana
2408,20,SA,trayectoria,24266.0,20579.0,False,False,,,,,,,25,0,26,Llenando ventana
2409,20,SA,trayectoria,24266.0,22063.0,False,False,,,,,,,26,0,27,Llenando ventana
2410,20,SA,trayectoria,24266.0,22073.0,False,False,,,,,,,27,0,28,Llenando ventana
2411,20,SA,trayectoria,24266.0,22025.0,False,False,,,,,,,28,0,29,Llenando ventana
2412,20,SA,trayectoria,24266.0,21869.0,False,False,,,,,,,29,0,30,Llenando ventana
2413,20,SA,trayectoria,24266.0,21413.0,False,False,,,,,,,30,0,31,Llenando ventana
2414,20,SA,trayectoria,24266.0,22017.0,False,False,,,,,,,31,0,32,Llenando ventana
2415,20,SA,trayectoria,24266.0,21468.0,False,False,,,,,,,32,0,33,Llenando ventana
2416,20,SA,trayectoria,24266.0,20424.0,False,False,,,,,,,33,0,34,Llenando ventana
2417,20,SA,trayectoria,24266.0,22404.0,False,False,,,,,,,34,0,35,Llenando ventana
2418,20,SA,trayectoria,24266.0,21263.0,False,False,,,,,,,35,0,36,Llenando ventana
2419,20,SA,trayectoria,24266.0,21592.0,False,False,,,,,,,36,0,37,Llenando ventana
2420,20,SA,trayectoria,24266.0,21190.0,False,False,,,,,,,37,0,38,Llenando ventana
2421,20,SA,trayectoria,24266.0,21833.0,False,False,,,,,,,38,0,39,Llenando ventana
2422,20,SA,trayectoria,24266.0,21186.0,False,False,,,,,,,39,0,40,Llenando ventana
2423,20,SA,trayectoria,24266.0,21887.0,False,False,,,,,,,40,0,41,Llenando ventana
2424,20,SA,trayectoria,24266.0,20889.0,False,False,,,,,,,41,0,42,Llenando ventana
2425,20,SA,trayectoria,24266.0,21256.0,False,False,,,,,,,42,0,43,Llenando ventana
2426,20,SA,trayectoria,24266.0,22472.0,False,False,,,,,,,43,0,44,Llenando ventana
2427,20,SA,trayectoria,24266.0,20990.0,False,False,,,,,,,44,0,45,Llenando ventana
2428,20,SA,trayectoria,24266.0,21828.0,False,False,,,,,,,45,0,46,Llenando ventana
2429,20,SA,trayectoria,24266.0,21152.0,False,False,,,,,,,46,0,47,Llenando ventana
2430,20,SA,trayectoria,24266.0,21771.0,False,False,,,,,,,47,0,48,Llenando ventana
2431,20,SA,trayectoria,24266.0,22417.0,False,False,,,,,,,48,0,49,Llenando ventana
2432,20,SA,trayectoria,24266.0,21387.0,False,False,,,,,,,49,0,50,Llenando ventana
2433,20,SA,trayectoria,24266.0,21351.0,False,False,,,,,,,50,0,51,Llenando ventana
2434,20,SA,trayectoria,24266.0,22151.0,False,False,,,,,,,51,0,52,Llenando ventana
2435,20,SA,trayectoria,24266.0,21017.0,False,False,,,,,,,52,0,53,Llenando ventana
2436,20,SA,trayectoria,24266.0,21723.0,False,False,,,,,,,53,0,54,Llenando ventana
2437,20,SA,trayectoria,24266.0,21246.0,False,False,,,,,,,54,0,55,Llenando ventana
2438,20,SA,trayectoria,24266.0,21562.0,False,False,,,,,,,55,0,56,Llenando ventana
2439,20,SA,trayectoria,24266.0,21726.0,False,False,,,,,,,56,0,57,Llenando ventana
2440,20,SA,trayectoria,24266.0,21676.0,False,False,,,,,,,57,0,58,Llenando ventana
2441,20,SA,trayectoria,24266.0,21324.0,False,False,,,,,,,58,0,59,Llenando ventana
2442,20,SA,trayectoria,24266.0,22200.0,False,False,,,,,,,59,0,60,Llenando ventana
2443,20,SA,trayectoria,24266.0,22482.0,False,False,,,,,,,60,0,61,Llenando ventana
2444,20,SA,trayectoria,24266.0,21400.0,False,False,,,,,,,61,0,62,Llenando ventana
2445,20,SA,trayectoria,24266.0,21290.0,False,False,,,,,,,62,0,63,Llenando ventana
2446,20,SA,trayectoria,24266.0,22190.0,False,False,,,,,,,63,0,64,Llenando ventana
2447,20,SA,trayectoria,24266.0,22103.0,False,False,,,,,,,64,0,65,Llenando ventana
2448,20,SA,trayectoria,24266.0,22096.0,False,False,,,,,,,65,0,66,Llenando ventana
2449,20,SA,trayectoria,24266.0,20407.0,False,False,,,,,,,66,0,67,Llenando ventana
2450,20,SA,trayectoria,24266.0,20812.0,False,False,,,,,,,67,0,68,Llenando ventana
2451,20,SA,trayectoria,24266.0,22207.0,False,False,,,,,,,68,0,69,Llenando ventana
2452,20,SA,trayectoria,24266.0,20818.0,False,False,,,,,,,69,0,70,Llenando ventana
2453,20,SA,trayectoria,24266.0,21361.0,False,False,,,,,,,70,0,71,Llenando ventana
2454,20,SA,trayectoria,24266.0,19920.0,False,False,,,,,,,71,0,72,Llenando ventana
2455,20,SA,trayectoria,24266.0,21534.0,False,False,,,,,,,72,0,73,Llenando ventana
2456,20,SA,trayectoria,24266.0,21236.0,False,False,,,,,,,73,0,74,Llenando ventana
2457,20,SA,trayectoria,24266.0,22221.0,True,False,7.400000000001455,0.0,7.400000000001455,7.5,37.5,22.5,74,0,75,Explotacion activa
2458,20,SA,trayectoria,24266.0,22625.0,True,False,7.400000000001455,0.0,7.400000000001455,7.5,37.5,22.5,75,0,76,Explotacion activa
2459,20,SA,trayectoria,24266.0,21412.0,True,False,7.400000000001455,0.0,7.400000000001455,7.5,37.5,22.5,76,0,77,Explotacion activa
2460,20,SA,trayectoria,24266.0,22760.0,True,False,7.400000000001455,0.0,7.400000000001455,7.5,37.5,22.5,77,0,78,Explotacion activa
2461,20,SA,trayectoria,24266.0,22882.0,True,False,7.400000000001455,0.0,7.400000000001455,7.5,37.5,22.5,78,0,79,Explotacion activa
2462,20,SA,trayectoria,24266.0,22076.0,True,False,7.400000000001455,0.0,7.400000000001455,7.5,37.5,22.5,79,0,80,Explotacion activa
2463,20,SA,trayectoria,24266.0,22902.0,True,False,7.400000000001455,0.0,7.400000000001455,7.5,37.5,22.5,80,0,81,Explotacion activa
2464,20,SA,trayectoria,24266.0,22313.0,True,False,7.400000000001455,0.0,7.400000000001455,7.5,37.5,22.5,81,0,82,Explotacion activa
2465,20,SA,trayectoria,24266.0,22932.0,True,False,7.400000000001455,0.0,7.400000000001455,7.5,37.5,22.5,82,0,83,Explotacion activa
2466,20,SA,trayectoria,24266.0,22260.0,True,False,7.400000000001455,0.0,7.400000000001455,0.0,7.400000000001455,7.400000000001455,83,1,84,Explotacion activa
2467,20,SA,trayectoria,24266.0,22351.0,True,False,7.400000000001455,0.0,7.400000000001455,0.0,7.400000000001455,7.400000000001455,84,2,85,Explotacion activa
2468,20,SA,trayectoria,24266.0,22452.0,True,False,7.400000000001455,0.0,7.400000000001455,0.0,7.400000000001455,7.400000000001455,85,3,86,Explotacion activa
2469,20,SA,trayectoria,24266.0,22570.0,True,False,7.400000000001455,0.0,7.400000000001455,0.0,7.400000000001455,7.400000000001455,86,4,87,Explotacion activa
2470,20,SA,trayectoria,24266.0,22918.0,True,False,7.400000000001455,0.0,7.400000000001455,0.0,7.400000000001455,7.400000000001455,87,5,88,Explotacion activa
2471,20,SA,trayectoria,24266.0,22304.0,True,False,7.400000000001455,0.0,7.400000000001455,0.0,7.400000000001455,7.400000000001455,88,6,89,Explotacion activa
2472,20,SA,trayectoria,24266.0,22213.0,True,False,7.400000000001455,0.0,7.400000000001455,0.0,7.400000000001455,7.400000000001455,89,7,90,Explotacion activa
2473,20,SA,trayectoria,24266.0,21765.0,True,False,7.400000000001455,0.0,7.400000000001455,0.0,7.400000000001455,7.400000000001455,90,8,91,Explotacion activa
2474,20,SA,trayectoria,24266.0,21703.0,True,False,7.400000000001455,0.0,7.400000000001455,0.0,7.400000000001455,7.400000000001455,91,9,92,Explotacion activa
2475,20,SA,trayectoria,24266.0,22487.0,True,False,7.400000000001455,0.0,7.400000000001455,0.0,7.400000000001455,7.400000000001455,92,10,93,Explotacion activa
2476,20,SA,trayectoria,24266.0,22565.0,True,False,7.400000000001455,0.0,7.400000000001455,0.0,7.400000000001455,7.400000000001455,93,11,94,Explotacion activa
2477,20,SA,trayectoria,24266.0,23130.0,True,False,7.400000000001455,0.0,7.400000000001455,0.0,7.400000000001455,7.400000000001455,94,12,95,Explotacion activa
2478,20,SA,trayectoria,24266.0,22671.0,True,False,7.400000000001455,0.0,7.400000000001455,0.0,7.400000000001455,7.400000000001455,95,13,96,Explotacion activa
2479,20,SA,trayectoria,24266.0,22615.0,True,False,7.400000000001455,0.0,7.400000000001455,0.0,7.400000000001455,7.400000000001455,96,14,97,Explotacion activa
2480,20,SA,trayectoria,24266.0,22005.0,True,False,7.400000000001455,0.0,7.400000000001455,0.0,7.400000000001455,7.400000000001455,97,15,98,Explotacion activa
2481,20,SA,trayectoria,24266.0,23227.0,True,False,7.400000000001455,0.0,7.400000000001455,0.0,7.400000000001455,7.400000000001455,98,16,99,Explotacion activa
2482,20,SA,trayectoria,24266.0,22377.0,True,False,7.400000000001455,0.0,7.400000000001455,0.0,7.400000000001455,7.400000000001455,99,17,100,Explotacion activa
2483,20,SA,trayectoria,24266.0,22651.0,True,False,7.400000000001455,0.0,7.400000000001455,0.0,7.400000000001455,7.400000000001455,100,18,101,Explotacion activa
2484,20,SA,trayectoria,24266.0,22671.0,True,False,7.400000000001455,0.0,7.400000000001455,0.0,7.400000000001455,7.400000000001455,101,19,102,Explotacion activa
2485,20,SA,trayectoria,24266.0,22373.0,True,False,7.400000000001455,0.0,7.400000000001455,0.0,7.400000000001455,7.400000000001455,102,20,103,Explotacion activa
2486,20,SA,trayectoria,24266.0,22302.0,True,False,7.400000000001455,0.0,7.400000000001455,0.0,7.400000000001455,7.400000000001455,103,21,104,Explotacion activa
2487,20,SA,trayectoria,24266.0,22935.0,True,False,7.400000000001455,0.0,7.400000000001455,0.0,7.400000000001455,7.400000000001455,104,22,105,Explotacion activa
2488,20,SA,trayectoria,24266.0,22672.0,True,False,7.400000000001455,0.0,7.400000000001455,0.0,7.400000000001455,7.400000000001455,105,23,106,Explotacion activa
2489,20,SA,trayectoria,24266.0,22740.0,True,False,7.400000000001455,0.0,7.400000000001455,0.0,7.400000000001455,7.400000000001455,106,24,107,Explotacion activa
2490,20,SA,trayectoria,24266.0,22063.0,True,True,7.400000000001455,0.0,7.400000000001455,0.0,7.400000000001455,7.400000000001455,107,25,108,ESTANCAMIENTO (Fire)
2491,21,GWO,poblacional,24266.0,24266.0,False,False,,,,,,,0,0,1,Llenando ventana
2492,21,GWO,poblacional,24266.0,24266.0,False,False,,,,,,,1,0,2,Llenando ventana
2493,21,GWO,poblacional,24266.0,24266.0,False,False,,,,,,,2,0,3,Llenando ventana
2494,21,GWO,poblacional,24266.0,24266.0,False,False,,,,,,,3,0,4,Llenando ventana
2495,21,GWO,poblacional,24266.0,24266.0,False,False,,,,,,,4,0,5,Llenando ventana
2496,21,GWO,poblacional,24266.0,24266.0,False,False,,,,,,,5,0,6,Llenando ventana
2497,21,GWO,poblacional,24266.0,24266.0,False,False,,,,,,,6,0,7,Llenando ventana
2498,21,GWO,poblacional,24266.0,24266.0,False,False,,,,,,,7,0,8,Llenando ventana
2499,21,GWO,poblacional,24266.0,24266.0,False,False,,,,,,,8,0,9,Llenando ventana
2500,21,GWO,poblacional,24266.0,24266.0,False,False,,,,,,,9,0,10,Llenando ventana
2501,21,GWO,poblacional,24266.0,24266.0,False,False,,,,,,,10,0,11,Llenando ventana
2502,21,GWO,poblacional,24266.0,24266.0,False,False,,,,,,,11,0,12,Llenando ventana
2503,21,GWO,poblacional,24266.0,24266.0,False,False,,,,,,,12,0,13,Llenando ventana
2504,21,GWO,poblacional,24266.0,24266.0,False,False,,,,,,,13,0,14,Llenando ventana
2505,21,GWO,poblacional,24266.0,24266.0,False,False,,,,,,,14,0,15,Llenando ventana
2506,21,GWO,poblacional,24266.0,24266.0,False,False,,,,,,,15,0,16,Llenando ventana
2507,21,GWO,poblacional,24266.0,24266.0,False,False,,,,,,,16,0,17,Llenando ventana
2508,21,GWO,poblacional,24266.0,24266.0,False,False,,,,,,,17,0,18,Llenando ventana
2509,21,GWO,poblacional,24266.0,24266.0,False,False,,,,,,,18,0,19,Llenando ventana
2510,21,GWO,poblacional,24266.0,24266.0,False,False,,,,,,,19,0,20,Llenando ventana
2511,21,GWO,poblacional,24266.0,24266.0,False,False,,,,,,,20,0,21,Llenando ventana
2512,21,GWO,poblacional,24266.0,24266.0,False,False,,,,,,,21,0,22,Llenando ventana
2513,21,GWO,poblacional,24266.0,24266.0,False,False,,,,,,,22,0,23,Llenando ventana
2514,21,GWO,poblacional,24266.0,24266.0,False,False,,,,,,,23,0,24,Llenando ventana
2515,21,GWO,poblacional,24266.0,24266.0,False,False,,,,,,,24,0,25,Llenando ventana
2516,21,GWO,poblacional,24266.0,24266.0,False,False,,,,,,,25,0,26,Llenando ventana
2517,21,GWO,poblacional,24266.0,24266.0,False,False,,,,,,,26,0,27,Llenando ventana
2518,21,GWO,poblacional,24266.0,24266.0,False,False,,,,,,,27,0,28,Llenando ventana
2519,21,GWO,poblacional,24266.0,24266.0,False,False,,,,,,,28,0,29,Llenando ventana
2520,21,GWO,poblacional,24266.0,24266.0,False,False,,,,,,,29,0,30,Llenando ventana
2521,21,GWO,poblacional,24266.0,24266.0,False,False,,,,,,,30,0,31,Llenando ventana
2522,21,GWO,poblacional,24266.0,24266.0,False,False,,,,,,,31,0,32,Llenando ventana
2523,21,GWO,poblacional,24266.0,24266.0,False,False,,,,,,,32,0,33,Llenando ventana
2524,21,GWO,poblacional,24266.0,24266.0,False,False,,,,,,,33,0,34,Llenando ventana
2525,21,GWO,poblacional,24266.0,24266.0,False,False,,,,,,,34,0,35,Llenando ventana
2526,21,GWO,poblacional,24266.0,24266.0,False,False,,,,,,,35,0,36,Llenando ventana
2527,21,GWO,poblacional,24266.0,24266.0,False,False,,,,,,,36,0,37,Llenando ventana
2528,21,GWO,poblacional,24266.0,24266.0,False,False,,,,,,,37,0,38,Llenando ventana
2529,21,GWO,poblacional,24266.0,24266.0,False,False,,,,,,,38,0,39,Llenando ventana
2530,21,GWO,poblacional,24266.0,24266.0,False,False,,,,,,,39,0,40,Llenando ventana
2531,21,GWO,poblacional,24266.0,24266.0,False,False,,,,,,,40,0,41,Llenando ventana
2532,21,GWO,poblacional,24266.0,24266.0,False,False,,,,,,,41,0,42,Llenando ventana
2533,21,GWO,poblacional,24266.0,24266.0,False,False,,,,,,,42,0,43,Llenando ventana
2534,21,GWO,poblacional,24266.0,24266.0,False,False,,,,,,,43,0,44,Llenando ventana
2535,21,GWO,poblacional,24266.0,24266.0,False,False,,,,,,,44,0,45,Llenando ventana
2536,21,GWO,poblacional,24266.0,24266.0,False,False,,,,,,,45,0,46,Llenando ventana
2537,21,GWO,poblacional,24266.0,24266.0,False,False,,,,,,,46,0,47,Llenando ventana
2538,21,GWO,poblacional,24266.0,24266.0,False,False,,,,,,,47,0,48,Llenando ventana
2539,21,GWO,poblacional,24266.0,24266.0,False,False,,,,,,,48,0,49,Llenando ventana
2540,21,GWO,poblacional,24266.0,24266.0,False,False,,,,,,,49,0,50,Llenando ventana
2541,21,GWO,poblacional,24266.0,24266.0,False,False,,,,,,,50,0,51,Llenando ventana
2542,21,GWO,poblacional,24266.0,24266.0,False,False,,,,,,,51,0,52,Llenando ventana
2543,21,GWO,poblacional,24266.0,24266.0,False,False,,,,,,,52,0,53,Llenando ventana
2544,21,GWO,poblacional,24266.0,24266.0,False,False,,,,,,,53,0,54,Llenando ventana
2545,21,GWO,poblacional,24266.0,24266.0,False,False,,,,,,,54,0,55,Llenando ventana
2546,21,GWO,poblacional,24266.0,24266.0,False,False,,,,,,,55,0,56,Llenando ventana
2547,21,GWO,poblacional,24266.0,24266.0,False,False,,,,,,,56,0,57,Llenando ventana
2548,21,GWO,poblacional,24266.0,24266.0,False,False,,,,,,,57,0,58,Llenando ventana
2549,21,GWO,poblacional,24266.0,24266.0,False,False,,,,,,,58,0,59,Llenando ventana
2550,21,GWO,poblacional,24266.0,24266.0,False,False,,,,,,,59,0,60,Llenando ventana
2551,21,GWO,poblacional,24266.0,24266.0,False,False,,,,,,,60,0,61,Llenando ventana
2552,21,GWO,poblacional,24266.0,24266.0,False,False,,,,,,,61,0,62,Llenando ventana
2553,21,GWO,poblacional,24266.0,24266.0,False,False,,,,,,,62,0,63,Llenando ventana
2554,21,GWO,poblacional,24266.0,24266.0,False,False,,,,,,,63,0,64,Llenando ventana
2555,21,GWO,poblacional,24266.0,24266.0,False,False,,,,,,,64,0,65,Llenando ventana
2556,21,GWO,poblacional,24266.0,24266.0,False,False,,,,,,,65,0,66,Llenando ventana
2557,21,GWO,poblacional,24266.0,24266.0,False,False,,,,,,,66,0,67,Llenando ventana
2558,21,GWO,poblacional,24266.0,24266.0,False,False,,,,,,,67,0,68,Llenando ventana
2559,21,GWO,poblacional,24266.0,24266.0,False,False,,,,,,,68,0,69,Llenando ventana
2560,21,GWO,poblacional,24266.0,24266.0,False,False,,,,,,,69,0,70,Llenando ventana
2561,21,GWO,poblacional,24266.0,24266.0,False,False,,,,,,,70,0,71,Llenando ventana
2562,21,GWO,poblacional,24266.0,24266.0,False,False,,,,,,,71,0,72,Llenando ventana
2563,21,GWO,poblacional,24266.0,24266.0,False,False,,,,,,,72,0,73,Llenando ventana
2564,21,GWO,poblacional,24266.0,24266.0,False,False,,,,,,,73,0,74,Llenando ventana
2565,21,GWO,poblacional,24266.0,24266.0,True,False,7.400000000001455,0.0,7.400000000001455,7.5,37.5,22.5,74,0,75,Explotacion activa
2566,21,GWO,poblacional,24266.0,24266.0,True,False,7.400000000001455,0.0,7.400000000001455,7.5,37.5,22.5,75,0,76,Explotacion activa
2567,21,GWO,poblacional,24266.0,24266.0,True,False,7.400000000001455,0.0,7.400000000001455,7.5,37.5,22.5,76,0,77,Explotacion activa
2568,21,GWO,poblacional,24266.0,24266.0,True,False,7.400000000001455,0.0,7.400000000001455,7.5,37.5,22.5,77,0,78,Explotacion activa
2569,21,GWO,poblacional,24266.0,24266.0,True,False,7.400000000001455,0.0,7.400000000001455,7.5,37.5,22.5,78,0,79,Explotacion activa
2570,21,GWO,poblacional,24266.0,24266.0,True,False,7.400000000001455,0.0,7.400000000001455,7.5,37.5,22.5,79,0,80,Explotacion activa
2571,21,GWO,poblacional,24266.0,24266.0,True,False,7.400000000001455,0.0,7.400000000001455,7.5,37.5,22.5,80,0,81,Explotacion activa
2572,21,GWO,poblacional,24266.0,24266.0,True,False,7.400000000001455,0.0,7.400000000001455,7.5,37.5,22.5,81,0,82,Explotacion activa
2573,21,GWO,poblacional,24266.0,24266.0,True,False,7.400000000001455,0.0,7.400000000001455,7.5,37.5,22.5,82,0,83,Explotacion activa
2574,21,GWO,poblacional,24266.0,24266.0,True,False,7.400000000001455,0.0,7.400000000001455,0.0,7.400000000001455,7.400000000001455,83,1,84,Explotacion activa
2575,21,GWO,poblacional,24266.0,24266.0,True,False,7.400000000001455,0.0,7.400000000001455,0.0,7.400000000001455,7.400000000001455,84,2,85,Explotacion activa
2576,21,GWO,poblacional,24266.0,24266.0,True,False,7.400000000001455,0.0,7.400000000001455,0.0,7.400000000001455,7.400000000001455,85,3,86,Explotacion activa
2577,21,GWO,poblacional,24266.0,24266.0,True,False,7.400000000001455,0.0,7.400000000001455,0.0,7.400000000001455,7.400000000001455,86,4,87,Explotacion activa
2578,21,GWO,poblacional,24266.0,24266.0,True,False,7.400000000001455,0.0,7.400000000001455,0.0,7.400000000001455,7.400000000001455,87,5,88,Explotacion activa
2579,21,GWO,poblacional,24266.0,24266.0,True,False,7.400000000001455,0.0,7.400000000001455,0.0,7.400000000001455,7.400000000001455,88,6,89,Explotacion activa
2580,21,GWO,poblacional,24266.0,24266.0,True,False,7.400000000001455,0.0,7.400000000001455,0.0,7.400000000001455,7.400000000001455,89,7,90,Explotacion activa
2581,21,GWO,poblacional,24266.0,24266.0,True,False,7.400000000001455,0.0,7.400000000001455,0.0,7.400000000001455,7.400000000001455,90,8,91,Explotacion activa
2582,21,GWO,poblacional,24266.0,24266.0,True,False,7.400000000001455,0.0,7.400000000001455,0.0,7.400000000001455,7.400000000001455,91,9,92,Explotacion activa
2583,21,GWO,poblacional,24266.0,24266.0,True,False,7.400000000001455,0.0,7.400000000001455,0.0,7.400000000001455,7.400000000001455,92,10,93,Explotacion activa
2584,21,GWO,poblacional,24266.0,24266.0,True,False,7.400000000001455,0.0,7.400000000001455,0.0,7.400000000001455,7.400000000001455,93,11,94,Explotacion activa
2585,21,GWO,poblacional,24266.0,24266.0,True,False,7.400000000001455,0.0,7.400000000001455,0.0,7.400000000001455,7.400000000001455,94,12,95,Explotacion activa
2586,21,GWO,poblacional,24266.0,24266.0,True,False,7.400000000001455,0.0,7.400000000001455,0.0,7.400000000001455,7.400000000001455,95,13,96,Explotacion activa
2587,21,GWO,poblacional,24266.0,24266.0,True,False,7.400000000001455,0.0,7.400000000001455,0.0,7.400000000001455,7.400000000001455,96,14,97,Explotacion activa
2588,21,GWO,poblacional,24266.0,24266.0,True,False,7.400000000001455,0.0,7.400000000001455,0.0,7.400000000001455,7.400000000001455,97,15,98,Explotacion activa
2589,21,GWO,poblacional,24266.0,24266.0,True,False,7.400000000001455,0.0,7.400000000001455,0.0,7.400000000001455,7.400000000001455,98,16,99,Explotacion activa
2590,21,GWO,poblacional,24266.0,24266.0,True,False,7.400000000001455,0.0,7.400000000001455,0.0,7.400000000001455,7.400000000001455,99,17,100,Explotacion activa
2591,21,GWO,poblacional,24266.0,24266.0,True,False,7.400000000001455,0.0,7.400000000001455,0.0,7.400000000001455,7.400000000001455,100,18,101,Explotacion activa
2592,21,GWO,poblacional,24266.0,24266.0,True,False,7.400000000001455,0.0,7.400000000001455,0.0,7.400000000001455,7.400000000001455,101,19,102,Explotacion activa
2593,21,GWO,poblacional,24266.0,24266.0,True,False,7.400000000001455,0.0,7.400000000001455,0.0,7.400000000001455,7.400000000001455,102,20,103,Explotacion activa
2594,21,GWO,poblacional,24266.0,24266.0,True,False,7.400000000001455,0.0,7.400000000001455,0.0,7.400000000001455,7.400000000001455,103,21,104,Explotacion activa
2595,21,GWO,poblacional,24266.0,24266.0,True,False,7.400000000001455,0.0,7.400000000001455,0.0,7.400000000001455,7.400000000001455,104,22,105,Explotacion activa
2596,21,GWO,poblacional,24266.0,24266.0,True,False,7.400000000001455,0.0,7.400000000001455,0.0,7.400000000001455,7.400000000001455,105,23,106,Explotacion activa
2597,21,GWO,poblacional,24266.0,24266.0,True,False,7.400000000001455,0.0,7.400000000001455,0.0,7.400000000001455,7.400000000001455,106,24,107,Explotacion activa
2598,21,GWO,poblacional,24266.0,24266.0,True,True,7.400000000001455,0.0,7.400000000001455,0.0,7.400000000001455,7.400000000001455,107,25,108,ESTANCAMIENTO (Fire)
2599,22,SA,trayectoria,24266.0,21463.0,False,False,,,,,,,0,0,1,Llenando ventana
2600,22,SA,trayectoria,24266.0,21528.0,False,False,,,,,,,1,0,2,Llenando ventana
2601,22,SA,trayectoria,24266.0,21932.0,False,False,,,,,,,2,0,3,Llenando ventana
2602,22,SA,trayectoria,24266.0,21493.0,False,False,,,,,,,3,0,4,Llenando ventana
2603,22,SA,trayectoria,24266.0,20518.0,False,False,,,,,,,4,0,5,Llenando ventana
2604,22,SA,trayectoria,24266.0,21874.0,False,False,,,,,,,5,0,6,Llenando ventana
2605,22,SA,trayectoria,24266.0,21405.0,False,False,,,,,,,6,0,7,Llenando ventana
2606,22,SA,trayectoria,24266.0,22348.0,False,False,,,,,,,7,0,8,Llenando ventana
2607,22,SA,trayectoria,24266.0,21255.0,False,False,,,,,,,8,0,9,Llenando ventana
2608,22,SA,trayectoria,24266.0,21290.0,False,False,,,,,,,9,0,10,Llenando ventana
2609,22,SA,trayectoria,24266.0,22156.0,False,False,,,,,,,10,0,11,Llenando ventana
2610,22,SA,trayectoria,24266.0,21227.0,False,False,,,,,,,11,0,12,Llenando ventana
2611,22,SA,trayectoria,24266.0,21728.0,False,False,,,,,,,12,0,13,Llenando ventana
2612,22,SA,trayectoria,24266.0,20745.0,False,False,,,,,,,13,0,14,Llenando ventana
2613,22,SA,trayectoria,24266.0,21988.0,False,False,,,,,,,14,0,15,Llenando ventana
2614,22,SA,trayectoria,24266.0,21340.0,False,False,,,,,,,15,0,16,Llenando ventana
2615,22,SA,trayectoria,24266.0,20758.0,False,False,,,,,,,16,0,17,Llenando ventana
2616,22,SA,trayectoria,24266.0,21931.0,False,False,,,,,,,17,0,18,Llenando ventana
2617,22,SA,trayectoria,24266.0,21523.0,False,False,,,,,,,18,0,19,Llenando ventana
2618,22,SA,trayectoria,24266.0,21940.0,False,False,,,,,,,19,0,20,Llenando ventana
2619,22,SA,trayectoria,24266.0,21820.0,False,False,,,,,,,20,0,21,Llenando ventana
2620,22,SA,trayectoria,24266.0,22074.0,False,False,,,,,,,21,0,22,Llenando ventana
2621,22,SA,trayectoria,24266.0,21209.0,False,False,,,,,,,22,0,23,Llenando ventana
2622,22,SA,trayectoria,24266.0,22105.0,False,False,,,,,,,23,0,24,Llenando ventana
2623,22,SA,trayectoria,24266.0,21740.0,False,False,,,,,,,24,0,25,Llenando ventana
2624,22,SA,trayectoria,24266.0,21561.0,False,False,,,,,,,25,0,26,Llenando ventana
2625,22,SA,trayectoria,24266.0,21823.0,False,False,,,,,,,26,0,27,Llenando ventana
2626,22,SA,trayectoria,24266.0,21484.0,False,False,,,,,,,27,0,28,Llenando ventana
2627,22,SA,trayectoria,24266.0,22253.0,False,False,,,,,,,28,0,29,Llenando ventana
2628,22,SA,trayectoria,24266.0,20786.0,False,False,,,,,,,29,0,30,Llenando ventana
2629,22,SA,trayectoria,24266.0,21668.0,False,False,,,,,,,30,0,31,Llenando ventana
2630,22,SA,trayectoria,24266.0,21188.0,False,False,,,,,,,31,0,32,Llenando ventana
2631,22,SA,trayectoria,24266.0,22131.0,False,False,,,,,,,32,0,33,Llenando ventana
2632,22,SA,trayectoria,24266.0,22338.0,False,False,,,,,,,33,0,34,Llenando ventana
2633,22,SA,trayectoria,24266.0,22519.0,False,False,,,,,,,34,0,35,Llenando ventana
2634,22,SA,trayectoria,24266.0,21795.0,False,False,,,,,,,35,0,36,Llenando ventana
2635,22,SA,trayectoria,24266.0,21127.0,False,False,,,,,,,36,0,37,Llenando ventana
2636,22,SA,trayectoria,24266.0,22250.0,False,False,,,,,,,37,0,38,Llenando ventana
2637,22,SA,trayectoria,24266.0,20916.0,False,False,,,,,,,38,0,39,Llenando ventana
2638,22,SA,trayectoria,24266.0,21464.0,False,False,,,,,,,39,0,40,Llenando ventana
2639,22,SA,trayectoria,24266.0,21839.0,False,False,,,,,,,40,0,41,Llenando ventana
2640,22,SA,trayectoria,24266.0,21681.0,False,False,,,,,,,41,0,42,Llenando ventana
2641,22,SA,trayectoria,24266.0,21032.0,False,False,,,,,,,42,0,43,Llenando ventana
2642,22,SA,trayectoria,24266.0,21045.0,False,False,,,,,,,43,0,44,Llenando ventana
2643,22,SA,trayectoria,24266.0,22752.0,False,False,,,,,,,44,0,45,Llenando ventana
2644,22,SA,trayectoria,24266.0,21654.0,False,False,,,,,,,45,0,46,Llenando ventana
2645,22,SA,trayectoria,24266.0,21587.0,False,False,,,,,,,46,0,47,Llenando ventana
2646,22,SA,trayectoria,24266.0,21354.0,False,False,,,,,,,47,0,48,Llenando ventana
2647,22,SA,trayectoria,24266.0,21613.0,False,False,,,,,,,48,0,49,Llenando ventana
2648,22,SA,trayectoria,24266.0,21641.0,False,False,,,,,,,49,0,50,Llenando ventana
2649,22,SA,trayectoria,24266.0,21851.0,False,False,,,,,,,50,0,51,Llenando ventana
2650,22,SA,trayectoria,24266.0,22061.0,False,False,,,,,,,51,0,52,Llenando ventana
2651,22,SA,trayectoria,24266.0,21453.0,False,False,,,,,,,52,0,53,Llenando ventana
2652,22,SA,trayectoria,24266.0,21405.0,False,False,,,,,,,53,0,54,Llenando ventana
2653,22,SA,trayectoria,24266.0,21932.0,False,False,,,,,,,54,0,55,Llenando ventana
2654,22,SA,trayectoria,24266.0,21424.0,False,False,,,,,,,55,0,56,Llenando ventana
2655,22,SA,trayectoria,24266.0,21946.0,False,False,,,,,,,56,0,57,Llenando ventana
2656,22,SA,trayectoria,24266.0,21549.0,False,False,,,,,,,57,0,58,Llenando ventana
2657,22,SA,trayectoria,24266.0,21420.0,False,False,,,,,,,58,0,59,Llenando ventana
2658,22,SA,trayectoria,24266.0,21601.0,False,False,,,,,,,59,0,60,Llenando ventana
2659,22,SA,trayectoria,24266.0,21390.0,False,False,,,,,,,60,0,61,Llenando ventana
2660,22,SA,trayectoria,24266.0,21878.0,False,False,,,,,,,61,0,62,Llenando ventana
2661,22,SA,trayectoria,24266.0,21927.0,False,False,,,,,,,62,0,63,Llenando ventana
2662,22,SA,trayectoria,24266.0,22118.0,False,False,,,,,,,63,0,64,Llenando ventana
2663,22,SA,trayectoria,24266.0,22054.0,False,False,,,,,,,64,0,65,Llenando ventana
2664,22,SA,trayectoria,24266.0,21934.0,False,False,,,,,,,65,0,66,Llenando ventana
2665,22,SA,trayectoria,24266.0,21407.0,False,False,,,,,,,66,0,67,Llenando ventana
2666,22,SA,trayectoria,24266.0,22158.0,False,False,,,,,,,67,0,68,Llenando ventana
2667,22,SA,trayectoria,24266.0,22033.0,False,False,,,,,,,68,0,69,Llenando ventana
2668,22,SA,trayectoria,24266.0,22266.0,False,False,,,,,,,69,0,70,Llenando ventana
2669,22,SA,trayectoria,24266.0,23039.0,False,False,,,,,,,70,0,71,Llenando ventana
2670,22,SA,trayectoria,24266.0,22236.0,False,False,,,,,,,71,0,72,Llenando ventana
2671,22,SA,trayectoria,24266.0,21513.0,False,False,,,,,,,72,0,73,Llenando ventana
2672,22,SA,trayectoria,24266.0,21207.0,False,False,,,,,,,73,0,74,Llenando ventana
2673,22,SA,trayectoria,24266.0,20920.0,True,False,7.400000000001455,0.0,7.400000000001455,7.5,37.5,22.5,74,0,75,Explotacion activa
2674,22,SA,trayectoria,24266.0,21690.0,True,False,7.400000000001455,0.0,7.400000000001455,7.5,37.5,22.5,75,0,76,Explotacion activa
2675,22,SA,trayectoria,24266.0,21535.0,True,False,7.400000000001455,0.0,7.400000000001455,7.5,37.5,22.5,76,0,77,Explotacion activa
2676,22,SA,trayectoria,24266.0,22065.0,True,False,7.400000000001455,0.0,7.400000000001455,7.5,37.5,22.5,77,0,78,Explotacion activa
2677,22,SA,trayectoria,24266.0,22276.0,True,False,7.400000000001455,0.0,7.400000000001455,7.5,37.5,22.5,78,0,79,Explotacion activa
2678,22,SA,trayectoria,24266.0,22501.0,True,False,7.400000000001455,0.0,7.400000000001455,7.5,37.5,22.5,79,0,80,Explotacion activa
2679,22,SA,trayectoria,24266.0,22111.0,True,False,7.400000000001455,0.0,7.400000000001455,7.5,37.5,22.5,80,0,81,Explotacion activa
2680,22,SA,trayectoria,24266.0,21739.0,True,False,7.400000000001455,0.0,7.400000000001455,7.5,37.5,22.5,81,0,82,Explotacion activa
2681,22,SA,trayectoria,24266.0,21852.0,True,False,7.400000000001455,0.0,7.400000000001455,7.5,37.5,22.5,82,0,83,Explotacion activa
2682,22,SA,trayectoria,24266.0,21702.0,True,False,7.400000000001455,0.0,7.400000000001455,0.0,7.400000000001455,7.400000000001455,83,1,84,Explotacion activa
2683,22,SA,trayectoria,24266.0,21901.0,True,False,7.400000000001455,0.0,7.400000000001455,0.0,7.400000000001455,7.400000000001455,84,2,85,Explotacion activa
2684,22,SA,trayectoria,24266.0,21728.0,True,False,7.400000000001455,0.0,7.400000000001455,0.0,7.400000000001455,7.400000000001455,85,3,86,Explotacion activa
2685,22,SA,trayectoria,24266.0,21612.0,True,False,7.400000000001455,0.0,7.400000000001455,0.0,7.400000000001455,7.400000000001455,86,4,87,Explotacion activa
2686,22,SA,trayectoria,24266.0,22598.0,True,False,7.400000000001455,0.0,7.400000000001455,0.0,7.400000000001455,7.400000000001455,87,5,88,Explotacion activa
2687,22,SA,trayectoria,24266.0,22093.0,True,False,7.400000000001455,0.0,7.400000000001455,0.0,7.400000000001455,7.400000000001455,88,6,89,Explotacion activa
2688,22,SA,trayectoria,24266.0,22157.0,True,False,7.400000000001455,0.0,7.400000000001455,0.0,7.400000000001455,7.400000000001455,89,7,90,Explotacion activa
2689,22,SA,trayectoria,24266.0,22629.0,True,False,7.400000000001455,0.0,7.400000000001455,0.0,7.400000000001455,7.400000000001455,90,8,91,Explotacion activa
2690,22,SA,trayectoria,24266.0,20844.0,True,False,7.400000000001455,0.0,7.400000000001455,0.0,7.400000000001455,7.400000000001455,91,9,92,Explotacion activa
2691,22,SA,trayectoria,24266.0,21900.0,True,False,7.400000000001455,0.0,7.400000000001455,0.0,7.400000000001455,7.400000000001455,92,10,93,Explotacion activa
2692,22,SA,trayectoria,24266.0,21766.0,True,False,7.400000000001455,0.0,7.400000000001455,0.0,7.400000000001455,7.400000000001455,93,11,94,Explotacion activa
2693,22,SA,trayectoria,24266.0,22009.0,True,False,7.400000000001455,0.0,7.400000000001455,0.0,7.400000000001455,7.400000000001455,94,12,95,Explotacion activa
2694,22,SA,trayectoria,24266.0,22635.0,True,False,7.400000000001455,0.0,7.400000000001455,0.0,7.400000000001455,7.400000000001455,95,13,96,Explotacion activa
2695,22,SA,trayectoria,24266.0,22113.0,True,False,7.400000000001455,0.0,7.400000000001455,0.0,7.400000000001455,7.400000000001455,96,14,97,Explotacion activa
2696,22,SA,trayectoria,24266.0,22588.0,True,False,7.400000000001455,0.0,7.400000000001455,0.0,7.400000000001455,7.400000000001455,97,15,98,Explotacion activa
2697,22,SA,trayectoria,24266.0,21826.0,True,False,7.400000000001455,0.0,7.400000000001455,0.0,7.400000000001455,7.400000000001455,98,16,99,Explotacion activa
2698,22,SA,trayectoria,24266.0,22427.0,True,False,7.400000000001455,0.0,7.400000000001455,0.0,7.400000000001455,7.400000000001455,99,17,100,Explotacion activa
2699,22,SA,trayectoria,24266.0,22154.0,True,False,7.400000000001455,0.0,7.400000000001455,0.0,7.400000000001455,7.400000000001455,100,18,101,Explotacion activa
2700,22,SA,trayectoria,24266.0,21744.0,True,False,7.400000000001455,0.0,7.400000000001455,0.0,7.400000000001455,7.400000000001455,101,19,102,Explotacion activa
2701,22,SA,trayectoria,24266.0,21724.0,True,False,7.400000000001455,0.0,7.400000000001455,0.0,7.400000000001455,7.400000000001455,102,20,103,Explotacion activa
2702,22,SA,trayectoria,24266.0,22682.0,True,False,7.400000000001455,0.0,7.400000000001455,0.0,7.400000000001455,7.400000000001455,103,21,104,Explotacion activa
2703,22,SA,trayectoria,24266.0,22793.0,True,False,7.400000000001455,0.0,7.400000000001455,0.0,7.400000000001455,7.400000000001455,104,22,105,Explotacion activa
2704,22,SA,trayectoria,24266.0,22452.0,True,False,7.400000000001455,0.0,7.400000000001455,0.0,7.400000000001455,7.400000000001455,105,23,106,Explotacion activa
2705,22,SA,trayectoria,24266.0,22575.0,True,False,7.400000000001455,0.0,7.400000000001455,0.0,7.400000000001455,7.400000000001455,106,24,107,Explotacion activa
2706,22,SA,trayectoria,24266.0,22933.0,True,True,7.400000000001455,0.0,7.400000000001455,0.0,7.400000000001455,7.400000000001455,107,25,108,ESTANCAMIENTO (Fire)
2707,23,GA,poblacional,24266.0,24266.0,False,False,,,,,,,0,0,0,Llenando ventana
2708,23,GA,poblacional,24266.0,24266.0,False,False,,,,,,,0,0,0,Llenando ventana
2709,23,GA,poblacional,24266.0,24266.0,False,False,,,,,,,0,0,0,Llenando ventana
2710,23,GA,poblacional,24266.0,24266.0,False,False,,,,,,,0,0,0,Llenando ventana
2711,23,GA,poblacional,24266.0,24266.0,False,False,,,,,,,0,0,0,Llenando ventana
2712,23,GA,poblacional,24266.0,24266.0,False,False,,,,,,,0,0,0,Llenando ventana
2713,23,GA,poblacional,24266.0,24266.0,False,False,,,,,,,0,0,0,Llenando ventana
2714,23,GA,poblacional,24266.0,24266.0,False,False,,,,,,,0,0,0,Llenando ventana
2715,23,GA,poblacional,24266.0,24266.0,False,False,,,,,,,0,0,0,Llenando ventana
2716,23,GA,poblacional,24266.0,24266.0,False,False,,,,,,,0,0,0,Llenando ventana
2717,23,GA,poblacional,24266.0,24266.0,False,False,,,,,,,0,0,0,Llenando ventana
2718,23,GA,poblacional,24266.0,24266.0,False,False,,,,,,,0,0,0,Llenando ventana
2719,23,GA,poblacional,24266.0,24266.0,False,False,,,,,,,0,0,0,Llenando ventana
2720,23,GA,poblacional,24266.0,24266.0,False,False,,,,,,,0,0,0,Llenando ventana
2721,23,GA,poblacional,24266.0,24266.0,False,False,,,,,,,0,0,0,Llenando ventana
2722,23,GA,poblacional,24266.0,24266.0,False,False,,,,,,,0,0,0,Llenando ventana
2723,23,GA,poblacional,24266.0,24266.0,False,False,,,,,,,0,0,0,Llenando ventana
2724,23,GA,poblacional,24266.0,24266.0,False,False,,,,,,,0,0,0,Llenando ventana
2725,23,GA,poblacional,24266.0,24266.0,False,False,,,,,,,0,0,0,Llenando ventana
2726,23,GA,poblacional,24266.0,24266.0,False,False,,,,,,,0,0,0,Llenando ventana
2727,23,GA,poblacional,24266.0,24266.0,False,False,,,,,,,0,0,0,Llenando ventana
2728,23,GA,poblacional,24266.0,24266.0,False,False,,,,,,,0,0,0,Llenando ventana
2729,23,GA,poblacional,24266.0,24266.0,False,False,,,,,,,0,0,0,Llenando ventana
2730,23,GA,poblacional,24266.0,24266.0,False,False,,,,,,,0,0,0,Llenando ventana
2731,23,GA,poblacional,24266.0,24266.0,False,False,,,,,,,0,0,0,Llenando ventana
2732,23,GA,poblacional,24266.0,24266.0,False,False,,,,,,,0,0,0,Llenando ventana
2733,23,GA,poblacional,24266.0,24266.0,False,False,,,,,,,0,0,0,Llenando ventana
2734,23,GA,poblacional,24266.0,24266.0,False,False,,,,,,,0,0,0,Llenando ventana
2735,23,GA,poblacional,24266.0,24266.0,False,False,,,,,,,0,0,0,Llenando ventana
2736,23,GA,poblacional,24266.0,24266.0,False,False,,,,,,,0,0,0,Llenando ventana
2737,23,GA,poblacional,24266.0,24266.0,False,False,,,,,,,0,0,0,Llenando ventana
2738,23,GA,poblacional,24266.0,24266.0,False,False,,,,,,,0,0,0,Llenando ventana
2739,23,GA,poblacional,24266.0,24266.0,False,False,,,,,,,0,0,0,Llenando ventana
2740,23,GA,poblacional,24266.0,24266.0,False,False,,,,,,,0,0,0,Llenando ventana
2741,23,GA,poblacional,24266.0,24266.0,False,False,,,,,,,0,0,0,Llenando ventana
2742,23,GA,poblacional,24266.0,24266.0,False,False,,,,,,,0,0,0,Llenando ventana
2743,23,GA,poblacional,24266.0,24266.0,False,False,,,,,,,0,0,0,Llenando ventana
2744,23,GA,poblacional,24266.0,24266.0,False,False,,,,,,,0,0,0,Llenando ventana
2745,23,GA,poblacional,24266.0,24266.0,False,False,,,,,,,0,0,0,Llenando ventana
2746,23,GA,poblacional,24266.0,24266.0,False,False,,,,,,,0,0,0,Llenando ventana
2747,23,GA,poblacional,24266.0,24266.0,False,False,,,,,,,0,0,0,Llenando ventana
2748,23,GA,poblacional,24266.0,24266.0,False,False,,,,,,,0,0,0,Llenando ventana
2749,23,GA,poblacional,24266.0,24266.0,False,False,,,,,,,0,0,0,Llenando ventana
2750,23,GA,poblacional,24266.0,24266.0,False,False,,,,,,,0,0,0,Llenando ventana
2751,23,GA,poblacional,24266.0,24266.0,False,False,,,,,,,0,0,0,Llenando ventana
2752,23,GA,poblacional,24266.0,24266.0,False,False,,,,,,,0,0,0,Llenando ventana
2753,23,GA,poblacional,24266.0,24266.0,False,False,,,,,,,0,0,0,Llenando ventana
2754,23,GA,poblacional,24266.0,24266.0,False,False,,,,,,,0,0,0,Llenando ventana
2755,23,GA,poblacional,24266.0,24266.0,False,False,,,,,,,0,0,0,Llenando ventana
2756,23,GA,poblacional,24266.0,24266.0,False,False,,,,,,,0,0,0,Llenando ventana
2757,23,GA,poblacional,24266.0,24266.0,False,False,,,,,,,0,0,0,Llenando ventana
2758,23,GA,poblacional,24266.0,24266.0,False,False,,,,,,,0,0,0,Llenando ventana
2759,23,GA,poblacional,24266.0,24266.0,False,False,,,,,,,0,0,0,Llenando ventana
2760,23,GA,poblacional,24266.0,24266.0,False,False,,,,,,,0,0,0,Llenando ventana
2761,23,GA,poblacional,24266.0,24266.0,False,False,,,,,,,0,0,0,Llenando ventana
2762,23,GA,poblacional,24266.0,24266.0,False,False,,,,,,,0,0,0,Llenando ventana
2763,23,GA,poblacional,24266.0,24266.0,False,False,,,,,,,0,0,0,Llenando ventana
2764,23,GA,poblacional,24266.0,24266.0,False,False,,,,,,,0,0,0,Llenando ventana
2765,23,GA,poblacional,24266.0,24266.0,False,False,,,,,,,0,0,0,Llenando ventana
2766,23,GA,poblacional,24266.0,24266.0,False,False,,,,,,,0,0,0,Llenando ventana
2767,23,GA,poblacional,24266.0,24266.0,False,False,,,,,,,0,0,0,Llenando ventana
2768,23,GA,poblacional,24266.0,24266.0,False,False,,,,,,,0,0,0,Llenando ventana
2769,23,GA,poblacional,24266.0,24266.0,False,False,,,,,,,0,0,0,Llenando ventana
2770,23,GA,poblacional,24266.0,24266.0,False,False,,,,,,,0,0,0,Llenando ventana
2771,23,GA,poblacional,24266.0,24266.0,False,False,,,,,,,0,0,0,Llenando ventana
2772,23,GA,poblacional,24266.0,24266.0,False,False,,,,,,,0,0,0,Llenando ventana
2773,23,GA,poblacional,24266.0,24266.0,False,False,,,,,,,0,0,0,Llenando ventana
2774,23,GA,poblacional,24266.0,24266.0,False,False,,,,,,,0,0,0,Llenando ventana
2775,23,GA,poblacional,24266.0,24266.0,False,False,,,,,,,0,0,0,Llenando ventana
2776,23,GA,poblacional,24266.0,24266.0,False,False,,,,,,,0,0,0,Llenando ventana
2777,23,GA,poblacional,24266.0,24266.0,False,False,,,,,,,0,0,0,Llenando ventana
2778,23,GA,poblacional,24266.0,24266.0,False,False,,,,,,,0,0,0,Llenando ventana
2779,23,GA,poblacional,24266.0,24266.0,False,False,,,,,,,0,0,0,Llenando ventana
2780,23,GA,poblacional,24266.0,24266.0,False,False,,,,,,,0,0,0,Llenando ventana
2781,23,GA,poblacional,24266.0,24266.0,False,False,,,7.400000000001455,,,,0,0,0,Llenando ventana
2782,23,GA,poblacional,24266.0,24266.0,False,False,,,7.400000000001455,,,,0,0,0,Llenando ventana
2783,23,GA,poblacional,24266.0,24266.0,False,False,,,7.400000000001455,,,,0,0,0,Llenando ventana
2784,23,GA,poblacional,24266.0,24266.0,False,False,,,7.400000000001455,,,,0,0,0,Llenando ventana
2785,23,GA,poblacional,24266.0,24266.0,False,False,,,7.400000000001455,,,,0,0,0,Llenando ventana
2786,23,GA,poblacional,24266.0,24266.0,False,False,,,7.400000000001455,,,,0,0,0,Llenando ventana
2787,23,GA,poblacional,24266.0,24266.0,False,False,,,7.400000000001455,,,,0,0,0,Llenando ventana
2788,23,GA,poblacional,24266.0,24266.0,False,False,,,7.400000000001455,,,,0,0,0,Llenando ventana
2789,23,GA,poblacional,24266.0,24266.0,False,False,,,7.400000000001455,,,,0,0,0,Llenando ventana
2790,23,GA,poblacional,24266.0,24266.0,False,False,,,7.400000000001455,,,,0,0,0,Llenando ventana
2791,23,GA,poblacional,24266.0,24266.0,False,False,,,7.400000000001455,,,,0,0,0,Llenando ventana
2792,23,GA,poblacional,24266.0,24266.0,False,False,,,7.400000000001455,,,,0,0,0,Llenando ventana
2793,23,GA,poblacional,24266.0,24266.0,False,False,,,7.400000000001455,,,,0,0,0,Llenando ventana
2794,23,GA,poblacional,24266.0,24266.0,False,False,,,7.400000000001455,,,,0,0,0,Llenando ventana
2795,23,GA,poblacional,24266.0,24266.0,False,False,,,7.400000000001455,,,,0,0,0,Llenando ventana
2796,23,GA,poblacional,24266.0,24266.0,False,False,,,7.400000000001455,,,,0,0,0,Llenando ventana
2797,23,GA,poblacional,24266.0,24266.0,False,False,,,7.400000000001455,,,,0,0,0,Llenando ventana
2798,23,GA,poblacional,24266.0,24266.0,False,False,,,7.400000000001455,,,,0,0,0,Llenando ventana
2799,23,GA,poblacional,24266.0,24266.0,False,False,,,7.400000000001455,,,,0,0,0,Llenando ventana
2800,23,GA,poblacional,24266.0,24266.0,False,False,,,7.400000000001455,,,,0,0,0,Llenando ventana
2801,23,GA,poblacional,24266.0,24266.0,False,False,,,7.400000000001455,,,,0,0,0,Llenando ventana
2802,23,GA,poblacional,24266.0,24266.0,False,False,,,7.400000000001455,,,,0,0,0,Llenando ventana
2803,23,GA,poblacional,24266.0,24266.0,False,False,,,7.400000000001455,,,,0,0,0,Llenando ventana
2804,23,GA,poblacional,24266.0,24266.0,False,False,,,7.400000000001455,,,,0,0,0,Llenando ventana
2805,23,GA,poblacional,24266.0,24266.0,False,False,,,7.400000000001455,,,,0,0,0,Llenando ventana
2806,23,GA,poblacional,24266.0,24266.0,False,False,,,7.400000000001455,,,,0,0,0,Llenando ventana
2807,23,GA,poblacional,24266.0,24266.0,False,False,,,7.400000000001455,,,,0,0,0,Llenando ventana
2808,23,GA,poblacional,24266.0,24266.0,False,False,,,7.400000000001455,,,,0,0,0,Llenando ventana
2809,23,GA,poblacional,24266.0,24266.0,False,False,,,7.400000000001455,,,,0,0,0,Llenando ventana
2810,23,GA,poblacional,24266.0,24266.0,False,False,,,7.400000000001455,,,,0,0,0,Llenando ventana
2811,23,GA,poblacional,24266.0,24266.0,False,False,,,7.400000000001455,,,,0,0,0,Llenando ventana
2812,23,GA,poblacional,24266.0,24266.0,False,False,,,7.400000000001455,,,,0,0,0,Llenando ventana
2813,23,GA,poblacional,24266.0,24266.0,False,False,,,7.400000000001455,,,,0,0,0,Llenando ventana
2814,23,GA,poblacional,24266.0,24266.0,False,False,,,7.400000000001455,,,,0,0,0,Llenando ventana
2815,24,VNS,trayectoria,24266.0,24266.0,False,False,,,,,,,0,0,0,Llenando ventana
2816,24,VNS,trayectoria,24266.0,24266.0,False,False,,,,,,,0,0,0,Llenando ventana
2817,24,VNS,trayectoria,24266.0,24266.0,False,False,,,,,,,0,0,0,Llenando ventana
2818,24,VNS,trayectoria,24266.0,24266.0,False,False,,,,,,,0,0,0,Llenando ventana
2819,24,VNS,trayectoria,24266.0,24266.0,False,False,,,,,,,0,0,0,Llenando ventana
2820,24,VNS,trayectoria,24266.0,24266.0,False,False,,,,,,,0,0,0,Llenando ventana
2821,24,VNS,trayectoria,24266.0,24266.0,False,False,,,,,,,0,0,0,Llenando ventana
2822,24,VNS,trayectoria,24266.0,24266.0,False,False,,,,,,,0,0,0,Llenando ventana
2823,24,VNS,trayectoria,24266.0,24266.0,False,False,,,,,,,0,0,0,Llenando ventana
2824,24,VNS,trayectoria,24266.0,24266.0,False,False,,,,,,,0,0,0,Llenando ventana
2825,24,VNS,trayectoria,24266.0,24266.0,False,False,,,,,,,0,0,0,Llenando ventana
2826,24,VNS,trayectoria,24266.0,24266.0,False,False,,,,,,,0,0,0,Llenando ventana
2827,24,VNS,trayectoria,24266.0,24266.0,False,False,,,,,,,0,0,0,Llenando ventana
2828,24,VNS,trayectoria,24266.0,24266.0,False,False,,,,,,,0,0,0,Llenando ventana
2829,24,VNS,trayectoria,24266.0,24266.0,False,False,,,,,,,0,0,0,Llenando ventana
2830,24,VNS,trayectoria,24266.0,24266.0,False,False,,,,,,,0,0,0,Llenando ventana
2831,24,VNS,trayectoria,24266.0,24266.0,False,False,,,,,,,0,0,0,Llenando ventana
2832,24,VNS,trayectoria,24266.0,24266.0,False,False,,,,,,,0,0,0,Llenando ventana
2833,24,VNS,trayectoria,24266.0,24266.0,False,False,,,,,,,0,0,0,Llenando ventana
2834,24,VNS,trayectoria,24266.0,24266.0,False,False,,,,,,,0,0,0,Llenando ventana
2835,24,VNS,trayectoria,24266.0,24266.0,False,False,,,,,,,0,0,0,Llenando ventana
2836,24,VNS,trayectoria,24266.0,24266.0,False,False,,,,,,,0,0,0,Llenando ventana
2837,24,VNS,trayectoria,24266.0,24266.0,False,False,,,,,,,0,0,0,Llenando ventana
2838,24,VNS,trayectoria,24266.0,24266.0,False,False,,,,,,,0,0,0,Llenando ventana
2839,24,VNS,trayectoria,24266.0,24266.0,False,False,,,,,,,0,0,0,Llenando ventana
2840,24,VNS,trayectoria,24266.0,24266.0,False,False,,,,,,,0,0,0,Llenando ventana
2841,24,VNS,trayectoria,24266.0,24266.0,False,False,,,,,,,0,0,0,Llenando ventana
2842,24,VNS,trayectoria,24266.0,24266.0,False,False,,,,,,,0,0,0,Llenando ventana
2843,24,VNS,trayectoria,24266.0,24266.0,False,False,,,,,,,0,0,0,Llenando ventana
2844,24,VNS,trayectoria,24266.0,24266.0,False,False,,,,,,,0,0,0,Llenando ventana
2845,24,VNS,trayectoria,24266.0,24266.0,False,False,,,,,,,0,0,0,Llenando ventana
2846,24,VNS,trayectoria,24266.0,24266.0,False,False,,,,,,,0,0,0,Llenando ventana
2847,24,VNS,trayectoria,24266.0,24266.0,False,False,,,,,,,0,0,0,Llenando ventana
2848,24,VNS,trayectoria,24266.0,24266.0,False,False,,,,,,,0,0,0,Llenando ventana
2849,24,VNS,trayectoria,24266.0,24266.0,False,False,,,,,,,0,0,0,Llenando ventana
2850,24,VNS,trayectoria,24266.0,24266.0,False,False,,,,,,,0,0,0,Llenando ventana
2851,24,VNS,trayectoria,24266.0,24266.0,False,False,,,,,,,0,0,0,Llenando ventana
2852,24,VNS,trayectoria,24266.0,24266.0,False,False,,,,,,,0,0,0,Llenando ventana
2853,24,VNS,trayectoria,24266.0,24266.0,False,False,,,,,,,0,0,0,Llenando ventana
2854,24,VNS,trayectoria,24266.0,24266.0,False,False,,,,,,,0,0,0,Llenando ventana
2855,24,VNS,trayectoria,24266.0,24266.0,False,False,,,,,,,0,0,0,Llenando ventana
2856,24,VNS,trayectoria,24266.0,24266.0,False,False,,,,,,,0,0,0,Llenando ventana
2857,24,VNS,trayectoria,24266.0,24266.0,False,False,,,,,,,0,0,0,Llenando ventana
2858,24,VNS,trayectoria,24266.0,24266.0,False,False,,,,,,,0,0,0,Llenando ventana
2859,24,VNS,trayectoria,24266.0,24266.0,False,False,,,,,,,0,0,0,Llenando ventana
2860,24,VNS,trayectoria,24266.0,24266.0,False,False,,,,,,,0,0,0,Llenando ventana
2861,24,VNS,trayectoria,24266.0,24266.0,False,False,,,,,,,0,0,0,Llenando ventana
2862,24,VNS,trayectoria,24266.0,24266.0,False,False,,,,,,,0,0,0,Llenando ventana
2863,24,VNS,trayectoria,24266.0,24266.0,False,False,,,,,,,0,0,0,Llenando ventana
2864,24,VNS,trayectoria,24266.0,24266.0,False,False,,,,,,,0,0,0,Llenando ventana
2865,24,VNS,trayectoria,24266.0,24266.0,False,False,,,,,,,0,0,0,Llenando ventana
2866,24,VNS,trayectoria,24266.0,24266.0,False,False,,,,,,,0,0,0,Llenando ventana
2867,24,VNS,trayectoria,24266.0,24266.0,False,False,,,,,,,0,0,0,Llenando ventana
2868,24,VNS,trayectoria,24266.0,24266.0,False,False,,,,,,,0,0,0,Llenando ventana
2869,24,VNS,trayectoria,24266.0,24266.0,False,False,,,,,,,0,0,0,Llenando ventana
2870,24,VNS,trayectoria,24266.0,24266.0,False,False,,,,,,,0,0,0,Llenando ventana
2871,24,VNS,trayectoria,24266.0,24266.0,False,False,,,,,,,0,0,0,Llenando ventana
2872,24,VNS,trayectoria,24266.0,24266.0,False,False,,,,,,,0,0,0,Llenando ventana
2873,24,VNS,trayectoria,24266.0,24266.0,False,False,,,,,,,0,0,0,Llenando ventana
2874,24,VNS,trayectoria,24266.0,24266.0,False,False,,,,,,,0,0,0,Llenando ventana
2875,24,VNS,trayectoria,24266.0,24266.0,False,False,,,,,,,0,0,0,Llenando ventana
2876,24,VNS,trayectoria,24266.0,24266.0,False,False,,,,,,,0,0,0,Llenando ventana
2877,24,VNS,trayectoria,24266.0,24266.0,False,False,,,,,,,0,0,0,Llenando ventana
2878,24,VNS,trayectoria,24266.0,24266.0,False,False,,,,,,,0,0,0,Llenando ventana
2879,24,VNS,trayectoria,24266.0,24266.0,False,False,,,,,,,0,0,0,Llenando ventana
2880,24,VNS,trayectoria,24266.0,24266.0,False,False,,,,,,,0,0,0,Llenando ventana
2881,24,VNS,trayectoria,24266.0,24266.0,False,False,,,,,,,0,0,0,Llenando ventana
2882,24,VNS,trayectoria,24266.0,24266.0,False,False,,,,,,,0,0,0,Llenando ventana
2883,24,VNS,trayectoria,24266.0,24266.0,False,False,,,,,,,0,0,0,Llenando ventana
2884,24,VNS,trayectoria,24266.0,24266.0,False,False,,,,,,,0,0,0,Llenando ventana
2885,24,VNS,trayectoria,24266.0,24266.0,False,False,,,,,,,0,0,0,Llenando ventana
2886,24,VNS,trayectoria,24266.0,24266.0,False,False,,,,,,,0,0,0,Llenando ventana
2887,24,VNS,trayectoria,24266.0,24266.0,False,False,,,,,,,0,0,0,Llenando ventana
2888,24,VNS,trayectoria,24266.0,24266.0,False,False,,,,,,,0,0,0,Llenando ventana
2889,24,VNS,trayectoria,24266.0,24266.0,False,False,,,7.400000000001455,,,,0,0,0,Llenando ventana
2890,24,VNS,trayectoria,24266.0,24266.0,False,False,,,7.400000000001455,,,,0,0,0,Llenando ventana
2891,24,VNS,trayectoria,24266.0,24266.0,False,False,,,7.400000000001455,,,,0,0,0,Llenando ventana
2892,24,VNS,trayectoria,24266.0,24266.0,False,False,,,7.400000000001455,,,,0,0,0,Llenando ventana
2893,24,VNS,trayectoria,24266.0,24266.0,False,False,,,7.400000000001455,,,,0,0,0,Llenando ventana
2894,24,VNS,trayectoria,24266.0,24266.0,False,False,,,7.400000000001455,,,,0,0,0,Llenando ventana
2895,24,VNS,trayectoria,24266.0,24266.0,False,False,,,7.400000000001455,,,,0,0,0,Llenando ventana
2896,24,VNS,trayectoria,24266.0,24266.0,False,False,,,7.400000000001455,,,,0,0,0,Llenando ventana
2897,24,VNS,trayectoria,24266.0,24266.0,False,False,,,7.400000000001455,,,,0,0,0,Llenando ventana
2898,24,VNS,trayectoria,24266.0,24266.0,False,False,,,7.400000000001455,,,,0,0,0,Llenando ventana
2899,24,VNS,trayectoria,24266.0,24266.0,False,False,,,7.400000000001455,,,,0,0,0,Llenando ventana
2900,24,VNS,trayectoria,24266.0,24266.0,False,False,,,7.400000000001455,,,,0,0,0,Llenando ventana
2901,24,VNS,trayectoria,24266.0,24266.0,False,False,,,7.400000000001455,,,,0,0,0,Llenando ventana
2902,24,VNS,trayectoria,24266.0,24266.0,False,False,,,7.400000000001455,,,,0,0,0,Llenando ventana
2903,24,VNS,trayectoria,24266.0,24266.0,False,False,,,7.400000000001455,,,,0,0,0,Llenando ventana
2904,24,VNS,trayectoria,24266.0,24266.0,False,False,,,7.400000000001455,,,,0,0,0,Llenando ventana
2905,24,VNS,trayectoria,24266.0,24266.0,False,False,,,7.400000000001455,,,,0,0,0,Llenando ventana
2906,24,VNS,trayectoria,24266.0,24266.0,False,False,,,7.400000000001455,,,,0,0,0,Llenando ventana
2907,24,VNS,trayectoria,24266.0,24266.0,False,False,,,7.400000000001455,,,,0,0,0,Llenando ventana
2908,24,VNS,trayectoria,24266.0,24266.0,False,False,,,7.400000000001455,,,,0,0,0,Llenando ventana
2909,24,VNS,trayectoria,24266.0,24266.0,False,False,,,7.400000000001455,,,,0,0,0,Llenando ventana
2910,24,VNS,trayectoria,24266.0,24266.0,False,False,,,7.400000000001455,,,,0,0,0,Llenando ventana
2911,24,VNS,trayectoria,24266.0,24266.0,False,False,,,7.400000000001455,,,,0,0,0,Llenando ventana
2912,24,VNS,trayectoria,24266.0,24266.0,False,False,,,7.400000000001455,,,,0,0,0,Llenando ventana
2913,24,VNS,trayectoria,24266.0,24266.0,False,False,,,7.400000000001455,,,,0,0,0,Llenando ventana
2914,24,VNS,trayectoria,24266.0,24266.0,False,False,,,7.400000000001455,,,,0,0,0,Llenando ventana
2915,24,VNS,trayectoria,24266.0,24266.0,False,False,,,7.400000000001455,,,,0,0,0,Llenando ventana
2916,24,VNS,trayectoria,24266.0,24266.0,False,False,,,7.400000000001455,,,,0,0,0,Llenando ventana
2917,24,VNS,trayectoria,24266.0,24266.0,False,False,,,7.400000000001455,,,,0,0,0,Llenando ventana
2918,24,VNS,trayectoria,24266.0,24266.0,False,False,,,7.400000000001455,,,,0,0,0,Llenando ventana
2919,24,VNS,trayectoria,24266.0,24266.0,False,False,,,7.400000000001455,,,,0,0,0,Llenando ventana
2920,24,VNS,trayectoria,24266.0,24266.0,False,False,,,7.400000000001455,,,,0,0,0,Llenando ventana
2921,24,VNS,trayectoria,24266.0,24266.0,False,False,,,7.400000000001455,,,,0,0,0,Llenando ventana
2922,24,VNS,trayectoria,24266.0,24266.0,False,False,,,7.400000000001455,,,,0,0,0,Llenando ventana
2923,25,PSO,poblacional,24266.0,24266.0,False,False,,,,,,,0,0,0,Llenando ventana
2924,25,PSO,poblacional,24266.0,24266.0,False,False,,,,,,,0,0,0,Llenando ventana
2925,25,PSO,poblacional,24266.0,24266.0,False,False,,,,,,,0,0,0,Llenando ventana
2926,25,PSO,poblacional,24266.0,24266.0,False,False,,,,,,,0,0,0,Llenando ventana
2927,25,PSO,poblacional,24266.0,24266.0,False,False,,,,,,,0,0,0,Llenando ventana
2928,25,PSO,poblacional,24266.0,24266.0,False,False,,,,,,,0,0,0,Llenando ventana
2929,25,PSO,poblacional,24266.0,24266.0,False,False,,,,,,,0,0,0,Llenando ventana
2930,25,PSO,poblacional,24266.0,24266.0,False,False,,,,,,,0,0,0,Llenando ventana
2931,25,PSO,poblacional,24266.0,24266.0,False,False,,,,,,,0,0,0,Llenando ventana
2932,25,PSO,poblacional,24266.0,24266.0,False,False,,,,,,,0,0,0,Llenando ventana
2933,25,PSO,poblacional,24266.0,24266.0,False,False,,,,,,,0,0,0,Llenando ventana
2934,25,PSO,poblacional,24266.0,24266.0,False,False,,,,,,,0,0,0,Llenando ventana
2935,25,PSO,poblacional,24266.0,24266.0,False,False,,,,,,,0,0,0,Llenando ventana
2936,25,PSO,poblacional,24266.0,24266.0,False,False,,,,,,,0,0,0,Llenando ventana
2937,25,PSO,poblacional,24266.0,24266.0,False,False,,,,,,,0,0,0,Llenando ventana
2938,25,PSO,poblacional,24266.0,24266.0,False,False,,,,,,,0,0,0,Llenando ventana
2939,25,PSO,poblacional,24266.0,24266.0,False,False,,,,,,,0,0,0,Llenando ventana
2940,25,PSO,poblacional,24266.0,24266.0,False,False,,,,,,,0,0,0,Llenando ventana
2941,25,PSO,poblacional,24266.0,24266.0,False,False,,,,,,,0,0,0,Llenando ventana
2942,25,PSO,poblacional,24266.0,24266.0,False,False,,,,,,,0,0,0,Llenando ventana
2943,25,PSO,poblacional,24266.0,24266.0,False,False,,,,,,,0,0,0,Llenando ventana
2944,25,PSO,poblacional,24266.0,24266.0,False,False,,,,,,,0,0,0,Llenando ventana
2945,25,PSO,poblacional,24266.0,24266.0,False,False,,,,,,,0,0,0,Llenando ventana
2946,25,PSO,poblacional,24266.0,24266.0,False,False,,,,,,,0,0,0,Llenando ventana
2947,25,PSO,poblacional,24266.0,24266.0,False,False,,,,,,,0,0,0,Llenando ventana
2948,25,PSO,poblacional,24266.0,24266.0,False,False,,,,,,,0,0,0,Llenando ventana
2949,25,PSO,poblacional,24266.0,24266.0,False,False,,,,,,,0,0,0,Llenando ventana
2950,25,PSO,poblacional,24266.0,24266.0,False,False,,,,,,,0,0,0,Llenando ventana
2951,25,PSO,poblacional,24266.0,24266.0,False,False,,,,,,,0,0,0,Llenando ventana
2952,25,PSO,poblacional,24266.0,24266.0,False,False,,,,,,,0,0,0,Llenando ventana
2953,25,PSO,poblacional,24266.0,24266.0,False,False,,,,,,,0,0,0,Llenando ventana
2954,25,PSO,poblacional,24266.0,24266.0,False,False,,,,,,,0,0,0,Llenando ventana
2955,25,PSO,poblacional,24266.0,24266.0,False,False,,,,,,,0,0,0,Llenando ventana
2956,25,PSO,poblacional,24266.0,24266.0,False,False,,,,,,,0,0,0,Llenando ventana
2957,25,PSO,poblacional,24266.0,24266.0,False,False,,,,,,,0,0,0,Llenando ventana
2958,25,PSO,poblacional,24266.0,24266.0,False,False,,,,,,,0,0,0,Llenando ventana
2959,25,PSO,poblacional,24266.0,24266.0,False,False,,,,,,,0,0,0,Llenando ventana
2960,25,PSO,poblacional,24266.0,24266.0,False,False,,,,,,,0,0,0,Llenando ventana
2961,25,PSO,poblacional,24266.0,24266.0,False,False,,,,,,,0,0,0,Llenando ventana
2962,25,PSO,poblacional,24266.0,24266.0,False,False,,,,,,,0,0,0,Llenando ventana
2963,25,PSO,poblacional,24266.0,24266.0,False,False,,,,,,,0,0,0,Llenando ventana
2964,25,PSO,poblacional,24266.0,24266.0,False,False,,,,,,,0,0,0,Llenando ventana
2965,25,PSO,poblacional,24266.0,24266.0,False,False,,,,,,,0,0,0,Llenando ventana
2966,25,PSO,poblacional,24266.0,24266.0,False,False,,,,,,,0,0,0,Llenando ventana
2967,25,PSO,poblacional,24266.0,24266.0,False,False,,,,,,,0,0,0,Llenando ventana
2968,25,PSO,poblacional,24266.0,24266.0,False,False,,,,,,,0,0,0,Llenando ventana
2969,25,PSO,poblacional,24266.0,24266.0,False,False,,,,,,,0,0,0,Llenando ventana
2970,25,PSO,poblacional,24266.0,24266.0,False,False,,,,,,,0,0,0,Llenando ventana
2971,25,PSO,poblacional,24266.0,24266.0,False,False,,,,,,,0,0,0,Llenando ventana
2972,25,PSO,poblacional,24266.0,24266.0,False,False,,,,,,,0,0,0,Llenando ventana
2973,25,PSO,poblacional,24266.0,24266.0,False,False,,,,,,,0,0,0,Llenando ventana
2974,25,PSO,poblacional,24266.0,24266.0,False,False,,,,,,,0,0,0,Llenando ventana
2975,25,PSO,poblacional,24266.0,24266.0,False,False,,,,,,,0,0,0,Llenando ventana
2976,25,PSO,poblacional,24266.0,24266.0,False,False,,,,,,,0,0,0,Llenando ventana
2977,25,PSO,poblacional,24266.0,24266.0,False,False,,,,,,,0,0,0,Llenando ventana
2978,25,PSO,poblacional,24266.0,24266.0,False,False,,,,,,,0,0,0,Llenando ventana
2979,25,PSO,poblacional,24266.0,24266.0,False,False,,,,,,,0,0,0,Llenando ventana
2980,25,PSO,poblacional,24266.0,24266.0,False,False,,,,,,,0,0,0,Llenando ventana
2981,25,PSO,poblacional,24266.0,24266.0,False,False,,,,,,,0,0,0,Llenando ventana
2982,25,PSO,poblacional,24266.0,24266.0,False,False,,,,,,,0,0,0,Llenando ventana
2983,25,PSO,poblacional,24266.0,24266.0,False,False,,,,,,,0,0,0,Llenando ventana
2984,25,PSO,poblacional,24266.0,24266.0,False,False,,,,,,,0,0,0,Llenando ventana
2985,25,PSO,poblacional,24266.0,24266.0,False,False,,,,,,,0,0,0,Llenando ventana
2986,25,PSO,poblacional,24266.0,24266.0,False,False,,,,,,,0,0,0,Llenando ventana
2987,25,PSO,poblacional,24266.0,24266.0,False,False,,,,,,,0,0,0,Llenando ventana
2988,25,PSO,poblacional,24266.0,24266.0,False,False,,,,,,,0,0,0,Llenando ventana
2989,25,PSO,poblacional,24266.0,24266.0,False,False,,,,,,,0,0,0,Llenando ventana
2990,25,PSO,poblacional,24266.0,24266.0,False,False,,,,,,,0,0,0,Llenando ventana
2991,25,PSO,poblacional,24266.0,24266.0,False,False,,,,,,,0,0,0,Llenando ventana
2992,25,PSO,poblacional,24266.0,24266.0,False,False,,,,,,,0,0,0,Llenando ventana
2993,25,PSO,poblacional,24266.0,24266.0,False,False,,,,,,,0,0,0,Llenando ventana
2994,25,PSO,poblacional,24266.0,24266.0,False,False,,,,,,,0,0,0,Llenando ventana
2995,25,PSO,poblacional,24266.0,24266.0,False,False,,,,,,,0,0,0,Llenando ventana
2996,25,PSO,poblacional,24266.0,24266.0,False,False,,,,,,,0,0,0,Llenando ventana
2997,25,PSO,poblacional,24266.0,24266.0,False,False,,,7.400000000001455,,,,0,0,0,Llenando ventana
2998,25,PSO,poblacional,24266.0,24266.0,False,False,,,7.400000000001455,,,,0,0,0,Llenando ventana
2999,25,PSO,poblacional,24266.0,24266.0,False,False,,,7.400000000001455,,,,0,0,0,Llenando ventana
3000,25,PSO,poblacional,24266.0,24266.0,False,False,,,7.400000000001455,,,,0,0,0,Llenando ventana
3001,25,PSO,poblacional,24266.0,24266.0,False,False,,,7.400000000001455,,,,0,0,0,Llenando ventana
3002,25,PSO,poblacional,24266.0,24266.0,False,False,,,7.400000000001455,,,,0,0,0,Llenando ventana
3003,25,PSO,poblacional,24266.0,24266.0,False,False,,,7.400000000001455,,,,0,0,0,Llenando ventana
3004,25,PSO,poblacional,24266.0,24266.0,False,False,,,7.400000000001455,,,,0,0,0,Llenando ventana
3005,25,PSO,poblacional,24266.0,24266.0,False,False,,,7.400000000001455,,,,0,0,0,Llenando ventana
3006,25,PSO,poblacional,24266.0,24266.0,False,False,,,7.400000000001455,,,,0,0,0,Llenando ventana
3007,25,PSO,poblacional,24266.0,24266.0,False,False,,,7.400000000001455,,,,0,0,0,Llenando ventana
3008,25,PSO,poblacional,24266.0,24266.0,False,False,,,7.400000000001455,,,,0,0,0,Llenando ventana
3009,25,PSO,poblacional,24266.0,24266.0,False,False,,,7.400000000001455,,,,0,0,0,Llenando ventana
3010,25,PSO,poblacional,24266.0,24266.0,False,False,,,7.400000000001455,,,,0,0,0,Llenando ventana
3011,25,PSO,poblacional,24266.0,24266.0,False,False,,,7.400000000001455,,,,0,0,0,Llenando ventana
3012,25,PSO,poblacional,24266.0,24266.0,False,False,,,7.400000000001455,,,,0,0,0,Llenando ventana
3013,25,PSO,poblacional,24266.0,24266.0,False,False,,,7.400000000001455,,,,0,0,0,Llenando ventana
3014,25,PSO,poblacional,24266.0,24266.0,False,False,,,7.400000000001455,,,,0,0,0,Llenando ventana
3015,25,PSO,poblacional,24266.0,24266.0,False,False,,,7.400000000001455,,,,0,0,0,Llenando ventana
3016,25,PSO,poblacional,24266.0,24266.0,False,False,,,7.400000000001455,,,,0,0,0,Llenando ventana
3017,25,PSO,poblacional,24266.0,24266.0,False,False,,,7.400000000001455,,,,0,0,0,Llenando ventana
3018,25,PSO,poblacional,24266.0,24266.0,False,False,,,7.400000000001455,,,,0,0,0,Llenando ventana
3019,25,PSO,poblacional,24266.0,24266.0,False,False,,,7.400000000001455,,,,0,0,0,Llenando ventana
3020,25,PSO,poblacional,24266.0,24266.0,False,False,,,7.400000000001455,,,,0,0,0,Llenando ventana
3021,25,PSO,poblacional,24266.0,24266.0,False,False,,,7.400000000001455,,,,0,0,0,Llenando ventana
3022,25,PSO,poblacional,24266.0,24266.0,False,False,,,7.400000000001455,,,,0,0,0,Llenando ventana
3023,25,PSO,poblacional,24266.0,24266.0,False,False,,,7.400000000001455,,,,0,0,0,Llenando ventana
3024,25,PSO,poblacional,24266.0,24266.0,False,False,,,7.400000000001455,,,,0,0,0,Llenando ventana
3025,25,PSO,poblacional,24266.0,24266.0,False,False,,,7.400000000001455,,,,0,0,0,Llenando ventana
3026,25,PSO,poblacional,24266.0,24266.0,False,False,,,7.400000000001455,,,,0,0,0,Llenando ventana
3027,25,PSO,poblacional,24266.0,24266.0,False,False,,,7.400000000001455,,,,0,0,0,Llenando ventana
3028,25,PSO,poblacional,24266.0,24266.0,False,False,,,7.400000000001455,,,,0,0,0,Llenando ventana
3029,25,PSO,poblacional,24266.0,24266.0,False,False,,,7.400000000001455,,,,0,0,0,Llenando ventana
3030,25,PSO,poblacional,24266.0,24266.0,False,False,,,7.400000000001455,,,,0,0,0,Llenando ventana
